2024-09-17 13:59:00.040 [info] Extension host with pid 1144 started
2024-09-17 13:59:00.040 [info] Skipping acquiring lock for /home/arch/.config/VSCodium/User/workspaceStorage/ab714463de1229cb295ff608726017ab.
2024-09-17 13:59:00.143 [info] ExtensionService#_doActivateExtension vscode.emmet, startup: false, activationEvent: 'onLanguage'
2024-09-17 13:59:00.150 [info] ExtensionService#_doActivateExtension rust-lang.rust-analyzer, startup: false, activationEvent: 'onLanguage:rust'
2024-09-17 13:59:00.402 [info] ExtensionService#_doActivateExtension vscode.git-base, startup: true, activationEvent: '*', root cause: vscode.git
2024-09-17 13:59:00.404 [info] ExtensionService#_doActivateExtension oderwat.indent-rainbow, startup: true, activationEvent: '*'
2024-09-17 13:59:00.435 [info] ExtensionService#_doActivateExtension vscode.git, startup: true, activationEvent: '*'
2024-09-17 13:59:00.456 [info] ExtensionService#_doActivateExtension vscode.github, startup: true, activationEvent: '*'
2024-09-17 13:59:00.484 [info] Eager extensions activated
2024-09-17 13:59:00.513 [info] ExtensionService#_doActivateExtension vscode.debug-auto-launch, startup: false, activationEvent: 'onStartupFinished'
2024-09-17 13:59:00.515 [info] ExtensionService#_doActivateExtension vscode.merge-conflict, startup: false, activationEvent: 'onStartupFinished'
2024-09-17 13:59:00.518 [info] ExtensionService#_doActivateExtension equinusocio.vsc-material-theme-icons, startup: false, activationEvent: 'onStartupFinished'
2024-09-17 13:59:00.549 [info] ExtensionService#_doActivateExtension vscodevim.vim, startup: false, activationEvent: 'onStartupFinished'
2024-09-17 13:59:01.660 [error] Error: No such branch: master.
	at N.getBranch (/opt/vscodium-bin/resources/app/extensions/git/dist/main.js:2:937064)
	at async T.retryRun (/opt/vscodium-bin/resources/app/extensions/git/dist/main.js:2:1032765)
	at async T.run (/opt/vscodium-bin/resources/app/extensions/git/dist/main.js:2:1032369)
	at async T.getBranch (/opt/vscodium-bin/resources/app/extensions/git/dist/main.js:2:1020512)
	at async T.getBranchBase (/opt/vscodium-bin/resources/app/extensions/git/dist/main.js:2:1020798)
	at async t.GitHistoryProvider.resolveHEADMergeBase (/opt/vscodium-bin/resources/app/extensions/git/dist/main.js:2:948359)
	at async t.GitHistoryProvider.onDidRunGitStatus (/opt/vscodium-bin/resources/app/extensions/git/dist/main.js:2:941686)
2024-09-17 13:59:01.681 [error] Error: No such branch: master.
	at N.getBranch (/opt/vscodium-bin/resources/app/extensions/git/dist/main.js:2:937064)
	at async T.retryRun (/opt/vscodium-bin/resources/app/extensions/git/dist/main.js:2:1032765)
	at async T.run (/opt/vscodium-bin/resources/app/extensions/git/dist/main.js:2:1032369)
	at async T.getBranch (/opt/vscodium-bin/resources/app/extensions/git/dist/main.js:2:1020512)
	at async T.getBranchBase (/opt/vscodium-bin/resources/app/extensions/git/dist/main.js:2:1020798)
	at async t.GitHistoryProvider.resolveHEADMergeBase (/opt/vscodium-bin/resources/app/extensions/git/dist/main.js:2:948359)
	at async t.GitHistoryProvider.onDidRunGitStatus (/opt/vscodium-bin/resources/app/extensions/git/dist/main.js:2:941686)
2024-09-17 13:59:03.875 [error] Error: No such branch: master.
	at N.getBranch (/opt/vscodium-bin/resources/app/extensions/git/dist/main.js:2:937064)
	at async T.retryRun (/opt/vscodium-bin/resources/app/extensions/git/dist/main.js:2:1032765)
	at async T.run (/opt/vscodium-bin/resources/app/extensions/git/dist/main.js:2:1032369)
	at async T.getBranch (/opt/vscodium-bin/resources/app/extensions/git/dist/main.js:2:1020512)
	at async T.getBranchBase (/opt/vscodium-bin/resources/app/extensions/git/dist/main.js:2:1020798)
	at async t.GitHistoryProvider.resolveHEADMergeBase (/opt/vscodium-bin/resources/app/extensions/git/dist/main.js:2:948359)
	at async t.GitHistoryProvider.onDidRunGitStatus (/opt/vscodium-bin/resources/app/extensions/git/dist/main.js:2:941686)
2024-09-17 14:00:52.354 [error] Error: No such branch: master.
	at N.getBranch (/opt/vscodium-bin/resources/app/extensions/git/dist/main.js:2:937064)
	at async T.retryRun (/opt/vscodium-bin/resources/app/extensions/git/dist/main.js:2:1032765)
	at async T.run (/opt/vscodium-bin/resources/app/extensions/git/dist/main.js:2:1032369)
	at async T.getBranch (/opt/vscodium-bin/resources/app/extensions/git/dist/main.js:2:1020512)
	at async T.getBranchBase (/opt/vscodium-bin/resources/app/extensions/git/dist/main.js:2:1020798)
	at async t.GitHistoryProvider.resolveHEADMergeBase (/opt/vscodium-bin/resources/app/extensions/git/dist/main.js:2:948359)
	at async t.GitHistoryProvider.onDidRunGitStatus (/opt/vscodium-bin/resources/app/extensions/git/dist/main.js:2:941686)
2024-09-17 14:00:57.377 [error] Error: No such branch: master.
	at N.getBranch (/opt/vscodium-bin/resources/app/extensions/git/dist/main.js:2:937064)
	at async T.retryRun (/opt/vscodium-bin/resources/app/extensions/git/dist/main.js:2:1032765)
	at async T.run (/opt/vscodium-bin/resources/app/extensions/git/dist/main.js:2:1032369)
	at async T.getBranch (/opt/vscodium-bin/resources/app/extensions/git/dist/main.js:2:1020512)
	at async T.getBranchBase (/opt/vscodium-bin/resources/app/extensions/git/dist/main.js:2:1020798)
	at async t.GitHistoryProvider.resolveHEADMergeBase (/opt/vscodium-bin/resources/app/extensions/git/dist/main.js:2:948359)
	at async t.GitHistoryProvider.onDidRunGitStatus (/opt/vscodium-bin/resources/app/extensions/git/dist/main.js:2:941686)
2024-09-17 14:01:04.127 [error] Error: No such branch: master.
	at N.getBranch (/opt/vscodium-bin/resources/app/extensions/git/dist/main.js:2:937064)
	at async T.retryRun (/opt/vscodium-bin/resources/app/extensions/git/dist/main.js:2:1032765)
	at async T.run (/opt/vscodium-bin/resources/app/extensions/git/dist/main.js:2:1032369)
	at async T.getBranch (/opt/vscodium-bin/resources/app/extensions/git/dist/main.js:2:1020512)
	at async T.getBranchBase (/opt/vscodium-bin/resources/app/extensions/git/dist/main.js:2:1020798)
	at async t.GitHistoryProvider.resolveHEADMergeBase (/opt/vscodium-bin/resources/app/extensions/git/dist/main.js:2:948359)
	at async t.GitHistoryProvider.onDidRunGitStatus (/opt/vscodium-bin/resources/app/extensions/git/dist/main.js:2:941686)
2024-09-17 14:01:09.145 [error] Error: No such branch: master.
	at N.getBranch (/opt/vscodium-bin/resources/app/extensions/git/dist/main.js:2:937064)
	at async T.retryRun (/opt/vscodium-bin/resources/app/extensions/git/dist/main.js:2:1032765)
	at async T.run (/opt/vscodium-bin/resources/app/extensions/git/dist/main.js:2:1032369)
	at async T.getBranch (/opt/vscodium-bin/resources/app/extensions/git/dist/main.js:2:1020512)
	at async T.getBranchBase (/opt/vscodium-bin/resources/app/extensions/git/dist/main.js:2:1020798)
	at async t.GitHistoryProvider.resolveHEADMergeBase (/opt/vscodium-bin/resources/app/extensions/git/dist/main.js:2:948359)
	at async t.GitHistoryProvider.onDidRunGitStatus (/opt/vscodium-bin/resources/app/extensions/git/dist/main.js:2:941686)
2024-09-17 14:01:48.108 [error] Error: No such branch: master.
	at N.getBranch (/opt/vscodium-bin/resources/app/extensions/git/dist/main.js:2:937064)
	at async T.retryRun (/opt/vscodium-bin/resources/app/extensions/git/dist/main.js:2:1032765)
	at async T.run (/opt/vscodium-bin/resources/app/extensions/git/dist/main.js:2:1032369)
	at async T.getBranch (/opt/vscodium-bin/resources/app/extensions/git/dist/main.js:2:1020512)
	at async T.getBranchBase (/opt/vscodium-bin/resources/app/extensions/git/dist/main.js:2:1020798)
	at async t.GitHistoryProvider.resolveHEADMergeBase (/opt/vscodium-bin/resources/app/extensions/git/dist/main.js:2:948359)
	at async t.GitHistoryProvider.onDidRunGitStatus (/opt/vscodium-bin/resources/app/extensions/git/dist/main.js:2:941686)
2024-09-17 14:01:56.790 [error] Error: No such branch: master.
	at N.getBranch (/opt/vscodium-bin/resources/app/extensions/git/dist/main.js:2:937064)
	at async T.retryRun (/opt/vscodium-bin/resources/app/extensions/git/dist/main.js:2:1032765)
	at async T.run (/opt/vscodium-bin/resources/app/extensions/git/dist/main.js:2:1032369)
	at async T.getBranch (/opt/vscodium-bin/resources/app/extensions/git/dist/main.js:2:1020512)
	at async T.getBranchBase (/opt/vscodium-bin/resources/app/extensions/git/dist/main.js:2:1020798)
	at async t.GitHistoryProvider.resolveHEADMergeBase (/opt/vscodium-bin/resources/app/extensions/git/dist/main.js:2:948359)
	at async t.GitHistoryProvider.onDidRunGitStatus (/opt/vscodium-bin/resources/app/extensions/git/dist/main.js:2:941686)
2024-09-17 14:03:06.611 [error] Error: INVALID code lens resolved, lacks command: rust-lang.rust-analyzer
	at c.resolveCodeLens (/opt/vscodium-bin/resources/app/out/vs/workbench/api/node/extensionHostProcess.js:161:119835)
2024-09-17 14:06:12.738 [error] Error: INVALID code lens resolved, lacks command: rust-lang.rust-analyzer
	at c.resolveCodeLens (/opt/vscodium-bin/resources/app/out/vs/workbench/api/node/extensionHostProcess.js:161:119835)
2024-09-17 14:08:29.596 [error] Error: No such branch: master.
	at N.getBranch (/opt/vscodium-bin/resources/app/extensions/git/dist/main.js:2:937064)
	at async T.retryRun (/opt/vscodium-bin/resources/app/extensions/git/dist/main.js:2:1032765)
	at async T.run (/opt/vscodium-bin/resources/app/extensions/git/dist/main.js:2:1032369)
	at async T.getBranch (/opt/vscodium-bin/resources/app/extensions/git/dist/main.js:2:1020512)
	at async T.getBranchBase (/opt/vscodium-bin/resources/app/extensions/git/dist/main.js:2:1020798)
	at async t.GitHistoryProvider.resolveHEADMergeBase (/opt/vscodium-bin/resources/app/extensions/git/dist/main.js:2:948359)
	at async t.GitHistoryProvider.onDidRunGitStatus (/opt/vscodium-bin/resources/app/extensions/git/dist/main.js:2:941686)
2024-09-17 14:10:33.324 [error] Error: No such branch: master.
	at N.getBranch (/opt/vscodium-bin/resources/app/extensions/git/dist/main.js:2:937064)
	at async T.retryRun (/opt/vscodium-bin/resources/app/extensions/git/dist/main.js:2:1032765)
	at async T.run (/opt/vscodium-bin/resources/app/extensions/git/dist/main.js:2:1032369)
	at async T.getBranch (/opt/vscodium-bin/resources/app/extensions/git/dist/main.js:2:1020512)
	at async T.getBranchBase (/opt/vscodium-bin/resources/app/extensions/git/dist/main.js:2:1020798)
	at async t.GitHistoryProvider.resolveHEADMergeBase (/opt/vscodium-bin/resources/app/extensions/git/dist/main.js:2:948359)
	at async t.GitHistoryProvider.onDidRunGitStatus (/opt/vscodium-bin/resources/app/extensions/git/dist/main.js:2:941686)
2024-09-17 14:12:40.393 [error] Error: No such branch: master.
	at N.getBranch (/opt/vscodium-bin/resources/app/extensions/git/dist/main.js:2:937064)
	at async T.retryRun (/opt/vscodium-bin/resources/app/extensions/git/dist/main.js:2:1032765)
	at async T.run (/opt/vscodium-bin/resources/app/extensions/git/dist/main.js:2:1032369)
	at async T.getBranch (/opt/vscodium-bin/resources/app/extensions/git/dist/main.js:2:1020512)
	at async T.getBranchBase (/opt/vscodium-bin/resources/app/extensions/git/dist/main.js:2:1020798)
	at async t.GitHistoryProvider.resolveHEADMergeBase (/opt/vscodium-bin/resources/app/extensions/git/dist/main.js:2:948359)
	at async t.GitHistoryProvider.onDidRunGitStatus (/opt/vscodium-bin/resources/app/extensions/git/dist/main.js:2:941686)
2024-09-17 14:12:52.217 [error] Error: No such branch: master.
	at N.getBranch (/opt/vscodium-bin/resources/app/extensions/git/dist/main.js:2:937064)
	at process.processTicksAndRejections (node:internal/process/task_queues:95:5)
	at async T.retryRun (/opt/vscodium-bin/resources/app/extensions/git/dist/main.js:2:1032765)
	at async T.run (/opt/vscodium-bin/resources/app/extensions/git/dist/main.js:2:1032369)
	at async T.getBranch (/opt/vscodium-bin/resources/app/extensions/git/dist/main.js:2:1020512)
	at async T.getBranchBase (/opt/vscodium-bin/resources/app/extensions/git/dist/main.js:2:1020798)
	at async t.GitHistoryProvider.resolveHEADMergeBase (/opt/vscodium-bin/resources/app/extensions/git/dist/main.js:2:948359)
	at async t.GitHistoryProvider.onDidRunGitStatus (/opt/vscodium-bin/resources/app/extensions/git/dist/main.js:2:941686)
2024-09-17 14:14:03.623 [error] Error: No such branch: master.
	at N.getBranch (/opt/vscodium-bin/resources/app/extensions/git/dist/main.js:2:937064)
	at async T.retryRun (/opt/vscodium-bin/resources/app/extensions/git/dist/main.js:2:1032765)
	at async T.run (/opt/vscodium-bin/resources/app/extensions/git/dist/main.js:2:1032369)
	at async T.getBranch (/opt/vscodium-bin/resources/app/extensions/git/dist/main.js:2:1020512)
	at async T.getBranchBase (/opt/vscodium-bin/resources/app/extensions/git/dist/main.js:2:1020798)
	at async t.GitHistoryProvider.resolveHEADMergeBase (/opt/vscodium-bin/resources/app/extensions/git/dist/main.js:2:948359)
	at async t.GitHistoryProvider.onDidRunGitStatus (/opt/vscodium-bin/resources/app/extensions/git/dist/main.js:2:941686)
2024-09-17 14:15:50.779 [error] Error: No such branch: master.
	at N.getBranch (/opt/vscodium-bin/resources/app/extensions/git/dist/main.js:2:937064)
	at async T.retryRun (/opt/vscodium-bin/resources/app/extensions/git/dist/main.js:2:1032765)
	at async T.run (/opt/vscodium-bin/resources/app/extensions/git/dist/main.js:2:1032369)
	at async T.getBranch (/opt/vscodium-bin/resources/app/extensions/git/dist/main.js:2:1020512)
	at async T.getBranchBase (/opt/vscodium-bin/resources/app/extensions/git/dist/main.js:2:1020798)
	at async t.GitHistoryProvider.resolveHEADMergeBase (/opt/vscodium-bin/resources/app/extensions/git/dist/main.js:2:948359)
	at async t.GitHistoryProvider.onDidRunGitStatus (/opt/vscodium-bin/resources/app/extensions/git/dist/main.js:2:941686)
2024-09-17 14:16:05.131 [error] Error: No such branch: master.
	at N.getBranch (/opt/vscodium-bin/resources/app/extensions/git/dist/main.js:2:937064)
	at async T.retryRun (/opt/vscodium-bin/resources/app/extensions/git/dist/main.js:2:1032765)
	at async T.run (/opt/vscodium-bin/resources/app/extensions/git/dist/main.js:2:1032369)
	at async T.getBranch (/opt/vscodium-bin/resources/app/extensions/git/dist/main.js:2:1020512)
	at async T.getBranchBase (/opt/vscodium-bin/resources/app/extensions/git/dist/main.js:2:1020798)
	at async t.GitHistoryProvider.resolveHEADMergeBase (/opt/vscodium-bin/resources/app/extensions/git/dist/main.js:2:948359)
	at async t.GitHistoryProvider.onDidRunGitStatus (/opt/vscodium-bin/resources/app/extensions/git/dist/main.js:2:941686)
2024-09-17 14:16:24.141 [error] Error: No such branch: master.
	at N.getBranch (/opt/vscodium-bin/resources/app/extensions/git/dist/main.js:2:937064)
	at async T.retryRun (/opt/vscodium-bin/resources/app/extensions/git/dist/main.js:2:1032765)
	at async T.run (/opt/vscodium-bin/resources/app/extensions/git/dist/main.js:2:1032369)
	at async T.getBranch (/opt/vscodium-bin/resources/app/extensions/git/dist/main.js:2:1020512)
	at async T.getBranchBase (/opt/vscodium-bin/resources/app/extensions/git/dist/main.js:2:1020798)
	at async t.GitHistoryProvider.resolveHEADMergeBase (/opt/vscodium-bin/resources/app/extensions/git/dist/main.js:2:948359)
	at async t.GitHistoryProvider.onDidRunGitStatus (/opt/vscodium-bin/resources/app/extensions/git/dist/main.js:2:941686)
2024-09-17 14:17:03.108 [error] Error: No such branch: master.
	at N.getBranch (/opt/vscodium-bin/resources/app/extensions/git/dist/main.js:2:937064)
	at async T.retryRun (/opt/vscodium-bin/resources/app/extensions/git/dist/main.js:2:1032765)
	at async T.run (/opt/vscodium-bin/resources/app/extensions/git/dist/main.js:2:1032369)
	at async T.getBranch (/opt/vscodium-bin/resources/app/extensions/git/dist/main.js:2:1020512)
	at async T.getBranchBase (/opt/vscodium-bin/resources/app/extensions/git/dist/main.js:2:1020798)
	at async t.GitHistoryProvider.resolveHEADMergeBase (/opt/vscodium-bin/resources/app/extensions/git/dist/main.js:2:948359)
	at async t.GitHistoryProvider.onDidRunGitStatus (/opt/vscodium-bin/resources/app/extensions/git/dist/main.js:2:941686)
2024-09-17 14:19:52.652 [error] Error: No such branch: master.
	at N.getBranch (/opt/vscodium-bin/resources/app/extensions/git/dist/main.js:2:937064)
	at async T.retryRun (/opt/vscodium-bin/resources/app/extensions/git/dist/main.js:2:1032765)
	at async T.run (/opt/vscodium-bin/resources/app/extensions/git/dist/main.js:2:1032369)
	at async T.getBranch (/opt/vscodium-bin/resources/app/extensions/git/dist/main.js:2:1020512)
	at async T.getBranchBase (/opt/vscodium-bin/resources/app/extensions/git/dist/main.js:2:1020798)
	at async t.GitHistoryProvider.resolveHEADMergeBase (/opt/vscodium-bin/resources/app/extensions/git/dist/main.js:2:948359)
	at async t.GitHistoryProvider.onDidRunGitStatus (/opt/vscodium-bin/resources/app/extensions/git/dist/main.js:2:941686)
2024-09-17 14:20:31.434 [error] Error: No such branch: master.
	at N.getBranch (/opt/vscodium-bin/resources/app/extensions/git/dist/main.js:2:937064)
	at async T.retryRun (/opt/vscodium-bin/resources/app/extensions/git/dist/main.js:2:1032765)
	at async T.run (/opt/vscodium-bin/resources/app/extensions/git/dist/main.js:2:1032369)
	at async T.getBranch (/opt/vscodium-bin/resources/app/extensions/git/dist/main.js:2:1020512)
	at async T.getBranchBase (/opt/vscodium-bin/resources/app/extensions/git/dist/main.js:2:1020798)
	at async t.GitHistoryProvider.resolveHEADMergeBase (/opt/vscodium-bin/resources/app/extensions/git/dist/main.js:2:948359)
	at async t.GitHistoryProvider.onDidRunGitStatus (/opt/vscodium-bin/resources/app/extensions/git/dist/main.js:2:941686)
2024-09-17 14:22:02.442 [error] Error: No such branch: master.
	at N.getBranch (/opt/vscodium-bin/resources/app/extensions/git/dist/main.js:2:937064)
	at async T.retryRun (/opt/vscodium-bin/resources/app/extensions/git/dist/main.js:2:1032765)
	at async T.run (/opt/vscodium-bin/resources/app/extensions/git/dist/main.js:2:1032369)
	at async T.getBranch (/opt/vscodium-bin/resources/app/extensions/git/dist/main.js:2:1020512)
	at async T.getBranchBase (/opt/vscodium-bin/resources/app/extensions/git/dist/main.js:2:1020798)
	at async t.GitHistoryProvider.resolveHEADMergeBase (/opt/vscodium-bin/resources/app/extensions/git/dist/main.js:2:948359)
	at async t.GitHistoryProvider.onDidRunGitStatus (/opt/vscodium-bin/resources/app/extensions/git/dist/main.js:2:941686)
2024-09-17 14:22:16.057 [error] Error: No such branch: master.
	at N.getBranch (/opt/vscodium-bin/resources/app/extensions/git/dist/main.js:2:937064)
	at async T.retryRun (/opt/vscodium-bin/resources/app/extensions/git/dist/main.js:2:1032765)
	at async T.run (/opt/vscodium-bin/resources/app/extensions/git/dist/main.js:2:1032369)
	at async T.getBranch (/opt/vscodium-bin/resources/app/extensions/git/dist/main.js:2:1020512)
	at async T.getBranchBase (/opt/vscodium-bin/resources/app/extensions/git/dist/main.js:2:1020798)
	at async t.GitHistoryProvider.resolveHEADMergeBase (/opt/vscodium-bin/resources/app/extensions/git/dist/main.js:2:948359)
	at async t.GitHistoryProvider.onDidRunGitStatus (/opt/vscodium-bin/resources/app/extensions/git/dist/main.js:2:941686)
2024-09-17 14:22:31.110 [error] Error: No such branch: master.
	at N.getBranch (/opt/vscodium-bin/resources/app/extensions/git/dist/main.js:2:937064)
	at async T.retryRun (/opt/vscodium-bin/resources/app/extensions/git/dist/main.js:2:1032765)
	at async T.run (/opt/vscodium-bin/resources/app/extensions/git/dist/main.js:2:1032369)
	at async T.getBranch (/opt/vscodium-bin/resources/app/extensions/git/dist/main.js:2:1020512)
	at async T.getBranchBase (/opt/vscodium-bin/resources/app/extensions/git/dist/main.js:2:1020798)
	at async t.GitHistoryProvider.resolveHEADMergeBase (/opt/vscodium-bin/resources/app/extensions/git/dist/main.js:2:948359)
	at async t.GitHistoryProvider.onDidRunGitStatus (/opt/vscodium-bin/resources/app/extensions/git/dist/main.js:2:941686)
2024-09-17 14:22:41.363 [info] ExtensionService#_doActivateExtension vscode.npm, startup: false, activationEvent: 'onTerminalQuickFixRequest:ms-vscode.npm-command'
2024-09-17 14:22:43.489 [error] Error: No such branch: master.
	at N.getBranch (/opt/vscodium-bin/resources/app/extensions/git/dist/main.js:2:937064)
	at async T.retryRun (/opt/vscodium-bin/resources/app/extensions/git/dist/main.js:2:1032765)
	at async T.run (/opt/vscodium-bin/resources/app/extensions/git/dist/main.js:2:1032369)
	at async T.getBranch (/opt/vscodium-bin/resources/app/extensions/git/dist/main.js:2:1020512)
	at async T.getBranchBase (/opt/vscodium-bin/resources/app/extensions/git/dist/main.js:2:1020798)
	at async t.GitHistoryProvider.resolveHEADMergeBase (/opt/vscodium-bin/resources/app/extensions/git/dist/main.js:2:948359)
	at async t.GitHistoryProvider.onDidRunGitStatus (/opt/vscodium-bin/resources/app/extensions/git/dist/main.js:2:941686)
2024-09-17 14:27:45.502 [error] Error: No such branch: master.
	at N.getBranch (/opt/vscodium-bin/resources/app/extensions/git/dist/main.js:2:937064)
	at async T.retryRun (/opt/vscodium-bin/resources/app/extensions/git/dist/main.js:2:1032765)
	at async T.run (/opt/vscodium-bin/resources/app/extensions/git/dist/main.js:2:1032369)
	at async T.getBranch (/opt/vscodium-bin/resources/app/extensions/git/dist/main.js:2:1020512)
	at async T.getBranchBase (/opt/vscodium-bin/resources/app/extensions/git/dist/main.js:2:1020798)
	at async t.GitHistoryProvider.resolveHEADMergeBase (/opt/vscodium-bin/resources/app/extensions/git/dist/main.js:2:948359)
	at async t.GitHistoryProvider.onDidRunGitStatus (/opt/vscodium-bin/resources/app/extensions/git/dist/main.js:2:941686)
2024-09-17 14:29:10.402 [error] Error: No such branch: master.
	at N.getBranch (/opt/vscodium-bin/resources/app/extensions/git/dist/main.js:2:937064)
	at async T.retryRun (/opt/vscodium-bin/resources/app/extensions/git/dist/main.js:2:1032765)
	at async T.run (/opt/vscodium-bin/resources/app/extensions/git/dist/main.js:2:1032369)
	at async T.getBranch (/opt/vscodium-bin/resources/app/extensions/git/dist/main.js:2:1020512)
	at async T.getBranchBase (/opt/vscodium-bin/resources/app/extensions/git/dist/main.js:2:1020798)
	at async t.GitHistoryProvider.resolveHEADMergeBase (/opt/vscodium-bin/resources/app/extensions/git/dist/main.js:2:948359)
	at async t.GitHistoryProvider.onDidRunGitStatus (/opt/vscodium-bin/resources/app/extensions/git/dist/main.js:2:941686)
2024-09-17 14:29:21.619 [error] Error: No such branch: master.
	at N.getBranch (/opt/vscodium-bin/resources/app/extensions/git/dist/main.js:2:937064)
	at async T.retryRun (/opt/vscodium-bin/resources/app/extensions/git/dist/main.js:2:1032765)
	at async T.run (/opt/vscodium-bin/resources/app/extensions/git/dist/main.js:2:1032369)
	at async T.getBranch (/opt/vscodium-bin/resources/app/extensions/git/dist/main.js:2:1020512)
	at async T.getBranchBase (/opt/vscodium-bin/resources/app/extensions/git/dist/main.js:2:1020798)
	at async t.GitHistoryProvider.resolveHEADMergeBase (/opt/vscodium-bin/resources/app/extensions/git/dist/main.js:2:948359)
	at async t.GitHistoryProvider.onDidRunGitStatus (/opt/vscodium-bin/resources/app/extensions/git/dist/main.js:2:941686)
2024-09-17 14:29:34.128 [error] Error: No such branch: master.
	at N.getBranch (/opt/vscodium-bin/resources/app/extensions/git/dist/main.js:2:937064)
	at async T.retryRun (/opt/vscodium-bin/resources/app/extensions/git/dist/main.js:2:1032765)
	at async T.run (/opt/vscodium-bin/resources/app/extensions/git/dist/main.js:2:1032369)
	at async T.getBranch (/opt/vscodium-bin/resources/app/extensions/git/dist/main.js:2:1020512)
	at async T.getBranchBase (/opt/vscodium-bin/resources/app/extensions/git/dist/main.js:2:1020798)
	at async t.GitHistoryProvider.resolveHEADMergeBase (/opt/vscodium-bin/resources/app/extensions/git/dist/main.js:2:948359)
	at async t.GitHistoryProvider.onDidRunGitStatus (/opt/vscodium-bin/resources/app/extensions/git/dist/main.js:2:941686)
2024-09-17 14:31:06.891 [error] Error: No such branch: master.
	at N.getBranch (/opt/vscodium-bin/resources/app/extensions/git/dist/main.js:2:937064)
	at async T.retryRun (/opt/vscodium-bin/resources/app/extensions/git/dist/main.js:2:1032765)
	at async T.run (/opt/vscodium-bin/resources/app/extensions/git/dist/main.js:2:1032369)
	at async T.getBranch (/opt/vscodium-bin/resources/app/extensions/git/dist/main.js:2:1020512)
	at async T.getBranchBase (/opt/vscodium-bin/resources/app/extensions/git/dist/main.js:2:1020798)
	at async t.GitHistoryProvider.resolveHEADMergeBase (/opt/vscodium-bin/resources/app/extensions/git/dist/main.js:2:948359)
	at async t.GitHistoryProvider.onDidRunGitStatus (/opt/vscodium-bin/resources/app/extensions/git/dist/main.js:2:941686)
2024-09-17 14:31:29.903 [error] Error: No such branch: master.
	at N.getBranch (/opt/vscodium-bin/resources/app/extensions/git/dist/main.js:2:937064)
	at async T.retryRun (/opt/vscodium-bin/resources/app/extensions/git/dist/main.js:2:1032765)
	at async T.run (/opt/vscodium-bin/resources/app/extensions/git/dist/main.js:2:1032369)
	at async T.getBranch (/opt/vscodium-bin/resources/app/extensions/git/dist/main.js:2:1020512)
	at async T.getBranchBase (/opt/vscodium-bin/resources/app/extensions/git/dist/main.js:2:1020798)
	at async t.GitHistoryProvider.resolveHEADMergeBase (/opt/vscodium-bin/resources/app/extensions/git/dist/main.js:2:948359)
	at async t.GitHistoryProvider.onDidRunGitStatus (/opt/vscodium-bin/resources/app/extensions/git/dist/main.js:2:941686)
2024-09-17 14:31:37.228 [error] Error: No such branch: master.
	at N.getBranch (/opt/vscodium-bin/resources/app/extensions/git/dist/main.js:2:937064)
	at async T.retryRun (/opt/vscodium-bin/resources/app/extensions/git/dist/main.js:2:1032765)
	at async T.run (/opt/vscodium-bin/resources/app/extensions/git/dist/main.js:2:1032369)
	at async T.getBranch (/opt/vscodium-bin/resources/app/extensions/git/dist/main.js:2:1020512)
	at async T.getBranchBase (/opt/vscodium-bin/resources/app/extensions/git/dist/main.js:2:1020798)
	at async t.GitHistoryProvider.resolveHEADMergeBase (/opt/vscodium-bin/resources/app/extensions/git/dist/main.js:2:948359)
	at async t.GitHistoryProvider.onDidRunGitStatus (/opt/vscodium-bin/resources/app/extensions/git/dist/main.js:2:941686)
2024-09-17 14:31:42.246 [error] Error: No such branch: master.
	at N.getBranch (/opt/vscodium-bin/resources/app/extensions/git/dist/main.js:2:937064)
	at async T.retryRun (/opt/vscodium-bin/resources/app/extensions/git/dist/main.js:2:1032765)
	at async T.run (/opt/vscodium-bin/resources/app/extensions/git/dist/main.js:2:1032369)
	at async T.getBranch (/opt/vscodium-bin/resources/app/extensions/git/dist/main.js:2:1020512)
	at async T.getBranchBase (/opt/vscodium-bin/resources/app/extensions/git/dist/main.js:2:1020798)
	at async t.GitHistoryProvider.resolveHEADMergeBase (/opt/vscodium-bin/resources/app/extensions/git/dist/main.js:2:948359)
	at async t.GitHistoryProvider.onDidRunGitStatus (/opt/vscodium-bin/resources/app/extensions/git/dist/main.js:2:941686)
2024-09-17 14:34:49.749 [error] Error: No such branch: master.
	at N.getBranch (/opt/vscodium-bin/resources/app/extensions/git/dist/main.js:2:937064)
	at async T.retryRun (/opt/vscodium-bin/resources/app/extensions/git/dist/main.js:2:1032765)
	at async T.run (/opt/vscodium-bin/resources/app/extensions/git/dist/main.js:2:1032369)
	at async T.getBranch (/opt/vscodium-bin/resources/app/extensions/git/dist/main.js:2:1020512)
	at async T.getBranchBase (/opt/vscodium-bin/resources/app/extensions/git/dist/main.js:2:1020798)
	at async t.GitHistoryProvider.resolveHEADMergeBase (/opt/vscodium-bin/resources/app/extensions/git/dist/main.js:2:948359)
	at async t.GitHistoryProvider.onDidRunGitStatus (/opt/vscodium-bin/resources/app/extensions/git/dist/main.js:2:941686)
2024-09-17 14:34:57.176 [error] Error: No such branch: master.
	at N.getBranch (/opt/vscodium-bin/resources/app/extensions/git/dist/main.js:2:937064)
	at async T.retryRun (/opt/vscodium-bin/resources/app/extensions/git/dist/main.js:2:1032765)
	at async T.run (/opt/vscodium-bin/resources/app/extensions/git/dist/main.js:2:1032369)
	at async T.getBranch (/opt/vscodium-bin/resources/app/extensions/git/dist/main.js:2:1020512)
	at async T.getBranchBase (/opt/vscodium-bin/resources/app/extensions/git/dist/main.js:2:1020798)
	at async t.GitHistoryProvider.resolveHEADMergeBase (/opt/vscodium-bin/resources/app/extensions/git/dist/main.js:2:948359)
	at async t.GitHistoryProvider.onDidRunGitStatus (/opt/vscodium-bin/resources/app/extensions/git/dist/main.js:2:941686)
2024-09-17 14:35:02.195 [error] Error: No such branch: master.
	at N.getBranch (/opt/vscodium-bin/resources/app/extensions/git/dist/main.js:2:937064)
	at async T.retryRun (/opt/vscodium-bin/resources/app/extensions/git/dist/main.js:2:1032765)
	at async T.run (/opt/vscodium-bin/resources/app/extensions/git/dist/main.js:2:1032369)
	at async T.getBranch (/opt/vscodium-bin/resources/app/extensions/git/dist/main.js:2:1020512)
	at async T.getBranchBase (/opt/vscodium-bin/resources/app/extensions/git/dist/main.js:2:1020798)
	at async t.GitHistoryProvider.resolveHEADMergeBase (/opt/vscodium-bin/resources/app/extensions/git/dist/main.js:2:948359)
	at async t.GitHistoryProvider.onDidRunGitStatus (/opt/vscodium-bin/resources/app/extensions/git/dist/main.js:2:941686)
2024-09-17 14:35:11.406 [error] Error: No such branch: master.
	at N.getBranch (/opt/vscodium-bin/resources/app/extensions/git/dist/main.js:2:937064)
	at async T.retryRun (/opt/vscodium-bin/resources/app/extensions/git/dist/main.js:2:1032765)
	at async T.run (/opt/vscodium-bin/resources/app/extensions/git/dist/main.js:2:1032369)
	at async T.getBranch (/opt/vscodium-bin/resources/app/extensions/git/dist/main.js:2:1020512)
	at async T.getBranchBase (/opt/vscodium-bin/resources/app/extensions/git/dist/main.js:2:1020798)
	at async t.GitHistoryProvider.resolveHEADMergeBase (/opt/vscodium-bin/resources/app/extensions/git/dist/main.js:2:948359)
	at async t.GitHistoryProvider.onDidRunGitStatus (/opt/vscodium-bin/resources/app/extensions/git/dist/main.js:2:941686)
2024-09-17 14:35:17.855 [error] Error: No such branch: master.
	at N.getBranch (/opt/vscodium-bin/resources/app/extensions/git/dist/main.js:2:937064)
	at async T.retryRun (/opt/vscodium-bin/resources/app/extensions/git/dist/main.js:2:1032765)
	at async T.run (/opt/vscodium-bin/resources/app/extensions/git/dist/main.js:2:1032369)
	at async T.getBranch (/opt/vscodium-bin/resources/app/extensions/git/dist/main.js:2:1020512)
	at async T.getBranchBase (/opt/vscodium-bin/resources/app/extensions/git/dist/main.js:2:1020798)
	at async t.GitHistoryProvider.resolveHEADMergeBase (/opt/vscodium-bin/resources/app/extensions/git/dist/main.js:2:948359)
	at async t.GitHistoryProvider.onDidRunGitStatus (/opt/vscodium-bin/resources/app/extensions/git/dist/main.js:2:941686)
2024-09-17 14:35:37.441 [error] Error: No such branch: master.
	at N.getBranch (/opt/vscodium-bin/resources/app/extensions/git/dist/main.js:2:937064)
	at async T.retryRun (/opt/vscodium-bin/resources/app/extensions/git/dist/main.js:2:1032765)
	at async T.run (/opt/vscodium-bin/resources/app/extensions/git/dist/main.js:2:1032369)
	at async T.getBranch (/opt/vscodium-bin/resources/app/extensions/git/dist/main.js:2:1020512)
	at async T.getBranchBase (/opt/vscodium-bin/resources/app/extensions/git/dist/main.js:2:1020798)
	at async t.GitHistoryProvider.resolveHEADMergeBase (/opt/vscodium-bin/resources/app/extensions/git/dist/main.js:2:948359)
	at async t.GitHistoryProvider.onDidRunGitStatus (/opt/vscodium-bin/resources/app/extensions/git/dist/main.js:2:941686)
2024-09-17 14:37:23.309 [error] Error: No such branch: master.
	at N.getBranch (/opt/vscodium-bin/resources/app/extensions/git/dist/main.js:2:937064)
	at async T.retryRun (/opt/vscodium-bin/resources/app/extensions/git/dist/main.js:2:1032765)
	at async T.run (/opt/vscodium-bin/resources/app/extensions/git/dist/main.js:2:1032369)
	at async T.getBranch (/opt/vscodium-bin/resources/app/extensions/git/dist/main.js:2:1020512)
	at async T.getBranchBase (/opt/vscodium-bin/resources/app/extensions/git/dist/main.js:2:1020798)
	at async t.GitHistoryProvider.resolveHEADMergeBase (/opt/vscodium-bin/resources/app/extensions/git/dist/main.js:2:948359)
	at async t.GitHistoryProvider.onDidRunGitStatus (/opt/vscodium-bin/resources/app/extensions/git/dist/main.js:2:941686)
2024-09-17 14:37:45.684 [error] Error: No such branch: master.
	at N.getBranch (/opt/vscodium-bin/resources/app/extensions/git/dist/main.js:2:937064)
	at async T.retryRun (/opt/vscodium-bin/resources/app/extensions/git/dist/main.js:2:1032765)
	at async T.run (/opt/vscodium-bin/resources/app/extensions/git/dist/main.js:2:1032369)
	at async T.getBranch (/opt/vscodium-bin/resources/app/extensions/git/dist/main.js:2:1020512)
	at async T.getBranchBase (/opt/vscodium-bin/resources/app/extensions/git/dist/main.js:2:1020798)
	at async t.GitHistoryProvider.resolveHEADMergeBase (/opt/vscodium-bin/resources/app/extensions/git/dist/main.js:2:948359)
	at async t.GitHistoryProvider.onDidRunGitStatus (/opt/vscodium-bin/resources/app/extensions/git/dist/main.js:2:941686)
2024-09-17 14:37:51.680 [error] Error: No such branch: master.
	at N.getBranch (/opt/vscodium-bin/resources/app/extensions/git/dist/main.js:2:937064)
	at async T.retryRun (/opt/vscodium-bin/resources/app/extensions/git/dist/main.js:2:1032765)
	at async T.run (/opt/vscodium-bin/resources/app/extensions/git/dist/main.js:2:1032369)
	at async T.getBranch (/opt/vscodium-bin/resources/app/extensions/git/dist/main.js:2:1020512)
	at async T.getBranchBase (/opt/vscodium-bin/resources/app/extensions/git/dist/main.js:2:1020798)
	at async t.GitHistoryProvider.resolveHEADMergeBase (/opt/vscodium-bin/resources/app/extensions/git/dist/main.js:2:948359)
	at async t.GitHistoryProvider.onDidRunGitStatus (/opt/vscodium-bin/resources/app/extensions/git/dist/main.js:2:941686)
2024-09-17 14:37:56.704 [error] Error: No such branch: master.
	at N.getBranch (/opt/vscodium-bin/resources/app/extensions/git/dist/main.js:2:937064)
	at async T.retryRun (/opt/vscodium-bin/resources/app/extensions/git/dist/main.js:2:1032765)
	at async T.run (/opt/vscodium-bin/resources/app/extensions/git/dist/main.js:2:1032369)
	at async T.getBranch (/opt/vscodium-bin/resources/app/extensions/git/dist/main.js:2:1020512)
	at async T.getBranchBase (/opt/vscodium-bin/resources/app/extensions/git/dist/main.js:2:1020798)
	at async t.GitHistoryProvider.resolveHEADMergeBase (/opt/vscodium-bin/resources/app/extensions/git/dist/main.js:2:948359)
	at async t.GitHistoryProvider.onDidRunGitStatus (/opt/vscodium-bin/resources/app/extensions/git/dist/main.js:2:941686)
2024-09-17 14:38:07.667 [error] Error: No such branch: master.
	at N.getBranch (/opt/vscodium-bin/resources/app/extensions/git/dist/main.js:2:937064)
	at async T.retryRun (/opt/vscodium-bin/resources/app/extensions/git/dist/main.js:2:1032765)
	at async T.run (/opt/vscodium-bin/resources/app/extensions/git/dist/main.js:2:1032369)
	at async T.getBranch (/opt/vscodium-bin/resources/app/extensions/git/dist/main.js:2:1020512)
	at async T.getBranchBase (/opt/vscodium-bin/resources/app/extensions/git/dist/main.js:2:1020798)
	at async t.GitHistoryProvider.resolveHEADMergeBase (/opt/vscodium-bin/resources/app/extensions/git/dist/main.js:2:948359)
	at async t.GitHistoryProvider.onDidRunGitStatus (/opt/vscodium-bin/resources/app/extensions/git/dist/main.js:2:941686)
2024-09-17 14:38:20.733 [error] Error: No such branch: master.
	at N.getBranch (/opt/vscodium-bin/resources/app/extensions/git/dist/main.js:2:937064)
	at async T.retryRun (/opt/vscodium-bin/resources/app/extensions/git/dist/main.js:2:1032765)
	at async T.run (/opt/vscodium-bin/resources/app/extensions/git/dist/main.js:2:1032369)
	at async T.getBranch (/opt/vscodium-bin/resources/app/extensions/git/dist/main.js:2:1020512)
	at async T.getBranchBase (/opt/vscodium-bin/resources/app/extensions/git/dist/main.js:2:1020798)
	at async t.GitHistoryProvider.resolveHEADMergeBase (/opt/vscodium-bin/resources/app/extensions/git/dist/main.js:2:948359)
	at async t.GitHistoryProvider.onDidRunGitStatus (/opt/vscodium-bin/resources/app/extensions/git/dist/main.js:2:941686)
2024-09-17 14:38:36.293 [error] Error: No such branch: master.
	at N.getBranch (/opt/vscodium-bin/resources/app/extensions/git/dist/main.js:2:937064)
	at process.processTicksAndRejections (node:internal/process/task_queues:95:5)
	at async T.retryRun (/opt/vscodium-bin/resources/app/extensions/git/dist/main.js:2:1032765)
	at async T.run (/opt/vscodium-bin/resources/app/extensions/git/dist/main.js:2:1032369)
	at async T.getBranch (/opt/vscodium-bin/resources/app/extensions/git/dist/main.js:2:1020512)
	at async T.getBranchBase (/opt/vscodium-bin/resources/app/extensions/git/dist/main.js:2:1020798)
	at async t.GitHistoryProvider.resolveHEADMergeBase (/opt/vscodium-bin/resources/app/extensions/git/dist/main.js:2:948359)
	at async t.GitHistoryProvider.onDidRunGitStatus (/opt/vscodium-bin/resources/app/extensions/git/dist/main.js:2:941686)
2024-09-17 14:38:41.347 [error] Error: No such branch: master.
	at N.getBranch (/opt/vscodium-bin/resources/app/extensions/git/dist/main.js:2:937064)
	at async T.retryRun (/opt/vscodium-bin/resources/app/extensions/git/dist/main.js:2:1032765)
	at async T.run (/opt/vscodium-bin/resources/app/extensions/git/dist/main.js:2:1032369)
	at async T.getBranch (/opt/vscodium-bin/resources/app/extensions/git/dist/main.js:2:1020512)
	at async T.getBranchBase (/opt/vscodium-bin/resources/app/extensions/git/dist/main.js:2:1020798)
	at async t.GitHistoryProvider.resolveHEADMergeBase (/opt/vscodium-bin/resources/app/extensions/git/dist/main.js:2:948359)
	at async t.GitHistoryProvider.onDidRunGitStatus (/opt/vscodium-bin/resources/app/extensions/git/dist/main.js:2:941686)
2024-09-17 14:38:50.452 [error] Error: No such branch: master.
	at N.getBranch (/opt/vscodium-bin/resources/app/extensions/git/dist/main.js:2:937064)
	at async T.retryRun (/opt/vscodium-bin/resources/app/extensions/git/dist/main.js:2:1032765)
	at async T.run (/opt/vscodium-bin/resources/app/extensions/git/dist/main.js:2:1032369)
	at async T.getBranch (/opt/vscodium-bin/resources/app/extensions/git/dist/main.js:2:1020512)
	at async T.getBranchBase (/opt/vscodium-bin/resources/app/extensions/git/dist/main.js:2:1020798)
	at async t.GitHistoryProvider.resolveHEADMergeBase (/opt/vscodium-bin/resources/app/extensions/git/dist/main.js:2:948359)
	at async t.GitHistoryProvider.onDidRunGitStatus (/opt/vscodium-bin/resources/app/extensions/git/dist/main.js:2:941686)
2024-09-17 14:38:58.145 [error] Error: No such branch: master.
	at N.getBranch (/opt/vscodium-bin/resources/app/extensions/git/dist/main.js:2:937064)
	at async T.retryRun (/opt/vscodium-bin/resources/app/extensions/git/dist/main.js:2:1032765)
	at async T.run (/opt/vscodium-bin/resources/app/extensions/git/dist/main.js:2:1032369)
	at async T.getBranch (/opt/vscodium-bin/resources/app/extensions/git/dist/main.js:2:1020512)
	at async T.getBranchBase (/opt/vscodium-bin/resources/app/extensions/git/dist/main.js:2:1020798)
	at async t.GitHistoryProvider.resolveHEADMergeBase (/opt/vscodium-bin/resources/app/extensions/git/dist/main.js:2:948359)
	at async t.GitHistoryProvider.onDidRunGitStatus (/opt/vscodium-bin/resources/app/extensions/git/dist/main.js:2:941686)
2024-09-17 14:39:31.261 [error] Error: No such branch: master.
	at N.getBranch (/opt/vscodium-bin/resources/app/extensions/git/dist/main.js:2:937064)
	at async T.retryRun (/opt/vscodium-bin/resources/app/extensions/git/dist/main.js:2:1032765)
	at async T.run (/opt/vscodium-bin/resources/app/extensions/git/dist/main.js:2:1032369)
	at async T.getBranch (/opt/vscodium-bin/resources/app/extensions/git/dist/main.js:2:1020512)
	at async T.getBranchBase (/opt/vscodium-bin/resources/app/extensions/git/dist/main.js:2:1020798)
	at async t.GitHistoryProvider.resolveHEADMergeBase (/opt/vscodium-bin/resources/app/extensions/git/dist/main.js:2:948359)
	at async t.GitHistoryProvider.onDidRunGitStatus (/opt/vscodium-bin/resources/app/extensions/git/dist/main.js:2:941686)
2024-09-17 14:39:36.279 [error] Error: No such branch: master.
	at N.getBranch (/opt/vscodium-bin/resources/app/extensions/git/dist/main.js:2:937064)
	at async T.retryRun (/opt/vscodium-bin/resources/app/extensions/git/dist/main.js:2:1032765)
	at async T.run (/opt/vscodium-bin/resources/app/extensions/git/dist/main.js:2:1032369)
	at async T.getBranch (/opt/vscodium-bin/resources/app/extensions/git/dist/main.js:2:1020512)
	at async T.getBranchBase (/opt/vscodium-bin/resources/app/extensions/git/dist/main.js:2:1020798)
	at async t.GitHistoryProvider.resolveHEADMergeBase (/opt/vscodium-bin/resources/app/extensions/git/dist/main.js:2:948359)
	at async t.GitHistoryProvider.onDidRunGitStatus (/opt/vscodium-bin/resources/app/extensions/git/dist/main.js:2:941686)
2024-09-17 14:39:41.296 [error] Error: No such branch: master.
	at N.getBranch (/opt/vscodium-bin/resources/app/extensions/git/dist/main.js:2:937064)
	at async T.retryRun (/opt/vscodium-bin/resources/app/extensions/git/dist/main.js:2:1032765)
	at async T.run (/opt/vscodium-bin/resources/app/extensions/git/dist/main.js:2:1032369)
	at async T.getBranch (/opt/vscodium-bin/resources/app/extensions/git/dist/main.js:2:1020512)
	at async T.getBranchBase (/opt/vscodium-bin/resources/app/extensions/git/dist/main.js:2:1020798)
	at async t.GitHistoryProvider.resolveHEADMergeBase (/opt/vscodium-bin/resources/app/extensions/git/dist/main.js:2:948359)
	at async t.GitHistoryProvider.onDidRunGitStatus (/opt/vscodium-bin/resources/app/extensions/git/dist/main.js:2:941686)
2024-09-17 14:40:24.383 [error] Error: No such branch: master.
	at N.getBranch (/opt/vscodium-bin/resources/app/extensions/git/dist/main.js:2:937064)
	at async T.retryRun (/opt/vscodium-bin/resources/app/extensions/git/dist/main.js:2:1032765)
	at async T.run (/opt/vscodium-bin/resources/app/extensions/git/dist/main.js:2:1032369)
	at async T.getBranch (/opt/vscodium-bin/resources/app/extensions/git/dist/main.js:2:1020512)
	at async T.getBranchBase (/opt/vscodium-bin/resources/app/extensions/git/dist/main.js:2:1020798)
	at async t.GitHistoryProvider.resolveHEADMergeBase (/opt/vscodium-bin/resources/app/extensions/git/dist/main.js:2:948359)
	at async t.GitHistoryProvider.onDidRunGitStatus (/opt/vscodium-bin/resources/app/extensions/git/dist/main.js:2:941686)
2024-09-17 14:41:57.498 [error] Error: No such branch: master.
	at N.getBranch (/opt/vscodium-bin/resources/app/extensions/git/dist/main.js:2:937064)
	at async T.retryRun (/opt/vscodium-bin/resources/app/extensions/git/dist/main.js:2:1032765)
	at async T.run (/opt/vscodium-bin/resources/app/extensions/git/dist/main.js:2:1032369)
	at async T.getBranch (/opt/vscodium-bin/resources/app/extensions/git/dist/main.js:2:1020512)
	at async T.getBranchBase (/opt/vscodium-bin/resources/app/extensions/git/dist/main.js:2:1020798)
	at async t.GitHistoryProvider.resolveHEADMergeBase (/opt/vscodium-bin/resources/app/extensions/git/dist/main.js:2:948359)
	at async t.GitHistoryProvider.onDidRunGitStatus (/opt/vscodium-bin/resources/app/extensions/git/dist/main.js:2:941686)
2024-09-17 14:42:02.524 [error] Error: No such branch: master.
	at N.getBranch (/opt/vscodium-bin/resources/app/extensions/git/dist/main.js:2:937064)
	at async T.retryRun (/opt/vscodium-bin/resources/app/extensions/git/dist/main.js:2:1032765)
	at async T.run (/opt/vscodium-bin/resources/app/extensions/git/dist/main.js:2:1032369)
	at async T.getBranch (/opt/vscodium-bin/resources/app/extensions/git/dist/main.js:2:1020512)
	at async T.getBranchBase (/opt/vscodium-bin/resources/app/extensions/git/dist/main.js:2:1020798)
	at async t.GitHistoryProvider.resolveHEADMergeBase (/opt/vscodium-bin/resources/app/extensions/git/dist/main.js:2:948359)
	at async t.GitHistoryProvider.onDidRunGitStatus (/opt/vscodium-bin/resources/app/extensions/git/dist/main.js:2:941686)
2024-09-17 14:42:07.544 [error] Error: No such branch: master.
	at N.getBranch (/opt/vscodium-bin/resources/app/extensions/git/dist/main.js:2:937064)
	at async T.retryRun (/opt/vscodium-bin/resources/app/extensions/git/dist/main.js:2:1032765)
	at async T.run (/opt/vscodium-bin/resources/app/extensions/git/dist/main.js:2:1032369)
	at async T.getBranch (/opt/vscodium-bin/resources/app/extensions/git/dist/main.js:2:1020512)
	at async T.getBranchBase (/opt/vscodium-bin/resources/app/extensions/git/dist/main.js:2:1020798)
	at async t.GitHistoryProvider.resolveHEADMergeBase (/opt/vscodium-bin/resources/app/extensions/git/dist/main.js:2:948359)
	at async t.GitHistoryProvider.onDidRunGitStatus (/opt/vscodium-bin/resources/app/extensions/git/dist/main.js:2:941686)
2024-09-17 14:43:34.853 [error] Error: No such branch: master.
	at N.getBranch (/opt/vscodium-bin/resources/app/extensions/git/dist/main.js:2:937064)
	at async T.retryRun (/opt/vscodium-bin/resources/app/extensions/git/dist/main.js:2:1032765)
	at async T.run (/opt/vscodium-bin/resources/app/extensions/git/dist/main.js:2:1032369)
	at async T.getBranch (/opt/vscodium-bin/resources/app/extensions/git/dist/main.js:2:1020512)
	at async T.getBranchBase (/opt/vscodium-bin/resources/app/extensions/git/dist/main.js:2:1020798)
	at async t.GitHistoryProvider.resolveHEADMergeBase (/opt/vscodium-bin/resources/app/extensions/git/dist/main.js:2:948359)
	at async t.GitHistoryProvider.onDidRunGitStatus (/opt/vscodium-bin/resources/app/extensions/git/dist/main.js:2:941686)
2024-09-17 14:43:39.872 [error] Error: No such branch: master.
	at N.getBranch (/opt/vscodium-bin/resources/app/extensions/git/dist/main.js:2:937064)
	at async T.retryRun (/opt/vscodium-bin/resources/app/extensions/git/dist/main.js:2:1032765)
	at async T.run (/opt/vscodium-bin/resources/app/extensions/git/dist/main.js:2:1032369)
	at async T.getBranch (/opt/vscodium-bin/resources/app/extensions/git/dist/main.js:2:1020512)
	at async T.getBranchBase (/opt/vscodium-bin/resources/app/extensions/git/dist/main.js:2:1020798)
	at async t.GitHistoryProvider.resolveHEADMergeBase (/opt/vscodium-bin/resources/app/extensions/git/dist/main.js:2:948359)
	at async t.GitHistoryProvider.onDidRunGitStatus (/opt/vscodium-bin/resources/app/extensions/git/dist/main.js:2:941686)
2024-09-17 14:43:44.890 [error] Error: No such branch: master.
	at N.getBranch (/opt/vscodium-bin/resources/app/extensions/git/dist/main.js:2:937064)
	at async T.retryRun (/opt/vscodium-bin/resources/app/extensions/git/dist/main.js:2:1032765)
	at async T.run (/opt/vscodium-bin/resources/app/extensions/git/dist/main.js:2:1032369)
	at async T.getBranch (/opt/vscodium-bin/resources/app/extensions/git/dist/main.js:2:1020512)
	at async T.getBranchBase (/opt/vscodium-bin/resources/app/extensions/git/dist/main.js:2:1020798)
	at async t.GitHistoryProvider.resolveHEADMergeBase (/opt/vscodium-bin/resources/app/extensions/git/dist/main.js:2:948359)
	at async t.GitHistoryProvider.onDidRunGitStatus (/opt/vscodium-bin/resources/app/extensions/git/dist/main.js:2:941686)
2024-09-17 14:43:58.068 [error] Error: No such branch: master.
	at N.getBranch (/opt/vscodium-bin/resources/app/extensions/git/dist/main.js:2:937064)
	at async T.retryRun (/opt/vscodium-bin/resources/app/extensions/git/dist/main.js:2:1032765)
	at async T.run (/opt/vscodium-bin/resources/app/extensions/git/dist/main.js:2:1032369)
	at async T.getBranch (/opt/vscodium-bin/resources/app/extensions/git/dist/main.js:2:1020512)
	at async T.getBranchBase (/opt/vscodium-bin/resources/app/extensions/git/dist/main.js:2:1020798)
	at async t.GitHistoryProvider.resolveHEADMergeBase (/opt/vscodium-bin/resources/app/extensions/git/dist/main.js:2:948359)
	at async t.GitHistoryProvider.onDidRunGitStatus (/opt/vscodium-bin/resources/app/extensions/git/dist/main.js:2:941686)
2024-09-17 14:49:01.151 [error] Error: No such branch: master.
	at N.getBranch (/opt/vscodium-bin/resources/app/extensions/git/dist/main.js:2:937064)
	at async T.retryRun (/opt/vscodium-bin/resources/app/extensions/git/dist/main.js:2:1032765)
	at async T.run (/opt/vscodium-bin/resources/app/extensions/git/dist/main.js:2:1032369)
	at async T.getBranch (/opt/vscodium-bin/resources/app/extensions/git/dist/main.js:2:1020512)
	at async T.getBranchBase (/opt/vscodium-bin/resources/app/extensions/git/dist/main.js:2:1020798)
	at async t.GitHistoryProvider.resolveHEADMergeBase (/opt/vscodium-bin/resources/app/extensions/git/dist/main.js:2:948359)
	at async t.GitHistoryProvider.onDidRunGitStatus (/opt/vscodium-bin/resources/app/extensions/git/dist/main.js:2:941686)
2024-09-17 14:49:06.173 [error] Error: No such branch: master.
	at N.getBranch (/opt/vscodium-bin/resources/app/extensions/git/dist/main.js:2:937064)
	at async T.retryRun (/opt/vscodium-bin/resources/app/extensions/git/dist/main.js:2:1032765)
	at async T.run (/opt/vscodium-bin/resources/app/extensions/git/dist/main.js:2:1032369)
	at async T.getBranch (/opt/vscodium-bin/resources/app/extensions/git/dist/main.js:2:1020512)
	at async T.getBranchBase (/opt/vscodium-bin/resources/app/extensions/git/dist/main.js:2:1020798)
	at async t.GitHistoryProvider.resolveHEADMergeBase (/opt/vscodium-bin/resources/app/extensions/git/dist/main.js:2:948359)
	at async t.GitHistoryProvider.onDidRunGitStatus (/opt/vscodium-bin/resources/app/extensions/git/dist/main.js:2:941686)
2024-09-17 14:49:29.911 [error] Error: No such branch: master.
	at N.getBranch (/opt/vscodium-bin/resources/app/extensions/git/dist/main.js:2:937064)
	at async T.retryRun (/opt/vscodium-bin/resources/app/extensions/git/dist/main.js:2:1032765)
	at async T.run (/opt/vscodium-bin/resources/app/extensions/git/dist/main.js:2:1032369)
	at async T.getBranch (/opt/vscodium-bin/resources/app/extensions/git/dist/main.js:2:1020512)
	at async T.getBranchBase (/opt/vscodium-bin/resources/app/extensions/git/dist/main.js:2:1020798)
	at async t.GitHistoryProvider.resolveHEADMergeBase (/opt/vscodium-bin/resources/app/extensions/git/dist/main.js:2:948359)
	at async t.GitHistoryProvider.onDidRunGitStatus (/opt/vscodium-bin/resources/app/extensions/git/dist/main.js:2:941686)
2024-09-17 14:51:19.882 [error] Error: No such branch: master.
	at N.getBranch (/opt/vscodium-bin/resources/app/extensions/git/dist/main.js:2:937064)
	at async T.retryRun (/opt/vscodium-bin/resources/app/extensions/git/dist/main.js:2:1032765)
	at async T.run (/opt/vscodium-bin/resources/app/extensions/git/dist/main.js:2:1032369)
	at async T.getBranch (/opt/vscodium-bin/resources/app/extensions/git/dist/main.js:2:1020512)
	at async T.getBranchBase (/opt/vscodium-bin/resources/app/extensions/git/dist/main.js:2:1020798)
	at async t.GitHistoryProvider.resolveHEADMergeBase (/opt/vscodium-bin/resources/app/extensions/git/dist/main.js:2:948359)
	at async t.GitHistoryProvider.onDidRunGitStatus (/opt/vscodium-bin/resources/app/extensions/git/dist/main.js:2:941686)
2024-09-17 14:51:24.904 [error] Error: No such branch: master.
	at N.getBranch (/opt/vscodium-bin/resources/app/extensions/git/dist/main.js:2:937064)
	at async T.retryRun (/opt/vscodium-bin/resources/app/extensions/git/dist/main.js:2:1032765)
	at async T.run (/opt/vscodium-bin/resources/app/extensions/git/dist/main.js:2:1032369)
	at async T.getBranch (/opt/vscodium-bin/resources/app/extensions/git/dist/main.js:2:1020512)
	at async T.getBranchBase (/opt/vscodium-bin/resources/app/extensions/git/dist/main.js:2:1020798)
	at async t.GitHistoryProvider.resolveHEADMergeBase (/opt/vscodium-bin/resources/app/extensions/git/dist/main.js:2:948359)
	at async t.GitHistoryProvider.onDidRunGitStatus (/opt/vscodium-bin/resources/app/extensions/git/dist/main.js:2:941686)
2024-09-17 14:52:11.457 [error] Error: No such branch: master.
	at N.getBranch (/opt/vscodium-bin/resources/app/extensions/git/dist/main.js:2:937064)
	at async T.retryRun (/opt/vscodium-bin/resources/app/extensions/git/dist/main.js:2:1032765)
	at async T.run (/opt/vscodium-bin/resources/app/extensions/git/dist/main.js:2:1032369)
	at async T.getBranch (/opt/vscodium-bin/resources/app/extensions/git/dist/main.js:2:1020512)
	at async T.getBranchBase (/opt/vscodium-bin/resources/app/extensions/git/dist/main.js:2:1020798)
	at async t.GitHistoryProvider.resolveHEADMergeBase (/opt/vscodium-bin/resources/app/extensions/git/dist/main.js:2:948359)
	at async t.GitHistoryProvider.onDidRunGitStatus (/opt/vscodium-bin/resources/app/extensions/git/dist/main.js:2:941686)
2024-09-17 14:52:58.739 [error] Error: No such branch: master.
	at N.getBranch (/opt/vscodium-bin/resources/app/extensions/git/dist/main.js:2:937064)
	at async T.retryRun (/opt/vscodium-bin/resources/app/extensions/git/dist/main.js:2:1032765)
	at async T.run (/opt/vscodium-bin/resources/app/extensions/git/dist/main.js:2:1032369)
	at async T.getBranch (/opt/vscodium-bin/resources/app/extensions/git/dist/main.js:2:1020512)
	at async T.getBranchBase (/opt/vscodium-bin/resources/app/extensions/git/dist/main.js:2:1020798)
	at async t.GitHistoryProvider.resolveHEADMergeBase (/opt/vscodium-bin/resources/app/extensions/git/dist/main.js:2:948359)
	at async t.GitHistoryProvider.onDidRunGitStatus (/opt/vscodium-bin/resources/app/extensions/git/dist/main.js:2:941686)
2024-09-17 14:53:40.862 [error] Error: No such branch: master.
	at N.getBranch (/opt/vscodium-bin/resources/app/extensions/git/dist/main.js:2:937064)
	at async T.retryRun (/opt/vscodium-bin/resources/app/extensions/git/dist/main.js:2:1032765)
	at async T.run (/opt/vscodium-bin/resources/app/extensions/git/dist/main.js:2:1032369)
	at async T.getBranch (/opt/vscodium-bin/resources/app/extensions/git/dist/main.js:2:1020512)
	at async T.getBranchBase (/opt/vscodium-bin/resources/app/extensions/git/dist/main.js:2:1020798)
	at async t.GitHistoryProvider.resolveHEADMergeBase (/opt/vscodium-bin/resources/app/extensions/git/dist/main.js:2:948359)
	at async t.GitHistoryProvider.onDidRunGitStatus (/opt/vscodium-bin/resources/app/extensions/git/dist/main.js:2:941686)
2024-09-17 14:54:05.607 [error] Error: No such branch: master.
	at N.getBranch (/opt/vscodium-bin/resources/app/extensions/git/dist/main.js:2:937064)
	at async T.retryRun (/opt/vscodium-bin/resources/app/extensions/git/dist/main.js:2:1032765)
	at async T.run (/opt/vscodium-bin/resources/app/extensions/git/dist/main.js:2:1032369)
	at async T.getBranch (/opt/vscodium-bin/resources/app/extensions/git/dist/main.js:2:1020512)
	at async T.getBranchBase (/opt/vscodium-bin/resources/app/extensions/git/dist/main.js:2:1020798)
	at async t.GitHistoryProvider.resolveHEADMergeBase (/opt/vscodium-bin/resources/app/extensions/git/dist/main.js:2:948359)
	at async t.GitHistoryProvider.onDidRunGitStatus (/opt/vscodium-bin/resources/app/extensions/git/dist/main.js:2:941686)
2024-09-17 14:54:10.629 [error] Error: No such branch: master.
	at N.getBranch (/opt/vscodium-bin/resources/app/extensions/git/dist/main.js:2:937064)
	at async T.retryRun (/opt/vscodium-bin/resources/app/extensions/git/dist/main.js:2:1032765)
	at async T.run (/opt/vscodium-bin/resources/app/extensions/git/dist/main.js:2:1032369)
	at async T.getBranch (/opt/vscodium-bin/resources/app/extensions/git/dist/main.js:2:1020512)
	at async T.getBranchBase (/opt/vscodium-bin/resources/app/extensions/git/dist/main.js:2:1020798)
	at async t.GitHistoryProvider.resolveHEADMergeBase (/opt/vscodium-bin/resources/app/extensions/git/dist/main.js:2:948359)
	at async t.GitHistoryProvider.onDidRunGitStatus (/opt/vscodium-bin/resources/app/extensions/git/dist/main.js:2:941686)
2024-09-17 14:55:02.259 [info] ExtensionService#_doActivateExtension vscode.simple-browser, startup: false, activationEvent: 'onOpenExternalUri:https'
2024-09-17 14:57:14.327 [error] Error: No such branch: master.
	at N.getBranch (/opt/vscodium-bin/resources/app/extensions/git/dist/main.js:2:937064)
	at async T.retryRun (/opt/vscodium-bin/resources/app/extensions/git/dist/main.js:2:1032765)
	at async T.run (/opt/vscodium-bin/resources/app/extensions/git/dist/main.js:2:1032369)
	at async T.getBranch (/opt/vscodium-bin/resources/app/extensions/git/dist/main.js:2:1020512)
	at async T.getBranchBase (/opt/vscodium-bin/resources/app/extensions/git/dist/main.js:2:1020798)
	at async t.GitHistoryProvider.resolveHEADMergeBase (/opt/vscodium-bin/resources/app/extensions/git/dist/main.js:2:948359)
	at async t.GitHistoryProvider.onDidRunGitStatus (/opt/vscodium-bin/resources/app/extensions/git/dist/main.js:2:941686)
2024-09-17 14:57:19.344 [error] Error: No such branch: master.
	at N.getBranch (/opt/vscodium-bin/resources/app/extensions/git/dist/main.js:2:937064)
	at async T.retryRun (/opt/vscodium-bin/resources/app/extensions/git/dist/main.js:2:1032765)
	at async T.run (/opt/vscodium-bin/resources/app/extensions/git/dist/main.js:2:1032369)
	at async T.getBranch (/opt/vscodium-bin/resources/app/extensions/git/dist/main.js:2:1020512)
	at async T.getBranchBase (/opt/vscodium-bin/resources/app/extensions/git/dist/main.js:2:1020798)
	at async t.GitHistoryProvider.resolveHEADMergeBase (/opt/vscodium-bin/resources/app/extensions/git/dist/main.js:2:948359)
	at async t.GitHistoryProvider.onDidRunGitStatus (/opt/vscodium-bin/resources/app/extensions/git/dist/main.js:2:941686)
2024-09-17 14:58:46.441 [error] Error: No such branch: master.
	at N.getBranch (/opt/vscodium-bin/resources/app/extensions/git/dist/main.js:2:937064)
	at async T.retryRun (/opt/vscodium-bin/resources/app/extensions/git/dist/main.js:2:1032765)
	at async T.run (/opt/vscodium-bin/resources/app/extensions/git/dist/main.js:2:1032369)
	at async T.getBranch (/opt/vscodium-bin/resources/app/extensions/git/dist/main.js:2:1020512)
	at async T.getBranchBase (/opt/vscodium-bin/resources/app/extensions/git/dist/main.js:2:1020798)
	at async t.GitHistoryProvider.resolveHEADMergeBase (/opt/vscodium-bin/resources/app/extensions/git/dist/main.js:2:948359)
	at async t.GitHistoryProvider.onDidRunGitStatus (/opt/vscodium-bin/resources/app/extensions/git/dist/main.js:2:941686)
2024-09-17 14:58:51.595 [error] Error: No such branch: master.
	at N.getBranch (/opt/vscodium-bin/resources/app/extensions/git/dist/main.js:2:937064)
	at async T.retryRun (/opt/vscodium-bin/resources/app/extensions/git/dist/main.js:2:1032765)
	at async T.run (/opt/vscodium-bin/resources/app/extensions/git/dist/main.js:2:1032369)
	at async T.getBranch (/opt/vscodium-bin/resources/app/extensions/git/dist/main.js:2:1020512)
	at async T.getBranchBase (/opt/vscodium-bin/resources/app/extensions/git/dist/main.js:2:1020798)
	at async t.GitHistoryProvider.resolveHEADMergeBase (/opt/vscodium-bin/resources/app/extensions/git/dist/main.js:2:948359)
	at async t.GitHistoryProvider.onDidRunGitStatus (/opt/vscodium-bin/resources/app/extensions/git/dist/main.js:2:941686)
2024-09-17 14:58:56.620 [error] Error: No such branch: master.
	at N.getBranch (/opt/vscodium-bin/resources/app/extensions/git/dist/main.js:2:937064)
	at async T.retryRun (/opt/vscodium-bin/resources/app/extensions/git/dist/main.js:2:1032765)
	at async T.run (/opt/vscodium-bin/resources/app/extensions/git/dist/main.js:2:1032369)
	at async T.getBranch (/opt/vscodium-bin/resources/app/extensions/git/dist/main.js:2:1020512)
	at async T.getBranchBase (/opt/vscodium-bin/resources/app/extensions/git/dist/main.js:2:1020798)
	at async t.GitHistoryProvider.resolveHEADMergeBase (/opt/vscodium-bin/resources/app/extensions/git/dist/main.js:2:948359)
	at async t.GitHistoryProvider.onDidRunGitStatus (/opt/vscodium-bin/resources/app/extensions/git/dist/main.js:2:941686)
2024-09-17 15:00:37.773 [error] Error: No such branch: master.
	at N.getBranch (/opt/vscodium-bin/resources/app/extensions/git/dist/main.js:2:937064)
	at async T.retryRun (/opt/vscodium-bin/resources/app/extensions/git/dist/main.js:2:1032765)
	at async T.run (/opt/vscodium-bin/resources/app/extensions/git/dist/main.js:2:1032369)
	at async T.getBranch (/opt/vscodium-bin/resources/app/extensions/git/dist/main.js:2:1020512)
	at async T.getBranchBase (/opt/vscodium-bin/resources/app/extensions/git/dist/main.js:2:1020798)
	at async t.GitHistoryProvider.resolveHEADMergeBase (/opt/vscodium-bin/resources/app/extensions/git/dist/main.js:2:948359)
	at async t.GitHistoryProvider.onDidRunGitStatus (/opt/vscodium-bin/resources/app/extensions/git/dist/main.js:2:941686)
2024-09-17 15:00:42.793 [error] Error: No such branch: master.
	at N.getBranch (/opt/vscodium-bin/resources/app/extensions/git/dist/main.js:2:937064)
	at async T.retryRun (/opt/vscodium-bin/resources/app/extensions/git/dist/main.js:2:1032765)
	at async T.run (/opt/vscodium-bin/resources/app/extensions/git/dist/main.js:2:1032369)
	at async T.getBranch (/opt/vscodium-bin/resources/app/extensions/git/dist/main.js:2:1020512)
	at async T.getBranchBase (/opt/vscodium-bin/resources/app/extensions/git/dist/main.js:2:1020798)
	at async t.GitHistoryProvider.resolveHEADMergeBase (/opt/vscodium-bin/resources/app/extensions/git/dist/main.js:2:948359)
	at async t.GitHistoryProvider.onDidRunGitStatus (/opt/vscodium-bin/resources/app/extensions/git/dist/main.js:2:941686)
2024-09-17 15:00:47.815 [error] Error: No such branch: master.
	at N.getBranch (/opt/vscodium-bin/resources/app/extensions/git/dist/main.js:2:937064)
	at async T.retryRun (/opt/vscodium-bin/resources/app/extensions/git/dist/main.js:2:1032765)
	at async T.run (/opt/vscodium-bin/resources/app/extensions/git/dist/main.js:2:1032369)
	at async T.getBranch (/opt/vscodium-bin/resources/app/extensions/git/dist/main.js:2:1020512)
	at async T.getBranchBase (/opt/vscodium-bin/resources/app/extensions/git/dist/main.js:2:1020798)
	at async t.GitHistoryProvider.resolveHEADMergeBase (/opt/vscodium-bin/resources/app/extensions/git/dist/main.js:2:948359)
	at async t.GitHistoryProvider.onDidRunGitStatus (/opt/vscodium-bin/resources/app/extensions/git/dist/main.js:2:941686)
2024-09-17 15:00:57.730 [error] Error: No such branch: master.
	at N.getBranch (/opt/vscodium-bin/resources/app/extensions/git/dist/main.js:2:937064)
	at async T.retryRun (/opt/vscodium-bin/resources/app/extensions/git/dist/main.js:2:1032765)
	at async T.run (/opt/vscodium-bin/resources/app/extensions/git/dist/main.js:2:1032369)
	at async T.getBranch (/opt/vscodium-bin/resources/app/extensions/git/dist/main.js:2:1020512)
	at async T.getBranchBase (/opt/vscodium-bin/resources/app/extensions/git/dist/main.js:2:1020798)
	at async t.GitHistoryProvider.resolveHEADMergeBase (/opt/vscodium-bin/resources/app/extensions/git/dist/main.js:2:948359)
	at async t.GitHistoryProvider.onDidRunGitStatus (/opt/vscodium-bin/resources/app/extensions/git/dist/main.js:2:941686)
2024-09-17 15:01:02.750 [error] Error: No such branch: master.
	at N.getBranch (/opt/vscodium-bin/resources/app/extensions/git/dist/main.js:2:937064)
	at async T.retryRun (/opt/vscodium-bin/resources/app/extensions/git/dist/main.js:2:1032765)
	at async T.run (/opt/vscodium-bin/resources/app/extensions/git/dist/main.js:2:1032369)
	at async T.getBranch (/opt/vscodium-bin/resources/app/extensions/git/dist/main.js:2:1020512)
	at async T.getBranchBase (/opt/vscodium-bin/resources/app/extensions/git/dist/main.js:2:1020798)
	at async t.GitHistoryProvider.resolveHEADMergeBase (/opt/vscodium-bin/resources/app/extensions/git/dist/main.js:2:948359)
	at async t.GitHistoryProvider.onDidRunGitStatus (/opt/vscodium-bin/resources/app/extensions/git/dist/main.js:2:941686)
2024-09-17 15:01:18.749 [error] Error: No such branch: master.
	at N.getBranch (/opt/vscodium-bin/resources/app/extensions/git/dist/main.js:2:937064)
	at async T.retryRun (/opt/vscodium-bin/resources/app/extensions/git/dist/main.js:2:1032765)
	at async T.run (/opt/vscodium-bin/resources/app/extensions/git/dist/main.js:2:1032369)
	at async T.getBranch (/opt/vscodium-bin/resources/app/extensions/git/dist/main.js:2:1020512)
	at async T.getBranchBase (/opt/vscodium-bin/resources/app/extensions/git/dist/main.js:2:1020798)
	at async t.GitHistoryProvider.resolveHEADMergeBase (/opt/vscodium-bin/resources/app/extensions/git/dist/main.js:2:948359)
	at async t.GitHistoryProvider.onDidRunGitStatus (/opt/vscodium-bin/resources/app/extensions/git/dist/main.js:2:941686)
2024-09-17 15:02:04.764 [error] Error: No such branch: master.
	at N.getBranch (/opt/vscodium-bin/resources/app/extensions/git/dist/main.js:2:937064)
	at process.processTicksAndRejections (node:internal/process/task_queues:95:5)
	at async T.retryRun (/opt/vscodium-bin/resources/app/extensions/git/dist/main.js:2:1032765)
	at async T.run (/opt/vscodium-bin/resources/app/extensions/git/dist/main.js:2:1032369)
	at async T.getBranch (/opt/vscodium-bin/resources/app/extensions/git/dist/main.js:2:1020512)
	at async T.getBranchBase (/opt/vscodium-bin/resources/app/extensions/git/dist/main.js:2:1020798)
	at async t.GitHistoryProvider.resolveHEADMergeBase (/opt/vscodium-bin/resources/app/extensions/git/dist/main.js:2:948359)
	at async t.GitHistoryProvider.onDidRunGitStatus (/opt/vscodium-bin/resources/app/extensions/git/dist/main.js:2:941686)
2024-09-17 15:02:23.674 [error] Error: No such branch: master.
	at N.getBranch (/opt/vscodium-bin/resources/app/extensions/git/dist/main.js:2:937064)
	at async T.retryRun (/opt/vscodium-bin/resources/app/extensions/git/dist/main.js:2:1032765)
	at async T.run (/opt/vscodium-bin/resources/app/extensions/git/dist/main.js:2:1032369)
	at async T.getBranch (/opt/vscodium-bin/resources/app/extensions/git/dist/main.js:2:1020512)
	at async T.getBranchBase (/opt/vscodium-bin/resources/app/extensions/git/dist/main.js:2:1020798)
	at async t.GitHistoryProvider.resolveHEADMergeBase (/opt/vscodium-bin/resources/app/extensions/git/dist/main.js:2:948359)
	at async t.GitHistoryProvider.onDidRunGitStatus (/opt/vscodium-bin/resources/app/extensions/git/dist/main.js:2:941686)
2024-09-17 15:02:49.298 [error] Error: No such branch: master.
	at N.getBranch (/opt/vscodium-bin/resources/app/extensions/git/dist/main.js:2:937064)
	at async T.retryRun (/opt/vscodium-bin/resources/app/extensions/git/dist/main.js:2:1032765)
	at async T.run (/opt/vscodium-bin/resources/app/extensions/git/dist/main.js:2:1032369)
	at async T.getBranch (/opt/vscodium-bin/resources/app/extensions/git/dist/main.js:2:1020512)
	at async T.getBranchBase (/opt/vscodium-bin/resources/app/extensions/git/dist/main.js:2:1020798)
	at async t.GitHistoryProvider.resolveHEADMergeBase (/opt/vscodium-bin/resources/app/extensions/git/dist/main.js:2:948359)
	at async t.GitHistoryProvider.onDidRunGitStatus (/opt/vscodium-bin/resources/app/extensions/git/dist/main.js:2:941686)
2024-09-17 15:03:05.434 [error] Error: INVALID code lens resolved, lacks command: rust-lang.rust-analyzer
	at c.resolveCodeLens (/opt/vscodium-bin/resources/app/out/vs/workbench/api/node/extensionHostProcess.js:161:119835)
2024-09-17 15:03:18.635 [error] Error: No such branch: master.
	at N.getBranch (/opt/vscodium-bin/resources/app/extensions/git/dist/main.js:2:937064)
	at async T.retryRun (/opt/vscodium-bin/resources/app/extensions/git/dist/main.js:2:1032765)
	at async T.run (/opt/vscodium-bin/resources/app/extensions/git/dist/main.js:2:1032369)
	at async T.getBranch (/opt/vscodium-bin/resources/app/extensions/git/dist/main.js:2:1020512)
	at async T.getBranchBase (/opt/vscodium-bin/resources/app/extensions/git/dist/main.js:2:1020798)
	at async t.GitHistoryProvider.resolveHEADMergeBase (/opt/vscodium-bin/resources/app/extensions/git/dist/main.js:2:948359)
	at async t.GitHistoryProvider.onDidRunGitStatus (/opt/vscodium-bin/resources/app/extensions/git/dist/main.js:2:941686)
2024-09-17 15:03:28.426 [error] Error: No such branch: master.
	at N.getBranch (/opt/vscodium-bin/resources/app/extensions/git/dist/main.js:2:937064)
	at async T.retryRun (/opt/vscodium-bin/resources/app/extensions/git/dist/main.js:2:1032765)
	at async T.run (/opt/vscodium-bin/resources/app/extensions/git/dist/main.js:2:1032369)
	at async T.getBranch (/opt/vscodium-bin/resources/app/extensions/git/dist/main.js:2:1020512)
	at async T.getBranchBase (/opt/vscodium-bin/resources/app/extensions/git/dist/main.js:2:1020798)
	at async t.GitHistoryProvider.resolveHEADMergeBase (/opt/vscodium-bin/resources/app/extensions/git/dist/main.js:2:948359)
	at async t.GitHistoryProvider.onDidRunGitStatus (/opt/vscodium-bin/resources/app/extensions/git/dist/main.js:2:941686)
2024-09-17 15:03:35.608 [error] Error: No such branch: master.
	at N.getBranch (/opt/vscodium-bin/resources/app/extensions/git/dist/main.js:2:937064)
	at async T.retryRun (/opt/vscodium-bin/resources/app/extensions/git/dist/main.js:2:1032765)
	at async T.run (/opt/vscodium-bin/resources/app/extensions/git/dist/main.js:2:1032369)
	at async T.getBranch (/opt/vscodium-bin/resources/app/extensions/git/dist/main.js:2:1020512)
	at async T.getBranchBase (/opt/vscodium-bin/resources/app/extensions/git/dist/main.js:2:1020798)
	at async t.GitHistoryProvider.resolveHEADMergeBase (/opt/vscodium-bin/resources/app/extensions/git/dist/main.js:2:948359)
	at async t.GitHistoryProvider.onDidRunGitStatus (/opt/vscodium-bin/resources/app/extensions/git/dist/main.js:2:941686)
2024-09-17 15:03:47.982 [error] Error: No such branch: master.
	at N.getBranch (/opt/vscodium-bin/resources/app/extensions/git/dist/main.js:2:937064)
	at async T.retryRun (/opt/vscodium-bin/resources/app/extensions/git/dist/main.js:2:1032765)
	at async T.run (/opt/vscodium-bin/resources/app/extensions/git/dist/main.js:2:1032369)
	at async T.getBranch (/opt/vscodium-bin/resources/app/extensions/git/dist/main.js:2:1020512)
	at async T.getBranchBase (/opt/vscodium-bin/resources/app/extensions/git/dist/main.js:2:1020798)
	at async t.GitHistoryProvider.resolveHEADMergeBase (/opt/vscodium-bin/resources/app/extensions/git/dist/main.js:2:948359)
	at async t.GitHistoryProvider.onDidRunGitStatus (/opt/vscodium-bin/resources/app/extensions/git/dist/main.js:2:941686)
2024-09-17 15:04:13.138 [error] Error: No such branch: master.
	at N.getBranch (/opt/vscodium-bin/resources/app/extensions/git/dist/main.js:2:937064)
	at async T.retryRun (/opt/vscodium-bin/resources/app/extensions/git/dist/main.js:2:1032765)
	at async T.run (/opt/vscodium-bin/resources/app/extensions/git/dist/main.js:2:1032369)
	at async T.getBranch (/opt/vscodium-bin/resources/app/extensions/git/dist/main.js:2:1020512)
	at async T.getBranchBase (/opt/vscodium-bin/resources/app/extensions/git/dist/main.js:2:1020798)
	at async t.GitHistoryProvider.resolveHEADMergeBase (/opt/vscodium-bin/resources/app/extensions/git/dist/main.js:2:948359)
	at async t.GitHistoryProvider.onDidRunGitStatus (/opt/vscodium-bin/resources/app/extensions/git/dist/main.js:2:941686)
2024-09-17 15:04:18.162 [error] Error: No such branch: master.
	at N.getBranch (/opt/vscodium-bin/resources/app/extensions/git/dist/main.js:2:937064)
	at async T.retryRun (/opt/vscodium-bin/resources/app/extensions/git/dist/main.js:2:1032765)
	at async T.run (/opt/vscodium-bin/resources/app/extensions/git/dist/main.js:2:1032369)
	at async T.getBranch (/opt/vscodium-bin/resources/app/extensions/git/dist/main.js:2:1020512)
	at async T.getBranchBase (/opt/vscodium-bin/resources/app/extensions/git/dist/main.js:2:1020798)
	at async t.GitHistoryProvider.resolveHEADMergeBase (/opt/vscodium-bin/resources/app/extensions/git/dist/main.js:2:948359)
	at async t.GitHistoryProvider.onDidRunGitStatus (/opt/vscodium-bin/resources/app/extensions/git/dist/main.js:2:941686)
2024-09-17 15:05:36.401 [error] Error: No such branch: master.
	at N.getBranch (/opt/vscodium-bin/resources/app/extensions/git/dist/main.js:2:937064)
	at async T.retryRun (/opt/vscodium-bin/resources/app/extensions/git/dist/main.js:2:1032765)
	at async T.run (/opt/vscodium-bin/resources/app/extensions/git/dist/main.js:2:1032369)
	at async T.getBranch (/opt/vscodium-bin/resources/app/extensions/git/dist/main.js:2:1020512)
	at async T.getBranchBase (/opt/vscodium-bin/resources/app/extensions/git/dist/main.js:2:1020798)
	at async t.GitHistoryProvider.resolveHEADMergeBase (/opt/vscodium-bin/resources/app/extensions/git/dist/main.js:2:948359)
	at async t.GitHistoryProvider.onDidRunGitStatus (/opt/vscodium-bin/resources/app/extensions/git/dist/main.js:2:941686)
2024-09-17 15:05:41.422 [error] Error: No such branch: master.
	at N.getBranch (/opt/vscodium-bin/resources/app/extensions/git/dist/main.js:2:937064)
	at async T.retryRun (/opt/vscodium-bin/resources/app/extensions/git/dist/main.js:2:1032765)
	at async T.run (/opt/vscodium-bin/resources/app/extensions/git/dist/main.js:2:1032369)
	at async T.getBranch (/opt/vscodium-bin/resources/app/extensions/git/dist/main.js:2:1020512)
	at async T.getBranchBase (/opt/vscodium-bin/resources/app/extensions/git/dist/main.js:2:1020798)
	at async t.GitHistoryProvider.resolveHEADMergeBase (/opt/vscodium-bin/resources/app/extensions/git/dist/main.js:2:948359)
	at async t.GitHistoryProvider.onDidRunGitStatus (/opt/vscodium-bin/resources/app/extensions/git/dist/main.js:2:941686)
2024-09-17 15:05:46.443 [error] Error: No such branch: master.
	at N.getBranch (/opt/vscodium-bin/resources/app/extensions/git/dist/main.js:2:937064)
	at async T.retryRun (/opt/vscodium-bin/resources/app/extensions/git/dist/main.js:2:1032765)
	at async T.run (/opt/vscodium-bin/resources/app/extensions/git/dist/main.js:2:1032369)
	at async T.getBranch (/opt/vscodium-bin/resources/app/extensions/git/dist/main.js:2:1020512)
	at async T.getBranchBase (/opt/vscodium-bin/resources/app/extensions/git/dist/main.js:2:1020798)
	at async t.GitHistoryProvider.resolveHEADMergeBase (/opt/vscodium-bin/resources/app/extensions/git/dist/main.js:2:948359)
	at async t.GitHistoryProvider.onDidRunGitStatus (/opt/vscodium-bin/resources/app/extensions/git/dist/main.js:2:941686)
2024-09-17 15:06:04.631 [error] Error: No such branch: master.
	at N.getBranch (/opt/vscodium-bin/resources/app/extensions/git/dist/main.js:2:937064)
	at async T.retryRun (/opt/vscodium-bin/resources/app/extensions/git/dist/main.js:2:1032765)
	at async T.run (/opt/vscodium-bin/resources/app/extensions/git/dist/main.js:2:1032369)
	at async T.getBranch (/opt/vscodium-bin/resources/app/extensions/git/dist/main.js:2:1020512)
	at async T.getBranchBase (/opt/vscodium-bin/resources/app/extensions/git/dist/main.js:2:1020798)
	at async t.GitHistoryProvider.resolveHEADMergeBase (/opt/vscodium-bin/resources/app/extensions/git/dist/main.js:2:948359)
	at async t.GitHistoryProvider.onDidRunGitStatus (/opt/vscodium-bin/resources/app/extensions/git/dist/main.js:2:941686)
2024-09-17 15:06:09.651 [error] Error: No such branch: master.
	at N.getBranch (/opt/vscodium-bin/resources/app/extensions/git/dist/main.js:2:937064)
	at async T.retryRun (/opt/vscodium-bin/resources/app/extensions/git/dist/main.js:2:1032765)
	at async T.run (/opt/vscodium-bin/resources/app/extensions/git/dist/main.js:2:1032369)
	at async T.getBranch (/opt/vscodium-bin/resources/app/extensions/git/dist/main.js:2:1020512)
	at async T.getBranchBase (/opt/vscodium-bin/resources/app/extensions/git/dist/main.js:2:1020798)
	at async t.GitHistoryProvider.resolveHEADMergeBase (/opt/vscodium-bin/resources/app/extensions/git/dist/main.js:2:948359)
	at async t.GitHistoryProvider.onDidRunGitStatus (/opt/vscodium-bin/resources/app/extensions/git/dist/main.js:2:941686)
2024-09-17 15:07:29.290 [error] Error: No such branch: master.
	at N.getBranch (/opt/vscodium-bin/resources/app/extensions/git/dist/main.js:2:937064)
	at async T.retryRun (/opt/vscodium-bin/resources/app/extensions/git/dist/main.js:2:1032765)
	at async T.run (/opt/vscodium-bin/resources/app/extensions/git/dist/main.js:2:1032369)
	at async T.getBranch (/opt/vscodium-bin/resources/app/extensions/git/dist/main.js:2:1020512)
	at async T.getBranchBase (/opt/vscodium-bin/resources/app/extensions/git/dist/main.js:2:1020798)
	at async t.GitHistoryProvider.resolveHEADMergeBase (/opt/vscodium-bin/resources/app/extensions/git/dist/main.js:2:948359)
	at async t.GitHistoryProvider.onDidRunGitStatus (/opt/vscodium-bin/resources/app/extensions/git/dist/main.js:2:941686)
2024-09-17 15:07:34.307 [error] Error: No such branch: master.
	at N.getBranch (/opt/vscodium-bin/resources/app/extensions/git/dist/main.js:2:937064)
	at async T.retryRun (/opt/vscodium-bin/resources/app/extensions/git/dist/main.js:2:1032765)
	at async T.run (/opt/vscodium-bin/resources/app/extensions/git/dist/main.js:2:1032369)
	at async T.getBranch (/opt/vscodium-bin/resources/app/extensions/git/dist/main.js:2:1020512)
	at async T.getBranchBase (/opt/vscodium-bin/resources/app/extensions/git/dist/main.js:2:1020798)
	at async t.GitHistoryProvider.resolveHEADMergeBase (/opt/vscodium-bin/resources/app/extensions/git/dist/main.js:2:948359)
	at async t.GitHistoryProvider.onDidRunGitStatus (/opt/vscodium-bin/resources/app/extensions/git/dist/main.js:2:941686)
2024-09-17 15:07:39.327 [error] Error: No such branch: master.
	at N.getBranch (/opt/vscodium-bin/resources/app/extensions/git/dist/main.js:2:937064)
	at async T.retryRun (/opt/vscodium-bin/resources/app/extensions/git/dist/main.js:2:1032765)
	at async T.run (/opt/vscodium-bin/resources/app/extensions/git/dist/main.js:2:1032369)
	at async T.getBranch (/opt/vscodium-bin/resources/app/extensions/git/dist/main.js:2:1020512)
	at async T.getBranchBase (/opt/vscodium-bin/resources/app/extensions/git/dist/main.js:2:1020798)
	at async t.GitHistoryProvider.resolveHEADMergeBase (/opt/vscodium-bin/resources/app/extensions/git/dist/main.js:2:948359)
	at async t.GitHistoryProvider.onDidRunGitStatus (/opt/vscodium-bin/resources/app/extensions/git/dist/main.js:2:941686)
2024-09-17 15:08:00.849 [info] ExtensionService#_doActivateExtension vscode.media-preview, startup: false, activationEvent: 'onCustomEditor:vscode.audioPreview'
2024-09-17 15:10:10.067 [error] Error: No such branch: master.
	at N.getBranch (/opt/vscodium-bin/resources/app/extensions/git/dist/main.js:2:937064)
	at async T.retryRun (/opt/vscodium-bin/resources/app/extensions/git/dist/main.js:2:1032765)
	at async T.run (/opt/vscodium-bin/resources/app/extensions/git/dist/main.js:2:1032369)
	at async T.getBranch (/opt/vscodium-bin/resources/app/extensions/git/dist/main.js:2:1020512)
	at async T.getBranchBase (/opt/vscodium-bin/resources/app/extensions/git/dist/main.js:2:1020798)
	at async t.GitHistoryProvider.resolveHEADMergeBase (/opt/vscodium-bin/resources/app/extensions/git/dist/main.js:2:948359)
	at async t.GitHistoryProvider.onDidRunGitStatus (/opt/vscodium-bin/resources/app/extensions/git/dist/main.js:2:941686)
2024-09-17 15:10:15.129 [error] Error: No such branch: master.
	at N.getBranch (/opt/vscodium-bin/resources/app/extensions/git/dist/main.js:2:937064)
	at async T.retryRun (/opt/vscodium-bin/resources/app/extensions/git/dist/main.js:2:1032765)
	at async T.run (/opt/vscodium-bin/resources/app/extensions/git/dist/main.js:2:1032369)
	at async T.getBranch (/opt/vscodium-bin/resources/app/extensions/git/dist/main.js:2:1020512)
	at async T.getBranchBase (/opt/vscodium-bin/resources/app/extensions/git/dist/main.js:2:1020798)
	at async t.GitHistoryProvider.resolveHEADMergeBase (/opt/vscodium-bin/resources/app/extensions/git/dist/main.js:2:948359)
	at async t.GitHistoryProvider.onDidRunGitStatus (/opt/vscodium-bin/resources/app/extensions/git/dist/main.js:2:941686)
2024-09-17 15:10:20.146 [error] Error: No such branch: master.
	at N.getBranch (/opt/vscodium-bin/resources/app/extensions/git/dist/main.js:2:937064)
	at async T.retryRun (/opt/vscodium-bin/resources/app/extensions/git/dist/main.js:2:1032765)
	at async T.run (/opt/vscodium-bin/resources/app/extensions/git/dist/main.js:2:1032369)
	at async T.getBranch (/opt/vscodium-bin/resources/app/extensions/git/dist/main.js:2:1020512)
	at async T.getBranchBase (/opt/vscodium-bin/resources/app/extensions/git/dist/main.js:2:1020798)
	at async t.GitHistoryProvider.resolveHEADMergeBase (/opt/vscodium-bin/resources/app/extensions/git/dist/main.js:2:948359)
	at async t.GitHistoryProvider.onDidRunGitStatus (/opt/vscodium-bin/resources/app/extensions/git/dist/main.js:2:941686)
2024-09-17 15:11:22.807 [error] Error: No such branch: master.
	at N.getBranch (/opt/vscodium-bin/resources/app/extensions/git/dist/main.js:2:937064)
	at async T.retryRun (/opt/vscodium-bin/resources/app/extensions/git/dist/main.js:2:1032765)
	at async T.run (/opt/vscodium-bin/resources/app/extensions/git/dist/main.js:2:1032369)
	at async T.getBranch (/opt/vscodium-bin/resources/app/extensions/git/dist/main.js:2:1020512)
	at async T.getBranchBase (/opt/vscodium-bin/resources/app/extensions/git/dist/main.js:2:1020798)
	at async t.GitHistoryProvider.resolveHEADMergeBase (/opt/vscodium-bin/resources/app/extensions/git/dist/main.js:2:948359)
	at async t.GitHistoryProvider.onDidRunGitStatus (/opt/vscodium-bin/resources/app/extensions/git/dist/main.js:2:941686)
2024-09-17 15:11:43.307 [error] Error: No such branch: master.
	at N.getBranch (/opt/vscodium-bin/resources/app/extensions/git/dist/main.js:2:937064)
	at async T.retryRun (/opt/vscodium-bin/resources/app/extensions/git/dist/main.js:2:1032765)
	at async T.run (/opt/vscodium-bin/resources/app/extensions/git/dist/main.js:2:1032369)
	at async T.getBranch (/opt/vscodium-bin/resources/app/extensions/git/dist/main.js:2:1020512)
	at async T.getBranchBase (/opt/vscodium-bin/resources/app/extensions/git/dist/main.js:2:1020798)
	at async t.GitHistoryProvider.resolveHEADMergeBase (/opt/vscodium-bin/resources/app/extensions/git/dist/main.js:2:948359)
	at async t.GitHistoryProvider.onDidRunGitStatus (/opt/vscodium-bin/resources/app/extensions/git/dist/main.js:2:941686)
2024-09-17 15:11:55.534 [error] Error: No such branch: master.
	at N.getBranch (/opt/vscodium-bin/resources/app/extensions/git/dist/main.js:2:937064)
	at async T.retryRun (/opt/vscodium-bin/resources/app/extensions/git/dist/main.js:2:1032765)
	at async T.run (/opt/vscodium-bin/resources/app/extensions/git/dist/main.js:2:1032369)
	at async T.getBranch (/opt/vscodium-bin/resources/app/extensions/git/dist/main.js:2:1020512)
	at async T.getBranchBase (/opt/vscodium-bin/resources/app/extensions/git/dist/main.js:2:1020798)
	at async t.GitHistoryProvider.resolveHEADMergeBase (/opt/vscodium-bin/resources/app/extensions/git/dist/main.js:2:948359)
	at async t.GitHistoryProvider.onDidRunGitStatus (/opt/vscodium-bin/resources/app/extensions/git/dist/main.js:2:941686)
2024-09-17 15:12:00.604 [error] Error: No such branch: master.
	at N.getBranch (/opt/vscodium-bin/resources/app/extensions/git/dist/main.js:2:937064)
	at async T.retryRun (/opt/vscodium-bin/resources/app/extensions/git/dist/main.js:2:1032765)
	at async T.run (/opt/vscodium-bin/resources/app/extensions/git/dist/main.js:2:1032369)
	at async T.getBranch (/opt/vscodium-bin/resources/app/extensions/git/dist/main.js:2:1020512)
	at async T.getBranchBase (/opt/vscodium-bin/resources/app/extensions/git/dist/main.js:2:1020798)
	at async t.GitHistoryProvider.resolveHEADMergeBase (/opt/vscodium-bin/resources/app/extensions/git/dist/main.js:2:948359)
	at async t.GitHistoryProvider.onDidRunGitStatus (/opt/vscodium-bin/resources/app/extensions/git/dist/main.js:2:941686)
2024-09-17 15:12:05.621 [error] Error: No such branch: master.
	at N.getBranch (/opt/vscodium-bin/resources/app/extensions/git/dist/main.js:2:937064)
	at async T.retryRun (/opt/vscodium-bin/resources/app/extensions/git/dist/main.js:2:1032765)
	at async T.run (/opt/vscodium-bin/resources/app/extensions/git/dist/main.js:2:1032369)
	at async T.getBranch (/opt/vscodium-bin/resources/app/extensions/git/dist/main.js:2:1020512)
	at async T.getBranchBase (/opt/vscodium-bin/resources/app/extensions/git/dist/main.js:2:1020798)
	at async t.GitHistoryProvider.resolveHEADMergeBase (/opt/vscodium-bin/resources/app/extensions/git/dist/main.js:2:948359)
	at async t.GitHistoryProvider.onDidRunGitStatus (/opt/vscodium-bin/resources/app/extensions/git/dist/main.js:2:941686)
2024-09-17 15:12:11.495 [error] Error: No such branch: master.
	at N.getBranch (/opt/vscodium-bin/resources/app/extensions/git/dist/main.js:2:937064)
	at async T.retryRun (/opt/vscodium-bin/resources/app/extensions/git/dist/main.js:2:1032765)
	at async T.run (/opt/vscodium-bin/resources/app/extensions/git/dist/main.js:2:1032369)
	at async T.getBranch (/opt/vscodium-bin/resources/app/extensions/git/dist/main.js:2:1020512)
	at async T.getBranchBase (/opt/vscodium-bin/resources/app/extensions/git/dist/main.js:2:1020798)
	at async t.GitHistoryProvider.resolveHEADMergeBase (/opt/vscodium-bin/resources/app/extensions/git/dist/main.js:2:948359)
	at async t.GitHistoryProvider.onDidRunGitStatus (/opt/vscodium-bin/resources/app/extensions/git/dist/main.js:2:941686)
2024-09-17 15:16:47.291 [error] Error: No such branch: master.
	at N.getBranch (/opt/vscodium-bin/resources/app/extensions/git/dist/main.js:2:937064)
	at async T.retryRun (/opt/vscodium-bin/resources/app/extensions/git/dist/main.js:2:1032765)
	at async T.run (/opt/vscodium-bin/resources/app/extensions/git/dist/main.js:2:1032369)
	at async T.getBranch (/opt/vscodium-bin/resources/app/extensions/git/dist/main.js:2:1020512)
	at async T.getBranchBase (/opt/vscodium-bin/resources/app/extensions/git/dist/main.js:2:1020798)
	at async t.GitHistoryProvider.resolveHEADMergeBase (/opt/vscodium-bin/resources/app/extensions/git/dist/main.js:2:948359)
	at async t.GitHistoryProvider.onDidRunGitStatus (/opt/vscodium-bin/resources/app/extensions/git/dist/main.js:2:941686)
2024-09-17 15:16:52.308 [error] Error: No such branch: master.
	at N.getBranch (/opt/vscodium-bin/resources/app/extensions/git/dist/main.js:2:937064)
	at async T.retryRun (/opt/vscodium-bin/resources/app/extensions/git/dist/main.js:2:1032765)
	at async T.run (/opt/vscodium-bin/resources/app/extensions/git/dist/main.js:2:1032369)
	at async T.getBranch (/opt/vscodium-bin/resources/app/extensions/git/dist/main.js:2:1020512)
	at async T.getBranchBase (/opt/vscodium-bin/resources/app/extensions/git/dist/main.js:2:1020798)
	at async t.GitHistoryProvider.resolveHEADMergeBase (/opt/vscodium-bin/resources/app/extensions/git/dist/main.js:2:948359)
	at async t.GitHistoryProvider.onDidRunGitStatus (/opt/vscodium-bin/resources/app/extensions/git/dist/main.js:2:941686)
2024-09-17 15:16:57.326 [error] Error: No such branch: master.
	at N.getBranch (/opt/vscodium-bin/resources/app/extensions/git/dist/main.js:2:937064)
	at async T.retryRun (/opt/vscodium-bin/resources/app/extensions/git/dist/main.js:2:1032765)
	at async T.run (/opt/vscodium-bin/resources/app/extensions/git/dist/main.js:2:1032369)
	at async T.getBranch (/opt/vscodium-bin/resources/app/extensions/git/dist/main.js:2:1020512)
	at async T.getBranchBase (/opt/vscodium-bin/resources/app/extensions/git/dist/main.js:2:1020798)
	at async t.GitHistoryProvider.resolveHEADMergeBase (/opt/vscodium-bin/resources/app/extensions/git/dist/main.js:2:948359)
	at async t.GitHistoryProvider.onDidRunGitStatus (/opt/vscodium-bin/resources/app/extensions/git/dist/main.js:2:941686)
2024-09-17 15:17:07.516 [error] Error: No such branch: master.
	at N.getBranch (/opt/vscodium-bin/resources/app/extensions/git/dist/main.js:2:937064)
	at async T.retryRun (/opt/vscodium-bin/resources/app/extensions/git/dist/main.js:2:1032765)
	at async T.run (/opt/vscodium-bin/resources/app/extensions/git/dist/main.js:2:1032369)
	at async T.getBranch (/opt/vscodium-bin/resources/app/extensions/git/dist/main.js:2:1020512)
	at async T.getBranchBase (/opt/vscodium-bin/resources/app/extensions/git/dist/main.js:2:1020798)
	at async t.GitHistoryProvider.resolveHEADMergeBase (/opt/vscodium-bin/resources/app/extensions/git/dist/main.js:2:948359)
	at async t.GitHistoryProvider.onDidRunGitStatus (/opt/vscodium-bin/resources/app/extensions/git/dist/main.js:2:941686)
2024-09-17 15:17:47.815 [error] Error: No such branch: master.
	at N.getBranch (/opt/vscodium-bin/resources/app/extensions/git/dist/main.js:2:937064)
	at async T.retryRun (/opt/vscodium-bin/resources/app/extensions/git/dist/main.js:2:1032765)
	at async T.run (/opt/vscodium-bin/resources/app/extensions/git/dist/main.js:2:1032369)
	at async T.getBranch (/opt/vscodium-bin/resources/app/extensions/git/dist/main.js:2:1020512)
	at async T.getBranchBase (/opt/vscodium-bin/resources/app/extensions/git/dist/main.js:2:1020798)
	at async t.GitHistoryProvider.resolveHEADMergeBase (/opt/vscodium-bin/resources/app/extensions/git/dist/main.js:2:948359)
	at async t.GitHistoryProvider.onDidRunGitStatus (/opt/vscodium-bin/resources/app/extensions/git/dist/main.js:2:941686)
2024-09-17 15:17:58.180 [error] Error: No such branch: master.
	at N.getBranch (/opt/vscodium-bin/resources/app/extensions/git/dist/main.js:2:937064)
	at async T.retryRun (/opt/vscodium-bin/resources/app/extensions/git/dist/main.js:2:1032765)
	at async T.run (/opt/vscodium-bin/resources/app/extensions/git/dist/main.js:2:1032369)
	at async T.getBranch (/opt/vscodium-bin/resources/app/extensions/git/dist/main.js:2:1020512)
	at async T.getBranchBase (/opt/vscodium-bin/resources/app/extensions/git/dist/main.js:2:1020798)
	at async t.GitHistoryProvider.resolveHEADMergeBase (/opt/vscodium-bin/resources/app/extensions/git/dist/main.js:2:948359)
	at async t.GitHistoryProvider.onDidRunGitStatus (/opt/vscodium-bin/resources/app/extensions/git/dist/main.js:2:941686)
2024-09-17 15:18:07.385 [error] Error: No such branch: master.
	at N.getBranch (/opt/vscodium-bin/resources/app/extensions/git/dist/main.js:2:937064)
	at async T.retryRun (/opt/vscodium-bin/resources/app/extensions/git/dist/main.js:2:1032765)
	at async T.run (/opt/vscodium-bin/resources/app/extensions/git/dist/main.js:2:1032369)
	at async T.getBranch (/opt/vscodium-bin/resources/app/extensions/git/dist/main.js:2:1020512)
	at async T.getBranchBase (/opt/vscodium-bin/resources/app/extensions/git/dist/main.js:2:1020798)
	at async t.GitHistoryProvider.resolveHEADMergeBase (/opt/vscodium-bin/resources/app/extensions/git/dist/main.js:2:948359)
	at async t.GitHistoryProvider.onDidRunGitStatus (/opt/vscodium-bin/resources/app/extensions/git/dist/main.js:2:941686)
2024-09-17 15:18:12.403 [error] Error: No such branch: master.
	at N.getBranch (/opt/vscodium-bin/resources/app/extensions/git/dist/main.js:2:937064)
	at async T.retryRun (/opt/vscodium-bin/resources/app/extensions/git/dist/main.js:2:1032765)
	at async T.run (/opt/vscodium-bin/resources/app/extensions/git/dist/main.js:2:1032369)
	at async T.getBranch (/opt/vscodium-bin/resources/app/extensions/git/dist/main.js:2:1020512)
	at async T.getBranchBase (/opt/vscodium-bin/resources/app/extensions/git/dist/main.js:2:1020798)
	at async t.GitHistoryProvider.resolveHEADMergeBase (/opt/vscodium-bin/resources/app/extensions/git/dist/main.js:2:948359)
	at async t.GitHistoryProvider.onDidRunGitStatus (/opt/vscodium-bin/resources/app/extensions/git/dist/main.js:2:941686)
2024-09-17 15:18:34.634 [error] Error: No such branch: master.
	at N.getBranch (/opt/vscodium-bin/resources/app/extensions/git/dist/main.js:2:937064)
	at async T.retryRun (/opt/vscodium-bin/resources/app/extensions/git/dist/main.js:2:1032765)
	at async T.run (/opt/vscodium-bin/resources/app/extensions/git/dist/main.js:2:1032369)
	at async T.getBranch (/opt/vscodium-bin/resources/app/extensions/git/dist/main.js:2:1020512)
	at async T.getBranchBase (/opt/vscodium-bin/resources/app/extensions/git/dist/main.js:2:1020798)
	at async t.GitHistoryProvider.resolveHEADMergeBase (/opt/vscodium-bin/resources/app/extensions/git/dist/main.js:2:948359)
	at async t.GitHistoryProvider.onDidRunGitStatus (/opt/vscodium-bin/resources/app/extensions/git/dist/main.js:2:941686)
2024-09-17 15:18:39.651 [error] Error: No such branch: master.
	at N.getBranch (/opt/vscodium-bin/resources/app/extensions/git/dist/main.js:2:937064)
	at async T.retryRun (/opt/vscodium-bin/resources/app/extensions/git/dist/main.js:2:1032765)
	at async T.run (/opt/vscodium-bin/resources/app/extensions/git/dist/main.js:2:1032369)
	at async T.getBranch (/opt/vscodium-bin/resources/app/extensions/git/dist/main.js:2:1020512)
	at async T.getBranchBase (/opt/vscodium-bin/resources/app/extensions/git/dist/main.js:2:1020798)
	at async t.GitHistoryProvider.resolveHEADMergeBase (/opt/vscodium-bin/resources/app/extensions/git/dist/main.js:2:948359)
	at async t.GitHistoryProvider.onDidRunGitStatus (/opt/vscodium-bin/resources/app/extensions/git/dist/main.js:2:941686)
2024-09-17 15:18:44.678 [error] Error: No such branch: master.
	at N.getBranch (/opt/vscodium-bin/resources/app/extensions/git/dist/main.js:2:937064)
	at async T.retryRun (/opt/vscodium-bin/resources/app/extensions/git/dist/main.js:2:1032765)
	at async T.run (/opt/vscodium-bin/resources/app/extensions/git/dist/main.js:2:1032369)
	at async T.getBranch (/opt/vscodium-bin/resources/app/extensions/git/dist/main.js:2:1020512)
	at async T.getBranchBase (/opt/vscodium-bin/resources/app/extensions/git/dist/main.js:2:1020798)
	at async t.GitHistoryProvider.resolveHEADMergeBase (/opt/vscodium-bin/resources/app/extensions/git/dist/main.js:2:948359)
	at async t.GitHistoryProvider.onDidRunGitStatus (/opt/vscodium-bin/resources/app/extensions/git/dist/main.js:2:941686)
2024-09-17 15:19:15.755 [error] Error: No such branch: master.
	at N.getBranch (/opt/vscodium-bin/resources/app/extensions/git/dist/main.js:2:937064)
	at async T.retryRun (/opt/vscodium-bin/resources/app/extensions/git/dist/main.js:2:1032765)
	at async T.run (/opt/vscodium-bin/resources/app/extensions/git/dist/main.js:2:1032369)
	at async T.getBranch (/opt/vscodium-bin/resources/app/extensions/git/dist/main.js:2:1020512)
	at async T.getBranchBase (/opt/vscodium-bin/resources/app/extensions/git/dist/main.js:2:1020798)
	at async t.GitHistoryProvider.resolveHEADMergeBase (/opt/vscodium-bin/resources/app/extensions/git/dist/main.js:2:948359)
	at async t.GitHistoryProvider.onDidRunGitStatus (/opt/vscodium-bin/resources/app/extensions/git/dist/main.js:2:941686)
2024-09-17 15:20:58.138 [error] Error: No such branch: master.
	at N.getBranch (/opt/vscodium-bin/resources/app/extensions/git/dist/main.js:2:937064)
	at async T.retryRun (/opt/vscodium-bin/resources/app/extensions/git/dist/main.js:2:1032765)
	at async T.run (/opt/vscodium-bin/resources/app/extensions/git/dist/main.js:2:1032369)
	at async T.getBranch (/opt/vscodium-bin/resources/app/extensions/git/dist/main.js:2:1020512)
	at async T.getBranchBase (/opt/vscodium-bin/resources/app/extensions/git/dist/main.js:2:1020798)
	at async t.GitHistoryProvider.resolveHEADMergeBase (/opt/vscodium-bin/resources/app/extensions/git/dist/main.js:2:948359)
	at async t.GitHistoryProvider.onDidRunGitStatus (/opt/vscodium-bin/resources/app/extensions/git/dist/main.js:2:941686)
2024-09-17 15:22:02.486 [error] Error: No such branch: master.
	at N.getBranch (/opt/vscodium-bin/resources/app/extensions/git/dist/main.js:2:937064)
	at async T.retryRun (/opt/vscodium-bin/resources/app/extensions/git/dist/main.js:2:1032765)
	at async T.run (/opt/vscodium-bin/resources/app/extensions/git/dist/main.js:2:1032369)
	at async T.getBranch (/opt/vscodium-bin/resources/app/extensions/git/dist/main.js:2:1020512)
	at async T.getBranchBase (/opt/vscodium-bin/resources/app/extensions/git/dist/main.js:2:1020798)
	at async t.GitHistoryProvider.resolveHEADMergeBase (/opt/vscodium-bin/resources/app/extensions/git/dist/main.js:2:948359)
	at async t.GitHistoryProvider.onDidRunGitStatus (/opt/vscodium-bin/resources/app/extensions/git/dist/main.js:2:941686)
2024-09-17 15:22:17.428 [error] Error: No such branch: master.
	at N.getBranch (/opt/vscodium-bin/resources/app/extensions/git/dist/main.js:2:937064)
	at async T.retryRun (/opt/vscodium-bin/resources/app/extensions/git/dist/main.js:2:1032765)
	at async T.run (/opt/vscodium-bin/resources/app/extensions/git/dist/main.js:2:1032369)
	at async T.getBranch (/opt/vscodium-bin/resources/app/extensions/git/dist/main.js:2:1020512)
	at async T.getBranchBase (/opt/vscodium-bin/resources/app/extensions/git/dist/main.js:2:1020798)
	at async t.GitHistoryProvider.resolveHEADMergeBase (/opt/vscodium-bin/resources/app/extensions/git/dist/main.js:2:948359)
	at async t.GitHistoryProvider.onDidRunGitStatus (/opt/vscodium-bin/resources/app/extensions/git/dist/main.js:2:941686)
2024-09-17 15:22:22.449 [error] Error: No such branch: master.
	at N.getBranch (/opt/vscodium-bin/resources/app/extensions/git/dist/main.js:2:937064)
	at async T.retryRun (/opt/vscodium-bin/resources/app/extensions/git/dist/main.js:2:1032765)
	at async T.run (/opt/vscodium-bin/resources/app/extensions/git/dist/main.js:2:1032369)
	at async T.getBranch (/opt/vscodium-bin/resources/app/extensions/git/dist/main.js:2:1020512)
	at async T.getBranchBase (/opt/vscodium-bin/resources/app/extensions/git/dist/main.js:2:1020798)
	at async t.GitHistoryProvider.resolveHEADMergeBase (/opt/vscodium-bin/resources/app/extensions/git/dist/main.js:2:948359)
	at async t.GitHistoryProvider.onDidRunGitStatus (/opt/vscodium-bin/resources/app/extensions/git/dist/main.js:2:941686)
2024-09-17 15:23:17.326 [error] Error: No such branch: master.
	at N.getBranch (/opt/vscodium-bin/resources/app/extensions/git/dist/main.js:2:937064)
	at async T.retryRun (/opt/vscodium-bin/resources/app/extensions/git/dist/main.js:2:1032765)
	at async T.run (/opt/vscodium-bin/resources/app/extensions/git/dist/main.js:2:1032369)
	at async T.getBranch (/opt/vscodium-bin/resources/app/extensions/git/dist/main.js:2:1020512)
	at async T.getBranchBase (/opt/vscodium-bin/resources/app/extensions/git/dist/main.js:2:1020798)
	at async t.GitHistoryProvider.resolveHEADMergeBase (/opt/vscodium-bin/resources/app/extensions/git/dist/main.js:2:948359)
	at async t.GitHistoryProvider.onDidRunGitStatus (/opt/vscodium-bin/resources/app/extensions/git/dist/main.js:2:941686)
2024-09-17 15:23:39.878 [error] Error: No such branch: master.
	at N.getBranch (/opt/vscodium-bin/resources/app/extensions/git/dist/main.js:2:937064)
	at async T.retryRun (/opt/vscodium-bin/resources/app/extensions/git/dist/main.js:2:1032765)
	at async T.run (/opt/vscodium-bin/resources/app/extensions/git/dist/main.js:2:1032369)
	at async T.getBranch (/opt/vscodium-bin/resources/app/extensions/git/dist/main.js:2:1020512)
	at async T.getBranchBase (/opt/vscodium-bin/resources/app/extensions/git/dist/main.js:2:1020798)
	at async t.GitHistoryProvider.resolveHEADMergeBase (/opt/vscodium-bin/resources/app/extensions/git/dist/main.js:2:948359)
	at async t.GitHistoryProvider.onDidRunGitStatus (/opt/vscodium-bin/resources/app/extensions/git/dist/main.js:2:941686)
2024-09-17 15:23:57.024 [error] Error: No such branch: master.
	at N.getBranch (/opt/vscodium-bin/resources/app/extensions/git/dist/main.js:2:937064)
	at async T.retryRun (/opt/vscodium-bin/resources/app/extensions/git/dist/main.js:2:1032765)
	at async T.run (/opt/vscodium-bin/resources/app/extensions/git/dist/main.js:2:1032369)
	at async T.getBranch (/opt/vscodium-bin/resources/app/extensions/git/dist/main.js:2:1020512)
	at async T.getBranchBase (/opt/vscodium-bin/resources/app/extensions/git/dist/main.js:2:1020798)
	at async t.GitHistoryProvider.resolveHEADMergeBase (/opt/vscodium-bin/resources/app/extensions/git/dist/main.js:2:948359)
	at async t.GitHistoryProvider.onDidRunGitStatus (/opt/vscodium-bin/resources/app/extensions/git/dist/main.js:2:941686)
2024-09-17 15:24:26.288 [error] Error: No such branch: master.
	at N.getBranch (/opt/vscodium-bin/resources/app/extensions/git/dist/main.js:2:937064)
	at async T.retryRun (/opt/vscodium-bin/resources/app/extensions/git/dist/main.js:2:1032765)
	at async T.run (/opt/vscodium-bin/resources/app/extensions/git/dist/main.js:2:1032369)
	at async T.getBranch (/opt/vscodium-bin/resources/app/extensions/git/dist/main.js:2:1020512)
	at async T.getBranchBase (/opt/vscodium-bin/resources/app/extensions/git/dist/main.js:2:1020798)
	at async t.GitHistoryProvider.resolveHEADMergeBase (/opt/vscodium-bin/resources/app/extensions/git/dist/main.js:2:948359)
	at async t.GitHistoryProvider.onDidRunGitStatus (/opt/vscodium-bin/resources/app/extensions/git/dist/main.js:2:941686)
2024-09-17 15:24:34.125 [error] Error: No such branch: master.
	at N.getBranch (/opt/vscodium-bin/resources/app/extensions/git/dist/main.js:2:937064)
	at async T.retryRun (/opt/vscodium-bin/resources/app/extensions/git/dist/main.js:2:1032765)
	at async T.run (/opt/vscodium-bin/resources/app/extensions/git/dist/main.js:2:1032369)
	at async T.getBranch (/opt/vscodium-bin/resources/app/extensions/git/dist/main.js:2:1020512)
	at async T.getBranchBase (/opt/vscodium-bin/resources/app/extensions/git/dist/main.js:2:1020798)
	at async t.GitHistoryProvider.resolveHEADMergeBase (/opt/vscodium-bin/resources/app/extensions/git/dist/main.js:2:948359)
	at async t.GitHistoryProvider.onDidRunGitStatus (/opt/vscodium-bin/resources/app/extensions/git/dist/main.js:2:941686)
2024-09-17 15:24:52.868 [error] Error: No such branch: master.
	at N.getBranch (/opt/vscodium-bin/resources/app/extensions/git/dist/main.js:2:937064)
	at async T.retryRun (/opt/vscodium-bin/resources/app/extensions/git/dist/main.js:2:1032765)
	at async T.run (/opt/vscodium-bin/resources/app/extensions/git/dist/main.js:2:1032369)
	at async T.getBranch (/opt/vscodium-bin/resources/app/extensions/git/dist/main.js:2:1020512)
	at async T.getBranchBase (/opt/vscodium-bin/resources/app/extensions/git/dist/main.js:2:1020798)
	at async t.GitHistoryProvider.resolveHEADMergeBase (/opt/vscodium-bin/resources/app/extensions/git/dist/main.js:2:948359)
	at async t.GitHistoryProvider.onDidRunGitStatus (/opt/vscodium-bin/resources/app/extensions/git/dist/main.js:2:941686)
2024-09-17 15:24:57.888 [error] Error: No such branch: master.
	at N.getBranch (/opt/vscodium-bin/resources/app/extensions/git/dist/main.js:2:937064)
	at async T.retryRun (/opt/vscodium-bin/resources/app/extensions/git/dist/main.js:2:1032765)
	at async T.run (/opt/vscodium-bin/resources/app/extensions/git/dist/main.js:2:1032369)
	at async T.getBranch (/opt/vscodium-bin/resources/app/extensions/git/dist/main.js:2:1020512)
	at async T.getBranchBase (/opt/vscodium-bin/resources/app/extensions/git/dist/main.js:2:1020798)
	at async t.GitHistoryProvider.resolveHEADMergeBase (/opt/vscodium-bin/resources/app/extensions/git/dist/main.js:2:948359)
	at async t.GitHistoryProvider.onDidRunGitStatus (/opt/vscodium-bin/resources/app/extensions/git/dist/main.js:2:941686)
2024-09-17 15:25:02.909 [error] Error: No such branch: master.
	at N.getBranch (/opt/vscodium-bin/resources/app/extensions/git/dist/main.js:2:937064)
	at async T.retryRun (/opt/vscodium-bin/resources/app/extensions/git/dist/main.js:2:1032765)
	at async T.run (/opt/vscodium-bin/resources/app/extensions/git/dist/main.js:2:1032369)
	at async T.getBranch (/opt/vscodium-bin/resources/app/extensions/git/dist/main.js:2:1020512)
	at async T.getBranchBase (/opt/vscodium-bin/resources/app/extensions/git/dist/main.js:2:1020798)
	at async t.GitHistoryProvider.resolveHEADMergeBase (/opt/vscodium-bin/resources/app/extensions/git/dist/main.js:2:948359)
	at async t.GitHistoryProvider.onDidRunGitStatus (/opt/vscodium-bin/resources/app/extensions/git/dist/main.js:2:941686)
2024-09-17 15:25:26.955 [error] Error: No such branch: master.
	at N.getBranch (/opt/vscodium-bin/resources/app/extensions/git/dist/main.js:2:937064)
	at async T.retryRun (/opt/vscodium-bin/resources/app/extensions/git/dist/main.js:2:1032765)
	at async T.run (/opt/vscodium-bin/resources/app/extensions/git/dist/main.js:2:1032369)
	at async T.getBranch (/opt/vscodium-bin/resources/app/extensions/git/dist/main.js:2:1020512)
	at async T.getBranchBase (/opt/vscodium-bin/resources/app/extensions/git/dist/main.js:2:1020798)
	at async t.GitHistoryProvider.resolveHEADMergeBase (/opt/vscodium-bin/resources/app/extensions/git/dist/main.js:2:948359)
	at async t.GitHistoryProvider.onDidRunGitStatus (/opt/vscodium-bin/resources/app/extensions/git/dist/main.js:2:941686)
2024-09-17 15:25:53.992 [error] Error: No such branch: master.
	at N.getBranch (/opt/vscodium-bin/resources/app/extensions/git/dist/main.js:2:937064)
	at async T.retryRun (/opt/vscodium-bin/resources/app/extensions/git/dist/main.js:2:1032765)
	at async T.run (/opt/vscodium-bin/resources/app/extensions/git/dist/main.js:2:1032369)
	at async T.getBranch (/opt/vscodium-bin/resources/app/extensions/git/dist/main.js:2:1020512)
	at async T.getBranchBase (/opt/vscodium-bin/resources/app/extensions/git/dist/main.js:2:1020798)
	at async t.GitHistoryProvider.resolveHEADMergeBase (/opt/vscodium-bin/resources/app/extensions/git/dist/main.js:2:948359)
	at async t.GitHistoryProvider.onDidRunGitStatus (/opt/vscodium-bin/resources/app/extensions/git/dist/main.js:2:941686)
2024-09-17 15:26:02.156 [error] Error: No such branch: master.
	at N.getBranch (/opt/vscodium-bin/resources/app/extensions/git/dist/main.js:2:937064)
	at async T.retryRun (/opt/vscodium-bin/resources/app/extensions/git/dist/main.js:2:1032765)
	at async T.run (/opt/vscodium-bin/resources/app/extensions/git/dist/main.js:2:1032369)
	at async T.getBranch (/opt/vscodium-bin/resources/app/extensions/git/dist/main.js:2:1020512)
	at async T.getBranchBase (/opt/vscodium-bin/resources/app/extensions/git/dist/main.js:2:1020798)
	at async t.GitHistoryProvider.resolveHEADMergeBase (/opt/vscodium-bin/resources/app/extensions/git/dist/main.js:2:948359)
	at async t.GitHistoryProvider.onDidRunGitStatus (/opt/vscodium-bin/resources/app/extensions/git/dist/main.js:2:941686)
2024-09-17 15:26:34.782 [error] Error: No such branch: master.
	at N.getBranch (/opt/vscodium-bin/resources/app/extensions/git/dist/main.js:2:937064)
	at async T.retryRun (/opt/vscodium-bin/resources/app/extensions/git/dist/main.js:2:1032765)
	at async T.run (/opt/vscodium-bin/resources/app/extensions/git/dist/main.js:2:1032369)
	at async T.getBranch (/opt/vscodium-bin/resources/app/extensions/git/dist/main.js:2:1020512)
	at async T.getBranchBase (/opt/vscodium-bin/resources/app/extensions/git/dist/main.js:2:1020798)
	at async t.GitHistoryProvider.resolveHEADMergeBase (/opt/vscodium-bin/resources/app/extensions/git/dist/main.js:2:948359)
	at async t.GitHistoryProvider.onDidRunGitStatus (/opt/vscodium-bin/resources/app/extensions/git/dist/main.js:2:941686)
2024-09-17 15:27:28.967 [error] Error: No such branch: master.
	at N.getBranch (/opt/vscodium-bin/resources/app/extensions/git/dist/main.js:2:937064)
	at async T.retryRun (/opt/vscodium-bin/resources/app/extensions/git/dist/main.js:2:1032765)
	at async T.run (/opt/vscodium-bin/resources/app/extensions/git/dist/main.js:2:1032369)
	at async T.getBranch (/opt/vscodium-bin/resources/app/extensions/git/dist/main.js:2:1020512)
	at async T.getBranchBase (/opt/vscodium-bin/resources/app/extensions/git/dist/main.js:2:1020798)
	at async t.GitHistoryProvider.resolveHEADMergeBase (/opt/vscodium-bin/resources/app/extensions/git/dist/main.js:2:948359)
	at async t.GitHistoryProvider.onDidRunGitStatus (/opt/vscodium-bin/resources/app/extensions/git/dist/main.js:2:941686)
2024-09-17 15:27:44.958 [error] Error: No such branch: master.
	at N.getBranch (/opt/vscodium-bin/resources/app/extensions/git/dist/main.js:2:937064)
	at async T.retryRun (/opt/vscodium-bin/resources/app/extensions/git/dist/main.js:2:1032765)
	at async T.run (/opt/vscodium-bin/resources/app/extensions/git/dist/main.js:2:1032369)
	at async T.getBranch (/opt/vscodium-bin/resources/app/extensions/git/dist/main.js:2:1020512)
	at async T.getBranchBase (/opt/vscodium-bin/resources/app/extensions/git/dist/main.js:2:1020798)
	at async t.GitHistoryProvider.resolveHEADMergeBase (/opt/vscodium-bin/resources/app/extensions/git/dist/main.js:2:948359)
	at async t.GitHistoryProvider.onDidRunGitStatus (/opt/vscodium-bin/resources/app/extensions/git/dist/main.js:2:941686)
2024-09-17 15:28:06.501 [error] Error: No such branch: master.
	at N.getBranch (/opt/vscodium-bin/resources/app/extensions/git/dist/main.js:2:937064)
	at async T.retryRun (/opt/vscodium-bin/resources/app/extensions/git/dist/main.js:2:1032765)
	at async T.run (/opt/vscodium-bin/resources/app/extensions/git/dist/main.js:2:1032369)
	at async T.getBranch (/opt/vscodium-bin/resources/app/extensions/git/dist/main.js:2:1020512)
	at async T.getBranchBase (/opt/vscodium-bin/resources/app/extensions/git/dist/main.js:2:1020798)
	at async t.GitHistoryProvider.resolveHEADMergeBase (/opt/vscodium-bin/resources/app/extensions/git/dist/main.js:2:948359)
	at async t.GitHistoryProvider.onDidRunGitStatus (/opt/vscodium-bin/resources/app/extensions/git/dist/main.js:2:941686)
2024-09-17 15:28:15.451 [error] Error: No such branch: master.
	at N.getBranch (/opt/vscodium-bin/resources/app/extensions/git/dist/main.js:2:937064)
	at process.processTicksAndRejections (node:internal/process/task_queues:95:5)
	at async T.retryRun (/opt/vscodium-bin/resources/app/extensions/git/dist/main.js:2:1032765)
	at async T.run (/opt/vscodium-bin/resources/app/extensions/git/dist/main.js:2:1032369)
	at async T.getBranch (/opt/vscodium-bin/resources/app/extensions/git/dist/main.js:2:1020512)
	at async T.getBranchBase (/opt/vscodium-bin/resources/app/extensions/git/dist/main.js:2:1020798)
	at async t.GitHistoryProvider.resolveHEADMergeBase (/opt/vscodium-bin/resources/app/extensions/git/dist/main.js:2:948359)
	at async t.GitHistoryProvider.onDidRunGitStatus (/opt/vscodium-bin/resources/app/extensions/git/dist/main.js:2:941686)
2024-09-17 15:28:21.682 [error] Error: No such branch: master.
	at N.getBranch (/opt/vscodium-bin/resources/app/extensions/git/dist/main.js:2:937064)
	at async T.retryRun (/opt/vscodium-bin/resources/app/extensions/git/dist/main.js:2:1032765)
	at async T.run (/opt/vscodium-bin/resources/app/extensions/git/dist/main.js:2:1032369)
	at async T.getBranch (/opt/vscodium-bin/resources/app/extensions/git/dist/main.js:2:1020512)
	at async T.getBranchBase (/opt/vscodium-bin/resources/app/extensions/git/dist/main.js:2:1020798)
	at async t.GitHistoryProvider.resolveHEADMergeBase (/opt/vscodium-bin/resources/app/extensions/git/dist/main.js:2:948359)
	at async t.GitHistoryProvider.onDidRunGitStatus (/opt/vscodium-bin/resources/app/extensions/git/dist/main.js:2:941686)
2024-09-17 15:28:49.579 [error] Error: No such branch: master.
	at N.getBranch (/opt/vscodium-bin/resources/app/extensions/git/dist/main.js:2:937064)
	at async T.retryRun (/opt/vscodium-bin/resources/app/extensions/git/dist/main.js:2:1032765)
	at async T.run (/opt/vscodium-bin/resources/app/extensions/git/dist/main.js:2:1032369)
	at async T.getBranch (/opt/vscodium-bin/resources/app/extensions/git/dist/main.js:2:1020512)
	at async T.getBranchBase (/opt/vscodium-bin/resources/app/extensions/git/dist/main.js:2:1020798)
	at async t.GitHistoryProvider.resolveHEADMergeBase (/opt/vscodium-bin/resources/app/extensions/git/dist/main.js:2:948359)
	at async t.GitHistoryProvider.onDidRunGitStatus (/opt/vscodium-bin/resources/app/extensions/git/dist/main.js:2:941686)
2024-09-17 15:29:43.714 [error] Error: No such branch: master.
	at N.getBranch (/opt/vscodium-bin/resources/app/extensions/git/dist/main.js:2:937064)
	at async T.retryRun (/opt/vscodium-bin/resources/app/extensions/git/dist/main.js:2:1032765)
	at async T.run (/opt/vscodium-bin/resources/app/extensions/git/dist/main.js:2:1032369)
	at async T.getBranch (/opt/vscodium-bin/resources/app/extensions/git/dist/main.js:2:1020512)
	at async T.getBranchBase (/opt/vscodium-bin/resources/app/extensions/git/dist/main.js:2:1020798)
	at async t.GitHistoryProvider.resolveHEADMergeBase (/opt/vscodium-bin/resources/app/extensions/git/dist/main.js:2:948359)
	at async t.GitHistoryProvider.onDidRunGitStatus (/opt/vscodium-bin/resources/app/extensions/git/dist/main.js:2:941686)
2024-09-17 15:29:48.733 [error] Error: No such branch: master.
	at N.getBranch (/opt/vscodium-bin/resources/app/extensions/git/dist/main.js:2:937064)
	at async T.retryRun (/opt/vscodium-bin/resources/app/extensions/git/dist/main.js:2:1032765)
	at async T.run (/opt/vscodium-bin/resources/app/extensions/git/dist/main.js:2:1032369)
	at async T.getBranch (/opt/vscodium-bin/resources/app/extensions/git/dist/main.js:2:1020512)
	at async T.getBranchBase (/opt/vscodium-bin/resources/app/extensions/git/dist/main.js:2:1020798)
	at async t.GitHistoryProvider.resolveHEADMergeBase (/opt/vscodium-bin/resources/app/extensions/git/dist/main.js:2:948359)
	at async t.GitHistoryProvider.onDidRunGitStatus (/opt/vscodium-bin/resources/app/extensions/git/dist/main.js:2:941686)
2024-09-17 15:29:53.754 [error] Error: No such branch: master.
	at N.getBranch (/opt/vscodium-bin/resources/app/extensions/git/dist/main.js:2:937064)
	at async T.retryRun (/opt/vscodium-bin/resources/app/extensions/git/dist/main.js:2:1032765)
	at async T.run (/opt/vscodium-bin/resources/app/extensions/git/dist/main.js:2:1032369)
	at async T.getBranch (/opt/vscodium-bin/resources/app/extensions/git/dist/main.js:2:1020512)
	at async T.getBranchBase (/opt/vscodium-bin/resources/app/extensions/git/dist/main.js:2:1020798)
	at async t.GitHistoryProvider.resolveHEADMergeBase (/opt/vscodium-bin/resources/app/extensions/git/dist/main.js:2:948359)
	at async t.GitHistoryProvider.onDidRunGitStatus (/opt/vscodium-bin/resources/app/extensions/git/dist/main.js:2:941686)
2024-09-17 15:30:11.543 [error] Error: No such branch: master.
	at N.getBranch (/opt/vscodium-bin/resources/app/extensions/git/dist/main.js:2:937064)
	at process.processTicksAndRejections (node:internal/process/task_queues:95:5)
	at async T.retryRun (/opt/vscodium-bin/resources/app/extensions/git/dist/main.js:2:1032765)
	at async T.run (/opt/vscodium-bin/resources/app/extensions/git/dist/main.js:2:1032369)
	at async T.getBranch (/opt/vscodium-bin/resources/app/extensions/git/dist/main.js:2:1020512)
	at async T.getBranchBase (/opt/vscodium-bin/resources/app/extensions/git/dist/main.js:2:1020798)
	at async t.GitHistoryProvider.resolveHEADMergeBase (/opt/vscodium-bin/resources/app/extensions/git/dist/main.js:2:948359)
	at async t.GitHistoryProvider.onDidRunGitStatus (/opt/vscodium-bin/resources/app/extensions/git/dist/main.js:2:941686)
2024-09-17 15:30:16.564 [error] Error: No such branch: master.
	at N.getBranch (/opt/vscodium-bin/resources/app/extensions/git/dist/main.js:2:937064)
	at async T.retryRun (/opt/vscodium-bin/resources/app/extensions/git/dist/main.js:2:1032765)
	at async T.run (/opt/vscodium-bin/resources/app/extensions/git/dist/main.js:2:1032369)
	at async T.getBranch (/opt/vscodium-bin/resources/app/extensions/git/dist/main.js:2:1020512)
	at async T.getBranchBase (/opt/vscodium-bin/resources/app/extensions/git/dist/main.js:2:1020798)
	at async t.GitHistoryProvider.resolveHEADMergeBase (/opt/vscodium-bin/resources/app/extensions/git/dist/main.js:2:948359)
	at async t.GitHistoryProvider.onDidRunGitStatus (/opt/vscodium-bin/resources/app/extensions/git/dist/main.js:2:941686)
2024-09-17 15:30:21.586 [error] Error: No such branch: master.
	at N.getBranch (/opt/vscodium-bin/resources/app/extensions/git/dist/main.js:2:937064)
	at async T.retryRun (/opt/vscodium-bin/resources/app/extensions/git/dist/main.js:2:1032765)
	at async T.run (/opt/vscodium-bin/resources/app/extensions/git/dist/main.js:2:1032369)
	at async T.getBranch (/opt/vscodium-bin/resources/app/extensions/git/dist/main.js:2:1020512)
	at async T.getBranchBase (/opt/vscodium-bin/resources/app/extensions/git/dist/main.js:2:1020798)
	at async t.GitHistoryProvider.resolveHEADMergeBase (/opt/vscodium-bin/resources/app/extensions/git/dist/main.js:2:948359)
	at async t.GitHistoryProvider.onDidRunGitStatus (/opt/vscodium-bin/resources/app/extensions/git/dist/main.js:2:941686)
2024-09-17 15:30:26.766 [error] Error: No such branch: master.
	at N.getBranch (/opt/vscodium-bin/resources/app/extensions/git/dist/main.js:2:937064)
	at async T.retryRun (/opt/vscodium-bin/resources/app/extensions/git/dist/main.js:2:1032765)
	at async T.run (/opt/vscodium-bin/resources/app/extensions/git/dist/main.js:2:1032369)
	at async T.getBranch (/opt/vscodium-bin/resources/app/extensions/git/dist/main.js:2:1020512)
	at async T.getBranchBase (/opt/vscodium-bin/resources/app/extensions/git/dist/main.js:2:1020798)
	at async t.GitHistoryProvider.resolveHEADMergeBase (/opt/vscodium-bin/resources/app/extensions/git/dist/main.js:2:948359)
	at async t.GitHistoryProvider.onDidRunGitStatus (/opt/vscodium-bin/resources/app/extensions/git/dist/main.js:2:941686)
2024-09-17 15:30:31.790 [error] Error: No such branch: master.
	at N.getBranch (/opt/vscodium-bin/resources/app/extensions/git/dist/main.js:2:937064)
	at async T.retryRun (/opt/vscodium-bin/resources/app/extensions/git/dist/main.js:2:1032765)
	at async T.run (/opt/vscodium-bin/resources/app/extensions/git/dist/main.js:2:1032369)
	at async T.getBranch (/opt/vscodium-bin/resources/app/extensions/git/dist/main.js:2:1020512)
	at async T.getBranchBase (/opt/vscodium-bin/resources/app/extensions/git/dist/main.js:2:1020798)
	at async t.GitHistoryProvider.resolveHEADMergeBase (/opt/vscodium-bin/resources/app/extensions/git/dist/main.js:2:948359)
	at async t.GitHistoryProvider.onDidRunGitStatus (/opt/vscodium-bin/resources/app/extensions/git/dist/main.js:2:941686)
2024-09-17 15:30:37.078 [error] Error: No such branch: master.
	at N.getBranch (/opt/vscodium-bin/resources/app/extensions/git/dist/main.js:2:937064)
	at async T.retryRun (/opt/vscodium-bin/resources/app/extensions/git/dist/main.js:2:1032765)
	at async T.run (/opt/vscodium-bin/resources/app/extensions/git/dist/main.js:2:1032369)
	at async T.getBranch (/opt/vscodium-bin/resources/app/extensions/git/dist/main.js:2:1020512)
	at async T.getBranchBase (/opt/vscodium-bin/resources/app/extensions/git/dist/main.js:2:1020798)
	at async t.GitHistoryProvider.resolveHEADMergeBase (/opt/vscodium-bin/resources/app/extensions/git/dist/main.js:2:948359)
	at async t.GitHistoryProvider.onDidRunGitStatus (/opt/vscodium-bin/resources/app/extensions/git/dist/main.js:2:941686)
2024-09-17 15:30:42.098 [error] Error: No such branch: master.
	at N.getBranch (/opt/vscodium-bin/resources/app/extensions/git/dist/main.js:2:937064)
	at async T.retryRun (/opt/vscodium-bin/resources/app/extensions/git/dist/main.js:2:1032765)
	at async T.run (/opt/vscodium-bin/resources/app/extensions/git/dist/main.js:2:1032369)
	at async T.getBranch (/opt/vscodium-bin/resources/app/extensions/git/dist/main.js:2:1020512)
	at async T.getBranchBase (/opt/vscodium-bin/resources/app/extensions/git/dist/main.js:2:1020798)
	at async t.GitHistoryProvider.resolveHEADMergeBase (/opt/vscodium-bin/resources/app/extensions/git/dist/main.js:2:948359)
	at async t.GitHistoryProvider.onDidRunGitStatus (/opt/vscodium-bin/resources/app/extensions/git/dist/main.js:2:941686)
2024-09-17 15:34:24.466 [error] Error: No such branch: master.
	at N.getBranch (/opt/vscodium-bin/resources/app/extensions/git/dist/main.js:2:937064)
	at async T.retryRun (/opt/vscodium-bin/resources/app/extensions/git/dist/main.js:2:1032765)
	at async T.run (/opt/vscodium-bin/resources/app/extensions/git/dist/main.js:2:1032369)
	at async T.getBranch (/opt/vscodium-bin/resources/app/extensions/git/dist/main.js:2:1020512)
	at async T.getBranchBase (/opt/vscodium-bin/resources/app/extensions/git/dist/main.js:2:1020798)
	at async t.GitHistoryProvider.resolveHEADMergeBase (/opt/vscodium-bin/resources/app/extensions/git/dist/main.js:2:948359)
	at async t.GitHistoryProvider.onDidRunGitStatus (/opt/vscodium-bin/resources/app/extensions/git/dist/main.js:2:941686)
2024-09-17 15:34:33.199 [error] Error: No such branch: master.
	at N.getBranch (/opt/vscodium-bin/resources/app/extensions/git/dist/main.js:2:937064)
	at async T.retryRun (/opt/vscodium-bin/resources/app/extensions/git/dist/main.js:2:1032765)
	at async T.run (/opt/vscodium-bin/resources/app/extensions/git/dist/main.js:2:1032369)
	at async T.getBranch (/opt/vscodium-bin/resources/app/extensions/git/dist/main.js:2:1020512)
	at async T.getBranchBase (/opt/vscodium-bin/resources/app/extensions/git/dist/main.js:2:1020798)
	at async t.GitHistoryProvider.resolveHEADMergeBase (/opt/vscodium-bin/resources/app/extensions/git/dist/main.js:2:948359)
	at async t.GitHistoryProvider.onDidRunGitStatus (/opt/vscodium-bin/resources/app/extensions/git/dist/main.js:2:941686)
2024-09-17 15:34:38.219 [error] Error: No such branch: master.
	at N.getBranch (/opt/vscodium-bin/resources/app/extensions/git/dist/main.js:2:937064)
	at async T.retryRun (/opt/vscodium-bin/resources/app/extensions/git/dist/main.js:2:1032765)
	at async T.run (/opt/vscodium-bin/resources/app/extensions/git/dist/main.js:2:1032369)
	at async T.getBranch (/opt/vscodium-bin/resources/app/extensions/git/dist/main.js:2:1020512)
	at async T.getBranchBase (/opt/vscodium-bin/resources/app/extensions/git/dist/main.js:2:1020798)
	at async t.GitHistoryProvider.resolveHEADMergeBase (/opt/vscodium-bin/resources/app/extensions/git/dist/main.js:2:948359)
	at async t.GitHistoryProvider.onDidRunGitStatus (/opt/vscodium-bin/resources/app/extensions/git/dist/main.js:2:941686)
2024-09-17 15:34:43.238 [error] Error: No such branch: master.
	at N.getBranch (/opt/vscodium-bin/resources/app/extensions/git/dist/main.js:2:937064)
	at async T.retryRun (/opt/vscodium-bin/resources/app/extensions/git/dist/main.js:2:1032765)
	at async T.run (/opt/vscodium-bin/resources/app/extensions/git/dist/main.js:2:1032369)
	at async T.getBranch (/opt/vscodium-bin/resources/app/extensions/git/dist/main.js:2:1020512)
	at async T.getBranchBase (/opt/vscodium-bin/resources/app/extensions/git/dist/main.js:2:1020798)
	at async t.GitHistoryProvider.resolveHEADMergeBase (/opt/vscodium-bin/resources/app/extensions/git/dist/main.js:2:948359)
	at async t.GitHistoryProvider.onDidRunGitStatus (/opt/vscodium-bin/resources/app/extensions/git/dist/main.js:2:941686)
2024-09-17 15:35:41.266 [error] Error: No such branch: master.
	at N.getBranch (/opt/vscodium-bin/resources/app/extensions/git/dist/main.js:2:937064)
	at async T.retryRun (/opt/vscodium-bin/resources/app/extensions/git/dist/main.js:2:1032765)
	at async T.run (/opt/vscodium-bin/resources/app/extensions/git/dist/main.js:2:1032369)
	at async T.getBranch (/opt/vscodium-bin/resources/app/extensions/git/dist/main.js:2:1020512)
	at async T.getBranchBase (/opt/vscodium-bin/resources/app/extensions/git/dist/main.js:2:1020798)
	at async t.GitHistoryProvider.resolveHEADMergeBase (/opt/vscodium-bin/resources/app/extensions/git/dist/main.js:2:948359)
	at async t.GitHistoryProvider.onDidRunGitStatus (/opt/vscodium-bin/resources/app/extensions/git/dist/main.js:2:941686)
2024-09-17 15:36:23.185 [error] Error: No such branch: master.
	at N.getBranch (/opt/vscodium-bin/resources/app/extensions/git/dist/main.js:2:937064)
	at async T.retryRun (/opt/vscodium-bin/resources/app/extensions/git/dist/main.js:2:1032765)
	at async T.run (/opt/vscodium-bin/resources/app/extensions/git/dist/main.js:2:1032369)
	at async T.getBranch (/opt/vscodium-bin/resources/app/extensions/git/dist/main.js:2:1020512)
	at async T.getBranchBase (/opt/vscodium-bin/resources/app/extensions/git/dist/main.js:2:1020798)
	at async t.GitHistoryProvider.resolveHEADMergeBase (/opt/vscodium-bin/resources/app/extensions/git/dist/main.js:2:948359)
	at async t.GitHistoryProvider.onDidRunGitStatus (/opt/vscodium-bin/resources/app/extensions/git/dist/main.js:2:941686)
2024-09-17 15:36:28.204 [error] Error: No such branch: master.
	at N.getBranch (/opt/vscodium-bin/resources/app/extensions/git/dist/main.js:2:937064)
	at async T.retryRun (/opt/vscodium-bin/resources/app/extensions/git/dist/main.js:2:1032765)
	at async T.run (/opt/vscodium-bin/resources/app/extensions/git/dist/main.js:2:1032369)
	at async T.getBranch (/opt/vscodium-bin/resources/app/extensions/git/dist/main.js:2:1020512)
	at async T.getBranchBase (/opt/vscodium-bin/resources/app/extensions/git/dist/main.js:2:1020798)
	at async t.GitHistoryProvider.resolveHEADMergeBase (/opt/vscodium-bin/resources/app/extensions/git/dist/main.js:2:948359)
	at async t.GitHistoryProvider.onDidRunGitStatus (/opt/vscodium-bin/resources/app/extensions/git/dist/main.js:2:941686)
2024-09-17 15:36:33.222 [error] Error: No such branch: master.
	at N.getBranch (/opt/vscodium-bin/resources/app/extensions/git/dist/main.js:2:937064)
	at async T.retryRun (/opt/vscodium-bin/resources/app/extensions/git/dist/main.js:2:1032765)
	at async T.run (/opt/vscodium-bin/resources/app/extensions/git/dist/main.js:2:1032369)
	at async T.getBranch (/opt/vscodium-bin/resources/app/extensions/git/dist/main.js:2:1020512)
	at async T.getBranchBase (/opt/vscodium-bin/resources/app/extensions/git/dist/main.js:2:1020798)
	at async t.GitHistoryProvider.resolveHEADMergeBase (/opt/vscodium-bin/resources/app/extensions/git/dist/main.js:2:948359)
	at async t.GitHistoryProvider.onDidRunGitStatus (/opt/vscodium-bin/resources/app/extensions/git/dist/main.js:2:941686)
2024-09-17 15:36:38.245 [error] Error: No such branch: master.
	at N.getBranch (/opt/vscodium-bin/resources/app/extensions/git/dist/main.js:2:937064)
	at async T.retryRun (/opt/vscodium-bin/resources/app/extensions/git/dist/main.js:2:1032765)
	at async T.run (/opt/vscodium-bin/resources/app/extensions/git/dist/main.js:2:1032369)
	at async T.getBranch (/opt/vscodium-bin/resources/app/extensions/git/dist/main.js:2:1020512)
	at async T.getBranchBase (/opt/vscodium-bin/resources/app/extensions/git/dist/main.js:2:1020798)
	at async t.GitHistoryProvider.resolveHEADMergeBase (/opt/vscodium-bin/resources/app/extensions/git/dist/main.js:2:948359)
	at async t.GitHistoryProvider.onDidRunGitStatus (/opt/vscodium-bin/resources/app/extensions/git/dist/main.js:2:941686)
2024-09-17 15:36:48.334 [error] Error: No such branch: master.
	at N.getBranch (/opt/vscodium-bin/resources/app/extensions/git/dist/main.js:2:937064)
	at async T.retryRun (/opt/vscodium-bin/resources/app/extensions/git/dist/main.js:2:1032765)
	at async T.run (/opt/vscodium-bin/resources/app/extensions/git/dist/main.js:2:1032369)
	at async T.getBranch (/opt/vscodium-bin/resources/app/extensions/git/dist/main.js:2:1020512)
	at async T.getBranchBase (/opt/vscodium-bin/resources/app/extensions/git/dist/main.js:2:1020798)
	at async t.GitHistoryProvider.resolveHEADMergeBase (/opt/vscodium-bin/resources/app/extensions/git/dist/main.js:2:948359)
	at async t.GitHistoryProvider.onDidRunGitStatus (/opt/vscodium-bin/resources/app/extensions/git/dist/main.js:2:941686)
2024-09-17 15:37:09.757 [error] Error: No such branch: master.
	at N.getBranch (/opt/vscodium-bin/resources/app/extensions/git/dist/main.js:2:937064)
	at process.processTicksAndRejections (node:internal/process/task_queues:95:5)
	at async T.retryRun (/opt/vscodium-bin/resources/app/extensions/git/dist/main.js:2:1032765)
	at async T.run (/opt/vscodium-bin/resources/app/extensions/git/dist/main.js:2:1032369)
	at async T.getBranch (/opt/vscodium-bin/resources/app/extensions/git/dist/main.js:2:1020512)
	at async T.getBranchBase (/opt/vscodium-bin/resources/app/extensions/git/dist/main.js:2:1020798)
	at async t.GitHistoryProvider.resolveHEADMergeBase (/opt/vscodium-bin/resources/app/extensions/git/dist/main.js:2:948359)
	at async t.GitHistoryProvider.onDidRunGitStatus (/opt/vscodium-bin/resources/app/extensions/git/dist/main.js:2:941686)
2024-09-17 15:37:25.569 [error] Error: No such branch: master.
	at N.getBranch (/opt/vscodium-bin/resources/app/extensions/git/dist/main.js:2:937064)
	at async T.retryRun (/opt/vscodium-bin/resources/app/extensions/git/dist/main.js:2:1032765)
	at async T.run (/opt/vscodium-bin/resources/app/extensions/git/dist/main.js:2:1032369)
	at async T.getBranch (/opt/vscodium-bin/resources/app/extensions/git/dist/main.js:2:1020512)
	at async T.getBranchBase (/opt/vscodium-bin/resources/app/extensions/git/dist/main.js:2:1020798)
	at async t.GitHistoryProvider.resolveHEADMergeBase (/opt/vscodium-bin/resources/app/extensions/git/dist/main.js:2:948359)
	at async t.GitHistoryProvider.onDidRunGitStatus (/opt/vscodium-bin/resources/app/extensions/git/dist/main.js:2:941686)
2024-09-17 15:37:30.591 [error] Error: No such branch: master.
	at N.getBranch (/opt/vscodium-bin/resources/app/extensions/git/dist/main.js:2:937064)
	at async T.retryRun (/opt/vscodium-bin/resources/app/extensions/git/dist/main.js:2:1032765)
	at async T.run (/opt/vscodium-bin/resources/app/extensions/git/dist/main.js:2:1032369)
	at async T.getBranch (/opt/vscodium-bin/resources/app/extensions/git/dist/main.js:2:1020512)
	at async T.getBranchBase (/opt/vscodium-bin/resources/app/extensions/git/dist/main.js:2:1020798)
	at async t.GitHistoryProvider.resolveHEADMergeBase (/opt/vscodium-bin/resources/app/extensions/git/dist/main.js:2:948359)
	at async t.GitHistoryProvider.onDidRunGitStatus (/opt/vscodium-bin/resources/app/extensions/git/dist/main.js:2:941686)
2024-09-17 15:44:51.247 [error] Error: No such branch: master.
	at N.getBranch (/opt/vscodium-bin/resources/app/extensions/git/dist/main.js:2:937064)
	at async T.retryRun (/opt/vscodium-bin/resources/app/extensions/git/dist/main.js:2:1032765)
	at async T.run (/opt/vscodium-bin/resources/app/extensions/git/dist/main.js:2:1032369)
	at async T.getBranch (/opt/vscodium-bin/resources/app/extensions/git/dist/main.js:2:1020512)
	at async T.getBranchBase (/opt/vscodium-bin/resources/app/extensions/git/dist/main.js:2:1020798)
	at async t.GitHistoryProvider.resolveHEADMergeBase (/opt/vscodium-bin/resources/app/extensions/git/dist/main.js:2:948359)
	at async t.GitHistoryProvider.onDidRunGitStatus (/opt/vscodium-bin/resources/app/extensions/git/dist/main.js:2:941686)
2024-09-17 15:44:56.268 [error] Error: No such branch: master.
	at N.getBranch (/opt/vscodium-bin/resources/app/extensions/git/dist/main.js:2:937064)
	at async T.retryRun (/opt/vscodium-bin/resources/app/extensions/git/dist/main.js:2:1032765)
	at async T.run (/opt/vscodium-bin/resources/app/extensions/git/dist/main.js:2:1032369)
	at async T.getBranch (/opt/vscodium-bin/resources/app/extensions/git/dist/main.js:2:1020512)
	at async T.getBranchBase (/opt/vscodium-bin/resources/app/extensions/git/dist/main.js:2:1020798)
	at async t.GitHistoryProvider.resolveHEADMergeBase (/opt/vscodium-bin/resources/app/extensions/git/dist/main.js:2:948359)
	at async t.GitHistoryProvider.onDidRunGitStatus (/opt/vscodium-bin/resources/app/extensions/git/dist/main.js:2:941686)
2024-09-17 15:45:30.586 [error] Error: No such branch: master.
	at N.getBranch (/opt/vscodium-bin/resources/app/extensions/git/dist/main.js:2:937064)
	at async T.retryRun (/opt/vscodium-bin/resources/app/extensions/git/dist/main.js:2:1032765)
	at async T.run (/opt/vscodium-bin/resources/app/extensions/git/dist/main.js:2:1032369)
	at async T.getBranch (/opt/vscodium-bin/resources/app/extensions/git/dist/main.js:2:1020512)
	at async T.getBranchBase (/opt/vscodium-bin/resources/app/extensions/git/dist/main.js:2:1020798)
	at async t.GitHistoryProvider.resolveHEADMergeBase (/opt/vscodium-bin/resources/app/extensions/git/dist/main.js:2:948359)
	at async t.GitHistoryProvider.onDidRunGitStatus (/opt/vscodium-bin/resources/app/extensions/git/dist/main.js:2:941686)
2024-09-17 15:45:35.610 [error] Error: No such branch: master.
	at N.getBranch (/opt/vscodium-bin/resources/app/extensions/git/dist/main.js:2:937064)
	at async T.retryRun (/opt/vscodium-bin/resources/app/extensions/git/dist/main.js:2:1032765)
	at async T.run (/opt/vscodium-bin/resources/app/extensions/git/dist/main.js:2:1032369)
	at async T.getBranch (/opt/vscodium-bin/resources/app/extensions/git/dist/main.js:2:1020512)
	at async T.getBranchBase (/opt/vscodium-bin/resources/app/extensions/git/dist/main.js:2:1020798)
	at async t.GitHistoryProvider.resolveHEADMergeBase (/opt/vscodium-bin/resources/app/extensions/git/dist/main.js:2:948359)
	at async t.GitHistoryProvider.onDidRunGitStatus (/opt/vscodium-bin/resources/app/extensions/git/dist/main.js:2:941686)
2024-09-17 15:46:28.777 [error] Error: No such branch: master.
	at N.getBranch (/opt/vscodium-bin/resources/app/extensions/git/dist/main.js:2:937064)
	at async T.retryRun (/opt/vscodium-bin/resources/app/extensions/git/dist/main.js:2:1032765)
	at async T.run (/opt/vscodium-bin/resources/app/extensions/git/dist/main.js:2:1032369)
	at async T.getBranch (/opt/vscodium-bin/resources/app/extensions/git/dist/main.js:2:1020512)
	at async T.getBranchBase (/opt/vscodium-bin/resources/app/extensions/git/dist/main.js:2:1020798)
	at async t.GitHistoryProvider.resolveHEADMergeBase (/opt/vscodium-bin/resources/app/extensions/git/dist/main.js:2:948359)
	at async t.GitHistoryProvider.onDidRunGitStatus (/opt/vscodium-bin/resources/app/extensions/git/dist/main.js:2:941686)
2024-09-17 15:46:33.794 [error] Error: No such branch: master.
	at N.getBranch (/opt/vscodium-bin/resources/app/extensions/git/dist/main.js:2:937064)
	at async T.retryRun (/opt/vscodium-bin/resources/app/extensions/git/dist/main.js:2:1032765)
	at async T.run (/opt/vscodium-bin/resources/app/extensions/git/dist/main.js:2:1032369)
	at async T.getBranch (/opt/vscodium-bin/resources/app/extensions/git/dist/main.js:2:1020512)
	at async T.getBranchBase (/opt/vscodium-bin/resources/app/extensions/git/dist/main.js:2:1020798)
	at async t.GitHistoryProvider.resolveHEADMergeBase (/opt/vscodium-bin/resources/app/extensions/git/dist/main.js:2:948359)
	at async t.GitHistoryProvider.onDidRunGitStatus (/opt/vscodium-bin/resources/app/extensions/git/dist/main.js:2:941686)
2024-09-17 15:47:50.026 [error] Error: No such branch: master.
	at N.getBranch (/opt/vscodium-bin/resources/app/extensions/git/dist/main.js:2:937064)
	at async T.retryRun (/opt/vscodium-bin/resources/app/extensions/git/dist/main.js:2:1032765)
	at async T.run (/opt/vscodium-bin/resources/app/extensions/git/dist/main.js:2:1032369)
	at async T.getBranch (/opt/vscodium-bin/resources/app/extensions/git/dist/main.js:2:1020512)
	at async T.getBranchBase (/opt/vscodium-bin/resources/app/extensions/git/dist/main.js:2:1020798)
	at async t.GitHistoryProvider.resolveHEADMergeBase (/opt/vscodium-bin/resources/app/extensions/git/dist/main.js:2:948359)
	at async t.GitHistoryProvider.onDidRunGitStatus (/opt/vscodium-bin/resources/app/extensions/git/dist/main.js:2:941686)
2024-09-17 15:47:55.049 [error] Error: No such branch: master.
	at N.getBranch (/opt/vscodium-bin/resources/app/extensions/git/dist/main.js:2:937064)
	at async T.retryRun (/opt/vscodium-bin/resources/app/extensions/git/dist/main.js:2:1032765)
	at async T.run (/opt/vscodium-bin/resources/app/extensions/git/dist/main.js:2:1032369)
	at async T.getBranch (/opt/vscodium-bin/resources/app/extensions/git/dist/main.js:2:1020512)
	at async T.getBranchBase (/opt/vscodium-bin/resources/app/extensions/git/dist/main.js:2:1020798)
	at async t.GitHistoryProvider.resolveHEADMergeBase (/opt/vscodium-bin/resources/app/extensions/git/dist/main.js:2:948359)
	at async t.GitHistoryProvider.onDidRunGitStatus (/opt/vscodium-bin/resources/app/extensions/git/dist/main.js:2:941686)
2024-09-17 15:57:32.592 [error] Error: No such branch: master.
	at N.getBranch (/opt/vscodium-bin/resources/app/extensions/git/dist/main.js:2:937064)
	at async T.retryRun (/opt/vscodium-bin/resources/app/extensions/git/dist/main.js:2:1032765)
	at async T.run (/opt/vscodium-bin/resources/app/extensions/git/dist/main.js:2:1032369)
	at async T.getBranch (/opt/vscodium-bin/resources/app/extensions/git/dist/main.js:2:1020512)
	at async T.getBranchBase (/opt/vscodium-bin/resources/app/extensions/git/dist/main.js:2:1020798)
	at async t.GitHistoryProvider.resolveHEADMergeBase (/opt/vscodium-bin/resources/app/extensions/git/dist/main.js:2:948359)
	at async t.GitHistoryProvider.onDidRunGitStatus (/opt/vscodium-bin/resources/app/extensions/git/dist/main.js:2:941686)
2024-09-17 15:57:39.439 [error] Error: No such branch: master.
	at N.getBranch (/opt/vscodium-bin/resources/app/extensions/git/dist/main.js:2:937064)
	at async T.retryRun (/opt/vscodium-bin/resources/app/extensions/git/dist/main.js:2:1032765)
	at async T.run (/opt/vscodium-bin/resources/app/extensions/git/dist/main.js:2:1032369)
	at async T.getBranch (/opt/vscodium-bin/resources/app/extensions/git/dist/main.js:2:1020512)
	at async T.getBranchBase (/opt/vscodium-bin/resources/app/extensions/git/dist/main.js:2:1020798)
	at async t.GitHistoryProvider.resolveHEADMergeBase (/opt/vscodium-bin/resources/app/extensions/git/dist/main.js:2:948359)
	at async t.GitHistoryProvider.onDidRunGitStatus (/opt/vscodium-bin/resources/app/extensions/git/dist/main.js:2:941686)
2024-09-17 15:57:55.686 [error] Error: No such branch: master.
	at N.getBranch (/opt/vscodium-bin/resources/app/extensions/git/dist/main.js:2:937064)
	at async T.retryRun (/opt/vscodium-bin/resources/app/extensions/git/dist/main.js:2:1032765)
	at async T.run (/opt/vscodium-bin/resources/app/extensions/git/dist/main.js:2:1032369)
	at async T.getBranch (/opt/vscodium-bin/resources/app/extensions/git/dist/main.js:2:1020512)
	at async T.getBranchBase (/opt/vscodium-bin/resources/app/extensions/git/dist/main.js:2:1020798)
	at async t.GitHistoryProvider.resolveHEADMergeBase (/opt/vscodium-bin/resources/app/extensions/git/dist/main.js:2:948359)
	at async t.GitHistoryProvider.onDidRunGitStatus (/opt/vscodium-bin/resources/app/extensions/git/dist/main.js:2:941686)
2024-09-17 15:58:00.707 [error] Error: No such branch: master.
	at N.getBranch (/opt/vscodium-bin/resources/app/extensions/git/dist/main.js:2:937064)
	at async T.retryRun (/opt/vscodium-bin/resources/app/extensions/git/dist/main.js:2:1032765)
	at async T.run (/opt/vscodium-bin/resources/app/extensions/git/dist/main.js:2:1032369)
	at async T.getBranch (/opt/vscodium-bin/resources/app/extensions/git/dist/main.js:2:1020512)
	at async T.getBranchBase (/opt/vscodium-bin/resources/app/extensions/git/dist/main.js:2:1020798)
	at async t.GitHistoryProvider.resolveHEADMergeBase (/opt/vscodium-bin/resources/app/extensions/git/dist/main.js:2:948359)
	at async t.GitHistoryProvider.onDidRunGitStatus (/opt/vscodium-bin/resources/app/extensions/git/dist/main.js:2:941686)
2024-09-17 15:58:05.756 [error] Error: No such branch: master.
	at N.getBranch (/opt/vscodium-bin/resources/app/extensions/git/dist/main.js:2:937064)
	at async T.retryRun (/opt/vscodium-bin/resources/app/extensions/git/dist/main.js:2:1032765)
	at async T.run (/opt/vscodium-bin/resources/app/extensions/git/dist/main.js:2:1032369)
	at async T.getBranch (/opt/vscodium-bin/resources/app/extensions/git/dist/main.js:2:1020512)
	at async T.getBranchBase (/opt/vscodium-bin/resources/app/extensions/git/dist/main.js:2:1020798)
	at async t.GitHistoryProvider.resolveHEADMergeBase (/opt/vscodium-bin/resources/app/extensions/git/dist/main.js:2:948359)
	at async t.GitHistoryProvider.onDidRunGitStatus (/opt/vscodium-bin/resources/app/extensions/git/dist/main.js:2:941686)
2024-09-17 15:58:16.854 [error] Error: No such branch: master.
	at N.getBranch (/opt/vscodium-bin/resources/app/extensions/git/dist/main.js:2:937064)
	at async T.retryRun (/opt/vscodium-bin/resources/app/extensions/git/dist/main.js:2:1032765)
	at async T.run (/opt/vscodium-bin/resources/app/extensions/git/dist/main.js:2:1032369)
	at async T.getBranch (/opt/vscodium-bin/resources/app/extensions/git/dist/main.js:2:1020512)
	at async T.getBranchBase (/opt/vscodium-bin/resources/app/extensions/git/dist/main.js:2:1020798)
	at async t.GitHistoryProvider.resolveHEADMergeBase (/opt/vscodium-bin/resources/app/extensions/git/dist/main.js:2:948359)
	at async t.GitHistoryProvider.onDidRunGitStatus (/opt/vscodium-bin/resources/app/extensions/git/dist/main.js:2:941686)
2024-09-17 15:58:34.259 [error] Error: No such branch: master.
	at N.getBranch (/opt/vscodium-bin/resources/app/extensions/git/dist/main.js:2:937064)
	at async T.retryRun (/opt/vscodium-bin/resources/app/extensions/git/dist/main.js:2:1032765)
	at async T.run (/opt/vscodium-bin/resources/app/extensions/git/dist/main.js:2:1032369)
	at async T.getBranch (/opt/vscodium-bin/resources/app/extensions/git/dist/main.js:2:1020512)
	at async T.getBranchBase (/opt/vscodium-bin/resources/app/extensions/git/dist/main.js:2:1020798)
	at async t.GitHistoryProvider.resolveHEADMergeBase (/opt/vscodium-bin/resources/app/extensions/git/dist/main.js:2:948359)
	at async t.GitHistoryProvider.onDidRunGitStatus (/opt/vscodium-bin/resources/app/extensions/git/dist/main.js:2:941686)
2024-09-17 16:01:12.081 [error] Error: No such branch: master.
	at N.getBranch (/opt/vscodium-bin/resources/app/extensions/git/dist/main.js:2:937064)
	at async T.retryRun (/opt/vscodium-bin/resources/app/extensions/git/dist/main.js:2:1032765)
	at async T.run (/opt/vscodium-bin/resources/app/extensions/git/dist/main.js:2:1032369)
	at async T.getBranch (/opt/vscodium-bin/resources/app/extensions/git/dist/main.js:2:1020512)
	at async T.getBranchBase (/opt/vscodium-bin/resources/app/extensions/git/dist/main.js:2:1020798)
	at async t.GitHistoryProvider.resolveHEADMergeBase (/opt/vscodium-bin/resources/app/extensions/git/dist/main.js:2:948359)
	at async t.GitHistoryProvider.onDidRunGitStatus (/opt/vscodium-bin/resources/app/extensions/git/dist/main.js:2:941686)
2024-09-17 16:02:17.741 [error] Error: No such branch: master.
	at N.getBranch (/opt/vscodium-bin/resources/app/extensions/git/dist/main.js:2:937064)
	at async T.retryRun (/opt/vscodium-bin/resources/app/extensions/git/dist/main.js:2:1032765)
	at async T.run (/opt/vscodium-bin/resources/app/extensions/git/dist/main.js:2:1032369)
	at async T.getBranch (/opt/vscodium-bin/resources/app/extensions/git/dist/main.js:2:1020512)
	at async T.getBranchBase (/opt/vscodium-bin/resources/app/extensions/git/dist/main.js:2:1020798)
	at async t.GitHistoryProvider.resolveHEADMergeBase (/opt/vscodium-bin/resources/app/extensions/git/dist/main.js:2:948359)
	at async t.GitHistoryProvider.onDidRunGitStatus (/opt/vscodium-bin/resources/app/extensions/git/dist/main.js:2:941686)
2024-09-17 16:02:22.764 [error] Error: No such branch: master.
	at N.getBranch (/opt/vscodium-bin/resources/app/extensions/git/dist/main.js:2:937064)
	at async T.retryRun (/opt/vscodium-bin/resources/app/extensions/git/dist/main.js:2:1032765)
	at async T.run (/opt/vscodium-bin/resources/app/extensions/git/dist/main.js:2:1032369)
	at async T.getBranch (/opt/vscodium-bin/resources/app/extensions/git/dist/main.js:2:1020512)
	at async T.getBranchBase (/opt/vscodium-bin/resources/app/extensions/git/dist/main.js:2:1020798)
	at async t.GitHistoryProvider.resolveHEADMergeBase (/opt/vscodium-bin/resources/app/extensions/git/dist/main.js:2:948359)
	at async t.GitHistoryProvider.onDidRunGitStatus (/opt/vscodium-bin/resources/app/extensions/git/dist/main.js:2:941686)
2024-09-17 16:02:33.102 [error] Error: No such branch: master.
	at N.getBranch (/opt/vscodium-bin/resources/app/extensions/git/dist/main.js:2:937064)
	at async T.retryRun (/opt/vscodium-bin/resources/app/extensions/git/dist/main.js:2:1032765)
	at async T.run (/opt/vscodium-bin/resources/app/extensions/git/dist/main.js:2:1032369)
	at async T.getBranch (/opt/vscodium-bin/resources/app/extensions/git/dist/main.js:2:1020512)
	at async T.getBranchBase (/opt/vscodium-bin/resources/app/extensions/git/dist/main.js:2:1020798)
	at async t.GitHistoryProvider.resolveHEADMergeBase (/opt/vscodium-bin/resources/app/extensions/git/dist/main.js:2:948359)
	at async t.GitHistoryProvider.onDidRunGitStatus (/opt/vscodium-bin/resources/app/extensions/git/dist/main.js:2:941686)
2024-09-17 16:02:43.127 [error] Error: No such branch: master.
	at N.getBranch (/opt/vscodium-bin/resources/app/extensions/git/dist/main.js:2:937064)
	at async T.retryRun (/opt/vscodium-bin/resources/app/extensions/git/dist/main.js:2:1032765)
	at async T.run (/opt/vscodium-bin/resources/app/extensions/git/dist/main.js:2:1032369)
	at async T.getBranch (/opt/vscodium-bin/resources/app/extensions/git/dist/main.js:2:1020512)
	at async T.getBranchBase (/opt/vscodium-bin/resources/app/extensions/git/dist/main.js:2:1020798)
	at async t.GitHistoryProvider.resolveHEADMergeBase (/opt/vscodium-bin/resources/app/extensions/git/dist/main.js:2:948359)
	at async t.GitHistoryProvider.onDidRunGitStatus (/opt/vscodium-bin/resources/app/extensions/git/dist/main.js:2:941686)
2024-09-17 16:02:59.655 [error] Error: No such branch: master.
	at N.getBranch (/opt/vscodium-bin/resources/app/extensions/git/dist/main.js:2:937064)
	at async T.retryRun (/opt/vscodium-bin/resources/app/extensions/git/dist/main.js:2:1032765)
	at async T.run (/opt/vscodium-bin/resources/app/extensions/git/dist/main.js:2:1032369)
	at async T.getBranch (/opt/vscodium-bin/resources/app/extensions/git/dist/main.js:2:1020512)
	at async T.getBranchBase (/opt/vscodium-bin/resources/app/extensions/git/dist/main.js:2:1020798)
	at async t.GitHistoryProvider.resolveHEADMergeBase (/opt/vscodium-bin/resources/app/extensions/git/dist/main.js:2:948359)
	at async t.GitHistoryProvider.onDidRunGitStatus (/opt/vscodium-bin/resources/app/extensions/git/dist/main.js:2:941686)
2024-09-17 16:03:07.948 [error] Error: No such branch: master.
	at N.getBranch (/opt/vscodium-bin/resources/app/extensions/git/dist/main.js:2:937064)
	at async T.retryRun (/opt/vscodium-bin/resources/app/extensions/git/dist/main.js:2:1032765)
	at async T.run (/opt/vscodium-bin/resources/app/extensions/git/dist/main.js:2:1032369)
	at async T.getBranch (/opt/vscodium-bin/resources/app/extensions/git/dist/main.js:2:1020512)
	at async T.getBranchBase (/opt/vscodium-bin/resources/app/extensions/git/dist/main.js:2:1020798)
	at async t.GitHistoryProvider.resolveHEADMergeBase (/opt/vscodium-bin/resources/app/extensions/git/dist/main.js:2:948359)
	at async t.GitHistoryProvider.onDidRunGitStatus (/opt/vscodium-bin/resources/app/extensions/git/dist/main.js:2:941686)
2024-09-17 16:03:13.034 [error] Error: No such branch: master.
	at N.getBranch (/opt/vscodium-bin/resources/app/extensions/git/dist/main.js:2:937064)
	at async T.retryRun (/opt/vscodium-bin/resources/app/extensions/git/dist/main.js:2:1032765)
	at async T.run (/opt/vscodium-bin/resources/app/extensions/git/dist/main.js:2:1032369)
	at async T.getBranch (/opt/vscodium-bin/resources/app/extensions/git/dist/main.js:2:1020512)
	at async T.getBranchBase (/opt/vscodium-bin/resources/app/extensions/git/dist/main.js:2:1020798)
	at async t.GitHistoryProvider.resolveHEADMergeBase (/opt/vscodium-bin/resources/app/extensions/git/dist/main.js:2:948359)
	at async t.GitHistoryProvider.onDidRunGitStatus (/opt/vscodium-bin/resources/app/extensions/git/dist/main.js:2:941686)
2024-09-17 16:03:39.901 [error] Error: No such branch: master.
	at N.getBranch (/opt/vscodium-bin/resources/app/extensions/git/dist/main.js:2:937064)
	at async T.retryRun (/opt/vscodium-bin/resources/app/extensions/git/dist/main.js:2:1032765)
	at async T.run (/opt/vscodium-bin/resources/app/extensions/git/dist/main.js:2:1032369)
	at async T.getBranch (/opt/vscodium-bin/resources/app/extensions/git/dist/main.js:2:1020512)
	at async T.getBranchBase (/opt/vscodium-bin/resources/app/extensions/git/dist/main.js:2:1020798)
	at async t.GitHistoryProvider.resolveHEADMergeBase (/opt/vscodium-bin/resources/app/extensions/git/dist/main.js:2:948359)
	at async t.GitHistoryProvider.onDidRunGitStatus (/opt/vscodium-bin/resources/app/extensions/git/dist/main.js:2:941686)
2024-09-17 16:18:30.670 [error] Error: No such branch: master.
	at N.getBranch (/opt/vscodium-bin/resources/app/extensions/git/dist/main.js:2:937064)
	at async T.retryRun (/opt/vscodium-bin/resources/app/extensions/git/dist/main.js:2:1032765)
	at async T.run (/opt/vscodium-bin/resources/app/extensions/git/dist/main.js:2:1032369)
	at async T.getBranch (/opt/vscodium-bin/resources/app/extensions/git/dist/main.js:2:1020512)
	at async T.getBranchBase (/opt/vscodium-bin/resources/app/extensions/git/dist/main.js:2:1020798)
	at async t.GitHistoryProvider.resolveHEADMergeBase (/opt/vscodium-bin/resources/app/extensions/git/dist/main.js:2:948359)
	at async t.GitHistoryProvider.onDidRunGitStatus (/opt/vscodium-bin/resources/app/extensions/git/dist/main.js:2:941686)
2024-09-17 16:19:04.282 [error] Error: No such branch: master.
	at N.getBranch (/opt/vscodium-bin/resources/app/extensions/git/dist/main.js:2:937064)
	at async T.retryRun (/opt/vscodium-bin/resources/app/extensions/git/dist/main.js:2:1032765)
	at async T.run (/opt/vscodium-bin/resources/app/extensions/git/dist/main.js:2:1032369)
	at async T.getBranch (/opt/vscodium-bin/resources/app/extensions/git/dist/main.js:2:1020512)
	at async T.getBranchBase (/opt/vscodium-bin/resources/app/extensions/git/dist/main.js:2:1020798)
	at async t.GitHistoryProvider.resolveHEADMergeBase (/opt/vscodium-bin/resources/app/extensions/git/dist/main.js:2:948359)
	at async t.GitHistoryProvider.onDidRunGitStatus (/opt/vscodium-bin/resources/app/extensions/git/dist/main.js:2:941686)
2024-09-17 16:19:09.305 [error] Error: No such branch: master.
	at N.getBranch (/opt/vscodium-bin/resources/app/extensions/git/dist/main.js:2:937064)
	at async T.retryRun (/opt/vscodium-bin/resources/app/extensions/git/dist/main.js:2:1032765)
	at async T.run (/opt/vscodium-bin/resources/app/extensions/git/dist/main.js:2:1032369)
	at async T.getBranch (/opt/vscodium-bin/resources/app/extensions/git/dist/main.js:2:1020512)
	at async T.getBranchBase (/opt/vscodium-bin/resources/app/extensions/git/dist/main.js:2:1020798)
	at async t.GitHistoryProvider.resolveHEADMergeBase (/opt/vscodium-bin/resources/app/extensions/git/dist/main.js:2:948359)
	at async t.GitHistoryProvider.onDidRunGitStatus (/opt/vscodium-bin/resources/app/extensions/git/dist/main.js:2:941686)
2024-09-17 16:19:14.323 [error] Error: No such branch: master.
	at N.getBranch (/opt/vscodium-bin/resources/app/extensions/git/dist/main.js:2:937064)
	at async T.retryRun (/opt/vscodium-bin/resources/app/extensions/git/dist/main.js:2:1032765)
	at async T.run (/opt/vscodium-bin/resources/app/extensions/git/dist/main.js:2:1032369)
	at async T.getBranch (/opt/vscodium-bin/resources/app/extensions/git/dist/main.js:2:1020512)
	at async T.getBranchBase (/opt/vscodium-bin/resources/app/extensions/git/dist/main.js:2:1020798)
	at async t.GitHistoryProvider.resolveHEADMergeBase (/opt/vscodium-bin/resources/app/extensions/git/dist/main.js:2:948359)
	at async t.GitHistoryProvider.onDidRunGitStatus (/opt/vscodium-bin/resources/app/extensions/git/dist/main.js:2:941686)
2024-09-17 16:19:57.674 [error] Error: No such branch: master.
	at N.getBranch (/opt/vscodium-bin/resources/app/extensions/git/dist/main.js:2:937064)
	at async T.retryRun (/opt/vscodium-bin/resources/app/extensions/git/dist/main.js:2:1032765)
	at async T.run (/opt/vscodium-bin/resources/app/extensions/git/dist/main.js:2:1032369)
	at async T.getBranch (/opt/vscodium-bin/resources/app/extensions/git/dist/main.js:2:1020512)
	at async T.getBranchBase (/opt/vscodium-bin/resources/app/extensions/git/dist/main.js:2:1020798)
	at async t.GitHistoryProvider.resolveHEADMergeBase (/opt/vscodium-bin/resources/app/extensions/git/dist/main.js:2:948359)
	at async t.GitHistoryProvider.onDidRunGitStatus (/opt/vscodium-bin/resources/app/extensions/git/dist/main.js:2:941686)
2024-09-17 16:20:02.692 [error] Error: No such branch: master.
	at N.getBranch (/opt/vscodium-bin/resources/app/extensions/git/dist/main.js:2:937064)
	at async T.retryRun (/opt/vscodium-bin/resources/app/extensions/git/dist/main.js:2:1032765)
	at async T.run (/opt/vscodium-bin/resources/app/extensions/git/dist/main.js:2:1032369)
	at async T.getBranch (/opt/vscodium-bin/resources/app/extensions/git/dist/main.js:2:1020512)
	at async T.getBranchBase (/opt/vscodium-bin/resources/app/extensions/git/dist/main.js:2:1020798)
	at async t.GitHistoryProvider.resolveHEADMergeBase (/opt/vscodium-bin/resources/app/extensions/git/dist/main.js:2:948359)
	at async t.GitHistoryProvider.onDidRunGitStatus (/opt/vscodium-bin/resources/app/extensions/git/dist/main.js:2:941686)
2024-09-17 16:20:08.082 [error] Error: No such branch: master.
	at N.getBranch (/opt/vscodium-bin/resources/app/extensions/git/dist/main.js:2:937064)
	at async T.retryRun (/opt/vscodium-bin/resources/app/extensions/git/dist/main.js:2:1032765)
	at async T.run (/opt/vscodium-bin/resources/app/extensions/git/dist/main.js:2:1032369)
	at async T.getBranch (/opt/vscodium-bin/resources/app/extensions/git/dist/main.js:2:1020512)
	at async T.getBranchBase (/opt/vscodium-bin/resources/app/extensions/git/dist/main.js:2:1020798)
	at async t.GitHistoryProvider.resolveHEADMergeBase (/opt/vscodium-bin/resources/app/extensions/git/dist/main.js:2:948359)
	at async t.GitHistoryProvider.onDidRunGitStatus (/opt/vscodium-bin/resources/app/extensions/git/dist/main.js:2:941686)
2024-09-17 16:21:14.704 [error] Error: No such branch: master.
	at N.getBranch (/opt/vscodium-bin/resources/app/extensions/git/dist/main.js:2:937064)
	at async T.retryRun (/opt/vscodium-bin/resources/app/extensions/git/dist/main.js:2:1032765)
	at async T.run (/opt/vscodium-bin/resources/app/extensions/git/dist/main.js:2:1032369)
	at async T.getBranch (/opt/vscodium-bin/resources/app/extensions/git/dist/main.js:2:1020512)
	at async T.getBranchBase (/opt/vscodium-bin/resources/app/extensions/git/dist/main.js:2:1020798)
	at async t.GitHistoryProvider.resolveHEADMergeBase (/opt/vscodium-bin/resources/app/extensions/git/dist/main.js:2:948359)
	at async t.GitHistoryProvider.onDidRunGitStatus (/opt/vscodium-bin/resources/app/extensions/git/dist/main.js:2:941686)
2024-09-17 16:21:19.743 [error] Error: No such branch: master.
	at N.getBranch (/opt/vscodium-bin/resources/app/extensions/git/dist/main.js:2:937064)
	at async T.retryRun (/opt/vscodium-bin/resources/app/extensions/git/dist/main.js:2:1032765)
	at async T.run (/opt/vscodium-bin/resources/app/extensions/git/dist/main.js:2:1032369)
	at async T.getBranch (/opt/vscodium-bin/resources/app/extensions/git/dist/main.js:2:1020512)
	at async T.getBranchBase (/opt/vscodium-bin/resources/app/extensions/git/dist/main.js:2:1020798)
	at async t.GitHistoryProvider.resolveHEADMergeBase (/opt/vscodium-bin/resources/app/extensions/git/dist/main.js:2:948359)
	at async t.GitHistoryProvider.onDidRunGitStatus (/opt/vscodium-bin/resources/app/extensions/git/dist/main.js:2:941686)
2024-09-17 16:21:24.762 [error] Error: No such branch: master.
	at N.getBranch (/opt/vscodium-bin/resources/app/extensions/git/dist/main.js:2:937064)
	at async T.retryRun (/opt/vscodium-bin/resources/app/extensions/git/dist/main.js:2:1032765)
	at async T.run (/opt/vscodium-bin/resources/app/extensions/git/dist/main.js:2:1032369)
	at async T.getBranch (/opt/vscodium-bin/resources/app/extensions/git/dist/main.js:2:1020512)
	at async T.getBranchBase (/opt/vscodium-bin/resources/app/extensions/git/dist/main.js:2:1020798)
	at async t.GitHistoryProvider.resolveHEADMergeBase (/opt/vscodium-bin/resources/app/extensions/git/dist/main.js:2:948359)
	at async t.GitHistoryProvider.onDidRunGitStatus (/opt/vscodium-bin/resources/app/extensions/git/dist/main.js:2:941686)
2024-09-17 16:21:30.227 [error] Error: No such branch: master.
	at N.getBranch (/opt/vscodium-bin/resources/app/extensions/git/dist/main.js:2:937064)
	at async T.retryRun (/opt/vscodium-bin/resources/app/extensions/git/dist/main.js:2:1032765)
	at async T.run (/opt/vscodium-bin/resources/app/extensions/git/dist/main.js:2:1032369)
	at async T.getBranch (/opt/vscodium-bin/resources/app/extensions/git/dist/main.js:2:1020512)
	at async T.getBranchBase (/opt/vscodium-bin/resources/app/extensions/git/dist/main.js:2:1020798)
	at async t.GitHistoryProvider.resolveHEADMergeBase (/opt/vscodium-bin/resources/app/extensions/git/dist/main.js:2:948359)
	at async t.GitHistoryProvider.onDidRunGitStatus (/opt/vscodium-bin/resources/app/extensions/git/dist/main.js:2:941686)
2024-09-17 16:22:52.881 [error] Error: No such branch: master.
	at N.getBranch (/opt/vscodium-bin/resources/app/extensions/git/dist/main.js:2:937064)
	at async T.retryRun (/opt/vscodium-bin/resources/app/extensions/git/dist/main.js:2:1032765)
	at async T.run (/opt/vscodium-bin/resources/app/extensions/git/dist/main.js:2:1032369)
	at async T.getBranch (/opt/vscodium-bin/resources/app/extensions/git/dist/main.js:2:1020512)
	at async T.getBranchBase (/opt/vscodium-bin/resources/app/extensions/git/dist/main.js:2:1020798)
	at async t.GitHistoryProvider.resolveHEADMergeBase (/opt/vscodium-bin/resources/app/extensions/git/dist/main.js:2:948359)
	at async t.GitHistoryProvider.onDidRunGitStatus (/opt/vscodium-bin/resources/app/extensions/git/dist/main.js:2:941686)
2024-09-17 16:22:57.903 [error] Error: No such branch: master.
	at N.getBranch (/opt/vscodium-bin/resources/app/extensions/git/dist/main.js:2:937064)
	at async T.retryRun (/opt/vscodium-bin/resources/app/extensions/git/dist/main.js:2:1032765)
	at async T.run (/opt/vscodium-bin/resources/app/extensions/git/dist/main.js:2:1032369)
	at async T.getBranch (/opt/vscodium-bin/resources/app/extensions/git/dist/main.js:2:1020512)
	at async T.getBranchBase (/opt/vscodium-bin/resources/app/extensions/git/dist/main.js:2:1020798)
	at async t.GitHistoryProvider.resolveHEADMergeBase (/opt/vscodium-bin/resources/app/extensions/git/dist/main.js:2:948359)
	at async t.GitHistoryProvider.onDidRunGitStatus (/opt/vscodium-bin/resources/app/extensions/git/dist/main.js:2:941686)
2024-09-17 16:23:02.922 [error] Error: No such branch: master.
	at N.getBranch (/opt/vscodium-bin/resources/app/extensions/git/dist/main.js:2:937064)
	at async T.retryRun (/opt/vscodium-bin/resources/app/extensions/git/dist/main.js:2:1032765)
	at async T.run (/opt/vscodium-bin/resources/app/extensions/git/dist/main.js:2:1032369)
	at async T.getBranch (/opt/vscodium-bin/resources/app/extensions/git/dist/main.js:2:1020512)
	at async T.getBranchBase (/opt/vscodium-bin/resources/app/extensions/git/dist/main.js:2:1020798)
	at async t.GitHistoryProvider.resolveHEADMergeBase (/opt/vscodium-bin/resources/app/extensions/git/dist/main.js:2:948359)
	at async t.GitHistoryProvider.onDidRunGitStatus (/opt/vscodium-bin/resources/app/extensions/git/dist/main.js:2:941686)
2024-09-17 16:23:07.944 [error] Error: No such branch: master.
	at N.getBranch (/opt/vscodium-bin/resources/app/extensions/git/dist/main.js:2:937064)
	at async T.retryRun (/opt/vscodium-bin/resources/app/extensions/git/dist/main.js:2:1032765)
	at async T.run (/opt/vscodium-bin/resources/app/extensions/git/dist/main.js:2:1032369)
	at async T.getBranch (/opt/vscodium-bin/resources/app/extensions/git/dist/main.js:2:1020512)
	at async T.getBranchBase (/opt/vscodium-bin/resources/app/extensions/git/dist/main.js:2:1020798)
	at async t.GitHistoryProvider.resolveHEADMergeBase (/opt/vscodium-bin/resources/app/extensions/git/dist/main.js:2:948359)
	at async t.GitHistoryProvider.onDidRunGitStatus (/opt/vscodium-bin/resources/app/extensions/git/dist/main.js:2:941686)
2024-09-17 16:23:12.973 [error] Error: No such branch: master.
	at N.getBranch (/opt/vscodium-bin/resources/app/extensions/git/dist/main.js:2:937064)
	at async T.retryRun (/opt/vscodium-bin/resources/app/extensions/git/dist/main.js:2:1032765)
	at async T.run (/opt/vscodium-bin/resources/app/extensions/git/dist/main.js:2:1032369)
	at async T.getBranch (/opt/vscodium-bin/resources/app/extensions/git/dist/main.js:2:1020512)
	at async T.getBranchBase (/opt/vscodium-bin/resources/app/extensions/git/dist/main.js:2:1020798)
	at async t.GitHistoryProvider.resolveHEADMergeBase (/opt/vscodium-bin/resources/app/extensions/git/dist/main.js:2:948359)
	at async t.GitHistoryProvider.onDidRunGitStatus (/opt/vscodium-bin/resources/app/extensions/git/dist/main.js:2:941686)
2024-09-17 16:23:40.289 [error] Error: No such branch: master.
	at N.getBranch (/opt/vscodium-bin/resources/app/extensions/git/dist/main.js:2:937064)
	at async T.retryRun (/opt/vscodium-bin/resources/app/extensions/git/dist/main.js:2:1032765)
	at async T.run (/opt/vscodium-bin/resources/app/extensions/git/dist/main.js:2:1032369)
	at async T.getBranch (/opt/vscodium-bin/resources/app/extensions/git/dist/main.js:2:1020512)
	at async T.getBranchBase (/opt/vscodium-bin/resources/app/extensions/git/dist/main.js:2:1020798)
	at async t.GitHistoryProvider.resolveHEADMergeBase (/opt/vscodium-bin/resources/app/extensions/git/dist/main.js:2:948359)
	at async t.GitHistoryProvider.onDidRunGitStatus (/opt/vscodium-bin/resources/app/extensions/git/dist/main.js:2:941686)
2024-09-17 16:23:45.309 [error] Error: No such branch: master.
	at N.getBranch (/opt/vscodium-bin/resources/app/extensions/git/dist/main.js:2:937064)
	at async T.retryRun (/opt/vscodium-bin/resources/app/extensions/git/dist/main.js:2:1032765)
	at async T.run (/opt/vscodium-bin/resources/app/extensions/git/dist/main.js:2:1032369)
	at async T.getBranch (/opt/vscodium-bin/resources/app/extensions/git/dist/main.js:2:1020512)
	at async T.getBranchBase (/opt/vscodium-bin/resources/app/extensions/git/dist/main.js:2:1020798)
	at async t.GitHistoryProvider.resolveHEADMergeBase (/opt/vscodium-bin/resources/app/extensions/git/dist/main.js:2:948359)
	at async t.GitHistoryProvider.onDidRunGitStatus (/opt/vscodium-bin/resources/app/extensions/git/dist/main.js:2:941686)
2024-09-17 16:23:55.511 [error] Error: No such branch: master.
	at N.getBranch (/opt/vscodium-bin/resources/app/extensions/git/dist/main.js:2:937064)
	at async T.retryRun (/opt/vscodium-bin/resources/app/extensions/git/dist/main.js:2:1032765)
	at async T.run (/opt/vscodium-bin/resources/app/extensions/git/dist/main.js:2:1032369)
	at async T.getBranch (/opt/vscodium-bin/resources/app/extensions/git/dist/main.js:2:1020512)
	at async T.getBranchBase (/opt/vscodium-bin/resources/app/extensions/git/dist/main.js:2:1020798)
	at async t.GitHistoryProvider.resolveHEADMergeBase (/opt/vscodium-bin/resources/app/extensions/git/dist/main.js:2:948359)
	at async t.GitHistoryProvider.onDidRunGitStatus (/opt/vscodium-bin/resources/app/extensions/git/dist/main.js:2:941686)
2024-09-17 16:24:02.243 [error] Error: No such branch: master.
	at N.getBranch (/opt/vscodium-bin/resources/app/extensions/git/dist/main.js:2:937064)
	at async T.retryRun (/opt/vscodium-bin/resources/app/extensions/git/dist/main.js:2:1032765)
	at async T.run (/opt/vscodium-bin/resources/app/extensions/git/dist/main.js:2:1032369)
	at async T.getBranch (/opt/vscodium-bin/resources/app/extensions/git/dist/main.js:2:1020512)
	at async T.getBranchBase (/opt/vscodium-bin/resources/app/extensions/git/dist/main.js:2:1020798)
	at async t.GitHistoryProvider.resolveHEADMergeBase (/opt/vscodium-bin/resources/app/extensions/git/dist/main.js:2:948359)
	at async t.GitHistoryProvider.onDidRunGitStatus (/opt/vscodium-bin/resources/app/extensions/git/dist/main.js:2:941686)
2024-09-17 16:24:08.680 [error] Error: No such branch: master.
	at N.getBranch (/opt/vscodium-bin/resources/app/extensions/git/dist/main.js:2:937064)
	at async T.retryRun (/opt/vscodium-bin/resources/app/extensions/git/dist/main.js:2:1032765)
	at async T.run (/opt/vscodium-bin/resources/app/extensions/git/dist/main.js:2:1032369)
	at async T.getBranch (/opt/vscodium-bin/resources/app/extensions/git/dist/main.js:2:1020512)
	at async T.getBranchBase (/opt/vscodium-bin/resources/app/extensions/git/dist/main.js:2:1020798)
	at async t.GitHistoryProvider.resolveHEADMergeBase (/opt/vscodium-bin/resources/app/extensions/git/dist/main.js:2:948359)
	at async t.GitHistoryProvider.onDidRunGitStatus (/opt/vscodium-bin/resources/app/extensions/git/dist/main.js:2:941686)
2024-09-17 16:25:12.905 [error] Error: No such branch: master.
	at N.getBranch (/opt/vscodium-bin/resources/app/extensions/git/dist/main.js:2:937064)
	at async T.retryRun (/opt/vscodium-bin/resources/app/extensions/git/dist/main.js:2:1032765)
	at async T.run (/opt/vscodium-bin/resources/app/extensions/git/dist/main.js:2:1032369)
	at async T.getBranch (/opt/vscodium-bin/resources/app/extensions/git/dist/main.js:2:1020512)
	at async T.getBranchBase (/opt/vscodium-bin/resources/app/extensions/git/dist/main.js:2:1020798)
	at async t.GitHistoryProvider.resolveHEADMergeBase (/opt/vscodium-bin/resources/app/extensions/git/dist/main.js:2:948359)
	at async t.GitHistoryProvider.onDidRunGitStatus (/opt/vscodium-bin/resources/app/extensions/git/dist/main.js:2:941686)
2024-09-17 16:25:17.925 [error] Error: No such branch: master.
	at N.getBranch (/opt/vscodium-bin/resources/app/extensions/git/dist/main.js:2:937064)
	at async T.retryRun (/opt/vscodium-bin/resources/app/extensions/git/dist/main.js:2:1032765)
	at async T.run (/opt/vscodium-bin/resources/app/extensions/git/dist/main.js:2:1032369)
	at async T.getBranch (/opt/vscodium-bin/resources/app/extensions/git/dist/main.js:2:1020512)
	at async T.getBranchBase (/opt/vscodium-bin/resources/app/extensions/git/dist/main.js:2:1020798)
	at async t.GitHistoryProvider.resolveHEADMergeBase (/opt/vscodium-bin/resources/app/extensions/git/dist/main.js:2:948359)
	at async t.GitHistoryProvider.onDidRunGitStatus (/opt/vscodium-bin/resources/app/extensions/git/dist/main.js:2:941686)
2024-09-17 16:25:26.452 [error] Error: No such branch: master.
	at N.getBranch (/opt/vscodium-bin/resources/app/extensions/git/dist/main.js:2:937064)
	at async T.retryRun (/opt/vscodium-bin/resources/app/extensions/git/dist/main.js:2:1032765)
	at async T.run (/opt/vscodium-bin/resources/app/extensions/git/dist/main.js:2:1032369)
	at async T.getBranch (/opt/vscodium-bin/resources/app/extensions/git/dist/main.js:2:1020512)
	at async T.getBranchBase (/opt/vscodium-bin/resources/app/extensions/git/dist/main.js:2:1020798)
	at async t.GitHistoryProvider.resolveHEADMergeBase (/opt/vscodium-bin/resources/app/extensions/git/dist/main.js:2:948359)
	at async t.GitHistoryProvider.onDidRunGitStatus (/opt/vscodium-bin/resources/app/extensions/git/dist/main.js:2:941686)
2024-09-17 16:25:59.429 [error] Error: No such branch: master.
	at N.getBranch (/opt/vscodium-bin/resources/app/extensions/git/dist/main.js:2:937064)
	at async T.retryRun (/opt/vscodium-bin/resources/app/extensions/git/dist/main.js:2:1032765)
	at async T.run (/opt/vscodium-bin/resources/app/extensions/git/dist/main.js:2:1032369)
	at async T.getBranch (/opt/vscodium-bin/resources/app/extensions/git/dist/main.js:2:1020512)
	at async T.getBranchBase (/opt/vscodium-bin/resources/app/extensions/git/dist/main.js:2:1020798)
	at async t.GitHistoryProvider.resolveHEADMergeBase (/opt/vscodium-bin/resources/app/extensions/git/dist/main.js:2:948359)
	at async t.GitHistoryProvider.onDidRunGitStatus (/opt/vscodium-bin/resources/app/extensions/git/dist/main.js:2:941686)
2024-09-17 16:26:04.445 [error] Error: No such branch: master.
	at N.getBranch (/opt/vscodium-bin/resources/app/extensions/git/dist/main.js:2:937064)
	at async T.retryRun (/opt/vscodium-bin/resources/app/extensions/git/dist/main.js:2:1032765)
	at async T.run (/opt/vscodium-bin/resources/app/extensions/git/dist/main.js:2:1032369)
	at async T.getBranch (/opt/vscodium-bin/resources/app/extensions/git/dist/main.js:2:1020512)
	at async T.getBranchBase (/opt/vscodium-bin/resources/app/extensions/git/dist/main.js:2:1020798)
	at async t.GitHistoryProvider.resolveHEADMergeBase (/opt/vscodium-bin/resources/app/extensions/git/dist/main.js:2:948359)
	at async t.GitHistoryProvider.onDidRunGitStatus (/opt/vscodium-bin/resources/app/extensions/git/dist/main.js:2:941686)
2024-09-17 16:26:09.464 [error] Error: No such branch: master.
	at N.getBranch (/opt/vscodium-bin/resources/app/extensions/git/dist/main.js:2:937064)
	at async T.retryRun (/opt/vscodium-bin/resources/app/extensions/git/dist/main.js:2:1032765)
	at async T.run (/opt/vscodium-bin/resources/app/extensions/git/dist/main.js:2:1032369)
	at async T.getBranch (/opt/vscodium-bin/resources/app/extensions/git/dist/main.js:2:1020512)
	at async T.getBranchBase (/opt/vscodium-bin/resources/app/extensions/git/dist/main.js:2:1020798)
	at async t.GitHistoryProvider.resolveHEADMergeBase (/opt/vscodium-bin/resources/app/extensions/git/dist/main.js:2:948359)
	at async t.GitHistoryProvider.onDidRunGitStatus (/opt/vscodium-bin/resources/app/extensions/git/dist/main.js:2:941686)
2024-09-17 16:27:02.540 [error] Error: No such branch: master.
	at N.getBranch (/opt/vscodium-bin/resources/app/extensions/git/dist/main.js:2:937064)
	at async T.retryRun (/opt/vscodium-bin/resources/app/extensions/git/dist/main.js:2:1032765)
	at async T.run (/opt/vscodium-bin/resources/app/extensions/git/dist/main.js:2:1032369)
	at async T.getBranch (/opt/vscodium-bin/resources/app/extensions/git/dist/main.js:2:1020512)
	at async T.getBranchBase (/opt/vscodium-bin/resources/app/extensions/git/dist/main.js:2:1020798)
	at async t.GitHistoryProvider.resolveHEADMergeBase (/opt/vscodium-bin/resources/app/extensions/git/dist/main.js:2:948359)
	at async t.GitHistoryProvider.onDidRunGitStatus (/opt/vscodium-bin/resources/app/extensions/git/dist/main.js:2:941686)
2024-09-17 16:27:07.557 [error] Error: No such branch: master.
	at N.getBranch (/opt/vscodium-bin/resources/app/extensions/git/dist/main.js:2:937064)
	at async T.retryRun (/opt/vscodium-bin/resources/app/extensions/git/dist/main.js:2:1032765)
	at async T.run (/opt/vscodium-bin/resources/app/extensions/git/dist/main.js:2:1032369)
	at async T.getBranch (/opt/vscodium-bin/resources/app/extensions/git/dist/main.js:2:1020512)
	at async T.getBranchBase (/opt/vscodium-bin/resources/app/extensions/git/dist/main.js:2:1020798)
	at async t.GitHistoryProvider.resolveHEADMergeBase (/opt/vscodium-bin/resources/app/extensions/git/dist/main.js:2:948359)
	at async t.GitHistoryProvider.onDidRunGitStatus (/opt/vscodium-bin/resources/app/extensions/git/dist/main.js:2:941686)
2024-09-17 16:27:12.577 [error] Error: No such branch: master.
	at N.getBranch (/opt/vscodium-bin/resources/app/extensions/git/dist/main.js:2:937064)
	at async T.retryRun (/opt/vscodium-bin/resources/app/extensions/git/dist/main.js:2:1032765)
	at async T.run (/opt/vscodium-bin/resources/app/extensions/git/dist/main.js:2:1032369)
	at async T.getBranch (/opt/vscodium-bin/resources/app/extensions/git/dist/main.js:2:1020512)
	at async T.getBranchBase (/opt/vscodium-bin/resources/app/extensions/git/dist/main.js:2:1020798)
	at async t.GitHistoryProvider.resolveHEADMergeBase (/opt/vscodium-bin/resources/app/extensions/git/dist/main.js:2:948359)
	at async t.GitHistoryProvider.onDidRunGitStatus (/opt/vscodium-bin/resources/app/extensions/git/dist/main.js:2:941686)
2024-09-17 16:27:17.598 [error] Error: No such branch: master.
	at N.getBranch (/opt/vscodium-bin/resources/app/extensions/git/dist/main.js:2:937064)
	at async T.retryRun (/opt/vscodium-bin/resources/app/extensions/git/dist/main.js:2:1032765)
	at async T.run (/opt/vscodium-bin/resources/app/extensions/git/dist/main.js:2:1032369)
	at async T.getBranch (/opt/vscodium-bin/resources/app/extensions/git/dist/main.js:2:1020512)
	at async T.getBranchBase (/opt/vscodium-bin/resources/app/extensions/git/dist/main.js:2:1020798)
	at async t.GitHistoryProvider.resolveHEADMergeBase (/opt/vscodium-bin/resources/app/extensions/git/dist/main.js:2:948359)
	at async t.GitHistoryProvider.onDidRunGitStatus (/opt/vscodium-bin/resources/app/extensions/git/dist/main.js:2:941686)
2024-09-17 16:28:45.920 [error] Error: INVALID code lens resolved, lacks command: rust-lang.rust-analyzer
	at c.resolveCodeLens (/opt/vscodium-bin/resources/app/out/vs/workbench/api/node/extensionHostProcess.js:161:119835)
2024-09-17 16:29:01.876 [error] Error: No such branch: master.
	at N.getBranch (/opt/vscodium-bin/resources/app/extensions/git/dist/main.js:2:937064)
	at async T.retryRun (/opt/vscodium-bin/resources/app/extensions/git/dist/main.js:2:1032765)
	at async T.run (/opt/vscodium-bin/resources/app/extensions/git/dist/main.js:2:1032369)
	at async T.getBranch (/opt/vscodium-bin/resources/app/extensions/git/dist/main.js:2:1020512)
	at async T.getBranchBase (/opt/vscodium-bin/resources/app/extensions/git/dist/main.js:2:1020798)
	at async t.GitHistoryProvider.resolveHEADMergeBase (/opt/vscodium-bin/resources/app/extensions/git/dist/main.js:2:948359)
	at async t.GitHistoryProvider.onDidRunGitStatus (/opt/vscodium-bin/resources/app/extensions/git/dist/main.js:2:941686)
2024-09-17 16:29:08.377 [error] Error: No such branch: master.
	at N.getBranch (/opt/vscodium-bin/resources/app/extensions/git/dist/main.js:2:937064)
	at async T.retryRun (/opt/vscodium-bin/resources/app/extensions/git/dist/main.js:2:1032765)
	at async T.run (/opt/vscodium-bin/resources/app/extensions/git/dist/main.js:2:1032369)
	at async T.getBranch (/opt/vscodium-bin/resources/app/extensions/git/dist/main.js:2:1020512)
	at async T.getBranchBase (/opt/vscodium-bin/resources/app/extensions/git/dist/main.js:2:1020798)
	at async t.GitHistoryProvider.resolveHEADMergeBase (/opt/vscodium-bin/resources/app/extensions/git/dist/main.js:2:948359)
	at async t.GitHistoryProvider.onDidRunGitStatus (/opt/vscodium-bin/resources/app/extensions/git/dist/main.js:2:941686)
2024-09-17 16:29:13.397 [error] Error: No such branch: master.
	at N.getBranch (/opt/vscodium-bin/resources/app/extensions/git/dist/main.js:2:937064)
	at async T.retryRun (/opt/vscodium-bin/resources/app/extensions/git/dist/main.js:2:1032765)
	at async T.run (/opt/vscodium-bin/resources/app/extensions/git/dist/main.js:2:1032369)
	at async T.getBranch (/opt/vscodium-bin/resources/app/extensions/git/dist/main.js:2:1020512)
	at async T.getBranchBase (/opt/vscodium-bin/resources/app/extensions/git/dist/main.js:2:1020798)
	at async t.GitHistoryProvider.resolveHEADMergeBase (/opt/vscodium-bin/resources/app/extensions/git/dist/main.js:2:948359)
	at async t.GitHistoryProvider.onDidRunGitStatus (/opt/vscodium-bin/resources/app/extensions/git/dist/main.js:2:941686)
2024-09-17 16:31:08.347 [error] Error: No such branch: master.
	at N.getBranch (/opt/vscodium-bin/resources/app/extensions/git/dist/main.js:2:937064)
	at async T.retryRun (/opt/vscodium-bin/resources/app/extensions/git/dist/main.js:2:1032765)
	at async T.run (/opt/vscodium-bin/resources/app/extensions/git/dist/main.js:2:1032369)
	at async T.getBranch (/opt/vscodium-bin/resources/app/extensions/git/dist/main.js:2:1020512)
	at async T.getBranchBase (/opt/vscodium-bin/resources/app/extensions/git/dist/main.js:2:1020798)
	at async t.GitHistoryProvider.resolveHEADMergeBase (/opt/vscodium-bin/resources/app/extensions/git/dist/main.js:2:948359)
	at async t.GitHistoryProvider.onDidRunGitStatus (/opt/vscodium-bin/resources/app/extensions/git/dist/main.js:2:941686)
2024-09-17 16:31:13.367 [error] Error: No such branch: master.
	at N.getBranch (/opt/vscodium-bin/resources/app/extensions/git/dist/main.js:2:937064)
	at async T.retryRun (/opt/vscodium-bin/resources/app/extensions/git/dist/main.js:2:1032765)
	at async T.run (/opt/vscodium-bin/resources/app/extensions/git/dist/main.js:2:1032369)
	at async T.getBranch (/opt/vscodium-bin/resources/app/extensions/git/dist/main.js:2:1020512)
	at async T.getBranchBase (/opt/vscodium-bin/resources/app/extensions/git/dist/main.js:2:1020798)
	at async t.GitHistoryProvider.resolveHEADMergeBase (/opt/vscodium-bin/resources/app/extensions/git/dist/main.js:2:948359)
	at async t.GitHistoryProvider.onDidRunGitStatus (/opt/vscodium-bin/resources/app/extensions/git/dist/main.js:2:941686)
2024-09-17 16:31:18.388 [error] Error: No such branch: master.
	at N.getBranch (/opt/vscodium-bin/resources/app/extensions/git/dist/main.js:2:937064)
	at async T.retryRun (/opt/vscodium-bin/resources/app/extensions/git/dist/main.js:2:1032765)
	at async T.run (/opt/vscodium-bin/resources/app/extensions/git/dist/main.js:2:1032369)
	at async T.getBranch (/opt/vscodium-bin/resources/app/extensions/git/dist/main.js:2:1020512)
	at async T.getBranchBase (/opt/vscodium-bin/resources/app/extensions/git/dist/main.js:2:1020798)
	at async t.GitHistoryProvider.resolveHEADMergeBase (/opt/vscodium-bin/resources/app/extensions/git/dist/main.js:2:948359)
	at async t.GitHistoryProvider.onDidRunGitStatus (/opt/vscodium-bin/resources/app/extensions/git/dist/main.js:2:941686)
2024-09-17 16:31:46.396 [error] Error: No such branch: master.
	at N.getBranch (/opt/vscodium-bin/resources/app/extensions/git/dist/main.js:2:937064)
	at async T.retryRun (/opt/vscodium-bin/resources/app/extensions/git/dist/main.js:2:1032765)
	at async T.run (/opt/vscodium-bin/resources/app/extensions/git/dist/main.js:2:1032369)
	at async T.getBranch (/opt/vscodium-bin/resources/app/extensions/git/dist/main.js:2:1020512)
	at async T.getBranchBase (/opt/vscodium-bin/resources/app/extensions/git/dist/main.js:2:1020798)
	at async t.GitHistoryProvider.resolveHEADMergeBase (/opt/vscodium-bin/resources/app/extensions/git/dist/main.js:2:948359)
	at async t.GitHistoryProvider.onDidRunGitStatus (/opt/vscodium-bin/resources/app/extensions/git/dist/main.js:2:941686)
2024-09-17 16:31:51.414 [error] Error: No such branch: master.
	at N.getBranch (/opt/vscodium-bin/resources/app/extensions/git/dist/main.js:2:937064)
	at async T.retryRun (/opt/vscodium-bin/resources/app/extensions/git/dist/main.js:2:1032765)
	at async T.run (/opt/vscodium-bin/resources/app/extensions/git/dist/main.js:2:1032369)
	at async T.getBranch (/opt/vscodium-bin/resources/app/extensions/git/dist/main.js:2:1020512)
	at async T.getBranchBase (/opt/vscodium-bin/resources/app/extensions/git/dist/main.js:2:1020798)
	at async t.GitHistoryProvider.resolveHEADMergeBase (/opt/vscodium-bin/resources/app/extensions/git/dist/main.js:2:948359)
	at async t.GitHistoryProvider.onDidRunGitStatus (/opt/vscodium-bin/resources/app/extensions/git/dist/main.js:2:941686)
2024-09-17 16:32:09.899 [error] Error: No such branch: master.
	at N.getBranch (/opt/vscodium-bin/resources/app/extensions/git/dist/main.js:2:937064)
	at async T.retryRun (/opt/vscodium-bin/resources/app/extensions/git/dist/main.js:2:1032765)
	at async T.run (/opt/vscodium-bin/resources/app/extensions/git/dist/main.js:2:1032369)
	at async T.getBranch (/opt/vscodium-bin/resources/app/extensions/git/dist/main.js:2:1020512)
	at async T.getBranchBase (/opt/vscodium-bin/resources/app/extensions/git/dist/main.js:2:1020798)
	at async t.GitHistoryProvider.resolveHEADMergeBase (/opt/vscodium-bin/resources/app/extensions/git/dist/main.js:2:948359)
	at async t.GitHistoryProvider.onDidRunGitStatus (/opt/vscodium-bin/resources/app/extensions/git/dist/main.js:2:941686)
2024-09-17 16:32:14.932 [error] Error: No such branch: master.
	at N.getBranch (/opt/vscodium-bin/resources/app/extensions/git/dist/main.js:2:937064)
	at async T.retryRun (/opt/vscodium-bin/resources/app/extensions/git/dist/main.js:2:1032765)
	at async T.run (/opt/vscodium-bin/resources/app/extensions/git/dist/main.js:2:1032369)
	at async T.getBranch (/opt/vscodium-bin/resources/app/extensions/git/dist/main.js:2:1020512)
	at async T.getBranchBase (/opt/vscodium-bin/resources/app/extensions/git/dist/main.js:2:1020798)
	at async t.GitHistoryProvider.resolveHEADMergeBase (/opt/vscodium-bin/resources/app/extensions/git/dist/main.js:2:948359)
	at async t.GitHistoryProvider.onDidRunGitStatus (/opt/vscodium-bin/resources/app/extensions/git/dist/main.js:2:941686)
2024-09-17 16:32:19.955 [error] Error: No such branch: master.
	at N.getBranch (/opt/vscodium-bin/resources/app/extensions/git/dist/main.js:2:937064)
	at async T.retryRun (/opt/vscodium-bin/resources/app/extensions/git/dist/main.js:2:1032765)
	at async T.run (/opt/vscodium-bin/resources/app/extensions/git/dist/main.js:2:1032369)
	at async T.getBranch (/opt/vscodium-bin/resources/app/extensions/git/dist/main.js:2:1020512)
	at async T.getBranchBase (/opt/vscodium-bin/resources/app/extensions/git/dist/main.js:2:1020798)
	at async t.GitHistoryProvider.resolveHEADMergeBase (/opt/vscodium-bin/resources/app/extensions/git/dist/main.js:2:948359)
	at async t.GitHistoryProvider.onDidRunGitStatus (/opt/vscodium-bin/resources/app/extensions/git/dist/main.js:2:941686)
2024-09-17 16:32:28.129 [error] Error: No such branch: master.
	at N.getBranch (/opt/vscodium-bin/resources/app/extensions/git/dist/main.js:2:937064)
	at async T.retryRun (/opt/vscodium-bin/resources/app/extensions/git/dist/main.js:2:1032765)
	at async T.run (/opt/vscodium-bin/resources/app/extensions/git/dist/main.js:2:1032369)
	at async T.getBranch (/opt/vscodium-bin/resources/app/extensions/git/dist/main.js:2:1020512)
	at async T.getBranchBase (/opt/vscodium-bin/resources/app/extensions/git/dist/main.js:2:1020798)
	at async t.GitHistoryProvider.resolveHEADMergeBase (/opt/vscodium-bin/resources/app/extensions/git/dist/main.js:2:948359)
	at async t.GitHistoryProvider.onDidRunGitStatus (/opt/vscodium-bin/resources/app/extensions/git/dist/main.js:2:941686)
2024-09-17 16:32:33.156 [error] Error: No such branch: master.
	at N.getBranch (/opt/vscodium-bin/resources/app/extensions/git/dist/main.js:2:937064)
	at async T.retryRun (/opt/vscodium-bin/resources/app/extensions/git/dist/main.js:2:1032765)
	at async T.run (/opt/vscodium-bin/resources/app/extensions/git/dist/main.js:2:1032369)
	at async T.getBranch (/opt/vscodium-bin/resources/app/extensions/git/dist/main.js:2:1020512)
	at async T.getBranchBase (/opt/vscodium-bin/resources/app/extensions/git/dist/main.js:2:1020798)
	at async t.GitHistoryProvider.resolveHEADMergeBase (/opt/vscodium-bin/resources/app/extensions/git/dist/main.js:2:948359)
	at async t.GitHistoryProvider.onDidRunGitStatus (/opt/vscodium-bin/resources/app/extensions/git/dist/main.js:2:941686)
2024-09-17 16:32:38.174 [error] Error: No such branch: master.
	at N.getBranch (/opt/vscodium-bin/resources/app/extensions/git/dist/main.js:2:937064)
	at async T.retryRun (/opt/vscodium-bin/resources/app/extensions/git/dist/main.js:2:1032765)
	at async T.run (/opt/vscodium-bin/resources/app/extensions/git/dist/main.js:2:1032369)
	at async T.getBranch (/opt/vscodium-bin/resources/app/extensions/git/dist/main.js:2:1020512)
	at async T.getBranchBase (/opt/vscodium-bin/resources/app/extensions/git/dist/main.js:2:1020798)
	at async t.GitHistoryProvider.resolveHEADMergeBase (/opt/vscodium-bin/resources/app/extensions/git/dist/main.js:2:948359)
	at async t.GitHistoryProvider.onDidRunGitStatus (/opt/vscodium-bin/resources/app/extensions/git/dist/main.js:2:941686)
2024-09-17 16:34:07.587 [error] Error: No such branch: master.
	at N.getBranch (/opt/vscodium-bin/resources/app/extensions/git/dist/main.js:2:937064)
	at async T.retryRun (/opt/vscodium-bin/resources/app/extensions/git/dist/main.js:2:1032765)
	at async T.run (/opt/vscodium-bin/resources/app/extensions/git/dist/main.js:2:1032369)
	at async T.getBranch (/opt/vscodium-bin/resources/app/extensions/git/dist/main.js:2:1020512)
	at async T.getBranchBase (/opt/vscodium-bin/resources/app/extensions/git/dist/main.js:2:1020798)
	at async t.GitHistoryProvider.resolveHEADMergeBase (/opt/vscodium-bin/resources/app/extensions/git/dist/main.js:2:948359)
	at async t.GitHistoryProvider.onDidRunGitStatus (/opt/vscodium-bin/resources/app/extensions/git/dist/main.js:2:941686)
2024-09-17 16:34:12.607 [error] Error: No such branch: master.
	at N.getBranch (/opt/vscodium-bin/resources/app/extensions/git/dist/main.js:2:937064)
	at async T.retryRun (/opt/vscodium-bin/resources/app/extensions/git/dist/main.js:2:1032765)
	at async T.run (/opt/vscodium-bin/resources/app/extensions/git/dist/main.js:2:1032369)
	at async T.getBranch (/opt/vscodium-bin/resources/app/extensions/git/dist/main.js:2:1020512)
	at async T.getBranchBase (/opt/vscodium-bin/resources/app/extensions/git/dist/main.js:2:1020798)
	at async t.GitHistoryProvider.resolveHEADMergeBase (/opt/vscodium-bin/resources/app/extensions/git/dist/main.js:2:948359)
	at async t.GitHistoryProvider.onDidRunGitStatus (/opt/vscodium-bin/resources/app/extensions/git/dist/main.js:2:941686)
2024-09-17 16:34:17.624 [error] Error: No such branch: master.
	at N.getBranch (/opt/vscodium-bin/resources/app/extensions/git/dist/main.js:2:937064)
	at async T.retryRun (/opt/vscodium-bin/resources/app/extensions/git/dist/main.js:2:1032765)
	at async T.run (/opt/vscodium-bin/resources/app/extensions/git/dist/main.js:2:1032369)
	at async T.getBranch (/opt/vscodium-bin/resources/app/extensions/git/dist/main.js:2:1020512)
	at async T.getBranchBase (/opt/vscodium-bin/resources/app/extensions/git/dist/main.js:2:1020798)
	at async t.GitHistoryProvider.resolveHEADMergeBase (/opt/vscodium-bin/resources/app/extensions/git/dist/main.js:2:948359)
	at async t.GitHistoryProvider.onDidRunGitStatus (/opt/vscodium-bin/resources/app/extensions/git/dist/main.js:2:941686)
2024-09-17 16:34:33.200 [error] Error: No such branch: master.
	at N.getBranch (/opt/vscodium-bin/resources/app/extensions/git/dist/main.js:2:937064)
	at async T.retryRun (/opt/vscodium-bin/resources/app/extensions/git/dist/main.js:2:1032765)
	at async T.run (/opt/vscodium-bin/resources/app/extensions/git/dist/main.js:2:1032369)
	at async T.getBranch (/opt/vscodium-bin/resources/app/extensions/git/dist/main.js:2:1020512)
	at async T.getBranchBase (/opt/vscodium-bin/resources/app/extensions/git/dist/main.js:2:1020798)
	at async t.GitHistoryProvider.resolveHEADMergeBase (/opt/vscodium-bin/resources/app/extensions/git/dist/main.js:2:948359)
	at async t.GitHistoryProvider.onDidRunGitStatus (/opt/vscodium-bin/resources/app/extensions/git/dist/main.js:2:941686)
2024-09-17 16:34:43.251 [error] Error: No such branch: master.
	at N.getBranch (/opt/vscodium-bin/resources/app/extensions/git/dist/main.js:2:937064)
	at async T.retryRun (/opt/vscodium-bin/resources/app/extensions/git/dist/main.js:2:1032765)
	at async T.run (/opt/vscodium-bin/resources/app/extensions/git/dist/main.js:2:1032369)
	at async T.getBranch (/opt/vscodium-bin/resources/app/extensions/git/dist/main.js:2:1020512)
	at async T.getBranchBase (/opt/vscodium-bin/resources/app/extensions/git/dist/main.js:2:1020798)
	at async t.GitHistoryProvider.resolveHEADMergeBase (/opt/vscodium-bin/resources/app/extensions/git/dist/main.js:2:948359)
	at async t.GitHistoryProvider.onDidRunGitStatus (/opt/vscodium-bin/resources/app/extensions/git/dist/main.js:2:941686)
2024-09-17 16:34:48.266 [error] Error: No such branch: master.
	at N.getBranch (/opt/vscodium-bin/resources/app/extensions/git/dist/main.js:2:937064)
	at async T.retryRun (/opt/vscodium-bin/resources/app/extensions/git/dist/main.js:2:1032765)
	at async T.run (/opt/vscodium-bin/resources/app/extensions/git/dist/main.js:2:1032369)
	at async T.getBranch (/opt/vscodium-bin/resources/app/extensions/git/dist/main.js:2:1020512)
	at async T.getBranchBase (/opt/vscodium-bin/resources/app/extensions/git/dist/main.js:2:1020798)
	at async t.GitHistoryProvider.resolveHEADMergeBase (/opt/vscodium-bin/resources/app/extensions/git/dist/main.js:2:948359)
	at async t.GitHistoryProvider.onDidRunGitStatus (/opt/vscodium-bin/resources/app/extensions/git/dist/main.js:2:941686)
2024-09-17 16:34:54.497 [error] Error: No such branch: master.
	at N.getBranch (/opt/vscodium-bin/resources/app/extensions/git/dist/main.js:2:937064)
	at async T.retryRun (/opt/vscodium-bin/resources/app/extensions/git/dist/main.js:2:1032765)
	at async T.run (/opt/vscodium-bin/resources/app/extensions/git/dist/main.js:2:1032369)
	at async T.getBranch (/opt/vscodium-bin/resources/app/extensions/git/dist/main.js:2:1020512)
	at async T.getBranchBase (/opt/vscodium-bin/resources/app/extensions/git/dist/main.js:2:1020798)
	at async t.GitHistoryProvider.resolveHEADMergeBase (/opt/vscodium-bin/resources/app/extensions/git/dist/main.js:2:948359)
	at async t.GitHistoryProvider.onDidRunGitStatus (/opt/vscodium-bin/resources/app/extensions/git/dist/main.js:2:941686)
2024-09-17 16:34:59.520 [error] Error: No such branch: master.
	at N.getBranch (/opt/vscodium-bin/resources/app/extensions/git/dist/main.js:2:937064)
	at async T.retryRun (/opt/vscodium-bin/resources/app/extensions/git/dist/main.js:2:1032765)
	at async T.run (/opt/vscodium-bin/resources/app/extensions/git/dist/main.js:2:1032369)
	at async T.getBranch (/opt/vscodium-bin/resources/app/extensions/git/dist/main.js:2:1020512)
	at async T.getBranchBase (/opt/vscodium-bin/resources/app/extensions/git/dist/main.js:2:1020798)
	at async t.GitHistoryProvider.resolveHEADMergeBase (/opt/vscodium-bin/resources/app/extensions/git/dist/main.js:2:948359)
	at async t.GitHistoryProvider.onDidRunGitStatus (/opt/vscodium-bin/resources/app/extensions/git/dist/main.js:2:941686)
2024-09-17 16:35:04.541 [error] Error: No such branch: master.
	at N.getBranch (/opt/vscodium-bin/resources/app/extensions/git/dist/main.js:2:937064)
	at async T.retryRun (/opt/vscodium-bin/resources/app/extensions/git/dist/main.js:2:1032765)
	at async T.run (/opt/vscodium-bin/resources/app/extensions/git/dist/main.js:2:1032369)
	at async T.getBranch (/opt/vscodium-bin/resources/app/extensions/git/dist/main.js:2:1020512)
	at async T.getBranchBase (/opt/vscodium-bin/resources/app/extensions/git/dist/main.js:2:1020798)
	at async t.GitHistoryProvider.resolveHEADMergeBase (/opt/vscodium-bin/resources/app/extensions/git/dist/main.js:2:948359)
	at async t.GitHistoryProvider.onDidRunGitStatus (/opt/vscodium-bin/resources/app/extensions/git/dist/main.js:2:941686)
2024-09-17 16:35:28.966 [error] Error: No such branch: master.
	at N.getBranch (/opt/vscodium-bin/resources/app/extensions/git/dist/main.js:2:937064)
	at async T.retryRun (/opt/vscodium-bin/resources/app/extensions/git/dist/main.js:2:1032765)
	at async T.run (/opt/vscodium-bin/resources/app/extensions/git/dist/main.js:2:1032369)
	at async T.getBranch (/opt/vscodium-bin/resources/app/extensions/git/dist/main.js:2:1020512)
	at async T.getBranchBase (/opt/vscodium-bin/resources/app/extensions/git/dist/main.js:2:1020798)
	at async t.GitHistoryProvider.resolveHEADMergeBase (/opt/vscodium-bin/resources/app/extensions/git/dist/main.js:2:948359)
	at async t.GitHistoryProvider.onDidRunGitStatus (/opt/vscodium-bin/resources/app/extensions/git/dist/main.js:2:941686)
2024-09-17 16:35:34.009 [error] Error: No such branch: master.
	at N.getBranch (/opt/vscodium-bin/resources/app/extensions/git/dist/main.js:2:937064)
	at async T.retryRun (/opt/vscodium-bin/resources/app/extensions/git/dist/main.js:2:1032765)
	at async T.run (/opt/vscodium-bin/resources/app/extensions/git/dist/main.js:2:1032369)
	at async T.getBranch (/opt/vscodium-bin/resources/app/extensions/git/dist/main.js:2:1020512)
	at async T.getBranchBase (/opt/vscodium-bin/resources/app/extensions/git/dist/main.js:2:1020798)
	at async t.GitHistoryProvider.resolveHEADMergeBase (/opt/vscodium-bin/resources/app/extensions/git/dist/main.js:2:948359)
	at async t.GitHistoryProvider.onDidRunGitStatus (/opt/vscodium-bin/resources/app/extensions/git/dist/main.js:2:941686)
2024-09-17 16:35:47.631 [error] Error: No such branch: master.
	at N.getBranch (/opt/vscodium-bin/resources/app/extensions/git/dist/main.js:2:937064)
	at process.processTicksAndRejections (node:internal/process/task_queues:95:5)
	at async T.retryRun (/opt/vscodium-bin/resources/app/extensions/git/dist/main.js:2:1032765)
	at async T.run (/opt/vscodium-bin/resources/app/extensions/git/dist/main.js:2:1032369)
	at async T.getBranch (/opt/vscodium-bin/resources/app/extensions/git/dist/main.js:2:1020512)
	at async T.getBranchBase (/opt/vscodium-bin/resources/app/extensions/git/dist/main.js:2:1020798)
	at async t.GitHistoryProvider.resolveHEADMergeBase (/opt/vscodium-bin/resources/app/extensions/git/dist/main.js:2:948359)
	at async t.GitHistoryProvider.onDidRunGitStatus (/opt/vscodium-bin/resources/app/extensions/git/dist/main.js:2:941686)
2024-09-17 16:35:52.652 [error] Error: No such branch: master.
	at N.getBranch (/opt/vscodium-bin/resources/app/extensions/git/dist/main.js:2:937064)
	at async T.retryRun (/opt/vscodium-bin/resources/app/extensions/git/dist/main.js:2:1032765)
	at async T.run (/opt/vscodium-bin/resources/app/extensions/git/dist/main.js:2:1032369)
	at async T.getBranch (/opt/vscodium-bin/resources/app/extensions/git/dist/main.js:2:1020512)
	at async T.getBranchBase (/opt/vscodium-bin/resources/app/extensions/git/dist/main.js:2:1020798)
	at async t.GitHistoryProvider.resolveHEADMergeBase (/opt/vscodium-bin/resources/app/extensions/git/dist/main.js:2:948359)
	at async t.GitHistoryProvider.onDidRunGitStatus (/opt/vscodium-bin/resources/app/extensions/git/dist/main.js:2:941686)
2024-09-17 16:35:57.674 [error] Error: No such branch: master.
	at N.getBranch (/opt/vscodium-bin/resources/app/extensions/git/dist/main.js:2:937064)
	at async T.retryRun (/opt/vscodium-bin/resources/app/extensions/git/dist/main.js:2:1032765)
	at async T.run (/opt/vscodium-bin/resources/app/extensions/git/dist/main.js:2:1032369)
	at async T.getBranch (/opt/vscodium-bin/resources/app/extensions/git/dist/main.js:2:1020512)
	at async T.getBranchBase (/opt/vscodium-bin/resources/app/extensions/git/dist/main.js:2:1020798)
	at async t.GitHistoryProvider.resolveHEADMergeBase (/opt/vscodium-bin/resources/app/extensions/git/dist/main.js:2:948359)
	at async t.GitHistoryProvider.onDidRunGitStatus (/opt/vscodium-bin/resources/app/extensions/git/dist/main.js:2:941686)
2024-09-17 16:37:04.896 [error] Error: No such branch: master.
	at N.getBranch (/opt/vscodium-bin/resources/app/extensions/git/dist/main.js:2:937064)
	at async T.retryRun (/opt/vscodium-bin/resources/app/extensions/git/dist/main.js:2:1032765)
	at async T.run (/opt/vscodium-bin/resources/app/extensions/git/dist/main.js:2:1032369)
	at async T.getBranch (/opt/vscodium-bin/resources/app/extensions/git/dist/main.js:2:1020512)
	at async T.getBranchBase (/opt/vscodium-bin/resources/app/extensions/git/dist/main.js:2:1020798)
	at async t.GitHistoryProvider.resolveHEADMergeBase (/opt/vscodium-bin/resources/app/extensions/git/dist/main.js:2:948359)
	at async t.GitHistoryProvider.onDidRunGitStatus (/opt/vscodium-bin/resources/app/extensions/git/dist/main.js:2:941686)
2024-09-17 16:37:09.918 [error] Error: No such branch: master.
	at N.getBranch (/opt/vscodium-bin/resources/app/extensions/git/dist/main.js:2:937064)
	at async T.retryRun (/opt/vscodium-bin/resources/app/extensions/git/dist/main.js:2:1032765)
	at async T.run (/opt/vscodium-bin/resources/app/extensions/git/dist/main.js:2:1032369)
	at async T.getBranch (/opt/vscodium-bin/resources/app/extensions/git/dist/main.js:2:1020512)
	at async T.getBranchBase (/opt/vscodium-bin/resources/app/extensions/git/dist/main.js:2:1020798)
	at async t.GitHistoryProvider.resolveHEADMergeBase (/opt/vscodium-bin/resources/app/extensions/git/dist/main.js:2:948359)
	at async t.GitHistoryProvider.onDidRunGitStatus (/opt/vscodium-bin/resources/app/extensions/git/dist/main.js:2:941686)
2024-09-17 16:37:14.937 [error] Error: No such branch: master.
	at N.getBranch (/opt/vscodium-bin/resources/app/extensions/git/dist/main.js:2:937064)
	at async T.retryRun (/opt/vscodium-bin/resources/app/extensions/git/dist/main.js:2:1032765)
	at async T.run (/opt/vscodium-bin/resources/app/extensions/git/dist/main.js:2:1032369)
	at async T.getBranch (/opt/vscodium-bin/resources/app/extensions/git/dist/main.js:2:1020512)
	at async T.getBranchBase (/opt/vscodium-bin/resources/app/extensions/git/dist/main.js:2:1020798)
	at async t.GitHistoryProvider.resolveHEADMergeBase (/opt/vscodium-bin/resources/app/extensions/git/dist/main.js:2:948359)
	at async t.GitHistoryProvider.onDidRunGitStatus (/opt/vscodium-bin/resources/app/extensions/git/dist/main.js:2:941686)
2024-09-17 16:51:29.319 [error] Error: No such branch: master.
	at N.getBranch (/opt/vscodium-bin/resources/app/extensions/git/dist/main.js:2:937064)
	at async T.retryRun (/opt/vscodium-bin/resources/app/extensions/git/dist/main.js:2:1032765)
	at async T.run (/opt/vscodium-bin/resources/app/extensions/git/dist/main.js:2:1032369)
	at async T.getBranch (/opt/vscodium-bin/resources/app/extensions/git/dist/main.js:2:1020512)
	at async T.getBranchBase (/opt/vscodium-bin/resources/app/extensions/git/dist/main.js:2:1020798)
	at async t.GitHistoryProvider.resolveHEADMergeBase (/opt/vscodium-bin/resources/app/extensions/git/dist/main.js:2:948359)
	at async t.GitHistoryProvider.onDidRunGitStatus (/opt/vscodium-bin/resources/app/extensions/git/dist/main.js:2:941686)
2024-09-17 16:51:34.342 [error] Error: No such branch: master.
	at N.getBranch (/opt/vscodium-bin/resources/app/extensions/git/dist/main.js:2:937064)
	at async T.retryRun (/opt/vscodium-bin/resources/app/extensions/git/dist/main.js:2:1032765)
	at async T.run (/opt/vscodium-bin/resources/app/extensions/git/dist/main.js:2:1032369)
	at async T.getBranch (/opt/vscodium-bin/resources/app/extensions/git/dist/main.js:2:1020512)
	at async T.getBranchBase (/opt/vscodium-bin/resources/app/extensions/git/dist/main.js:2:1020798)
	at async t.GitHistoryProvider.resolveHEADMergeBase (/opt/vscodium-bin/resources/app/extensions/git/dist/main.js:2:948359)
	at async t.GitHistoryProvider.onDidRunGitStatus (/opt/vscodium-bin/resources/app/extensions/git/dist/main.js:2:941686)
2024-09-17 16:51:39.361 [error] Error: No such branch: master.
	at N.getBranch (/opt/vscodium-bin/resources/app/extensions/git/dist/main.js:2:937064)
	at async T.retryRun (/opt/vscodium-bin/resources/app/extensions/git/dist/main.js:2:1032765)
	at async T.run (/opt/vscodium-bin/resources/app/extensions/git/dist/main.js:2:1032369)
	at async T.getBranch (/opt/vscodium-bin/resources/app/extensions/git/dist/main.js:2:1020512)
	at async T.getBranchBase (/opt/vscodium-bin/resources/app/extensions/git/dist/main.js:2:1020798)
	at async t.GitHistoryProvider.resolveHEADMergeBase (/opt/vscodium-bin/resources/app/extensions/git/dist/main.js:2:948359)
	at async t.GitHistoryProvider.onDidRunGitStatus (/opt/vscodium-bin/resources/app/extensions/git/dist/main.js:2:941686)
2024-09-17 16:51:44.381 [error] Error: No such branch: master.
	at N.getBranch (/opt/vscodium-bin/resources/app/extensions/git/dist/main.js:2:937064)
	at async T.retryRun (/opt/vscodium-bin/resources/app/extensions/git/dist/main.js:2:1032765)
	at async T.run (/opt/vscodium-bin/resources/app/extensions/git/dist/main.js:2:1032369)
	at async T.getBranch (/opt/vscodium-bin/resources/app/extensions/git/dist/main.js:2:1020512)
	at async T.getBranchBase (/opt/vscodium-bin/resources/app/extensions/git/dist/main.js:2:1020798)
	at async t.GitHistoryProvider.resolveHEADMergeBase (/opt/vscodium-bin/resources/app/extensions/git/dist/main.js:2:948359)
	at async t.GitHistoryProvider.onDidRunGitStatus (/opt/vscodium-bin/resources/app/extensions/git/dist/main.js:2:941686)
2024-09-17 16:51:58.374 [error] Error: No such branch: master.
	at N.getBranch (/opt/vscodium-bin/resources/app/extensions/git/dist/main.js:2:937064)
	at async T.retryRun (/opt/vscodium-bin/resources/app/extensions/git/dist/main.js:2:1032765)
	at async T.run (/opt/vscodium-bin/resources/app/extensions/git/dist/main.js:2:1032369)
	at async T.getBranch (/opt/vscodium-bin/resources/app/extensions/git/dist/main.js:2:1020512)
	at async T.getBranchBase (/opt/vscodium-bin/resources/app/extensions/git/dist/main.js:2:1020798)
	at async t.GitHistoryProvider.resolveHEADMergeBase (/opt/vscodium-bin/resources/app/extensions/git/dist/main.js:2:948359)
	at async t.GitHistoryProvider.onDidRunGitStatus (/opt/vscodium-bin/resources/app/extensions/git/dist/main.js:2:941686)
2024-09-17 16:52:03.392 [error] Error: No such branch: master.
	at N.getBranch (/opt/vscodium-bin/resources/app/extensions/git/dist/main.js:2:937064)
	at async T.retryRun (/opt/vscodium-bin/resources/app/extensions/git/dist/main.js:2:1032765)
	at async T.run (/opt/vscodium-bin/resources/app/extensions/git/dist/main.js:2:1032369)
	at async T.getBranch (/opt/vscodium-bin/resources/app/extensions/git/dist/main.js:2:1020512)
	at async T.getBranchBase (/opt/vscodium-bin/resources/app/extensions/git/dist/main.js:2:1020798)
	at async t.GitHistoryProvider.resolveHEADMergeBase (/opt/vscodium-bin/resources/app/extensions/git/dist/main.js:2:948359)
	at async t.GitHistoryProvider.onDidRunGitStatus (/opt/vscodium-bin/resources/app/extensions/git/dist/main.js:2:941686)
2024-09-17 16:52:08.412 [error] Error: No such branch: master.
	at N.getBranch (/opt/vscodium-bin/resources/app/extensions/git/dist/main.js:2:937064)
	at async T.retryRun (/opt/vscodium-bin/resources/app/extensions/git/dist/main.js:2:1032765)
	at async T.run (/opt/vscodium-bin/resources/app/extensions/git/dist/main.js:2:1032369)
	at async T.getBranch (/opt/vscodium-bin/resources/app/extensions/git/dist/main.js:2:1020512)
	at async T.getBranchBase (/opt/vscodium-bin/resources/app/extensions/git/dist/main.js:2:1020798)
	at async t.GitHistoryProvider.resolveHEADMergeBase (/opt/vscodium-bin/resources/app/extensions/git/dist/main.js:2:948359)
	at async t.GitHistoryProvider.onDidRunGitStatus (/opt/vscodium-bin/resources/app/extensions/git/dist/main.js:2:941686)
2024-09-17 16:52:13.440 [error] Error: No such branch: master.
	at N.getBranch (/opt/vscodium-bin/resources/app/extensions/git/dist/main.js:2:937064)
	at async T.retryRun (/opt/vscodium-bin/resources/app/extensions/git/dist/main.js:2:1032765)
	at async T.run (/opt/vscodium-bin/resources/app/extensions/git/dist/main.js:2:1032369)
	at async T.getBranch (/opt/vscodium-bin/resources/app/extensions/git/dist/main.js:2:1020512)
	at async T.getBranchBase (/opt/vscodium-bin/resources/app/extensions/git/dist/main.js:2:1020798)
	at async t.GitHistoryProvider.resolveHEADMergeBase (/opt/vscodium-bin/resources/app/extensions/git/dist/main.js:2:948359)
	at async t.GitHistoryProvider.onDidRunGitStatus (/opt/vscodium-bin/resources/app/extensions/git/dist/main.js:2:941686)
2024-09-17 16:58:45.629 [error] Error: No such branch: master.
	at N.getBranch (/opt/vscodium-bin/resources/app/extensions/git/dist/main.js:2:937064)
	at async T.retryRun (/opt/vscodium-bin/resources/app/extensions/git/dist/main.js:2:1032765)
	at async T.run (/opt/vscodium-bin/resources/app/extensions/git/dist/main.js:2:1032369)
	at async T.getBranch (/opt/vscodium-bin/resources/app/extensions/git/dist/main.js:2:1020512)
	at async T.getBranchBase (/opt/vscodium-bin/resources/app/extensions/git/dist/main.js:2:1020798)
	at async t.GitHistoryProvider.resolveHEADMergeBase (/opt/vscodium-bin/resources/app/extensions/git/dist/main.js:2:948359)
	at async t.GitHistoryProvider.onDidRunGitStatus (/opt/vscodium-bin/resources/app/extensions/git/dist/main.js:2:941686)
2024-09-17 16:58:50.659 [error] Error: No such branch: master.
	at N.getBranch (/opt/vscodium-bin/resources/app/extensions/git/dist/main.js:2:937064)
	at async T.retryRun (/opt/vscodium-bin/resources/app/extensions/git/dist/main.js:2:1032765)
	at async T.run (/opt/vscodium-bin/resources/app/extensions/git/dist/main.js:2:1032369)
	at async T.getBranch (/opt/vscodium-bin/resources/app/extensions/git/dist/main.js:2:1020512)
	at async T.getBranchBase (/opt/vscodium-bin/resources/app/extensions/git/dist/main.js:2:1020798)
	at async t.GitHistoryProvider.resolveHEADMergeBase (/opt/vscodium-bin/resources/app/extensions/git/dist/main.js:2:948359)
	at async t.GitHistoryProvider.onDidRunGitStatus (/opt/vscodium-bin/resources/app/extensions/git/dist/main.js:2:941686)
2024-09-17 16:58:55.681 [error] Error: No such branch: master.
	at N.getBranch (/opt/vscodium-bin/resources/app/extensions/git/dist/main.js:2:937064)
	at async T.retryRun (/opt/vscodium-bin/resources/app/extensions/git/dist/main.js:2:1032765)
	at async T.run (/opt/vscodium-bin/resources/app/extensions/git/dist/main.js:2:1032369)
	at async T.getBranch (/opt/vscodium-bin/resources/app/extensions/git/dist/main.js:2:1020512)
	at async T.getBranchBase (/opt/vscodium-bin/resources/app/extensions/git/dist/main.js:2:1020798)
	at async t.GitHistoryProvider.resolveHEADMergeBase (/opt/vscodium-bin/resources/app/extensions/git/dist/main.js:2:948359)
	at async t.GitHistoryProvider.onDidRunGitStatus (/opt/vscodium-bin/resources/app/extensions/git/dist/main.js:2:941686)
2024-09-17 16:59:10.322 [error] Error: No such branch: master.
	at N.getBranch (/opt/vscodium-bin/resources/app/extensions/git/dist/main.js:2:937064)
	at async T.retryRun (/opt/vscodium-bin/resources/app/extensions/git/dist/main.js:2:1032765)
	at async T.run (/opt/vscodium-bin/resources/app/extensions/git/dist/main.js:2:1032369)
	at async T.getBranch (/opt/vscodium-bin/resources/app/extensions/git/dist/main.js:2:1020512)
	at async T.getBranchBase (/opt/vscodium-bin/resources/app/extensions/git/dist/main.js:2:1020798)
	at async t.GitHistoryProvider.resolveHEADMergeBase (/opt/vscodium-bin/resources/app/extensions/git/dist/main.js:2:948359)
	at async t.GitHistoryProvider.onDidRunGitStatus (/opt/vscodium-bin/resources/app/extensions/git/dist/main.js:2:941686)
2024-09-17 16:59:15.344 [error] Error: No such branch: master.
	at N.getBranch (/opt/vscodium-bin/resources/app/extensions/git/dist/main.js:2:937064)
	at async T.retryRun (/opt/vscodium-bin/resources/app/extensions/git/dist/main.js:2:1032765)
	at async T.run (/opt/vscodium-bin/resources/app/extensions/git/dist/main.js:2:1032369)
	at async T.getBranch (/opt/vscodium-bin/resources/app/extensions/git/dist/main.js:2:1020512)
	at async T.getBranchBase (/opt/vscodium-bin/resources/app/extensions/git/dist/main.js:2:1020798)
	at async t.GitHistoryProvider.resolveHEADMergeBase (/opt/vscodium-bin/resources/app/extensions/git/dist/main.js:2:948359)
	at async t.GitHistoryProvider.onDidRunGitStatus (/opt/vscodium-bin/resources/app/extensions/git/dist/main.js:2:941686)
2024-09-17 16:59:20.368 [error] Error: No such branch: master.
	at N.getBranch (/opt/vscodium-bin/resources/app/extensions/git/dist/main.js:2:937064)
	at async T.retryRun (/opt/vscodium-bin/resources/app/extensions/git/dist/main.js:2:1032765)
	at async T.run (/opt/vscodium-bin/resources/app/extensions/git/dist/main.js:2:1032369)
	at async T.getBranch (/opt/vscodium-bin/resources/app/extensions/git/dist/main.js:2:1020512)
	at async T.getBranchBase (/opt/vscodium-bin/resources/app/extensions/git/dist/main.js:2:1020798)
	at async t.GitHistoryProvider.resolveHEADMergeBase (/opt/vscodium-bin/resources/app/extensions/git/dist/main.js:2:948359)
	at async t.GitHistoryProvider.onDidRunGitStatus (/opt/vscodium-bin/resources/app/extensions/git/dist/main.js:2:941686)
2024-09-17 16:59:35.585 [error] Error: No such branch: master.
	at N.getBranch (/opt/vscodium-bin/resources/app/extensions/git/dist/main.js:2:937064)
	at async T.retryRun (/opt/vscodium-bin/resources/app/extensions/git/dist/main.js:2:1032765)
	at async T.run (/opt/vscodium-bin/resources/app/extensions/git/dist/main.js:2:1032369)
	at async T.getBranch (/opt/vscodium-bin/resources/app/extensions/git/dist/main.js:2:1020512)
	at async T.getBranchBase (/opt/vscodium-bin/resources/app/extensions/git/dist/main.js:2:1020798)
	at async t.GitHistoryProvider.resolveHEADMergeBase (/opt/vscodium-bin/resources/app/extensions/git/dist/main.js:2:948359)
	at async t.GitHistoryProvider.onDidRunGitStatus (/opt/vscodium-bin/resources/app/extensions/git/dist/main.js:2:941686)
2024-09-17 16:59:40.603 [error] Error: No such branch: master.
	at N.getBranch (/opt/vscodium-bin/resources/app/extensions/git/dist/main.js:2:937064)
	at async T.retryRun (/opt/vscodium-bin/resources/app/extensions/git/dist/main.js:2:1032765)
	at async T.run (/opt/vscodium-bin/resources/app/extensions/git/dist/main.js:2:1032369)
	at async T.getBranch (/opt/vscodium-bin/resources/app/extensions/git/dist/main.js:2:1020512)
	at async T.getBranchBase (/opt/vscodium-bin/resources/app/extensions/git/dist/main.js:2:1020798)
	at async t.GitHistoryProvider.resolveHEADMergeBase (/opt/vscodium-bin/resources/app/extensions/git/dist/main.js:2:948359)
	at async t.GitHistoryProvider.onDidRunGitStatus (/opt/vscodium-bin/resources/app/extensions/git/dist/main.js:2:941686)
2024-09-17 16:59:45.623 [error] Error: No such branch: master.
	at N.getBranch (/opt/vscodium-bin/resources/app/extensions/git/dist/main.js:2:937064)
	at async T.retryRun (/opt/vscodium-bin/resources/app/extensions/git/dist/main.js:2:1032765)
	at async T.run (/opt/vscodium-bin/resources/app/extensions/git/dist/main.js:2:1032369)
	at async T.getBranch (/opt/vscodium-bin/resources/app/extensions/git/dist/main.js:2:1020512)
	at async T.getBranchBase (/opt/vscodium-bin/resources/app/extensions/git/dist/main.js:2:1020798)
	at async t.GitHistoryProvider.resolveHEADMergeBase (/opt/vscodium-bin/resources/app/extensions/git/dist/main.js:2:948359)
	at async t.GitHistoryProvider.onDidRunGitStatus (/opt/vscodium-bin/resources/app/extensions/git/dist/main.js:2:941686)
2024-09-17 16:59:50.644 [error] Error: No such branch: master.
	at N.getBranch (/opt/vscodium-bin/resources/app/extensions/git/dist/main.js:2:937064)
	at async T.retryRun (/opt/vscodium-bin/resources/app/extensions/git/dist/main.js:2:1032765)
	at async T.run (/opt/vscodium-bin/resources/app/extensions/git/dist/main.js:2:1032369)
	at async T.getBranch (/opt/vscodium-bin/resources/app/extensions/git/dist/main.js:2:1020512)
	at async T.getBranchBase (/opt/vscodium-bin/resources/app/extensions/git/dist/main.js:2:1020798)
	at async t.GitHistoryProvider.resolveHEADMergeBase (/opt/vscodium-bin/resources/app/extensions/git/dist/main.js:2:948359)
	at async t.GitHistoryProvider.onDidRunGitStatus (/opt/vscodium-bin/resources/app/extensions/git/dist/main.js:2:941686)
2024-09-17 17:00:04.105 [error] Error: No such branch: master.
	at N.getBranch (/opt/vscodium-bin/resources/app/extensions/git/dist/main.js:2:937064)
	at async T.retryRun (/opt/vscodium-bin/resources/app/extensions/git/dist/main.js:2:1032765)
	at async T.run (/opt/vscodium-bin/resources/app/extensions/git/dist/main.js:2:1032369)
	at async T.getBranch (/opt/vscodium-bin/resources/app/extensions/git/dist/main.js:2:1020512)
	at async T.getBranchBase (/opt/vscodium-bin/resources/app/extensions/git/dist/main.js:2:1020798)
	at async t.GitHistoryProvider.resolveHEADMergeBase (/opt/vscodium-bin/resources/app/extensions/git/dist/main.js:2:948359)
	at async t.GitHistoryProvider.onDidRunGitStatus (/opt/vscodium-bin/resources/app/extensions/git/dist/main.js:2:941686)
2024-09-17 17:00:09.126 [error] Error: No such branch: master.
	at N.getBranch (/opt/vscodium-bin/resources/app/extensions/git/dist/main.js:2:937064)
	at async T.retryRun (/opt/vscodium-bin/resources/app/extensions/git/dist/main.js:2:1032765)
	at async T.run (/opt/vscodium-bin/resources/app/extensions/git/dist/main.js:2:1032369)
	at async T.getBranch (/opt/vscodium-bin/resources/app/extensions/git/dist/main.js:2:1020512)
	at async T.getBranchBase (/opt/vscodium-bin/resources/app/extensions/git/dist/main.js:2:1020798)
	at async t.GitHistoryProvider.resolveHEADMergeBase (/opt/vscodium-bin/resources/app/extensions/git/dist/main.js:2:948359)
	at async t.GitHistoryProvider.onDidRunGitStatus (/opt/vscodium-bin/resources/app/extensions/git/dist/main.js:2:941686)
2024-09-17 17:00:14.146 [error] Error: No such branch: master.
	at N.getBranch (/opt/vscodium-bin/resources/app/extensions/git/dist/main.js:2:937064)
	at async T.retryRun (/opt/vscodium-bin/resources/app/extensions/git/dist/main.js:2:1032765)
	at async T.run (/opt/vscodium-bin/resources/app/extensions/git/dist/main.js:2:1032369)
	at async T.getBranch (/opt/vscodium-bin/resources/app/extensions/git/dist/main.js:2:1020512)
	at async T.getBranchBase (/opt/vscodium-bin/resources/app/extensions/git/dist/main.js:2:1020798)
	at async t.GitHistoryProvider.resolveHEADMergeBase (/opt/vscodium-bin/resources/app/extensions/git/dist/main.js:2:948359)
	at async t.GitHistoryProvider.onDidRunGitStatus (/opt/vscodium-bin/resources/app/extensions/git/dist/main.js:2:941686)
2024-09-17 17:00:19.169 [error] Error: No such branch: master.
	at N.getBranch (/opt/vscodium-bin/resources/app/extensions/git/dist/main.js:2:937064)
	at async T.retryRun (/opt/vscodium-bin/resources/app/extensions/git/dist/main.js:2:1032765)
	at async T.run (/opt/vscodium-bin/resources/app/extensions/git/dist/main.js:2:1032369)
	at async T.getBranch (/opt/vscodium-bin/resources/app/extensions/git/dist/main.js:2:1020512)
	at async T.getBranchBase (/opt/vscodium-bin/resources/app/extensions/git/dist/main.js:2:1020798)
	at async t.GitHistoryProvider.resolveHEADMergeBase (/opt/vscodium-bin/resources/app/extensions/git/dist/main.js:2:948359)
	at async t.GitHistoryProvider.onDidRunGitStatus (/opt/vscodium-bin/resources/app/extensions/git/dist/main.js:2:941686)
2024-09-17 17:00:46.141 [error] Error: No such branch: master.
	at N.getBranch (/opt/vscodium-bin/resources/app/extensions/git/dist/main.js:2:937064)
	at async T.retryRun (/opt/vscodium-bin/resources/app/extensions/git/dist/main.js:2:1032765)
	at async T.run (/opt/vscodium-bin/resources/app/extensions/git/dist/main.js:2:1032369)
	at async T.getBranch (/opt/vscodium-bin/resources/app/extensions/git/dist/main.js:2:1020512)
	at async T.getBranchBase (/opt/vscodium-bin/resources/app/extensions/git/dist/main.js:2:1020798)
	at async t.GitHistoryProvider.resolveHEADMergeBase (/opt/vscodium-bin/resources/app/extensions/git/dist/main.js:2:948359)
	at async t.GitHistoryProvider.onDidRunGitStatus (/opt/vscodium-bin/resources/app/extensions/git/dist/main.js:2:941686)
2024-09-17 17:00:51.161 [error] Error: No such branch: master.
	at N.getBranch (/opt/vscodium-bin/resources/app/extensions/git/dist/main.js:2:937064)
	at async T.retryRun (/opt/vscodium-bin/resources/app/extensions/git/dist/main.js:2:1032765)
	at async T.run (/opt/vscodium-bin/resources/app/extensions/git/dist/main.js:2:1032369)
	at async T.getBranch (/opt/vscodium-bin/resources/app/extensions/git/dist/main.js:2:1020512)
	at async T.getBranchBase (/opt/vscodium-bin/resources/app/extensions/git/dist/main.js:2:1020798)
	at async t.GitHistoryProvider.resolveHEADMergeBase (/opt/vscodium-bin/resources/app/extensions/git/dist/main.js:2:948359)
	at async t.GitHistoryProvider.onDidRunGitStatus (/opt/vscodium-bin/resources/app/extensions/git/dist/main.js:2:941686)
2024-09-17 17:02:04.049 [error] Error: No such branch: master.
	at N.getBranch (/opt/vscodium-bin/resources/app/extensions/git/dist/main.js:2:937064)
	at async T.retryRun (/opt/vscodium-bin/resources/app/extensions/git/dist/main.js:2:1032765)
	at async T.run (/opt/vscodium-bin/resources/app/extensions/git/dist/main.js:2:1032369)
	at async T.getBranch (/opt/vscodium-bin/resources/app/extensions/git/dist/main.js:2:1020512)
	at async T.getBranchBase (/opt/vscodium-bin/resources/app/extensions/git/dist/main.js:2:1020798)
	at async t.GitHistoryProvider.resolveHEADMergeBase (/opt/vscodium-bin/resources/app/extensions/git/dist/main.js:2:948359)
	at async t.GitHistoryProvider.onDidRunGitStatus (/opt/vscodium-bin/resources/app/extensions/git/dist/main.js:2:941686)
2024-09-17 17:02:09.069 [error] Error: No such branch: master.
	at N.getBranch (/opt/vscodium-bin/resources/app/extensions/git/dist/main.js:2:937064)
	at async T.retryRun (/opt/vscodium-bin/resources/app/extensions/git/dist/main.js:2:1032765)
	at async T.run (/opt/vscodium-bin/resources/app/extensions/git/dist/main.js:2:1032369)
	at async T.getBranch (/opt/vscodium-bin/resources/app/extensions/git/dist/main.js:2:1020512)
	at async T.getBranchBase (/opt/vscodium-bin/resources/app/extensions/git/dist/main.js:2:1020798)
	at async t.GitHistoryProvider.resolveHEADMergeBase (/opt/vscodium-bin/resources/app/extensions/git/dist/main.js:2:948359)
	at async t.GitHistoryProvider.onDidRunGitStatus (/opt/vscodium-bin/resources/app/extensions/git/dist/main.js:2:941686)
2024-09-17 17:04:24.746 [error] Error: No such branch: master.
	at N.getBranch (/opt/vscodium-bin/resources/app/extensions/git/dist/main.js:2:937064)
	at async T.retryRun (/opt/vscodium-bin/resources/app/extensions/git/dist/main.js:2:1032765)
	at async T.run (/opt/vscodium-bin/resources/app/extensions/git/dist/main.js:2:1032369)
	at async T.getBranch (/opt/vscodium-bin/resources/app/extensions/git/dist/main.js:2:1020512)
	at async T.getBranchBase (/opt/vscodium-bin/resources/app/extensions/git/dist/main.js:2:1020798)
	at async t.GitHistoryProvider.resolveHEADMergeBase (/opt/vscodium-bin/resources/app/extensions/git/dist/main.js:2:948359)
	at async t.GitHistoryProvider.onDidRunGitStatus (/opt/vscodium-bin/resources/app/extensions/git/dist/main.js:2:941686)
2024-09-17 17:04:49.833 [error] Error: No such branch: master.
	at N.getBranch (/opt/vscodium-bin/resources/app/extensions/git/dist/main.js:2:937064)
	at async T.retryRun (/opt/vscodium-bin/resources/app/extensions/git/dist/main.js:2:1032765)
	at async T.run (/opt/vscodium-bin/resources/app/extensions/git/dist/main.js:2:1032369)
	at async T.getBranch (/opt/vscodium-bin/resources/app/extensions/git/dist/main.js:2:1020512)
	at async T.getBranchBase (/opt/vscodium-bin/resources/app/extensions/git/dist/main.js:2:1020798)
	at async t.GitHistoryProvider.resolveHEADMergeBase (/opt/vscodium-bin/resources/app/extensions/git/dist/main.js:2:948359)
	at async t.GitHistoryProvider.onDidRunGitStatus (/opt/vscodium-bin/resources/app/extensions/git/dist/main.js:2:941686)
2024-09-17 17:04:54.851 [error] Error: No such branch: master.
	at N.getBranch (/opt/vscodium-bin/resources/app/extensions/git/dist/main.js:2:937064)
	at async T.retryRun (/opt/vscodium-bin/resources/app/extensions/git/dist/main.js:2:1032765)
	at async T.run (/opt/vscodium-bin/resources/app/extensions/git/dist/main.js:2:1032369)
	at async T.getBranch (/opt/vscodium-bin/resources/app/extensions/git/dist/main.js:2:1020512)
	at async T.getBranchBase (/opt/vscodium-bin/resources/app/extensions/git/dist/main.js:2:1020798)
	at async t.GitHistoryProvider.resolveHEADMergeBase (/opt/vscodium-bin/resources/app/extensions/git/dist/main.js:2:948359)
	at async t.GitHistoryProvider.onDidRunGitStatus (/opt/vscodium-bin/resources/app/extensions/git/dist/main.js:2:941686)
2024-09-17 17:05:02.812 [error] Error: No such branch: master.
	at N.getBranch (/opt/vscodium-bin/resources/app/extensions/git/dist/main.js:2:937064)
	at async T.retryRun (/opt/vscodium-bin/resources/app/extensions/git/dist/main.js:2:1032765)
	at async T.run (/opt/vscodium-bin/resources/app/extensions/git/dist/main.js:2:1032369)
	at async T.getBranch (/opt/vscodium-bin/resources/app/extensions/git/dist/main.js:2:1020512)
	at async T.getBranchBase (/opt/vscodium-bin/resources/app/extensions/git/dist/main.js:2:1020798)
	at async t.GitHistoryProvider.resolveHEADMergeBase (/opt/vscodium-bin/resources/app/extensions/git/dist/main.js:2:948359)
	at async t.GitHistoryProvider.onDidRunGitStatus (/opt/vscodium-bin/resources/app/extensions/git/dist/main.js:2:941686)
2024-09-17 17:05:07.833 [error] Error: No such branch: master.
	at N.getBranch (/opt/vscodium-bin/resources/app/extensions/git/dist/main.js:2:937064)
	at async T.retryRun (/opt/vscodium-bin/resources/app/extensions/git/dist/main.js:2:1032765)
	at async T.run (/opt/vscodium-bin/resources/app/extensions/git/dist/main.js:2:1032369)
	at async T.getBranch (/opt/vscodium-bin/resources/app/extensions/git/dist/main.js:2:1020512)
	at async T.getBranchBase (/opt/vscodium-bin/resources/app/extensions/git/dist/main.js:2:1020798)
	at async t.GitHistoryProvider.resolveHEADMergeBase (/opt/vscodium-bin/resources/app/extensions/git/dist/main.js:2:948359)
	at async t.GitHistoryProvider.onDidRunGitStatus (/opt/vscodium-bin/resources/app/extensions/git/dist/main.js:2:941686)
2024-09-17 17:05:40.144 [error] Error: No such branch: master.
	at N.getBranch (/opt/vscodium-bin/resources/app/extensions/git/dist/main.js:2:937064)
	at async T.retryRun (/opt/vscodium-bin/resources/app/extensions/git/dist/main.js:2:1032765)
	at async T.run (/opt/vscodium-bin/resources/app/extensions/git/dist/main.js:2:1032369)
	at async T.getBranch (/opt/vscodium-bin/resources/app/extensions/git/dist/main.js:2:1020512)
	at async T.getBranchBase (/opt/vscodium-bin/resources/app/extensions/git/dist/main.js:2:1020798)
	at async t.GitHistoryProvider.resolveHEADMergeBase (/opt/vscodium-bin/resources/app/extensions/git/dist/main.js:2:948359)
	at async t.GitHistoryProvider.onDidRunGitStatus (/opt/vscodium-bin/resources/app/extensions/git/dist/main.js:2:941686)
2024-09-17 17:05:57.602 [error] Error: INVALID code lens resolved, lacks command: rust-lang.rust-analyzer
	at c.resolveCodeLens (/opt/vscodium-bin/resources/app/out/vs/workbench/api/node/extensionHostProcess.js:161:119835)
	at runNextTicks (node:internal/process/task_queues:60:5)
	at process.processImmediate (node:internal/timers:449:9)
2024-09-17 17:06:32.010 [error] Error: No such branch: master.
	at N.getBranch (/opt/vscodium-bin/resources/app/extensions/git/dist/main.js:2:937064)
	at async T.retryRun (/opt/vscodium-bin/resources/app/extensions/git/dist/main.js:2:1032765)
	at async T.run (/opt/vscodium-bin/resources/app/extensions/git/dist/main.js:2:1032369)
	at async T.getBranch (/opt/vscodium-bin/resources/app/extensions/git/dist/main.js:2:1020512)
	at async T.getBranchBase (/opt/vscodium-bin/resources/app/extensions/git/dist/main.js:2:1020798)
	at async t.GitHistoryProvider.resolveHEADMergeBase (/opt/vscodium-bin/resources/app/extensions/git/dist/main.js:2:948359)
	at async t.GitHistoryProvider.onDidRunGitStatus (/opt/vscodium-bin/resources/app/extensions/git/dist/main.js:2:941686)
2024-09-17 17:07:15.537 [error] Error: INVALID code lens resolved, lacks command: rust-lang.rust-analyzer
	at c.resolveCodeLens (/opt/vscodium-bin/resources/app/out/vs/workbench/api/node/extensionHostProcess.js:161:119835)
	at runNextTicks (node:internal/process/task_queues:60:5)
	at process.processImmediate (node:internal/timers:449:9)
2024-09-17 17:07:57.746 [error] Error: No such branch: master.
	at N.getBranch (/opt/vscodium-bin/resources/app/extensions/git/dist/main.js:2:937064)
	at async T.retryRun (/opt/vscodium-bin/resources/app/extensions/git/dist/main.js:2:1032765)
	at async T.run (/opt/vscodium-bin/resources/app/extensions/git/dist/main.js:2:1032369)
	at async T.getBranch (/opt/vscodium-bin/resources/app/extensions/git/dist/main.js:2:1020512)
	at async T.getBranchBase (/opt/vscodium-bin/resources/app/extensions/git/dist/main.js:2:1020798)
	at async t.GitHistoryProvider.resolveHEADMergeBase (/opt/vscodium-bin/resources/app/extensions/git/dist/main.js:2:948359)
	at async t.GitHistoryProvider.onDidRunGitStatus (/opt/vscodium-bin/resources/app/extensions/git/dist/main.js:2:941686)
2024-09-17 17:08:14.080 [error] Error: No such branch: master.
	at N.getBranch (/opt/vscodium-bin/resources/app/extensions/git/dist/main.js:2:937064)
	at async T.retryRun (/opt/vscodium-bin/resources/app/extensions/git/dist/main.js:2:1032765)
	at async T.run (/opt/vscodium-bin/resources/app/extensions/git/dist/main.js:2:1032369)
	at async T.getBranch (/opt/vscodium-bin/resources/app/extensions/git/dist/main.js:2:1020512)
	at async T.getBranchBase (/opt/vscodium-bin/resources/app/extensions/git/dist/main.js:2:1020798)
	at async t.GitHistoryProvider.resolveHEADMergeBase (/opt/vscodium-bin/resources/app/extensions/git/dist/main.js:2:948359)
	at async t.GitHistoryProvider.onDidRunGitStatus (/opt/vscodium-bin/resources/app/extensions/git/dist/main.js:2:941686)
2024-09-17 17:08:33.554 [error] Error: No such branch: master.
	at N.getBranch (/opt/vscodium-bin/resources/app/extensions/git/dist/main.js:2:937064)
	at async T.retryRun (/opt/vscodium-bin/resources/app/extensions/git/dist/main.js:2:1032765)
	at async T.run (/opt/vscodium-bin/resources/app/extensions/git/dist/main.js:2:1032369)
	at async T.getBranch (/opt/vscodium-bin/resources/app/extensions/git/dist/main.js:2:1020512)
	at async T.getBranchBase (/opt/vscodium-bin/resources/app/extensions/git/dist/main.js:2:1020798)
	at async t.GitHistoryProvider.resolveHEADMergeBase (/opt/vscodium-bin/resources/app/extensions/git/dist/main.js:2:948359)
	at async t.GitHistoryProvider.onDidRunGitStatus (/opt/vscodium-bin/resources/app/extensions/git/dist/main.js:2:941686)
2024-09-17 17:08:42.748 [error] Error: No such branch: master.
	at N.getBranch (/opt/vscodium-bin/resources/app/extensions/git/dist/main.js:2:937064)
	at async T.retryRun (/opt/vscodium-bin/resources/app/extensions/git/dist/main.js:2:1032765)
	at async T.run (/opt/vscodium-bin/resources/app/extensions/git/dist/main.js:2:1032369)
	at async T.getBranch (/opt/vscodium-bin/resources/app/extensions/git/dist/main.js:2:1020512)
	at async T.getBranchBase (/opt/vscodium-bin/resources/app/extensions/git/dist/main.js:2:1020798)
	at async t.GitHistoryProvider.resolveHEADMergeBase (/opt/vscodium-bin/resources/app/extensions/git/dist/main.js:2:948359)
	at async t.GitHistoryProvider.onDidRunGitStatus (/opt/vscodium-bin/resources/app/extensions/git/dist/main.js:2:941686)
2024-09-17 17:10:48.680 [error] Error: No such branch: master.
	at N.getBranch (/opt/vscodium-bin/resources/app/extensions/git/dist/main.js:2:937064)
	at process.processTicksAndRejections (node:internal/process/task_queues:95:5)
	at async T.retryRun (/opt/vscodium-bin/resources/app/extensions/git/dist/main.js:2:1032765)
	at async T.run (/opt/vscodium-bin/resources/app/extensions/git/dist/main.js:2:1032369)
	at async T.getBranch (/opt/vscodium-bin/resources/app/extensions/git/dist/main.js:2:1020512)
	at async T.getBranchBase (/opt/vscodium-bin/resources/app/extensions/git/dist/main.js:2:1020798)
	at async t.GitHistoryProvider.resolveHEADMergeBase (/opt/vscodium-bin/resources/app/extensions/git/dist/main.js:2:948359)
	at async t.GitHistoryProvider.onDidRunGitStatus (/opt/vscodium-bin/resources/app/extensions/git/dist/main.js:2:941686)
2024-09-17 17:10:53.701 [error] Error: No such branch: master.
	at N.getBranch (/opt/vscodium-bin/resources/app/extensions/git/dist/main.js:2:937064)
	at async T.retryRun (/opt/vscodium-bin/resources/app/extensions/git/dist/main.js:2:1032765)
	at async T.run (/opt/vscodium-bin/resources/app/extensions/git/dist/main.js:2:1032369)
	at async T.getBranch (/opt/vscodium-bin/resources/app/extensions/git/dist/main.js:2:1020512)
	at async T.getBranchBase (/opt/vscodium-bin/resources/app/extensions/git/dist/main.js:2:1020798)
	at async t.GitHistoryProvider.resolveHEADMergeBase (/opt/vscodium-bin/resources/app/extensions/git/dist/main.js:2:948359)
	at async t.GitHistoryProvider.onDidRunGitStatus (/opt/vscodium-bin/resources/app/extensions/git/dist/main.js:2:941686)
2024-09-17 17:10:58.736 [error] Error: No such branch: master.
	at N.getBranch (/opt/vscodium-bin/resources/app/extensions/git/dist/main.js:2:937064)
	at async T.retryRun (/opt/vscodium-bin/resources/app/extensions/git/dist/main.js:2:1032765)
	at async T.run (/opt/vscodium-bin/resources/app/extensions/git/dist/main.js:2:1032369)
	at async T.getBranch (/opt/vscodium-bin/resources/app/extensions/git/dist/main.js:2:1020512)
	at async T.getBranchBase (/opt/vscodium-bin/resources/app/extensions/git/dist/main.js:2:1020798)
	at async t.GitHistoryProvider.resolveHEADMergeBase (/opt/vscodium-bin/resources/app/extensions/git/dist/main.js:2:948359)
	at async t.GitHistoryProvider.onDidRunGitStatus (/opt/vscodium-bin/resources/app/extensions/git/dist/main.js:2:941686)
2024-09-17 17:11:03.767 [error] Error: No such branch: master.
	at N.getBranch (/opt/vscodium-bin/resources/app/extensions/git/dist/main.js:2:937064)
	at async T.retryRun (/opt/vscodium-bin/resources/app/extensions/git/dist/main.js:2:1032765)
	at async T.run (/opt/vscodium-bin/resources/app/extensions/git/dist/main.js:2:1032369)
	at async T.getBranch (/opt/vscodium-bin/resources/app/extensions/git/dist/main.js:2:1020512)
	at async T.getBranchBase (/opt/vscodium-bin/resources/app/extensions/git/dist/main.js:2:1020798)
	at async t.GitHistoryProvider.resolveHEADMergeBase (/opt/vscodium-bin/resources/app/extensions/git/dist/main.js:2:948359)
	at async t.GitHistoryProvider.onDidRunGitStatus (/opt/vscodium-bin/resources/app/extensions/git/dist/main.js:2:941686)
2024-09-17 17:11:08.788 [error] Error: No such branch: master.
	at N.getBranch (/opt/vscodium-bin/resources/app/extensions/git/dist/main.js:2:937064)
	at async T.retryRun (/opt/vscodium-bin/resources/app/extensions/git/dist/main.js:2:1032765)
	at async T.run (/opt/vscodium-bin/resources/app/extensions/git/dist/main.js:2:1032369)
	at async T.getBranch (/opt/vscodium-bin/resources/app/extensions/git/dist/main.js:2:1020512)
	at async T.getBranchBase (/opt/vscodium-bin/resources/app/extensions/git/dist/main.js:2:1020798)
	at async t.GitHistoryProvider.resolveHEADMergeBase (/opt/vscodium-bin/resources/app/extensions/git/dist/main.js:2:948359)
	at async t.GitHistoryProvider.onDidRunGitStatus (/opt/vscodium-bin/resources/app/extensions/git/dist/main.js:2:941686)
2024-09-17 17:12:04.220 [error] Error: INVALID code lens resolved, lacks command: rust-lang.rust-analyzer
	at c.resolveCodeLens (/opt/vscodium-bin/resources/app/out/vs/workbench/api/node/extensionHostProcess.js:161:119835)
2024-09-17 17:12:23.553 [error] Error: No such branch: master.
	at N.getBranch (/opt/vscodium-bin/resources/app/extensions/git/dist/main.js:2:937064)
	at async T.retryRun (/opt/vscodium-bin/resources/app/extensions/git/dist/main.js:2:1032765)
	at async T.run (/opt/vscodium-bin/resources/app/extensions/git/dist/main.js:2:1032369)
	at async T.getBranch (/opt/vscodium-bin/resources/app/extensions/git/dist/main.js:2:1020512)
	at async T.getBranchBase (/opt/vscodium-bin/resources/app/extensions/git/dist/main.js:2:1020798)
	at async t.GitHistoryProvider.resolveHEADMergeBase (/opt/vscodium-bin/resources/app/extensions/git/dist/main.js:2:948359)
	at async t.GitHistoryProvider.onDidRunGitStatus (/opt/vscodium-bin/resources/app/extensions/git/dist/main.js:2:941686)
2024-09-17 17:12:28.581 [error] Error: No such branch: master.
	at N.getBranch (/opt/vscodium-bin/resources/app/extensions/git/dist/main.js:2:937064)
	at async T.retryRun (/opt/vscodium-bin/resources/app/extensions/git/dist/main.js:2:1032765)
	at async T.run (/opt/vscodium-bin/resources/app/extensions/git/dist/main.js:2:1032369)
	at async T.getBranch (/opt/vscodium-bin/resources/app/extensions/git/dist/main.js:2:1020512)
	at async T.getBranchBase (/opt/vscodium-bin/resources/app/extensions/git/dist/main.js:2:1020798)
	at async t.GitHistoryProvider.resolveHEADMergeBase (/opt/vscodium-bin/resources/app/extensions/git/dist/main.js:2:948359)
	at async t.GitHistoryProvider.onDidRunGitStatus (/opt/vscodium-bin/resources/app/extensions/git/dist/main.js:2:941686)
2024-09-17 17:12:33.605 [error] Error: No such branch: master.
	at N.getBranch (/opt/vscodium-bin/resources/app/extensions/git/dist/main.js:2:937064)
	at process.processTicksAndRejections (node:internal/process/task_queues:95:5)
	at async T.retryRun (/opt/vscodium-bin/resources/app/extensions/git/dist/main.js:2:1032765)
	at async T.run (/opt/vscodium-bin/resources/app/extensions/git/dist/main.js:2:1032369)
	at async T.getBranch (/opt/vscodium-bin/resources/app/extensions/git/dist/main.js:2:1020512)
	at async T.getBranchBase (/opt/vscodium-bin/resources/app/extensions/git/dist/main.js:2:1020798)
	at async t.GitHistoryProvider.resolveHEADMergeBase (/opt/vscodium-bin/resources/app/extensions/git/dist/main.js:2:948359)
	at async t.GitHistoryProvider.onDidRunGitStatus (/opt/vscodium-bin/resources/app/extensions/git/dist/main.js:2:941686)
2024-09-17 17:14:29.530 [error] Error: No such branch: master.
	at N.getBranch (/opt/vscodium-bin/resources/app/extensions/git/dist/main.js:2:937064)
	at async T.retryRun (/opt/vscodium-bin/resources/app/extensions/git/dist/main.js:2:1032765)
	at async T.run (/opt/vscodium-bin/resources/app/extensions/git/dist/main.js:2:1032369)
	at async T.getBranch (/opt/vscodium-bin/resources/app/extensions/git/dist/main.js:2:1020512)
	at async T.getBranchBase (/opt/vscodium-bin/resources/app/extensions/git/dist/main.js:2:1020798)
	at async t.GitHistoryProvider.resolveHEADMergeBase (/opt/vscodium-bin/resources/app/extensions/git/dist/main.js:2:948359)
	at async t.GitHistoryProvider.onDidRunGitStatus (/opt/vscodium-bin/resources/app/extensions/git/dist/main.js:2:941686)
2024-09-17 17:14:34.551 [error] Error: No such branch: master.
	at N.getBranch (/opt/vscodium-bin/resources/app/extensions/git/dist/main.js:2:937064)
	at async T.retryRun (/opt/vscodium-bin/resources/app/extensions/git/dist/main.js:2:1032765)
	at async T.run (/opt/vscodium-bin/resources/app/extensions/git/dist/main.js:2:1032369)
	at async T.getBranch (/opt/vscodium-bin/resources/app/extensions/git/dist/main.js:2:1020512)
	at async T.getBranchBase (/opt/vscodium-bin/resources/app/extensions/git/dist/main.js:2:1020798)
	at async t.GitHistoryProvider.resolveHEADMergeBase (/opt/vscodium-bin/resources/app/extensions/git/dist/main.js:2:948359)
	at async t.GitHistoryProvider.onDidRunGitStatus (/opt/vscodium-bin/resources/app/extensions/git/dist/main.js:2:941686)
2024-09-17 17:15:11.553 [error] Error: No such branch: master.
	at N.getBranch (/opt/vscodium-bin/resources/app/extensions/git/dist/main.js:2:937064)
	at async T.retryRun (/opt/vscodium-bin/resources/app/extensions/git/dist/main.js:2:1032765)
	at async T.run (/opt/vscodium-bin/resources/app/extensions/git/dist/main.js:2:1032369)
	at async T.getBranch (/opt/vscodium-bin/resources/app/extensions/git/dist/main.js:2:1020512)
	at async T.getBranchBase (/opt/vscodium-bin/resources/app/extensions/git/dist/main.js:2:1020798)
	at async t.GitHistoryProvider.resolveHEADMergeBase (/opt/vscodium-bin/resources/app/extensions/git/dist/main.js:2:948359)
	at async t.GitHistoryProvider.onDidRunGitStatus (/opt/vscodium-bin/resources/app/extensions/git/dist/main.js:2:941686)
2024-09-17 17:15:16.573 [error] Error: No such branch: master.
	at N.getBranch (/opt/vscodium-bin/resources/app/extensions/git/dist/main.js:2:937064)
	at async T.retryRun (/opt/vscodium-bin/resources/app/extensions/git/dist/main.js:2:1032765)
	at async T.run (/opt/vscodium-bin/resources/app/extensions/git/dist/main.js:2:1032369)
	at async T.getBranch (/opt/vscodium-bin/resources/app/extensions/git/dist/main.js:2:1020512)
	at async T.getBranchBase (/opt/vscodium-bin/resources/app/extensions/git/dist/main.js:2:1020798)
	at async t.GitHistoryProvider.resolveHEADMergeBase (/opt/vscodium-bin/resources/app/extensions/git/dist/main.js:2:948359)
	at async t.GitHistoryProvider.onDidRunGitStatus (/opt/vscodium-bin/resources/app/extensions/git/dist/main.js:2:941686)
2024-09-17 17:15:21.597 [error] Error: No such branch: master.
	at N.getBranch (/opt/vscodium-bin/resources/app/extensions/git/dist/main.js:2:937064)
	at async T.retryRun (/opt/vscodium-bin/resources/app/extensions/git/dist/main.js:2:1032765)
	at async T.run (/opt/vscodium-bin/resources/app/extensions/git/dist/main.js:2:1032369)
	at async T.getBranch (/opt/vscodium-bin/resources/app/extensions/git/dist/main.js:2:1020512)
	at async T.getBranchBase (/opt/vscodium-bin/resources/app/extensions/git/dist/main.js:2:1020798)
	at async t.GitHistoryProvider.resolveHEADMergeBase (/opt/vscodium-bin/resources/app/extensions/git/dist/main.js:2:948359)
	at async t.GitHistoryProvider.onDidRunGitStatus (/opt/vscodium-bin/resources/app/extensions/git/dist/main.js:2:941686)
2024-09-17 17:15:53.858 [error] Error: No such branch: master.
	at N.getBranch (/opt/vscodium-bin/resources/app/extensions/git/dist/main.js:2:937064)
	at async T.retryRun (/opt/vscodium-bin/resources/app/extensions/git/dist/main.js:2:1032765)
	at async T.run (/opt/vscodium-bin/resources/app/extensions/git/dist/main.js:2:1032369)
	at async T.getBranch (/opt/vscodium-bin/resources/app/extensions/git/dist/main.js:2:1020512)
	at async T.getBranchBase (/opt/vscodium-bin/resources/app/extensions/git/dist/main.js:2:1020798)
	at async t.GitHistoryProvider.resolveHEADMergeBase (/opt/vscodium-bin/resources/app/extensions/git/dist/main.js:2:948359)
	at async t.GitHistoryProvider.onDidRunGitStatus (/opt/vscodium-bin/resources/app/extensions/git/dist/main.js:2:941686)
2024-09-17 17:15:58.881 [error] Error: No such branch: master.
	at N.getBranch (/opt/vscodium-bin/resources/app/extensions/git/dist/main.js:2:937064)
	at async T.retryRun (/opt/vscodium-bin/resources/app/extensions/git/dist/main.js:2:1032765)
	at async T.run (/opt/vscodium-bin/resources/app/extensions/git/dist/main.js:2:1032369)
	at async T.getBranch (/opt/vscodium-bin/resources/app/extensions/git/dist/main.js:2:1020512)
	at async T.getBranchBase (/opt/vscodium-bin/resources/app/extensions/git/dist/main.js:2:1020798)
	at async t.GitHistoryProvider.resolveHEADMergeBase (/opt/vscodium-bin/resources/app/extensions/git/dist/main.js:2:948359)
	at async t.GitHistoryProvider.onDidRunGitStatus (/opt/vscodium-bin/resources/app/extensions/git/dist/main.js:2:941686)
2024-09-17 17:16:03.903 [error] Error: No such branch: master.
	at N.getBranch (/opt/vscodium-bin/resources/app/extensions/git/dist/main.js:2:937064)
	at async T.retryRun (/opt/vscodium-bin/resources/app/extensions/git/dist/main.js:2:1032765)
	at async T.run (/opt/vscodium-bin/resources/app/extensions/git/dist/main.js:2:1032369)
	at async T.getBranch (/opt/vscodium-bin/resources/app/extensions/git/dist/main.js:2:1020512)
	at async T.getBranchBase (/opt/vscodium-bin/resources/app/extensions/git/dist/main.js:2:1020798)
	at async t.GitHistoryProvider.resolveHEADMergeBase (/opt/vscodium-bin/resources/app/extensions/git/dist/main.js:2:948359)
	at async t.GitHistoryProvider.onDidRunGitStatus (/opt/vscodium-bin/resources/app/extensions/git/dist/main.js:2:941686)
2024-09-17 17:17:16.328 [error] Error: No such branch: master.
	at N.getBranch (/opt/vscodium-bin/resources/app/extensions/git/dist/main.js:2:937064)
	at async T.retryRun (/opt/vscodium-bin/resources/app/extensions/git/dist/main.js:2:1032765)
	at async T.run (/opt/vscodium-bin/resources/app/extensions/git/dist/main.js:2:1032369)
	at async T.getBranch (/opt/vscodium-bin/resources/app/extensions/git/dist/main.js:2:1020512)
	at async T.getBranchBase (/opt/vscodium-bin/resources/app/extensions/git/dist/main.js:2:1020798)
	at async t.GitHistoryProvider.resolveHEADMergeBase (/opt/vscodium-bin/resources/app/extensions/git/dist/main.js:2:948359)
	at async t.GitHistoryProvider.onDidRunGitStatus (/opt/vscodium-bin/resources/app/extensions/git/dist/main.js:2:941686)
2024-09-17 17:17:21.346 [error] Error: No such branch: master.
	at N.getBranch (/opt/vscodium-bin/resources/app/extensions/git/dist/main.js:2:937064)
	at async T.retryRun (/opt/vscodium-bin/resources/app/extensions/git/dist/main.js:2:1032765)
	at async T.run (/opt/vscodium-bin/resources/app/extensions/git/dist/main.js:2:1032369)
	at async T.getBranch (/opt/vscodium-bin/resources/app/extensions/git/dist/main.js:2:1020512)
	at async T.getBranchBase (/opt/vscodium-bin/resources/app/extensions/git/dist/main.js:2:1020798)
	at async t.GitHistoryProvider.resolveHEADMergeBase (/opt/vscodium-bin/resources/app/extensions/git/dist/main.js:2:948359)
	at async t.GitHistoryProvider.onDidRunGitStatus (/opt/vscodium-bin/resources/app/extensions/git/dist/main.js:2:941686)
2024-09-17 17:17:26.367 [error] Error: No such branch: master.
	at N.getBranch (/opt/vscodium-bin/resources/app/extensions/git/dist/main.js:2:937064)
	at async T.retryRun (/opt/vscodium-bin/resources/app/extensions/git/dist/main.js:2:1032765)
	at async T.run (/opt/vscodium-bin/resources/app/extensions/git/dist/main.js:2:1032369)
	at async T.getBranch (/opt/vscodium-bin/resources/app/extensions/git/dist/main.js:2:1020512)
	at async T.getBranchBase (/opt/vscodium-bin/resources/app/extensions/git/dist/main.js:2:1020798)
	at async t.GitHistoryProvider.resolveHEADMergeBase (/opt/vscodium-bin/resources/app/extensions/git/dist/main.js:2:948359)
	at async t.GitHistoryProvider.onDidRunGitStatus (/opt/vscodium-bin/resources/app/extensions/git/dist/main.js:2:941686)
2024-09-17 17:18:00.963 [error] Error: No such branch: master.
	at N.getBranch (/opt/vscodium-bin/resources/app/extensions/git/dist/main.js:2:937064)
	at async T.retryRun (/opt/vscodium-bin/resources/app/extensions/git/dist/main.js:2:1032765)
	at async T.run (/opt/vscodium-bin/resources/app/extensions/git/dist/main.js:2:1032369)
	at async T.getBranch (/opt/vscodium-bin/resources/app/extensions/git/dist/main.js:2:1020512)
	at async T.getBranchBase (/opt/vscodium-bin/resources/app/extensions/git/dist/main.js:2:1020798)
	at async t.GitHistoryProvider.resolveHEADMergeBase (/opt/vscodium-bin/resources/app/extensions/git/dist/main.js:2:948359)
	at async t.GitHistoryProvider.onDidRunGitStatus (/opt/vscodium-bin/resources/app/extensions/git/dist/main.js:2:941686)
2024-09-17 17:18:11.985 [error] Error: No such branch: master.
	at N.getBranch (/opt/vscodium-bin/resources/app/extensions/git/dist/main.js:2:937064)
	at async T.retryRun (/opt/vscodium-bin/resources/app/extensions/git/dist/main.js:2:1032765)
	at async T.run (/opt/vscodium-bin/resources/app/extensions/git/dist/main.js:2:1032369)
	at async T.getBranch (/opt/vscodium-bin/resources/app/extensions/git/dist/main.js:2:1020512)
	at async T.getBranchBase (/opt/vscodium-bin/resources/app/extensions/git/dist/main.js:2:1020798)
	at async t.GitHistoryProvider.resolveHEADMergeBase (/opt/vscodium-bin/resources/app/extensions/git/dist/main.js:2:948359)
	at async t.GitHistoryProvider.onDidRunGitStatus (/opt/vscodium-bin/resources/app/extensions/git/dist/main.js:2:941686)
2024-09-17 17:18:19.133 [error] Error: No such branch: master.
	at N.getBranch (/opt/vscodium-bin/resources/app/extensions/git/dist/main.js:2:937064)
	at async T.retryRun (/opt/vscodium-bin/resources/app/extensions/git/dist/main.js:2:1032765)
	at async T.run (/opt/vscodium-bin/resources/app/extensions/git/dist/main.js:2:1032369)
	at async T.getBranch (/opt/vscodium-bin/resources/app/extensions/git/dist/main.js:2:1020512)
	at async T.getBranchBase (/opt/vscodium-bin/resources/app/extensions/git/dist/main.js:2:1020798)
	at async t.GitHistoryProvider.resolveHEADMergeBase (/opt/vscodium-bin/resources/app/extensions/git/dist/main.js:2:948359)
	at async t.GitHistoryProvider.onDidRunGitStatus (/opt/vscodium-bin/resources/app/extensions/git/dist/main.js:2:941686)
2024-09-17 17:19:51.733 [error] Error: No such branch: master.
	at N.getBranch (/opt/vscodium-bin/resources/app/extensions/git/dist/main.js:2:937064)
	at async T.retryRun (/opt/vscodium-bin/resources/app/extensions/git/dist/main.js:2:1032765)
	at async T.run (/opt/vscodium-bin/resources/app/extensions/git/dist/main.js:2:1032369)
	at async T.getBranch (/opt/vscodium-bin/resources/app/extensions/git/dist/main.js:2:1020512)
	at async T.getBranchBase (/opt/vscodium-bin/resources/app/extensions/git/dist/main.js:2:1020798)
	at async t.GitHistoryProvider.resolveHEADMergeBase (/opt/vscodium-bin/resources/app/extensions/git/dist/main.js:2:948359)
	at async t.GitHistoryProvider.onDidRunGitStatus (/opt/vscodium-bin/resources/app/extensions/git/dist/main.js:2:941686)
2024-09-17 17:19:56.753 [error] Error: No such branch: master.
	at N.getBranch (/opt/vscodium-bin/resources/app/extensions/git/dist/main.js:2:937064)
	at async T.retryRun (/opt/vscodium-bin/resources/app/extensions/git/dist/main.js:2:1032765)
	at async T.run (/opt/vscodium-bin/resources/app/extensions/git/dist/main.js:2:1032369)
	at async T.getBranch (/opt/vscodium-bin/resources/app/extensions/git/dist/main.js:2:1020512)
	at async T.getBranchBase (/opt/vscodium-bin/resources/app/extensions/git/dist/main.js:2:1020798)
	at async t.GitHistoryProvider.resolveHEADMergeBase (/opt/vscodium-bin/resources/app/extensions/git/dist/main.js:2:948359)
	at async t.GitHistoryProvider.onDidRunGitStatus (/opt/vscodium-bin/resources/app/extensions/git/dist/main.js:2:941686)
2024-09-17 17:22:21.922 [error] Error: No such branch: master.
	at N.getBranch (/opt/vscodium-bin/resources/app/extensions/git/dist/main.js:2:937064)
	at async T.retryRun (/opt/vscodium-bin/resources/app/extensions/git/dist/main.js:2:1032765)
	at async T.run (/opt/vscodium-bin/resources/app/extensions/git/dist/main.js:2:1032369)
	at async T.getBranch (/opt/vscodium-bin/resources/app/extensions/git/dist/main.js:2:1020512)
	at async T.getBranchBase (/opt/vscodium-bin/resources/app/extensions/git/dist/main.js:2:1020798)
	at async t.GitHistoryProvider.resolveHEADMergeBase (/opt/vscodium-bin/resources/app/extensions/git/dist/main.js:2:948359)
	at async t.GitHistoryProvider.onDidRunGitStatus (/opt/vscodium-bin/resources/app/extensions/git/dist/main.js:2:941686)
2024-09-17 17:22:30.970 [error] Error: No such branch: master.
	at N.getBranch (/opt/vscodium-bin/resources/app/extensions/git/dist/main.js:2:937064)
	at async T.retryRun (/opt/vscodium-bin/resources/app/extensions/git/dist/main.js:2:1032765)
	at async T.run (/opt/vscodium-bin/resources/app/extensions/git/dist/main.js:2:1032369)
	at async T.getBranch (/opt/vscodium-bin/resources/app/extensions/git/dist/main.js:2:1020512)
	at async T.getBranchBase (/opt/vscodium-bin/resources/app/extensions/git/dist/main.js:2:1020798)
	at async t.GitHistoryProvider.resolveHEADMergeBase (/opt/vscodium-bin/resources/app/extensions/git/dist/main.js:2:948359)
	at async t.GitHistoryProvider.onDidRunGitStatus (/opt/vscodium-bin/resources/app/extensions/git/dist/main.js:2:941686)
2024-09-17 17:22:42.660 [error] Error: No such branch: master.
	at N.getBranch (/opt/vscodium-bin/resources/app/extensions/git/dist/main.js:2:937064)
	at async T.retryRun (/opt/vscodium-bin/resources/app/extensions/git/dist/main.js:2:1032765)
	at async T.run (/opt/vscodium-bin/resources/app/extensions/git/dist/main.js:2:1032369)
	at async T.getBranch (/opt/vscodium-bin/resources/app/extensions/git/dist/main.js:2:1020512)
	at async T.getBranchBase (/opt/vscodium-bin/resources/app/extensions/git/dist/main.js:2:1020798)
	at async t.GitHistoryProvider.resolveHEADMergeBase (/opt/vscodium-bin/resources/app/extensions/git/dist/main.js:2:948359)
	at async t.GitHistoryProvider.onDidRunGitStatus (/opt/vscodium-bin/resources/app/extensions/git/dist/main.js:2:941686)
2024-09-17 17:22:47.682 [error] Error: No such branch: master.
	at N.getBranch (/opt/vscodium-bin/resources/app/extensions/git/dist/main.js:2:937064)
	at async T.retryRun (/opt/vscodium-bin/resources/app/extensions/git/dist/main.js:2:1032765)
	at async T.run (/opt/vscodium-bin/resources/app/extensions/git/dist/main.js:2:1032369)
	at async T.getBranch (/opt/vscodium-bin/resources/app/extensions/git/dist/main.js:2:1020512)
	at async T.getBranchBase (/opt/vscodium-bin/resources/app/extensions/git/dist/main.js:2:1020798)
	at async t.GitHistoryProvider.resolveHEADMergeBase (/opt/vscodium-bin/resources/app/extensions/git/dist/main.js:2:948359)
	at async t.GitHistoryProvider.onDidRunGitStatus (/opt/vscodium-bin/resources/app/extensions/git/dist/main.js:2:941686)
2024-09-17 17:23:00.812 [error] Error: No such branch: master.
	at N.getBranch (/opt/vscodium-bin/resources/app/extensions/git/dist/main.js:2:937064)
	at async T.retryRun (/opt/vscodium-bin/resources/app/extensions/git/dist/main.js:2:1032765)
	at async T.run (/opt/vscodium-bin/resources/app/extensions/git/dist/main.js:2:1032369)
	at async T.getBranch (/opt/vscodium-bin/resources/app/extensions/git/dist/main.js:2:1020512)
	at async T.getBranchBase (/opt/vscodium-bin/resources/app/extensions/git/dist/main.js:2:1020798)
	at async t.GitHistoryProvider.resolveHEADMergeBase (/opt/vscodium-bin/resources/app/extensions/git/dist/main.js:2:948359)
	at async t.GitHistoryProvider.onDidRunGitStatus (/opt/vscodium-bin/resources/app/extensions/git/dist/main.js:2:941686)
2024-09-17 17:23:08.506 [error] Error: No such branch: master.
	at N.getBranch (/opt/vscodium-bin/resources/app/extensions/git/dist/main.js:2:937064)
	at async T.retryRun (/opt/vscodium-bin/resources/app/extensions/git/dist/main.js:2:1032765)
	at async T.run (/opt/vscodium-bin/resources/app/extensions/git/dist/main.js:2:1032369)
	at async T.getBranch (/opt/vscodium-bin/resources/app/extensions/git/dist/main.js:2:1020512)
	at async T.getBranchBase (/opt/vscodium-bin/resources/app/extensions/git/dist/main.js:2:1020798)
	at async t.GitHistoryProvider.resolveHEADMergeBase (/opt/vscodium-bin/resources/app/extensions/git/dist/main.js:2:948359)
	at async t.GitHistoryProvider.onDidRunGitStatus (/opt/vscodium-bin/resources/app/extensions/git/dist/main.js:2:941686)
2024-09-17 17:23:18.905 [error] Error: No such branch: master.
	at N.getBranch (/opt/vscodium-bin/resources/app/extensions/git/dist/main.js:2:937064)
	at async T.retryRun (/opt/vscodium-bin/resources/app/extensions/git/dist/main.js:2:1032765)
	at async T.run (/opt/vscodium-bin/resources/app/extensions/git/dist/main.js:2:1032369)
	at async T.getBranch (/opt/vscodium-bin/resources/app/extensions/git/dist/main.js:2:1020512)
	at async T.getBranchBase (/opt/vscodium-bin/resources/app/extensions/git/dist/main.js:2:1020798)
	at async t.GitHistoryProvider.resolveHEADMergeBase (/opt/vscodium-bin/resources/app/extensions/git/dist/main.js:2:948359)
	at async t.GitHistoryProvider.onDidRunGitStatus (/opt/vscodium-bin/resources/app/extensions/git/dist/main.js:2:941686)
2024-09-17 17:25:25.064 [error] Error: No such branch: master.
	at N.getBranch (/opt/vscodium-bin/resources/app/extensions/git/dist/main.js:2:937064)
	at async T.retryRun (/opt/vscodium-bin/resources/app/extensions/git/dist/main.js:2:1032765)
	at async T.run (/opt/vscodium-bin/resources/app/extensions/git/dist/main.js:2:1032369)
	at async T.getBranch (/opt/vscodium-bin/resources/app/extensions/git/dist/main.js:2:1020512)
	at async T.getBranchBase (/opt/vscodium-bin/resources/app/extensions/git/dist/main.js:2:1020798)
	at async t.GitHistoryProvider.resolveHEADMergeBase (/opt/vscodium-bin/resources/app/extensions/git/dist/main.js:2:948359)
	at async t.GitHistoryProvider.onDidRunGitStatus (/opt/vscodium-bin/resources/app/extensions/git/dist/main.js:2:941686)
2024-09-17 17:25:30.086 [error] Error: No such branch: master.
	at N.getBranch (/opt/vscodium-bin/resources/app/extensions/git/dist/main.js:2:937064)
	at async T.retryRun (/opt/vscodium-bin/resources/app/extensions/git/dist/main.js:2:1032765)
	at async T.run (/opt/vscodium-bin/resources/app/extensions/git/dist/main.js:2:1032369)
	at async T.getBranch (/opt/vscodium-bin/resources/app/extensions/git/dist/main.js:2:1020512)
	at async T.getBranchBase (/opt/vscodium-bin/resources/app/extensions/git/dist/main.js:2:1020798)
	at async t.GitHistoryProvider.resolveHEADMergeBase (/opt/vscodium-bin/resources/app/extensions/git/dist/main.js:2:948359)
	at async t.GitHistoryProvider.onDidRunGitStatus (/opt/vscodium-bin/resources/app/extensions/git/dist/main.js:2:941686)
2024-09-17 17:26:37.373 [error] Error: No such branch: master.
	at N.getBranch (/opt/vscodium-bin/resources/app/extensions/git/dist/main.js:2:937064)
	at async T.retryRun (/opt/vscodium-bin/resources/app/extensions/git/dist/main.js:2:1032765)
	at async T.run (/opt/vscodium-bin/resources/app/extensions/git/dist/main.js:2:1032369)
	at async T.getBranch (/opt/vscodium-bin/resources/app/extensions/git/dist/main.js:2:1020512)
	at async T.getBranchBase (/opt/vscodium-bin/resources/app/extensions/git/dist/main.js:2:1020798)
	at async t.GitHistoryProvider.resolveHEADMergeBase (/opt/vscodium-bin/resources/app/extensions/git/dist/main.js:2:948359)
	at async t.GitHistoryProvider.onDidRunGitStatus (/opt/vscodium-bin/resources/app/extensions/git/dist/main.js:2:941686)
2024-09-17 17:26:44.250 [error] Error: No such branch: master.
	at N.getBranch (/opt/vscodium-bin/resources/app/extensions/git/dist/main.js:2:937064)
	at process.processTicksAndRejections (node:internal/process/task_queues:95:5)
	at async T.retryRun (/opt/vscodium-bin/resources/app/extensions/git/dist/main.js:2:1032765)
	at async T.run (/opt/vscodium-bin/resources/app/extensions/git/dist/main.js:2:1032369)
	at async T.getBranch (/opt/vscodium-bin/resources/app/extensions/git/dist/main.js:2:1020512)
	at async T.getBranchBase (/opt/vscodium-bin/resources/app/extensions/git/dist/main.js:2:1020798)
	at async t.GitHistoryProvider.resolveHEADMergeBase (/opt/vscodium-bin/resources/app/extensions/git/dist/main.js:2:948359)
	at async t.GitHistoryProvider.onDidRunGitStatus (/opt/vscodium-bin/resources/app/extensions/git/dist/main.js:2:941686)
2024-09-17 17:27:15.900 [error] Error: No such branch: master.
	at N.getBranch (/opt/vscodium-bin/resources/app/extensions/git/dist/main.js:2:937064)
	at async T.retryRun (/opt/vscodium-bin/resources/app/extensions/git/dist/main.js:2:1032765)
	at async T.run (/opt/vscodium-bin/resources/app/extensions/git/dist/main.js:2:1032369)
	at async T.getBranch (/opt/vscodium-bin/resources/app/extensions/git/dist/main.js:2:1020512)
	at async T.getBranchBase (/opt/vscodium-bin/resources/app/extensions/git/dist/main.js:2:1020798)
	at async t.GitHistoryProvider.resolveHEADMergeBase (/opt/vscodium-bin/resources/app/extensions/git/dist/main.js:2:948359)
	at async t.GitHistoryProvider.onDidRunGitStatus (/opt/vscodium-bin/resources/app/extensions/git/dist/main.js:2:941686)
2024-09-17 17:29:05.502 [error] Error: No such branch: master.
	at N.getBranch (/opt/vscodium-bin/resources/app/extensions/git/dist/main.js:2:937064)
	at async T.retryRun (/opt/vscodium-bin/resources/app/extensions/git/dist/main.js:2:1032765)
	at async T.run (/opt/vscodium-bin/resources/app/extensions/git/dist/main.js:2:1032369)
	at async T.getBranch (/opt/vscodium-bin/resources/app/extensions/git/dist/main.js:2:1020512)
	at async T.getBranchBase (/opt/vscodium-bin/resources/app/extensions/git/dist/main.js:2:1020798)
	at async t.GitHistoryProvider.resolveHEADMergeBase (/opt/vscodium-bin/resources/app/extensions/git/dist/main.js:2:948359)
	at async t.GitHistoryProvider.onDidRunGitStatus (/opt/vscodium-bin/resources/app/extensions/git/dist/main.js:2:941686)
2024-09-17 17:29:12.815 [error] Error: No such branch: master.
	at N.getBranch (/opt/vscodium-bin/resources/app/extensions/git/dist/main.js:2:937064)
	at async T.retryRun (/opt/vscodium-bin/resources/app/extensions/git/dist/main.js:2:1032765)
	at async T.run (/opt/vscodium-bin/resources/app/extensions/git/dist/main.js:2:1032369)
	at async T.getBranch (/opt/vscodium-bin/resources/app/extensions/git/dist/main.js:2:1020512)
	at async T.getBranchBase (/opt/vscodium-bin/resources/app/extensions/git/dist/main.js:2:1020798)
	at async t.GitHistoryProvider.resolveHEADMergeBase (/opt/vscodium-bin/resources/app/extensions/git/dist/main.js:2:948359)
	at async t.GitHistoryProvider.onDidRunGitStatus (/opt/vscodium-bin/resources/app/extensions/git/dist/main.js:2:941686)
2024-09-17 17:30:44.659 [error] Error: No such branch: master.
	at N.getBranch (/opt/vscodium-bin/resources/app/extensions/git/dist/main.js:2:937064)
	at async T.retryRun (/opt/vscodium-bin/resources/app/extensions/git/dist/main.js:2:1032765)
	at async T.run (/opt/vscodium-bin/resources/app/extensions/git/dist/main.js:2:1032369)
	at async T.getBranch (/opt/vscodium-bin/resources/app/extensions/git/dist/main.js:2:1020512)
	at async T.getBranchBase (/opt/vscodium-bin/resources/app/extensions/git/dist/main.js:2:1020798)
	at async t.GitHistoryProvider.resolveHEADMergeBase (/opt/vscodium-bin/resources/app/extensions/git/dist/main.js:2:948359)
	at async t.GitHistoryProvider.onDidRunGitStatus (/opt/vscodium-bin/resources/app/extensions/git/dist/main.js:2:941686)
2024-09-17 17:31:00.249 [error] Error: No such branch: master.
	at N.getBranch (/opt/vscodium-bin/resources/app/extensions/git/dist/main.js:2:937064)
	at async T.retryRun (/opt/vscodium-bin/resources/app/extensions/git/dist/main.js:2:1032765)
	at async T.run (/opt/vscodium-bin/resources/app/extensions/git/dist/main.js:2:1032369)
	at async T.getBranch (/opt/vscodium-bin/resources/app/extensions/git/dist/main.js:2:1020512)
	at async T.getBranchBase (/opt/vscodium-bin/resources/app/extensions/git/dist/main.js:2:1020798)
	at async t.GitHistoryProvider.resolveHEADMergeBase (/opt/vscodium-bin/resources/app/extensions/git/dist/main.js:2:948359)
	at async t.GitHistoryProvider.onDidRunGitStatus (/opt/vscodium-bin/resources/app/extensions/git/dist/main.js:2:941686)
2024-09-17 17:31:56.438 [error] Error: No such branch: master.
	at N.getBranch (/opt/vscodium-bin/resources/app/extensions/git/dist/main.js:2:937064)
	at async T.retryRun (/opt/vscodium-bin/resources/app/extensions/git/dist/main.js:2:1032765)
	at async T.run (/opt/vscodium-bin/resources/app/extensions/git/dist/main.js:2:1032369)
	at async T.getBranch (/opt/vscodium-bin/resources/app/extensions/git/dist/main.js:2:1020512)
	at async T.getBranchBase (/opt/vscodium-bin/resources/app/extensions/git/dist/main.js:2:1020798)
	at async t.GitHistoryProvider.resolveHEADMergeBase (/opt/vscodium-bin/resources/app/extensions/git/dist/main.js:2:948359)
	at async t.GitHistoryProvider.onDidRunGitStatus (/opt/vscodium-bin/resources/app/extensions/git/dist/main.js:2:941686)
2024-09-17 17:33:35.542 [error] Error: No such branch: master.
	at N.getBranch (/opt/vscodium-bin/resources/app/extensions/git/dist/main.js:2:937064)
	at async T.retryRun (/opt/vscodium-bin/resources/app/extensions/git/dist/main.js:2:1032765)
	at async T.run (/opt/vscodium-bin/resources/app/extensions/git/dist/main.js:2:1032369)
	at async T.getBranch (/opt/vscodium-bin/resources/app/extensions/git/dist/main.js:2:1020512)
	at async T.getBranchBase (/opt/vscodium-bin/resources/app/extensions/git/dist/main.js:2:1020798)
	at async t.GitHistoryProvider.resolveHEADMergeBase (/opt/vscodium-bin/resources/app/extensions/git/dist/main.js:2:948359)
	at async t.GitHistoryProvider.onDidRunGitStatus (/opt/vscodium-bin/resources/app/extensions/git/dist/main.js:2:941686)
2024-09-17 17:33:40.565 [error] Error: No such branch: master.
	at N.getBranch (/opt/vscodium-bin/resources/app/extensions/git/dist/main.js:2:937064)
	at async T.retryRun (/opt/vscodium-bin/resources/app/extensions/git/dist/main.js:2:1032765)
	at async T.run (/opt/vscodium-bin/resources/app/extensions/git/dist/main.js:2:1032369)
	at async T.getBranch (/opt/vscodium-bin/resources/app/extensions/git/dist/main.js:2:1020512)
	at async T.getBranchBase (/opt/vscodium-bin/resources/app/extensions/git/dist/main.js:2:1020798)
	at async t.GitHistoryProvider.resolveHEADMergeBase (/opt/vscodium-bin/resources/app/extensions/git/dist/main.js:2:948359)
	at async t.GitHistoryProvider.onDidRunGitStatus (/opt/vscodium-bin/resources/app/extensions/git/dist/main.js:2:941686)
2024-09-17 17:33:53.107 [error] Error: No such branch: master.
	at N.getBranch (/opt/vscodium-bin/resources/app/extensions/git/dist/main.js:2:937064)
	at async T.retryRun (/opt/vscodium-bin/resources/app/extensions/git/dist/main.js:2:1032765)
	at async T.run (/opt/vscodium-bin/resources/app/extensions/git/dist/main.js:2:1032369)
	at async T.getBranch (/opt/vscodium-bin/resources/app/extensions/git/dist/main.js:2:1020512)
	at async T.getBranchBase (/opt/vscodium-bin/resources/app/extensions/git/dist/main.js:2:1020798)
	at async t.GitHistoryProvider.resolveHEADMergeBase (/opt/vscodium-bin/resources/app/extensions/git/dist/main.js:2:948359)
	at async t.GitHistoryProvider.onDidRunGitStatus (/opt/vscodium-bin/resources/app/extensions/git/dist/main.js:2:941686)
2024-09-17 17:34:31.886 [error] Error: No such branch: master.
	at N.getBranch (/opt/vscodium-bin/resources/app/extensions/git/dist/main.js:2:937064)
	at async T.retryRun (/opt/vscodium-bin/resources/app/extensions/git/dist/main.js:2:1032765)
	at async T.run (/opt/vscodium-bin/resources/app/extensions/git/dist/main.js:2:1032369)
	at async T.getBranch (/opt/vscodium-bin/resources/app/extensions/git/dist/main.js:2:1020512)
	at async T.getBranchBase (/opt/vscodium-bin/resources/app/extensions/git/dist/main.js:2:1020798)
	at async t.GitHistoryProvider.resolveHEADMergeBase (/opt/vscodium-bin/resources/app/extensions/git/dist/main.js:2:948359)
	at async t.GitHistoryProvider.onDidRunGitStatus (/opt/vscodium-bin/resources/app/extensions/git/dist/main.js:2:941686)
2024-09-17 17:35:54.402 [error] Error: No such branch: master.
	at N.getBranch (/opt/vscodium-bin/resources/app/extensions/git/dist/main.js:2:937064)
	at async T.retryRun (/opt/vscodium-bin/resources/app/extensions/git/dist/main.js:2:1032765)
	at async T.run (/opt/vscodium-bin/resources/app/extensions/git/dist/main.js:2:1032369)
	at async T.getBranch (/opt/vscodium-bin/resources/app/extensions/git/dist/main.js:2:1020512)
	at async T.getBranchBase (/opt/vscodium-bin/resources/app/extensions/git/dist/main.js:2:1020798)
	at async t.GitHistoryProvider.resolveHEADMergeBase (/opt/vscodium-bin/resources/app/extensions/git/dist/main.js:2:948359)
	at async t.GitHistoryProvider.onDidRunGitStatus (/opt/vscodium-bin/resources/app/extensions/git/dist/main.js:2:941686)
2024-09-17 17:36:08.650 [error] Error: No such branch: master.
	at N.getBranch (/opt/vscodium-bin/resources/app/extensions/git/dist/main.js:2:937064)
	at async T.retryRun (/opt/vscodium-bin/resources/app/extensions/git/dist/main.js:2:1032765)
	at async T.run (/opt/vscodium-bin/resources/app/extensions/git/dist/main.js:2:1032369)
	at async T.getBranch (/opt/vscodium-bin/resources/app/extensions/git/dist/main.js:2:1020512)
	at async T.getBranchBase (/opt/vscodium-bin/resources/app/extensions/git/dist/main.js:2:1020798)
	at async t.GitHistoryProvider.resolveHEADMergeBase (/opt/vscodium-bin/resources/app/extensions/git/dist/main.js:2:948359)
	at async t.GitHistoryProvider.onDidRunGitStatus (/opt/vscodium-bin/resources/app/extensions/git/dist/main.js:2:941686)
2024-09-17 17:36:35.196 [error] Error: No such branch: master.
	at N.getBranch (/opt/vscodium-bin/resources/app/extensions/git/dist/main.js:2:937064)
	at async T.retryRun (/opt/vscodium-bin/resources/app/extensions/git/dist/main.js:2:1032765)
	at async T.run (/opt/vscodium-bin/resources/app/extensions/git/dist/main.js:2:1032369)
	at async T.getBranch (/opt/vscodium-bin/resources/app/extensions/git/dist/main.js:2:1020512)
	at async T.getBranchBase (/opt/vscodium-bin/resources/app/extensions/git/dist/main.js:2:1020798)
	at async t.GitHistoryProvider.resolveHEADMergeBase (/opt/vscodium-bin/resources/app/extensions/git/dist/main.js:2:948359)
	at async t.GitHistoryProvider.onDidRunGitStatus (/opt/vscodium-bin/resources/app/extensions/git/dist/main.js:2:941686)
2024-09-17 17:36:41.367 [error] Error: No such branch: master.
	at N.getBranch (/opt/vscodium-bin/resources/app/extensions/git/dist/main.js:2:937064)
	at async T.retryRun (/opt/vscodium-bin/resources/app/extensions/git/dist/main.js:2:1032765)
	at async T.run (/opt/vscodium-bin/resources/app/extensions/git/dist/main.js:2:1032369)
	at async T.getBranch (/opt/vscodium-bin/resources/app/extensions/git/dist/main.js:2:1020512)
	at async T.getBranchBase (/opt/vscodium-bin/resources/app/extensions/git/dist/main.js:2:1020798)
	at async t.GitHistoryProvider.resolveHEADMergeBase (/opt/vscodium-bin/resources/app/extensions/git/dist/main.js:2:948359)
	at async t.GitHistoryProvider.onDidRunGitStatus (/opt/vscodium-bin/resources/app/extensions/git/dist/main.js:2:941686)
2024-09-17 17:36:46.392 [error] Error: No such branch: master.
	at N.getBranch (/opt/vscodium-bin/resources/app/extensions/git/dist/main.js:2:937064)
	at async T.retryRun (/opt/vscodium-bin/resources/app/extensions/git/dist/main.js:2:1032765)
	at async T.run (/opt/vscodium-bin/resources/app/extensions/git/dist/main.js:2:1032369)
	at async T.getBranch (/opt/vscodium-bin/resources/app/extensions/git/dist/main.js:2:1020512)
	at async T.getBranchBase (/opt/vscodium-bin/resources/app/extensions/git/dist/main.js:2:1020798)
	at async t.GitHistoryProvider.resolveHEADMergeBase (/opt/vscodium-bin/resources/app/extensions/git/dist/main.js:2:948359)
	at async t.GitHistoryProvider.onDidRunGitStatus (/opt/vscodium-bin/resources/app/extensions/git/dist/main.js:2:941686)
2024-09-17 17:38:29.400 [error] Error: No such branch: master.
	at N.getBranch (/opt/vscodium-bin/resources/app/extensions/git/dist/main.js:2:937064)
	at async T.retryRun (/opt/vscodium-bin/resources/app/extensions/git/dist/main.js:2:1032765)
	at async T.run (/opt/vscodium-bin/resources/app/extensions/git/dist/main.js:2:1032369)
	at async T.getBranch (/opt/vscodium-bin/resources/app/extensions/git/dist/main.js:2:1020512)
	at async T.getBranchBase (/opt/vscodium-bin/resources/app/extensions/git/dist/main.js:2:1020798)
	at async t.GitHistoryProvider.resolveHEADMergeBase (/opt/vscodium-bin/resources/app/extensions/git/dist/main.js:2:948359)
	at async t.GitHistoryProvider.onDidRunGitStatus (/opt/vscodium-bin/resources/app/extensions/git/dist/main.js:2:941686)
2024-09-17 17:38:34.429 [error] Error: No such branch: master.
	at N.getBranch (/opt/vscodium-bin/resources/app/extensions/git/dist/main.js:2:937064)
	at async T.retryRun (/opt/vscodium-bin/resources/app/extensions/git/dist/main.js:2:1032765)
	at async T.run (/opt/vscodium-bin/resources/app/extensions/git/dist/main.js:2:1032369)
	at async T.getBranch (/opt/vscodium-bin/resources/app/extensions/git/dist/main.js:2:1020512)
	at async T.getBranchBase (/opt/vscodium-bin/resources/app/extensions/git/dist/main.js:2:1020798)
	at async t.GitHistoryProvider.resolveHEADMergeBase (/opt/vscodium-bin/resources/app/extensions/git/dist/main.js:2:948359)
	at async t.GitHistoryProvider.onDidRunGitStatus (/opt/vscodium-bin/resources/app/extensions/git/dist/main.js:2:941686)
2024-09-17 17:38:39.451 [error] Error: No such branch: master.
	at N.getBranch (/opt/vscodium-bin/resources/app/extensions/git/dist/main.js:2:937064)
	at async T.retryRun (/opt/vscodium-bin/resources/app/extensions/git/dist/main.js:2:1032765)
	at async T.run (/opt/vscodium-bin/resources/app/extensions/git/dist/main.js:2:1032369)
	at async T.getBranch (/opt/vscodium-bin/resources/app/extensions/git/dist/main.js:2:1020512)
	at async T.getBranchBase (/opt/vscodium-bin/resources/app/extensions/git/dist/main.js:2:1020798)
	at async t.GitHistoryProvider.resolveHEADMergeBase (/opt/vscodium-bin/resources/app/extensions/git/dist/main.js:2:948359)
	at async t.GitHistoryProvider.onDidRunGitStatus (/opt/vscodium-bin/resources/app/extensions/git/dist/main.js:2:941686)
2024-09-17 17:38:53.627 [error] Error: No such branch: master.
	at N.getBranch (/opt/vscodium-bin/resources/app/extensions/git/dist/main.js:2:937064)
	at async T.retryRun (/opt/vscodium-bin/resources/app/extensions/git/dist/main.js:2:1032765)
	at async T.run (/opt/vscodium-bin/resources/app/extensions/git/dist/main.js:2:1032369)
	at async T.getBranch (/opt/vscodium-bin/resources/app/extensions/git/dist/main.js:2:1020512)
	at async T.getBranchBase (/opt/vscodium-bin/resources/app/extensions/git/dist/main.js:2:1020798)
	at async t.GitHistoryProvider.resolveHEADMergeBase (/opt/vscodium-bin/resources/app/extensions/git/dist/main.js:2:948359)
	at async t.GitHistoryProvider.onDidRunGitStatus (/opt/vscodium-bin/resources/app/extensions/git/dist/main.js:2:941686)
2024-09-17 17:38:58.646 [error] Error: No such branch: master.
	at N.getBranch (/opt/vscodium-bin/resources/app/extensions/git/dist/main.js:2:937064)
	at async T.retryRun (/opt/vscodium-bin/resources/app/extensions/git/dist/main.js:2:1032765)
	at async T.run (/opt/vscodium-bin/resources/app/extensions/git/dist/main.js:2:1032369)
	at async T.getBranch (/opt/vscodium-bin/resources/app/extensions/git/dist/main.js:2:1020512)
	at async T.getBranchBase (/opt/vscodium-bin/resources/app/extensions/git/dist/main.js:2:1020798)
	at async t.GitHistoryProvider.resolveHEADMergeBase (/opt/vscodium-bin/resources/app/extensions/git/dist/main.js:2:948359)
	at async t.GitHistoryProvider.onDidRunGitStatus (/opt/vscodium-bin/resources/app/extensions/git/dist/main.js:2:941686)
2024-09-17 17:39:03.670 [error] Error: No such branch: master.
	at N.getBranch (/opt/vscodium-bin/resources/app/extensions/git/dist/main.js:2:937064)
	at async T.retryRun (/opt/vscodium-bin/resources/app/extensions/git/dist/main.js:2:1032765)
	at async T.run (/opt/vscodium-bin/resources/app/extensions/git/dist/main.js:2:1032369)
	at async T.getBranch (/opt/vscodium-bin/resources/app/extensions/git/dist/main.js:2:1020512)
	at async T.getBranchBase (/opt/vscodium-bin/resources/app/extensions/git/dist/main.js:2:1020798)
	at async t.GitHistoryProvider.resolveHEADMergeBase (/opt/vscodium-bin/resources/app/extensions/git/dist/main.js:2:948359)
	at async t.GitHistoryProvider.onDidRunGitStatus (/opt/vscodium-bin/resources/app/extensions/git/dist/main.js:2:941686)
2024-09-17 17:40:31.776 [error] Error: No such branch: master.
	at N.getBranch (/opt/vscodium-bin/resources/app/extensions/git/dist/main.js:2:937064)
	at async T.retryRun (/opt/vscodium-bin/resources/app/extensions/git/dist/main.js:2:1032765)
	at async T.run (/opt/vscodium-bin/resources/app/extensions/git/dist/main.js:2:1032369)
	at async T.getBranch (/opt/vscodium-bin/resources/app/extensions/git/dist/main.js:2:1020512)
	at async T.getBranchBase (/opt/vscodium-bin/resources/app/extensions/git/dist/main.js:2:1020798)
	at async t.GitHistoryProvider.resolveHEADMergeBase (/opt/vscodium-bin/resources/app/extensions/git/dist/main.js:2:948359)
	at async t.GitHistoryProvider.onDidRunGitStatus (/opt/vscodium-bin/resources/app/extensions/git/dist/main.js:2:941686)
2024-09-17 17:40:44.943 [error] Error: No such branch: master.
	at N.getBranch (/opt/vscodium-bin/resources/app/extensions/git/dist/main.js:2:937064)
	at async T.retryRun (/opt/vscodium-bin/resources/app/extensions/git/dist/main.js:2:1032765)
	at async T.run (/opt/vscodium-bin/resources/app/extensions/git/dist/main.js:2:1032369)
	at async T.getBranch (/opt/vscodium-bin/resources/app/extensions/git/dist/main.js:2:1020512)
	at async T.getBranchBase (/opt/vscodium-bin/resources/app/extensions/git/dist/main.js:2:1020798)
	at async t.GitHistoryProvider.resolveHEADMergeBase (/opt/vscodium-bin/resources/app/extensions/git/dist/main.js:2:948359)
	at async t.GitHistoryProvider.onDidRunGitStatus (/opt/vscodium-bin/resources/app/extensions/git/dist/main.js:2:941686)
2024-09-17 17:40:50.648 [error] Error: No such branch: master.
	at N.getBranch (/opt/vscodium-bin/resources/app/extensions/git/dist/main.js:2:937064)
	at async T.retryRun (/opt/vscodium-bin/resources/app/extensions/git/dist/main.js:2:1032765)
	at async T.run (/opt/vscodium-bin/resources/app/extensions/git/dist/main.js:2:1032369)
	at async T.getBranch (/opt/vscodium-bin/resources/app/extensions/git/dist/main.js:2:1020512)
	at async T.getBranchBase (/opt/vscodium-bin/resources/app/extensions/git/dist/main.js:2:1020798)
	at async t.GitHistoryProvider.resolveHEADMergeBase (/opt/vscodium-bin/resources/app/extensions/git/dist/main.js:2:948359)
	at async t.GitHistoryProvider.onDidRunGitStatus (/opt/vscodium-bin/resources/app/extensions/git/dist/main.js:2:941686)
2024-09-17 17:40:55.668 [error] Error: No such branch: master.
	at N.getBranch (/opt/vscodium-bin/resources/app/extensions/git/dist/main.js:2:937064)
	at async T.retryRun (/opt/vscodium-bin/resources/app/extensions/git/dist/main.js:2:1032765)
	at async T.run (/opt/vscodium-bin/resources/app/extensions/git/dist/main.js:2:1032369)
	at async T.getBranch (/opt/vscodium-bin/resources/app/extensions/git/dist/main.js:2:1020512)
	at async T.getBranchBase (/opt/vscodium-bin/resources/app/extensions/git/dist/main.js:2:1020798)
	at async t.GitHistoryProvider.resolveHEADMergeBase (/opt/vscodium-bin/resources/app/extensions/git/dist/main.js:2:948359)
	at async t.GitHistoryProvider.onDidRunGitStatus (/opt/vscodium-bin/resources/app/extensions/git/dist/main.js:2:941686)
2024-09-17 17:41:00.687 [error] Error: No such branch: master.
	at N.getBranch (/opt/vscodium-bin/resources/app/extensions/git/dist/main.js:2:937064)
	at async T.retryRun (/opt/vscodium-bin/resources/app/extensions/git/dist/main.js:2:1032765)
	at async T.run (/opt/vscodium-bin/resources/app/extensions/git/dist/main.js:2:1032369)
	at async T.getBranch (/opt/vscodium-bin/resources/app/extensions/git/dist/main.js:2:1020512)
	at async T.getBranchBase (/opt/vscodium-bin/resources/app/extensions/git/dist/main.js:2:1020798)
	at async t.GitHistoryProvider.resolveHEADMergeBase (/opt/vscodium-bin/resources/app/extensions/git/dist/main.js:2:948359)
	at async t.GitHistoryProvider.onDidRunGitStatus (/opt/vscodium-bin/resources/app/extensions/git/dist/main.js:2:941686)
2024-09-17 17:57:03.175 [error] Error: No such branch: master.
	at N.getBranch (/opt/vscodium-bin/resources/app/extensions/git/dist/main.js:2:937064)
	at async T.retryRun (/opt/vscodium-bin/resources/app/extensions/git/dist/main.js:2:1032765)
	at async T.run (/opt/vscodium-bin/resources/app/extensions/git/dist/main.js:2:1032369)
	at async T.getBranch (/opt/vscodium-bin/resources/app/extensions/git/dist/main.js:2:1020512)
	at async T.getBranchBase (/opt/vscodium-bin/resources/app/extensions/git/dist/main.js:2:1020798)
	at async t.GitHistoryProvider.resolveHEADMergeBase (/opt/vscodium-bin/resources/app/extensions/git/dist/main.js:2:948359)
	at async t.GitHistoryProvider.onDidRunGitStatus (/opt/vscodium-bin/resources/app/extensions/git/dist/main.js:2:941686)
2024-09-17 17:57:33.420 [error] Error: No such branch: master.
	at N.getBranch (/opt/vscodium-bin/resources/app/extensions/git/dist/main.js:2:937064)
	at async T.retryRun (/opt/vscodium-bin/resources/app/extensions/git/dist/main.js:2:1032765)
	at async T.run (/opt/vscodium-bin/resources/app/extensions/git/dist/main.js:2:1032369)
	at async T.getBranch (/opt/vscodium-bin/resources/app/extensions/git/dist/main.js:2:1020512)
	at async T.getBranchBase (/opt/vscodium-bin/resources/app/extensions/git/dist/main.js:2:1020798)
	at async t.GitHistoryProvider.resolveHEADMergeBase (/opt/vscodium-bin/resources/app/extensions/git/dist/main.js:2:948359)
	at async t.GitHistoryProvider.onDidRunGitStatus (/opt/vscodium-bin/resources/app/extensions/git/dist/main.js:2:941686)
2024-09-17 17:57:48.813 [error] Error: No such branch: master.
	at N.getBranch (/opt/vscodium-bin/resources/app/extensions/git/dist/main.js:2:937064)
	at async T.retryRun (/opt/vscodium-bin/resources/app/extensions/git/dist/main.js:2:1032765)
	at async T.run (/opt/vscodium-bin/resources/app/extensions/git/dist/main.js:2:1032369)
	at async T.getBranch (/opt/vscodium-bin/resources/app/extensions/git/dist/main.js:2:1020512)
	at async T.getBranchBase (/opt/vscodium-bin/resources/app/extensions/git/dist/main.js:2:1020798)
	at async t.GitHistoryProvider.resolveHEADMergeBase (/opt/vscodium-bin/resources/app/extensions/git/dist/main.js:2:948359)
	at async t.GitHistoryProvider.onDidRunGitStatus (/opt/vscodium-bin/resources/app/extensions/git/dist/main.js:2:941686)
2024-09-17 17:57:53.832 [error] Error: No such branch: master.
	at N.getBranch (/opt/vscodium-bin/resources/app/extensions/git/dist/main.js:2:937064)
	at async T.retryRun (/opt/vscodium-bin/resources/app/extensions/git/dist/main.js:2:1032765)
	at async T.run (/opt/vscodium-bin/resources/app/extensions/git/dist/main.js:2:1032369)
	at async T.getBranch (/opt/vscodium-bin/resources/app/extensions/git/dist/main.js:2:1020512)
	at async T.getBranchBase (/opt/vscodium-bin/resources/app/extensions/git/dist/main.js:2:1020798)
	at async t.GitHistoryProvider.resolveHEADMergeBase (/opt/vscodium-bin/resources/app/extensions/git/dist/main.js:2:948359)
	at async t.GitHistoryProvider.onDidRunGitStatus (/opt/vscodium-bin/resources/app/extensions/git/dist/main.js:2:941686)
2024-09-17 17:57:58.854 [error] Error: No such branch: master.
	at N.getBranch (/opt/vscodium-bin/resources/app/extensions/git/dist/main.js:2:937064)
	at process.processTicksAndRejections (node:internal/process/task_queues:95:5)
	at async T.retryRun (/opt/vscodium-bin/resources/app/extensions/git/dist/main.js:2:1032765)
	at async T.run (/opt/vscodium-bin/resources/app/extensions/git/dist/main.js:2:1032369)
	at async T.getBranch (/opt/vscodium-bin/resources/app/extensions/git/dist/main.js:2:1020512)
	at async T.getBranchBase (/opt/vscodium-bin/resources/app/extensions/git/dist/main.js:2:1020798)
	at async t.GitHistoryProvider.resolveHEADMergeBase (/opt/vscodium-bin/resources/app/extensions/git/dist/main.js:2:948359)
	at async t.GitHistoryProvider.onDidRunGitStatus (/opt/vscodium-bin/resources/app/extensions/git/dist/main.js:2:941686)
2024-09-17 17:58:53.171 [error] Error: No such branch: master.
	at N.getBranch (/opt/vscodium-bin/resources/app/extensions/git/dist/main.js:2:937064)
	at async T.retryRun (/opt/vscodium-bin/resources/app/extensions/git/dist/main.js:2:1032765)
	at async T.run (/opt/vscodium-bin/resources/app/extensions/git/dist/main.js:2:1032369)
	at async T.getBranch (/opt/vscodium-bin/resources/app/extensions/git/dist/main.js:2:1020512)
	at async T.getBranchBase (/opt/vscodium-bin/resources/app/extensions/git/dist/main.js:2:1020798)
	at async t.GitHistoryProvider.resolveHEADMergeBase (/opt/vscodium-bin/resources/app/extensions/git/dist/main.js:2:948359)
	at async t.GitHistoryProvider.onDidRunGitStatus (/opt/vscodium-bin/resources/app/extensions/git/dist/main.js:2:941686)
2024-09-17 17:58:58.193 [error] Error: No such branch: master.
	at N.getBranch (/opt/vscodium-bin/resources/app/extensions/git/dist/main.js:2:937064)
	at async T.retryRun (/opt/vscodium-bin/resources/app/extensions/git/dist/main.js:2:1032765)
	at async T.run (/opt/vscodium-bin/resources/app/extensions/git/dist/main.js:2:1032369)
	at async T.getBranch (/opt/vscodium-bin/resources/app/extensions/git/dist/main.js:2:1020512)
	at async T.getBranchBase (/opt/vscodium-bin/resources/app/extensions/git/dist/main.js:2:1020798)
	at async t.GitHistoryProvider.resolveHEADMergeBase (/opt/vscodium-bin/resources/app/extensions/git/dist/main.js:2:948359)
	at async t.GitHistoryProvider.onDidRunGitStatus (/opt/vscodium-bin/resources/app/extensions/git/dist/main.js:2:941686)
2024-09-17 17:59:03.215 [error] Error: No such branch: master.
	at N.getBranch (/opt/vscodium-bin/resources/app/extensions/git/dist/main.js:2:937064)
	at async T.retryRun (/opt/vscodium-bin/resources/app/extensions/git/dist/main.js:2:1032765)
	at async T.run (/opt/vscodium-bin/resources/app/extensions/git/dist/main.js:2:1032369)
	at async T.getBranch (/opt/vscodium-bin/resources/app/extensions/git/dist/main.js:2:1020512)
	at async T.getBranchBase (/opt/vscodium-bin/resources/app/extensions/git/dist/main.js:2:1020798)
	at async t.GitHistoryProvider.resolveHEADMergeBase (/opt/vscodium-bin/resources/app/extensions/git/dist/main.js:2:948359)
	at async t.GitHistoryProvider.onDidRunGitStatus (/opt/vscodium-bin/resources/app/extensions/git/dist/main.js:2:941686)
2024-09-17 18:01:45.788 [error] Error: No such branch: master.
	at N.getBranch (/opt/vscodium-bin/resources/app/extensions/git/dist/main.js:2:937064)
	at async T.retryRun (/opt/vscodium-bin/resources/app/extensions/git/dist/main.js:2:1032765)
	at async T.run (/opt/vscodium-bin/resources/app/extensions/git/dist/main.js:2:1032369)
	at async T.getBranch (/opt/vscodium-bin/resources/app/extensions/git/dist/main.js:2:1020512)
	at async T.getBranchBase (/opt/vscodium-bin/resources/app/extensions/git/dist/main.js:2:1020798)
	at async t.GitHistoryProvider.resolveHEADMergeBase (/opt/vscodium-bin/resources/app/extensions/git/dist/main.js:2:948359)
	at async t.GitHistoryProvider.onDidRunGitStatus (/opt/vscodium-bin/resources/app/extensions/git/dist/main.js:2:941686)
2024-09-17 18:02:07.562 [error] Error: No such branch: master.
	at N.getBranch (/opt/vscodium-bin/resources/app/extensions/git/dist/main.js:2:937064)
	at async T.retryRun (/opt/vscodium-bin/resources/app/extensions/git/dist/main.js:2:1032765)
	at async T.run (/opt/vscodium-bin/resources/app/extensions/git/dist/main.js:2:1032369)
	at async T.getBranch (/opt/vscodium-bin/resources/app/extensions/git/dist/main.js:2:1020512)
	at async T.getBranchBase (/opt/vscodium-bin/resources/app/extensions/git/dist/main.js:2:1020798)
	at async t.GitHistoryProvider.resolveHEADMergeBase (/opt/vscodium-bin/resources/app/extensions/git/dist/main.js:2:948359)
	at async t.GitHistoryProvider.onDidRunGitStatus (/opt/vscodium-bin/resources/app/extensions/git/dist/main.js:2:941686)
2024-09-17 18:02:12.589 [error] Error: No such branch: master.
	at N.getBranch (/opt/vscodium-bin/resources/app/extensions/git/dist/main.js:2:937064)
	at async T.retryRun (/opt/vscodium-bin/resources/app/extensions/git/dist/main.js:2:1032765)
	at async T.run (/opt/vscodium-bin/resources/app/extensions/git/dist/main.js:2:1032369)
	at async T.getBranch (/opt/vscodium-bin/resources/app/extensions/git/dist/main.js:2:1020512)
	at async T.getBranchBase (/opt/vscodium-bin/resources/app/extensions/git/dist/main.js:2:1020798)
	at async t.GitHistoryProvider.resolveHEADMergeBase (/opt/vscodium-bin/resources/app/extensions/git/dist/main.js:2:948359)
	at async t.GitHistoryProvider.onDidRunGitStatus (/opt/vscodium-bin/resources/app/extensions/git/dist/main.js:2:941686)
2024-09-17 18:02:17.613 [error] Error: No such branch: master.
	at N.getBranch (/opt/vscodium-bin/resources/app/extensions/git/dist/main.js:2:937064)
	at async T.retryRun (/opt/vscodium-bin/resources/app/extensions/git/dist/main.js:2:1032765)
	at async T.run (/opt/vscodium-bin/resources/app/extensions/git/dist/main.js:2:1032369)
	at async T.getBranch (/opt/vscodium-bin/resources/app/extensions/git/dist/main.js:2:1020512)
	at async T.getBranchBase (/opt/vscodium-bin/resources/app/extensions/git/dist/main.js:2:1020798)
	at async t.GitHistoryProvider.resolveHEADMergeBase (/opt/vscodium-bin/resources/app/extensions/git/dist/main.js:2:948359)
	at async t.GitHistoryProvider.onDidRunGitStatus (/opt/vscodium-bin/resources/app/extensions/git/dist/main.js:2:941686)
2024-09-17 18:03:01.257 [error] Error: No such branch: master.
	at N.getBranch (/opt/vscodium-bin/resources/app/extensions/git/dist/main.js:2:937064)
	at async T.retryRun (/opt/vscodium-bin/resources/app/extensions/git/dist/main.js:2:1032765)
	at async T.run (/opt/vscodium-bin/resources/app/extensions/git/dist/main.js:2:1032369)
	at async T.getBranch (/opt/vscodium-bin/resources/app/extensions/git/dist/main.js:2:1020512)
	at async T.getBranchBase (/opt/vscodium-bin/resources/app/extensions/git/dist/main.js:2:1020798)
	at async t.GitHistoryProvider.resolveHEADMergeBase (/opt/vscodium-bin/resources/app/extensions/git/dist/main.js:2:948359)
	at async t.GitHistoryProvider.onDidRunGitStatus (/opt/vscodium-bin/resources/app/extensions/git/dist/main.js:2:941686)
2024-09-17 18:03:17.212 [error] Error: No such branch: master.
	at N.getBranch (/opt/vscodium-bin/resources/app/extensions/git/dist/main.js:2:937064)
	at process.processTicksAndRejections (node:internal/process/task_queues:95:5)
	at async T.retryRun (/opt/vscodium-bin/resources/app/extensions/git/dist/main.js:2:1032765)
	at async T.run (/opt/vscodium-bin/resources/app/extensions/git/dist/main.js:2:1032369)
	at async T.getBranch (/opt/vscodium-bin/resources/app/extensions/git/dist/main.js:2:1020512)
	at async T.getBranchBase (/opt/vscodium-bin/resources/app/extensions/git/dist/main.js:2:1020798)
	at async t.GitHistoryProvider.resolveHEADMergeBase (/opt/vscodium-bin/resources/app/extensions/git/dist/main.js:2:948359)
	at async t.GitHistoryProvider.onDidRunGitStatus (/opt/vscodium-bin/resources/app/extensions/git/dist/main.js:2:941686)
2024-09-17 18:03:22.230 [error] Error: No such branch: master.
	at N.getBranch (/opt/vscodium-bin/resources/app/extensions/git/dist/main.js:2:937064)
	at async T.retryRun (/opt/vscodium-bin/resources/app/extensions/git/dist/main.js:2:1032765)
	at async T.run (/opt/vscodium-bin/resources/app/extensions/git/dist/main.js:2:1032369)
	at async T.getBranch (/opt/vscodium-bin/resources/app/extensions/git/dist/main.js:2:1020512)
	at async T.getBranchBase (/opt/vscodium-bin/resources/app/extensions/git/dist/main.js:2:1020798)
	at async t.GitHistoryProvider.resolveHEADMergeBase (/opt/vscodium-bin/resources/app/extensions/git/dist/main.js:2:948359)
	at async t.GitHistoryProvider.onDidRunGitStatus (/opt/vscodium-bin/resources/app/extensions/git/dist/main.js:2:941686)
2024-09-17 18:03:27.251 [error] Error: No such branch: master.
	at N.getBranch (/opt/vscodium-bin/resources/app/extensions/git/dist/main.js:2:937064)
	at async T.retryRun (/opt/vscodium-bin/resources/app/extensions/git/dist/main.js:2:1032765)
	at async T.run (/opt/vscodium-bin/resources/app/extensions/git/dist/main.js:2:1032369)
	at async T.getBranch (/opt/vscodium-bin/resources/app/extensions/git/dist/main.js:2:1020512)
	at async T.getBranchBase (/opt/vscodium-bin/resources/app/extensions/git/dist/main.js:2:1020798)
	at async t.GitHistoryProvider.resolveHEADMergeBase (/opt/vscodium-bin/resources/app/extensions/git/dist/main.js:2:948359)
	at async t.GitHistoryProvider.onDidRunGitStatus (/opt/vscodium-bin/resources/app/extensions/git/dist/main.js:2:941686)
2024-09-17 18:03:49.970 [error] Error: No such branch: master.
	at N.getBranch (/opt/vscodium-bin/resources/app/extensions/git/dist/main.js:2:937064)
	at async T.retryRun (/opt/vscodium-bin/resources/app/extensions/git/dist/main.js:2:1032765)
	at async T.run (/opt/vscodium-bin/resources/app/extensions/git/dist/main.js:2:1032369)
	at async T.getBranch (/opt/vscodium-bin/resources/app/extensions/git/dist/main.js:2:1020512)
	at async T.getBranchBase (/opt/vscodium-bin/resources/app/extensions/git/dist/main.js:2:1020798)
	at async t.GitHistoryProvider.resolveHEADMergeBase (/opt/vscodium-bin/resources/app/extensions/git/dist/main.js:2:948359)
	at async t.GitHistoryProvider.onDidRunGitStatus (/opt/vscodium-bin/resources/app/extensions/git/dist/main.js:2:941686)
2024-09-17 18:03:54.989 [error] Error: No such branch: master.
	at N.getBranch (/opt/vscodium-bin/resources/app/extensions/git/dist/main.js:2:937064)
	at async T.retryRun (/opt/vscodium-bin/resources/app/extensions/git/dist/main.js:2:1032765)
	at async T.run (/opt/vscodium-bin/resources/app/extensions/git/dist/main.js:2:1032369)
	at async T.getBranch (/opt/vscodium-bin/resources/app/extensions/git/dist/main.js:2:1020512)
	at async T.getBranchBase (/opt/vscodium-bin/resources/app/extensions/git/dist/main.js:2:1020798)
	at async t.GitHistoryProvider.resolveHEADMergeBase (/opt/vscodium-bin/resources/app/extensions/git/dist/main.js:2:948359)
	at async t.GitHistoryProvider.onDidRunGitStatus (/opt/vscodium-bin/resources/app/extensions/git/dist/main.js:2:941686)
2024-09-17 18:04:00.010 [error] Error: No such branch: master.
	at N.getBranch (/opt/vscodium-bin/resources/app/extensions/git/dist/main.js:2:937064)
	at async T.retryRun (/opt/vscodium-bin/resources/app/extensions/git/dist/main.js:2:1032765)
	at async T.run (/opt/vscodium-bin/resources/app/extensions/git/dist/main.js:2:1032369)
	at async T.getBranch (/opt/vscodium-bin/resources/app/extensions/git/dist/main.js:2:1020512)
	at async T.getBranchBase (/opt/vscodium-bin/resources/app/extensions/git/dist/main.js:2:1020798)
	at async t.GitHistoryProvider.resolveHEADMergeBase (/opt/vscodium-bin/resources/app/extensions/git/dist/main.js:2:948359)
	at async t.GitHistoryProvider.onDidRunGitStatus (/opt/vscodium-bin/resources/app/extensions/git/dist/main.js:2:941686)
2024-09-17 18:04:34.481 [error] Error: No such branch: master.
	at N.getBranch (/opt/vscodium-bin/resources/app/extensions/git/dist/main.js:2:937064)
	at async T.retryRun (/opt/vscodium-bin/resources/app/extensions/git/dist/main.js:2:1032765)
	at async T.run (/opt/vscodium-bin/resources/app/extensions/git/dist/main.js:2:1032369)
	at async T.getBranch (/opt/vscodium-bin/resources/app/extensions/git/dist/main.js:2:1020512)
	at async T.getBranchBase (/opt/vscodium-bin/resources/app/extensions/git/dist/main.js:2:1020798)
	at async t.GitHistoryProvider.resolveHEADMergeBase (/opt/vscodium-bin/resources/app/extensions/git/dist/main.js:2:948359)
	at async t.GitHistoryProvider.onDidRunGitStatus (/opt/vscodium-bin/resources/app/extensions/git/dist/main.js:2:941686)
2024-09-17 18:08:43.603 [error] Error: No such branch: master.
	at N.getBranch (/opt/vscodium-bin/resources/app/extensions/git/dist/main.js:2:937064)
	at async T.retryRun (/opt/vscodium-bin/resources/app/extensions/git/dist/main.js:2:1032765)
	at async T.run (/opt/vscodium-bin/resources/app/extensions/git/dist/main.js:2:1032369)
	at async T.getBranch (/opt/vscodium-bin/resources/app/extensions/git/dist/main.js:2:1020512)
	at async T.getBranchBase (/opt/vscodium-bin/resources/app/extensions/git/dist/main.js:2:1020798)
	at async t.GitHistoryProvider.resolveHEADMergeBase (/opt/vscodium-bin/resources/app/extensions/git/dist/main.js:2:948359)
	at async t.GitHistoryProvider.onDidRunGitStatus (/opt/vscodium-bin/resources/app/extensions/git/dist/main.js:2:941686)
2024-09-17 18:10:37.855 [error] Error: No such branch: master.
	at N.getBranch (/opt/vscodium-bin/resources/app/extensions/git/dist/main.js:2:937064)
	at async T.retryRun (/opt/vscodium-bin/resources/app/extensions/git/dist/main.js:2:1032765)
	at async T.run (/opt/vscodium-bin/resources/app/extensions/git/dist/main.js:2:1032369)
	at async T.getBranch (/opt/vscodium-bin/resources/app/extensions/git/dist/main.js:2:1020512)
	at async T.getBranchBase (/opt/vscodium-bin/resources/app/extensions/git/dist/main.js:2:1020798)
	at async t.GitHistoryProvider.resolveHEADMergeBase (/opt/vscodium-bin/resources/app/extensions/git/dist/main.js:2:948359)
	at async t.GitHistoryProvider.onDidRunGitStatus (/opt/vscodium-bin/resources/app/extensions/git/dist/main.js:2:941686)
2024-09-17 18:11:02.875 [error] Error: No such branch: master.
	at N.getBranch (/opt/vscodium-bin/resources/app/extensions/git/dist/main.js:2:937064)
	at async T.retryRun (/opt/vscodium-bin/resources/app/extensions/git/dist/main.js:2:1032765)
	at async T.run (/opt/vscodium-bin/resources/app/extensions/git/dist/main.js:2:1032369)
	at async T.getBranch (/opt/vscodium-bin/resources/app/extensions/git/dist/main.js:2:1020512)
	at async T.getBranchBase (/opt/vscodium-bin/resources/app/extensions/git/dist/main.js:2:1020798)
	at async t.GitHistoryProvider.resolveHEADMergeBase (/opt/vscodium-bin/resources/app/extensions/git/dist/main.js:2:948359)
	at async t.GitHistoryProvider.onDidRunGitStatus (/opt/vscodium-bin/resources/app/extensions/git/dist/main.js:2:941686)
2024-09-17 18:11:16.691 [error] Error: No such branch: master.
	at N.getBranch (/opt/vscodium-bin/resources/app/extensions/git/dist/main.js:2:937064)
	at async T.retryRun (/opt/vscodium-bin/resources/app/extensions/git/dist/main.js:2:1032765)
	at async T.run (/opt/vscodium-bin/resources/app/extensions/git/dist/main.js:2:1032369)
	at async T.getBranch (/opt/vscodium-bin/resources/app/extensions/git/dist/main.js:2:1020512)
	at async T.getBranchBase (/opt/vscodium-bin/resources/app/extensions/git/dist/main.js:2:1020798)
	at async t.GitHistoryProvider.resolveHEADMergeBase (/opt/vscodium-bin/resources/app/extensions/git/dist/main.js:2:948359)
	at async t.GitHistoryProvider.onDidRunGitStatus (/opt/vscodium-bin/resources/app/extensions/git/dist/main.js:2:941686)
2024-09-17 18:11:40.130 [error] Error: No such branch: master.
	at N.getBranch (/opt/vscodium-bin/resources/app/extensions/git/dist/main.js:2:937064)
	at async T.retryRun (/opt/vscodium-bin/resources/app/extensions/git/dist/main.js:2:1032765)
	at async T.run (/opt/vscodium-bin/resources/app/extensions/git/dist/main.js:2:1032369)
	at async T.getBranch (/opt/vscodium-bin/resources/app/extensions/git/dist/main.js:2:1020512)
	at async T.getBranchBase (/opt/vscodium-bin/resources/app/extensions/git/dist/main.js:2:1020798)
	at async t.GitHistoryProvider.resolveHEADMergeBase (/opt/vscodium-bin/resources/app/extensions/git/dist/main.js:2:948359)
	at async t.GitHistoryProvider.onDidRunGitStatus (/opt/vscodium-bin/resources/app/extensions/git/dist/main.js:2:941686)
2024-09-17 18:11:45.149 [error] Error: No such branch: master.
	at N.getBranch (/opt/vscodium-bin/resources/app/extensions/git/dist/main.js:2:937064)
	at async T.retryRun (/opt/vscodium-bin/resources/app/extensions/git/dist/main.js:2:1032765)
	at async T.run (/opt/vscodium-bin/resources/app/extensions/git/dist/main.js:2:1032369)
	at async T.getBranch (/opt/vscodium-bin/resources/app/extensions/git/dist/main.js:2:1020512)
	at async T.getBranchBase (/opt/vscodium-bin/resources/app/extensions/git/dist/main.js:2:1020798)
	at async t.GitHistoryProvider.resolveHEADMergeBase (/opt/vscodium-bin/resources/app/extensions/git/dist/main.js:2:948359)
	at async t.GitHistoryProvider.onDidRunGitStatus (/opt/vscodium-bin/resources/app/extensions/git/dist/main.js:2:941686)
2024-09-17 18:11:50.168 [error] Error: No such branch: master.
	at N.getBranch (/opt/vscodium-bin/resources/app/extensions/git/dist/main.js:2:937064)
	at async T.retryRun (/opt/vscodium-bin/resources/app/extensions/git/dist/main.js:2:1032765)
	at async T.run (/opt/vscodium-bin/resources/app/extensions/git/dist/main.js:2:1032369)
	at async T.getBranch (/opt/vscodium-bin/resources/app/extensions/git/dist/main.js:2:1020512)
	at async T.getBranchBase (/opt/vscodium-bin/resources/app/extensions/git/dist/main.js:2:1020798)
	at async t.GitHistoryProvider.resolveHEADMergeBase (/opt/vscodium-bin/resources/app/extensions/git/dist/main.js:2:948359)
	at async t.GitHistoryProvider.onDidRunGitStatus (/opt/vscodium-bin/resources/app/extensions/git/dist/main.js:2:941686)
2024-09-17 18:12:32.436 [error] Error: No such branch: master.
	at N.getBranch (/opt/vscodium-bin/resources/app/extensions/git/dist/main.js:2:937064)
	at async T.retryRun (/opt/vscodium-bin/resources/app/extensions/git/dist/main.js:2:1032765)
	at async T.run (/opt/vscodium-bin/resources/app/extensions/git/dist/main.js:2:1032369)
	at async T.getBranch (/opt/vscodium-bin/resources/app/extensions/git/dist/main.js:2:1020512)
	at async T.getBranchBase (/opt/vscodium-bin/resources/app/extensions/git/dist/main.js:2:1020798)
	at async t.GitHistoryProvider.resolveHEADMergeBase (/opt/vscodium-bin/resources/app/extensions/git/dist/main.js:2:948359)
	at async t.GitHistoryProvider.onDidRunGitStatus (/opt/vscodium-bin/resources/app/extensions/git/dist/main.js:2:941686)
2024-09-17 18:12:37.456 [error] Error: No such branch: master.
	at N.getBranch (/opt/vscodium-bin/resources/app/extensions/git/dist/main.js:2:937064)
	at async T.retryRun (/opt/vscodium-bin/resources/app/extensions/git/dist/main.js:2:1032765)
	at async T.run (/opt/vscodium-bin/resources/app/extensions/git/dist/main.js:2:1032369)
	at async T.getBranch (/opt/vscodium-bin/resources/app/extensions/git/dist/main.js:2:1020512)
	at async T.getBranchBase (/opt/vscodium-bin/resources/app/extensions/git/dist/main.js:2:1020798)
	at async t.GitHistoryProvider.resolveHEADMergeBase (/opt/vscodium-bin/resources/app/extensions/git/dist/main.js:2:948359)
	at async t.GitHistoryProvider.onDidRunGitStatus (/opt/vscodium-bin/resources/app/extensions/git/dist/main.js:2:941686)
2024-09-17 18:13:14.410 [error] Error: No such branch: master.
	at N.getBranch (/opt/vscodium-bin/resources/app/extensions/git/dist/main.js:2:937064)
	at async T.retryRun (/opt/vscodium-bin/resources/app/extensions/git/dist/main.js:2:1032765)
	at async T.run (/opt/vscodium-bin/resources/app/extensions/git/dist/main.js:2:1032369)
	at async T.getBranch (/opt/vscodium-bin/resources/app/extensions/git/dist/main.js:2:1020512)
	at async T.getBranchBase (/opt/vscodium-bin/resources/app/extensions/git/dist/main.js:2:1020798)
	at async t.GitHistoryProvider.resolveHEADMergeBase (/opt/vscodium-bin/resources/app/extensions/git/dist/main.js:2:948359)
	at async t.GitHistoryProvider.onDidRunGitStatus (/opt/vscodium-bin/resources/app/extensions/git/dist/main.js:2:941686)
2024-09-17 18:13:24.820 [error] Error: No such branch: master.
	at N.getBranch (/opt/vscodium-bin/resources/app/extensions/git/dist/main.js:2:937064)
	at async T.retryRun (/opt/vscodium-bin/resources/app/extensions/git/dist/main.js:2:1032765)
	at async T.run (/opt/vscodium-bin/resources/app/extensions/git/dist/main.js:2:1032369)
	at async T.getBranch (/opt/vscodium-bin/resources/app/extensions/git/dist/main.js:2:1020512)
	at async T.getBranchBase (/opt/vscodium-bin/resources/app/extensions/git/dist/main.js:2:1020798)
	at async t.GitHistoryProvider.resolveHEADMergeBase (/opt/vscodium-bin/resources/app/extensions/git/dist/main.js:2:948359)
	at async t.GitHistoryProvider.onDidRunGitStatus (/opt/vscodium-bin/resources/app/extensions/git/dist/main.js:2:941686)
2024-09-17 18:13:29.850 [error] Error: No such branch: master.
	at N.getBranch (/opt/vscodium-bin/resources/app/extensions/git/dist/main.js:2:937064)
	at async T.retryRun (/opt/vscodium-bin/resources/app/extensions/git/dist/main.js:2:1032765)
	at async T.run (/opt/vscodium-bin/resources/app/extensions/git/dist/main.js:2:1032369)
	at async T.getBranch (/opt/vscodium-bin/resources/app/extensions/git/dist/main.js:2:1020512)
	at async T.getBranchBase (/opt/vscodium-bin/resources/app/extensions/git/dist/main.js:2:1020798)
	at async t.GitHistoryProvider.resolveHEADMergeBase (/opt/vscodium-bin/resources/app/extensions/git/dist/main.js:2:948359)
	at async t.GitHistoryProvider.onDidRunGitStatus (/opt/vscodium-bin/resources/app/extensions/git/dist/main.js:2:941686)
2024-09-17 18:13:34.872 [error] Error: No such branch: master.
	at N.getBranch (/opt/vscodium-bin/resources/app/extensions/git/dist/main.js:2:937064)
	at async T.retryRun (/opt/vscodium-bin/resources/app/extensions/git/dist/main.js:2:1032765)
	at async T.run (/opt/vscodium-bin/resources/app/extensions/git/dist/main.js:2:1032369)
	at async T.getBranch (/opt/vscodium-bin/resources/app/extensions/git/dist/main.js:2:1020512)
	at async T.getBranchBase (/opt/vscodium-bin/resources/app/extensions/git/dist/main.js:2:1020798)
	at async t.GitHistoryProvider.resolveHEADMergeBase (/opt/vscodium-bin/resources/app/extensions/git/dist/main.js:2:948359)
	at async t.GitHistoryProvider.onDidRunGitStatus (/opt/vscodium-bin/resources/app/extensions/git/dist/main.js:2:941686)
2024-09-17 18:14:05.855 [error] Error: No such branch: master.
	at N.getBranch (/opt/vscodium-bin/resources/app/extensions/git/dist/main.js:2:937064)
	at async T.retryRun (/opt/vscodium-bin/resources/app/extensions/git/dist/main.js:2:1032765)
	at async T.run (/opt/vscodium-bin/resources/app/extensions/git/dist/main.js:2:1032369)
	at async T.getBranch (/opt/vscodium-bin/resources/app/extensions/git/dist/main.js:2:1020512)
	at async T.getBranchBase (/opt/vscodium-bin/resources/app/extensions/git/dist/main.js:2:1020798)
	at async t.GitHistoryProvider.resolveHEADMergeBase (/opt/vscodium-bin/resources/app/extensions/git/dist/main.js:2:948359)
	at async t.GitHistoryProvider.onDidRunGitStatus (/opt/vscodium-bin/resources/app/extensions/git/dist/main.js:2:941686)
2024-09-17 18:14:10.878 [error] Error: No such branch: master.
	at N.getBranch (/opt/vscodium-bin/resources/app/extensions/git/dist/main.js:2:937064)
	at async T.retryRun (/opt/vscodium-bin/resources/app/extensions/git/dist/main.js:2:1032765)
	at async T.run (/opt/vscodium-bin/resources/app/extensions/git/dist/main.js:2:1032369)
	at async T.getBranch (/opt/vscodium-bin/resources/app/extensions/git/dist/main.js:2:1020512)
	at async T.getBranchBase (/opt/vscodium-bin/resources/app/extensions/git/dist/main.js:2:1020798)
	at async t.GitHistoryProvider.resolveHEADMergeBase (/opt/vscodium-bin/resources/app/extensions/git/dist/main.js:2:948359)
	at async t.GitHistoryProvider.onDidRunGitStatus (/opt/vscodium-bin/resources/app/extensions/git/dist/main.js:2:941686)
2024-09-17 18:14:15.902 [error] Error: No such branch: master.
	at N.getBranch (/opt/vscodium-bin/resources/app/extensions/git/dist/main.js:2:937064)
	at process.processTicksAndRejections (node:internal/process/task_queues:95:5)
	at async T.retryRun (/opt/vscodium-bin/resources/app/extensions/git/dist/main.js:2:1032765)
	at async T.run (/opt/vscodium-bin/resources/app/extensions/git/dist/main.js:2:1032369)
	at async T.getBranch (/opt/vscodium-bin/resources/app/extensions/git/dist/main.js:2:1020512)
	at async T.getBranchBase (/opt/vscodium-bin/resources/app/extensions/git/dist/main.js:2:1020798)
	at async t.GitHistoryProvider.resolveHEADMergeBase (/opt/vscodium-bin/resources/app/extensions/git/dist/main.js:2:948359)
	at async t.GitHistoryProvider.onDidRunGitStatus (/opt/vscodium-bin/resources/app/extensions/git/dist/main.js:2:941686)
2024-09-17 18:14:38.989 [error] Error: No such branch: master.
	at N.getBranch (/opt/vscodium-bin/resources/app/extensions/git/dist/main.js:2:937064)
	at async T.retryRun (/opt/vscodium-bin/resources/app/extensions/git/dist/main.js:2:1032765)
	at async T.run (/opt/vscodium-bin/resources/app/extensions/git/dist/main.js:2:1032369)
	at async T.getBranch (/opt/vscodium-bin/resources/app/extensions/git/dist/main.js:2:1020512)
	at async T.getBranchBase (/opt/vscodium-bin/resources/app/extensions/git/dist/main.js:2:1020798)
	at async t.GitHistoryProvider.resolveHEADMergeBase (/opt/vscodium-bin/resources/app/extensions/git/dist/main.js:2:948359)
	at async t.GitHistoryProvider.onDidRunGitStatus (/opt/vscodium-bin/resources/app/extensions/git/dist/main.js:2:941686)
2024-09-17 18:14:48.083 [error] Error: No such branch: master.
	at N.getBranch (/opt/vscodium-bin/resources/app/extensions/git/dist/main.js:2:937064)
	at async T.retryRun (/opt/vscodium-bin/resources/app/extensions/git/dist/main.js:2:1032765)
	at async T.run (/opt/vscodium-bin/resources/app/extensions/git/dist/main.js:2:1032369)
	at async T.getBranch (/opt/vscodium-bin/resources/app/extensions/git/dist/main.js:2:1020512)
	at async T.getBranchBase (/opt/vscodium-bin/resources/app/extensions/git/dist/main.js:2:1020798)
	at async t.GitHistoryProvider.resolveHEADMergeBase (/opt/vscodium-bin/resources/app/extensions/git/dist/main.js:2:948359)
	at async t.GitHistoryProvider.onDidRunGitStatus (/opt/vscodium-bin/resources/app/extensions/git/dist/main.js:2:941686)
2024-09-17 18:14:53.105 [error] Error: No such branch: master.
	at N.getBranch (/opt/vscodium-bin/resources/app/extensions/git/dist/main.js:2:937064)
	at async T.retryRun (/opt/vscodium-bin/resources/app/extensions/git/dist/main.js:2:1032765)
	at async T.run (/opt/vscodium-bin/resources/app/extensions/git/dist/main.js:2:1032369)
	at async T.getBranch (/opt/vscodium-bin/resources/app/extensions/git/dist/main.js:2:1020512)
	at async T.getBranchBase (/opt/vscodium-bin/resources/app/extensions/git/dist/main.js:2:1020798)
	at async t.GitHistoryProvider.resolveHEADMergeBase (/opt/vscodium-bin/resources/app/extensions/git/dist/main.js:2:948359)
	at async t.GitHistoryProvider.onDidRunGitStatus (/opt/vscodium-bin/resources/app/extensions/git/dist/main.js:2:941686)
2024-09-17 18:15:27.561 [error] Error: No such branch: master.
	at N.getBranch (/opt/vscodium-bin/resources/app/extensions/git/dist/main.js:2:937064)
	at async T.retryRun (/opt/vscodium-bin/resources/app/extensions/git/dist/main.js:2:1032765)
	at async T.run (/opt/vscodium-bin/resources/app/extensions/git/dist/main.js:2:1032369)
	at async T.getBranch (/opt/vscodium-bin/resources/app/extensions/git/dist/main.js:2:1020512)
	at async T.getBranchBase (/opt/vscodium-bin/resources/app/extensions/git/dist/main.js:2:1020798)
	at async t.GitHistoryProvider.resolveHEADMergeBase (/opt/vscodium-bin/resources/app/extensions/git/dist/main.js:2:948359)
	at async t.GitHistoryProvider.onDidRunGitStatus (/opt/vscodium-bin/resources/app/extensions/git/dist/main.js:2:941686)
2024-09-17 18:15:44.799 [error] Error: No such branch: master.
	at N.getBranch (/opt/vscodium-bin/resources/app/extensions/git/dist/main.js:2:937064)
	at async T.retryRun (/opt/vscodium-bin/resources/app/extensions/git/dist/main.js:2:1032765)
	at async T.run (/opt/vscodium-bin/resources/app/extensions/git/dist/main.js:2:1032369)
	at async T.getBranch (/opt/vscodium-bin/resources/app/extensions/git/dist/main.js:2:1020512)
	at async T.getBranchBase (/opt/vscodium-bin/resources/app/extensions/git/dist/main.js:2:1020798)
	at async t.GitHistoryProvider.resolveHEADMergeBase (/opt/vscodium-bin/resources/app/extensions/git/dist/main.js:2:948359)
	at async t.GitHistoryProvider.onDidRunGitStatus (/opt/vscodium-bin/resources/app/extensions/git/dist/main.js:2:941686)
2024-09-17 18:17:40.179 [error] Error: No such branch: master.
	at N.getBranch (/opt/vscodium-bin/resources/app/extensions/git/dist/main.js:2:937064)
	at async T.retryRun (/opt/vscodium-bin/resources/app/extensions/git/dist/main.js:2:1032765)
	at async T.run (/opt/vscodium-bin/resources/app/extensions/git/dist/main.js:2:1032369)
	at async T.getBranch (/opt/vscodium-bin/resources/app/extensions/git/dist/main.js:2:1020512)
	at async T.getBranchBase (/opt/vscodium-bin/resources/app/extensions/git/dist/main.js:2:1020798)
	at async t.GitHistoryProvider.resolveHEADMergeBase (/opt/vscodium-bin/resources/app/extensions/git/dist/main.js:2:948359)
	at async t.GitHistoryProvider.onDidRunGitStatus (/opt/vscodium-bin/resources/app/extensions/git/dist/main.js:2:941686)
2024-09-17 18:17:45.202 [error] Error: No such branch: master.
	at N.getBranch (/opt/vscodium-bin/resources/app/extensions/git/dist/main.js:2:937064)
	at async T.retryRun (/opt/vscodium-bin/resources/app/extensions/git/dist/main.js:2:1032765)
	at async T.run (/opt/vscodium-bin/resources/app/extensions/git/dist/main.js:2:1032369)
	at async T.getBranch (/opt/vscodium-bin/resources/app/extensions/git/dist/main.js:2:1020512)
	at async T.getBranchBase (/opt/vscodium-bin/resources/app/extensions/git/dist/main.js:2:1020798)
	at async t.GitHistoryProvider.resolveHEADMergeBase (/opt/vscodium-bin/resources/app/extensions/git/dist/main.js:2:948359)
	at async t.GitHistoryProvider.onDidRunGitStatus (/opt/vscodium-bin/resources/app/extensions/git/dist/main.js:2:941686)
2024-09-17 18:19:12.660 [error] Error: No such branch: master.
	at N.getBranch (/opt/vscodium-bin/resources/app/extensions/git/dist/main.js:2:937064)
	at async T.retryRun (/opt/vscodium-bin/resources/app/extensions/git/dist/main.js:2:1032765)
	at async T.run (/opt/vscodium-bin/resources/app/extensions/git/dist/main.js:2:1032369)
	at async T.getBranch (/opt/vscodium-bin/resources/app/extensions/git/dist/main.js:2:1020512)
	at async T.getBranchBase (/opt/vscodium-bin/resources/app/extensions/git/dist/main.js:2:1020798)
	at async t.GitHistoryProvider.resolveHEADMergeBase (/opt/vscodium-bin/resources/app/extensions/git/dist/main.js:2:948359)
	at async t.GitHistoryProvider.onDidRunGitStatus (/opt/vscodium-bin/resources/app/extensions/git/dist/main.js:2:941686)
2024-09-17 18:19:19.740 [error] Error: No such branch: master.
	at N.getBranch (/opt/vscodium-bin/resources/app/extensions/git/dist/main.js:2:937064)
	at async T.retryRun (/opt/vscodium-bin/resources/app/extensions/git/dist/main.js:2:1032765)
	at async T.run (/opt/vscodium-bin/resources/app/extensions/git/dist/main.js:2:1032369)
	at async T.getBranch (/opt/vscodium-bin/resources/app/extensions/git/dist/main.js:2:1020512)
	at async T.getBranchBase (/opt/vscodium-bin/resources/app/extensions/git/dist/main.js:2:1020798)
	at async t.GitHistoryProvider.resolveHEADMergeBase (/opt/vscodium-bin/resources/app/extensions/git/dist/main.js:2:948359)
	at async t.GitHistoryProvider.onDidRunGitStatus (/opt/vscodium-bin/resources/app/extensions/git/dist/main.js:2:941686)
2024-09-17 18:20:43.150 [error] Error: No such branch: master.
	at N.getBranch (/opt/vscodium-bin/resources/app/extensions/git/dist/main.js:2:937064)
	at async T.retryRun (/opt/vscodium-bin/resources/app/extensions/git/dist/main.js:2:1032765)
	at async T.run (/opt/vscodium-bin/resources/app/extensions/git/dist/main.js:2:1032369)
	at async T.getBranch (/opt/vscodium-bin/resources/app/extensions/git/dist/main.js:2:1020512)
	at async T.getBranchBase (/opt/vscodium-bin/resources/app/extensions/git/dist/main.js:2:1020798)
	at async t.GitHistoryProvider.resolveHEADMergeBase (/opt/vscodium-bin/resources/app/extensions/git/dist/main.js:2:948359)
	at async t.GitHistoryProvider.onDidRunGitStatus (/opt/vscodium-bin/resources/app/extensions/git/dist/main.js:2:941686)
2024-09-17 18:21:16.117 [error] Error: No such branch: master.
	at N.getBranch (/opt/vscodium-bin/resources/app/extensions/git/dist/main.js:2:937064)
	at async T.retryRun (/opt/vscodium-bin/resources/app/extensions/git/dist/main.js:2:1032765)
	at async T.run (/opt/vscodium-bin/resources/app/extensions/git/dist/main.js:2:1032369)
	at async T.getBranch (/opt/vscodium-bin/resources/app/extensions/git/dist/main.js:2:1020512)
	at async T.getBranchBase (/opt/vscodium-bin/resources/app/extensions/git/dist/main.js:2:1020798)
	at async t.GitHistoryProvider.resolveHEADMergeBase (/opt/vscodium-bin/resources/app/extensions/git/dist/main.js:2:948359)
	at async t.GitHistoryProvider.onDidRunGitStatus (/opt/vscodium-bin/resources/app/extensions/git/dist/main.js:2:941686)
2024-09-17 18:21:27.412 [error] Error: No such branch: master.
	at N.getBranch (/opt/vscodium-bin/resources/app/extensions/git/dist/main.js:2:937064)
	at async T.retryRun (/opt/vscodium-bin/resources/app/extensions/git/dist/main.js:2:1032765)
	at async T.run (/opt/vscodium-bin/resources/app/extensions/git/dist/main.js:2:1032369)
	at async T.getBranch (/opt/vscodium-bin/resources/app/extensions/git/dist/main.js:2:1020512)
	at async T.getBranchBase (/opt/vscodium-bin/resources/app/extensions/git/dist/main.js:2:1020798)
	at async t.GitHistoryProvider.resolveHEADMergeBase (/opt/vscodium-bin/resources/app/extensions/git/dist/main.js:2:948359)
	at async t.GitHistoryProvider.onDidRunGitStatus (/opt/vscodium-bin/resources/app/extensions/git/dist/main.js:2:941686)
2024-09-17 18:22:01.026 [error] Error: No such branch: master.
	at N.getBranch (/opt/vscodium-bin/resources/app/extensions/git/dist/main.js:2:937064)
	at async T.retryRun (/opt/vscodium-bin/resources/app/extensions/git/dist/main.js:2:1032765)
	at async T.run (/opt/vscodium-bin/resources/app/extensions/git/dist/main.js:2:1032369)
	at async T.getBranch (/opt/vscodium-bin/resources/app/extensions/git/dist/main.js:2:1020512)
	at async T.getBranchBase (/opt/vscodium-bin/resources/app/extensions/git/dist/main.js:2:1020798)
	at async t.GitHistoryProvider.resolveHEADMergeBase (/opt/vscodium-bin/resources/app/extensions/git/dist/main.js:2:948359)
	at async t.GitHistoryProvider.onDidRunGitStatus (/opt/vscodium-bin/resources/app/extensions/git/dist/main.js:2:941686)
2024-09-17 18:22:06.048 [error] Error: No such branch: master.
	at N.getBranch (/opt/vscodium-bin/resources/app/extensions/git/dist/main.js:2:937064)
	at async T.retryRun (/opt/vscodium-bin/resources/app/extensions/git/dist/main.js:2:1032765)
	at async T.run (/opt/vscodium-bin/resources/app/extensions/git/dist/main.js:2:1032369)
	at async T.getBranch (/opt/vscodium-bin/resources/app/extensions/git/dist/main.js:2:1020512)
	at async T.getBranchBase (/opt/vscodium-bin/resources/app/extensions/git/dist/main.js:2:1020798)
	at async t.GitHistoryProvider.resolveHEADMergeBase (/opt/vscodium-bin/resources/app/extensions/git/dist/main.js:2:948359)
	at async t.GitHistoryProvider.onDidRunGitStatus (/opt/vscodium-bin/resources/app/extensions/git/dist/main.js:2:941686)
2024-09-17 18:22:46.757 [error] Error: No such branch: master.
	at N.getBranch (/opt/vscodium-bin/resources/app/extensions/git/dist/main.js:2:937064)
	at async T.retryRun (/opt/vscodium-bin/resources/app/extensions/git/dist/main.js:2:1032765)
	at async T.run (/opt/vscodium-bin/resources/app/extensions/git/dist/main.js:2:1032369)
	at async T.getBranch (/opt/vscodium-bin/resources/app/extensions/git/dist/main.js:2:1020512)
	at async T.getBranchBase (/opt/vscodium-bin/resources/app/extensions/git/dist/main.js:2:1020798)
	at async t.GitHistoryProvider.resolveHEADMergeBase (/opt/vscodium-bin/resources/app/extensions/git/dist/main.js:2:948359)
	at async t.GitHistoryProvider.onDidRunGitStatus (/opt/vscodium-bin/resources/app/extensions/git/dist/main.js:2:941686)
2024-09-17 18:22:55.031 [error] Error: No such branch: master.
	at N.getBranch (/opt/vscodium-bin/resources/app/extensions/git/dist/main.js:2:937064)
	at async T.retryRun (/opt/vscodium-bin/resources/app/extensions/git/dist/main.js:2:1032765)
	at async T.run (/opt/vscodium-bin/resources/app/extensions/git/dist/main.js:2:1032369)
	at async T.getBranch (/opt/vscodium-bin/resources/app/extensions/git/dist/main.js:2:1020512)
	at async T.getBranchBase (/opt/vscodium-bin/resources/app/extensions/git/dist/main.js:2:1020798)
	at async t.GitHistoryProvider.resolveHEADMergeBase (/opt/vscodium-bin/resources/app/extensions/git/dist/main.js:2:948359)
	at async t.GitHistoryProvider.onDidRunGitStatus (/opt/vscodium-bin/resources/app/extensions/git/dist/main.js:2:941686)
2024-09-17 18:23:02.452 [error] Error: No such branch: master.
	at N.getBranch (/opt/vscodium-bin/resources/app/extensions/git/dist/main.js:2:937064)
	at async T.retryRun (/opt/vscodium-bin/resources/app/extensions/git/dist/main.js:2:1032765)
	at async T.run (/opt/vscodium-bin/resources/app/extensions/git/dist/main.js:2:1032369)
	at async T.getBranch (/opt/vscodium-bin/resources/app/extensions/git/dist/main.js:2:1020512)
	at async T.getBranchBase (/opt/vscodium-bin/resources/app/extensions/git/dist/main.js:2:1020798)
	at async t.GitHistoryProvider.resolveHEADMergeBase (/opt/vscodium-bin/resources/app/extensions/git/dist/main.js:2:948359)
	at async t.GitHistoryProvider.onDidRunGitStatus (/opt/vscodium-bin/resources/app/extensions/git/dist/main.js:2:941686)
2024-09-17 18:23:07.474 [error] Error: No such branch: master.
	at N.getBranch (/opt/vscodium-bin/resources/app/extensions/git/dist/main.js:2:937064)
	at async T.retryRun (/opt/vscodium-bin/resources/app/extensions/git/dist/main.js:2:1032765)
	at async T.run (/opt/vscodium-bin/resources/app/extensions/git/dist/main.js:2:1032369)
	at async T.getBranch (/opt/vscodium-bin/resources/app/extensions/git/dist/main.js:2:1020512)
	at async T.getBranchBase (/opt/vscodium-bin/resources/app/extensions/git/dist/main.js:2:1020798)
	at async t.GitHistoryProvider.resolveHEADMergeBase (/opt/vscodium-bin/resources/app/extensions/git/dist/main.js:2:948359)
	at async t.GitHistoryProvider.onDidRunGitStatus (/opt/vscodium-bin/resources/app/extensions/git/dist/main.js:2:941686)
2024-09-17 18:23:12.497 [error] Error: No such branch: master.
	at N.getBranch (/opt/vscodium-bin/resources/app/extensions/git/dist/main.js:2:937064)
	at async T.retryRun (/opt/vscodium-bin/resources/app/extensions/git/dist/main.js:2:1032765)
	at async T.run (/opt/vscodium-bin/resources/app/extensions/git/dist/main.js:2:1032369)
	at async T.getBranch (/opt/vscodium-bin/resources/app/extensions/git/dist/main.js:2:1020512)
	at async T.getBranchBase (/opt/vscodium-bin/resources/app/extensions/git/dist/main.js:2:1020798)
	at async t.GitHistoryProvider.resolveHEADMergeBase (/opt/vscodium-bin/resources/app/extensions/git/dist/main.js:2:948359)
	at async t.GitHistoryProvider.onDidRunGitStatus (/opt/vscodium-bin/resources/app/extensions/git/dist/main.js:2:941686)
2024-09-17 18:26:11.829 [error] Error: No such branch: master.
	at N.getBranch (/opt/vscodium-bin/resources/app/extensions/git/dist/main.js:2:937064)
	at async T.retryRun (/opt/vscodium-bin/resources/app/extensions/git/dist/main.js:2:1032765)
	at async T.run (/opt/vscodium-bin/resources/app/extensions/git/dist/main.js:2:1032369)
	at async T.getBranch (/opt/vscodium-bin/resources/app/extensions/git/dist/main.js:2:1020512)
	at async T.getBranchBase (/opt/vscodium-bin/resources/app/extensions/git/dist/main.js:2:1020798)
	at async t.GitHistoryProvider.resolveHEADMergeBase (/opt/vscodium-bin/resources/app/extensions/git/dist/main.js:2:948359)
	at async t.GitHistoryProvider.onDidRunGitStatus (/opt/vscodium-bin/resources/app/extensions/git/dist/main.js:2:941686)
2024-09-17 18:26:20.596 [error] Error: No such branch: master.
	at N.getBranch (/opt/vscodium-bin/resources/app/extensions/git/dist/main.js:2:937064)
	at async T.retryRun (/opt/vscodium-bin/resources/app/extensions/git/dist/main.js:2:1032765)
	at async T.run (/opt/vscodium-bin/resources/app/extensions/git/dist/main.js:2:1032369)
	at async T.getBranch (/opt/vscodium-bin/resources/app/extensions/git/dist/main.js:2:1020512)
	at async T.getBranchBase (/opt/vscodium-bin/resources/app/extensions/git/dist/main.js:2:1020798)
	at async t.GitHistoryProvider.resolveHEADMergeBase (/opt/vscodium-bin/resources/app/extensions/git/dist/main.js:2:948359)
	at async t.GitHistoryProvider.onDidRunGitStatus (/opt/vscodium-bin/resources/app/extensions/git/dist/main.js:2:941686)
2024-09-17 18:26:25.617 [error] Error: No such branch: master.
	at N.getBranch (/opt/vscodium-bin/resources/app/extensions/git/dist/main.js:2:937064)
	at async T.retryRun (/opt/vscodium-bin/resources/app/extensions/git/dist/main.js:2:1032765)
	at async T.run (/opt/vscodium-bin/resources/app/extensions/git/dist/main.js:2:1032369)
	at async T.getBranch (/opt/vscodium-bin/resources/app/extensions/git/dist/main.js:2:1020512)
	at async T.getBranchBase (/opt/vscodium-bin/resources/app/extensions/git/dist/main.js:2:1020798)
	at async t.GitHistoryProvider.resolveHEADMergeBase (/opt/vscodium-bin/resources/app/extensions/git/dist/main.js:2:948359)
	at async t.GitHistoryProvider.onDidRunGitStatus (/opt/vscodium-bin/resources/app/extensions/git/dist/main.js:2:941686)
2024-09-17 18:26:30.643 [error] Error: No such branch: master.
	at N.getBranch (/opt/vscodium-bin/resources/app/extensions/git/dist/main.js:2:937064)
	at async T.retryRun (/opt/vscodium-bin/resources/app/extensions/git/dist/main.js:2:1032765)
	at async T.run (/opt/vscodium-bin/resources/app/extensions/git/dist/main.js:2:1032369)
	at async T.getBranch (/opt/vscodium-bin/resources/app/extensions/git/dist/main.js:2:1020512)
	at async T.getBranchBase (/opt/vscodium-bin/resources/app/extensions/git/dist/main.js:2:1020798)
	at async t.GitHistoryProvider.resolveHEADMergeBase (/opt/vscodium-bin/resources/app/extensions/git/dist/main.js:2:948359)
	at async t.GitHistoryProvider.onDidRunGitStatus (/opt/vscodium-bin/resources/app/extensions/git/dist/main.js:2:941686)
2024-09-17 18:28:10.871 [error] Error: No such branch: master.
	at N.getBranch (/opt/vscodium-bin/resources/app/extensions/git/dist/main.js:2:937064)
	at async T.retryRun (/opt/vscodium-bin/resources/app/extensions/git/dist/main.js:2:1032765)
	at async T.run (/opt/vscodium-bin/resources/app/extensions/git/dist/main.js:2:1032369)
	at async T.getBranch (/opt/vscodium-bin/resources/app/extensions/git/dist/main.js:2:1020512)
	at async T.getBranchBase (/opt/vscodium-bin/resources/app/extensions/git/dist/main.js:2:1020798)
	at async t.GitHistoryProvider.resolveHEADMergeBase (/opt/vscodium-bin/resources/app/extensions/git/dist/main.js:2:948359)
	at async t.GitHistoryProvider.onDidRunGitStatus (/opt/vscodium-bin/resources/app/extensions/git/dist/main.js:2:941686)
2024-09-17 18:28:17.537 [error] Error: No such branch: master.
	at N.getBranch (/opt/vscodium-bin/resources/app/extensions/git/dist/main.js:2:937064)
	at process.processTicksAndRejections (node:internal/process/task_queues:95:5)
	at async T.retryRun (/opt/vscodium-bin/resources/app/extensions/git/dist/main.js:2:1032765)
	at async T.run (/opt/vscodium-bin/resources/app/extensions/git/dist/main.js:2:1032369)
	at async T.getBranch (/opt/vscodium-bin/resources/app/extensions/git/dist/main.js:2:1020512)
	at async T.getBranchBase (/opt/vscodium-bin/resources/app/extensions/git/dist/main.js:2:1020798)
	at async t.GitHistoryProvider.resolveHEADMergeBase (/opt/vscodium-bin/resources/app/extensions/git/dist/main.js:2:948359)
	at async t.GitHistoryProvider.onDidRunGitStatus (/opt/vscodium-bin/resources/app/extensions/git/dist/main.js:2:941686)
2024-09-17 18:28:22.564 [error] Error: No such branch: master.
	at N.getBranch (/opt/vscodium-bin/resources/app/extensions/git/dist/main.js:2:937064)
	at async T.retryRun (/opt/vscodium-bin/resources/app/extensions/git/dist/main.js:2:1032765)
	at async T.run (/opt/vscodium-bin/resources/app/extensions/git/dist/main.js:2:1032369)
	at async T.getBranch (/opt/vscodium-bin/resources/app/extensions/git/dist/main.js:2:1020512)
	at async T.getBranchBase (/opt/vscodium-bin/resources/app/extensions/git/dist/main.js:2:1020798)
	at async t.GitHistoryProvider.resolveHEADMergeBase (/opt/vscodium-bin/resources/app/extensions/git/dist/main.js:2:948359)
	at async t.GitHistoryProvider.onDidRunGitStatus (/opt/vscodium-bin/resources/app/extensions/git/dist/main.js:2:941686)
2024-09-17 18:29:10.499 [error] Error: No such branch: master.
	at N.getBranch (/opt/vscodium-bin/resources/app/extensions/git/dist/main.js:2:937064)
	at async T.retryRun (/opt/vscodium-bin/resources/app/extensions/git/dist/main.js:2:1032765)
	at async T.run (/opt/vscodium-bin/resources/app/extensions/git/dist/main.js:2:1032369)
	at async T.getBranch (/opt/vscodium-bin/resources/app/extensions/git/dist/main.js:2:1020512)
	at async T.getBranchBase (/opt/vscodium-bin/resources/app/extensions/git/dist/main.js:2:1020798)
	at async t.GitHistoryProvider.resolveHEADMergeBase (/opt/vscodium-bin/resources/app/extensions/git/dist/main.js:2:948359)
	at async t.GitHistoryProvider.onDidRunGitStatus (/opt/vscodium-bin/resources/app/extensions/git/dist/main.js:2:941686)
2024-09-17 18:30:33.786 [error] Error: No such branch: master.
	at N.getBranch (/opt/vscodium-bin/resources/app/extensions/git/dist/main.js:2:937064)
	at async T.retryRun (/opt/vscodium-bin/resources/app/extensions/git/dist/main.js:2:1032765)
	at async T.run (/opt/vscodium-bin/resources/app/extensions/git/dist/main.js:2:1032369)
	at async T.getBranch (/opt/vscodium-bin/resources/app/extensions/git/dist/main.js:2:1020512)
	at async T.getBranchBase (/opt/vscodium-bin/resources/app/extensions/git/dist/main.js:2:1020798)
	at async t.GitHistoryProvider.resolveHEADMergeBase (/opt/vscodium-bin/resources/app/extensions/git/dist/main.js:2:948359)
	at async t.GitHistoryProvider.onDidRunGitStatus (/opt/vscodium-bin/resources/app/extensions/git/dist/main.js:2:941686)
2024-09-17 18:33:13.865 [error] Error: No such branch: master.
	at N.getBranch (/opt/vscodium-bin/resources/app/extensions/git/dist/main.js:2:937064)
	at async T.retryRun (/opt/vscodium-bin/resources/app/extensions/git/dist/main.js:2:1032765)
	at async T.run (/opt/vscodium-bin/resources/app/extensions/git/dist/main.js:2:1032369)
	at async T.getBranch (/opt/vscodium-bin/resources/app/extensions/git/dist/main.js:2:1020512)
	at async T.getBranchBase (/opt/vscodium-bin/resources/app/extensions/git/dist/main.js:2:1020798)
	at async t.GitHistoryProvider.resolveHEADMergeBase (/opt/vscodium-bin/resources/app/extensions/git/dist/main.js:2:948359)
	at async t.GitHistoryProvider.onDidRunGitStatus (/opt/vscodium-bin/resources/app/extensions/git/dist/main.js:2:941686)
2024-09-17 18:33:29.808 [error] Error: No such branch: master.
	at N.getBranch (/opt/vscodium-bin/resources/app/extensions/git/dist/main.js:2:937064)
	at async T.retryRun (/opt/vscodium-bin/resources/app/extensions/git/dist/main.js:2:1032765)
	at async T.run (/opt/vscodium-bin/resources/app/extensions/git/dist/main.js:2:1032369)
	at async T.getBranch (/opt/vscodium-bin/resources/app/extensions/git/dist/main.js:2:1020512)
	at async T.getBranchBase (/opt/vscodium-bin/resources/app/extensions/git/dist/main.js:2:1020798)
	at async t.GitHistoryProvider.resolveHEADMergeBase (/opt/vscodium-bin/resources/app/extensions/git/dist/main.js:2:948359)
	at async t.GitHistoryProvider.onDidRunGitStatus (/opt/vscodium-bin/resources/app/extensions/git/dist/main.js:2:941686)
2024-09-17 18:33:45.633 [error] Error: No such branch: master.
	at N.getBranch (/opt/vscodium-bin/resources/app/extensions/git/dist/main.js:2:937064)
	at process.processTicksAndRejections (node:internal/process/task_queues:95:5)
	at async T.retryRun (/opt/vscodium-bin/resources/app/extensions/git/dist/main.js:2:1032765)
	at async T.run (/opt/vscodium-bin/resources/app/extensions/git/dist/main.js:2:1032369)
	at async T.getBranch (/opt/vscodium-bin/resources/app/extensions/git/dist/main.js:2:1020512)
	at async T.getBranchBase (/opt/vscodium-bin/resources/app/extensions/git/dist/main.js:2:1020798)
	at async t.GitHistoryProvider.resolveHEADMergeBase (/opt/vscodium-bin/resources/app/extensions/git/dist/main.js:2:948359)
	at async t.GitHistoryProvider.onDidRunGitStatus (/opt/vscodium-bin/resources/app/extensions/git/dist/main.js:2:941686)
2024-09-17 18:34:03.597 [error] Error: No such branch: master.
	at N.getBranch (/opt/vscodium-bin/resources/app/extensions/git/dist/main.js:2:937064)
	at async T.retryRun (/opt/vscodium-bin/resources/app/extensions/git/dist/main.js:2:1032765)
	at async T.run (/opt/vscodium-bin/resources/app/extensions/git/dist/main.js:2:1032369)
	at async T.getBranch (/opt/vscodium-bin/resources/app/extensions/git/dist/main.js:2:1020512)
	at async T.getBranchBase (/opt/vscodium-bin/resources/app/extensions/git/dist/main.js:2:1020798)
	at async t.GitHistoryProvider.resolveHEADMergeBase (/opt/vscodium-bin/resources/app/extensions/git/dist/main.js:2:948359)
	at async t.GitHistoryProvider.onDidRunGitStatus (/opt/vscodium-bin/resources/app/extensions/git/dist/main.js:2:941686)
2024-09-17 18:34:10.249 [error] Error: No such branch: master.
	at N.getBranch (/opt/vscodium-bin/resources/app/extensions/git/dist/main.js:2:937064)
	at async T.retryRun (/opt/vscodium-bin/resources/app/extensions/git/dist/main.js:2:1032765)
	at async T.run (/opt/vscodium-bin/resources/app/extensions/git/dist/main.js:2:1032369)
	at async T.getBranch (/opt/vscodium-bin/resources/app/extensions/git/dist/main.js:2:1020512)
	at async T.getBranchBase (/opt/vscodium-bin/resources/app/extensions/git/dist/main.js:2:1020798)
	at async t.GitHistoryProvider.resolveHEADMergeBase (/opt/vscodium-bin/resources/app/extensions/git/dist/main.js:2:948359)
	at async t.GitHistoryProvider.onDidRunGitStatus (/opt/vscodium-bin/resources/app/extensions/git/dist/main.js:2:941686)
2024-09-17 18:34:43.173 [error] Error: No such branch: master.
	at N.getBranch (/opt/vscodium-bin/resources/app/extensions/git/dist/main.js:2:937064)
	at async T.retryRun (/opt/vscodium-bin/resources/app/extensions/git/dist/main.js:2:1032765)
	at async T.run (/opt/vscodium-bin/resources/app/extensions/git/dist/main.js:2:1032369)
	at async T.getBranch (/opt/vscodium-bin/resources/app/extensions/git/dist/main.js:2:1020512)
	at async T.getBranchBase (/opt/vscodium-bin/resources/app/extensions/git/dist/main.js:2:1020798)
	at async t.GitHistoryProvider.resolveHEADMergeBase (/opt/vscodium-bin/resources/app/extensions/git/dist/main.js:2:948359)
	at async t.GitHistoryProvider.onDidRunGitStatus (/opt/vscodium-bin/resources/app/extensions/git/dist/main.js:2:941686)
2024-09-17 18:34:48.455 [error] Error: No such branch: master.
	at N.getBranch (/opt/vscodium-bin/resources/app/extensions/git/dist/main.js:2:937064)
	at async T.retryRun (/opt/vscodium-bin/resources/app/extensions/git/dist/main.js:2:1032765)
	at async T.run (/opt/vscodium-bin/resources/app/extensions/git/dist/main.js:2:1032369)
	at async T.getBranch (/opt/vscodium-bin/resources/app/extensions/git/dist/main.js:2:1020512)
	at async T.getBranchBase (/opt/vscodium-bin/resources/app/extensions/git/dist/main.js:2:1020798)
	at async t.GitHistoryProvider.resolveHEADMergeBase (/opt/vscodium-bin/resources/app/extensions/git/dist/main.js:2:948359)
	at async t.GitHistoryProvider.onDidRunGitStatus (/opt/vscodium-bin/resources/app/extensions/git/dist/main.js:2:941686)
2024-09-17 18:35:18.520 [error] Error: No such branch: master.
	at N.getBranch (/opt/vscodium-bin/resources/app/extensions/git/dist/main.js:2:937064)
	at async T.retryRun (/opt/vscodium-bin/resources/app/extensions/git/dist/main.js:2:1032765)
	at async T.run (/opt/vscodium-bin/resources/app/extensions/git/dist/main.js:2:1032369)
	at async T.getBranch (/opt/vscodium-bin/resources/app/extensions/git/dist/main.js:2:1020512)
	at async T.getBranchBase (/opt/vscodium-bin/resources/app/extensions/git/dist/main.js:2:1020798)
	at async t.GitHistoryProvider.resolveHEADMergeBase (/opt/vscodium-bin/resources/app/extensions/git/dist/main.js:2:948359)
	at async t.GitHistoryProvider.onDidRunGitStatus (/opt/vscodium-bin/resources/app/extensions/git/dist/main.js:2:941686)
2024-09-17 18:35:52.694 [error] Error: No such branch: master.
	at N.getBranch (/opt/vscodium-bin/resources/app/extensions/git/dist/main.js:2:937064)
	at async T.retryRun (/opt/vscodium-bin/resources/app/extensions/git/dist/main.js:2:1032765)
	at async T.run (/opt/vscodium-bin/resources/app/extensions/git/dist/main.js:2:1032369)
	at async T.getBranch (/opt/vscodium-bin/resources/app/extensions/git/dist/main.js:2:1020512)
	at async T.getBranchBase (/opt/vscodium-bin/resources/app/extensions/git/dist/main.js:2:1020798)
	at async t.GitHistoryProvider.resolveHEADMergeBase (/opt/vscodium-bin/resources/app/extensions/git/dist/main.js:2:948359)
	at async t.GitHistoryProvider.onDidRunGitStatus (/opt/vscodium-bin/resources/app/extensions/git/dist/main.js:2:941686)
2024-09-17 18:35:57.716 [error] Error: No such branch: master.
	at N.getBranch (/opt/vscodium-bin/resources/app/extensions/git/dist/main.js:2:937064)
	at async T.retryRun (/opt/vscodium-bin/resources/app/extensions/git/dist/main.js:2:1032765)
	at async T.run (/opt/vscodium-bin/resources/app/extensions/git/dist/main.js:2:1032369)
	at async T.getBranch (/opt/vscodium-bin/resources/app/extensions/git/dist/main.js:2:1020512)
	at async T.getBranchBase (/opt/vscodium-bin/resources/app/extensions/git/dist/main.js:2:1020798)
	at async t.GitHistoryProvider.resolveHEADMergeBase (/opt/vscodium-bin/resources/app/extensions/git/dist/main.js:2:948359)
	at async t.GitHistoryProvider.onDidRunGitStatus (/opt/vscodium-bin/resources/app/extensions/git/dist/main.js:2:941686)
2024-09-17 18:36:02.735 [error] Error: No such branch: master.
	at N.getBranch (/opt/vscodium-bin/resources/app/extensions/git/dist/main.js:2:937064)
	at async T.retryRun (/opt/vscodium-bin/resources/app/extensions/git/dist/main.js:2:1032765)
	at async T.run (/opt/vscodium-bin/resources/app/extensions/git/dist/main.js:2:1032369)
	at async T.getBranch (/opt/vscodium-bin/resources/app/extensions/git/dist/main.js:2:1020512)
	at async T.getBranchBase (/opt/vscodium-bin/resources/app/extensions/git/dist/main.js:2:1020798)
	at async t.GitHistoryProvider.resolveHEADMergeBase (/opt/vscodium-bin/resources/app/extensions/git/dist/main.js:2:948359)
	at async t.GitHistoryProvider.onDidRunGitStatus (/opt/vscodium-bin/resources/app/extensions/git/dist/main.js:2:941686)
2024-09-17 18:36:19.401 [error] Error: No such branch: master.
	at N.getBranch (/opt/vscodium-bin/resources/app/extensions/git/dist/main.js:2:937064)
	at async T.retryRun (/opt/vscodium-bin/resources/app/extensions/git/dist/main.js:2:1032765)
	at async T.run (/opt/vscodium-bin/resources/app/extensions/git/dist/main.js:2:1032369)
	at async T.getBranch (/opt/vscodium-bin/resources/app/extensions/git/dist/main.js:2:1020512)
	at async T.getBranchBase (/opt/vscodium-bin/resources/app/extensions/git/dist/main.js:2:1020798)
	at async t.GitHistoryProvider.resolveHEADMergeBase (/opt/vscodium-bin/resources/app/extensions/git/dist/main.js:2:948359)
	at async t.GitHistoryProvider.onDidRunGitStatus (/opt/vscodium-bin/resources/app/extensions/git/dist/main.js:2:941686)
2024-09-17 18:36:24.431 [error] Error: No such branch: master.
	at N.getBranch (/opt/vscodium-bin/resources/app/extensions/git/dist/main.js:2:937064)
	at async T.retryRun (/opt/vscodium-bin/resources/app/extensions/git/dist/main.js:2:1032765)
	at async T.run (/opt/vscodium-bin/resources/app/extensions/git/dist/main.js:2:1032369)
	at async T.getBranch (/opt/vscodium-bin/resources/app/extensions/git/dist/main.js:2:1020512)
	at async T.getBranchBase (/opt/vscodium-bin/resources/app/extensions/git/dist/main.js:2:1020798)
	at async t.GitHistoryProvider.resolveHEADMergeBase (/opt/vscodium-bin/resources/app/extensions/git/dist/main.js:2:948359)
	at async t.GitHistoryProvider.onDidRunGitStatus (/opt/vscodium-bin/resources/app/extensions/git/dist/main.js:2:941686)
2024-09-17 18:36:29.452 [error] Error: No such branch: master.
	at N.getBranch (/opt/vscodium-bin/resources/app/extensions/git/dist/main.js:2:937064)
	at async T.retryRun (/opt/vscodium-bin/resources/app/extensions/git/dist/main.js:2:1032765)
	at async T.run (/opt/vscodium-bin/resources/app/extensions/git/dist/main.js:2:1032369)
	at async T.getBranch (/opt/vscodium-bin/resources/app/extensions/git/dist/main.js:2:1020512)
	at async T.getBranchBase (/opt/vscodium-bin/resources/app/extensions/git/dist/main.js:2:1020798)
	at async t.GitHistoryProvider.resolveHEADMergeBase (/opt/vscodium-bin/resources/app/extensions/git/dist/main.js:2:948359)
	at async t.GitHistoryProvider.onDidRunGitStatus (/opt/vscodium-bin/resources/app/extensions/git/dist/main.js:2:941686)
2024-09-17 18:37:09.811 [error] Error: No such branch: master.
	at N.getBranch (/opt/vscodium-bin/resources/app/extensions/git/dist/main.js:2:937064)
	at async T.retryRun (/opt/vscodium-bin/resources/app/extensions/git/dist/main.js:2:1032765)
	at async T.run (/opt/vscodium-bin/resources/app/extensions/git/dist/main.js:2:1032369)
	at async T.getBranch (/opt/vscodium-bin/resources/app/extensions/git/dist/main.js:2:1020512)
	at async T.getBranchBase (/opt/vscodium-bin/resources/app/extensions/git/dist/main.js:2:1020798)
	at async t.GitHistoryProvider.resolveHEADMergeBase (/opt/vscodium-bin/resources/app/extensions/git/dist/main.js:2:948359)
	at async t.GitHistoryProvider.onDidRunGitStatus (/opt/vscodium-bin/resources/app/extensions/git/dist/main.js:2:941686)
2024-09-17 18:37:15.513 [error] Error: No such branch: master.
	at N.getBranch (/opt/vscodium-bin/resources/app/extensions/git/dist/main.js:2:937064)
	at async T.retryRun (/opt/vscodium-bin/resources/app/extensions/git/dist/main.js:2:1032765)
	at async T.run (/opt/vscodium-bin/resources/app/extensions/git/dist/main.js:2:1032369)
	at async T.getBranch (/opt/vscodium-bin/resources/app/extensions/git/dist/main.js:2:1020512)
	at async T.getBranchBase (/opt/vscodium-bin/resources/app/extensions/git/dist/main.js:2:1020798)
	at async t.GitHistoryProvider.resolveHEADMergeBase (/opt/vscodium-bin/resources/app/extensions/git/dist/main.js:2:948359)
	at async t.GitHistoryProvider.onDidRunGitStatus (/opt/vscodium-bin/resources/app/extensions/git/dist/main.js:2:941686)
2024-09-17 18:37:20.537 [error] Error: No such branch: master.
	at N.getBranch (/opt/vscodium-bin/resources/app/extensions/git/dist/main.js:2:937064)
	at async T.retryRun (/opt/vscodium-bin/resources/app/extensions/git/dist/main.js:2:1032765)
	at async T.run (/opt/vscodium-bin/resources/app/extensions/git/dist/main.js:2:1032369)
	at async T.getBranch (/opt/vscodium-bin/resources/app/extensions/git/dist/main.js:2:1020512)
	at async T.getBranchBase (/opt/vscodium-bin/resources/app/extensions/git/dist/main.js:2:1020798)
	at async t.GitHistoryProvider.resolveHEADMergeBase (/opt/vscodium-bin/resources/app/extensions/git/dist/main.js:2:948359)
	at async t.GitHistoryProvider.onDidRunGitStatus (/opt/vscodium-bin/resources/app/extensions/git/dist/main.js:2:941686)
2024-09-17 18:37:25.560 [error] Error: No such branch: master.
	at N.getBranch (/opt/vscodium-bin/resources/app/extensions/git/dist/main.js:2:937064)
	at async T.retryRun (/opt/vscodium-bin/resources/app/extensions/git/dist/main.js:2:1032765)
	at async T.run (/opt/vscodium-bin/resources/app/extensions/git/dist/main.js:2:1032369)
	at async T.getBranch (/opt/vscodium-bin/resources/app/extensions/git/dist/main.js:2:1020512)
	at async T.getBranchBase (/opt/vscodium-bin/resources/app/extensions/git/dist/main.js:2:1020798)
	at async t.GitHistoryProvider.resolveHEADMergeBase (/opt/vscodium-bin/resources/app/extensions/git/dist/main.js:2:948359)
	at async t.GitHistoryProvider.onDidRunGitStatus (/opt/vscodium-bin/resources/app/extensions/git/dist/main.js:2:941686)
2024-09-17 18:37:54.324 [error] Error: No such branch: master.
	at N.getBranch (/opt/vscodium-bin/resources/app/extensions/git/dist/main.js:2:937064)
	at async T.retryRun (/opt/vscodium-bin/resources/app/extensions/git/dist/main.js:2:1032765)
	at async T.run (/opt/vscodium-bin/resources/app/extensions/git/dist/main.js:2:1032369)
	at async T.getBranch (/opt/vscodium-bin/resources/app/extensions/git/dist/main.js:2:1020512)
	at async T.getBranchBase (/opt/vscodium-bin/resources/app/extensions/git/dist/main.js:2:1020798)
	at async t.GitHistoryProvider.resolveHEADMergeBase (/opt/vscodium-bin/resources/app/extensions/git/dist/main.js:2:948359)
	at async t.GitHistoryProvider.onDidRunGitStatus (/opt/vscodium-bin/resources/app/extensions/git/dist/main.js:2:941686)
2024-09-17 18:38:04.557 [error] Error: No such branch: master.
	at N.getBranch (/opt/vscodium-bin/resources/app/extensions/git/dist/main.js:2:937064)
	at async T.retryRun (/opt/vscodium-bin/resources/app/extensions/git/dist/main.js:2:1032765)
	at async T.run (/opt/vscodium-bin/resources/app/extensions/git/dist/main.js:2:1032369)
	at async T.getBranch (/opt/vscodium-bin/resources/app/extensions/git/dist/main.js:2:1020512)
	at async T.getBranchBase (/opt/vscodium-bin/resources/app/extensions/git/dist/main.js:2:1020798)
	at async t.GitHistoryProvider.resolveHEADMergeBase (/opt/vscodium-bin/resources/app/extensions/git/dist/main.js:2:948359)
	at async t.GitHistoryProvider.onDidRunGitStatus (/opt/vscodium-bin/resources/app/extensions/git/dist/main.js:2:941686)
2024-09-17 18:38:13.875 [error] Error: No such branch: master.
	at N.getBranch (/opt/vscodium-bin/resources/app/extensions/git/dist/main.js:2:937064)
	at async T.retryRun (/opt/vscodium-bin/resources/app/extensions/git/dist/main.js:2:1032765)
	at async T.run (/opt/vscodium-bin/resources/app/extensions/git/dist/main.js:2:1032369)
	at async T.getBranch (/opt/vscodium-bin/resources/app/extensions/git/dist/main.js:2:1020512)
	at async T.getBranchBase (/opt/vscodium-bin/resources/app/extensions/git/dist/main.js:2:1020798)
	at async t.GitHistoryProvider.resolveHEADMergeBase (/opt/vscodium-bin/resources/app/extensions/git/dist/main.js:2:948359)
	at async t.GitHistoryProvider.onDidRunGitStatus (/opt/vscodium-bin/resources/app/extensions/git/dist/main.js:2:941686)
2024-09-17 18:38:18.897 [error] Error: No such branch: master.
	at N.getBranch (/opt/vscodium-bin/resources/app/extensions/git/dist/main.js:2:937064)
	at async T.retryRun (/opt/vscodium-bin/resources/app/extensions/git/dist/main.js:2:1032765)
	at async T.run (/opt/vscodium-bin/resources/app/extensions/git/dist/main.js:2:1032369)
	at async T.getBranch (/opt/vscodium-bin/resources/app/extensions/git/dist/main.js:2:1020512)
	at async T.getBranchBase (/opt/vscodium-bin/resources/app/extensions/git/dist/main.js:2:1020798)
	at async t.GitHistoryProvider.resolveHEADMergeBase (/opt/vscodium-bin/resources/app/extensions/git/dist/main.js:2:948359)
	at async t.GitHistoryProvider.onDidRunGitStatus (/opt/vscodium-bin/resources/app/extensions/git/dist/main.js:2:941686)
2024-09-17 18:38:27.351 [error] Error: No such branch: master.
	at N.getBranch (/opt/vscodium-bin/resources/app/extensions/git/dist/main.js:2:937064)
	at async T.retryRun (/opt/vscodium-bin/resources/app/extensions/git/dist/main.js:2:1032765)
	at async T.run (/opt/vscodium-bin/resources/app/extensions/git/dist/main.js:2:1032369)
	at async T.getBranch (/opt/vscodium-bin/resources/app/extensions/git/dist/main.js:2:1020512)
	at async T.getBranchBase (/opt/vscodium-bin/resources/app/extensions/git/dist/main.js:2:1020798)
	at async t.GitHistoryProvider.resolveHEADMergeBase (/opt/vscodium-bin/resources/app/extensions/git/dist/main.js:2:948359)
	at async t.GitHistoryProvider.onDidRunGitStatus (/opt/vscodium-bin/resources/app/extensions/git/dist/main.js:2:941686)
2024-09-17 18:38:32.378 [error] Error: No such branch: master.
	at N.getBranch (/opt/vscodium-bin/resources/app/extensions/git/dist/main.js:2:937064)
	at async T.retryRun (/opt/vscodium-bin/resources/app/extensions/git/dist/main.js:2:1032765)
	at async T.run (/opt/vscodium-bin/resources/app/extensions/git/dist/main.js:2:1032369)
	at async T.getBranch (/opt/vscodium-bin/resources/app/extensions/git/dist/main.js:2:1020512)
	at async T.getBranchBase (/opt/vscodium-bin/resources/app/extensions/git/dist/main.js:2:1020798)
	at async t.GitHistoryProvider.resolveHEADMergeBase (/opt/vscodium-bin/resources/app/extensions/git/dist/main.js:2:948359)
	at async t.GitHistoryProvider.onDidRunGitStatus (/opt/vscodium-bin/resources/app/extensions/git/dist/main.js:2:941686)
2024-09-17 18:38:37.398 [error] Error: No such branch: master.
	at N.getBranch (/opt/vscodium-bin/resources/app/extensions/git/dist/main.js:2:937064)
	at async T.retryRun (/opt/vscodium-bin/resources/app/extensions/git/dist/main.js:2:1032765)
	at async T.run (/opt/vscodium-bin/resources/app/extensions/git/dist/main.js:2:1032369)
	at async T.getBranch (/opt/vscodium-bin/resources/app/extensions/git/dist/main.js:2:1020512)
	at async T.getBranchBase (/opt/vscodium-bin/resources/app/extensions/git/dist/main.js:2:1020798)
	at async t.GitHistoryProvider.resolveHEADMergeBase (/opt/vscodium-bin/resources/app/extensions/git/dist/main.js:2:948359)
	at async t.GitHistoryProvider.onDidRunGitStatus (/opt/vscodium-bin/resources/app/extensions/git/dist/main.js:2:941686)
2024-09-17 18:38:46.545 [error] Error: No such branch: master.
	at N.getBranch (/opt/vscodium-bin/resources/app/extensions/git/dist/main.js:2:937064)
	at async T.retryRun (/opt/vscodium-bin/resources/app/extensions/git/dist/main.js:2:1032765)
	at async T.run (/opt/vscodium-bin/resources/app/extensions/git/dist/main.js:2:1032369)
	at async T.getBranch (/opt/vscodium-bin/resources/app/extensions/git/dist/main.js:2:1020512)
	at async T.getBranchBase (/opt/vscodium-bin/resources/app/extensions/git/dist/main.js:2:1020798)
	at async t.GitHistoryProvider.resolveHEADMergeBase (/opt/vscodium-bin/resources/app/extensions/git/dist/main.js:2:948359)
	at async t.GitHistoryProvider.onDidRunGitStatus (/opt/vscodium-bin/resources/app/extensions/git/dist/main.js:2:941686)
2024-09-17 18:38:51.574 [error] Error: No such branch: master.
	at N.getBranch (/opt/vscodium-bin/resources/app/extensions/git/dist/main.js:2:937064)
	at async T.retryRun (/opt/vscodium-bin/resources/app/extensions/git/dist/main.js:2:1032765)
	at async T.run (/opt/vscodium-bin/resources/app/extensions/git/dist/main.js:2:1032369)
	at async T.getBranch (/opt/vscodium-bin/resources/app/extensions/git/dist/main.js:2:1020512)
	at async T.getBranchBase (/opt/vscodium-bin/resources/app/extensions/git/dist/main.js:2:1020798)
	at async t.GitHistoryProvider.resolveHEADMergeBase (/opt/vscodium-bin/resources/app/extensions/git/dist/main.js:2:948359)
	at async t.GitHistoryProvider.onDidRunGitStatus (/opt/vscodium-bin/resources/app/extensions/git/dist/main.js:2:941686)
2024-09-17 18:38:56.599 [error] Error: No such branch: master.
	at N.getBranch (/opt/vscodium-bin/resources/app/extensions/git/dist/main.js:2:937064)
	at async T.retryRun (/opt/vscodium-bin/resources/app/extensions/git/dist/main.js:2:1032765)
	at async T.run (/opt/vscodium-bin/resources/app/extensions/git/dist/main.js:2:1032369)
	at async T.getBranch (/opt/vscodium-bin/resources/app/extensions/git/dist/main.js:2:1020512)
	at async T.getBranchBase (/opt/vscodium-bin/resources/app/extensions/git/dist/main.js:2:1020798)
	at async t.GitHistoryProvider.resolveHEADMergeBase (/opt/vscodium-bin/resources/app/extensions/git/dist/main.js:2:948359)
	at async t.GitHistoryProvider.onDidRunGitStatus (/opt/vscodium-bin/resources/app/extensions/git/dist/main.js:2:941686)
2024-09-17 18:39:15.473 [error] Error: No such branch: master.
	at N.getBranch (/opt/vscodium-bin/resources/app/extensions/git/dist/main.js:2:937064)
	at async T.retryRun (/opt/vscodium-bin/resources/app/extensions/git/dist/main.js:2:1032765)
	at async T.run (/opt/vscodium-bin/resources/app/extensions/git/dist/main.js:2:1032369)
	at async T.getBranch (/opt/vscodium-bin/resources/app/extensions/git/dist/main.js:2:1020512)
	at async T.getBranchBase (/opt/vscodium-bin/resources/app/extensions/git/dist/main.js:2:1020798)
	at async t.GitHistoryProvider.resolveHEADMergeBase (/opt/vscodium-bin/resources/app/extensions/git/dist/main.js:2:948359)
	at async t.GitHistoryProvider.onDidRunGitStatus (/opt/vscodium-bin/resources/app/extensions/git/dist/main.js:2:941686)
2024-09-17 18:39:20.492 [error] Error: No such branch: master.
	at N.getBranch (/opt/vscodium-bin/resources/app/extensions/git/dist/main.js:2:937064)
	at async T.retryRun (/opt/vscodium-bin/resources/app/extensions/git/dist/main.js:2:1032765)
	at async T.run (/opt/vscodium-bin/resources/app/extensions/git/dist/main.js:2:1032369)
	at async T.getBranch (/opt/vscodium-bin/resources/app/extensions/git/dist/main.js:2:1020512)
	at async T.getBranchBase (/opt/vscodium-bin/resources/app/extensions/git/dist/main.js:2:1020798)
	at async t.GitHistoryProvider.resolveHEADMergeBase (/opt/vscodium-bin/resources/app/extensions/git/dist/main.js:2:948359)
	at async t.GitHistoryProvider.onDidRunGitStatus (/opt/vscodium-bin/resources/app/extensions/git/dist/main.js:2:941686)
2024-09-17 18:39:25.518 [error] Error: No such branch: master.
	at N.getBranch (/opt/vscodium-bin/resources/app/extensions/git/dist/main.js:2:937064)
	at async T.retryRun (/opt/vscodium-bin/resources/app/extensions/git/dist/main.js:2:1032765)
	at async T.run (/opt/vscodium-bin/resources/app/extensions/git/dist/main.js:2:1032369)
	at async T.getBranch (/opt/vscodium-bin/resources/app/extensions/git/dist/main.js:2:1020512)
	at async T.getBranchBase (/opt/vscodium-bin/resources/app/extensions/git/dist/main.js:2:1020798)
	at async t.GitHistoryProvider.resolveHEADMergeBase (/opt/vscodium-bin/resources/app/extensions/git/dist/main.js:2:948359)
	at async t.GitHistoryProvider.onDidRunGitStatus (/opt/vscodium-bin/resources/app/extensions/git/dist/main.js:2:941686)
2024-09-17 18:39:45.944 [error] Error: No such branch: master.
	at N.getBranch (/opt/vscodium-bin/resources/app/extensions/git/dist/main.js:2:937064)
	at async T.retryRun (/opt/vscodium-bin/resources/app/extensions/git/dist/main.js:2:1032765)
	at async T.run (/opt/vscodium-bin/resources/app/extensions/git/dist/main.js:2:1032369)
	at async T.getBranch (/opt/vscodium-bin/resources/app/extensions/git/dist/main.js:2:1020512)
	at async T.getBranchBase (/opt/vscodium-bin/resources/app/extensions/git/dist/main.js:2:1020798)
	at async t.GitHistoryProvider.resolveHEADMergeBase (/opt/vscodium-bin/resources/app/extensions/git/dist/main.js:2:948359)
	at async t.GitHistoryProvider.onDidRunGitStatus (/opt/vscodium-bin/resources/app/extensions/git/dist/main.js:2:941686)
2024-09-17 18:40:19.717 [error] Error: No such branch: master.
	at N.getBranch (/opt/vscodium-bin/resources/app/extensions/git/dist/main.js:2:937064)
	at async T.retryRun (/opt/vscodium-bin/resources/app/extensions/git/dist/main.js:2:1032765)
	at async T.run (/opt/vscodium-bin/resources/app/extensions/git/dist/main.js:2:1032369)
	at async T.getBranch (/opt/vscodium-bin/resources/app/extensions/git/dist/main.js:2:1020512)
	at async T.getBranchBase (/opt/vscodium-bin/resources/app/extensions/git/dist/main.js:2:1020798)
	at async t.GitHistoryProvider.resolveHEADMergeBase (/opt/vscodium-bin/resources/app/extensions/git/dist/main.js:2:948359)
	at async t.GitHistoryProvider.onDidRunGitStatus (/opt/vscodium-bin/resources/app/extensions/git/dist/main.js:2:941686)
2024-09-17 18:40:24.746 [error] Error: No such branch: master.
	at N.getBranch (/opt/vscodium-bin/resources/app/extensions/git/dist/main.js:2:937064)
	at async T.retryRun (/opt/vscodium-bin/resources/app/extensions/git/dist/main.js:2:1032765)
	at async T.run (/opt/vscodium-bin/resources/app/extensions/git/dist/main.js:2:1032369)
	at async T.getBranch (/opt/vscodium-bin/resources/app/extensions/git/dist/main.js:2:1020512)
	at async T.getBranchBase (/opt/vscodium-bin/resources/app/extensions/git/dist/main.js:2:1020798)
	at async t.GitHistoryProvider.resolveHEADMergeBase (/opt/vscodium-bin/resources/app/extensions/git/dist/main.js:2:948359)
	at async t.GitHistoryProvider.onDidRunGitStatus (/opt/vscodium-bin/resources/app/extensions/git/dist/main.js:2:941686)
2024-09-17 18:40:29.770 [error] Error: No such branch: master.
	at N.getBranch (/opt/vscodium-bin/resources/app/extensions/git/dist/main.js:2:937064)
	at async T.retryRun (/opt/vscodium-bin/resources/app/extensions/git/dist/main.js:2:1032765)
	at async T.run (/opt/vscodium-bin/resources/app/extensions/git/dist/main.js:2:1032369)
	at async T.getBranch (/opt/vscodium-bin/resources/app/extensions/git/dist/main.js:2:1020512)
	at async T.getBranchBase (/opt/vscodium-bin/resources/app/extensions/git/dist/main.js:2:1020798)
	at async t.GitHistoryProvider.resolveHEADMergeBase (/opt/vscodium-bin/resources/app/extensions/git/dist/main.js:2:948359)
	at async t.GitHistoryProvider.onDidRunGitStatus (/opt/vscodium-bin/resources/app/extensions/git/dist/main.js:2:941686)
2024-09-17 18:41:09.231 [error] Error: No such branch: master.
	at N.getBranch (/opt/vscodium-bin/resources/app/extensions/git/dist/main.js:2:937064)
	at async T.retryRun (/opt/vscodium-bin/resources/app/extensions/git/dist/main.js:2:1032765)
	at async T.run (/opt/vscodium-bin/resources/app/extensions/git/dist/main.js:2:1032369)
	at async T.getBranch (/opt/vscodium-bin/resources/app/extensions/git/dist/main.js:2:1020512)
	at async T.getBranchBase (/opt/vscodium-bin/resources/app/extensions/git/dist/main.js:2:1020798)
	at async t.GitHistoryProvider.resolveHEADMergeBase (/opt/vscodium-bin/resources/app/extensions/git/dist/main.js:2:948359)
	at async t.GitHistoryProvider.onDidRunGitStatus (/opt/vscodium-bin/resources/app/extensions/git/dist/main.js:2:941686)
2024-09-17 18:41:23.230 [error] Error: No such branch: master.
	at N.getBranch (/opt/vscodium-bin/resources/app/extensions/git/dist/main.js:2:937064)
	at async T.retryRun (/opt/vscodium-bin/resources/app/extensions/git/dist/main.js:2:1032765)
	at async T.run (/opt/vscodium-bin/resources/app/extensions/git/dist/main.js:2:1032369)
	at async T.getBranch (/opt/vscodium-bin/resources/app/extensions/git/dist/main.js:2:1020512)
	at async T.getBranchBase (/opt/vscodium-bin/resources/app/extensions/git/dist/main.js:2:1020798)
	at async t.GitHistoryProvider.resolveHEADMergeBase (/opt/vscodium-bin/resources/app/extensions/git/dist/main.js:2:948359)
	at async t.GitHistoryProvider.onDidRunGitStatus (/opt/vscodium-bin/resources/app/extensions/git/dist/main.js:2:941686)
2024-09-17 18:41:28.249 [error] Error: No such branch: master.
	at N.getBranch (/opt/vscodium-bin/resources/app/extensions/git/dist/main.js:2:937064)
	at async T.retryRun (/opt/vscodium-bin/resources/app/extensions/git/dist/main.js:2:1032765)
	at async T.run (/opt/vscodium-bin/resources/app/extensions/git/dist/main.js:2:1032369)
	at async T.getBranch (/opt/vscodium-bin/resources/app/extensions/git/dist/main.js:2:1020512)
	at async T.getBranchBase (/opt/vscodium-bin/resources/app/extensions/git/dist/main.js:2:1020798)
	at async t.GitHistoryProvider.resolveHEADMergeBase (/opt/vscodium-bin/resources/app/extensions/git/dist/main.js:2:948359)
	at async t.GitHistoryProvider.onDidRunGitStatus (/opt/vscodium-bin/resources/app/extensions/git/dist/main.js:2:941686)
2024-09-17 18:41:33.273 [error] Error: No such branch: master.
	at N.getBranch (/opt/vscodium-bin/resources/app/extensions/git/dist/main.js:2:937064)
	at async T.retryRun (/opt/vscodium-bin/resources/app/extensions/git/dist/main.js:2:1032765)
	at async T.run (/opt/vscodium-bin/resources/app/extensions/git/dist/main.js:2:1032369)
	at async T.getBranch (/opt/vscodium-bin/resources/app/extensions/git/dist/main.js:2:1020512)
	at async T.getBranchBase (/opt/vscodium-bin/resources/app/extensions/git/dist/main.js:2:1020798)
	at async t.GitHistoryProvider.resolveHEADMergeBase (/opt/vscodium-bin/resources/app/extensions/git/dist/main.js:2:948359)
	at async t.GitHistoryProvider.onDidRunGitStatus (/opt/vscodium-bin/resources/app/extensions/git/dist/main.js:2:941686)
2024-09-17 18:42:21.856 [error] Error: No such branch: master.
	at N.getBranch (/opt/vscodium-bin/resources/app/extensions/git/dist/main.js:2:937064)
	at async T.retryRun (/opt/vscodium-bin/resources/app/extensions/git/dist/main.js:2:1032765)
	at async T.run (/opt/vscodium-bin/resources/app/extensions/git/dist/main.js:2:1032369)
	at async T.getBranch (/opt/vscodium-bin/resources/app/extensions/git/dist/main.js:2:1020512)
	at async T.getBranchBase (/opt/vscodium-bin/resources/app/extensions/git/dist/main.js:2:1020798)
	at async t.GitHistoryProvider.resolveHEADMergeBase (/opt/vscodium-bin/resources/app/extensions/git/dist/main.js:2:948359)
	at async t.GitHistoryProvider.onDidRunGitStatus (/opt/vscodium-bin/resources/app/extensions/git/dist/main.js:2:941686)
2024-09-17 18:42:26.879 [error] Error: No such branch: master.
	at N.getBranch (/opt/vscodium-bin/resources/app/extensions/git/dist/main.js:2:937064)
	at async T.retryRun (/opt/vscodium-bin/resources/app/extensions/git/dist/main.js:2:1032765)
	at async T.run (/opt/vscodium-bin/resources/app/extensions/git/dist/main.js:2:1032369)
	at async T.getBranch (/opt/vscodium-bin/resources/app/extensions/git/dist/main.js:2:1020512)
	at async T.getBranchBase (/opt/vscodium-bin/resources/app/extensions/git/dist/main.js:2:1020798)
	at async t.GitHistoryProvider.resolveHEADMergeBase (/opt/vscodium-bin/resources/app/extensions/git/dist/main.js:2:948359)
	at async t.GitHistoryProvider.onDidRunGitStatus (/opt/vscodium-bin/resources/app/extensions/git/dist/main.js:2:941686)
2024-09-17 18:42:31.903 [error] Error: No such branch: master.
	at N.getBranch (/opt/vscodium-bin/resources/app/extensions/git/dist/main.js:2:937064)
	at async T.retryRun (/opt/vscodium-bin/resources/app/extensions/git/dist/main.js:2:1032765)
	at async T.run (/opt/vscodium-bin/resources/app/extensions/git/dist/main.js:2:1032369)
	at async T.getBranch (/opt/vscodium-bin/resources/app/extensions/git/dist/main.js:2:1020512)
	at async T.getBranchBase (/opt/vscodium-bin/resources/app/extensions/git/dist/main.js:2:1020798)
	at async t.GitHistoryProvider.resolveHEADMergeBase (/opt/vscodium-bin/resources/app/extensions/git/dist/main.js:2:948359)
	at async t.GitHistoryProvider.onDidRunGitStatus (/opt/vscodium-bin/resources/app/extensions/git/dist/main.js:2:941686)
2024-09-17 18:44:02.815 [error] Error: No such branch: master.
	at N.getBranch (/opt/vscodium-bin/resources/app/extensions/git/dist/main.js:2:937064)
	at async T.retryRun (/opt/vscodium-bin/resources/app/extensions/git/dist/main.js:2:1032765)
	at async T.run (/opt/vscodium-bin/resources/app/extensions/git/dist/main.js:2:1032369)
	at async T.getBranch (/opt/vscodium-bin/resources/app/extensions/git/dist/main.js:2:1020512)
	at async T.getBranchBase (/opt/vscodium-bin/resources/app/extensions/git/dist/main.js:2:1020798)
	at async t.GitHistoryProvider.resolveHEADMergeBase (/opt/vscodium-bin/resources/app/extensions/git/dist/main.js:2:948359)
	at async t.GitHistoryProvider.onDidRunGitStatus (/opt/vscodium-bin/resources/app/extensions/git/dist/main.js:2:941686)
2024-09-17 18:44:07.836 [error] Error: No such branch: master.
	at N.getBranch (/opt/vscodium-bin/resources/app/extensions/git/dist/main.js:2:937064)
	at async T.retryRun (/opt/vscodium-bin/resources/app/extensions/git/dist/main.js:2:1032765)
	at async T.run (/opt/vscodium-bin/resources/app/extensions/git/dist/main.js:2:1032369)
	at async T.getBranch (/opt/vscodium-bin/resources/app/extensions/git/dist/main.js:2:1020512)
	at async T.getBranchBase (/opt/vscodium-bin/resources/app/extensions/git/dist/main.js:2:1020798)
	at async t.GitHistoryProvider.resolveHEADMergeBase (/opt/vscodium-bin/resources/app/extensions/git/dist/main.js:2:948359)
	at async t.GitHistoryProvider.onDidRunGitStatus (/opt/vscodium-bin/resources/app/extensions/git/dist/main.js:2:941686)
2024-09-17 18:44:12.855 [error] Error: No such branch: master.
	at N.getBranch (/opt/vscodium-bin/resources/app/extensions/git/dist/main.js:2:937064)
	at async T.retryRun (/opt/vscodium-bin/resources/app/extensions/git/dist/main.js:2:1032765)
	at async T.run (/opt/vscodium-bin/resources/app/extensions/git/dist/main.js:2:1032369)
	at async T.getBranch (/opt/vscodium-bin/resources/app/extensions/git/dist/main.js:2:1020512)
	at async T.getBranchBase (/opt/vscodium-bin/resources/app/extensions/git/dist/main.js:2:1020798)
	at async t.GitHistoryProvider.resolveHEADMergeBase (/opt/vscodium-bin/resources/app/extensions/git/dist/main.js:2:948359)
	at async t.GitHistoryProvider.onDidRunGitStatus (/opt/vscodium-bin/resources/app/extensions/git/dist/main.js:2:941686)
2024-09-17 18:44:25.433 [error] Error: No such branch: master.
	at N.getBranch (/opt/vscodium-bin/resources/app/extensions/git/dist/main.js:2:937064)
	at async T.retryRun (/opt/vscodium-bin/resources/app/extensions/git/dist/main.js:2:1032765)
	at async T.run (/opt/vscodium-bin/resources/app/extensions/git/dist/main.js:2:1032369)
	at async T.getBranch (/opt/vscodium-bin/resources/app/extensions/git/dist/main.js:2:1020512)
	at async T.getBranchBase (/opt/vscodium-bin/resources/app/extensions/git/dist/main.js:2:1020798)
	at async t.GitHistoryProvider.resolveHEADMergeBase (/opt/vscodium-bin/resources/app/extensions/git/dist/main.js:2:948359)
	at async t.GitHistoryProvider.onDidRunGitStatus (/opt/vscodium-bin/resources/app/extensions/git/dist/main.js:2:941686)
2024-09-17 18:44:30.453 [error] Error: No such branch: master.
	at N.getBranch (/opt/vscodium-bin/resources/app/extensions/git/dist/main.js:2:937064)
	at async T.retryRun (/opt/vscodium-bin/resources/app/extensions/git/dist/main.js:2:1032765)
	at async T.run (/opt/vscodium-bin/resources/app/extensions/git/dist/main.js:2:1032369)
	at async T.getBranch (/opt/vscodium-bin/resources/app/extensions/git/dist/main.js:2:1020512)
	at async T.getBranchBase (/opt/vscodium-bin/resources/app/extensions/git/dist/main.js:2:1020798)
	at async t.GitHistoryProvider.resolveHEADMergeBase (/opt/vscodium-bin/resources/app/extensions/git/dist/main.js:2:948359)
	at async t.GitHistoryProvider.onDidRunGitStatus (/opt/vscodium-bin/resources/app/extensions/git/dist/main.js:2:941686)
2024-09-17 18:44:35.472 [error] Error: No such branch: master.
	at N.getBranch (/opt/vscodium-bin/resources/app/extensions/git/dist/main.js:2:937064)
	at async T.retryRun (/opt/vscodium-bin/resources/app/extensions/git/dist/main.js:2:1032765)
	at async T.run (/opt/vscodium-bin/resources/app/extensions/git/dist/main.js:2:1032369)
	at async T.getBranch (/opt/vscodium-bin/resources/app/extensions/git/dist/main.js:2:1020512)
	at async T.getBranchBase (/opt/vscodium-bin/resources/app/extensions/git/dist/main.js:2:1020798)
	at async t.GitHistoryProvider.resolveHEADMergeBase (/opt/vscodium-bin/resources/app/extensions/git/dist/main.js:2:948359)
	at async t.GitHistoryProvider.onDidRunGitStatus (/opt/vscodium-bin/resources/app/extensions/git/dist/main.js:2:941686)
2024-09-17 18:46:40.302 [error] Error: No such branch: master.
	at N.getBranch (/opt/vscodium-bin/resources/app/extensions/git/dist/main.js:2:937064)
	at async T.retryRun (/opt/vscodium-bin/resources/app/extensions/git/dist/main.js:2:1032765)
	at async T.run (/opt/vscodium-bin/resources/app/extensions/git/dist/main.js:2:1032369)
	at async T.getBranch (/opt/vscodium-bin/resources/app/extensions/git/dist/main.js:2:1020512)
	at async T.getBranchBase (/opt/vscodium-bin/resources/app/extensions/git/dist/main.js:2:1020798)
	at async t.GitHistoryProvider.resolveHEADMergeBase (/opt/vscodium-bin/resources/app/extensions/git/dist/main.js:2:948359)
	at async t.GitHistoryProvider.onDidRunGitStatus (/opt/vscodium-bin/resources/app/extensions/git/dist/main.js:2:941686)
2024-09-17 18:48:21.133 [error] Error: No such branch: master.
	at N.getBranch (/opt/vscodium-bin/resources/app/extensions/git/dist/main.js:2:937064)
	at async T.retryRun (/opt/vscodium-bin/resources/app/extensions/git/dist/main.js:2:1032765)
	at async T.run (/opt/vscodium-bin/resources/app/extensions/git/dist/main.js:2:1032369)
	at async T.getBranch (/opt/vscodium-bin/resources/app/extensions/git/dist/main.js:2:1020512)
	at async T.getBranchBase (/opt/vscodium-bin/resources/app/extensions/git/dist/main.js:2:1020798)
	at async t.GitHistoryProvider.resolveHEADMergeBase (/opt/vscodium-bin/resources/app/extensions/git/dist/main.js:2:948359)
	at async t.GitHistoryProvider.onDidRunGitStatus (/opt/vscodium-bin/resources/app/extensions/git/dist/main.js:2:941686)
2024-09-17 18:48:26.356 [error] Error: No such branch: master.
	at N.getBranch (/opt/vscodium-bin/resources/app/extensions/git/dist/main.js:2:937064)
	at async T.retryRun (/opt/vscodium-bin/resources/app/extensions/git/dist/main.js:2:1032765)
	at async T.run (/opt/vscodium-bin/resources/app/extensions/git/dist/main.js:2:1032369)
	at async T.getBranch (/opt/vscodium-bin/resources/app/extensions/git/dist/main.js:2:1020512)
	at async T.getBranchBase (/opt/vscodium-bin/resources/app/extensions/git/dist/main.js:2:1020798)
	at async t.GitHistoryProvider.resolveHEADMergeBase (/opt/vscodium-bin/resources/app/extensions/git/dist/main.js:2:948359)
	at async t.GitHistoryProvider.onDidRunGitStatus (/opt/vscodium-bin/resources/app/extensions/git/dist/main.js:2:941686)
2024-09-17 18:48:31.377 [error] Error: No such branch: master.
	at N.getBranch (/opt/vscodium-bin/resources/app/extensions/git/dist/main.js:2:937064)
	at async T.retryRun (/opt/vscodium-bin/resources/app/extensions/git/dist/main.js:2:1032765)
	at async T.run (/opt/vscodium-bin/resources/app/extensions/git/dist/main.js:2:1032369)
	at async T.getBranch (/opt/vscodium-bin/resources/app/extensions/git/dist/main.js:2:1020512)
	at async T.getBranchBase (/opt/vscodium-bin/resources/app/extensions/git/dist/main.js:2:1020798)
	at async t.GitHistoryProvider.resolveHEADMergeBase (/opt/vscodium-bin/resources/app/extensions/git/dist/main.js:2:948359)
	at async t.GitHistoryProvider.onDidRunGitStatus (/opt/vscodium-bin/resources/app/extensions/git/dist/main.js:2:941686)
2024-09-17 18:48:40.706 [error] Error: No such branch: master.
	at N.getBranch (/opt/vscodium-bin/resources/app/extensions/git/dist/main.js:2:937064)
	at async T.retryRun (/opt/vscodium-bin/resources/app/extensions/git/dist/main.js:2:1032765)
	at async T.run (/opt/vscodium-bin/resources/app/extensions/git/dist/main.js:2:1032369)
	at async T.getBranch (/opt/vscodium-bin/resources/app/extensions/git/dist/main.js:2:1020512)
	at async T.getBranchBase (/opt/vscodium-bin/resources/app/extensions/git/dist/main.js:2:1020798)
	at async t.GitHistoryProvider.resolveHEADMergeBase (/opt/vscodium-bin/resources/app/extensions/git/dist/main.js:2:948359)
	at async t.GitHistoryProvider.onDidRunGitStatus (/opt/vscodium-bin/resources/app/extensions/git/dist/main.js:2:941686)
2024-09-17 18:48:48.882 [error] Error: No such branch: master.
	at N.getBranch (/opt/vscodium-bin/resources/app/extensions/git/dist/main.js:2:937064)
	at async T.retryRun (/opt/vscodium-bin/resources/app/extensions/git/dist/main.js:2:1032765)
	at async T.run (/opt/vscodium-bin/resources/app/extensions/git/dist/main.js:2:1032369)
	at async T.getBranch (/opt/vscodium-bin/resources/app/extensions/git/dist/main.js:2:1020512)
	at async T.getBranchBase (/opt/vscodium-bin/resources/app/extensions/git/dist/main.js:2:1020798)
	at async t.GitHistoryProvider.resolveHEADMergeBase (/opt/vscodium-bin/resources/app/extensions/git/dist/main.js:2:948359)
	at async t.GitHistoryProvider.onDidRunGitStatus (/opt/vscodium-bin/resources/app/extensions/git/dist/main.js:2:941686)
2024-09-17 18:50:59.154 [error] Error: No such branch: master.
	at N.getBranch (/opt/vscodium-bin/resources/app/extensions/git/dist/main.js:2:937064)
	at async T.retryRun (/opt/vscodium-bin/resources/app/extensions/git/dist/main.js:2:1032765)
	at async T.run (/opt/vscodium-bin/resources/app/extensions/git/dist/main.js:2:1032369)
	at async T.getBranch (/opt/vscodium-bin/resources/app/extensions/git/dist/main.js:2:1020512)
	at async T.getBranchBase (/opt/vscodium-bin/resources/app/extensions/git/dist/main.js:2:1020798)
	at async t.GitHistoryProvider.resolveHEADMergeBase (/opt/vscodium-bin/resources/app/extensions/git/dist/main.js:2:948359)
	at async t.GitHistoryProvider.onDidRunGitStatus (/opt/vscodium-bin/resources/app/extensions/git/dist/main.js:2:941686)
2024-09-17 18:51:09.408 [error] Error: No such branch: master.
	at N.getBranch (/opt/vscodium-bin/resources/app/extensions/git/dist/main.js:2:937064)
	at async T.retryRun (/opt/vscodium-bin/resources/app/extensions/git/dist/main.js:2:1032765)
	at async T.run (/opt/vscodium-bin/resources/app/extensions/git/dist/main.js:2:1032369)
	at async T.getBranch (/opt/vscodium-bin/resources/app/extensions/git/dist/main.js:2:1020512)
	at async T.getBranchBase (/opt/vscodium-bin/resources/app/extensions/git/dist/main.js:2:1020798)
	at async t.GitHistoryProvider.resolveHEADMergeBase (/opt/vscodium-bin/resources/app/extensions/git/dist/main.js:2:948359)
	at async t.GitHistoryProvider.onDidRunGitStatus (/opt/vscodium-bin/resources/app/extensions/git/dist/main.js:2:941686)
2024-09-17 18:51:30.324 [error] Error: No such branch: master.
	at N.getBranch (/opt/vscodium-bin/resources/app/extensions/git/dist/main.js:2:937064)
	at async T.retryRun (/opt/vscodium-bin/resources/app/extensions/git/dist/main.js:2:1032765)
	at async T.run (/opt/vscodium-bin/resources/app/extensions/git/dist/main.js:2:1032369)
	at async T.getBranch (/opt/vscodium-bin/resources/app/extensions/git/dist/main.js:2:1020512)
	at async T.getBranchBase (/opt/vscodium-bin/resources/app/extensions/git/dist/main.js:2:1020798)
	at async t.GitHistoryProvider.resolveHEADMergeBase (/opt/vscodium-bin/resources/app/extensions/git/dist/main.js:2:948359)
	at async t.GitHistoryProvider.onDidRunGitStatus (/opt/vscodium-bin/resources/app/extensions/git/dist/main.js:2:941686)
2024-09-17 18:51:46.851 [error] Error: No such branch: master.
	at N.getBranch (/opt/vscodium-bin/resources/app/extensions/git/dist/main.js:2:937064)
	at async T.retryRun (/opt/vscodium-bin/resources/app/extensions/git/dist/main.js:2:1032765)
	at async T.run (/opt/vscodium-bin/resources/app/extensions/git/dist/main.js:2:1032369)
	at async T.getBranch (/opt/vscodium-bin/resources/app/extensions/git/dist/main.js:2:1020512)
	at async T.getBranchBase (/opt/vscodium-bin/resources/app/extensions/git/dist/main.js:2:1020798)
	at async t.GitHistoryProvider.resolveHEADMergeBase (/opt/vscodium-bin/resources/app/extensions/git/dist/main.js:2:948359)
	at async t.GitHistoryProvider.onDidRunGitStatus (/opt/vscodium-bin/resources/app/extensions/git/dist/main.js:2:941686)
2024-09-17 18:52:01.117 [error] Error: No such branch: master.
	at N.getBranch (/opt/vscodium-bin/resources/app/extensions/git/dist/main.js:2:937064)
	at async T.retryRun (/opt/vscodium-bin/resources/app/extensions/git/dist/main.js:2:1032765)
	at async T.run (/opt/vscodium-bin/resources/app/extensions/git/dist/main.js:2:1032369)
	at async T.getBranch (/opt/vscodium-bin/resources/app/extensions/git/dist/main.js:2:1020512)
	at async T.getBranchBase (/opt/vscodium-bin/resources/app/extensions/git/dist/main.js:2:1020798)
	at async t.GitHistoryProvider.resolveHEADMergeBase (/opt/vscodium-bin/resources/app/extensions/git/dist/main.js:2:948359)
	at async t.GitHistoryProvider.onDidRunGitStatus (/opt/vscodium-bin/resources/app/extensions/git/dist/main.js:2:941686)
2024-09-17 18:52:09.471 [error] Error: No such branch: master.
	at N.getBranch (/opt/vscodium-bin/resources/app/extensions/git/dist/main.js:2:937064)
	at async T.retryRun (/opt/vscodium-bin/resources/app/extensions/git/dist/main.js:2:1032765)
	at async T.run (/opt/vscodium-bin/resources/app/extensions/git/dist/main.js:2:1032369)
	at async T.getBranch (/opt/vscodium-bin/resources/app/extensions/git/dist/main.js:2:1020512)
	at async T.getBranchBase (/opt/vscodium-bin/resources/app/extensions/git/dist/main.js:2:1020798)
	at async t.GitHistoryProvider.resolveHEADMergeBase (/opt/vscodium-bin/resources/app/extensions/git/dist/main.js:2:948359)
	at async t.GitHistoryProvider.onDidRunGitStatus (/opt/vscodium-bin/resources/app/extensions/git/dist/main.js:2:941686)
2024-09-17 18:52:16.286 [error] Error: No such branch: master.
	at N.getBranch (/opt/vscodium-bin/resources/app/extensions/git/dist/main.js:2:937064)
	at async T.retryRun (/opt/vscodium-bin/resources/app/extensions/git/dist/main.js:2:1032765)
	at async T.run (/opt/vscodium-bin/resources/app/extensions/git/dist/main.js:2:1032369)
	at async T.getBranch (/opt/vscodium-bin/resources/app/extensions/git/dist/main.js:2:1020512)
	at async T.getBranchBase (/opt/vscodium-bin/resources/app/extensions/git/dist/main.js:2:1020798)
	at async t.GitHistoryProvider.resolveHEADMergeBase (/opt/vscodium-bin/resources/app/extensions/git/dist/main.js:2:948359)
	at async t.GitHistoryProvider.onDidRunGitStatus (/opt/vscodium-bin/resources/app/extensions/git/dist/main.js:2:941686)
2024-09-17 18:52:21.308 [error] Error: No such branch: master.
	at N.getBranch (/opt/vscodium-bin/resources/app/extensions/git/dist/main.js:2:937064)
	at async T.retryRun (/opt/vscodium-bin/resources/app/extensions/git/dist/main.js:2:1032765)
	at async T.run (/opt/vscodium-bin/resources/app/extensions/git/dist/main.js:2:1032369)
	at async T.getBranch (/opt/vscodium-bin/resources/app/extensions/git/dist/main.js:2:1020512)
	at async T.getBranchBase (/opt/vscodium-bin/resources/app/extensions/git/dist/main.js:2:1020798)
	at async t.GitHistoryProvider.resolveHEADMergeBase (/opt/vscodium-bin/resources/app/extensions/git/dist/main.js:2:948359)
	at async t.GitHistoryProvider.onDidRunGitStatus (/opt/vscodium-bin/resources/app/extensions/git/dist/main.js:2:941686)
2024-09-17 18:52:26.330 [error] Error: No such branch: master.
	at N.getBranch (/opt/vscodium-bin/resources/app/extensions/git/dist/main.js:2:937064)
	at async T.retryRun (/opt/vscodium-bin/resources/app/extensions/git/dist/main.js:2:1032765)
	at async T.run (/opt/vscodium-bin/resources/app/extensions/git/dist/main.js:2:1032369)
	at async T.getBranch (/opt/vscodium-bin/resources/app/extensions/git/dist/main.js:2:1020512)
	at async T.getBranchBase (/opt/vscodium-bin/resources/app/extensions/git/dist/main.js:2:1020798)
	at async t.GitHistoryProvider.resolveHEADMergeBase (/opt/vscodium-bin/resources/app/extensions/git/dist/main.js:2:948359)
	at async t.GitHistoryProvider.onDidRunGitStatus (/opt/vscodium-bin/resources/app/extensions/git/dist/main.js:2:941686)
2024-09-17 18:55:06.501 [error] Error: No such branch: master.
	at N.getBranch (/opt/vscodium-bin/resources/app/extensions/git/dist/main.js:2:937064)
	at async T.retryRun (/opt/vscodium-bin/resources/app/extensions/git/dist/main.js:2:1032765)
	at async T.run (/opt/vscodium-bin/resources/app/extensions/git/dist/main.js:2:1032369)
	at async T.getBranch (/opt/vscodium-bin/resources/app/extensions/git/dist/main.js:2:1020512)
	at async T.getBranchBase (/opt/vscodium-bin/resources/app/extensions/git/dist/main.js:2:1020798)
	at async t.GitHistoryProvider.resolveHEADMergeBase (/opt/vscodium-bin/resources/app/extensions/git/dist/main.js:2:948359)
	at async t.GitHistoryProvider.onDidRunGitStatus (/opt/vscodium-bin/resources/app/extensions/git/dist/main.js:2:941686)
2024-09-17 18:55:13.722 [error] Error: No such branch: master.
	at N.getBranch (/opt/vscodium-bin/resources/app/extensions/git/dist/main.js:2:937064)
	at async T.retryRun (/opt/vscodium-bin/resources/app/extensions/git/dist/main.js:2:1032765)
	at async T.run (/opt/vscodium-bin/resources/app/extensions/git/dist/main.js:2:1032369)
	at async T.getBranch (/opt/vscodium-bin/resources/app/extensions/git/dist/main.js:2:1020512)
	at async T.getBranchBase (/opt/vscodium-bin/resources/app/extensions/git/dist/main.js:2:1020798)
	at async t.GitHistoryProvider.resolveHEADMergeBase (/opt/vscodium-bin/resources/app/extensions/git/dist/main.js:2:948359)
	at async t.GitHistoryProvider.onDidRunGitStatus (/opt/vscodium-bin/resources/app/extensions/git/dist/main.js:2:941686)
2024-09-17 18:55:51.379 [error] Error: No such branch: master.
	at N.getBranch (/opt/vscodium-bin/resources/app/extensions/git/dist/main.js:2:937064)
	at async T.retryRun (/opt/vscodium-bin/resources/app/extensions/git/dist/main.js:2:1032765)
	at async T.run (/opt/vscodium-bin/resources/app/extensions/git/dist/main.js:2:1032369)
	at async T.getBranch (/opt/vscodium-bin/resources/app/extensions/git/dist/main.js:2:1020512)
	at async T.getBranchBase (/opt/vscodium-bin/resources/app/extensions/git/dist/main.js:2:1020798)
	at async t.GitHistoryProvider.resolveHEADMergeBase (/opt/vscodium-bin/resources/app/extensions/git/dist/main.js:2:948359)
	at async t.GitHistoryProvider.onDidRunGitStatus (/opt/vscodium-bin/resources/app/extensions/git/dist/main.js:2:941686)
2024-09-17 18:56:28.700 [error] Error: No such branch: master.
	at N.getBranch (/opt/vscodium-bin/resources/app/extensions/git/dist/main.js:2:937064)
	at async T.retryRun (/opt/vscodium-bin/resources/app/extensions/git/dist/main.js:2:1032765)
	at async T.run (/opt/vscodium-bin/resources/app/extensions/git/dist/main.js:2:1032369)
	at async T.getBranch (/opt/vscodium-bin/resources/app/extensions/git/dist/main.js:2:1020512)
	at async T.getBranchBase (/opt/vscodium-bin/resources/app/extensions/git/dist/main.js:2:1020798)
	at async t.GitHistoryProvider.resolveHEADMergeBase (/opt/vscodium-bin/resources/app/extensions/git/dist/main.js:2:948359)
	at async t.GitHistoryProvider.onDidRunGitStatus (/opt/vscodium-bin/resources/app/extensions/git/dist/main.js:2:941686)
2024-09-17 18:56:33.721 [error] Error: No such branch: master.
	at N.getBranch (/opt/vscodium-bin/resources/app/extensions/git/dist/main.js:2:937064)
	at async T.retryRun (/opt/vscodium-bin/resources/app/extensions/git/dist/main.js:2:1032765)
	at async T.run (/opt/vscodium-bin/resources/app/extensions/git/dist/main.js:2:1032369)
	at async T.getBranch (/opt/vscodium-bin/resources/app/extensions/git/dist/main.js:2:1020512)
	at async T.getBranchBase (/opt/vscodium-bin/resources/app/extensions/git/dist/main.js:2:1020798)
	at async t.GitHistoryProvider.resolveHEADMergeBase (/opt/vscodium-bin/resources/app/extensions/git/dist/main.js:2:948359)
	at async t.GitHistoryProvider.onDidRunGitStatus (/opt/vscodium-bin/resources/app/extensions/git/dist/main.js:2:941686)
2024-09-17 18:56:44.615 [error] Error: No such branch: master.
	at N.getBranch (/opt/vscodium-bin/resources/app/extensions/git/dist/main.js:2:937064)
	at async T.retryRun (/opt/vscodium-bin/resources/app/extensions/git/dist/main.js:2:1032765)
	at async T.run (/opt/vscodium-bin/resources/app/extensions/git/dist/main.js:2:1032369)
	at async T.getBranch (/opt/vscodium-bin/resources/app/extensions/git/dist/main.js:2:1020512)
	at async T.getBranchBase (/opt/vscodium-bin/resources/app/extensions/git/dist/main.js:2:1020798)
	at async t.GitHistoryProvider.resolveHEADMergeBase (/opt/vscodium-bin/resources/app/extensions/git/dist/main.js:2:948359)
	at async t.GitHistoryProvider.onDidRunGitStatus (/opt/vscodium-bin/resources/app/extensions/git/dist/main.js:2:941686)
2024-09-17 18:56:49.640 [error] Error: No such branch: master.
	at N.getBranch (/opt/vscodium-bin/resources/app/extensions/git/dist/main.js:2:937064)
	at async T.retryRun (/opt/vscodium-bin/resources/app/extensions/git/dist/main.js:2:1032765)
	at async T.run (/opt/vscodium-bin/resources/app/extensions/git/dist/main.js:2:1032369)
	at async T.getBranch (/opt/vscodium-bin/resources/app/extensions/git/dist/main.js:2:1020512)
	at async T.getBranchBase (/opt/vscodium-bin/resources/app/extensions/git/dist/main.js:2:1020798)
	at async t.GitHistoryProvider.resolveHEADMergeBase (/opt/vscodium-bin/resources/app/extensions/git/dist/main.js:2:948359)
	at async t.GitHistoryProvider.onDidRunGitStatus (/opt/vscodium-bin/resources/app/extensions/git/dist/main.js:2:941686)
2024-09-17 18:56:54.664 [error] Error: No such branch: master.
	at N.getBranch (/opt/vscodium-bin/resources/app/extensions/git/dist/main.js:2:937064)
	at async T.retryRun (/opt/vscodium-bin/resources/app/extensions/git/dist/main.js:2:1032765)
	at async T.run (/opt/vscodium-bin/resources/app/extensions/git/dist/main.js:2:1032369)
	at async T.getBranch (/opt/vscodium-bin/resources/app/extensions/git/dist/main.js:2:1020512)
	at async T.getBranchBase (/opt/vscodium-bin/resources/app/extensions/git/dist/main.js:2:1020798)
	at async t.GitHistoryProvider.resolveHEADMergeBase (/opt/vscodium-bin/resources/app/extensions/git/dist/main.js:2:948359)
	at async t.GitHistoryProvider.onDidRunGitStatus (/opt/vscodium-bin/resources/app/extensions/git/dist/main.js:2:941686)
2024-09-17 18:57:07.156 [error] Error: No such branch: master.
	at N.getBranch (/opt/vscodium-bin/resources/app/extensions/git/dist/main.js:2:937064)
	at async T.retryRun (/opt/vscodium-bin/resources/app/extensions/git/dist/main.js:2:1032765)
	at async T.run (/opt/vscodium-bin/resources/app/extensions/git/dist/main.js:2:1032369)
	at async T.getBranch (/opt/vscodium-bin/resources/app/extensions/git/dist/main.js:2:1020512)
	at async T.getBranchBase (/opt/vscodium-bin/resources/app/extensions/git/dist/main.js:2:1020798)
	at async t.GitHistoryProvider.resolveHEADMergeBase (/opt/vscodium-bin/resources/app/extensions/git/dist/main.js:2:948359)
	at async t.GitHistoryProvider.onDidRunGitStatus (/opt/vscodium-bin/resources/app/extensions/git/dist/main.js:2:941686)
2024-09-17 18:57:12.186 [error] Error: No such branch: master.
	at N.getBranch (/opt/vscodium-bin/resources/app/extensions/git/dist/main.js:2:937064)
	at async T.retryRun (/opt/vscodium-bin/resources/app/extensions/git/dist/main.js:2:1032765)
	at async T.run (/opt/vscodium-bin/resources/app/extensions/git/dist/main.js:2:1032369)
	at async T.getBranch (/opt/vscodium-bin/resources/app/extensions/git/dist/main.js:2:1020512)
	at async T.getBranchBase (/opt/vscodium-bin/resources/app/extensions/git/dist/main.js:2:1020798)
	at async t.GitHistoryProvider.resolveHEADMergeBase (/opt/vscodium-bin/resources/app/extensions/git/dist/main.js:2:948359)
	at async t.GitHistoryProvider.onDidRunGitStatus (/opt/vscodium-bin/resources/app/extensions/git/dist/main.js:2:941686)
2024-09-17 18:57:17.209 [error] Error: No such branch: master.
	at N.getBranch (/opt/vscodium-bin/resources/app/extensions/git/dist/main.js:2:937064)
	at async T.retryRun (/opt/vscodium-bin/resources/app/extensions/git/dist/main.js:2:1032765)
	at async T.run (/opt/vscodium-bin/resources/app/extensions/git/dist/main.js:2:1032369)
	at async T.getBranch (/opt/vscodium-bin/resources/app/extensions/git/dist/main.js:2:1020512)
	at async T.getBranchBase (/opt/vscodium-bin/resources/app/extensions/git/dist/main.js:2:1020798)
	at async t.GitHistoryProvider.resolveHEADMergeBase (/opt/vscodium-bin/resources/app/extensions/git/dist/main.js:2:948359)
	at async t.GitHistoryProvider.onDidRunGitStatus (/opt/vscodium-bin/resources/app/extensions/git/dist/main.js:2:941686)
2024-09-17 19:03:45.463 [error] Error: No such branch: master.
	at N.getBranch (/opt/vscodium-bin/resources/app/extensions/git/dist/main.js:2:937064)
	at async T.retryRun (/opt/vscodium-bin/resources/app/extensions/git/dist/main.js:2:1032765)
	at async T.run (/opt/vscodium-bin/resources/app/extensions/git/dist/main.js:2:1032369)
	at async T.getBranch (/opt/vscodium-bin/resources/app/extensions/git/dist/main.js:2:1020512)
	at async T.getBranchBase (/opt/vscodium-bin/resources/app/extensions/git/dist/main.js:2:1020798)
	at async t.GitHistoryProvider.resolveHEADMergeBase (/opt/vscodium-bin/resources/app/extensions/git/dist/main.js:2:948359)
	at async t.GitHistoryProvider.onDidRunGitStatus (/opt/vscodium-bin/resources/app/extensions/git/dist/main.js:2:941686)
2024-09-17 19:03:55.095 [error] Error: No such branch: master.
	at N.getBranch (/opt/vscodium-bin/resources/app/extensions/git/dist/main.js:2:937064)
	at async T.retryRun (/opt/vscodium-bin/resources/app/extensions/git/dist/main.js:2:1032765)
	at async T.run (/opt/vscodium-bin/resources/app/extensions/git/dist/main.js:2:1032369)
	at async T.getBranch (/opt/vscodium-bin/resources/app/extensions/git/dist/main.js:2:1020512)
	at async T.getBranchBase (/opt/vscodium-bin/resources/app/extensions/git/dist/main.js:2:1020798)
	at async t.GitHistoryProvider.resolveHEADMergeBase (/opt/vscodium-bin/resources/app/extensions/git/dist/main.js:2:948359)
	at async t.GitHistoryProvider.onDidRunGitStatus (/opt/vscodium-bin/resources/app/extensions/git/dist/main.js:2:941686)
2024-09-17 19:04:00.121 [error] Error: No such branch: master.
	at N.getBranch (/opt/vscodium-bin/resources/app/extensions/git/dist/main.js:2:937064)
	at async T.retryRun (/opt/vscodium-bin/resources/app/extensions/git/dist/main.js:2:1032765)
	at async T.run (/opt/vscodium-bin/resources/app/extensions/git/dist/main.js:2:1032369)
	at async T.getBranch (/opt/vscodium-bin/resources/app/extensions/git/dist/main.js:2:1020512)
	at async T.getBranchBase (/opt/vscodium-bin/resources/app/extensions/git/dist/main.js:2:1020798)
	at async t.GitHistoryProvider.resolveHEADMergeBase (/opt/vscodium-bin/resources/app/extensions/git/dist/main.js:2:948359)
	at async t.GitHistoryProvider.onDidRunGitStatus (/opt/vscodium-bin/resources/app/extensions/git/dist/main.js:2:941686)
2024-09-17 19:04:05.143 [error] Error: No such branch: master.
	at N.getBranch (/opt/vscodium-bin/resources/app/extensions/git/dist/main.js:2:937064)
	at process.processTicksAndRejections (node:internal/process/task_queues:95:5)
	at async T.retryRun (/opt/vscodium-bin/resources/app/extensions/git/dist/main.js:2:1032765)
	at async T.run (/opt/vscodium-bin/resources/app/extensions/git/dist/main.js:2:1032369)
	at async T.getBranch (/opt/vscodium-bin/resources/app/extensions/git/dist/main.js:2:1020512)
	at async T.getBranchBase (/opt/vscodium-bin/resources/app/extensions/git/dist/main.js:2:1020798)
	at async t.GitHistoryProvider.resolveHEADMergeBase (/opt/vscodium-bin/resources/app/extensions/git/dist/main.js:2:948359)
	at async t.GitHistoryProvider.onDidRunGitStatus (/opt/vscodium-bin/resources/app/extensions/git/dist/main.js:2:941686)
2024-09-17 19:06:22.607 [error] Error: No such branch: master.
	at N.getBranch (/opt/vscodium-bin/resources/app/extensions/git/dist/main.js:2:937064)
	at async T.retryRun (/opt/vscodium-bin/resources/app/extensions/git/dist/main.js:2:1032765)
	at async T.run (/opt/vscodium-bin/resources/app/extensions/git/dist/main.js:2:1032369)
	at async T.getBranch (/opt/vscodium-bin/resources/app/extensions/git/dist/main.js:2:1020512)
	at async T.getBranchBase (/opt/vscodium-bin/resources/app/extensions/git/dist/main.js:2:1020798)
	at async t.GitHistoryProvider.resolveHEADMergeBase (/opt/vscodium-bin/resources/app/extensions/git/dist/main.js:2:948359)
	at async t.GitHistoryProvider.onDidRunGitStatus (/opt/vscodium-bin/resources/app/extensions/git/dist/main.js:2:941686)
2024-09-17 19:07:34.710 [error] Error: No such branch: master.
	at N.getBranch (/opt/vscodium-bin/resources/app/extensions/git/dist/main.js:2:937064)
	at async T.retryRun (/opt/vscodium-bin/resources/app/extensions/git/dist/main.js:2:1032765)
	at async T.run (/opt/vscodium-bin/resources/app/extensions/git/dist/main.js:2:1032369)
	at async T.getBranch (/opt/vscodium-bin/resources/app/extensions/git/dist/main.js:2:1020512)
	at async T.getBranchBase (/opt/vscodium-bin/resources/app/extensions/git/dist/main.js:2:1020798)
	at async t.GitHistoryProvider.resolveHEADMergeBase (/opt/vscodium-bin/resources/app/extensions/git/dist/main.js:2:948359)
	at async t.GitHistoryProvider.onDidRunGitStatus (/opt/vscodium-bin/resources/app/extensions/git/dist/main.js:2:941686)
2024-09-17 19:07:49.412 [error] Error: No such branch: master.
	at N.getBranch (/opt/vscodium-bin/resources/app/extensions/git/dist/main.js:2:937064)
	at async T.retryRun (/opt/vscodium-bin/resources/app/extensions/git/dist/main.js:2:1032765)
	at async T.run (/opt/vscodium-bin/resources/app/extensions/git/dist/main.js:2:1032369)
	at async T.getBranch (/opt/vscodium-bin/resources/app/extensions/git/dist/main.js:2:1020512)
	at async T.getBranchBase (/opt/vscodium-bin/resources/app/extensions/git/dist/main.js:2:1020798)
	at async t.GitHistoryProvider.resolveHEADMergeBase (/opt/vscodium-bin/resources/app/extensions/git/dist/main.js:2:948359)
	at async t.GitHistoryProvider.onDidRunGitStatus (/opt/vscodium-bin/resources/app/extensions/git/dist/main.js:2:941686)
2024-09-17 19:07:59.557 [error] Error: No such branch: master.
	at N.getBranch (/opt/vscodium-bin/resources/app/extensions/git/dist/main.js:2:937064)
	at async T.retryRun (/opt/vscodium-bin/resources/app/extensions/git/dist/main.js:2:1032765)
	at async T.run (/opt/vscodium-bin/resources/app/extensions/git/dist/main.js:2:1032369)
	at async T.getBranch (/opt/vscodium-bin/resources/app/extensions/git/dist/main.js:2:1020512)
	at async T.getBranchBase (/opt/vscodium-bin/resources/app/extensions/git/dist/main.js:2:1020798)
	at async t.GitHistoryProvider.resolveHEADMergeBase (/opt/vscodium-bin/resources/app/extensions/git/dist/main.js:2:948359)
	at async t.GitHistoryProvider.onDidRunGitStatus (/opt/vscodium-bin/resources/app/extensions/git/dist/main.js:2:941686)
2024-09-17 19:08:20.471 [error] Error: No such branch: master.
	at N.getBranch (/opt/vscodium-bin/resources/app/extensions/git/dist/main.js:2:937064)
	at async T.retryRun (/opt/vscodium-bin/resources/app/extensions/git/dist/main.js:2:1032765)
	at async T.run (/opt/vscodium-bin/resources/app/extensions/git/dist/main.js:2:1032369)
	at async T.getBranch (/opt/vscodium-bin/resources/app/extensions/git/dist/main.js:2:1020512)
	at async T.getBranchBase (/opt/vscodium-bin/resources/app/extensions/git/dist/main.js:2:1020798)
	at async t.GitHistoryProvider.resolveHEADMergeBase (/opt/vscodium-bin/resources/app/extensions/git/dist/main.js:2:948359)
	at async t.GitHistoryProvider.onDidRunGitStatus (/opt/vscodium-bin/resources/app/extensions/git/dist/main.js:2:941686)
2024-09-17 19:08:32.175 [error] Error: No such branch: master.
	at N.getBranch (/opt/vscodium-bin/resources/app/extensions/git/dist/main.js:2:937064)
	at async T.retryRun (/opt/vscodium-bin/resources/app/extensions/git/dist/main.js:2:1032765)
	at async T.run (/opt/vscodium-bin/resources/app/extensions/git/dist/main.js:2:1032369)
	at async T.getBranch (/opt/vscodium-bin/resources/app/extensions/git/dist/main.js:2:1020512)
	at async T.getBranchBase (/opt/vscodium-bin/resources/app/extensions/git/dist/main.js:2:1020798)
	at async t.GitHistoryProvider.resolveHEADMergeBase (/opt/vscodium-bin/resources/app/extensions/git/dist/main.js:2:948359)
	at async t.GitHistoryProvider.onDidRunGitStatus (/opt/vscodium-bin/resources/app/extensions/git/dist/main.js:2:941686)
2024-09-17 19:08:37.198 [error] Error: No such branch: master.
	at N.getBranch (/opt/vscodium-bin/resources/app/extensions/git/dist/main.js:2:937064)
	at async T.retryRun (/opt/vscodium-bin/resources/app/extensions/git/dist/main.js:2:1032765)
	at async T.run (/opt/vscodium-bin/resources/app/extensions/git/dist/main.js:2:1032369)
	at async T.getBranch (/opt/vscodium-bin/resources/app/extensions/git/dist/main.js:2:1020512)
	at async T.getBranchBase (/opt/vscodium-bin/resources/app/extensions/git/dist/main.js:2:1020798)
	at async t.GitHistoryProvider.resolveHEADMergeBase (/opt/vscodium-bin/resources/app/extensions/git/dist/main.js:2:948359)
	at async t.GitHistoryProvider.onDidRunGitStatus (/opt/vscodium-bin/resources/app/extensions/git/dist/main.js:2:941686)
2024-09-17 19:08:42.219 [error] Error: No such branch: master.
	at N.getBranch (/opt/vscodium-bin/resources/app/extensions/git/dist/main.js:2:937064)
	at async T.retryRun (/opt/vscodium-bin/resources/app/extensions/git/dist/main.js:2:1032765)
	at async T.run (/opt/vscodium-bin/resources/app/extensions/git/dist/main.js:2:1032369)
	at async T.getBranch (/opt/vscodium-bin/resources/app/extensions/git/dist/main.js:2:1020512)
	at async T.getBranchBase (/opt/vscodium-bin/resources/app/extensions/git/dist/main.js:2:1020798)
	at async t.GitHistoryProvider.resolveHEADMergeBase (/opt/vscodium-bin/resources/app/extensions/git/dist/main.js:2:948359)
	at async t.GitHistoryProvider.onDidRunGitStatus (/opt/vscodium-bin/resources/app/extensions/git/dist/main.js:2:941686)
2024-09-17 19:09:01.202 [error] Error: No such branch: master.
	at N.getBranch (/opt/vscodium-bin/resources/app/extensions/git/dist/main.js:2:937064)
	at async T.retryRun (/opt/vscodium-bin/resources/app/extensions/git/dist/main.js:2:1032765)
	at async T.run (/opt/vscodium-bin/resources/app/extensions/git/dist/main.js:2:1032369)
	at async T.getBranch (/opt/vscodium-bin/resources/app/extensions/git/dist/main.js:2:1020512)
	at async T.getBranchBase (/opt/vscodium-bin/resources/app/extensions/git/dist/main.js:2:1020798)
	at async t.GitHistoryProvider.resolveHEADMergeBase (/opt/vscodium-bin/resources/app/extensions/git/dist/main.js:2:948359)
	at async t.GitHistoryProvider.onDidRunGitStatus (/opt/vscodium-bin/resources/app/extensions/git/dist/main.js:2:941686)
2024-09-17 19:10:04.224 [error] Error: No such branch: master.
	at N.getBranch (/opt/vscodium-bin/resources/app/extensions/git/dist/main.js:2:937064)
	at async T.retryRun (/opt/vscodium-bin/resources/app/extensions/git/dist/main.js:2:1032765)
	at async T.run (/opt/vscodium-bin/resources/app/extensions/git/dist/main.js:2:1032369)
	at async T.getBranch (/opt/vscodium-bin/resources/app/extensions/git/dist/main.js:2:1020512)
	at async T.getBranchBase (/opt/vscodium-bin/resources/app/extensions/git/dist/main.js:2:1020798)
	at async t.GitHistoryProvider.resolveHEADMergeBase (/opt/vscodium-bin/resources/app/extensions/git/dist/main.js:2:948359)
	at async t.GitHistoryProvider.onDidRunGitStatus (/opt/vscodium-bin/resources/app/extensions/git/dist/main.js:2:941686)
2024-09-17 19:12:32.419 [error] Error: No such branch: master.
	at N.getBranch (/opt/vscodium-bin/resources/app/extensions/git/dist/main.js:2:937064)
	at async T.retryRun (/opt/vscodium-bin/resources/app/extensions/git/dist/main.js:2:1032765)
	at async T.run (/opt/vscodium-bin/resources/app/extensions/git/dist/main.js:2:1032369)
	at async T.getBranch (/opt/vscodium-bin/resources/app/extensions/git/dist/main.js:2:1020512)
	at async T.getBranchBase (/opt/vscodium-bin/resources/app/extensions/git/dist/main.js:2:1020798)
	at async t.GitHistoryProvider.resolveHEADMergeBase (/opt/vscodium-bin/resources/app/extensions/git/dist/main.js:2:948359)
	at async t.GitHistoryProvider.onDidRunGitStatus (/opt/vscodium-bin/resources/app/extensions/git/dist/main.js:2:941686)
2024-09-17 19:12:39.812 [error] Error: No such branch: master.
	at N.getBranch (/opt/vscodium-bin/resources/app/extensions/git/dist/main.js:2:937064)
	at async T.retryRun (/opt/vscodium-bin/resources/app/extensions/git/dist/main.js:2:1032765)
	at async T.run (/opt/vscodium-bin/resources/app/extensions/git/dist/main.js:2:1032369)
	at async T.getBranch (/opt/vscodium-bin/resources/app/extensions/git/dist/main.js:2:1020512)
	at async T.getBranchBase (/opt/vscodium-bin/resources/app/extensions/git/dist/main.js:2:1020798)
	at async t.GitHistoryProvider.resolveHEADMergeBase (/opt/vscodium-bin/resources/app/extensions/git/dist/main.js:2:948359)
	at async t.GitHistoryProvider.onDidRunGitStatus (/opt/vscodium-bin/resources/app/extensions/git/dist/main.js:2:941686)
2024-09-17 19:12:59.090 [error] Error: No such branch: master.
	at N.getBranch (/opt/vscodium-bin/resources/app/extensions/git/dist/main.js:2:937064)
	at process.processTicksAndRejections (node:internal/process/task_queues:95:5)
	at async T.retryRun (/opt/vscodium-bin/resources/app/extensions/git/dist/main.js:2:1032765)
	at async T.run (/opt/vscodium-bin/resources/app/extensions/git/dist/main.js:2:1032369)
	at async T.getBranch (/opt/vscodium-bin/resources/app/extensions/git/dist/main.js:2:1020512)
	at async T.getBranchBase (/opt/vscodium-bin/resources/app/extensions/git/dist/main.js:2:1020798)
	at async t.GitHistoryProvider.resolveHEADMergeBase (/opt/vscodium-bin/resources/app/extensions/git/dist/main.js:2:948359)
	at async t.GitHistoryProvider.onDidRunGitStatus (/opt/vscodium-bin/resources/app/extensions/git/dist/main.js:2:941686)
2024-09-17 19:13:04.109 [error] Error: No such branch: master.
	at N.getBranch (/opt/vscodium-bin/resources/app/extensions/git/dist/main.js:2:937064)
	at async T.retryRun (/opt/vscodium-bin/resources/app/extensions/git/dist/main.js:2:1032765)
	at async T.run (/opt/vscodium-bin/resources/app/extensions/git/dist/main.js:2:1032369)
	at async T.getBranch (/opt/vscodium-bin/resources/app/extensions/git/dist/main.js:2:1020512)
	at async T.getBranchBase (/opt/vscodium-bin/resources/app/extensions/git/dist/main.js:2:1020798)
	at async t.GitHistoryProvider.resolveHEADMergeBase (/opt/vscodium-bin/resources/app/extensions/git/dist/main.js:2:948359)
	at async t.GitHistoryProvider.onDidRunGitStatus (/opt/vscodium-bin/resources/app/extensions/git/dist/main.js:2:941686)
2024-09-17 19:13:09.132 [error] Error: No such branch: master.
	at N.getBranch (/opt/vscodium-bin/resources/app/extensions/git/dist/main.js:2:937064)
	at async T.retryRun (/opt/vscodium-bin/resources/app/extensions/git/dist/main.js:2:1032765)
	at async T.run (/opt/vscodium-bin/resources/app/extensions/git/dist/main.js:2:1032369)
	at async T.getBranch (/opt/vscodium-bin/resources/app/extensions/git/dist/main.js:2:1020512)
	at async T.getBranchBase (/opt/vscodium-bin/resources/app/extensions/git/dist/main.js:2:1020798)
	at async t.GitHistoryProvider.resolveHEADMergeBase (/opt/vscodium-bin/resources/app/extensions/git/dist/main.js:2:948359)
	at async t.GitHistoryProvider.onDidRunGitStatus (/opt/vscodium-bin/resources/app/extensions/git/dist/main.js:2:941686)
2024-09-17 19:13:33.261 [error] Error: No such branch: master.
	at N.getBranch (/opt/vscodium-bin/resources/app/extensions/git/dist/main.js:2:937064)
	at async T.retryRun (/opt/vscodium-bin/resources/app/extensions/git/dist/main.js:2:1032765)
	at async T.run (/opt/vscodium-bin/resources/app/extensions/git/dist/main.js:2:1032369)
	at async T.getBranch (/opt/vscodium-bin/resources/app/extensions/git/dist/main.js:2:1020512)
	at async T.getBranchBase (/opt/vscodium-bin/resources/app/extensions/git/dist/main.js:2:1020798)
	at async t.GitHistoryProvider.resolveHEADMergeBase (/opt/vscodium-bin/resources/app/extensions/git/dist/main.js:2:948359)
	at async t.GitHistoryProvider.onDidRunGitStatus (/opt/vscodium-bin/resources/app/extensions/git/dist/main.js:2:941686)
2024-09-17 19:13:38.280 [error] Error: No such branch: master.
	at N.getBranch (/opt/vscodium-bin/resources/app/extensions/git/dist/main.js:2:937064)
	at async T.retryRun (/opt/vscodium-bin/resources/app/extensions/git/dist/main.js:2:1032765)
	at async T.run (/opt/vscodium-bin/resources/app/extensions/git/dist/main.js:2:1032369)
	at async T.getBranch (/opt/vscodium-bin/resources/app/extensions/git/dist/main.js:2:1020512)
	at async T.getBranchBase (/opt/vscodium-bin/resources/app/extensions/git/dist/main.js:2:1020798)
	at async t.GitHistoryProvider.resolveHEADMergeBase (/opt/vscodium-bin/resources/app/extensions/git/dist/main.js:2:948359)
	at async t.GitHistoryProvider.onDidRunGitStatus (/opt/vscodium-bin/resources/app/extensions/git/dist/main.js:2:941686)
2024-09-17 19:13:43.304 [error] Error: No such branch: master.
	at N.getBranch (/opt/vscodium-bin/resources/app/extensions/git/dist/main.js:2:937064)
	at async T.retryRun (/opt/vscodium-bin/resources/app/extensions/git/dist/main.js:2:1032765)
	at async T.run (/opt/vscodium-bin/resources/app/extensions/git/dist/main.js:2:1032369)
	at async T.getBranch (/opt/vscodium-bin/resources/app/extensions/git/dist/main.js:2:1020512)
	at async T.getBranchBase (/opt/vscodium-bin/resources/app/extensions/git/dist/main.js:2:1020798)
	at async t.GitHistoryProvider.resolveHEADMergeBase (/opt/vscodium-bin/resources/app/extensions/git/dist/main.js:2:948359)
	at async t.GitHistoryProvider.onDidRunGitStatus (/opt/vscodium-bin/resources/app/extensions/git/dist/main.js:2:941686)
2024-09-17 19:16:30.251 [error] Error: No such branch: master.
	at N.getBranch (/opt/vscodium-bin/resources/app/extensions/git/dist/main.js:2:937064)
	at async T.retryRun (/opt/vscodium-bin/resources/app/extensions/git/dist/main.js:2:1032765)
	at async T.run (/opt/vscodium-bin/resources/app/extensions/git/dist/main.js:2:1032369)
	at async T.getBranch (/opt/vscodium-bin/resources/app/extensions/git/dist/main.js:2:1020512)
	at async T.getBranchBase (/opt/vscodium-bin/resources/app/extensions/git/dist/main.js:2:1020798)
	at async t.GitHistoryProvider.resolveHEADMergeBase (/opt/vscodium-bin/resources/app/extensions/git/dist/main.js:2:948359)
	at async t.GitHistoryProvider.onDidRunGitStatus (/opt/vscodium-bin/resources/app/extensions/git/dist/main.js:2:941686)
2024-09-17 19:16:49.196 [error] Error: No such branch: master.
	at N.getBranch (/opt/vscodium-bin/resources/app/extensions/git/dist/main.js:2:937064)
	at async T.retryRun (/opt/vscodium-bin/resources/app/extensions/git/dist/main.js:2:1032765)
	at async T.run (/opt/vscodium-bin/resources/app/extensions/git/dist/main.js:2:1032369)
	at async T.getBranch (/opt/vscodium-bin/resources/app/extensions/git/dist/main.js:2:1020512)
	at async T.getBranchBase (/opt/vscodium-bin/resources/app/extensions/git/dist/main.js:2:1020798)
	at async t.GitHistoryProvider.resolveHEADMergeBase (/opt/vscodium-bin/resources/app/extensions/git/dist/main.js:2:948359)
	at async t.GitHistoryProvider.onDidRunGitStatus (/opt/vscodium-bin/resources/app/extensions/git/dist/main.js:2:941686)
2024-09-17 19:16:54.216 [error] Error: No such branch: master.
	at N.getBranch (/opt/vscodium-bin/resources/app/extensions/git/dist/main.js:2:937064)
	at async T.retryRun (/opt/vscodium-bin/resources/app/extensions/git/dist/main.js:2:1032765)
	at async T.run (/opt/vscodium-bin/resources/app/extensions/git/dist/main.js:2:1032369)
	at async T.getBranch (/opt/vscodium-bin/resources/app/extensions/git/dist/main.js:2:1020512)
	at async T.getBranchBase (/opt/vscodium-bin/resources/app/extensions/git/dist/main.js:2:1020798)
	at async t.GitHistoryProvider.resolveHEADMergeBase (/opt/vscodium-bin/resources/app/extensions/git/dist/main.js:2:948359)
	at async t.GitHistoryProvider.onDidRunGitStatus (/opt/vscodium-bin/resources/app/extensions/git/dist/main.js:2:941686)
2024-09-17 19:16:59.236 [error] Error: No such branch: master.
	at N.getBranch (/opt/vscodium-bin/resources/app/extensions/git/dist/main.js:2:937064)
	at async T.retryRun (/opt/vscodium-bin/resources/app/extensions/git/dist/main.js:2:1032765)
	at async T.run (/opt/vscodium-bin/resources/app/extensions/git/dist/main.js:2:1032369)
	at async T.getBranch (/opt/vscodium-bin/resources/app/extensions/git/dist/main.js:2:1020512)
	at async T.getBranchBase (/opt/vscodium-bin/resources/app/extensions/git/dist/main.js:2:1020798)
	at async t.GitHistoryProvider.resolveHEADMergeBase (/opt/vscodium-bin/resources/app/extensions/git/dist/main.js:2:948359)
	at async t.GitHistoryProvider.onDidRunGitStatus (/opt/vscodium-bin/resources/app/extensions/git/dist/main.js:2:941686)
2024-09-17 19:17:04.256 [error] Error: No such branch: master.
	at N.getBranch (/opt/vscodium-bin/resources/app/extensions/git/dist/main.js:2:937064)
	at async T.retryRun (/opt/vscodium-bin/resources/app/extensions/git/dist/main.js:2:1032765)
	at async T.run (/opt/vscodium-bin/resources/app/extensions/git/dist/main.js:2:1032369)
	at async T.getBranch (/opt/vscodium-bin/resources/app/extensions/git/dist/main.js:2:1020512)
	at async T.getBranchBase (/opt/vscodium-bin/resources/app/extensions/git/dist/main.js:2:1020798)
	at async t.GitHistoryProvider.resolveHEADMergeBase (/opt/vscodium-bin/resources/app/extensions/git/dist/main.js:2:948359)
	at async t.GitHistoryProvider.onDidRunGitStatus (/opt/vscodium-bin/resources/app/extensions/git/dist/main.js:2:941686)
2024-09-17 19:18:48.011 [error] Error: No such branch: master.
	at N.getBranch (/opt/vscodium-bin/resources/app/extensions/git/dist/main.js:2:937064)
	at async T.retryRun (/opt/vscodium-bin/resources/app/extensions/git/dist/main.js:2:1032765)
	at async T.run (/opt/vscodium-bin/resources/app/extensions/git/dist/main.js:2:1032369)
	at async T.getBranch (/opt/vscodium-bin/resources/app/extensions/git/dist/main.js:2:1020512)
	at async T.getBranchBase (/opt/vscodium-bin/resources/app/extensions/git/dist/main.js:2:1020798)
	at async t.GitHistoryProvider.resolveHEADMergeBase (/opt/vscodium-bin/resources/app/extensions/git/dist/main.js:2:948359)
	at async t.GitHistoryProvider.onDidRunGitStatus (/opt/vscodium-bin/resources/app/extensions/git/dist/main.js:2:941686)
2024-09-17 19:19:04.546 [error] Error: No such branch: master.
	at N.getBranch (/opt/vscodium-bin/resources/app/extensions/git/dist/main.js:2:937064)
	at async T.retryRun (/opt/vscodium-bin/resources/app/extensions/git/dist/main.js:2:1032765)
	at async T.run (/opt/vscodium-bin/resources/app/extensions/git/dist/main.js:2:1032369)
	at async T.getBranch (/opt/vscodium-bin/resources/app/extensions/git/dist/main.js:2:1020512)
	at async T.getBranchBase (/opt/vscodium-bin/resources/app/extensions/git/dist/main.js:2:1020798)
	at async t.GitHistoryProvider.resolveHEADMergeBase (/opt/vscodium-bin/resources/app/extensions/git/dist/main.js:2:948359)
	at async t.GitHistoryProvider.onDidRunGitStatus (/opt/vscodium-bin/resources/app/extensions/git/dist/main.js:2:941686)
2024-09-17 19:19:10.768 [error] Error: No such branch: master.
	at N.getBranch (/opt/vscodium-bin/resources/app/extensions/git/dist/main.js:2:937064)
	at async T.retryRun (/opt/vscodium-bin/resources/app/extensions/git/dist/main.js:2:1032765)
	at async T.run (/opt/vscodium-bin/resources/app/extensions/git/dist/main.js:2:1032369)
	at async T.getBranch (/opt/vscodium-bin/resources/app/extensions/git/dist/main.js:2:1020512)
	at async T.getBranchBase (/opt/vscodium-bin/resources/app/extensions/git/dist/main.js:2:1020798)
	at async t.GitHistoryProvider.resolveHEADMergeBase (/opt/vscodium-bin/resources/app/extensions/git/dist/main.js:2:948359)
	at async t.GitHistoryProvider.onDidRunGitStatus (/opt/vscodium-bin/resources/app/extensions/git/dist/main.js:2:941686)
2024-09-17 19:19:15.787 [error] Error: No such branch: master.
	at N.getBranch (/opt/vscodium-bin/resources/app/extensions/git/dist/main.js:2:937064)
	at async T.retryRun (/opt/vscodium-bin/resources/app/extensions/git/dist/main.js:2:1032765)
	at async T.run (/opt/vscodium-bin/resources/app/extensions/git/dist/main.js:2:1032369)
	at async T.getBranch (/opt/vscodium-bin/resources/app/extensions/git/dist/main.js:2:1020512)
	at async T.getBranchBase (/opt/vscodium-bin/resources/app/extensions/git/dist/main.js:2:1020798)
	at async t.GitHistoryProvider.resolveHEADMergeBase (/opt/vscodium-bin/resources/app/extensions/git/dist/main.js:2:948359)
	at async t.GitHistoryProvider.onDidRunGitStatus (/opt/vscodium-bin/resources/app/extensions/git/dist/main.js:2:941686)
2024-09-17 19:19:20.812 [error] Error: No such branch: master.
	at N.getBranch (/opt/vscodium-bin/resources/app/extensions/git/dist/main.js:2:937064)
	at async T.retryRun (/opt/vscodium-bin/resources/app/extensions/git/dist/main.js:2:1032765)
	at async T.run (/opt/vscodium-bin/resources/app/extensions/git/dist/main.js:2:1032369)
	at async T.getBranch (/opt/vscodium-bin/resources/app/extensions/git/dist/main.js:2:1020512)
	at async T.getBranchBase (/opt/vscodium-bin/resources/app/extensions/git/dist/main.js:2:1020798)
	at async t.GitHistoryProvider.resolveHEADMergeBase (/opt/vscodium-bin/resources/app/extensions/git/dist/main.js:2:948359)
	at async t.GitHistoryProvider.onDidRunGitStatus (/opt/vscodium-bin/resources/app/extensions/git/dist/main.js:2:941686)
2024-09-17 19:19:41.651 [error] Error: No such branch: master.
	at N.getBranch (/opt/vscodium-bin/resources/app/extensions/git/dist/main.js:2:937064)
	at async T.retryRun (/opt/vscodium-bin/resources/app/extensions/git/dist/main.js:2:1032765)
	at async T.run (/opt/vscodium-bin/resources/app/extensions/git/dist/main.js:2:1032369)
	at async T.getBranch (/opt/vscodium-bin/resources/app/extensions/git/dist/main.js:2:1020512)
	at async T.getBranchBase (/opt/vscodium-bin/resources/app/extensions/git/dist/main.js:2:1020798)
	at async t.GitHistoryProvider.resolveHEADMergeBase (/opt/vscodium-bin/resources/app/extensions/git/dist/main.js:2:948359)
	at async t.GitHistoryProvider.onDidRunGitStatus (/opt/vscodium-bin/resources/app/extensions/git/dist/main.js:2:941686)
2024-09-17 19:19:46.927 [error] Error: No such branch: master.
	at N.getBranch (/opt/vscodium-bin/resources/app/extensions/git/dist/main.js:2:937064)
	at async T.retryRun (/opt/vscodium-bin/resources/app/extensions/git/dist/main.js:2:1032765)
	at async T.run (/opt/vscodium-bin/resources/app/extensions/git/dist/main.js:2:1032369)
	at async T.getBranch (/opt/vscodium-bin/resources/app/extensions/git/dist/main.js:2:1020512)
	at async T.getBranchBase (/opt/vscodium-bin/resources/app/extensions/git/dist/main.js:2:1020798)
	at async t.GitHistoryProvider.resolveHEADMergeBase (/opt/vscodium-bin/resources/app/extensions/git/dist/main.js:2:948359)
	at async t.GitHistoryProvider.onDidRunGitStatus (/opt/vscodium-bin/resources/app/extensions/git/dist/main.js:2:941686)
2024-09-17 19:19:51.948 [error] Error: No such branch: master.
	at N.getBranch (/opt/vscodium-bin/resources/app/extensions/git/dist/main.js:2:937064)
	at async T.retryRun (/opt/vscodium-bin/resources/app/extensions/git/dist/main.js:2:1032765)
	at async T.run (/opt/vscodium-bin/resources/app/extensions/git/dist/main.js:2:1032369)
	at async T.getBranch (/opt/vscodium-bin/resources/app/extensions/git/dist/main.js:2:1020512)
	at async T.getBranchBase (/opt/vscodium-bin/resources/app/extensions/git/dist/main.js:2:1020798)
	at async t.GitHistoryProvider.resolveHEADMergeBase (/opt/vscodium-bin/resources/app/extensions/git/dist/main.js:2:948359)
	at async t.GitHistoryProvider.onDidRunGitStatus (/opt/vscodium-bin/resources/app/extensions/git/dist/main.js:2:941686)
2024-09-17 19:19:56.971 [error] Error: No such branch: master.
	at N.getBranch (/opt/vscodium-bin/resources/app/extensions/git/dist/main.js:2:937064)
	at async T.retryRun (/opt/vscodium-bin/resources/app/extensions/git/dist/main.js:2:1032765)
	at async T.run (/opt/vscodium-bin/resources/app/extensions/git/dist/main.js:2:1032369)
	at async T.getBranch (/opt/vscodium-bin/resources/app/extensions/git/dist/main.js:2:1020512)
	at async T.getBranchBase (/opt/vscodium-bin/resources/app/extensions/git/dist/main.js:2:1020798)
	at async t.GitHistoryProvider.resolveHEADMergeBase (/opt/vscodium-bin/resources/app/extensions/git/dist/main.js:2:948359)
	at async t.GitHistoryProvider.onDidRunGitStatus (/opt/vscodium-bin/resources/app/extensions/git/dist/main.js:2:941686)
2024-09-17 19:21:39.733 [error] Error: No such branch: master.
	at N.getBranch (/opt/vscodium-bin/resources/app/extensions/git/dist/main.js:2:937064)
	at async T.retryRun (/opt/vscodium-bin/resources/app/extensions/git/dist/main.js:2:1032765)
	at async T.run (/opt/vscodium-bin/resources/app/extensions/git/dist/main.js:2:1032369)
	at async T.getBranch (/opt/vscodium-bin/resources/app/extensions/git/dist/main.js:2:1020512)
	at async T.getBranchBase (/opt/vscodium-bin/resources/app/extensions/git/dist/main.js:2:1020798)
	at async t.GitHistoryProvider.resolveHEADMergeBase (/opt/vscodium-bin/resources/app/extensions/git/dist/main.js:2:948359)
	at async t.GitHistoryProvider.onDidRunGitStatus (/opt/vscodium-bin/resources/app/extensions/git/dist/main.js:2:941686)
2024-09-17 19:22:06.245 [error] Error: No such branch: master.
	at N.getBranch (/opt/vscodium-bin/resources/app/extensions/git/dist/main.js:2:937064)
	at async T.retryRun (/opt/vscodium-bin/resources/app/extensions/git/dist/main.js:2:1032765)
	at async T.run (/opt/vscodium-bin/resources/app/extensions/git/dist/main.js:2:1032369)
	at async T.getBranch (/opt/vscodium-bin/resources/app/extensions/git/dist/main.js:2:1020512)
	at async T.getBranchBase (/opt/vscodium-bin/resources/app/extensions/git/dist/main.js:2:1020798)
	at async t.GitHistoryProvider.resolveHEADMergeBase (/opt/vscodium-bin/resources/app/extensions/git/dist/main.js:2:948359)
	at async t.GitHistoryProvider.onDidRunGitStatus (/opt/vscodium-bin/resources/app/extensions/git/dist/main.js:2:941686)
2024-09-17 19:22:19.340 [error] Error: No such branch: master.
	at N.getBranch (/opt/vscodium-bin/resources/app/extensions/git/dist/main.js:2:937064)
	at async T.retryRun (/opt/vscodium-bin/resources/app/extensions/git/dist/main.js:2:1032765)
	at async T.run (/opt/vscodium-bin/resources/app/extensions/git/dist/main.js:2:1032369)
	at async T.getBranch (/opt/vscodium-bin/resources/app/extensions/git/dist/main.js:2:1020512)
	at async T.getBranchBase (/opt/vscodium-bin/resources/app/extensions/git/dist/main.js:2:1020798)
	at async t.GitHistoryProvider.resolveHEADMergeBase (/opt/vscodium-bin/resources/app/extensions/git/dist/main.js:2:948359)
	at async t.GitHistoryProvider.onDidRunGitStatus (/opt/vscodium-bin/resources/app/extensions/git/dist/main.js:2:941686)
2024-09-17 19:23:45.735 [error] Error: INVALID code lens resolved, lacks command: rust-lang.rust-analyzer
	at c.resolveCodeLens (/opt/vscodium-bin/resources/app/out/vs/workbench/api/node/extensionHostProcess.js:161:119835)
2024-09-17 19:23:55.291 [error] Error: No such branch: master.
	at N.getBranch (/opt/vscodium-bin/resources/app/extensions/git/dist/main.js:2:937064)
	at async T.retryRun (/opt/vscodium-bin/resources/app/extensions/git/dist/main.js:2:1032765)
	at async T.run (/opt/vscodium-bin/resources/app/extensions/git/dist/main.js:2:1032369)
	at async T.getBranch (/opt/vscodium-bin/resources/app/extensions/git/dist/main.js:2:1020512)
	at async T.getBranchBase (/opt/vscodium-bin/resources/app/extensions/git/dist/main.js:2:1020798)
	at async t.GitHistoryProvider.resolveHEADMergeBase (/opt/vscodium-bin/resources/app/extensions/git/dist/main.js:2:948359)
	at async t.GitHistoryProvider.onDidRunGitStatus (/opt/vscodium-bin/resources/app/extensions/git/dist/main.js:2:941686)
2024-09-17 19:24:38.787 [error] Error: No such branch: master.
	at N.getBranch (/opt/vscodium-bin/resources/app/extensions/git/dist/main.js:2:937064)
	at async T.retryRun (/opt/vscodium-bin/resources/app/extensions/git/dist/main.js:2:1032765)
	at async T.run (/opt/vscodium-bin/resources/app/extensions/git/dist/main.js:2:1032369)
	at async T.getBranch (/opt/vscodium-bin/resources/app/extensions/git/dist/main.js:2:1020512)
	at async T.getBranchBase (/opt/vscodium-bin/resources/app/extensions/git/dist/main.js:2:1020798)
	at async t.GitHistoryProvider.resolveHEADMergeBase (/opt/vscodium-bin/resources/app/extensions/git/dist/main.js:2:948359)
	at async t.GitHistoryProvider.onDidRunGitStatus (/opt/vscodium-bin/resources/app/extensions/git/dist/main.js:2:941686)
2024-09-17 19:24:43.851 [error] Error: No such branch: master.
	at N.getBranch (/opt/vscodium-bin/resources/app/extensions/git/dist/main.js:2:937064)
	at async T.retryRun (/opt/vscodium-bin/resources/app/extensions/git/dist/main.js:2:1032765)
	at async T.run (/opt/vscodium-bin/resources/app/extensions/git/dist/main.js:2:1032369)
	at async T.getBranch (/opt/vscodium-bin/resources/app/extensions/git/dist/main.js:2:1020512)
	at async T.getBranchBase (/opt/vscodium-bin/resources/app/extensions/git/dist/main.js:2:1020798)
	at async t.GitHistoryProvider.resolveHEADMergeBase (/opt/vscodium-bin/resources/app/extensions/git/dist/main.js:2:948359)
	at async t.GitHistoryProvider.onDidRunGitStatus (/opt/vscodium-bin/resources/app/extensions/git/dist/main.js:2:941686)
2024-09-17 19:24:53.343 [error] Error: No such branch: master.
	at N.getBranch (/opt/vscodium-bin/resources/app/extensions/git/dist/main.js:2:937064)
	at async T.retryRun (/opt/vscodium-bin/resources/app/extensions/git/dist/main.js:2:1032765)
	at async T.run (/opt/vscodium-bin/resources/app/extensions/git/dist/main.js:2:1032369)
	at async T.getBranch (/opt/vscodium-bin/resources/app/extensions/git/dist/main.js:2:1020512)
	at async T.getBranchBase (/opt/vscodium-bin/resources/app/extensions/git/dist/main.js:2:1020798)
	at async t.GitHistoryProvider.resolveHEADMergeBase (/opt/vscodium-bin/resources/app/extensions/git/dist/main.js:2:948359)
	at async t.GitHistoryProvider.onDidRunGitStatus (/opt/vscodium-bin/resources/app/extensions/git/dist/main.js:2:941686)
2024-09-17 19:24:58.365 [error] Error: No such branch: master.
	at N.getBranch (/opt/vscodium-bin/resources/app/extensions/git/dist/main.js:2:937064)
	at async T.retryRun (/opt/vscodium-bin/resources/app/extensions/git/dist/main.js:2:1032765)
	at async T.run (/opt/vscodium-bin/resources/app/extensions/git/dist/main.js:2:1032369)
	at async T.getBranch (/opt/vscodium-bin/resources/app/extensions/git/dist/main.js:2:1020512)
	at async T.getBranchBase (/opt/vscodium-bin/resources/app/extensions/git/dist/main.js:2:1020798)
	at async t.GitHistoryProvider.resolveHEADMergeBase (/opt/vscodium-bin/resources/app/extensions/git/dist/main.js:2:948359)
	at async t.GitHistoryProvider.onDidRunGitStatus (/opt/vscodium-bin/resources/app/extensions/git/dist/main.js:2:941686)
2024-09-17 19:25:03.390 [error] Error: No such branch: master.
	at N.getBranch (/opt/vscodium-bin/resources/app/extensions/git/dist/main.js:2:937064)
	at async T.retryRun (/opt/vscodium-bin/resources/app/extensions/git/dist/main.js:2:1032765)
	at async T.run (/opt/vscodium-bin/resources/app/extensions/git/dist/main.js:2:1032369)
	at async T.getBranch (/opt/vscodium-bin/resources/app/extensions/git/dist/main.js:2:1020512)
	at async T.getBranchBase (/opt/vscodium-bin/resources/app/extensions/git/dist/main.js:2:1020798)
	at async t.GitHistoryProvider.resolveHEADMergeBase (/opt/vscodium-bin/resources/app/extensions/git/dist/main.js:2:948359)
	at async t.GitHistoryProvider.onDidRunGitStatus (/opt/vscodium-bin/resources/app/extensions/git/dist/main.js:2:941686)
2024-09-17 19:25:11.840 [error] Error: No such branch: master.
	at N.getBranch (/opt/vscodium-bin/resources/app/extensions/git/dist/main.js:2:937064)
	at async T.retryRun (/opt/vscodium-bin/resources/app/extensions/git/dist/main.js:2:1032765)
	at async T.run (/opt/vscodium-bin/resources/app/extensions/git/dist/main.js:2:1032369)
	at async T.getBranch (/opt/vscodium-bin/resources/app/extensions/git/dist/main.js:2:1020512)
	at async T.getBranchBase (/opt/vscodium-bin/resources/app/extensions/git/dist/main.js:2:1020798)
	at async t.GitHistoryProvider.resolveHEADMergeBase (/opt/vscodium-bin/resources/app/extensions/git/dist/main.js:2:948359)
	at async t.GitHistoryProvider.onDidRunGitStatus (/opt/vscodium-bin/resources/app/extensions/git/dist/main.js:2:941686)
2024-09-17 19:25:16.863 [error] Error: No such branch: master.
	at N.getBranch (/opt/vscodium-bin/resources/app/extensions/git/dist/main.js:2:937064)
	at async T.retryRun (/opt/vscodium-bin/resources/app/extensions/git/dist/main.js:2:1032765)
	at async T.run (/opt/vscodium-bin/resources/app/extensions/git/dist/main.js:2:1032369)
	at async T.getBranch (/opt/vscodium-bin/resources/app/extensions/git/dist/main.js:2:1020512)
	at async T.getBranchBase (/opt/vscodium-bin/resources/app/extensions/git/dist/main.js:2:1020798)
	at async t.GitHistoryProvider.resolveHEADMergeBase (/opt/vscodium-bin/resources/app/extensions/git/dist/main.js:2:948359)
	at async t.GitHistoryProvider.onDidRunGitStatus (/opt/vscodium-bin/resources/app/extensions/git/dist/main.js:2:941686)
2024-09-17 19:27:39.095 [error] Error: No such branch: master.
	at N.getBranch (/opt/vscodium-bin/resources/app/extensions/git/dist/main.js:2:937064)
	at async T.retryRun (/opt/vscodium-bin/resources/app/extensions/git/dist/main.js:2:1032765)
	at async T.run (/opt/vscodium-bin/resources/app/extensions/git/dist/main.js:2:1032369)
	at async T.getBranch (/opt/vscodium-bin/resources/app/extensions/git/dist/main.js:2:1020512)
	at async T.getBranchBase (/opt/vscodium-bin/resources/app/extensions/git/dist/main.js:2:1020798)
	at async t.GitHistoryProvider.resolveHEADMergeBase (/opt/vscodium-bin/resources/app/extensions/git/dist/main.js:2:948359)
	at async t.GitHistoryProvider.onDidRunGitStatus (/opt/vscodium-bin/resources/app/extensions/git/dist/main.js:2:941686)
2024-09-17 19:27:45.182 [error] Error: No such branch: master.
	at N.getBranch (/opt/vscodium-bin/resources/app/extensions/git/dist/main.js:2:937064)
	at async T.retryRun (/opt/vscodium-bin/resources/app/extensions/git/dist/main.js:2:1032765)
	at async T.run (/opt/vscodium-bin/resources/app/extensions/git/dist/main.js:2:1032369)
	at async T.getBranch (/opt/vscodium-bin/resources/app/extensions/git/dist/main.js:2:1020512)
	at async T.getBranchBase (/opt/vscodium-bin/resources/app/extensions/git/dist/main.js:2:1020798)
	at async t.GitHistoryProvider.resolveHEADMergeBase (/opt/vscodium-bin/resources/app/extensions/git/dist/main.js:2:948359)
	at async t.GitHistoryProvider.onDidRunGitStatus (/opt/vscodium-bin/resources/app/extensions/git/dist/main.js:2:941686)
2024-09-17 19:27:50.203 [error] Error: No such branch: master.
	at N.getBranch (/opt/vscodium-bin/resources/app/extensions/git/dist/main.js:2:937064)
	at async T.retryRun (/opt/vscodium-bin/resources/app/extensions/git/dist/main.js:2:1032765)
	at async T.run (/opt/vscodium-bin/resources/app/extensions/git/dist/main.js:2:1032369)
	at async T.getBranch (/opt/vscodium-bin/resources/app/extensions/git/dist/main.js:2:1020512)
	at async T.getBranchBase (/opt/vscodium-bin/resources/app/extensions/git/dist/main.js:2:1020798)
	at async t.GitHistoryProvider.resolveHEADMergeBase (/opt/vscodium-bin/resources/app/extensions/git/dist/main.js:2:948359)
	at async t.GitHistoryProvider.onDidRunGitStatus (/opt/vscodium-bin/resources/app/extensions/git/dist/main.js:2:941686)
2024-09-17 19:28:00.375 [error] Error: No such branch: master.
	at N.getBranch (/opt/vscodium-bin/resources/app/extensions/git/dist/main.js:2:937064)
	at async T.retryRun (/opt/vscodium-bin/resources/app/extensions/git/dist/main.js:2:1032765)
	at async T.run (/opt/vscodium-bin/resources/app/extensions/git/dist/main.js:2:1032369)
	at async T.getBranch (/opt/vscodium-bin/resources/app/extensions/git/dist/main.js:2:1020512)
	at async T.getBranchBase (/opt/vscodium-bin/resources/app/extensions/git/dist/main.js:2:1020798)
	at async t.GitHistoryProvider.resolveHEADMergeBase (/opt/vscodium-bin/resources/app/extensions/git/dist/main.js:2:948359)
	at async t.GitHistoryProvider.onDidRunGitStatus (/opt/vscodium-bin/resources/app/extensions/git/dist/main.js:2:941686)
2024-09-17 19:29:05.246 [error] Error: No such branch: master.
	at N.getBranch (/opt/vscodium-bin/resources/app/extensions/git/dist/main.js:2:937064)
	at async T.retryRun (/opt/vscodium-bin/resources/app/extensions/git/dist/main.js:2:1032765)
	at async T.run (/opt/vscodium-bin/resources/app/extensions/git/dist/main.js:2:1032369)
	at async T.getBranch (/opt/vscodium-bin/resources/app/extensions/git/dist/main.js:2:1020512)
	at async T.getBranchBase (/opt/vscodium-bin/resources/app/extensions/git/dist/main.js:2:1020798)
	at async t.GitHistoryProvider.resolveHEADMergeBase (/opt/vscodium-bin/resources/app/extensions/git/dist/main.js:2:948359)
	at async t.GitHistoryProvider.onDidRunGitStatus (/opt/vscodium-bin/resources/app/extensions/git/dist/main.js:2:941686)
2024-09-17 19:29:14.570 [error] Error: No such branch: master.
	at N.getBranch (/opt/vscodium-bin/resources/app/extensions/git/dist/main.js:2:937064)
	at async T.retryRun (/opt/vscodium-bin/resources/app/extensions/git/dist/main.js:2:1032765)
	at async T.run (/opt/vscodium-bin/resources/app/extensions/git/dist/main.js:2:1032369)
	at async T.getBranch (/opt/vscodium-bin/resources/app/extensions/git/dist/main.js:2:1020512)
	at async T.getBranchBase (/opt/vscodium-bin/resources/app/extensions/git/dist/main.js:2:1020798)
	at async t.GitHistoryProvider.resolveHEADMergeBase (/opt/vscodium-bin/resources/app/extensions/git/dist/main.js:2:948359)
	at async t.GitHistoryProvider.onDidRunGitStatus (/opt/vscodium-bin/resources/app/extensions/git/dist/main.js:2:941686)
2024-09-17 19:29:19.592 [error] Error: No such branch: master.
	at N.getBranch (/opt/vscodium-bin/resources/app/extensions/git/dist/main.js:2:937064)
	at async T.retryRun (/opt/vscodium-bin/resources/app/extensions/git/dist/main.js:2:1032765)
	at async T.run (/opt/vscodium-bin/resources/app/extensions/git/dist/main.js:2:1032369)
	at async T.getBranch (/opt/vscodium-bin/resources/app/extensions/git/dist/main.js:2:1020512)
	at async T.getBranchBase (/opt/vscodium-bin/resources/app/extensions/git/dist/main.js:2:1020798)
	at async t.GitHistoryProvider.resolveHEADMergeBase (/opt/vscodium-bin/resources/app/extensions/git/dist/main.js:2:948359)
	at async t.GitHistoryProvider.onDidRunGitStatus (/opt/vscodium-bin/resources/app/extensions/git/dist/main.js:2:941686)
2024-09-17 19:29:50.381 [error] Error: No such branch: master.
	at N.getBranch (/opt/vscodium-bin/resources/app/extensions/git/dist/main.js:2:937064)
	at async T.retryRun (/opt/vscodium-bin/resources/app/extensions/git/dist/main.js:2:1032765)
	at async T.run (/opt/vscodium-bin/resources/app/extensions/git/dist/main.js:2:1032369)
	at async T.getBranch (/opt/vscodium-bin/resources/app/extensions/git/dist/main.js:2:1020512)
	at async T.getBranchBase (/opt/vscodium-bin/resources/app/extensions/git/dist/main.js:2:1020798)
	at async t.GitHistoryProvider.resolveHEADMergeBase (/opt/vscodium-bin/resources/app/extensions/git/dist/main.js:2:948359)
	at async t.GitHistoryProvider.onDidRunGitStatus (/opt/vscodium-bin/resources/app/extensions/git/dist/main.js:2:941686)
2024-09-17 19:30:04.394 [error] Error: No such branch: master.
	at N.getBranch (/opt/vscodium-bin/resources/app/extensions/git/dist/main.js:2:937064)
	at async T.retryRun (/opt/vscodium-bin/resources/app/extensions/git/dist/main.js:2:1032765)
	at async T.run (/opt/vscodium-bin/resources/app/extensions/git/dist/main.js:2:1032369)
	at async T.getBranch (/opt/vscodium-bin/resources/app/extensions/git/dist/main.js:2:1020512)
	at async T.getBranchBase (/opt/vscodium-bin/resources/app/extensions/git/dist/main.js:2:1020798)
	at async t.GitHistoryProvider.resolveHEADMergeBase (/opt/vscodium-bin/resources/app/extensions/git/dist/main.js:2:948359)
	at async t.GitHistoryProvider.onDidRunGitStatus (/opt/vscodium-bin/resources/app/extensions/git/dist/main.js:2:941686)
2024-09-17 19:30:12.296 [error] Error: No such branch: master.
	at N.getBranch (/opt/vscodium-bin/resources/app/extensions/git/dist/main.js:2:937064)
	at async T.retryRun (/opt/vscodium-bin/resources/app/extensions/git/dist/main.js:2:1032765)
	at async T.run (/opt/vscodium-bin/resources/app/extensions/git/dist/main.js:2:1032369)
	at async T.getBranch (/opt/vscodium-bin/resources/app/extensions/git/dist/main.js:2:1020512)
	at async T.getBranchBase (/opt/vscodium-bin/resources/app/extensions/git/dist/main.js:2:1020798)
	at async t.GitHistoryProvider.resolveHEADMergeBase (/opt/vscodium-bin/resources/app/extensions/git/dist/main.js:2:948359)
	at async t.GitHistoryProvider.onDidRunGitStatus (/opt/vscodium-bin/resources/app/extensions/git/dist/main.js:2:941686)
2024-09-17 19:30:34.887 [error] Error: No such branch: master.
	at N.getBranch (/opt/vscodium-bin/resources/app/extensions/git/dist/main.js:2:937064)
	at async T.retryRun (/opt/vscodium-bin/resources/app/extensions/git/dist/main.js:2:1032765)
	at async T.run (/opt/vscodium-bin/resources/app/extensions/git/dist/main.js:2:1032369)
	at async T.getBranch (/opt/vscodium-bin/resources/app/extensions/git/dist/main.js:2:1020512)
	at async T.getBranchBase (/opt/vscodium-bin/resources/app/extensions/git/dist/main.js:2:1020798)
	at async t.GitHistoryProvider.resolveHEADMergeBase (/opt/vscodium-bin/resources/app/extensions/git/dist/main.js:2:948359)
	at async t.GitHistoryProvider.onDidRunGitStatus (/opt/vscodium-bin/resources/app/extensions/git/dist/main.js:2:941686)
2024-09-17 19:30:52.635 [error] Error: No such branch: master.
	at N.getBranch (/opt/vscodium-bin/resources/app/extensions/git/dist/main.js:2:937064)
	at async T.retryRun (/opt/vscodium-bin/resources/app/extensions/git/dist/main.js:2:1032765)
	at async T.run (/opt/vscodium-bin/resources/app/extensions/git/dist/main.js:2:1032369)
	at async T.getBranch (/opt/vscodium-bin/resources/app/extensions/git/dist/main.js:2:1020512)
	at async T.getBranchBase (/opt/vscodium-bin/resources/app/extensions/git/dist/main.js:2:1020798)
	at async t.GitHistoryProvider.resolveHEADMergeBase (/opt/vscodium-bin/resources/app/extensions/git/dist/main.js:2:948359)
	at async t.GitHistoryProvider.onDidRunGitStatus (/opt/vscodium-bin/resources/app/extensions/git/dist/main.js:2:941686)
2024-09-17 19:30:57.658 [error] Error: No such branch: master.
	at N.getBranch (/opt/vscodium-bin/resources/app/extensions/git/dist/main.js:2:937064)
	at async T.retryRun (/opt/vscodium-bin/resources/app/extensions/git/dist/main.js:2:1032765)
	at async T.run (/opt/vscodium-bin/resources/app/extensions/git/dist/main.js:2:1032369)
	at async T.getBranch (/opt/vscodium-bin/resources/app/extensions/git/dist/main.js:2:1020512)
	at async T.getBranchBase (/opt/vscodium-bin/resources/app/extensions/git/dist/main.js:2:1020798)
	at async t.GitHistoryProvider.resolveHEADMergeBase (/opt/vscodium-bin/resources/app/extensions/git/dist/main.js:2:948359)
	at async t.GitHistoryProvider.onDidRunGitStatus (/opt/vscodium-bin/resources/app/extensions/git/dist/main.js:2:941686)
2024-09-17 19:34:48.894 [error] Error: No such branch: master.
	at N.getBranch (/opt/vscodium-bin/resources/app/extensions/git/dist/main.js:2:937064)
	at async T.retryRun (/opt/vscodium-bin/resources/app/extensions/git/dist/main.js:2:1032765)
	at async T.run (/opt/vscodium-bin/resources/app/extensions/git/dist/main.js:2:1032369)
	at async T.getBranch (/opt/vscodium-bin/resources/app/extensions/git/dist/main.js:2:1020512)
	at async T.getBranchBase (/opt/vscodium-bin/resources/app/extensions/git/dist/main.js:2:1020798)
	at async t.GitHistoryProvider.resolveHEADMergeBase (/opt/vscodium-bin/resources/app/extensions/git/dist/main.js:2:948359)
	at async t.GitHistoryProvider.onDidRunGitStatus (/opt/vscodium-bin/resources/app/extensions/git/dist/main.js:2:941686)
2024-09-17 19:35:04.548 [error] Error: No such branch: master.
	at N.getBranch (/opt/vscodium-bin/resources/app/extensions/git/dist/main.js:2:937064)
	at async T.retryRun (/opt/vscodium-bin/resources/app/extensions/git/dist/main.js:2:1032765)
	at async T.run (/opt/vscodium-bin/resources/app/extensions/git/dist/main.js:2:1032369)
	at async T.getBranch (/opt/vscodium-bin/resources/app/extensions/git/dist/main.js:2:1020512)
	at async T.getBranchBase (/opt/vscodium-bin/resources/app/extensions/git/dist/main.js:2:1020798)
	at async t.GitHistoryProvider.resolveHEADMergeBase (/opt/vscodium-bin/resources/app/extensions/git/dist/main.js:2:948359)
	at async t.GitHistoryProvider.onDidRunGitStatus (/opt/vscodium-bin/resources/app/extensions/git/dist/main.js:2:941686)
2024-09-17 19:35:10.463 [error] Error: No such branch: master.
	at N.getBranch (/opt/vscodium-bin/resources/app/extensions/git/dist/main.js:2:937064)
	at async T.retryRun (/opt/vscodium-bin/resources/app/extensions/git/dist/main.js:2:1032765)
	at async T.run (/opt/vscodium-bin/resources/app/extensions/git/dist/main.js:2:1032369)
	at async T.getBranch (/opt/vscodium-bin/resources/app/extensions/git/dist/main.js:2:1020512)
	at async T.getBranchBase (/opt/vscodium-bin/resources/app/extensions/git/dist/main.js:2:1020798)
	at async t.GitHistoryProvider.resolveHEADMergeBase (/opt/vscodium-bin/resources/app/extensions/git/dist/main.js:2:948359)
	at async t.GitHistoryProvider.onDidRunGitStatus (/opt/vscodium-bin/resources/app/extensions/git/dist/main.js:2:941686)
2024-09-17 19:35:15.485 [error] Error: No such branch: master.
	at N.getBranch (/opt/vscodium-bin/resources/app/extensions/git/dist/main.js:2:937064)
	at async T.retryRun (/opt/vscodium-bin/resources/app/extensions/git/dist/main.js:2:1032765)
	at async T.run (/opt/vscodium-bin/resources/app/extensions/git/dist/main.js:2:1032369)
	at async T.getBranch (/opt/vscodium-bin/resources/app/extensions/git/dist/main.js:2:1020512)
	at async T.getBranchBase (/opt/vscodium-bin/resources/app/extensions/git/dist/main.js:2:1020798)
	at async t.GitHistoryProvider.resolveHEADMergeBase (/opt/vscodium-bin/resources/app/extensions/git/dist/main.js:2:948359)
	at async t.GitHistoryProvider.onDidRunGitStatus (/opt/vscodium-bin/resources/app/extensions/git/dist/main.js:2:941686)
2024-09-17 19:38:59.362 [error] Error: No such branch: master.
	at N.getBranch (/opt/vscodium-bin/resources/app/extensions/git/dist/main.js:2:937064)
	at async T.retryRun (/opt/vscodium-bin/resources/app/extensions/git/dist/main.js:2:1032765)
	at async T.run (/opt/vscodium-bin/resources/app/extensions/git/dist/main.js:2:1032369)
	at async T.getBranch (/opt/vscodium-bin/resources/app/extensions/git/dist/main.js:2:1020512)
	at async T.getBranchBase (/opt/vscodium-bin/resources/app/extensions/git/dist/main.js:2:1020798)
	at async t.GitHistoryProvider.resolveHEADMergeBase (/opt/vscodium-bin/resources/app/extensions/git/dist/main.js:2:948359)
	at async t.GitHistoryProvider.onDidRunGitStatus (/opt/vscodium-bin/resources/app/extensions/git/dist/main.js:2:941686)
2024-09-17 19:39:10.390 [error] Error: No such branch: master.
	at N.getBranch (/opt/vscodium-bin/resources/app/extensions/git/dist/main.js:2:937064)
	at async T.retryRun (/opt/vscodium-bin/resources/app/extensions/git/dist/main.js:2:1032765)
	at async T.run (/opt/vscodium-bin/resources/app/extensions/git/dist/main.js:2:1032369)
	at async T.getBranch (/opt/vscodium-bin/resources/app/extensions/git/dist/main.js:2:1020512)
	at async T.getBranchBase (/opt/vscodium-bin/resources/app/extensions/git/dist/main.js:2:1020798)
	at async t.GitHistoryProvider.resolveHEADMergeBase (/opt/vscodium-bin/resources/app/extensions/git/dist/main.js:2:948359)
	at async t.GitHistoryProvider.onDidRunGitStatus (/opt/vscodium-bin/resources/app/extensions/git/dist/main.js:2:941686)
2024-09-17 19:39:30.677 [error] Error: No such branch: master.
	at N.getBranch (/opt/vscodium-bin/resources/app/extensions/git/dist/main.js:2:937064)
	at async T.retryRun (/opt/vscodium-bin/resources/app/extensions/git/dist/main.js:2:1032765)
	at async T.run (/opt/vscodium-bin/resources/app/extensions/git/dist/main.js:2:1032369)
	at async T.getBranch (/opt/vscodium-bin/resources/app/extensions/git/dist/main.js:2:1020512)
	at async T.getBranchBase (/opt/vscodium-bin/resources/app/extensions/git/dist/main.js:2:1020798)
	at async t.GitHistoryProvider.resolveHEADMergeBase (/opt/vscodium-bin/resources/app/extensions/git/dist/main.js:2:948359)
	at async t.GitHistoryProvider.onDidRunGitStatus (/opt/vscodium-bin/resources/app/extensions/git/dist/main.js:2:941686)
2024-09-17 19:40:00.738 [error] Error: No such branch: master.
	at N.getBranch (/opt/vscodium-bin/resources/app/extensions/git/dist/main.js:2:937064)
	at async T.retryRun (/opt/vscodium-bin/resources/app/extensions/git/dist/main.js:2:1032765)
	at async T.run (/opt/vscodium-bin/resources/app/extensions/git/dist/main.js:2:1032369)
	at async T.getBranch (/opt/vscodium-bin/resources/app/extensions/git/dist/main.js:2:1020512)
	at async T.getBranchBase (/opt/vscodium-bin/resources/app/extensions/git/dist/main.js:2:1020798)
	at async t.GitHistoryProvider.resolveHEADMergeBase (/opt/vscodium-bin/resources/app/extensions/git/dist/main.js:2:948359)
	at async t.GitHistoryProvider.onDidRunGitStatus (/opt/vscodium-bin/resources/app/extensions/git/dist/main.js:2:941686)
2024-09-17 19:40:05.760 [error] Error: No such branch: master.
	at N.getBranch (/opt/vscodium-bin/resources/app/extensions/git/dist/main.js:2:937064)
	at async T.retryRun (/opt/vscodium-bin/resources/app/extensions/git/dist/main.js:2:1032765)
	at async T.run (/opt/vscodium-bin/resources/app/extensions/git/dist/main.js:2:1032369)
	at async T.getBranch (/opt/vscodium-bin/resources/app/extensions/git/dist/main.js:2:1020512)
	at async T.getBranchBase (/opt/vscodium-bin/resources/app/extensions/git/dist/main.js:2:1020798)
	at async t.GitHistoryProvider.resolveHEADMergeBase (/opt/vscodium-bin/resources/app/extensions/git/dist/main.js:2:948359)
	at async t.GitHistoryProvider.onDidRunGitStatus (/opt/vscodium-bin/resources/app/extensions/git/dist/main.js:2:941686)
2024-09-17 19:40:10.783 [error] Error: No such branch: master.
	at N.getBranch (/opt/vscodium-bin/resources/app/extensions/git/dist/main.js:2:937064)
	at async T.retryRun (/opt/vscodium-bin/resources/app/extensions/git/dist/main.js:2:1032765)
	at async T.run (/opt/vscodium-bin/resources/app/extensions/git/dist/main.js:2:1032369)
	at async T.getBranch (/opt/vscodium-bin/resources/app/extensions/git/dist/main.js:2:1020512)
	at async T.getBranchBase (/opt/vscodium-bin/resources/app/extensions/git/dist/main.js:2:1020798)
	at async t.GitHistoryProvider.resolveHEADMergeBase (/opt/vscodium-bin/resources/app/extensions/git/dist/main.js:2:948359)
	at async t.GitHistoryProvider.onDidRunGitStatus (/opt/vscodium-bin/resources/app/extensions/git/dist/main.js:2:941686)
2024-09-17 19:40:20.825 [error] Error: No such branch: master.
	at N.getBranch (/opt/vscodium-bin/resources/app/extensions/git/dist/main.js:2:937064)
	at async T.retryRun (/opt/vscodium-bin/resources/app/extensions/git/dist/main.js:2:1032765)
	at async T.run (/opt/vscodium-bin/resources/app/extensions/git/dist/main.js:2:1032369)
	at async T.getBranch (/opt/vscodium-bin/resources/app/extensions/git/dist/main.js:2:1020512)
	at async T.getBranchBase (/opt/vscodium-bin/resources/app/extensions/git/dist/main.js:2:1020798)
	at async t.GitHistoryProvider.resolveHEADMergeBase (/opt/vscodium-bin/resources/app/extensions/git/dist/main.js:2:948359)
	at async t.GitHistoryProvider.onDidRunGitStatus (/opt/vscodium-bin/resources/app/extensions/git/dist/main.js:2:941686)
2024-09-17 19:40:25.847 [error] Error: No such branch: master.
	at N.getBranch (/opt/vscodium-bin/resources/app/extensions/git/dist/main.js:2:937064)
	at async T.retryRun (/opt/vscodium-bin/resources/app/extensions/git/dist/main.js:2:1032765)
	at async T.run (/opt/vscodium-bin/resources/app/extensions/git/dist/main.js:2:1032369)
	at async T.getBranch (/opt/vscodium-bin/resources/app/extensions/git/dist/main.js:2:1020512)
	at async T.getBranchBase (/opt/vscodium-bin/resources/app/extensions/git/dist/main.js:2:1020798)
	at async t.GitHistoryProvider.resolveHEADMergeBase (/opt/vscodium-bin/resources/app/extensions/git/dist/main.js:2:948359)
	at async t.GitHistoryProvider.onDidRunGitStatus (/opt/vscodium-bin/resources/app/extensions/git/dist/main.js:2:941686)
2024-09-17 19:41:21.293 [error] Error: No such branch: master.
	at N.getBranch (/opt/vscodium-bin/resources/app/extensions/git/dist/main.js:2:937064)
	at async T.retryRun (/opt/vscodium-bin/resources/app/extensions/git/dist/main.js:2:1032765)
	at async T.run (/opt/vscodium-bin/resources/app/extensions/git/dist/main.js:2:1032369)
	at async T.getBranch (/opt/vscodium-bin/resources/app/extensions/git/dist/main.js:2:1020512)
	at async T.getBranchBase (/opt/vscodium-bin/resources/app/extensions/git/dist/main.js:2:1020798)
	at async t.GitHistoryProvider.resolveHEADMergeBase (/opt/vscodium-bin/resources/app/extensions/git/dist/main.js:2:948359)
	at async t.GitHistoryProvider.onDidRunGitStatus (/opt/vscodium-bin/resources/app/extensions/git/dist/main.js:2:941686)
2024-09-17 19:41:33.493 [error] Error: No such branch: master.
	at N.getBranch (/opt/vscodium-bin/resources/app/extensions/git/dist/main.js:2:937064)
	at async T.retryRun (/opt/vscodium-bin/resources/app/extensions/git/dist/main.js:2:1032765)
	at async T.run (/opt/vscodium-bin/resources/app/extensions/git/dist/main.js:2:1032369)
	at async T.getBranch (/opt/vscodium-bin/resources/app/extensions/git/dist/main.js:2:1020512)
	at async T.getBranchBase (/opt/vscodium-bin/resources/app/extensions/git/dist/main.js:2:1020798)
	at async t.GitHistoryProvider.resolveHEADMergeBase (/opt/vscodium-bin/resources/app/extensions/git/dist/main.js:2:948359)
	at async t.GitHistoryProvider.onDidRunGitStatus (/opt/vscodium-bin/resources/app/extensions/git/dist/main.js:2:941686)
2024-09-17 19:41:38.516 [error] Error: No such branch: master.
	at N.getBranch (/opt/vscodium-bin/resources/app/extensions/git/dist/main.js:2:937064)
	at async T.retryRun (/opt/vscodium-bin/resources/app/extensions/git/dist/main.js:2:1032765)
	at async T.run (/opt/vscodium-bin/resources/app/extensions/git/dist/main.js:2:1032369)
	at async T.getBranch (/opt/vscodium-bin/resources/app/extensions/git/dist/main.js:2:1020512)
	at async T.getBranchBase (/opt/vscodium-bin/resources/app/extensions/git/dist/main.js:2:1020798)
	at async t.GitHistoryProvider.resolveHEADMergeBase (/opt/vscodium-bin/resources/app/extensions/git/dist/main.js:2:948359)
	at async t.GitHistoryProvider.onDidRunGitStatus (/opt/vscodium-bin/resources/app/extensions/git/dist/main.js:2:941686)
2024-09-17 19:41:54.035 [error] Error: No such branch: master.
	at N.getBranch (/opt/vscodium-bin/resources/app/extensions/git/dist/main.js:2:937064)
	at async T.retryRun (/opt/vscodium-bin/resources/app/extensions/git/dist/main.js:2:1032765)
	at async T.run (/opt/vscodium-bin/resources/app/extensions/git/dist/main.js:2:1032369)
	at async T.getBranch (/opt/vscodium-bin/resources/app/extensions/git/dist/main.js:2:1020512)
	at async T.getBranchBase (/opt/vscodium-bin/resources/app/extensions/git/dist/main.js:2:1020798)
	at async t.GitHistoryProvider.resolveHEADMergeBase (/opt/vscodium-bin/resources/app/extensions/git/dist/main.js:2:948359)
	at async t.GitHistoryProvider.onDidRunGitStatus (/opt/vscodium-bin/resources/app/extensions/git/dist/main.js:2:941686)
2024-09-17 19:41:59.065 [error] Error: No such branch: master.
	at N.getBranch (/opt/vscodium-bin/resources/app/extensions/git/dist/main.js:2:937064)
	at async T.retryRun (/opt/vscodium-bin/resources/app/extensions/git/dist/main.js:2:1032765)
	at async T.run (/opt/vscodium-bin/resources/app/extensions/git/dist/main.js:2:1032369)
	at async T.getBranch (/opt/vscodium-bin/resources/app/extensions/git/dist/main.js:2:1020512)
	at async T.getBranchBase (/opt/vscodium-bin/resources/app/extensions/git/dist/main.js:2:1020798)
	at async t.GitHistoryProvider.resolveHEADMergeBase (/opt/vscodium-bin/resources/app/extensions/git/dist/main.js:2:948359)
	at async t.GitHistoryProvider.onDidRunGitStatus (/opt/vscodium-bin/resources/app/extensions/git/dist/main.js:2:941686)
2024-09-17 19:42:04.090 [error] Error: No such branch: master.
	at N.getBranch (/opt/vscodium-bin/resources/app/extensions/git/dist/main.js:2:937064)
	at async T.retryRun (/opt/vscodium-bin/resources/app/extensions/git/dist/main.js:2:1032765)
	at async T.run (/opt/vscodium-bin/resources/app/extensions/git/dist/main.js:2:1032369)
	at async T.getBranch (/opt/vscodium-bin/resources/app/extensions/git/dist/main.js:2:1020512)
	at async T.getBranchBase (/opt/vscodium-bin/resources/app/extensions/git/dist/main.js:2:1020798)
	at async t.GitHistoryProvider.resolveHEADMergeBase (/opt/vscodium-bin/resources/app/extensions/git/dist/main.js:2:948359)
	at async t.GitHistoryProvider.onDidRunGitStatus (/opt/vscodium-bin/resources/app/extensions/git/dist/main.js:2:941686)
2024-09-17 19:42:12.949 [error] Error: No such branch: master.
	at N.getBranch (/opt/vscodium-bin/resources/app/extensions/git/dist/main.js:2:937064)
	at async T.retryRun (/opt/vscodium-bin/resources/app/extensions/git/dist/main.js:2:1032765)
	at async T.run (/opt/vscodium-bin/resources/app/extensions/git/dist/main.js:2:1032369)
	at async T.getBranch (/opt/vscodium-bin/resources/app/extensions/git/dist/main.js:2:1020512)
	at async T.getBranchBase (/opt/vscodium-bin/resources/app/extensions/git/dist/main.js:2:1020798)
	at async t.GitHistoryProvider.resolveHEADMergeBase (/opt/vscodium-bin/resources/app/extensions/git/dist/main.js:2:948359)
	at async t.GitHistoryProvider.onDidRunGitStatus (/opt/vscodium-bin/resources/app/extensions/git/dist/main.js:2:941686)
2024-09-17 19:42:17.971 [error] Error: No such branch: master.
	at N.getBranch (/opt/vscodium-bin/resources/app/extensions/git/dist/main.js:2:937064)
	at async T.retryRun (/opt/vscodium-bin/resources/app/extensions/git/dist/main.js:2:1032765)
	at async T.run (/opt/vscodium-bin/resources/app/extensions/git/dist/main.js:2:1032369)
	at async T.getBranch (/opt/vscodium-bin/resources/app/extensions/git/dist/main.js:2:1020512)
	at async T.getBranchBase (/opt/vscodium-bin/resources/app/extensions/git/dist/main.js:2:1020798)
	at async t.GitHistoryProvider.resolveHEADMergeBase (/opt/vscodium-bin/resources/app/extensions/git/dist/main.js:2:948359)
	at async t.GitHistoryProvider.onDidRunGitStatus (/opt/vscodium-bin/resources/app/extensions/git/dist/main.js:2:941686)
2024-09-17 19:42:22.996 [error] Error: No such branch: master.
	at N.getBranch (/opt/vscodium-bin/resources/app/extensions/git/dist/main.js:2:937064)
	at async T.retryRun (/opt/vscodium-bin/resources/app/extensions/git/dist/main.js:2:1032765)
	at async T.run (/opt/vscodium-bin/resources/app/extensions/git/dist/main.js:2:1032369)
	at async T.getBranch (/opt/vscodium-bin/resources/app/extensions/git/dist/main.js:2:1020512)
	at async T.getBranchBase (/opt/vscodium-bin/resources/app/extensions/git/dist/main.js:2:1020798)
	at async t.GitHistoryProvider.resolveHEADMergeBase (/opt/vscodium-bin/resources/app/extensions/git/dist/main.js:2:948359)
	at async t.GitHistoryProvider.onDidRunGitStatus (/opt/vscodium-bin/resources/app/extensions/git/dist/main.js:2:941686)
2024-09-17 19:43:38.297 [error] Error: No such branch: master.
	at N.getBranch (/opt/vscodium-bin/resources/app/extensions/git/dist/main.js:2:937064)
	at async T.retryRun (/opt/vscodium-bin/resources/app/extensions/git/dist/main.js:2:1032765)
	at async T.run (/opt/vscodium-bin/resources/app/extensions/git/dist/main.js:2:1032369)
	at async T.getBranch (/opt/vscodium-bin/resources/app/extensions/git/dist/main.js:2:1020512)
	at async T.getBranchBase (/opt/vscodium-bin/resources/app/extensions/git/dist/main.js:2:1020798)
	at async t.GitHistoryProvider.resolveHEADMergeBase (/opt/vscodium-bin/resources/app/extensions/git/dist/main.js:2:948359)
	at async t.GitHistoryProvider.onDidRunGitStatus (/opt/vscodium-bin/resources/app/extensions/git/dist/main.js:2:941686)
2024-09-17 19:43:56.257 [error] Error: No such branch: master.
	at N.getBranch (/opt/vscodium-bin/resources/app/extensions/git/dist/main.js:2:937064)
	at async T.retryRun (/opt/vscodium-bin/resources/app/extensions/git/dist/main.js:2:1032765)
	at async T.run (/opt/vscodium-bin/resources/app/extensions/git/dist/main.js:2:1032369)
	at async T.getBranch (/opt/vscodium-bin/resources/app/extensions/git/dist/main.js:2:1020512)
	at async T.getBranchBase (/opt/vscodium-bin/resources/app/extensions/git/dist/main.js:2:1020798)
	at async t.GitHistoryProvider.resolveHEADMergeBase (/opt/vscodium-bin/resources/app/extensions/git/dist/main.js:2:948359)
	at async t.GitHistoryProvider.onDidRunGitStatus (/opt/vscodium-bin/resources/app/extensions/git/dist/main.js:2:941686)
2024-09-17 19:44:38.628 [error] Error: No such branch: master.
	at N.getBranch (/opt/vscodium-bin/resources/app/extensions/git/dist/main.js:2:937064)
	at async T.retryRun (/opt/vscodium-bin/resources/app/extensions/git/dist/main.js:2:1032765)
	at async T.run (/opt/vscodium-bin/resources/app/extensions/git/dist/main.js:2:1032369)
	at async T.getBranch (/opt/vscodium-bin/resources/app/extensions/git/dist/main.js:2:1020512)
	at async T.getBranchBase (/opt/vscodium-bin/resources/app/extensions/git/dist/main.js:2:1020798)
	at async t.GitHistoryProvider.resolveHEADMergeBase (/opt/vscodium-bin/resources/app/extensions/git/dist/main.js:2:948359)
	at async t.GitHistoryProvider.onDidRunGitStatus (/opt/vscodium-bin/resources/app/extensions/git/dist/main.js:2:941686)
2024-09-17 19:45:13.907 [error] Error: No such branch: master.
	at N.getBranch (/opt/vscodium-bin/resources/app/extensions/git/dist/main.js:2:937064)
	at async T.retryRun (/opt/vscodium-bin/resources/app/extensions/git/dist/main.js:2:1032765)
	at async T.run (/opt/vscodium-bin/resources/app/extensions/git/dist/main.js:2:1032369)
	at async T.getBranch (/opt/vscodium-bin/resources/app/extensions/git/dist/main.js:2:1020512)
	at async T.getBranchBase (/opt/vscodium-bin/resources/app/extensions/git/dist/main.js:2:1020798)
	at async t.GitHistoryProvider.resolveHEADMergeBase (/opt/vscodium-bin/resources/app/extensions/git/dist/main.js:2:948359)
	at async t.GitHistoryProvider.onDidRunGitStatus (/opt/vscodium-bin/resources/app/extensions/git/dist/main.js:2:941686)
2024-09-17 19:45:47.623 [error] Error: No such branch: master.
	at N.getBranch (/opt/vscodium-bin/resources/app/extensions/git/dist/main.js:2:937064)
	at async T.retryRun (/opt/vscodium-bin/resources/app/extensions/git/dist/main.js:2:1032765)
	at async T.run (/opt/vscodium-bin/resources/app/extensions/git/dist/main.js:2:1032369)
	at async T.getBranch (/opt/vscodium-bin/resources/app/extensions/git/dist/main.js:2:1020512)
	at async T.getBranchBase (/opt/vscodium-bin/resources/app/extensions/git/dist/main.js:2:1020798)
	at async t.GitHistoryProvider.resolveHEADMergeBase (/opt/vscodium-bin/resources/app/extensions/git/dist/main.js:2:948359)
	at async t.GitHistoryProvider.onDidRunGitStatus (/opt/vscodium-bin/resources/app/extensions/git/dist/main.js:2:941686)
2024-09-17 19:45:52.646 [error] Error: No such branch: master.
	at N.getBranch (/opt/vscodium-bin/resources/app/extensions/git/dist/main.js:2:937064)
	at async T.retryRun (/opt/vscodium-bin/resources/app/extensions/git/dist/main.js:2:1032765)
	at async T.run (/opt/vscodium-bin/resources/app/extensions/git/dist/main.js:2:1032369)
	at async T.getBranch (/opt/vscodium-bin/resources/app/extensions/git/dist/main.js:2:1020512)
	at async T.getBranchBase (/opt/vscodium-bin/resources/app/extensions/git/dist/main.js:2:1020798)
	at async t.GitHistoryProvider.resolveHEADMergeBase (/opt/vscodium-bin/resources/app/extensions/git/dist/main.js:2:948359)
	at async t.GitHistoryProvider.onDidRunGitStatus (/opt/vscodium-bin/resources/app/extensions/git/dist/main.js:2:941686)
2024-09-17 19:46:03.034 [error] Error: No such branch: master.
	at N.getBranch (/opt/vscodium-bin/resources/app/extensions/git/dist/main.js:2:937064)
	at async T.retryRun (/opt/vscodium-bin/resources/app/extensions/git/dist/main.js:2:1032765)
	at async T.run (/opt/vscodium-bin/resources/app/extensions/git/dist/main.js:2:1032369)
	at async T.getBranch (/opt/vscodium-bin/resources/app/extensions/git/dist/main.js:2:1020512)
	at async T.getBranchBase (/opt/vscodium-bin/resources/app/extensions/git/dist/main.js:2:1020798)
	at async t.GitHistoryProvider.resolveHEADMergeBase (/opt/vscodium-bin/resources/app/extensions/git/dist/main.js:2:948359)
	at async t.GitHistoryProvider.onDidRunGitStatus (/opt/vscodium-bin/resources/app/extensions/git/dist/main.js:2:941686)
2024-09-17 19:46:13.605 [error] Error: No such branch: master.
	at N.getBranch (/opt/vscodium-bin/resources/app/extensions/git/dist/main.js:2:937064)
	at async T.retryRun (/opt/vscodium-bin/resources/app/extensions/git/dist/main.js:2:1032765)
	at async T.run (/opt/vscodium-bin/resources/app/extensions/git/dist/main.js:2:1032369)
	at async T.getBranch (/opt/vscodium-bin/resources/app/extensions/git/dist/main.js:2:1020512)
	at async T.getBranchBase (/opt/vscodium-bin/resources/app/extensions/git/dist/main.js:2:1020798)
	at async t.GitHistoryProvider.resolveHEADMergeBase (/opt/vscodium-bin/resources/app/extensions/git/dist/main.js:2:948359)
	at async t.GitHistoryProvider.onDidRunGitStatus (/opt/vscodium-bin/resources/app/extensions/git/dist/main.js:2:941686)
2024-09-17 19:46:18.628 [error] Error: No such branch: master.
	at N.getBranch (/opt/vscodium-bin/resources/app/extensions/git/dist/main.js:2:937064)
	at async T.retryRun (/opt/vscodium-bin/resources/app/extensions/git/dist/main.js:2:1032765)
	at async T.run (/opt/vscodium-bin/resources/app/extensions/git/dist/main.js:2:1032369)
	at async T.getBranch (/opt/vscodium-bin/resources/app/extensions/git/dist/main.js:2:1020512)
	at async T.getBranchBase (/opt/vscodium-bin/resources/app/extensions/git/dist/main.js:2:1020798)
	at async t.GitHistoryProvider.resolveHEADMergeBase (/opt/vscodium-bin/resources/app/extensions/git/dist/main.js:2:948359)
	at async t.GitHistoryProvider.onDidRunGitStatus (/opt/vscodium-bin/resources/app/extensions/git/dist/main.js:2:941686)
2024-09-17 19:46:23.652 [error] Error: No such branch: master.
	at N.getBranch (/opt/vscodium-bin/resources/app/extensions/git/dist/main.js:2:937064)
	at async T.retryRun (/opt/vscodium-bin/resources/app/extensions/git/dist/main.js:2:1032765)
	at async T.run (/opt/vscodium-bin/resources/app/extensions/git/dist/main.js:2:1032369)
	at async T.getBranch (/opt/vscodium-bin/resources/app/extensions/git/dist/main.js:2:1020512)
	at async T.getBranchBase (/opt/vscodium-bin/resources/app/extensions/git/dist/main.js:2:1020798)
	at async t.GitHistoryProvider.resolveHEADMergeBase (/opt/vscodium-bin/resources/app/extensions/git/dist/main.js:2:948359)
	at async t.GitHistoryProvider.onDidRunGitStatus (/opt/vscodium-bin/resources/app/extensions/git/dist/main.js:2:941686)
2024-09-17 19:46:59.684 [error] Error: No such branch: master.
	at N.getBranch (/opt/vscodium-bin/resources/app/extensions/git/dist/main.js:2:937064)
	at async T.retryRun (/opt/vscodium-bin/resources/app/extensions/git/dist/main.js:2:1032765)
	at async T.run (/opt/vscodium-bin/resources/app/extensions/git/dist/main.js:2:1032369)
	at async T.getBranch (/opt/vscodium-bin/resources/app/extensions/git/dist/main.js:2:1020512)
	at async T.getBranchBase (/opt/vscodium-bin/resources/app/extensions/git/dist/main.js:2:1020798)
	at async t.GitHistoryProvider.resolveHEADMergeBase (/opt/vscodium-bin/resources/app/extensions/git/dist/main.js:2:948359)
	at async t.GitHistoryProvider.onDidRunGitStatus (/opt/vscodium-bin/resources/app/extensions/git/dist/main.js:2:941686)
2024-09-17 19:47:04.714 [error] Error: No such branch: master.
	at N.getBranch (/opt/vscodium-bin/resources/app/extensions/git/dist/main.js:2:937064)
	at async T.retryRun (/opt/vscodium-bin/resources/app/extensions/git/dist/main.js:2:1032765)
	at async T.run (/opt/vscodium-bin/resources/app/extensions/git/dist/main.js:2:1032369)
	at async T.getBranch (/opt/vscodium-bin/resources/app/extensions/git/dist/main.js:2:1020512)
	at async T.getBranchBase (/opt/vscodium-bin/resources/app/extensions/git/dist/main.js:2:1020798)
	at async t.GitHistoryProvider.resolveHEADMergeBase (/opt/vscodium-bin/resources/app/extensions/git/dist/main.js:2:948359)
	at async t.GitHistoryProvider.onDidRunGitStatus (/opt/vscodium-bin/resources/app/extensions/git/dist/main.js:2:941686)
2024-09-17 19:47:09.739 [error] Error: No such branch: master.
	at N.getBranch (/opt/vscodium-bin/resources/app/extensions/git/dist/main.js:2:937064)
	at async T.retryRun (/opt/vscodium-bin/resources/app/extensions/git/dist/main.js:2:1032765)
	at async T.run (/opt/vscodium-bin/resources/app/extensions/git/dist/main.js:2:1032369)
	at async T.getBranch (/opt/vscodium-bin/resources/app/extensions/git/dist/main.js:2:1020512)
	at async T.getBranchBase (/opt/vscodium-bin/resources/app/extensions/git/dist/main.js:2:1020798)
	at async t.GitHistoryProvider.resolveHEADMergeBase (/opt/vscodium-bin/resources/app/extensions/git/dist/main.js:2:948359)
	at async t.GitHistoryProvider.onDidRunGitStatus (/opt/vscodium-bin/resources/app/extensions/git/dist/main.js:2:941686)
2024-09-17 19:47:28.867 [error] Error: No such branch: master.
	at N.getBranch (/opt/vscodium-bin/resources/app/extensions/git/dist/main.js:2:937064)
	at async T.retryRun (/opt/vscodium-bin/resources/app/extensions/git/dist/main.js:2:1032765)
	at async T.run (/opt/vscodium-bin/resources/app/extensions/git/dist/main.js:2:1032369)
	at async T.getBranch (/opt/vscodium-bin/resources/app/extensions/git/dist/main.js:2:1020512)
	at async T.getBranchBase (/opt/vscodium-bin/resources/app/extensions/git/dist/main.js:2:1020798)
	at async t.GitHistoryProvider.resolveHEADMergeBase (/opt/vscodium-bin/resources/app/extensions/git/dist/main.js:2:948359)
	at async t.GitHistoryProvider.onDidRunGitStatus (/opt/vscodium-bin/resources/app/extensions/git/dist/main.js:2:941686)
2024-09-17 19:49:27.408 [error] Error: No such branch: master.
	at N.getBranch (/opt/vscodium-bin/resources/app/extensions/git/dist/main.js:2:937064)
	at async T.retryRun (/opt/vscodium-bin/resources/app/extensions/git/dist/main.js:2:1032765)
	at async T.run (/opt/vscodium-bin/resources/app/extensions/git/dist/main.js:2:1032369)
	at async T.getBranch (/opt/vscodium-bin/resources/app/extensions/git/dist/main.js:2:1020512)
	at async T.getBranchBase (/opt/vscodium-bin/resources/app/extensions/git/dist/main.js:2:1020798)
	at async t.GitHistoryProvider.resolveHEADMergeBase (/opt/vscodium-bin/resources/app/extensions/git/dist/main.js:2:948359)
	at async t.GitHistoryProvider.onDidRunGitStatus (/opt/vscodium-bin/resources/app/extensions/git/dist/main.js:2:941686)
2024-09-17 19:49:39.472 [error] Error: No such branch: master.
	at N.getBranch (/opt/vscodium-bin/resources/app/extensions/git/dist/main.js:2:937064)
	at async T.retryRun (/opt/vscodium-bin/resources/app/extensions/git/dist/main.js:2:1032765)
	at async T.run (/opt/vscodium-bin/resources/app/extensions/git/dist/main.js:2:1032369)
	at async T.getBranch (/opt/vscodium-bin/resources/app/extensions/git/dist/main.js:2:1020512)
	at async T.getBranchBase (/opt/vscodium-bin/resources/app/extensions/git/dist/main.js:2:1020798)
	at async t.GitHistoryProvider.resolveHEADMergeBase (/opt/vscodium-bin/resources/app/extensions/git/dist/main.js:2:948359)
	at async t.GitHistoryProvider.onDidRunGitStatus (/opt/vscodium-bin/resources/app/extensions/git/dist/main.js:2:941686)
2024-09-17 19:49:53.922 [error] Error: No such branch: master.
	at N.getBranch (/opt/vscodium-bin/resources/app/extensions/git/dist/main.js:2:937064)
	at async T.retryRun (/opt/vscodium-bin/resources/app/extensions/git/dist/main.js:2:1032765)
	at async T.run (/opt/vscodium-bin/resources/app/extensions/git/dist/main.js:2:1032369)
	at async T.getBranch (/opt/vscodium-bin/resources/app/extensions/git/dist/main.js:2:1020512)
	at async T.getBranchBase (/opt/vscodium-bin/resources/app/extensions/git/dist/main.js:2:1020798)
	at async t.GitHistoryProvider.resolveHEADMergeBase (/opt/vscodium-bin/resources/app/extensions/git/dist/main.js:2:948359)
	at async t.GitHistoryProvider.onDidRunGitStatus (/opt/vscodium-bin/resources/app/extensions/git/dist/main.js:2:941686)
2024-09-17 19:50:15.903 [error] Error: No such branch: master.
	at N.getBranch (/opt/vscodium-bin/resources/app/extensions/git/dist/main.js:2:937064)
	at async T.retryRun (/opt/vscodium-bin/resources/app/extensions/git/dist/main.js:2:1032765)
	at async T.run (/opt/vscodium-bin/resources/app/extensions/git/dist/main.js:2:1032369)
	at async T.getBranch (/opt/vscodium-bin/resources/app/extensions/git/dist/main.js:2:1020512)
	at async T.getBranchBase (/opt/vscodium-bin/resources/app/extensions/git/dist/main.js:2:1020798)
	at async t.GitHistoryProvider.resolveHEADMergeBase (/opt/vscodium-bin/resources/app/extensions/git/dist/main.js:2:948359)
	at async t.GitHistoryProvider.onDidRunGitStatus (/opt/vscodium-bin/resources/app/extensions/git/dist/main.js:2:941686)
2024-09-17 19:50:25.344 [error] Error: No such branch: master.
	at N.getBranch (/opt/vscodium-bin/resources/app/extensions/git/dist/main.js:2:937064)
	at async T.retryRun (/opt/vscodium-bin/resources/app/extensions/git/dist/main.js:2:1032765)
	at async T.run (/opt/vscodium-bin/resources/app/extensions/git/dist/main.js:2:1032369)
	at async T.getBranch (/opt/vscodium-bin/resources/app/extensions/git/dist/main.js:2:1020512)
	at async T.getBranchBase (/opt/vscodium-bin/resources/app/extensions/git/dist/main.js:2:1020798)
	at async t.GitHistoryProvider.resolveHEADMergeBase (/opt/vscodium-bin/resources/app/extensions/git/dist/main.js:2:948359)
	at async t.GitHistoryProvider.onDidRunGitStatus (/opt/vscodium-bin/resources/app/extensions/git/dist/main.js:2:941686)
2024-09-17 19:50:30.365 [error] Error: No such branch: master.
	at N.getBranch (/opt/vscodium-bin/resources/app/extensions/git/dist/main.js:2:937064)
	at async T.retryRun (/opt/vscodium-bin/resources/app/extensions/git/dist/main.js:2:1032765)
	at async T.run (/opt/vscodium-bin/resources/app/extensions/git/dist/main.js:2:1032369)
	at async T.getBranch (/opt/vscodium-bin/resources/app/extensions/git/dist/main.js:2:1020512)
	at async T.getBranchBase (/opt/vscodium-bin/resources/app/extensions/git/dist/main.js:2:1020798)
	at async t.GitHistoryProvider.resolveHEADMergeBase (/opt/vscodium-bin/resources/app/extensions/git/dist/main.js:2:948359)
	at async t.GitHistoryProvider.onDidRunGitStatus (/opt/vscodium-bin/resources/app/extensions/git/dist/main.js:2:941686)
2024-09-17 19:50:41.294 [error] Error: No such branch: master.
	at N.getBranch (/opt/vscodium-bin/resources/app/extensions/git/dist/main.js:2:937064)
	at async T.retryRun (/opt/vscodium-bin/resources/app/extensions/git/dist/main.js:2:1032765)
	at async T.run (/opt/vscodium-bin/resources/app/extensions/git/dist/main.js:2:1032369)
	at async T.getBranch (/opt/vscodium-bin/resources/app/extensions/git/dist/main.js:2:1020512)
	at async T.getBranchBase (/opt/vscodium-bin/resources/app/extensions/git/dist/main.js:2:1020798)
	at async t.GitHistoryProvider.resolveHEADMergeBase (/opt/vscodium-bin/resources/app/extensions/git/dist/main.js:2:948359)
	at async t.GitHistoryProvider.onDidRunGitStatus (/opt/vscodium-bin/resources/app/extensions/git/dist/main.js:2:941686)
2024-09-17 19:50:46.323 [error] Error: No such branch: master.
	at N.getBranch (/opt/vscodium-bin/resources/app/extensions/git/dist/main.js:2:937064)
	at async T.retryRun (/opt/vscodium-bin/resources/app/extensions/git/dist/main.js:2:1032765)
	at async T.run (/opt/vscodium-bin/resources/app/extensions/git/dist/main.js:2:1032369)
	at async T.getBranch (/opt/vscodium-bin/resources/app/extensions/git/dist/main.js:2:1020512)
	at async T.getBranchBase (/opt/vscodium-bin/resources/app/extensions/git/dist/main.js:2:1020798)
	at async t.GitHistoryProvider.resolveHEADMergeBase (/opt/vscodium-bin/resources/app/extensions/git/dist/main.js:2:948359)
	at async t.GitHistoryProvider.onDidRunGitStatus (/opt/vscodium-bin/resources/app/extensions/git/dist/main.js:2:941686)
2024-09-17 19:50:51.342 [error] Error: No such branch: master.
	at N.getBranch (/opt/vscodium-bin/resources/app/extensions/git/dist/main.js:2:937064)
	at async T.retryRun (/opt/vscodium-bin/resources/app/extensions/git/dist/main.js:2:1032765)
	at async T.run (/opt/vscodium-bin/resources/app/extensions/git/dist/main.js:2:1032369)
	at async T.getBranch (/opt/vscodium-bin/resources/app/extensions/git/dist/main.js:2:1020512)
	at async T.getBranchBase (/opt/vscodium-bin/resources/app/extensions/git/dist/main.js:2:1020798)
	at async t.GitHistoryProvider.resolveHEADMergeBase (/opt/vscodium-bin/resources/app/extensions/git/dist/main.js:2:948359)
	at async t.GitHistoryProvider.onDidRunGitStatus (/opt/vscodium-bin/resources/app/extensions/git/dist/main.js:2:941686)
2024-09-17 19:53:05.453 [error] Error: No such branch: master.
	at N.getBranch (/opt/vscodium-bin/resources/app/extensions/git/dist/main.js:2:937064)
	at async T.retryRun (/opt/vscodium-bin/resources/app/extensions/git/dist/main.js:2:1032765)
	at async T.run (/opt/vscodium-bin/resources/app/extensions/git/dist/main.js:2:1032369)
	at async T.getBranch (/opt/vscodium-bin/resources/app/extensions/git/dist/main.js:2:1020512)
	at async T.getBranchBase (/opt/vscodium-bin/resources/app/extensions/git/dist/main.js:2:1020798)
	at async t.GitHistoryProvider.resolveHEADMergeBase (/opt/vscodium-bin/resources/app/extensions/git/dist/main.js:2:948359)
	at async t.GitHistoryProvider.onDidRunGitStatus (/opt/vscodium-bin/resources/app/extensions/git/dist/main.js:2:941686)
2024-09-17 19:53:10.471 [error] Error: No such branch: master.
	at N.getBranch (/opt/vscodium-bin/resources/app/extensions/git/dist/main.js:2:937064)
	at async T.retryRun (/opt/vscodium-bin/resources/app/extensions/git/dist/main.js:2:1032765)
	at async T.run (/opt/vscodium-bin/resources/app/extensions/git/dist/main.js:2:1032369)
	at async T.getBranch (/opt/vscodium-bin/resources/app/extensions/git/dist/main.js:2:1020512)
	at async T.getBranchBase (/opt/vscodium-bin/resources/app/extensions/git/dist/main.js:2:1020798)
	at async t.GitHistoryProvider.resolveHEADMergeBase (/opt/vscodium-bin/resources/app/extensions/git/dist/main.js:2:948359)
	at async t.GitHistoryProvider.onDidRunGitStatus (/opt/vscodium-bin/resources/app/extensions/git/dist/main.js:2:941686)
2024-09-17 19:53:15.495 [error] Error: No such branch: master.
	at N.getBranch (/opt/vscodium-bin/resources/app/extensions/git/dist/main.js:2:937064)
	at async T.retryRun (/opt/vscodium-bin/resources/app/extensions/git/dist/main.js:2:1032765)
	at async T.run (/opt/vscodium-bin/resources/app/extensions/git/dist/main.js:2:1032369)
	at async T.getBranch (/opt/vscodium-bin/resources/app/extensions/git/dist/main.js:2:1020512)
	at async T.getBranchBase (/opt/vscodium-bin/resources/app/extensions/git/dist/main.js:2:1020798)
	at async t.GitHistoryProvider.resolveHEADMergeBase (/opt/vscodium-bin/resources/app/extensions/git/dist/main.js:2:948359)
	at async t.GitHistoryProvider.onDidRunGitStatus (/opt/vscodium-bin/resources/app/extensions/git/dist/main.js:2:941686)
2024-09-17 19:54:08.985 [error] Error: No such branch: master.
	at N.getBranch (/opt/vscodium-bin/resources/app/extensions/git/dist/main.js:2:937064)
	at async T.retryRun (/opt/vscodium-bin/resources/app/extensions/git/dist/main.js:2:1032765)
	at async T.run (/opt/vscodium-bin/resources/app/extensions/git/dist/main.js:2:1032369)
	at async T.getBranch (/opt/vscodium-bin/resources/app/extensions/git/dist/main.js:2:1020512)
	at async T.getBranchBase (/opt/vscodium-bin/resources/app/extensions/git/dist/main.js:2:1020798)
	at async t.GitHistoryProvider.resolveHEADMergeBase (/opt/vscodium-bin/resources/app/extensions/git/dist/main.js:2:948359)
	at async t.GitHistoryProvider.onDidRunGitStatus (/opt/vscodium-bin/resources/app/extensions/git/dist/main.js:2:941686)
2024-09-17 19:54:14.006 [error] Error: No such branch: master.
	at N.getBranch (/opt/vscodium-bin/resources/app/extensions/git/dist/main.js:2:937064)
	at async T.retryRun (/opt/vscodium-bin/resources/app/extensions/git/dist/main.js:2:1032765)
	at async T.run (/opt/vscodium-bin/resources/app/extensions/git/dist/main.js:2:1032369)
	at async T.getBranch (/opt/vscodium-bin/resources/app/extensions/git/dist/main.js:2:1020512)
	at async T.getBranchBase (/opt/vscodium-bin/resources/app/extensions/git/dist/main.js:2:1020798)
	at async t.GitHistoryProvider.resolveHEADMergeBase (/opt/vscodium-bin/resources/app/extensions/git/dist/main.js:2:948359)
	at async t.GitHistoryProvider.onDidRunGitStatus (/opt/vscodium-bin/resources/app/extensions/git/dist/main.js:2:941686)
2024-09-17 19:56:13.688 [error] Error: No such branch: master.
	at N.getBranch (/opt/vscodium-bin/resources/app/extensions/git/dist/main.js:2:937064)
	at async T.retryRun (/opt/vscodium-bin/resources/app/extensions/git/dist/main.js:2:1032765)
	at async T.run (/opt/vscodium-bin/resources/app/extensions/git/dist/main.js:2:1032369)
	at async T.getBranch (/opt/vscodium-bin/resources/app/extensions/git/dist/main.js:2:1020512)
	at async T.getBranchBase (/opt/vscodium-bin/resources/app/extensions/git/dist/main.js:2:1020798)
	at async t.GitHistoryProvider.resolveHEADMergeBase (/opt/vscodium-bin/resources/app/extensions/git/dist/main.js:2:948359)
	at async t.GitHistoryProvider.onDidRunGitStatus (/opt/vscodium-bin/resources/app/extensions/git/dist/main.js:2:941686)
2024-09-17 19:56:27.231 [error] Error: No such branch: master.
	at N.getBranch (/opt/vscodium-bin/resources/app/extensions/git/dist/main.js:2:937064)
	at async T.retryRun (/opt/vscodium-bin/resources/app/extensions/git/dist/main.js:2:1032765)
	at async T.run (/opt/vscodium-bin/resources/app/extensions/git/dist/main.js:2:1032369)
	at async T.getBranch (/opt/vscodium-bin/resources/app/extensions/git/dist/main.js:2:1020512)
	at async T.getBranchBase (/opt/vscodium-bin/resources/app/extensions/git/dist/main.js:2:1020798)
	at async t.GitHistoryProvider.resolveHEADMergeBase (/opt/vscodium-bin/resources/app/extensions/git/dist/main.js:2:948359)
	at async t.GitHistoryProvider.onDidRunGitStatus (/opt/vscodium-bin/resources/app/extensions/git/dist/main.js:2:941686)
2024-09-17 19:56:34.048 [error] Error: No such branch: master.
	at N.getBranch (/opt/vscodium-bin/resources/app/extensions/git/dist/main.js:2:937064)
	at async T.retryRun (/opt/vscodium-bin/resources/app/extensions/git/dist/main.js:2:1032765)
	at async T.run (/opt/vscodium-bin/resources/app/extensions/git/dist/main.js:2:1032369)
	at async T.getBranch (/opt/vscodium-bin/resources/app/extensions/git/dist/main.js:2:1020512)
	at async T.getBranchBase (/opt/vscodium-bin/resources/app/extensions/git/dist/main.js:2:1020798)
	at async t.GitHistoryProvider.resolveHEADMergeBase (/opt/vscodium-bin/resources/app/extensions/git/dist/main.js:2:948359)
	at async t.GitHistoryProvider.onDidRunGitStatus (/opt/vscodium-bin/resources/app/extensions/git/dist/main.js:2:941686)
2024-09-17 19:57:24.695 [error] Error: No such branch: master.
	at N.getBranch (/opt/vscodium-bin/resources/app/extensions/git/dist/main.js:2:937064)
	at async T.retryRun (/opt/vscodium-bin/resources/app/extensions/git/dist/main.js:2:1032765)
	at async T.run (/opt/vscodium-bin/resources/app/extensions/git/dist/main.js:2:1032369)
	at async T.getBranch (/opt/vscodium-bin/resources/app/extensions/git/dist/main.js:2:1020512)
	at async T.getBranchBase (/opt/vscodium-bin/resources/app/extensions/git/dist/main.js:2:1020798)
	at async t.GitHistoryProvider.resolveHEADMergeBase (/opt/vscodium-bin/resources/app/extensions/git/dist/main.js:2:948359)
	at async t.GitHistoryProvider.onDidRunGitStatus (/opt/vscodium-bin/resources/app/extensions/git/dist/main.js:2:941686)
2024-09-17 19:57:48.663 [error] Error: No such branch: master.
	at N.getBranch (/opt/vscodium-bin/resources/app/extensions/git/dist/main.js:2:937064)
	at async T.retryRun (/opt/vscodium-bin/resources/app/extensions/git/dist/main.js:2:1032765)
	at async T.run (/opt/vscodium-bin/resources/app/extensions/git/dist/main.js:2:1032369)
	at async T.getBranch (/opt/vscodium-bin/resources/app/extensions/git/dist/main.js:2:1020512)
	at async T.getBranchBase (/opt/vscodium-bin/resources/app/extensions/git/dist/main.js:2:1020798)
	at async t.GitHistoryProvider.resolveHEADMergeBase (/opt/vscodium-bin/resources/app/extensions/git/dist/main.js:2:948359)
	at async t.GitHistoryProvider.onDidRunGitStatus (/opt/vscodium-bin/resources/app/extensions/git/dist/main.js:2:941686)
2024-09-17 19:58:05.656 [error] Error: No such branch: master.
	at N.getBranch (/opt/vscodium-bin/resources/app/extensions/git/dist/main.js:2:937064)
	at async T.retryRun (/opt/vscodium-bin/resources/app/extensions/git/dist/main.js:2:1032765)
	at async T.run (/opt/vscodium-bin/resources/app/extensions/git/dist/main.js:2:1032369)
	at async T.getBranch (/opt/vscodium-bin/resources/app/extensions/git/dist/main.js:2:1020512)
	at async T.getBranchBase (/opt/vscodium-bin/resources/app/extensions/git/dist/main.js:2:1020798)
	at async t.GitHistoryProvider.resolveHEADMergeBase (/opt/vscodium-bin/resources/app/extensions/git/dist/main.js:2:948359)
	at async t.GitHistoryProvider.onDidRunGitStatus (/opt/vscodium-bin/resources/app/extensions/git/dist/main.js:2:941686)
2024-09-17 19:58:42.802 [error] Error: No such branch: master.
	at N.getBranch (/opt/vscodium-bin/resources/app/extensions/git/dist/main.js:2:937064)
	at async T.retryRun (/opt/vscodium-bin/resources/app/extensions/git/dist/main.js:2:1032765)
	at async T.run (/opt/vscodium-bin/resources/app/extensions/git/dist/main.js:2:1032369)
	at async T.getBranch (/opt/vscodium-bin/resources/app/extensions/git/dist/main.js:2:1020512)
	at async T.getBranchBase (/opt/vscodium-bin/resources/app/extensions/git/dist/main.js:2:1020798)
	at async t.GitHistoryProvider.resolveHEADMergeBase (/opt/vscodium-bin/resources/app/extensions/git/dist/main.js:2:948359)
	at async t.GitHistoryProvider.onDidRunGitStatus (/opt/vscodium-bin/resources/app/extensions/git/dist/main.js:2:941686)
2024-09-17 19:58:53.320 [error] Error: No such branch: master.
	at N.getBranch (/opt/vscodium-bin/resources/app/extensions/git/dist/main.js:2:937064)
	at async T.retryRun (/opt/vscodium-bin/resources/app/extensions/git/dist/main.js:2:1032765)
	at async T.run (/opt/vscodium-bin/resources/app/extensions/git/dist/main.js:2:1032369)
	at async T.getBranch (/opt/vscodium-bin/resources/app/extensions/git/dist/main.js:2:1020512)
	at async T.getBranchBase (/opt/vscodium-bin/resources/app/extensions/git/dist/main.js:2:1020798)
	at async t.GitHistoryProvider.resolveHEADMergeBase (/opt/vscodium-bin/resources/app/extensions/git/dist/main.js:2:948359)
	at async t.GitHistoryProvider.onDidRunGitStatus (/opt/vscodium-bin/resources/app/extensions/git/dist/main.js:2:941686)
2024-09-17 19:59:04.314 [error] Error: No such branch: master.
	at N.getBranch (/opt/vscodium-bin/resources/app/extensions/git/dist/main.js:2:937064)
	at async T.retryRun (/opt/vscodium-bin/resources/app/extensions/git/dist/main.js:2:1032765)
	at async T.run (/opt/vscodium-bin/resources/app/extensions/git/dist/main.js:2:1032369)
	at async T.getBranch (/opt/vscodium-bin/resources/app/extensions/git/dist/main.js:2:1020512)
	at async T.getBranchBase (/opt/vscodium-bin/resources/app/extensions/git/dist/main.js:2:1020798)
	at async t.GitHistoryProvider.resolveHEADMergeBase (/opt/vscodium-bin/resources/app/extensions/git/dist/main.js:2:948359)
	at async t.GitHistoryProvider.onDidRunGitStatus (/opt/vscodium-bin/resources/app/extensions/git/dist/main.js:2:941686)
2024-09-17 19:59:26.575 [error] Error: No such branch: master.
	at N.getBranch (/opt/vscodium-bin/resources/app/extensions/git/dist/main.js:2:937064)
	at async T.retryRun (/opt/vscodium-bin/resources/app/extensions/git/dist/main.js:2:1032765)
	at async T.run (/opt/vscodium-bin/resources/app/extensions/git/dist/main.js:2:1032369)
	at async T.getBranch (/opt/vscodium-bin/resources/app/extensions/git/dist/main.js:2:1020512)
	at async T.getBranchBase (/opt/vscodium-bin/resources/app/extensions/git/dist/main.js:2:1020798)
	at async t.GitHistoryProvider.resolveHEADMergeBase (/opt/vscodium-bin/resources/app/extensions/git/dist/main.js:2:948359)
	at async t.GitHistoryProvider.onDidRunGitStatus (/opt/vscodium-bin/resources/app/extensions/git/dist/main.js:2:941686)
2024-09-17 19:59:49.291 [error] Error: No such branch: master.
	at N.getBranch (/opt/vscodium-bin/resources/app/extensions/git/dist/main.js:2:937064)
	at async T.retryRun (/opt/vscodium-bin/resources/app/extensions/git/dist/main.js:2:1032765)
	at async T.run (/opt/vscodium-bin/resources/app/extensions/git/dist/main.js:2:1032369)
	at async T.getBranch (/opt/vscodium-bin/resources/app/extensions/git/dist/main.js:2:1020512)
	at async T.getBranchBase (/opt/vscodium-bin/resources/app/extensions/git/dist/main.js:2:1020798)
	at async t.GitHistoryProvider.resolveHEADMergeBase (/opt/vscodium-bin/resources/app/extensions/git/dist/main.js:2:948359)
	at async t.GitHistoryProvider.onDidRunGitStatus (/opt/vscodium-bin/resources/app/extensions/git/dist/main.js:2:941686)
2024-09-17 20:00:52.155 [error] Error: No such branch: master.
	at N.getBranch (/opt/vscodium-bin/resources/app/extensions/git/dist/main.js:2:937064)
	at async T.retryRun (/opt/vscodium-bin/resources/app/extensions/git/dist/main.js:2:1032765)
	at async T.run (/opt/vscodium-bin/resources/app/extensions/git/dist/main.js:2:1032369)
	at async T.getBranch (/opt/vscodium-bin/resources/app/extensions/git/dist/main.js:2:1020512)
	at async T.getBranchBase (/opt/vscodium-bin/resources/app/extensions/git/dist/main.js:2:1020798)
	at async t.GitHistoryProvider.resolveHEADMergeBase (/opt/vscodium-bin/resources/app/extensions/git/dist/main.js:2:948359)
	at async t.GitHistoryProvider.onDidRunGitStatus (/opt/vscodium-bin/resources/app/extensions/git/dist/main.js:2:941686)
2024-09-17 20:01:30.282 [error] Error: No such branch: master.
	at N.getBranch (/opt/vscodium-bin/resources/app/extensions/git/dist/main.js:2:937064)
	at async T.retryRun (/opt/vscodium-bin/resources/app/extensions/git/dist/main.js:2:1032765)
	at async T.run (/opt/vscodium-bin/resources/app/extensions/git/dist/main.js:2:1032369)
	at async T.getBranch (/opt/vscodium-bin/resources/app/extensions/git/dist/main.js:2:1020512)
	at async T.getBranchBase (/opt/vscodium-bin/resources/app/extensions/git/dist/main.js:2:1020798)
	at async t.GitHistoryProvider.resolveHEADMergeBase (/opt/vscodium-bin/resources/app/extensions/git/dist/main.js:2:948359)
	at async t.GitHistoryProvider.onDidRunGitStatus (/opt/vscodium-bin/resources/app/extensions/git/dist/main.js:2:941686)
2024-09-17 20:01:36.178 [error] Error: No such branch: master.
	at N.getBranch (/opt/vscodium-bin/resources/app/extensions/git/dist/main.js:2:937064)
	at async T.retryRun (/opt/vscodium-bin/resources/app/extensions/git/dist/main.js:2:1032765)
	at async T.run (/opt/vscodium-bin/resources/app/extensions/git/dist/main.js:2:1032369)
	at async T.getBranch (/opt/vscodium-bin/resources/app/extensions/git/dist/main.js:2:1020512)
	at async T.getBranchBase (/opt/vscodium-bin/resources/app/extensions/git/dist/main.js:2:1020798)
	at async t.GitHistoryProvider.resolveHEADMergeBase (/opt/vscodium-bin/resources/app/extensions/git/dist/main.js:2:948359)
	at async t.GitHistoryProvider.onDidRunGitStatus (/opt/vscodium-bin/resources/app/extensions/git/dist/main.js:2:941686)
2024-09-17 20:01:45.715 [error] Error: No such branch: master.
	at N.getBranch (/opt/vscodium-bin/resources/app/extensions/git/dist/main.js:2:937064)
	at async T.retryRun (/opt/vscodium-bin/resources/app/extensions/git/dist/main.js:2:1032765)
	at async T.run (/opt/vscodium-bin/resources/app/extensions/git/dist/main.js:2:1032369)
	at async T.getBranch (/opt/vscodium-bin/resources/app/extensions/git/dist/main.js:2:1020512)
	at async T.getBranchBase (/opt/vscodium-bin/resources/app/extensions/git/dist/main.js:2:1020798)
	at async t.GitHistoryProvider.resolveHEADMergeBase (/opt/vscodium-bin/resources/app/extensions/git/dist/main.js:2:948359)
	at async t.GitHistoryProvider.onDidRunGitStatus (/opt/vscodium-bin/resources/app/extensions/git/dist/main.js:2:941686)
2024-09-17 20:01:51.206 [error] Error: No such branch: master.
	at N.getBranch (/opt/vscodium-bin/resources/app/extensions/git/dist/main.js:2:937064)
	at async T.retryRun (/opt/vscodium-bin/resources/app/extensions/git/dist/main.js:2:1032765)
	at async T.run (/opt/vscodium-bin/resources/app/extensions/git/dist/main.js:2:1032369)
	at async T.getBranch (/opt/vscodium-bin/resources/app/extensions/git/dist/main.js:2:1020512)
	at async T.getBranchBase (/opt/vscodium-bin/resources/app/extensions/git/dist/main.js:2:1020798)
	at async t.GitHistoryProvider.resolveHEADMergeBase (/opt/vscodium-bin/resources/app/extensions/git/dist/main.js:2:948359)
	at async t.GitHistoryProvider.onDidRunGitStatus (/opt/vscodium-bin/resources/app/extensions/git/dist/main.js:2:941686)
2024-09-17 20:02:04.027 [error] Error: No such branch: master.
	at N.getBranch (/opt/vscodium-bin/resources/app/extensions/git/dist/main.js:2:937064)
	at async T.retryRun (/opt/vscodium-bin/resources/app/extensions/git/dist/main.js:2:1032765)
	at async T.run (/opt/vscodium-bin/resources/app/extensions/git/dist/main.js:2:1032369)
	at async T.getBranch (/opt/vscodium-bin/resources/app/extensions/git/dist/main.js:2:1020512)
	at async T.getBranchBase (/opt/vscodium-bin/resources/app/extensions/git/dist/main.js:2:1020798)
	at async t.GitHistoryProvider.resolveHEADMergeBase (/opt/vscodium-bin/resources/app/extensions/git/dist/main.js:2:948359)
	at async t.GitHistoryProvider.onDidRunGitStatus (/opt/vscodium-bin/resources/app/extensions/git/dist/main.js:2:941686)
2024-09-17 20:02:14.901 [error] Error: No such branch: master.
	at N.getBranch (/opt/vscodium-bin/resources/app/extensions/git/dist/main.js:2:937064)
	at async T.retryRun (/opt/vscodium-bin/resources/app/extensions/git/dist/main.js:2:1032765)
	at async T.run (/opt/vscodium-bin/resources/app/extensions/git/dist/main.js:2:1032369)
	at async T.getBranch (/opt/vscodium-bin/resources/app/extensions/git/dist/main.js:2:1020512)
	at async T.getBranchBase (/opt/vscodium-bin/resources/app/extensions/git/dist/main.js:2:1020798)
	at async t.GitHistoryProvider.resolveHEADMergeBase (/opt/vscodium-bin/resources/app/extensions/git/dist/main.js:2:948359)
	at async t.GitHistoryProvider.onDidRunGitStatus (/opt/vscodium-bin/resources/app/extensions/git/dist/main.js:2:941686)
2024-09-17 20:04:19.748 [error] Error: No such branch: master.
	at N.getBranch (/opt/vscodium-bin/resources/app/extensions/git/dist/main.js:2:937064)
	at async T.retryRun (/opt/vscodium-bin/resources/app/extensions/git/dist/main.js:2:1032765)
	at async T.run (/opt/vscodium-bin/resources/app/extensions/git/dist/main.js:2:1032369)
	at async T.getBranch (/opt/vscodium-bin/resources/app/extensions/git/dist/main.js:2:1020512)
	at async T.getBranchBase (/opt/vscodium-bin/resources/app/extensions/git/dist/main.js:2:1020798)
	at async t.GitHistoryProvider.resolveHEADMergeBase (/opt/vscodium-bin/resources/app/extensions/git/dist/main.js:2:948359)
	at async t.GitHistoryProvider.onDidRunGitStatus (/opt/vscodium-bin/resources/app/extensions/git/dist/main.js:2:941686)
2024-09-17 20:04:35.721 [error] Error: No such branch: master.
	at N.getBranch (/opt/vscodium-bin/resources/app/extensions/git/dist/main.js:2:937064)
	at async T.retryRun (/opt/vscodium-bin/resources/app/extensions/git/dist/main.js:2:1032765)
	at async T.run (/opt/vscodium-bin/resources/app/extensions/git/dist/main.js:2:1032369)
	at async T.getBranch (/opt/vscodium-bin/resources/app/extensions/git/dist/main.js:2:1020512)
	at async T.getBranchBase (/opt/vscodium-bin/resources/app/extensions/git/dist/main.js:2:1020798)
	at async t.GitHistoryProvider.resolveHEADMergeBase (/opt/vscodium-bin/resources/app/extensions/git/dist/main.js:2:948359)
	at async t.GitHistoryProvider.onDidRunGitStatus (/opt/vscodium-bin/resources/app/extensions/git/dist/main.js:2:941686)
2024-09-17 20:04:50.129 [error] Error: No such branch: master.
	at N.getBranch (/opt/vscodium-bin/resources/app/extensions/git/dist/main.js:2:937064)
	at async T.retryRun (/opt/vscodium-bin/resources/app/extensions/git/dist/main.js:2:1032765)
	at async T.run (/opt/vscodium-bin/resources/app/extensions/git/dist/main.js:2:1032369)
	at async T.getBranch (/opt/vscodium-bin/resources/app/extensions/git/dist/main.js:2:1020512)
	at async T.getBranchBase (/opt/vscodium-bin/resources/app/extensions/git/dist/main.js:2:1020798)
	at async t.GitHistoryProvider.resolveHEADMergeBase (/opt/vscodium-bin/resources/app/extensions/git/dist/main.js:2:948359)
	at async t.GitHistoryProvider.onDidRunGitStatus (/opt/vscodium-bin/resources/app/extensions/git/dist/main.js:2:941686)
2024-09-17 20:04:55.832 [error] Error: No such branch: master.
	at N.getBranch (/opt/vscodium-bin/resources/app/extensions/git/dist/main.js:2:937064)
	at async T.retryRun (/opt/vscodium-bin/resources/app/extensions/git/dist/main.js:2:1032765)
	at async T.run (/opt/vscodium-bin/resources/app/extensions/git/dist/main.js:2:1032369)
	at async T.getBranch (/opt/vscodium-bin/resources/app/extensions/git/dist/main.js:2:1020512)
	at async T.getBranchBase (/opt/vscodium-bin/resources/app/extensions/git/dist/main.js:2:1020798)
	at async t.GitHistoryProvider.resolveHEADMergeBase (/opt/vscodium-bin/resources/app/extensions/git/dist/main.js:2:948359)
	at async t.GitHistoryProvider.onDidRunGitStatus (/opt/vscodium-bin/resources/app/extensions/git/dist/main.js:2:941686)
2024-09-17 20:05:00.859 [error] Error: No such branch: master.
	at N.getBranch (/opt/vscodium-bin/resources/app/extensions/git/dist/main.js:2:937064)
	at async T.retryRun (/opt/vscodium-bin/resources/app/extensions/git/dist/main.js:2:1032765)
	at async T.run (/opt/vscodium-bin/resources/app/extensions/git/dist/main.js:2:1032369)
	at async T.getBranch (/opt/vscodium-bin/resources/app/extensions/git/dist/main.js:2:1020512)
	at async T.getBranchBase (/opt/vscodium-bin/resources/app/extensions/git/dist/main.js:2:1020798)
	at async t.GitHistoryProvider.resolveHEADMergeBase (/opt/vscodium-bin/resources/app/extensions/git/dist/main.js:2:948359)
	at async t.GitHistoryProvider.onDidRunGitStatus (/opt/vscodium-bin/resources/app/extensions/git/dist/main.js:2:941686)
2024-09-17 20:05:16.901 [error] Error: No such branch: master.
	at N.getBranch (/opt/vscodium-bin/resources/app/extensions/git/dist/main.js:2:937064)
	at async T.retryRun (/opt/vscodium-bin/resources/app/extensions/git/dist/main.js:2:1032765)
	at async T.run (/opt/vscodium-bin/resources/app/extensions/git/dist/main.js:2:1032369)
	at async T.getBranch (/opt/vscodium-bin/resources/app/extensions/git/dist/main.js:2:1020512)
	at async T.getBranchBase (/opt/vscodium-bin/resources/app/extensions/git/dist/main.js:2:1020798)
	at async t.GitHistoryProvider.resolveHEADMergeBase (/opt/vscodium-bin/resources/app/extensions/git/dist/main.js:2:948359)
	at async t.GitHistoryProvider.onDidRunGitStatus (/opt/vscodium-bin/resources/app/extensions/git/dist/main.js:2:941686)
2024-09-17 20:05:21.923 [error] Error: No such branch: master.
	at N.getBranch (/opt/vscodium-bin/resources/app/extensions/git/dist/main.js:2:937064)
	at async T.retryRun (/opt/vscodium-bin/resources/app/extensions/git/dist/main.js:2:1032765)
	at async T.run (/opt/vscodium-bin/resources/app/extensions/git/dist/main.js:2:1032369)
	at async T.getBranch (/opt/vscodium-bin/resources/app/extensions/git/dist/main.js:2:1020512)
	at async T.getBranchBase (/opt/vscodium-bin/resources/app/extensions/git/dist/main.js:2:1020798)
	at async t.GitHistoryProvider.resolveHEADMergeBase (/opt/vscodium-bin/resources/app/extensions/git/dist/main.js:2:948359)
	at async t.GitHistoryProvider.onDidRunGitStatus (/opt/vscodium-bin/resources/app/extensions/git/dist/main.js:2:941686)
2024-09-17 20:05:26.946 [error] Error: No such branch: master.
	at N.getBranch (/opt/vscodium-bin/resources/app/extensions/git/dist/main.js:2:937064)
	at async T.retryRun (/opt/vscodium-bin/resources/app/extensions/git/dist/main.js:2:1032765)
	at async T.run (/opt/vscodium-bin/resources/app/extensions/git/dist/main.js:2:1032369)
	at async T.getBranch (/opt/vscodium-bin/resources/app/extensions/git/dist/main.js:2:1020512)
	at async T.getBranchBase (/opt/vscodium-bin/resources/app/extensions/git/dist/main.js:2:1020798)
	at async t.GitHistoryProvider.resolveHEADMergeBase (/opt/vscodium-bin/resources/app/extensions/git/dist/main.js:2:948359)
	at async t.GitHistoryProvider.onDidRunGitStatus (/opt/vscodium-bin/resources/app/extensions/git/dist/main.js:2:941686)
2024-09-17 20:05:46.827 [error] Error: No such branch: master.
	at N.getBranch (/opt/vscodium-bin/resources/app/extensions/git/dist/main.js:2:937064)
	at async T.retryRun (/opt/vscodium-bin/resources/app/extensions/git/dist/main.js:2:1032765)
	at async T.run (/opt/vscodium-bin/resources/app/extensions/git/dist/main.js:2:1032369)
	at async T.getBranch (/opt/vscodium-bin/resources/app/extensions/git/dist/main.js:2:1020512)
	at async T.getBranchBase (/opt/vscodium-bin/resources/app/extensions/git/dist/main.js:2:1020798)
	at async t.GitHistoryProvider.resolveHEADMergeBase (/opt/vscodium-bin/resources/app/extensions/git/dist/main.js:2:948359)
	at async t.GitHistoryProvider.onDidRunGitStatus (/opt/vscodium-bin/resources/app/extensions/git/dist/main.js:2:941686)
2024-09-17 20:05:51.850 [error] Error: No such branch: master.
	at N.getBranch (/opt/vscodium-bin/resources/app/extensions/git/dist/main.js:2:937064)
	at async T.retryRun (/opt/vscodium-bin/resources/app/extensions/git/dist/main.js:2:1032765)
	at async T.run (/opt/vscodium-bin/resources/app/extensions/git/dist/main.js:2:1032369)
	at async T.getBranch (/opt/vscodium-bin/resources/app/extensions/git/dist/main.js:2:1020512)
	at async T.getBranchBase (/opt/vscodium-bin/resources/app/extensions/git/dist/main.js:2:1020798)
	at async t.GitHistoryProvider.resolveHEADMergeBase (/opt/vscodium-bin/resources/app/extensions/git/dist/main.js:2:948359)
	at async t.GitHistoryProvider.onDidRunGitStatus (/opt/vscodium-bin/resources/app/extensions/git/dist/main.js:2:941686)
2024-09-17 20:06:16.498 [error] Error: No such branch: master.
	at N.getBranch (/opt/vscodium-bin/resources/app/extensions/git/dist/main.js:2:937064)
	at async T.retryRun (/opt/vscodium-bin/resources/app/extensions/git/dist/main.js:2:1032765)
	at async T.run (/opt/vscodium-bin/resources/app/extensions/git/dist/main.js:2:1032369)
	at async T.getBranch (/opt/vscodium-bin/resources/app/extensions/git/dist/main.js:2:1020512)
	at async T.getBranchBase (/opt/vscodium-bin/resources/app/extensions/git/dist/main.js:2:1020798)
	at async t.GitHistoryProvider.resolveHEADMergeBase (/opt/vscodium-bin/resources/app/extensions/git/dist/main.js:2:948359)
	at async t.GitHistoryProvider.onDidRunGitStatus (/opt/vscodium-bin/resources/app/extensions/git/dist/main.js:2:941686)
2024-09-17 20:06:22.532 [error] Error: No such branch: master.
	at N.getBranch (/opt/vscodium-bin/resources/app/extensions/git/dist/main.js:2:937064)
	at async T.retryRun (/opt/vscodium-bin/resources/app/extensions/git/dist/main.js:2:1032765)
	at async T.run (/opt/vscodium-bin/resources/app/extensions/git/dist/main.js:2:1032369)
	at async T.getBranch (/opt/vscodium-bin/resources/app/extensions/git/dist/main.js:2:1020512)
	at async T.getBranchBase (/opt/vscodium-bin/resources/app/extensions/git/dist/main.js:2:1020798)
	at async t.GitHistoryProvider.resolveHEADMergeBase (/opt/vscodium-bin/resources/app/extensions/git/dist/main.js:2:948359)
	at async t.GitHistoryProvider.onDidRunGitStatus (/opt/vscodium-bin/resources/app/extensions/git/dist/main.js:2:941686)
2024-09-17 20:06:27.555 [error] Error: No such branch: master.
	at N.getBranch (/opt/vscodium-bin/resources/app/extensions/git/dist/main.js:2:937064)
	at async T.retryRun (/opt/vscodium-bin/resources/app/extensions/git/dist/main.js:2:1032765)
	at async T.run (/opt/vscodium-bin/resources/app/extensions/git/dist/main.js:2:1032369)
	at async T.getBranch (/opt/vscodium-bin/resources/app/extensions/git/dist/main.js:2:1020512)
	at async T.getBranchBase (/opt/vscodium-bin/resources/app/extensions/git/dist/main.js:2:1020798)
	at async t.GitHistoryProvider.resolveHEADMergeBase (/opt/vscodium-bin/resources/app/extensions/git/dist/main.js:2:948359)
	at async t.GitHistoryProvider.onDidRunGitStatus (/opt/vscodium-bin/resources/app/extensions/git/dist/main.js:2:941686)
2024-09-17 20:06:52.949 [error] Error: No such branch: master.
	at N.getBranch (/opt/vscodium-bin/resources/app/extensions/git/dist/main.js:2:937064)
	at async T.retryRun (/opt/vscodium-bin/resources/app/extensions/git/dist/main.js:2:1032765)
	at async T.run (/opt/vscodium-bin/resources/app/extensions/git/dist/main.js:2:1032369)
	at async T.getBranch (/opt/vscodium-bin/resources/app/extensions/git/dist/main.js:2:1020512)
	at async T.getBranchBase (/opt/vscodium-bin/resources/app/extensions/git/dist/main.js:2:1020798)
	at async t.GitHistoryProvider.resolveHEADMergeBase (/opt/vscodium-bin/resources/app/extensions/git/dist/main.js:2:948359)
	at async t.GitHistoryProvider.onDidRunGitStatus (/opt/vscodium-bin/resources/app/extensions/git/dist/main.js:2:941686)
2024-09-17 20:09:01.727 [error] Error: No such branch: master.
	at N.getBranch (/opt/vscodium-bin/resources/app/extensions/git/dist/main.js:2:937064)
	at async T.retryRun (/opt/vscodium-bin/resources/app/extensions/git/dist/main.js:2:1032765)
	at async T.run (/opt/vscodium-bin/resources/app/extensions/git/dist/main.js:2:1032369)
	at async T.getBranch (/opt/vscodium-bin/resources/app/extensions/git/dist/main.js:2:1020512)
	at async T.getBranchBase (/opt/vscodium-bin/resources/app/extensions/git/dist/main.js:2:1020798)
	at async t.GitHistoryProvider.resolveHEADMergeBase (/opt/vscodium-bin/resources/app/extensions/git/dist/main.js:2:948359)
	at async t.GitHistoryProvider.onDidRunGitStatus (/opt/vscodium-bin/resources/app/extensions/git/dist/main.js:2:941686)
2024-09-17 20:09:21.535 [error] Error: No such branch: master.
	at N.getBranch (/opt/vscodium-bin/resources/app/extensions/git/dist/main.js:2:937064)
	at async T.retryRun (/opt/vscodium-bin/resources/app/extensions/git/dist/main.js:2:1032765)
	at async T.run (/opt/vscodium-bin/resources/app/extensions/git/dist/main.js:2:1032369)
	at async T.getBranch (/opt/vscodium-bin/resources/app/extensions/git/dist/main.js:2:1020512)
	at async T.getBranchBase (/opt/vscodium-bin/resources/app/extensions/git/dist/main.js:2:1020798)
	at async t.GitHistoryProvider.resolveHEADMergeBase (/opt/vscodium-bin/resources/app/extensions/git/dist/main.js:2:948359)
	at async t.GitHistoryProvider.onDidRunGitStatus (/opt/vscodium-bin/resources/app/extensions/git/dist/main.js:2:941686)
2024-09-17 20:09:37.536 [error] Error: No such branch: master.
	at N.getBranch (/opt/vscodium-bin/resources/app/extensions/git/dist/main.js:2:937064)
	at async T.retryRun (/opt/vscodium-bin/resources/app/extensions/git/dist/main.js:2:1032765)
	at async T.run (/opt/vscodium-bin/resources/app/extensions/git/dist/main.js:2:1032369)
	at async T.getBranch (/opt/vscodium-bin/resources/app/extensions/git/dist/main.js:2:1020512)
	at async T.getBranchBase (/opt/vscodium-bin/resources/app/extensions/git/dist/main.js:2:1020798)
	at async t.GitHistoryProvider.resolveHEADMergeBase (/opt/vscodium-bin/resources/app/extensions/git/dist/main.js:2:948359)
	at async t.GitHistoryProvider.onDidRunGitStatus (/opt/vscodium-bin/resources/app/extensions/git/dist/main.js:2:941686)
2024-09-17 20:10:01.940 [error] Error: No such branch: master.
	at N.getBranch (/opt/vscodium-bin/resources/app/extensions/git/dist/main.js:2:937064)
	at async T.retryRun (/opt/vscodium-bin/resources/app/extensions/git/dist/main.js:2:1032765)
	at async T.run (/opt/vscodium-bin/resources/app/extensions/git/dist/main.js:2:1032369)
	at async T.getBranch (/opt/vscodium-bin/resources/app/extensions/git/dist/main.js:2:1020512)
	at async T.getBranchBase (/opt/vscodium-bin/resources/app/extensions/git/dist/main.js:2:1020798)
	at async t.GitHistoryProvider.resolveHEADMergeBase (/opt/vscodium-bin/resources/app/extensions/git/dist/main.js:2:948359)
	at async t.GitHistoryProvider.onDidRunGitStatus (/opt/vscodium-bin/resources/app/extensions/git/dist/main.js:2:941686)
2024-09-17 20:10:15.501 [error] Error: No such branch: master.
	at N.getBranch (/opt/vscodium-bin/resources/app/extensions/git/dist/main.js:2:937064)
	at async T.retryRun (/opt/vscodium-bin/resources/app/extensions/git/dist/main.js:2:1032765)
	at async T.run (/opt/vscodium-bin/resources/app/extensions/git/dist/main.js:2:1032369)
	at async T.getBranch (/opt/vscodium-bin/resources/app/extensions/git/dist/main.js:2:1020512)
	at async T.getBranchBase (/opt/vscodium-bin/resources/app/extensions/git/dist/main.js:2:1020798)
	at async t.GitHistoryProvider.resolveHEADMergeBase (/opt/vscodium-bin/resources/app/extensions/git/dist/main.js:2:948359)
	at async t.GitHistoryProvider.onDidRunGitStatus (/opt/vscodium-bin/resources/app/extensions/git/dist/main.js:2:941686)
2024-09-17 20:10:27.185 [error] Error: No such branch: master.
	at N.getBranch (/opt/vscodium-bin/resources/app/extensions/git/dist/main.js:2:937064)
	at async T.retryRun (/opt/vscodium-bin/resources/app/extensions/git/dist/main.js:2:1032765)
	at async T.run (/opt/vscodium-bin/resources/app/extensions/git/dist/main.js:2:1032369)
	at async T.getBranch (/opt/vscodium-bin/resources/app/extensions/git/dist/main.js:2:1020512)
	at async T.getBranchBase (/opt/vscodium-bin/resources/app/extensions/git/dist/main.js:2:1020798)
	at async t.GitHistoryProvider.resolveHEADMergeBase (/opt/vscodium-bin/resources/app/extensions/git/dist/main.js:2:948359)
	at async t.GitHistoryProvider.onDidRunGitStatus (/opt/vscodium-bin/resources/app/extensions/git/dist/main.js:2:941686)
2024-09-17 20:11:13.788 [error] Error: No such branch: master.
	at N.getBranch (/opt/vscodium-bin/resources/app/extensions/git/dist/main.js:2:937064)
	at async T.retryRun (/opt/vscodium-bin/resources/app/extensions/git/dist/main.js:2:1032765)
	at async T.run (/opt/vscodium-bin/resources/app/extensions/git/dist/main.js:2:1032369)
	at async T.getBranch (/opt/vscodium-bin/resources/app/extensions/git/dist/main.js:2:1020512)
	at async T.getBranchBase (/opt/vscodium-bin/resources/app/extensions/git/dist/main.js:2:1020798)
	at async t.GitHistoryProvider.resolveHEADMergeBase (/opt/vscodium-bin/resources/app/extensions/git/dist/main.js:2:948359)
	at async t.GitHistoryProvider.onDidRunGitStatus (/opt/vscodium-bin/resources/app/extensions/git/dist/main.js:2:941686)
2024-09-17 20:11:25.243 [error] Error: No such branch: master.
	at N.getBranch (/opt/vscodium-bin/resources/app/extensions/git/dist/main.js:2:937064)
	at async T.retryRun (/opt/vscodium-bin/resources/app/extensions/git/dist/main.js:2:1032765)
	at async T.run (/opt/vscodium-bin/resources/app/extensions/git/dist/main.js:2:1032369)
	at async T.getBranch (/opt/vscodium-bin/resources/app/extensions/git/dist/main.js:2:1020512)
	at async T.getBranchBase (/opt/vscodium-bin/resources/app/extensions/git/dist/main.js:2:1020798)
	at async t.GitHistoryProvider.resolveHEADMergeBase (/opt/vscodium-bin/resources/app/extensions/git/dist/main.js:2:948359)
	at async t.GitHistoryProvider.onDidRunGitStatus (/opt/vscodium-bin/resources/app/extensions/git/dist/main.js:2:941686)
2024-09-17 20:11:33.605 [error] Error: No such branch: master.
	at N.getBranch (/opt/vscodium-bin/resources/app/extensions/git/dist/main.js:2:937064)
	at async T.retryRun (/opt/vscodium-bin/resources/app/extensions/git/dist/main.js:2:1032765)
	at async T.run (/opt/vscodium-bin/resources/app/extensions/git/dist/main.js:2:1032369)
	at async T.getBranch (/opt/vscodium-bin/resources/app/extensions/git/dist/main.js:2:1020512)
	at async T.getBranchBase (/opt/vscodium-bin/resources/app/extensions/git/dist/main.js:2:1020798)
	at async t.GitHistoryProvider.resolveHEADMergeBase (/opt/vscodium-bin/resources/app/extensions/git/dist/main.js:2:948359)
	at async t.GitHistoryProvider.onDidRunGitStatus (/opt/vscodium-bin/resources/app/extensions/git/dist/main.js:2:941686)
2024-09-17 20:11:47.861 [error] Error: No such branch: master.
	at N.getBranch (/opt/vscodium-bin/resources/app/extensions/git/dist/main.js:2:937064)
	at async T.retryRun (/opt/vscodium-bin/resources/app/extensions/git/dist/main.js:2:1032765)
	at async T.run (/opt/vscodium-bin/resources/app/extensions/git/dist/main.js:2:1032369)
	at async T.getBranch (/opt/vscodium-bin/resources/app/extensions/git/dist/main.js:2:1020512)
	at async T.getBranchBase (/opt/vscodium-bin/resources/app/extensions/git/dist/main.js:2:1020798)
	at async t.GitHistoryProvider.resolveHEADMergeBase (/opt/vscodium-bin/resources/app/extensions/git/dist/main.js:2:948359)
	at async t.GitHistoryProvider.onDidRunGitStatus (/opt/vscodium-bin/resources/app/extensions/git/dist/main.js:2:941686)
2024-09-17 20:11:52.880 [error] Error: No such branch: master.
	at N.getBranch (/opt/vscodium-bin/resources/app/extensions/git/dist/main.js:2:937064)
	at async T.retryRun (/opt/vscodium-bin/resources/app/extensions/git/dist/main.js:2:1032765)
	at async T.run (/opt/vscodium-bin/resources/app/extensions/git/dist/main.js:2:1032369)
	at async T.getBranch (/opt/vscodium-bin/resources/app/extensions/git/dist/main.js:2:1020512)
	at async T.getBranchBase (/opt/vscodium-bin/resources/app/extensions/git/dist/main.js:2:1020798)
	at async t.GitHistoryProvider.resolveHEADMergeBase (/opt/vscodium-bin/resources/app/extensions/git/dist/main.js:2:948359)
	at async t.GitHistoryProvider.onDidRunGitStatus (/opt/vscodium-bin/resources/app/extensions/git/dist/main.js:2:941686)
2024-09-17 20:11:57.904 [error] Error: No such branch: master.
	at N.getBranch (/opt/vscodium-bin/resources/app/extensions/git/dist/main.js:2:937064)
	at async T.retryRun (/opt/vscodium-bin/resources/app/extensions/git/dist/main.js:2:1032765)
	at async T.run (/opt/vscodium-bin/resources/app/extensions/git/dist/main.js:2:1032369)
	at async T.getBranch (/opt/vscodium-bin/resources/app/extensions/git/dist/main.js:2:1020512)
	at async T.getBranchBase (/opt/vscodium-bin/resources/app/extensions/git/dist/main.js:2:1020798)
	at async t.GitHistoryProvider.resolveHEADMergeBase (/opt/vscodium-bin/resources/app/extensions/git/dist/main.js:2:948359)
	at async t.GitHistoryProvider.onDidRunGitStatus (/opt/vscodium-bin/resources/app/extensions/git/dist/main.js:2:941686)
2024-09-17 20:13:16.686 [error] Error: No such branch: master.
	at N.getBranch (/opt/vscodium-bin/resources/app/extensions/git/dist/main.js:2:937064)
	at async T.retryRun (/opt/vscodium-bin/resources/app/extensions/git/dist/main.js:2:1032765)
	at async T.run (/opt/vscodium-bin/resources/app/extensions/git/dist/main.js:2:1032369)
	at async T.getBranch (/opt/vscodium-bin/resources/app/extensions/git/dist/main.js:2:1020512)
	at async T.getBranchBase (/opt/vscodium-bin/resources/app/extensions/git/dist/main.js:2:1020798)
	at async t.GitHistoryProvider.resolveHEADMergeBase (/opt/vscodium-bin/resources/app/extensions/git/dist/main.js:2:948359)
	at async t.GitHistoryProvider.onDidRunGitStatus (/opt/vscodium-bin/resources/app/extensions/git/dist/main.js:2:941686)
2024-09-17 20:13:43.062 [error] Error: No such branch: master.
	at N.getBranch (/opt/vscodium-bin/resources/app/extensions/git/dist/main.js:2:937064)
	at async T.retryRun (/opt/vscodium-bin/resources/app/extensions/git/dist/main.js:2:1032765)
	at async T.run (/opt/vscodium-bin/resources/app/extensions/git/dist/main.js:2:1032369)
	at async T.getBranch (/opt/vscodium-bin/resources/app/extensions/git/dist/main.js:2:1020512)
	at async T.getBranchBase (/opt/vscodium-bin/resources/app/extensions/git/dist/main.js:2:1020798)
	at async t.GitHistoryProvider.resolveHEADMergeBase (/opt/vscodium-bin/resources/app/extensions/git/dist/main.js:2:948359)
	at async t.GitHistoryProvider.onDidRunGitStatus (/opt/vscodium-bin/resources/app/extensions/git/dist/main.js:2:941686)
2024-09-17 20:13:49.290 [error] Error: No such branch: master.
	at N.getBranch (/opt/vscodium-bin/resources/app/extensions/git/dist/main.js:2:937064)
	at async T.retryRun (/opt/vscodium-bin/resources/app/extensions/git/dist/main.js:2:1032765)
	at async T.run (/opt/vscodium-bin/resources/app/extensions/git/dist/main.js:2:1032369)
	at async T.getBranch (/opt/vscodium-bin/resources/app/extensions/git/dist/main.js:2:1020512)
	at async T.getBranchBase (/opt/vscodium-bin/resources/app/extensions/git/dist/main.js:2:1020798)
	at async t.GitHistoryProvider.resolveHEADMergeBase (/opt/vscodium-bin/resources/app/extensions/git/dist/main.js:2:948359)
	at async t.GitHistoryProvider.onDidRunGitStatus (/opt/vscodium-bin/resources/app/extensions/git/dist/main.js:2:941686)
2024-09-17 20:13:59.517 [error] Error: No such branch: master.
	at N.getBranch (/opt/vscodium-bin/resources/app/extensions/git/dist/main.js:2:937064)
	at async T.retryRun (/opt/vscodium-bin/resources/app/extensions/git/dist/main.js:2:1032765)
	at async T.run (/opt/vscodium-bin/resources/app/extensions/git/dist/main.js:2:1032369)
	at async T.getBranch (/opt/vscodium-bin/resources/app/extensions/git/dist/main.js:2:1020512)
	at async T.getBranchBase (/opt/vscodium-bin/resources/app/extensions/git/dist/main.js:2:1020798)
	at async t.GitHistoryProvider.resolveHEADMergeBase (/opt/vscodium-bin/resources/app/extensions/git/dist/main.js:2:948359)
	at async t.GitHistoryProvider.onDidRunGitStatus (/opt/vscodium-bin/resources/app/extensions/git/dist/main.js:2:941686)
2024-09-17 20:14:16.015 [error] Error: No such branch: master.
	at N.getBranch (/opt/vscodium-bin/resources/app/extensions/git/dist/main.js:2:937064)
	at async T.retryRun (/opt/vscodium-bin/resources/app/extensions/git/dist/main.js:2:1032765)
	at async T.run (/opt/vscodium-bin/resources/app/extensions/git/dist/main.js:2:1032369)
	at async T.getBranch (/opt/vscodium-bin/resources/app/extensions/git/dist/main.js:2:1020512)
	at async T.getBranchBase (/opt/vscodium-bin/resources/app/extensions/git/dist/main.js:2:1020798)
	at async t.GitHistoryProvider.resolveHEADMergeBase (/opt/vscodium-bin/resources/app/extensions/git/dist/main.js:2:948359)
	at async t.GitHistoryProvider.onDidRunGitStatus (/opt/vscodium-bin/resources/app/extensions/git/dist/main.js:2:941686)
2024-09-17 20:14:23.768 [error] Error: No such branch: master.
	at N.getBranch (/opt/vscodium-bin/resources/app/extensions/git/dist/main.js:2:937064)
	at async T.retryRun (/opt/vscodium-bin/resources/app/extensions/git/dist/main.js:2:1032765)
	at async T.run (/opt/vscodium-bin/resources/app/extensions/git/dist/main.js:2:1032369)
	at async T.getBranch (/opt/vscodium-bin/resources/app/extensions/git/dist/main.js:2:1020512)
	at async T.getBranchBase (/opt/vscodium-bin/resources/app/extensions/git/dist/main.js:2:1020798)
	at async t.GitHistoryProvider.resolveHEADMergeBase (/opt/vscodium-bin/resources/app/extensions/git/dist/main.js:2:948359)
	at async t.GitHistoryProvider.onDidRunGitStatus (/opt/vscodium-bin/resources/app/extensions/git/dist/main.js:2:941686)
2024-09-17 20:15:00.061 [error] Error: No such branch: master.
	at N.getBranch (/opt/vscodium-bin/resources/app/extensions/git/dist/main.js:2:937064)
	at async T.retryRun (/opt/vscodium-bin/resources/app/extensions/git/dist/main.js:2:1032765)
	at async T.run (/opt/vscodium-bin/resources/app/extensions/git/dist/main.js:2:1032369)
	at async T.getBranch (/opt/vscodium-bin/resources/app/extensions/git/dist/main.js:2:1020512)
	at async T.getBranchBase (/opt/vscodium-bin/resources/app/extensions/git/dist/main.js:2:1020798)
	at async t.GitHistoryProvider.resolveHEADMergeBase (/opt/vscodium-bin/resources/app/extensions/git/dist/main.js:2:948359)
	at async t.GitHistoryProvider.onDidRunGitStatus (/opt/vscodium-bin/resources/app/extensions/git/dist/main.js:2:941686)
2024-09-17 20:15:12.960 [error] Error: No such branch: master.
	at N.getBranch (/opt/vscodium-bin/resources/app/extensions/git/dist/main.js:2:937064)
	at async T.retryRun (/opt/vscodium-bin/resources/app/extensions/git/dist/main.js:2:1032765)
	at async T.run (/opt/vscodium-bin/resources/app/extensions/git/dist/main.js:2:1032369)
	at async T.getBranch (/opt/vscodium-bin/resources/app/extensions/git/dist/main.js:2:1020512)
	at async T.getBranchBase (/opt/vscodium-bin/resources/app/extensions/git/dist/main.js:2:1020798)
	at async t.GitHistoryProvider.resolveHEADMergeBase (/opt/vscodium-bin/resources/app/extensions/git/dist/main.js:2:948359)
	at async t.GitHistoryProvider.onDidRunGitStatus (/opt/vscodium-bin/resources/app/extensions/git/dist/main.js:2:941686)
2024-09-17 20:15:17.979 [error] Error: No such branch: master.
	at N.getBranch (/opt/vscodium-bin/resources/app/extensions/git/dist/main.js:2:937064)
	at async T.retryRun (/opt/vscodium-bin/resources/app/extensions/git/dist/main.js:2:1032765)
	at async T.run (/opt/vscodium-bin/resources/app/extensions/git/dist/main.js:2:1032369)
	at async T.getBranch (/opt/vscodium-bin/resources/app/extensions/git/dist/main.js:2:1020512)
	at async T.getBranchBase (/opt/vscodium-bin/resources/app/extensions/git/dist/main.js:2:1020798)
	at async t.GitHistoryProvider.resolveHEADMergeBase (/opt/vscodium-bin/resources/app/extensions/git/dist/main.js:2:948359)
	at async t.GitHistoryProvider.onDidRunGitStatus (/opt/vscodium-bin/resources/app/extensions/git/dist/main.js:2:941686)
2024-09-17 20:15:23.002 [error] Error: No such branch: master.
	at N.getBranch (/opt/vscodium-bin/resources/app/extensions/git/dist/main.js:2:937064)
	at async T.retryRun (/opt/vscodium-bin/resources/app/extensions/git/dist/main.js:2:1032765)
	at async T.run (/opt/vscodium-bin/resources/app/extensions/git/dist/main.js:2:1032369)
	at async T.getBranch (/opt/vscodium-bin/resources/app/extensions/git/dist/main.js:2:1020512)
	at async T.getBranchBase (/opt/vscodium-bin/resources/app/extensions/git/dist/main.js:2:1020798)
	at async t.GitHistoryProvider.resolveHEADMergeBase (/opt/vscodium-bin/resources/app/extensions/git/dist/main.js:2:948359)
	at async t.GitHistoryProvider.onDidRunGitStatus (/opt/vscodium-bin/resources/app/extensions/git/dist/main.js:2:941686)
2024-09-17 20:16:16.909 [error] Error: No such branch: master.
	at N.getBranch (/opt/vscodium-bin/resources/app/extensions/git/dist/main.js:2:937064)
	at async T.retryRun (/opt/vscodium-bin/resources/app/extensions/git/dist/main.js:2:1032765)
	at async T.run (/opt/vscodium-bin/resources/app/extensions/git/dist/main.js:2:1032369)
	at async T.getBranch (/opt/vscodium-bin/resources/app/extensions/git/dist/main.js:2:1020512)
	at async T.getBranchBase (/opt/vscodium-bin/resources/app/extensions/git/dist/main.js:2:1020798)
	at async t.GitHistoryProvider.resolveHEADMergeBase (/opt/vscodium-bin/resources/app/extensions/git/dist/main.js:2:948359)
	at async t.GitHistoryProvider.onDidRunGitStatus (/opt/vscodium-bin/resources/app/extensions/git/dist/main.js:2:941686)
2024-09-17 20:16:21.931 [error] Error: No such branch: master.
	at N.getBranch (/opt/vscodium-bin/resources/app/extensions/git/dist/main.js:2:937064)
	at async T.retryRun (/opt/vscodium-bin/resources/app/extensions/git/dist/main.js:2:1032765)
	at async T.run (/opt/vscodium-bin/resources/app/extensions/git/dist/main.js:2:1032369)
	at async T.getBranch (/opt/vscodium-bin/resources/app/extensions/git/dist/main.js:2:1020512)
	at async T.getBranchBase (/opt/vscodium-bin/resources/app/extensions/git/dist/main.js:2:1020798)
	at async t.GitHistoryProvider.resolveHEADMergeBase (/opt/vscodium-bin/resources/app/extensions/git/dist/main.js:2:948359)
	at async t.GitHistoryProvider.onDidRunGitStatus (/opt/vscodium-bin/resources/app/extensions/git/dist/main.js:2:941686)
2024-09-17 20:16:29.723 [error] Error: No such branch: master.
	at N.getBranch (/opt/vscodium-bin/resources/app/extensions/git/dist/main.js:2:937064)
	at async T.retryRun (/opt/vscodium-bin/resources/app/extensions/git/dist/main.js:2:1032765)
	at async T.run (/opt/vscodium-bin/resources/app/extensions/git/dist/main.js:2:1032369)
	at async T.getBranch (/opt/vscodium-bin/resources/app/extensions/git/dist/main.js:2:1020512)
	at async T.getBranchBase (/opt/vscodium-bin/resources/app/extensions/git/dist/main.js:2:1020798)
	at async t.GitHistoryProvider.resolveHEADMergeBase (/opt/vscodium-bin/resources/app/extensions/git/dist/main.js:2:948359)
	at async t.GitHistoryProvider.onDidRunGitStatus (/opt/vscodium-bin/resources/app/extensions/git/dist/main.js:2:941686)
2024-09-17 20:17:06.824 [error] Error: No such branch: master.
	at N.getBranch (/opt/vscodium-bin/resources/app/extensions/git/dist/main.js:2:937064)
	at async T.retryRun (/opt/vscodium-bin/resources/app/extensions/git/dist/main.js:2:1032765)
	at async T.run (/opt/vscodium-bin/resources/app/extensions/git/dist/main.js:2:1032369)
	at async T.getBranch (/opt/vscodium-bin/resources/app/extensions/git/dist/main.js:2:1020512)
	at async T.getBranchBase (/opt/vscodium-bin/resources/app/extensions/git/dist/main.js:2:1020798)
	at async t.GitHistoryProvider.resolveHEADMergeBase (/opt/vscodium-bin/resources/app/extensions/git/dist/main.js:2:948359)
	at async t.GitHistoryProvider.onDidRunGitStatus (/opt/vscodium-bin/resources/app/extensions/git/dist/main.js:2:941686)
2024-09-17 20:17:15.028 [error] Error: No such branch: master.
	at N.getBranch (/opt/vscodium-bin/resources/app/extensions/git/dist/main.js:2:937064)
	at async T.retryRun (/opt/vscodium-bin/resources/app/extensions/git/dist/main.js:2:1032765)
	at async T.run (/opt/vscodium-bin/resources/app/extensions/git/dist/main.js:2:1032369)
	at async T.getBranch (/opt/vscodium-bin/resources/app/extensions/git/dist/main.js:2:1020512)
	at async T.getBranchBase (/opt/vscodium-bin/resources/app/extensions/git/dist/main.js:2:1020798)
	at async t.GitHistoryProvider.resolveHEADMergeBase (/opt/vscodium-bin/resources/app/extensions/git/dist/main.js:2:948359)
	at async t.GitHistoryProvider.onDidRunGitStatus (/opt/vscodium-bin/resources/app/extensions/git/dist/main.js:2:941686)
2024-09-17 20:17:20.050 [error] Error: No such branch: master.
	at N.getBranch (/opt/vscodium-bin/resources/app/extensions/git/dist/main.js:2:937064)
	at async T.retryRun (/opt/vscodium-bin/resources/app/extensions/git/dist/main.js:2:1032765)
	at async T.run (/opt/vscodium-bin/resources/app/extensions/git/dist/main.js:2:1032369)
	at async T.getBranch (/opt/vscodium-bin/resources/app/extensions/git/dist/main.js:2:1020512)
	at async T.getBranchBase (/opt/vscodium-bin/resources/app/extensions/git/dist/main.js:2:1020798)
	at async t.GitHistoryProvider.resolveHEADMergeBase (/opt/vscodium-bin/resources/app/extensions/git/dist/main.js:2:948359)
	at async t.GitHistoryProvider.onDidRunGitStatus (/opt/vscodium-bin/resources/app/extensions/git/dist/main.js:2:941686)
2024-09-17 20:17:25.073 [error] Error: No such branch: master.
	at N.getBranch (/opt/vscodium-bin/resources/app/extensions/git/dist/main.js:2:937064)
	at async T.retryRun (/opt/vscodium-bin/resources/app/extensions/git/dist/main.js:2:1032765)
	at async T.run (/opt/vscodium-bin/resources/app/extensions/git/dist/main.js:2:1032369)
	at async T.getBranch (/opt/vscodium-bin/resources/app/extensions/git/dist/main.js:2:1020512)
	at async T.getBranchBase (/opt/vscodium-bin/resources/app/extensions/git/dist/main.js:2:1020798)
	at async t.GitHistoryProvider.resolveHEADMergeBase (/opt/vscodium-bin/resources/app/extensions/git/dist/main.js:2:948359)
	at async t.GitHistoryProvider.onDidRunGitStatus (/opt/vscodium-bin/resources/app/extensions/git/dist/main.js:2:941686)
2024-09-17 20:18:04.078 [error] Error: No such branch: master.
	at N.getBranch (/opt/vscodium-bin/resources/app/extensions/git/dist/main.js:2:937064)
	at async T.retryRun (/opt/vscodium-bin/resources/app/extensions/git/dist/main.js:2:1032765)
	at async T.run (/opt/vscodium-bin/resources/app/extensions/git/dist/main.js:2:1032369)
	at async T.getBranch (/opt/vscodium-bin/resources/app/extensions/git/dist/main.js:2:1020512)
	at async T.getBranchBase (/opt/vscodium-bin/resources/app/extensions/git/dist/main.js:2:1020798)
	at async t.GitHistoryProvider.resolveHEADMergeBase (/opt/vscodium-bin/resources/app/extensions/git/dist/main.js:2:948359)
	at async t.GitHistoryProvider.onDidRunGitStatus (/opt/vscodium-bin/resources/app/extensions/git/dist/main.js:2:941686)
2024-09-17 20:20:25.345 [error] Error: No such branch: master.
	at N.getBranch (/opt/vscodium-bin/resources/app/extensions/git/dist/main.js:2:937064)
	at async T.retryRun (/opt/vscodium-bin/resources/app/extensions/git/dist/main.js:2:1032765)
	at async T.run (/opt/vscodium-bin/resources/app/extensions/git/dist/main.js:2:1032369)
	at async T.getBranch (/opt/vscodium-bin/resources/app/extensions/git/dist/main.js:2:1020512)
	at async T.getBranchBase (/opt/vscodium-bin/resources/app/extensions/git/dist/main.js:2:1020798)
	at async t.GitHistoryProvider.resolveHEADMergeBase (/opt/vscodium-bin/resources/app/extensions/git/dist/main.js:2:948359)
	at async t.GitHistoryProvider.onDidRunGitStatus (/opt/vscodium-bin/resources/app/extensions/git/dist/main.js:2:941686)
2024-09-17 20:20:30.928 [error] Error: No such branch: master.
	at N.getBranch (/opt/vscodium-bin/resources/app/extensions/git/dist/main.js:2:937064)
	at async T.retryRun (/opt/vscodium-bin/resources/app/extensions/git/dist/main.js:2:1032765)
	at async T.run (/opt/vscodium-bin/resources/app/extensions/git/dist/main.js:2:1032369)
	at async T.getBranch (/opt/vscodium-bin/resources/app/extensions/git/dist/main.js:2:1020512)
	at async T.getBranchBase (/opt/vscodium-bin/resources/app/extensions/git/dist/main.js:2:1020798)
	at async t.GitHistoryProvider.resolveHEADMergeBase (/opt/vscodium-bin/resources/app/extensions/git/dist/main.js:2:948359)
	at async t.GitHistoryProvider.onDidRunGitStatus (/opt/vscodium-bin/resources/app/extensions/git/dist/main.js:2:941686)
2024-09-17 20:20:47.154 [error] Error: No such branch: master.
	at N.getBranch (/opt/vscodium-bin/resources/app/extensions/git/dist/main.js:2:937064)
	at async T.retryRun (/opt/vscodium-bin/resources/app/extensions/git/dist/main.js:2:1032765)
	at async T.run (/opt/vscodium-bin/resources/app/extensions/git/dist/main.js:2:1032369)
	at async T.getBranch (/opt/vscodium-bin/resources/app/extensions/git/dist/main.js:2:1020512)
	at async T.getBranchBase (/opt/vscodium-bin/resources/app/extensions/git/dist/main.js:2:1020798)
	at async t.GitHistoryProvider.resolveHEADMergeBase (/opt/vscodium-bin/resources/app/extensions/git/dist/main.js:2:948359)
	at async t.GitHistoryProvider.onDidRunGitStatus (/opt/vscodium-bin/resources/app/extensions/git/dist/main.js:2:941686)
2024-09-17 20:20:52.183 [error] Error: No such branch: master.
	at N.getBranch (/opt/vscodium-bin/resources/app/extensions/git/dist/main.js:2:937064)
	at async T.retryRun (/opt/vscodium-bin/resources/app/extensions/git/dist/main.js:2:1032765)
	at async T.run (/opt/vscodium-bin/resources/app/extensions/git/dist/main.js:2:1032369)
	at async T.getBranch (/opt/vscodium-bin/resources/app/extensions/git/dist/main.js:2:1020512)
	at async T.getBranchBase (/opt/vscodium-bin/resources/app/extensions/git/dist/main.js:2:1020798)
	at async t.GitHistoryProvider.resolveHEADMergeBase (/opt/vscodium-bin/resources/app/extensions/git/dist/main.js:2:948359)
	at async t.GitHistoryProvider.onDidRunGitStatus (/opt/vscodium-bin/resources/app/extensions/git/dist/main.js:2:941686)
2024-09-17 20:20:57.206 [error] Error: No such branch: master.
	at N.getBranch (/opt/vscodium-bin/resources/app/extensions/git/dist/main.js:2:937064)
	at async T.retryRun (/opt/vscodium-bin/resources/app/extensions/git/dist/main.js:2:1032765)
	at async T.run (/opt/vscodium-bin/resources/app/extensions/git/dist/main.js:2:1032369)
	at async T.getBranch (/opt/vscodium-bin/resources/app/extensions/git/dist/main.js:2:1020512)
	at async T.getBranchBase (/opt/vscodium-bin/resources/app/extensions/git/dist/main.js:2:1020798)
	at async t.GitHistoryProvider.resolveHEADMergeBase (/opt/vscodium-bin/resources/app/extensions/git/dist/main.js:2:948359)
	at async t.GitHistoryProvider.onDidRunGitStatus (/opt/vscodium-bin/resources/app/extensions/git/dist/main.js:2:941686)
2024-09-17 20:21:48.469 [error] Error: No such branch: master.
	at N.getBranch (/opt/vscodium-bin/resources/app/extensions/git/dist/main.js:2:937064)
	at async T.retryRun (/opt/vscodium-bin/resources/app/extensions/git/dist/main.js:2:1032765)
	at async T.run (/opt/vscodium-bin/resources/app/extensions/git/dist/main.js:2:1032369)
	at async T.getBranch (/opt/vscodium-bin/resources/app/extensions/git/dist/main.js:2:1020512)
	at async T.getBranchBase (/opt/vscodium-bin/resources/app/extensions/git/dist/main.js:2:1020798)
	at async t.GitHistoryProvider.resolveHEADMergeBase (/opt/vscodium-bin/resources/app/extensions/git/dist/main.js:2:948359)
	at async t.GitHistoryProvider.onDidRunGitStatus (/opt/vscodium-bin/resources/app/extensions/git/dist/main.js:2:941686)
2024-09-17 20:21:53.492 [error] Error: No such branch: master.
	at N.getBranch (/opt/vscodium-bin/resources/app/extensions/git/dist/main.js:2:937064)
	at async T.retryRun (/opt/vscodium-bin/resources/app/extensions/git/dist/main.js:2:1032765)
	at async T.run (/opt/vscodium-bin/resources/app/extensions/git/dist/main.js:2:1032369)
	at async T.getBranch (/opt/vscodium-bin/resources/app/extensions/git/dist/main.js:2:1020512)
	at async T.getBranchBase (/opt/vscodium-bin/resources/app/extensions/git/dist/main.js:2:1020798)
	at async t.GitHistoryProvider.resolveHEADMergeBase (/opt/vscodium-bin/resources/app/extensions/git/dist/main.js:2:948359)
	at async t.GitHistoryProvider.onDidRunGitStatus (/opt/vscodium-bin/resources/app/extensions/git/dist/main.js:2:941686)
2024-09-17 20:21:58.515 [error] Error: No such branch: master.
	at N.getBranch (/opt/vscodium-bin/resources/app/extensions/git/dist/main.js:2:937064)
	at async T.retryRun (/opt/vscodium-bin/resources/app/extensions/git/dist/main.js:2:1032765)
	at async T.run (/opt/vscodium-bin/resources/app/extensions/git/dist/main.js:2:1032369)
	at async T.getBranch (/opt/vscodium-bin/resources/app/extensions/git/dist/main.js:2:1020512)
	at async T.getBranchBase (/opt/vscodium-bin/resources/app/extensions/git/dist/main.js:2:1020798)
	at async t.GitHistoryProvider.resolveHEADMergeBase (/opt/vscodium-bin/resources/app/extensions/git/dist/main.js:2:948359)
	at async t.GitHistoryProvider.onDidRunGitStatus (/opt/vscodium-bin/resources/app/extensions/git/dist/main.js:2:941686)
2024-09-17 20:23:17.817 [error] Error: No such branch: master.
	at N.getBranch (/opt/vscodium-bin/resources/app/extensions/git/dist/main.js:2:937064)
	at async T.retryRun (/opt/vscodium-bin/resources/app/extensions/git/dist/main.js:2:1032765)
	at async T.run (/opt/vscodium-bin/resources/app/extensions/git/dist/main.js:2:1032369)
	at async T.getBranch (/opt/vscodium-bin/resources/app/extensions/git/dist/main.js:2:1020512)
	at async T.getBranchBase (/opt/vscodium-bin/resources/app/extensions/git/dist/main.js:2:1020798)
	at async t.GitHistoryProvider.resolveHEADMergeBase (/opt/vscodium-bin/resources/app/extensions/git/dist/main.js:2:948359)
	at async t.GitHistoryProvider.onDidRunGitStatus (/opt/vscodium-bin/resources/app/extensions/git/dist/main.js:2:941686)
2024-09-17 20:23:22.845 [error] Error: No such branch: master.
	at N.getBranch (/opt/vscodium-bin/resources/app/extensions/git/dist/main.js:2:937064)
	at async T.retryRun (/opt/vscodium-bin/resources/app/extensions/git/dist/main.js:2:1032765)
	at async T.run (/opt/vscodium-bin/resources/app/extensions/git/dist/main.js:2:1032369)
	at async T.getBranch (/opt/vscodium-bin/resources/app/extensions/git/dist/main.js:2:1020512)
	at async T.getBranchBase (/opt/vscodium-bin/resources/app/extensions/git/dist/main.js:2:1020798)
	at async t.GitHistoryProvider.resolveHEADMergeBase (/opt/vscodium-bin/resources/app/extensions/git/dist/main.js:2:948359)
	at async t.GitHistoryProvider.onDidRunGitStatus (/opt/vscodium-bin/resources/app/extensions/git/dist/main.js:2:941686)
2024-09-17 20:23:27.868 [error] Error: No such branch: master.
	at N.getBranch (/opt/vscodium-bin/resources/app/extensions/git/dist/main.js:2:937064)
	at process.processTicksAndRejections (node:internal/process/task_queues:95:5)
	at async T.retryRun (/opt/vscodium-bin/resources/app/extensions/git/dist/main.js:2:1032765)
	at async T.run (/opt/vscodium-bin/resources/app/extensions/git/dist/main.js:2:1032369)
	at async T.getBranch (/opt/vscodium-bin/resources/app/extensions/git/dist/main.js:2:1020512)
	at async T.getBranchBase (/opt/vscodium-bin/resources/app/extensions/git/dist/main.js:2:1020798)
	at async t.GitHistoryProvider.resolveHEADMergeBase (/opt/vscodium-bin/resources/app/extensions/git/dist/main.js:2:948359)
	at async t.GitHistoryProvider.onDidRunGitStatus (/opt/vscodium-bin/resources/app/extensions/git/dist/main.js:2:941686)
2024-09-17 20:23:32.891 [error] Error: No such branch: master.
	at N.getBranch (/opt/vscodium-bin/resources/app/extensions/git/dist/main.js:2:937064)
	at async T.retryRun (/opt/vscodium-bin/resources/app/extensions/git/dist/main.js:2:1032765)
	at async T.run (/opt/vscodium-bin/resources/app/extensions/git/dist/main.js:2:1032369)
	at async T.getBranch (/opt/vscodium-bin/resources/app/extensions/git/dist/main.js:2:1020512)
	at async T.getBranchBase (/opt/vscodium-bin/resources/app/extensions/git/dist/main.js:2:1020798)
	at async t.GitHistoryProvider.resolveHEADMergeBase (/opt/vscodium-bin/resources/app/extensions/git/dist/main.js:2:948359)
	at async t.GitHistoryProvider.onDidRunGitStatus (/opt/vscodium-bin/resources/app/extensions/git/dist/main.js:2:941686)
2024-09-17 20:24:49.502 [error] Error: No such branch: master.
	at N.getBranch (/opt/vscodium-bin/resources/app/extensions/git/dist/main.js:2:937064)
	at async T.retryRun (/opt/vscodium-bin/resources/app/extensions/git/dist/main.js:2:1032765)
	at async T.run (/opt/vscodium-bin/resources/app/extensions/git/dist/main.js:2:1032369)
	at async T.getBranch (/opt/vscodium-bin/resources/app/extensions/git/dist/main.js:2:1020512)
	at async T.getBranchBase (/opt/vscodium-bin/resources/app/extensions/git/dist/main.js:2:1020798)
	at async t.GitHistoryProvider.resolveHEADMergeBase (/opt/vscodium-bin/resources/app/extensions/git/dist/main.js:2:948359)
	at async t.GitHistoryProvider.onDidRunGitStatus (/opt/vscodium-bin/resources/app/extensions/git/dist/main.js:2:941686)
2024-09-17 20:25:13.545 [error] Error: No such branch: master.
	at N.getBranch (/opt/vscodium-bin/resources/app/extensions/git/dist/main.js:2:937064)
	at async T.retryRun (/opt/vscodium-bin/resources/app/extensions/git/dist/main.js:2:1032765)
	at async T.run (/opt/vscodium-bin/resources/app/extensions/git/dist/main.js:2:1032369)
	at async T.getBranch (/opt/vscodium-bin/resources/app/extensions/git/dist/main.js:2:1020512)
	at async T.getBranchBase (/opt/vscodium-bin/resources/app/extensions/git/dist/main.js:2:1020798)
	at async t.GitHistoryProvider.resolveHEADMergeBase (/opt/vscodium-bin/resources/app/extensions/git/dist/main.js:2:948359)
	at async t.GitHistoryProvider.onDidRunGitStatus (/opt/vscodium-bin/resources/app/extensions/git/dist/main.js:2:941686)
2024-09-17 20:25:28.657 [error] Error: No such branch: master.
	at N.getBranch (/opt/vscodium-bin/resources/app/extensions/git/dist/main.js:2:937064)
	at async T.retryRun (/opt/vscodium-bin/resources/app/extensions/git/dist/main.js:2:1032765)
	at async T.run (/opt/vscodium-bin/resources/app/extensions/git/dist/main.js:2:1032369)
	at async T.getBranch (/opt/vscodium-bin/resources/app/extensions/git/dist/main.js:2:1020512)
	at async T.getBranchBase (/opt/vscodium-bin/resources/app/extensions/git/dist/main.js:2:1020798)
	at async t.GitHistoryProvider.resolveHEADMergeBase (/opt/vscodium-bin/resources/app/extensions/git/dist/main.js:2:948359)
	at async t.GitHistoryProvider.onDidRunGitStatus (/opt/vscodium-bin/resources/app/extensions/git/dist/main.js:2:941686)
2024-09-17 20:26:01.967 [error] Error: No such branch: master.
	at N.getBranch (/opt/vscodium-bin/resources/app/extensions/git/dist/main.js:2:937064)
	at async T.retryRun (/opt/vscodium-bin/resources/app/extensions/git/dist/main.js:2:1032765)
	at async T.run (/opt/vscodium-bin/resources/app/extensions/git/dist/main.js:2:1032369)
	at async T.getBranch (/opt/vscodium-bin/resources/app/extensions/git/dist/main.js:2:1020512)
	at async T.getBranchBase (/opt/vscodium-bin/resources/app/extensions/git/dist/main.js:2:1020798)
	at async t.GitHistoryProvider.resolveHEADMergeBase (/opt/vscodium-bin/resources/app/extensions/git/dist/main.js:2:948359)
	at async t.GitHistoryProvider.onDidRunGitStatus (/opt/vscodium-bin/resources/app/extensions/git/dist/main.js:2:941686)
2024-09-17 20:26:06.986 [error] Error: No such branch: master.
	at N.getBranch (/opt/vscodium-bin/resources/app/extensions/git/dist/main.js:2:937064)
	at async T.retryRun (/opt/vscodium-bin/resources/app/extensions/git/dist/main.js:2:1032765)
	at async T.run (/opt/vscodium-bin/resources/app/extensions/git/dist/main.js:2:1032369)
	at async T.getBranch (/opt/vscodium-bin/resources/app/extensions/git/dist/main.js:2:1020512)
	at async T.getBranchBase (/opt/vscodium-bin/resources/app/extensions/git/dist/main.js:2:1020798)
	at async t.GitHistoryProvider.resolveHEADMergeBase (/opt/vscodium-bin/resources/app/extensions/git/dist/main.js:2:948359)
	at async t.GitHistoryProvider.onDidRunGitStatus (/opt/vscodium-bin/resources/app/extensions/git/dist/main.js:2:941686)
2024-09-17 20:26:12.013 [error] Error: No such branch: master.
	at N.getBranch (/opt/vscodium-bin/resources/app/extensions/git/dist/main.js:2:937064)
	at async T.retryRun (/opt/vscodium-bin/resources/app/extensions/git/dist/main.js:2:1032765)
	at async T.run (/opt/vscodium-bin/resources/app/extensions/git/dist/main.js:2:1032369)
	at async T.getBranch (/opt/vscodium-bin/resources/app/extensions/git/dist/main.js:2:1020512)
	at async T.getBranchBase (/opt/vscodium-bin/resources/app/extensions/git/dist/main.js:2:1020798)
	at async t.GitHistoryProvider.resolveHEADMergeBase (/opt/vscodium-bin/resources/app/extensions/git/dist/main.js:2:948359)
	at async t.GitHistoryProvider.onDidRunGitStatus (/opt/vscodium-bin/resources/app/extensions/git/dist/main.js:2:941686)
2024-09-17 20:26:17.517 [error] Error: No such branch: master.
	at N.getBranch (/opt/vscodium-bin/resources/app/extensions/git/dist/main.js:2:937064)
	at async T.retryRun (/opt/vscodium-bin/resources/app/extensions/git/dist/main.js:2:1032765)
	at async T.run (/opt/vscodium-bin/resources/app/extensions/git/dist/main.js:2:1032369)
	at async T.getBranch (/opt/vscodium-bin/resources/app/extensions/git/dist/main.js:2:1020512)
	at async T.getBranchBase (/opt/vscodium-bin/resources/app/extensions/git/dist/main.js:2:1020798)
	at async t.GitHistoryProvider.resolveHEADMergeBase (/opt/vscodium-bin/resources/app/extensions/git/dist/main.js:2:948359)
	at async t.GitHistoryProvider.onDidRunGitStatus (/opt/vscodium-bin/resources/app/extensions/git/dist/main.js:2:941686)
2024-09-17 20:26:26.616 [error] Error: No such branch: master.
	at N.getBranch (/opt/vscodium-bin/resources/app/extensions/git/dist/main.js:2:937064)
	at async T.retryRun (/opt/vscodium-bin/resources/app/extensions/git/dist/main.js:2:1032765)
	at async T.run (/opt/vscodium-bin/resources/app/extensions/git/dist/main.js:2:1032369)
	at async T.getBranch (/opt/vscodium-bin/resources/app/extensions/git/dist/main.js:2:1020512)
	at async T.getBranchBase (/opt/vscodium-bin/resources/app/extensions/git/dist/main.js:2:1020798)
	at async t.GitHistoryProvider.resolveHEADMergeBase (/opt/vscodium-bin/resources/app/extensions/git/dist/main.js:2:948359)
	at async t.GitHistoryProvider.onDidRunGitStatus (/opt/vscodium-bin/resources/app/extensions/git/dist/main.js:2:941686)
2024-09-17 20:26:31.638 [error] Error: No such branch: master.
	at N.getBranch (/opt/vscodium-bin/resources/app/extensions/git/dist/main.js:2:937064)
	at async T.retryRun (/opt/vscodium-bin/resources/app/extensions/git/dist/main.js:2:1032765)
	at async T.run (/opt/vscodium-bin/resources/app/extensions/git/dist/main.js:2:1032369)
	at async T.getBranch (/opt/vscodium-bin/resources/app/extensions/git/dist/main.js:2:1020512)
	at async T.getBranchBase (/opt/vscodium-bin/resources/app/extensions/git/dist/main.js:2:1020798)
	at async t.GitHistoryProvider.resolveHEADMergeBase (/opt/vscodium-bin/resources/app/extensions/git/dist/main.js:2:948359)
	at async t.GitHistoryProvider.onDidRunGitStatus (/opt/vscodium-bin/resources/app/extensions/git/dist/main.js:2:941686)
2024-09-17 20:26:36.981 [error] Error: No such branch: master.
	at N.getBranch (/opt/vscodium-bin/resources/app/extensions/git/dist/main.js:2:937064)
	at async T.retryRun (/opt/vscodium-bin/resources/app/extensions/git/dist/main.js:2:1032765)
	at async T.run (/opt/vscodium-bin/resources/app/extensions/git/dist/main.js:2:1032369)
	at async T.getBranch (/opt/vscodium-bin/resources/app/extensions/git/dist/main.js:2:1020512)
	at async T.getBranchBase (/opt/vscodium-bin/resources/app/extensions/git/dist/main.js:2:1020798)
	at async t.GitHistoryProvider.resolveHEADMergeBase (/opt/vscodium-bin/resources/app/extensions/git/dist/main.js:2:948359)
	at async t.GitHistoryProvider.onDidRunGitStatus (/opt/vscodium-bin/resources/app/extensions/git/dist/main.js:2:941686)
2024-09-17 20:27:02.910 [error] Error: No such branch: master.
	at N.getBranch (/opt/vscodium-bin/resources/app/extensions/git/dist/main.js:2:937064)
	at async T.retryRun (/opt/vscodium-bin/resources/app/extensions/git/dist/main.js:2:1032765)
	at async T.run (/opt/vscodium-bin/resources/app/extensions/git/dist/main.js:2:1032369)
	at async T.getBranch (/opt/vscodium-bin/resources/app/extensions/git/dist/main.js:2:1020512)
	at async T.getBranchBase (/opt/vscodium-bin/resources/app/extensions/git/dist/main.js:2:1020798)
	at async t.GitHistoryProvider.resolveHEADMergeBase (/opt/vscodium-bin/resources/app/extensions/git/dist/main.js:2:948359)
	at async t.GitHistoryProvider.onDidRunGitStatus (/opt/vscodium-bin/resources/app/extensions/git/dist/main.js:2:941686)
2024-09-17 20:27:10.040 [error] Error: No such branch: master.
	at N.getBranch (/opt/vscodium-bin/resources/app/extensions/git/dist/main.js:2:937064)
	at async T.retryRun (/opt/vscodium-bin/resources/app/extensions/git/dist/main.js:2:1032765)
	at async T.run (/opt/vscodium-bin/resources/app/extensions/git/dist/main.js:2:1032369)
	at async T.getBranch (/opt/vscodium-bin/resources/app/extensions/git/dist/main.js:2:1020512)
	at async T.getBranchBase (/opt/vscodium-bin/resources/app/extensions/git/dist/main.js:2:1020798)
	at async t.GitHistoryProvider.resolveHEADMergeBase (/opt/vscodium-bin/resources/app/extensions/git/dist/main.js:2:948359)
	at async t.GitHistoryProvider.onDidRunGitStatus (/opt/vscodium-bin/resources/app/extensions/git/dist/main.js:2:941686)
2024-09-17 20:27:15.068 [error] Error: No such branch: master.
	at N.getBranch (/opt/vscodium-bin/resources/app/extensions/git/dist/main.js:2:937064)
	at async T.retryRun (/opt/vscodium-bin/resources/app/extensions/git/dist/main.js:2:1032765)
	at async T.run (/opt/vscodium-bin/resources/app/extensions/git/dist/main.js:2:1032369)
	at async T.getBranch (/opt/vscodium-bin/resources/app/extensions/git/dist/main.js:2:1020512)
	at async T.getBranchBase (/opt/vscodium-bin/resources/app/extensions/git/dist/main.js:2:1020798)
	at async t.GitHistoryProvider.resolveHEADMergeBase (/opt/vscodium-bin/resources/app/extensions/git/dist/main.js:2:948359)
	at async t.GitHistoryProvider.onDidRunGitStatus (/opt/vscodium-bin/resources/app/extensions/git/dist/main.js:2:941686)
2024-09-17 20:27:20.094 [error] Error: No such branch: master.
	at N.getBranch (/opt/vscodium-bin/resources/app/extensions/git/dist/main.js:2:937064)
	at async T.retryRun (/opt/vscodium-bin/resources/app/extensions/git/dist/main.js:2:1032765)
	at async T.run (/opt/vscodium-bin/resources/app/extensions/git/dist/main.js:2:1032369)
	at async T.getBranch (/opt/vscodium-bin/resources/app/extensions/git/dist/main.js:2:1020512)
	at async T.getBranchBase (/opt/vscodium-bin/resources/app/extensions/git/dist/main.js:2:1020798)
	at async t.GitHistoryProvider.resolveHEADMergeBase (/opt/vscodium-bin/resources/app/extensions/git/dist/main.js:2:948359)
	at async t.GitHistoryProvider.onDidRunGitStatus (/opt/vscodium-bin/resources/app/extensions/git/dist/main.js:2:941686)
2024-09-17 20:27:25.118 [error] Error: No such branch: master.
	at N.getBranch (/opt/vscodium-bin/resources/app/extensions/git/dist/main.js:2:937064)
	at async T.retryRun (/opt/vscodium-bin/resources/app/extensions/git/dist/main.js:2:1032765)
	at async T.run (/opt/vscodium-bin/resources/app/extensions/git/dist/main.js:2:1032369)
	at async T.getBranch (/opt/vscodium-bin/resources/app/extensions/git/dist/main.js:2:1020512)
	at async T.getBranchBase (/opt/vscodium-bin/resources/app/extensions/git/dist/main.js:2:1020798)
	at async t.GitHistoryProvider.resolveHEADMergeBase (/opt/vscodium-bin/resources/app/extensions/git/dist/main.js:2:948359)
	at async t.GitHistoryProvider.onDidRunGitStatus (/opt/vscodium-bin/resources/app/extensions/git/dist/main.js:2:941686)
2024-09-17 20:29:21.119 [error] Error: No such branch: master.
	at N.getBranch (/opt/vscodium-bin/resources/app/extensions/git/dist/main.js:2:937064)
	at async T.retryRun (/opt/vscodium-bin/resources/app/extensions/git/dist/main.js:2:1032765)
	at async T.run (/opt/vscodium-bin/resources/app/extensions/git/dist/main.js:2:1032369)
	at async T.getBranch (/opt/vscodium-bin/resources/app/extensions/git/dist/main.js:2:1020512)
	at async T.getBranchBase (/opt/vscodium-bin/resources/app/extensions/git/dist/main.js:2:1020798)
	at async t.GitHistoryProvider.resolveHEADMergeBase (/opt/vscodium-bin/resources/app/extensions/git/dist/main.js:2:948359)
	at async t.GitHistoryProvider.onDidRunGitStatus (/opt/vscodium-bin/resources/app/extensions/git/dist/main.js:2:941686)
2024-09-17 20:29:26.511 [error] Error: No such branch: master.
	at N.getBranch (/opt/vscodium-bin/resources/app/extensions/git/dist/main.js:2:937064)
	at async T.retryRun (/opt/vscodium-bin/resources/app/extensions/git/dist/main.js:2:1032765)
	at async T.run (/opt/vscodium-bin/resources/app/extensions/git/dist/main.js:2:1032369)
	at async T.getBranch (/opt/vscodium-bin/resources/app/extensions/git/dist/main.js:2:1020512)
	at async T.getBranchBase (/opt/vscodium-bin/resources/app/extensions/git/dist/main.js:2:1020798)
	at async t.GitHistoryProvider.resolveHEADMergeBase (/opt/vscodium-bin/resources/app/extensions/git/dist/main.js:2:948359)
	at async t.GitHistoryProvider.onDidRunGitStatus (/opt/vscodium-bin/resources/app/extensions/git/dist/main.js:2:941686)
2024-09-17 20:29:31.533 [error] Error: No such branch: master.
	at N.getBranch (/opt/vscodium-bin/resources/app/extensions/git/dist/main.js:2:937064)
	at async T.retryRun (/opt/vscodium-bin/resources/app/extensions/git/dist/main.js:2:1032765)
	at async T.run (/opt/vscodium-bin/resources/app/extensions/git/dist/main.js:2:1032369)
	at async T.getBranch (/opt/vscodium-bin/resources/app/extensions/git/dist/main.js:2:1020512)
	at async T.getBranchBase (/opt/vscodium-bin/resources/app/extensions/git/dist/main.js:2:1020798)
	at async t.GitHistoryProvider.resolveHEADMergeBase (/opt/vscodium-bin/resources/app/extensions/git/dist/main.js:2:948359)
	at async t.GitHistoryProvider.onDidRunGitStatus (/opt/vscodium-bin/resources/app/extensions/git/dist/main.js:2:941686)
2024-09-17 20:29:36.555 [error] Error: No such branch: master.
	at N.getBranch (/opt/vscodium-bin/resources/app/extensions/git/dist/main.js:2:937064)
	at async T.retryRun (/opt/vscodium-bin/resources/app/extensions/git/dist/main.js:2:1032765)
	at async T.run (/opt/vscodium-bin/resources/app/extensions/git/dist/main.js:2:1032369)
	at async T.getBranch (/opt/vscodium-bin/resources/app/extensions/git/dist/main.js:2:1020512)
	at async T.getBranchBase (/opt/vscodium-bin/resources/app/extensions/git/dist/main.js:2:1020798)
	at async t.GitHistoryProvider.resolveHEADMergeBase (/opt/vscodium-bin/resources/app/extensions/git/dist/main.js:2:948359)
	at async t.GitHistoryProvider.onDidRunGitStatus (/opt/vscodium-bin/resources/app/extensions/git/dist/main.js:2:941686)
2024-09-17 20:29:56.856 [error] Error: No such branch: master.
	at N.getBranch (/opt/vscodium-bin/resources/app/extensions/git/dist/main.js:2:937064)
	at async T.retryRun (/opt/vscodium-bin/resources/app/extensions/git/dist/main.js:2:1032765)
	at async T.run (/opt/vscodium-bin/resources/app/extensions/git/dist/main.js:2:1032369)
	at async T.getBranch (/opt/vscodium-bin/resources/app/extensions/git/dist/main.js:2:1020512)
	at async T.getBranchBase (/opt/vscodium-bin/resources/app/extensions/git/dist/main.js:2:1020798)
	at async t.GitHistoryProvider.resolveHEADMergeBase (/opt/vscodium-bin/resources/app/extensions/git/dist/main.js:2:948359)
	at async t.GitHistoryProvider.onDidRunGitStatus (/opt/vscodium-bin/resources/app/extensions/git/dist/main.js:2:941686)
2024-09-17 20:30:01.881 [error] Error: No such branch: master.
	at N.getBranch (/opt/vscodium-bin/resources/app/extensions/git/dist/main.js:2:937064)
	at async T.retryRun (/opt/vscodium-bin/resources/app/extensions/git/dist/main.js:2:1032765)
	at async T.run (/opt/vscodium-bin/resources/app/extensions/git/dist/main.js:2:1032369)
	at async T.getBranch (/opt/vscodium-bin/resources/app/extensions/git/dist/main.js:2:1020512)
	at async T.getBranchBase (/opt/vscodium-bin/resources/app/extensions/git/dist/main.js:2:1020798)
	at async t.GitHistoryProvider.resolveHEADMergeBase (/opt/vscodium-bin/resources/app/extensions/git/dist/main.js:2:948359)
	at async t.GitHistoryProvider.onDidRunGitStatus (/opt/vscodium-bin/resources/app/extensions/git/dist/main.js:2:941686)
2024-09-17 20:30:09.373 [error] Error: No such branch: master.
	at N.getBranch (/opt/vscodium-bin/resources/app/extensions/git/dist/main.js:2:937064)
	at async T.retryRun (/opt/vscodium-bin/resources/app/extensions/git/dist/main.js:2:1032765)
	at async T.run (/opt/vscodium-bin/resources/app/extensions/git/dist/main.js:2:1032369)
	at async T.getBranch (/opt/vscodium-bin/resources/app/extensions/git/dist/main.js:2:1020512)
	at async T.getBranchBase (/opt/vscodium-bin/resources/app/extensions/git/dist/main.js:2:1020798)
	at async t.GitHistoryProvider.resolveHEADMergeBase (/opt/vscodium-bin/resources/app/extensions/git/dist/main.js:2:948359)
	at async t.GitHistoryProvider.onDidRunGitStatus (/opt/vscodium-bin/resources/app/extensions/git/dist/main.js:2:941686)
2024-09-17 20:30:20.696 [error] Error: No such branch: master.
	at N.getBranch (/opt/vscodium-bin/resources/app/extensions/git/dist/main.js:2:937064)
	at async T.retryRun (/opt/vscodium-bin/resources/app/extensions/git/dist/main.js:2:1032765)
	at async T.run (/opt/vscodium-bin/resources/app/extensions/git/dist/main.js:2:1032369)
	at async T.getBranch (/opt/vscodium-bin/resources/app/extensions/git/dist/main.js:2:1020512)
	at async T.getBranchBase (/opt/vscodium-bin/resources/app/extensions/git/dist/main.js:2:1020798)
	at async t.GitHistoryProvider.resolveHEADMergeBase (/opt/vscodium-bin/resources/app/extensions/git/dist/main.js:2:948359)
	at async t.GitHistoryProvider.onDidRunGitStatus (/opt/vscodium-bin/resources/app/extensions/git/dist/main.js:2:941686)
2024-09-17 20:30:25.715 [error] Error: No such branch: master.
	at N.getBranch (/opt/vscodium-bin/resources/app/extensions/git/dist/main.js:2:937064)
	at async T.retryRun (/opt/vscodium-bin/resources/app/extensions/git/dist/main.js:2:1032765)
	at async T.run (/opt/vscodium-bin/resources/app/extensions/git/dist/main.js:2:1032369)
	at async T.getBranch (/opt/vscodium-bin/resources/app/extensions/git/dist/main.js:2:1020512)
	at async T.getBranchBase (/opt/vscodium-bin/resources/app/extensions/git/dist/main.js:2:1020798)
	at async t.GitHistoryProvider.resolveHEADMergeBase (/opt/vscodium-bin/resources/app/extensions/git/dist/main.js:2:948359)
	at async t.GitHistoryProvider.onDidRunGitStatus (/opt/vscodium-bin/resources/app/extensions/git/dist/main.js:2:941686)
2024-09-17 20:30:32.563 [error] Error: No such branch: master.
	at N.getBranch (/opt/vscodium-bin/resources/app/extensions/git/dist/main.js:2:937064)
	at async T.retryRun (/opt/vscodium-bin/resources/app/extensions/git/dist/main.js:2:1032765)
	at async T.run (/opt/vscodium-bin/resources/app/extensions/git/dist/main.js:2:1032369)
	at async T.getBranch (/opt/vscodium-bin/resources/app/extensions/git/dist/main.js:2:1020512)
	at async T.getBranchBase (/opt/vscodium-bin/resources/app/extensions/git/dist/main.js:2:1020798)
	at async t.GitHistoryProvider.resolveHEADMergeBase (/opt/vscodium-bin/resources/app/extensions/git/dist/main.js:2:948359)
	at async t.GitHistoryProvider.onDidRunGitStatus (/opt/vscodium-bin/resources/app/extensions/git/dist/main.js:2:941686)
2024-09-17 20:32:38.249 [error] Error: No such branch: master.
	at N.getBranch (/opt/vscodium-bin/resources/app/extensions/git/dist/main.js:2:937064)
	at async T.retryRun (/opt/vscodium-bin/resources/app/extensions/git/dist/main.js:2:1032765)
	at async T.run (/opt/vscodium-bin/resources/app/extensions/git/dist/main.js:2:1032369)
	at async T.getBranch (/opt/vscodium-bin/resources/app/extensions/git/dist/main.js:2:1020512)
	at async T.getBranchBase (/opt/vscodium-bin/resources/app/extensions/git/dist/main.js:2:1020798)
	at async t.GitHistoryProvider.resolveHEADMergeBase (/opt/vscodium-bin/resources/app/extensions/git/dist/main.js:2:948359)
	at async t.GitHistoryProvider.onDidRunGitStatus (/opt/vscodium-bin/resources/app/extensions/git/dist/main.js:2:941686)
2024-09-17 20:32:48.429 [error] Error: No such branch: master.
	at N.getBranch (/opt/vscodium-bin/resources/app/extensions/git/dist/main.js:2:937064)
	at async T.retryRun (/opt/vscodium-bin/resources/app/extensions/git/dist/main.js:2:1032765)
	at async T.run (/opt/vscodium-bin/resources/app/extensions/git/dist/main.js:2:1032369)
	at async T.getBranch (/opt/vscodium-bin/resources/app/extensions/git/dist/main.js:2:1020512)
	at async T.getBranchBase (/opt/vscodium-bin/resources/app/extensions/git/dist/main.js:2:1020798)
	at async t.GitHistoryProvider.resolveHEADMergeBase (/opt/vscodium-bin/resources/app/extensions/git/dist/main.js:2:948359)
	at async t.GitHistoryProvider.onDidRunGitStatus (/opt/vscodium-bin/resources/app/extensions/git/dist/main.js:2:941686)
2024-09-17 20:33:04.031 [error] Error: No such branch: master.
	at N.getBranch (/opt/vscodium-bin/resources/app/extensions/git/dist/main.js:2:937064)
	at async T.retryRun (/opt/vscodium-bin/resources/app/extensions/git/dist/main.js:2:1032765)
	at async T.run (/opt/vscodium-bin/resources/app/extensions/git/dist/main.js:2:1032369)
	at async T.getBranch (/opt/vscodium-bin/resources/app/extensions/git/dist/main.js:2:1020512)
	at async T.getBranchBase (/opt/vscodium-bin/resources/app/extensions/git/dist/main.js:2:1020798)
	at async t.GitHistoryProvider.resolveHEADMergeBase (/opt/vscodium-bin/resources/app/extensions/git/dist/main.js:2:948359)
	at async t.GitHistoryProvider.onDidRunGitStatus (/opt/vscodium-bin/resources/app/extensions/git/dist/main.js:2:941686)
2024-09-17 20:33:17.794 [error] Error: No such branch: master.
	at N.getBranch (/opt/vscodium-bin/resources/app/extensions/git/dist/main.js:2:937064)
	at async T.retryRun (/opt/vscodium-bin/resources/app/extensions/git/dist/main.js:2:1032765)
	at async T.run (/opt/vscodium-bin/resources/app/extensions/git/dist/main.js:2:1032369)
	at async T.getBranch (/opt/vscodium-bin/resources/app/extensions/git/dist/main.js:2:1020512)
	at async T.getBranchBase (/opt/vscodium-bin/resources/app/extensions/git/dist/main.js:2:1020798)
	at async t.GitHistoryProvider.resolveHEADMergeBase (/opt/vscodium-bin/resources/app/extensions/git/dist/main.js:2:948359)
	at async t.GitHistoryProvider.onDidRunGitStatus (/opt/vscodium-bin/resources/app/extensions/git/dist/main.js:2:941686)
2024-09-17 20:33:23.602 [error] Error: No such branch: master.
	at N.getBranch (/opt/vscodium-bin/resources/app/extensions/git/dist/main.js:2:937064)
	at async T.retryRun (/opt/vscodium-bin/resources/app/extensions/git/dist/main.js:2:1032765)
	at async T.run (/opt/vscodium-bin/resources/app/extensions/git/dist/main.js:2:1032369)
	at async T.getBranch (/opt/vscodium-bin/resources/app/extensions/git/dist/main.js:2:1020512)
	at async T.getBranchBase (/opt/vscodium-bin/resources/app/extensions/git/dist/main.js:2:1020798)
	at async t.GitHistoryProvider.resolveHEADMergeBase (/opt/vscodium-bin/resources/app/extensions/git/dist/main.js:2:948359)
	at async t.GitHistoryProvider.onDidRunGitStatus (/opt/vscodium-bin/resources/app/extensions/git/dist/main.js:2:941686)
2024-09-17 20:33:29.364 [error] Error: No such branch: master.
	at N.getBranch (/opt/vscodium-bin/resources/app/extensions/git/dist/main.js:2:937064)
	at async T.retryRun (/opt/vscodium-bin/resources/app/extensions/git/dist/main.js:2:1032765)
	at async T.run (/opt/vscodium-bin/resources/app/extensions/git/dist/main.js:2:1032369)
	at async T.getBranch (/opt/vscodium-bin/resources/app/extensions/git/dist/main.js:2:1020512)
	at async T.getBranchBase (/opt/vscodium-bin/resources/app/extensions/git/dist/main.js:2:1020798)
	at async t.GitHistoryProvider.resolveHEADMergeBase (/opt/vscodium-bin/resources/app/extensions/git/dist/main.js:2:948359)
	at async t.GitHistoryProvider.onDidRunGitStatus (/opt/vscodium-bin/resources/app/extensions/git/dist/main.js:2:941686)
2024-09-17 20:33:34.390 [error] Error: No such branch: master.
	at N.getBranch (/opt/vscodium-bin/resources/app/extensions/git/dist/main.js:2:937064)
	at async T.retryRun (/opt/vscodium-bin/resources/app/extensions/git/dist/main.js:2:1032765)
	at async T.run (/opt/vscodium-bin/resources/app/extensions/git/dist/main.js:2:1032369)
	at async T.getBranch (/opt/vscodium-bin/resources/app/extensions/git/dist/main.js:2:1020512)
	at async T.getBranchBase (/opt/vscodium-bin/resources/app/extensions/git/dist/main.js:2:1020798)
	at async t.GitHistoryProvider.resolveHEADMergeBase (/opt/vscodium-bin/resources/app/extensions/git/dist/main.js:2:948359)
	at async t.GitHistoryProvider.onDidRunGitStatus (/opt/vscodium-bin/resources/app/extensions/git/dist/main.js:2:941686)
2024-09-17 20:33:39.413 [error] Error: No such branch: master.
	at N.getBranch (/opt/vscodium-bin/resources/app/extensions/git/dist/main.js:2:937064)
	at async T.retryRun (/opt/vscodium-bin/resources/app/extensions/git/dist/main.js:2:1032765)
	at async T.run (/opt/vscodium-bin/resources/app/extensions/git/dist/main.js:2:1032369)
	at async T.getBranch (/opt/vscodium-bin/resources/app/extensions/git/dist/main.js:2:1020512)
	at async T.getBranchBase (/opt/vscodium-bin/resources/app/extensions/git/dist/main.js:2:1020798)
	at async t.GitHistoryProvider.resolveHEADMergeBase (/opt/vscodium-bin/resources/app/extensions/git/dist/main.js:2:948359)
	at async t.GitHistoryProvider.onDidRunGitStatus (/opt/vscodium-bin/resources/app/extensions/git/dist/main.js:2:941686)
2024-09-17 20:34:01.320 [error] Error: No such branch: master.
	at N.getBranch (/opt/vscodium-bin/resources/app/extensions/git/dist/main.js:2:937064)
	at async T.retryRun (/opt/vscodium-bin/resources/app/extensions/git/dist/main.js:2:1032765)
	at async T.run (/opt/vscodium-bin/resources/app/extensions/git/dist/main.js:2:1032369)
	at async T.getBranch (/opt/vscodium-bin/resources/app/extensions/git/dist/main.js:2:1020512)
	at async T.getBranchBase (/opt/vscodium-bin/resources/app/extensions/git/dist/main.js:2:1020798)
	at async t.GitHistoryProvider.resolveHEADMergeBase (/opt/vscodium-bin/resources/app/extensions/git/dist/main.js:2:948359)
	at async t.GitHistoryProvider.onDidRunGitStatus (/opt/vscodium-bin/resources/app/extensions/git/dist/main.js:2:941686)
2024-09-17 20:34:06.342 [error] Error: No such branch: master.
	at N.getBranch (/opt/vscodium-bin/resources/app/extensions/git/dist/main.js:2:937064)
	at async T.retryRun (/opt/vscodium-bin/resources/app/extensions/git/dist/main.js:2:1032765)
	at async T.run (/opt/vscodium-bin/resources/app/extensions/git/dist/main.js:2:1032369)
	at async T.getBranch (/opt/vscodium-bin/resources/app/extensions/git/dist/main.js:2:1020512)
	at async T.getBranchBase (/opt/vscodium-bin/resources/app/extensions/git/dist/main.js:2:1020798)
	at async t.GitHistoryProvider.resolveHEADMergeBase (/opt/vscodium-bin/resources/app/extensions/git/dist/main.js:2:948359)
	at async t.GitHistoryProvider.onDidRunGitStatus (/opt/vscodium-bin/resources/app/extensions/git/dist/main.js:2:941686)
2024-09-17 20:35:09.691 [error] Error: No such branch: master.
	at N.getBranch (/opt/vscodium-bin/resources/app/extensions/git/dist/main.js:2:937064)
	at async T.retryRun (/opt/vscodium-bin/resources/app/extensions/git/dist/main.js:2:1032765)
	at async T.run (/opt/vscodium-bin/resources/app/extensions/git/dist/main.js:2:1032369)
	at async T.getBranch (/opt/vscodium-bin/resources/app/extensions/git/dist/main.js:2:1020512)
	at async T.getBranchBase (/opt/vscodium-bin/resources/app/extensions/git/dist/main.js:2:1020798)
	at async t.GitHistoryProvider.resolveHEADMergeBase (/opt/vscodium-bin/resources/app/extensions/git/dist/main.js:2:948359)
	at async t.GitHistoryProvider.onDidRunGitStatus (/opt/vscodium-bin/resources/app/extensions/git/dist/main.js:2:941686)
2024-09-17 20:35:19.843 [error] Error: No such branch: master.
	at N.getBranch (/opt/vscodium-bin/resources/app/extensions/git/dist/main.js:2:937064)
	at async T.retryRun (/opt/vscodium-bin/resources/app/extensions/git/dist/main.js:2:1032765)
	at async T.run (/opt/vscodium-bin/resources/app/extensions/git/dist/main.js:2:1032369)
	at async T.getBranch (/opt/vscodium-bin/resources/app/extensions/git/dist/main.js:2:1020512)
	at async T.getBranchBase (/opt/vscodium-bin/resources/app/extensions/git/dist/main.js:2:1020798)
	at async t.GitHistoryProvider.resolveHEADMergeBase (/opt/vscodium-bin/resources/app/extensions/git/dist/main.js:2:948359)
	at async t.GitHistoryProvider.onDidRunGitStatus (/opt/vscodium-bin/resources/app/extensions/git/dist/main.js:2:941686)
2024-09-17 20:35:32.705 [error] Error: No such branch: master.
	at N.getBranch (/opt/vscodium-bin/resources/app/extensions/git/dist/main.js:2:937064)
	at async T.retryRun (/opt/vscodium-bin/resources/app/extensions/git/dist/main.js:2:1032765)
	at async T.run (/opt/vscodium-bin/resources/app/extensions/git/dist/main.js:2:1032369)
	at async T.getBranch (/opt/vscodium-bin/resources/app/extensions/git/dist/main.js:2:1020512)
	at async T.getBranchBase (/opt/vscodium-bin/resources/app/extensions/git/dist/main.js:2:1020798)
	at async t.GitHistoryProvider.resolveHEADMergeBase (/opt/vscodium-bin/resources/app/extensions/git/dist/main.js:2:948359)
	at async t.GitHistoryProvider.onDidRunGitStatus (/opt/vscodium-bin/resources/app/extensions/git/dist/main.js:2:941686)
2024-09-17 20:38:19.756 [error] Error: No such branch: master.
	at N.getBranch (/opt/vscodium-bin/resources/app/extensions/git/dist/main.js:2:937064)
	at async T.retryRun (/opt/vscodium-bin/resources/app/extensions/git/dist/main.js:2:1032765)
	at async T.run (/opt/vscodium-bin/resources/app/extensions/git/dist/main.js:2:1032369)
	at async T.getBranch (/opt/vscodium-bin/resources/app/extensions/git/dist/main.js:2:1020512)
	at async T.getBranchBase (/opt/vscodium-bin/resources/app/extensions/git/dist/main.js:2:1020798)
	at async t.GitHistoryProvider.resolveHEADMergeBase (/opt/vscodium-bin/resources/app/extensions/git/dist/main.js:2:948359)
	at async t.GitHistoryProvider.onDidRunGitStatus (/opt/vscodium-bin/resources/app/extensions/git/dist/main.js:2:941686)
2024-09-17 20:39:05.655 [error] Error: No such branch: master.
	at N.getBranch (/opt/vscodium-bin/resources/app/extensions/git/dist/main.js:2:937064)
	at process.processTicksAndRejections (node:internal/process/task_queues:95:5)
	at async T.retryRun (/opt/vscodium-bin/resources/app/extensions/git/dist/main.js:2:1032765)
	at async T.run (/opt/vscodium-bin/resources/app/extensions/git/dist/main.js:2:1032369)
	at async T.getBranch (/opt/vscodium-bin/resources/app/extensions/git/dist/main.js:2:1020512)
	at async T.getBranchBase (/opt/vscodium-bin/resources/app/extensions/git/dist/main.js:2:1020798)
	at async t.GitHistoryProvider.resolveHEADMergeBase (/opt/vscodium-bin/resources/app/extensions/git/dist/main.js:2:948359)
	at async t.GitHistoryProvider.onDidRunGitStatus (/opt/vscodium-bin/resources/app/extensions/git/dist/main.js:2:941686)
2024-09-17 20:39:15.012 [error] Error: No such branch: master.
	at N.getBranch (/opt/vscodium-bin/resources/app/extensions/git/dist/main.js:2:937064)
	at async T.retryRun (/opt/vscodium-bin/resources/app/extensions/git/dist/main.js:2:1032765)
	at async T.run (/opt/vscodium-bin/resources/app/extensions/git/dist/main.js:2:1032369)
	at async T.getBranch (/opt/vscodium-bin/resources/app/extensions/git/dist/main.js:2:1020512)
	at async T.getBranchBase (/opt/vscodium-bin/resources/app/extensions/git/dist/main.js:2:1020798)
	at async t.GitHistoryProvider.resolveHEADMergeBase (/opt/vscodium-bin/resources/app/extensions/git/dist/main.js:2:948359)
	at async t.GitHistoryProvider.onDidRunGitStatus (/opt/vscodium-bin/resources/app/extensions/git/dist/main.js:2:941686)
2024-09-17 20:39:20.031 [error] Error: No such branch: master.
	at N.getBranch (/opt/vscodium-bin/resources/app/extensions/git/dist/main.js:2:937064)
	at async T.retryRun (/opt/vscodium-bin/resources/app/extensions/git/dist/main.js:2:1032765)
	at async T.run (/opt/vscodium-bin/resources/app/extensions/git/dist/main.js:2:1032369)
	at async T.getBranch (/opt/vscodium-bin/resources/app/extensions/git/dist/main.js:2:1020512)
	at async T.getBranchBase (/opt/vscodium-bin/resources/app/extensions/git/dist/main.js:2:1020798)
	at async t.GitHistoryProvider.resolveHEADMergeBase (/opt/vscodium-bin/resources/app/extensions/git/dist/main.js:2:948359)
	at async t.GitHistoryProvider.onDidRunGitStatus (/opt/vscodium-bin/resources/app/extensions/git/dist/main.js:2:941686)
2024-09-17 20:39:30.381 [error] Error: No such branch: master.
	at N.getBranch (/opt/vscodium-bin/resources/app/extensions/git/dist/main.js:2:937064)
	at async T.retryRun (/opt/vscodium-bin/resources/app/extensions/git/dist/main.js:2:1032765)
	at async T.run (/opt/vscodium-bin/resources/app/extensions/git/dist/main.js:2:1032369)
	at async T.getBranch (/opt/vscodium-bin/resources/app/extensions/git/dist/main.js:2:1020512)
	at async T.getBranchBase (/opt/vscodium-bin/resources/app/extensions/git/dist/main.js:2:1020798)
	at async t.GitHistoryProvider.resolveHEADMergeBase (/opt/vscodium-bin/resources/app/extensions/git/dist/main.js:2:948359)
	at async t.GitHistoryProvider.onDidRunGitStatus (/opt/vscodium-bin/resources/app/extensions/git/dist/main.js:2:941686)
2024-09-17 20:39:55.054 [error] Error: No such branch: master.
	at N.getBranch (/opt/vscodium-bin/resources/app/extensions/git/dist/main.js:2:937064)
	at async T.retryRun (/opt/vscodium-bin/resources/app/extensions/git/dist/main.js:2:1032765)
	at async T.run (/opt/vscodium-bin/resources/app/extensions/git/dist/main.js:2:1032369)
	at async T.getBranch (/opt/vscodium-bin/resources/app/extensions/git/dist/main.js:2:1020512)
	at async T.getBranchBase (/opt/vscodium-bin/resources/app/extensions/git/dist/main.js:2:1020798)
	at async t.GitHistoryProvider.resolveHEADMergeBase (/opt/vscodium-bin/resources/app/extensions/git/dist/main.js:2:948359)
	at async t.GitHistoryProvider.onDidRunGitStatus (/opt/vscodium-bin/resources/app/extensions/git/dist/main.js:2:941686)
2024-09-17 20:40:20.101 [error] Error: No such branch: master.
	at N.getBranch (/opt/vscodium-bin/resources/app/extensions/git/dist/main.js:2:937064)
	at async T.retryRun (/opt/vscodium-bin/resources/app/extensions/git/dist/main.js:2:1032765)
	at async T.run (/opt/vscodium-bin/resources/app/extensions/git/dist/main.js:2:1032369)
	at async T.getBranch (/opt/vscodium-bin/resources/app/extensions/git/dist/main.js:2:1020512)
	at async T.getBranchBase (/opt/vscodium-bin/resources/app/extensions/git/dist/main.js:2:1020798)
	at async t.GitHistoryProvider.resolveHEADMergeBase (/opt/vscodium-bin/resources/app/extensions/git/dist/main.js:2:948359)
	at async t.GitHistoryProvider.onDidRunGitStatus (/opt/vscodium-bin/resources/app/extensions/git/dist/main.js:2:941686)
2024-09-17 20:40:27.791 [error] Error: No such branch: master.
	at N.getBranch (/opt/vscodium-bin/resources/app/extensions/git/dist/main.js:2:937064)
	at async T.retryRun (/opt/vscodium-bin/resources/app/extensions/git/dist/main.js:2:1032765)
	at async T.run (/opt/vscodium-bin/resources/app/extensions/git/dist/main.js:2:1032369)
	at async T.getBranch (/opt/vscodium-bin/resources/app/extensions/git/dist/main.js:2:1020512)
	at async T.getBranchBase (/opt/vscodium-bin/resources/app/extensions/git/dist/main.js:2:1020798)
	at async t.GitHistoryProvider.resolveHEADMergeBase (/opt/vscodium-bin/resources/app/extensions/git/dist/main.js:2:948359)
	at async t.GitHistoryProvider.onDidRunGitStatus (/opt/vscodium-bin/resources/app/extensions/git/dist/main.js:2:941686)
2024-09-17 20:40:32.814 [error] Error: No such branch: master.
	at N.getBranch (/opt/vscodium-bin/resources/app/extensions/git/dist/main.js:2:937064)
	at async T.retryRun (/opt/vscodium-bin/resources/app/extensions/git/dist/main.js:2:1032765)
	at async T.run (/opt/vscodium-bin/resources/app/extensions/git/dist/main.js:2:1032369)
	at async T.getBranch (/opt/vscodium-bin/resources/app/extensions/git/dist/main.js:2:1020512)
	at async T.getBranchBase (/opt/vscodium-bin/resources/app/extensions/git/dist/main.js:2:1020798)
	at async t.GitHistoryProvider.resolveHEADMergeBase (/opt/vscodium-bin/resources/app/extensions/git/dist/main.js:2:948359)
	at async t.GitHistoryProvider.onDidRunGitStatus (/opt/vscodium-bin/resources/app/extensions/git/dist/main.js:2:941686)
2024-09-17 20:40:37.836 [error] Error: No such branch: master.
	at N.getBranch (/opt/vscodium-bin/resources/app/extensions/git/dist/main.js:2:937064)
	at async T.retryRun (/opt/vscodium-bin/resources/app/extensions/git/dist/main.js:2:1032765)
	at async T.run (/opt/vscodium-bin/resources/app/extensions/git/dist/main.js:2:1032369)
	at async T.getBranch (/opt/vscodium-bin/resources/app/extensions/git/dist/main.js:2:1020512)
	at async T.getBranchBase (/opt/vscodium-bin/resources/app/extensions/git/dist/main.js:2:1020798)
	at async t.GitHistoryProvider.resolveHEADMergeBase (/opt/vscodium-bin/resources/app/extensions/git/dist/main.js:2:948359)
	at async t.GitHistoryProvider.onDidRunGitStatus (/opt/vscodium-bin/resources/app/extensions/git/dist/main.js:2:941686)
2024-09-17 20:40:58.704 [error] Error: No such branch: master.
	at N.getBranch (/opt/vscodium-bin/resources/app/extensions/git/dist/main.js:2:937064)
	at process.processTicksAndRejections (node:internal/process/task_queues:95:5)
	at async T.retryRun (/opt/vscodium-bin/resources/app/extensions/git/dist/main.js:2:1032765)
	at async T.run (/opt/vscodium-bin/resources/app/extensions/git/dist/main.js:2:1032369)
	at async T.getBranch (/opt/vscodium-bin/resources/app/extensions/git/dist/main.js:2:1020512)
	at async T.getBranchBase (/opt/vscodium-bin/resources/app/extensions/git/dist/main.js:2:1020798)
	at async t.GitHistoryProvider.resolveHEADMergeBase (/opt/vscodium-bin/resources/app/extensions/git/dist/main.js:2:948359)
	at async t.GitHistoryProvider.onDidRunGitStatus (/opt/vscodium-bin/resources/app/extensions/git/dist/main.js:2:941686)
2024-09-17 20:41:13.925 [error] Error: No such branch: master.
	at N.getBranch (/opt/vscodium-bin/resources/app/extensions/git/dist/main.js:2:937064)
	at async T.retryRun (/opt/vscodium-bin/resources/app/extensions/git/dist/main.js:2:1032765)
	at async T.run (/opt/vscodium-bin/resources/app/extensions/git/dist/main.js:2:1032369)
	at async T.getBranch (/opt/vscodium-bin/resources/app/extensions/git/dist/main.js:2:1020512)
	at async T.getBranchBase (/opt/vscodium-bin/resources/app/extensions/git/dist/main.js:2:1020798)
	at async t.GitHistoryProvider.resolveHEADMergeBase (/opt/vscodium-bin/resources/app/extensions/git/dist/main.js:2:948359)
	at async t.GitHistoryProvider.onDidRunGitStatus (/opt/vscodium-bin/resources/app/extensions/git/dist/main.js:2:941686)
2024-09-17 20:44:13.250 [error] Error: No such branch: master.
	at N.getBranch (/opt/vscodium-bin/resources/app/extensions/git/dist/main.js:2:937064)
	at async T.retryRun (/opt/vscodium-bin/resources/app/extensions/git/dist/main.js:2:1032765)
	at async T.run (/opt/vscodium-bin/resources/app/extensions/git/dist/main.js:2:1032369)
	at async T.getBranch (/opt/vscodium-bin/resources/app/extensions/git/dist/main.js:2:1020512)
	at async T.getBranchBase (/opt/vscodium-bin/resources/app/extensions/git/dist/main.js:2:1020798)
	at async t.GitHistoryProvider.resolveHEADMergeBase (/opt/vscodium-bin/resources/app/extensions/git/dist/main.js:2:948359)
	at async t.GitHistoryProvider.onDidRunGitStatus (/opt/vscodium-bin/resources/app/extensions/git/dist/main.js:2:941686)
2024-09-17 20:44:29.149 [error] Error: No such branch: master.
	at N.getBranch (/opt/vscodium-bin/resources/app/extensions/git/dist/main.js:2:937064)
	at async T.retryRun (/opt/vscodium-bin/resources/app/extensions/git/dist/main.js:2:1032765)
	at async T.run (/opt/vscodium-bin/resources/app/extensions/git/dist/main.js:2:1032369)
	at async T.getBranch (/opt/vscodium-bin/resources/app/extensions/git/dist/main.js:2:1020512)
	at async T.getBranchBase (/opt/vscodium-bin/resources/app/extensions/git/dist/main.js:2:1020798)
	at async t.GitHistoryProvider.resolveHEADMergeBase (/opt/vscodium-bin/resources/app/extensions/git/dist/main.js:2:948359)
	at async t.GitHistoryProvider.onDidRunGitStatus (/opt/vscodium-bin/resources/app/extensions/git/dist/main.js:2:941686)
2024-09-17 20:44:47.762 [error] Error: No such branch: master.
	at N.getBranch (/opt/vscodium-bin/resources/app/extensions/git/dist/main.js:2:937064)
	at async T.retryRun (/opt/vscodium-bin/resources/app/extensions/git/dist/main.js:2:1032765)
	at async T.run (/opt/vscodium-bin/resources/app/extensions/git/dist/main.js:2:1032369)
	at async T.getBranch (/opt/vscodium-bin/resources/app/extensions/git/dist/main.js:2:1020512)
	at async T.getBranchBase (/opt/vscodium-bin/resources/app/extensions/git/dist/main.js:2:1020798)
	at async t.GitHistoryProvider.resolveHEADMergeBase (/opt/vscodium-bin/resources/app/extensions/git/dist/main.js:2:948359)
	at async t.GitHistoryProvider.onDidRunGitStatus (/opt/vscodium-bin/resources/app/extensions/git/dist/main.js:2:941686)
2024-09-17 20:44:54.920 [error] Error: No such branch: master.
	at N.getBranch (/opt/vscodium-bin/resources/app/extensions/git/dist/main.js:2:937064)
	at async T.retryRun (/opt/vscodium-bin/resources/app/extensions/git/dist/main.js:2:1032765)
	at async T.run (/opt/vscodium-bin/resources/app/extensions/git/dist/main.js:2:1032369)
	at async T.getBranch (/opt/vscodium-bin/resources/app/extensions/git/dist/main.js:2:1020512)
	at async T.getBranchBase (/opt/vscodium-bin/resources/app/extensions/git/dist/main.js:2:1020798)
	at async t.GitHistoryProvider.resolveHEADMergeBase (/opt/vscodium-bin/resources/app/extensions/git/dist/main.js:2:948359)
	at async t.GitHistoryProvider.onDidRunGitStatus (/opt/vscodium-bin/resources/app/extensions/git/dist/main.js:2:941686)
2024-09-17 20:48:18.044 [error] Error: No such branch: master.
	at N.getBranch (/opt/vscodium-bin/resources/app/extensions/git/dist/main.js:2:937064)
	at async T.retryRun (/opt/vscodium-bin/resources/app/extensions/git/dist/main.js:2:1032765)
	at async T.run (/opt/vscodium-bin/resources/app/extensions/git/dist/main.js:2:1032369)
	at async T.getBranch (/opt/vscodium-bin/resources/app/extensions/git/dist/main.js:2:1020512)
	at async T.getBranchBase (/opt/vscodium-bin/resources/app/extensions/git/dist/main.js:2:1020798)
	at async t.GitHistoryProvider.resolveHEADMergeBase (/opt/vscodium-bin/resources/app/extensions/git/dist/main.js:2:948359)
	at async t.GitHistoryProvider.onDidRunGitStatus (/opt/vscodium-bin/resources/app/extensions/git/dist/main.js:2:941686)
2024-09-17 20:48:23.976 [error] Error: No such branch: master.
	at N.getBranch (/opt/vscodium-bin/resources/app/extensions/git/dist/main.js:2:937064)
	at async T.retryRun (/opt/vscodium-bin/resources/app/extensions/git/dist/main.js:2:1032765)
	at async T.run (/opt/vscodium-bin/resources/app/extensions/git/dist/main.js:2:1032369)
	at async T.getBranch (/opt/vscodium-bin/resources/app/extensions/git/dist/main.js:2:1020512)
	at async T.getBranchBase (/opt/vscodium-bin/resources/app/extensions/git/dist/main.js:2:1020798)
	at async t.GitHistoryProvider.resolveHEADMergeBase (/opt/vscodium-bin/resources/app/extensions/git/dist/main.js:2:948359)
	at async t.GitHistoryProvider.onDidRunGitStatus (/opt/vscodium-bin/resources/app/extensions/git/dist/main.js:2:941686)
2024-09-17 20:49:18.446 [error] Error: No such branch: master.
	at N.getBranch (/opt/vscodium-bin/resources/app/extensions/git/dist/main.js:2:937064)
	at async T.retryRun (/opt/vscodium-bin/resources/app/extensions/git/dist/main.js:2:1032765)
	at async T.run (/opt/vscodium-bin/resources/app/extensions/git/dist/main.js:2:1032369)
	at async T.getBranch (/opt/vscodium-bin/resources/app/extensions/git/dist/main.js:2:1020512)
	at async T.getBranchBase (/opt/vscodium-bin/resources/app/extensions/git/dist/main.js:2:1020798)
	at async t.GitHistoryProvider.resolveHEADMergeBase (/opt/vscodium-bin/resources/app/extensions/git/dist/main.js:2:948359)
	at async t.GitHistoryProvider.onDidRunGitStatus (/opt/vscodium-bin/resources/app/extensions/git/dist/main.js:2:941686)
2024-09-17 20:49:24.550 [error] Error: No such branch: master.
	at N.getBranch (/opt/vscodium-bin/resources/app/extensions/git/dist/main.js:2:937064)
	at async T.retryRun (/opt/vscodium-bin/resources/app/extensions/git/dist/main.js:2:1032765)
	at async T.run (/opt/vscodium-bin/resources/app/extensions/git/dist/main.js:2:1032369)
	at async T.getBranch (/opt/vscodium-bin/resources/app/extensions/git/dist/main.js:2:1020512)
	at async T.getBranchBase (/opt/vscodium-bin/resources/app/extensions/git/dist/main.js:2:1020798)
	at async t.GitHistoryProvider.resolveHEADMergeBase (/opt/vscodium-bin/resources/app/extensions/git/dist/main.js:2:948359)
	at async t.GitHistoryProvider.onDidRunGitStatus (/opt/vscodium-bin/resources/app/extensions/git/dist/main.js:2:941686)
2024-09-17 20:49:29.572 [error] Error: No such branch: master.
	at N.getBranch (/opt/vscodium-bin/resources/app/extensions/git/dist/main.js:2:937064)
	at async T.retryRun (/opt/vscodium-bin/resources/app/extensions/git/dist/main.js:2:1032765)
	at async T.run (/opt/vscodium-bin/resources/app/extensions/git/dist/main.js:2:1032369)
	at async T.getBranch (/opt/vscodium-bin/resources/app/extensions/git/dist/main.js:2:1020512)
	at async T.getBranchBase (/opt/vscodium-bin/resources/app/extensions/git/dist/main.js:2:1020798)
	at async t.GitHistoryProvider.resolveHEADMergeBase (/opt/vscodium-bin/resources/app/extensions/git/dist/main.js:2:948359)
	at async t.GitHistoryProvider.onDidRunGitStatus (/opt/vscodium-bin/resources/app/extensions/git/dist/main.js:2:941686)
2024-09-17 20:49:45.253 [error] Error: No such branch: master.
	at N.getBranch (/opt/vscodium-bin/resources/app/extensions/git/dist/main.js:2:937064)
	at async T.retryRun (/opt/vscodium-bin/resources/app/extensions/git/dist/main.js:2:1032765)
	at async T.run (/opt/vscodium-bin/resources/app/extensions/git/dist/main.js:2:1032369)
	at async T.getBranch (/opt/vscodium-bin/resources/app/extensions/git/dist/main.js:2:1020512)
	at async T.getBranchBase (/opt/vscodium-bin/resources/app/extensions/git/dist/main.js:2:1020798)
	at async t.GitHistoryProvider.resolveHEADMergeBase (/opt/vscodium-bin/resources/app/extensions/git/dist/main.js:2:948359)
	at async t.GitHistoryProvider.onDidRunGitStatus (/opt/vscodium-bin/resources/app/extensions/git/dist/main.js:2:941686)
2024-09-17 20:50:01.069 [error] Error: No such branch: master.
	at N.getBranch (/opt/vscodium-bin/resources/app/extensions/git/dist/main.js:2:937064)
	at async T.retryRun (/opt/vscodium-bin/resources/app/extensions/git/dist/main.js:2:1032765)
	at async T.run (/opt/vscodium-bin/resources/app/extensions/git/dist/main.js:2:1032369)
	at async T.getBranch (/opt/vscodium-bin/resources/app/extensions/git/dist/main.js:2:1020512)
	at async T.getBranchBase (/opt/vscodium-bin/resources/app/extensions/git/dist/main.js:2:1020798)
	at async t.GitHistoryProvider.resolveHEADMergeBase (/opt/vscodium-bin/resources/app/extensions/git/dist/main.js:2:948359)
	at async t.GitHistoryProvider.onDidRunGitStatus (/opt/vscodium-bin/resources/app/extensions/git/dist/main.js:2:941686)
2024-09-17 20:50:06.096 [error] Error: No such branch: master.
	at N.getBranch (/opt/vscodium-bin/resources/app/extensions/git/dist/main.js:2:937064)
	at async T.retryRun (/opt/vscodium-bin/resources/app/extensions/git/dist/main.js:2:1032765)
	at async T.run (/opt/vscodium-bin/resources/app/extensions/git/dist/main.js:2:1032369)
	at async T.getBranch (/opt/vscodium-bin/resources/app/extensions/git/dist/main.js:2:1020512)
	at async T.getBranchBase (/opt/vscodium-bin/resources/app/extensions/git/dist/main.js:2:1020798)
	at async t.GitHistoryProvider.resolveHEADMergeBase (/opt/vscodium-bin/resources/app/extensions/git/dist/main.js:2:948359)
	at async t.GitHistoryProvider.onDidRunGitStatus (/opt/vscodium-bin/resources/app/extensions/git/dist/main.js:2:941686)
2024-09-17 20:50:11.120 [error] Error: No such branch: master.
	at N.getBranch (/opt/vscodium-bin/resources/app/extensions/git/dist/main.js:2:937064)
	at async T.retryRun (/opt/vscodium-bin/resources/app/extensions/git/dist/main.js:2:1032765)
	at async T.run (/opt/vscodium-bin/resources/app/extensions/git/dist/main.js:2:1032369)
	at async T.getBranch (/opt/vscodium-bin/resources/app/extensions/git/dist/main.js:2:1020512)
	at async T.getBranchBase (/opt/vscodium-bin/resources/app/extensions/git/dist/main.js:2:1020798)
	at async t.GitHistoryProvider.resolveHEADMergeBase (/opt/vscodium-bin/resources/app/extensions/git/dist/main.js:2:948359)
	at async t.GitHistoryProvider.onDidRunGitStatus (/opt/vscodium-bin/resources/app/extensions/git/dist/main.js:2:941686)
2024-09-17 20:50:16.143 [error] Error: No such branch: master.
	at N.getBranch (/opt/vscodium-bin/resources/app/extensions/git/dist/main.js:2:937064)
	at async T.retryRun (/opt/vscodium-bin/resources/app/extensions/git/dist/main.js:2:1032765)
	at async T.run (/opt/vscodium-bin/resources/app/extensions/git/dist/main.js:2:1032369)
	at async T.getBranch (/opt/vscodium-bin/resources/app/extensions/git/dist/main.js:2:1020512)
	at async T.getBranchBase (/opt/vscodium-bin/resources/app/extensions/git/dist/main.js:2:1020798)
	at async t.GitHistoryProvider.resolveHEADMergeBase (/opt/vscodium-bin/resources/app/extensions/git/dist/main.js:2:948359)
	at async t.GitHistoryProvider.onDidRunGitStatus (/opt/vscodium-bin/resources/app/extensions/git/dist/main.js:2:941686)
2024-09-17 20:50:21.417 [error] Error: No such branch: master.
	at N.getBranch (/opt/vscodium-bin/resources/app/extensions/git/dist/main.js:2:937064)
	at async T.retryRun (/opt/vscodium-bin/resources/app/extensions/git/dist/main.js:2:1032765)
	at async T.run (/opt/vscodium-bin/resources/app/extensions/git/dist/main.js:2:1032369)
	at async T.getBranch (/opt/vscodium-bin/resources/app/extensions/git/dist/main.js:2:1020512)
	at async T.getBranchBase (/opt/vscodium-bin/resources/app/extensions/git/dist/main.js:2:1020798)
	at async t.GitHistoryProvider.resolveHEADMergeBase (/opt/vscodium-bin/resources/app/extensions/git/dist/main.js:2:948359)
	at async t.GitHistoryProvider.onDidRunGitStatus (/opt/vscodium-bin/resources/app/extensions/git/dist/main.js:2:941686)
2024-09-17 20:50:27.892 [error] Error: No such branch: master.
	at N.getBranch (/opt/vscodium-bin/resources/app/extensions/git/dist/main.js:2:937064)
	at async T.retryRun (/opt/vscodium-bin/resources/app/extensions/git/dist/main.js:2:1032765)
	at async T.run (/opt/vscodium-bin/resources/app/extensions/git/dist/main.js:2:1032369)
	at async T.getBranch (/opt/vscodium-bin/resources/app/extensions/git/dist/main.js:2:1020512)
	at async T.getBranchBase (/opt/vscodium-bin/resources/app/extensions/git/dist/main.js:2:1020798)
	at async t.GitHistoryProvider.resolveHEADMergeBase (/opt/vscodium-bin/resources/app/extensions/git/dist/main.js:2:948359)
	at async t.GitHistoryProvider.onDidRunGitStatus (/opt/vscodium-bin/resources/app/extensions/git/dist/main.js:2:941686)
2024-09-17 20:51:00.761 [error] Error: No such branch: master.
	at N.getBranch (/opt/vscodium-bin/resources/app/extensions/git/dist/main.js:2:937064)
	at async T.retryRun (/opt/vscodium-bin/resources/app/extensions/git/dist/main.js:2:1032765)
	at async T.run (/opt/vscodium-bin/resources/app/extensions/git/dist/main.js:2:1032369)
	at async T.getBranch (/opt/vscodium-bin/resources/app/extensions/git/dist/main.js:2:1020512)
	at async T.getBranchBase (/opt/vscodium-bin/resources/app/extensions/git/dist/main.js:2:1020798)
	at async t.GitHistoryProvider.resolveHEADMergeBase (/opt/vscodium-bin/resources/app/extensions/git/dist/main.js:2:948359)
	at async t.GitHistoryProvider.onDidRunGitStatus (/opt/vscodium-bin/resources/app/extensions/git/dist/main.js:2:941686)
2024-09-17 20:51:05.785 [error] Error: No such branch: master.
	at N.getBranch (/opt/vscodium-bin/resources/app/extensions/git/dist/main.js:2:937064)
	at async T.retryRun (/opt/vscodium-bin/resources/app/extensions/git/dist/main.js:2:1032765)
	at async T.run (/opt/vscodium-bin/resources/app/extensions/git/dist/main.js:2:1032369)
	at async T.getBranch (/opt/vscodium-bin/resources/app/extensions/git/dist/main.js:2:1020512)
	at async T.getBranchBase (/opt/vscodium-bin/resources/app/extensions/git/dist/main.js:2:1020798)
	at async t.GitHistoryProvider.resolveHEADMergeBase (/opt/vscodium-bin/resources/app/extensions/git/dist/main.js:2:948359)
	at async t.GitHistoryProvider.onDidRunGitStatus (/opt/vscodium-bin/resources/app/extensions/git/dist/main.js:2:941686)
2024-09-17 20:52:17.352 [error] Error: No such branch: master.
	at N.getBranch (/opt/vscodium-bin/resources/app/extensions/git/dist/main.js:2:937064)
	at async T.retryRun (/opt/vscodium-bin/resources/app/extensions/git/dist/main.js:2:1032765)
	at async T.run (/opt/vscodium-bin/resources/app/extensions/git/dist/main.js:2:1032369)
	at async T.getBranch (/opt/vscodium-bin/resources/app/extensions/git/dist/main.js:2:1020512)
	at async T.getBranchBase (/opt/vscodium-bin/resources/app/extensions/git/dist/main.js:2:1020798)
	at async t.GitHistoryProvider.resolveHEADMergeBase (/opt/vscodium-bin/resources/app/extensions/git/dist/main.js:2:948359)
	at async t.GitHistoryProvider.onDidRunGitStatus (/opt/vscodium-bin/resources/app/extensions/git/dist/main.js:2:941686)
2024-09-17 20:53:17.187 [error] Error: No such branch: master.
	at N.getBranch (/opt/vscodium-bin/resources/app/extensions/git/dist/main.js:2:937064)
	at async T.retryRun (/opt/vscodium-bin/resources/app/extensions/git/dist/main.js:2:1032765)
	at async T.run (/opt/vscodium-bin/resources/app/extensions/git/dist/main.js:2:1032369)
	at async T.getBranch (/opt/vscodium-bin/resources/app/extensions/git/dist/main.js:2:1020512)
	at async T.getBranchBase (/opt/vscodium-bin/resources/app/extensions/git/dist/main.js:2:1020798)
	at async t.GitHistoryProvider.resolveHEADMergeBase (/opt/vscodium-bin/resources/app/extensions/git/dist/main.js:2:948359)
	at async t.GitHistoryProvider.onDidRunGitStatus (/opt/vscodium-bin/resources/app/extensions/git/dist/main.js:2:941686)
2024-09-17 20:53:36.350 [error] Error: No such branch: master.
	at N.getBranch (/opt/vscodium-bin/resources/app/extensions/git/dist/main.js:2:937064)
	at async T.retryRun (/opt/vscodium-bin/resources/app/extensions/git/dist/main.js:2:1032765)
	at async T.run (/opt/vscodium-bin/resources/app/extensions/git/dist/main.js:2:1032369)
	at async T.getBranch (/opt/vscodium-bin/resources/app/extensions/git/dist/main.js:2:1020512)
	at async T.getBranchBase (/opt/vscodium-bin/resources/app/extensions/git/dist/main.js:2:1020798)
	at async t.GitHistoryProvider.resolveHEADMergeBase (/opt/vscodium-bin/resources/app/extensions/git/dist/main.js:2:948359)
	at async t.GitHistoryProvider.onDidRunGitStatus (/opt/vscodium-bin/resources/app/extensions/git/dist/main.js:2:941686)
2024-09-17 20:53:41.373 [error] Error: No such branch: master.
	at N.getBranch (/opt/vscodium-bin/resources/app/extensions/git/dist/main.js:2:937064)
	at async T.retryRun (/opt/vscodium-bin/resources/app/extensions/git/dist/main.js:2:1032765)
	at async T.run (/opt/vscodium-bin/resources/app/extensions/git/dist/main.js:2:1032369)
	at async T.getBranch (/opt/vscodium-bin/resources/app/extensions/git/dist/main.js:2:1020512)
	at async T.getBranchBase (/opt/vscodium-bin/resources/app/extensions/git/dist/main.js:2:1020798)
	at async t.GitHistoryProvider.resolveHEADMergeBase (/opt/vscodium-bin/resources/app/extensions/git/dist/main.js:2:948359)
	at async t.GitHistoryProvider.onDidRunGitStatus (/opt/vscodium-bin/resources/app/extensions/git/dist/main.js:2:941686)
2024-09-17 20:53:58.161 [error] Error: No such branch: master.
	at N.getBranch (/opt/vscodium-bin/resources/app/extensions/git/dist/main.js:2:937064)
	at async T.retryRun (/opt/vscodium-bin/resources/app/extensions/git/dist/main.js:2:1032765)
	at async T.run (/opt/vscodium-bin/resources/app/extensions/git/dist/main.js:2:1032369)
	at async T.getBranch (/opt/vscodium-bin/resources/app/extensions/git/dist/main.js:2:1020512)
	at async T.getBranchBase (/opt/vscodium-bin/resources/app/extensions/git/dist/main.js:2:1020798)
	at async t.GitHistoryProvider.resolveHEADMergeBase (/opt/vscodium-bin/resources/app/extensions/git/dist/main.js:2:948359)
	at async t.GitHistoryProvider.onDidRunGitStatus (/opt/vscodium-bin/resources/app/extensions/git/dist/main.js:2:941686)
2024-09-17 20:54:03.189 [error] Error: No such branch: master.
	at N.getBranch (/opt/vscodium-bin/resources/app/extensions/git/dist/main.js:2:937064)
	at async T.retryRun (/opt/vscodium-bin/resources/app/extensions/git/dist/main.js:2:1032765)
	at async T.run (/opt/vscodium-bin/resources/app/extensions/git/dist/main.js:2:1032369)
	at async T.getBranch (/opt/vscodium-bin/resources/app/extensions/git/dist/main.js:2:1020512)
	at async T.getBranchBase (/opt/vscodium-bin/resources/app/extensions/git/dist/main.js:2:1020798)
	at async t.GitHistoryProvider.resolveHEADMergeBase (/opt/vscodium-bin/resources/app/extensions/git/dist/main.js:2:948359)
	at async t.GitHistoryProvider.onDidRunGitStatus (/opt/vscodium-bin/resources/app/extensions/git/dist/main.js:2:941686)
2024-09-17 20:54:11.349 [error] Error: No such branch: master.
	at N.getBranch (/opt/vscodium-bin/resources/app/extensions/git/dist/main.js:2:937064)
	at async T.retryRun (/opt/vscodium-bin/resources/app/extensions/git/dist/main.js:2:1032765)
	at async T.run (/opt/vscodium-bin/resources/app/extensions/git/dist/main.js:2:1032369)
	at async T.getBranch (/opt/vscodium-bin/resources/app/extensions/git/dist/main.js:2:1020512)
	at async T.getBranchBase (/opt/vscodium-bin/resources/app/extensions/git/dist/main.js:2:1020798)
	at async t.GitHistoryProvider.resolveHEADMergeBase (/opt/vscodium-bin/resources/app/extensions/git/dist/main.js:2:948359)
	at async t.GitHistoryProvider.onDidRunGitStatus (/opt/vscodium-bin/resources/app/extensions/git/dist/main.js:2:941686)
2024-09-17 20:54:37.272 [error] Error: No such branch: master.
	at N.getBranch (/opt/vscodium-bin/resources/app/extensions/git/dist/main.js:2:937064)
	at async T.retryRun (/opt/vscodium-bin/resources/app/extensions/git/dist/main.js:2:1032765)
	at async T.run (/opt/vscodium-bin/resources/app/extensions/git/dist/main.js:2:1032369)
	at async T.getBranch (/opt/vscodium-bin/resources/app/extensions/git/dist/main.js:2:1020512)
	at async T.getBranchBase (/opt/vscodium-bin/resources/app/extensions/git/dist/main.js:2:1020798)
	at async t.GitHistoryProvider.resolveHEADMergeBase (/opt/vscodium-bin/resources/app/extensions/git/dist/main.js:2:948359)
	at async t.GitHistoryProvider.onDidRunGitStatus (/opt/vscodium-bin/resources/app/extensions/git/dist/main.js:2:941686)
2024-09-17 20:54:48.984 [error] Error: No such branch: master.
	at N.getBranch (/opt/vscodium-bin/resources/app/extensions/git/dist/main.js:2:937064)
	at async T.retryRun (/opt/vscodium-bin/resources/app/extensions/git/dist/main.js:2:1032765)
	at async T.run (/opt/vscodium-bin/resources/app/extensions/git/dist/main.js:2:1032369)
	at async T.getBranch (/opt/vscodium-bin/resources/app/extensions/git/dist/main.js:2:1020512)
	at async T.getBranchBase (/opt/vscodium-bin/resources/app/extensions/git/dist/main.js:2:1020798)
	at async t.GitHistoryProvider.resolveHEADMergeBase (/opt/vscodium-bin/resources/app/extensions/git/dist/main.js:2:948359)
	at async t.GitHistoryProvider.onDidRunGitStatus (/opt/vscodium-bin/resources/app/extensions/git/dist/main.js:2:941686)
2024-09-17 20:55:00.593 [error] Error: No such branch: master.
	at N.getBranch (/opt/vscodium-bin/resources/app/extensions/git/dist/main.js:2:937064)
	at async T.retryRun (/opt/vscodium-bin/resources/app/extensions/git/dist/main.js:2:1032765)
	at async T.run (/opt/vscodium-bin/resources/app/extensions/git/dist/main.js:2:1032369)
	at async T.getBranch (/opt/vscodium-bin/resources/app/extensions/git/dist/main.js:2:1020512)
	at async T.getBranchBase (/opt/vscodium-bin/resources/app/extensions/git/dist/main.js:2:1020798)
	at async t.GitHistoryProvider.resolveHEADMergeBase (/opt/vscodium-bin/resources/app/extensions/git/dist/main.js:2:948359)
	at async t.GitHistoryProvider.onDidRunGitStatus (/opt/vscodium-bin/resources/app/extensions/git/dist/main.js:2:941686)
2024-09-17 20:59:23.974 [error] Error: No such branch: master.
	at N.getBranch (/opt/vscodium-bin/resources/app/extensions/git/dist/main.js:2:937064)
	at async T.retryRun (/opt/vscodium-bin/resources/app/extensions/git/dist/main.js:2:1032765)
	at async T.run (/opt/vscodium-bin/resources/app/extensions/git/dist/main.js:2:1032369)
	at async T.getBranch (/opt/vscodium-bin/resources/app/extensions/git/dist/main.js:2:1020512)
	at async T.getBranchBase (/opt/vscodium-bin/resources/app/extensions/git/dist/main.js:2:1020798)
	at async t.GitHistoryProvider.resolveHEADMergeBase (/opt/vscodium-bin/resources/app/extensions/git/dist/main.js:2:948359)
	at async t.GitHistoryProvider.onDidRunGitStatus (/opt/vscodium-bin/resources/app/extensions/git/dist/main.js:2:941686)
2024-09-17 20:59:30.519 [error] Error: No such branch: master.
	at N.getBranch (/opt/vscodium-bin/resources/app/extensions/git/dist/main.js:2:937064)
	at async T.retryRun (/opt/vscodium-bin/resources/app/extensions/git/dist/main.js:2:1032765)
	at async T.run (/opt/vscodium-bin/resources/app/extensions/git/dist/main.js:2:1032369)
	at async T.getBranch (/opt/vscodium-bin/resources/app/extensions/git/dist/main.js:2:1020512)
	at async T.getBranchBase (/opt/vscodium-bin/resources/app/extensions/git/dist/main.js:2:1020798)
	at async t.GitHistoryProvider.resolveHEADMergeBase (/opt/vscodium-bin/resources/app/extensions/git/dist/main.js:2:948359)
	at async t.GitHistoryProvider.onDidRunGitStatus (/opt/vscodium-bin/resources/app/extensions/git/dist/main.js:2:941686)
2024-09-17 20:59:35.543 [error] Error: No such branch: master.
	at N.getBranch (/opt/vscodium-bin/resources/app/extensions/git/dist/main.js:2:937064)
	at process.processTicksAndRejections (node:internal/process/task_queues:95:5)
	at async T.retryRun (/opt/vscodium-bin/resources/app/extensions/git/dist/main.js:2:1032765)
	at async T.run (/opt/vscodium-bin/resources/app/extensions/git/dist/main.js:2:1032369)
	at async T.getBranch (/opt/vscodium-bin/resources/app/extensions/git/dist/main.js:2:1020512)
	at async T.getBranchBase (/opt/vscodium-bin/resources/app/extensions/git/dist/main.js:2:1020798)
	at async t.GitHistoryProvider.resolveHEADMergeBase (/opt/vscodium-bin/resources/app/extensions/git/dist/main.js:2:948359)
	at async t.GitHistoryProvider.onDidRunGitStatus (/opt/vscodium-bin/resources/app/extensions/git/dist/main.js:2:941686)
2024-09-17 20:59:40.563 [error] Error: No such branch: master.
	at N.getBranch (/opt/vscodium-bin/resources/app/extensions/git/dist/main.js:2:937064)
	at async T.retryRun (/opt/vscodium-bin/resources/app/extensions/git/dist/main.js:2:1032765)
	at async T.run (/opt/vscodium-bin/resources/app/extensions/git/dist/main.js:2:1032369)
	at async T.getBranch (/opt/vscodium-bin/resources/app/extensions/git/dist/main.js:2:1020512)
	at async T.getBranchBase (/opt/vscodium-bin/resources/app/extensions/git/dist/main.js:2:1020798)
	at async t.GitHistoryProvider.resolveHEADMergeBase (/opt/vscodium-bin/resources/app/extensions/git/dist/main.js:2:948359)
	at async t.GitHistoryProvider.onDidRunGitStatus (/opt/vscodium-bin/resources/app/extensions/git/dist/main.js:2:941686)
2024-09-17 20:59:58.725 [error] Error: No such branch: master.
	at N.getBranch (/opt/vscodium-bin/resources/app/extensions/git/dist/main.js:2:937064)
	at async T.retryRun (/opt/vscodium-bin/resources/app/extensions/git/dist/main.js:2:1032765)
	at async T.run (/opt/vscodium-bin/resources/app/extensions/git/dist/main.js:2:1032369)
	at async T.getBranch (/opt/vscodium-bin/resources/app/extensions/git/dist/main.js:2:1020512)
	at async T.getBranchBase (/opt/vscodium-bin/resources/app/extensions/git/dist/main.js:2:1020798)
	at async t.GitHistoryProvider.resolveHEADMergeBase (/opt/vscodium-bin/resources/app/extensions/git/dist/main.js:2:948359)
	at async t.GitHistoryProvider.onDidRunGitStatus (/opt/vscodium-bin/resources/app/extensions/git/dist/main.js:2:941686)
2024-09-17 21:00:03.747 [error] Error: No such branch: master.
	at N.getBranch (/opt/vscodium-bin/resources/app/extensions/git/dist/main.js:2:937064)
	at async T.retryRun (/opt/vscodium-bin/resources/app/extensions/git/dist/main.js:2:1032765)
	at async T.run (/opt/vscodium-bin/resources/app/extensions/git/dist/main.js:2:1032369)
	at async T.getBranch (/opt/vscodium-bin/resources/app/extensions/git/dist/main.js:2:1020512)
	at async T.getBranchBase (/opt/vscodium-bin/resources/app/extensions/git/dist/main.js:2:1020798)
	at async t.GitHistoryProvider.resolveHEADMergeBase (/opt/vscodium-bin/resources/app/extensions/git/dist/main.js:2:948359)
	at async t.GitHistoryProvider.onDidRunGitStatus (/opt/vscodium-bin/resources/app/extensions/git/dist/main.js:2:941686)
2024-09-17 21:00:11.648 [error] Error: No such branch: master.
	at N.getBranch (/opt/vscodium-bin/resources/app/extensions/git/dist/main.js:2:937064)
	at async T.retryRun (/opt/vscodium-bin/resources/app/extensions/git/dist/main.js:2:1032765)
	at async T.run (/opt/vscodium-bin/resources/app/extensions/git/dist/main.js:2:1032369)
	at async T.getBranch (/opt/vscodium-bin/resources/app/extensions/git/dist/main.js:2:1020512)
	at async T.getBranchBase (/opt/vscodium-bin/resources/app/extensions/git/dist/main.js:2:1020798)
	at async t.GitHistoryProvider.resolveHEADMergeBase (/opt/vscodium-bin/resources/app/extensions/git/dist/main.js:2:948359)
	at async t.GitHistoryProvider.onDidRunGitStatus (/opt/vscodium-bin/resources/app/extensions/git/dist/main.js:2:941686)
2024-09-17 21:00:25.392 [error] Error: No such branch: master.
	at N.getBranch (/opt/vscodium-bin/resources/app/extensions/git/dist/main.js:2:937064)
	at async T.retryRun (/opt/vscodium-bin/resources/app/extensions/git/dist/main.js:2:1032765)
	at async T.run (/opt/vscodium-bin/resources/app/extensions/git/dist/main.js:2:1032369)
	at async T.getBranch (/opt/vscodium-bin/resources/app/extensions/git/dist/main.js:2:1020512)
	at async T.getBranchBase (/opt/vscodium-bin/resources/app/extensions/git/dist/main.js:2:1020798)
	at async t.GitHistoryProvider.resolveHEADMergeBase (/opt/vscodium-bin/resources/app/extensions/git/dist/main.js:2:948359)
	at async t.GitHistoryProvider.onDidRunGitStatus (/opt/vscodium-bin/resources/app/extensions/git/dist/main.js:2:941686)
2024-09-17 21:01:41.822 [error] Error: No such branch: master.
	at N.getBranch (/opt/vscodium-bin/resources/app/extensions/git/dist/main.js:2:937064)
	at async T.retryRun (/opt/vscodium-bin/resources/app/extensions/git/dist/main.js:2:1032765)
	at async T.run (/opt/vscodium-bin/resources/app/extensions/git/dist/main.js:2:1032369)
	at async T.getBranch (/opt/vscodium-bin/resources/app/extensions/git/dist/main.js:2:1020512)
	at async T.getBranchBase (/opt/vscodium-bin/resources/app/extensions/git/dist/main.js:2:1020798)
	at async t.GitHistoryProvider.resolveHEADMergeBase (/opt/vscodium-bin/resources/app/extensions/git/dist/main.js:2:948359)
	at async t.GitHistoryProvider.onDidRunGitStatus (/opt/vscodium-bin/resources/app/extensions/git/dist/main.js:2:941686)
2024-09-17 21:01:46.854 [error] Error: No such branch: master.
	at N.getBranch (/opt/vscodium-bin/resources/app/extensions/git/dist/main.js:2:937064)
	at async T.retryRun (/opt/vscodium-bin/resources/app/extensions/git/dist/main.js:2:1032765)
	at async T.run (/opt/vscodium-bin/resources/app/extensions/git/dist/main.js:2:1032369)
	at async T.getBranch (/opt/vscodium-bin/resources/app/extensions/git/dist/main.js:2:1020512)
	at async T.getBranchBase (/opt/vscodium-bin/resources/app/extensions/git/dist/main.js:2:1020798)
	at async t.GitHistoryProvider.resolveHEADMergeBase (/opt/vscodium-bin/resources/app/extensions/git/dist/main.js:2:948359)
	at async t.GitHistoryProvider.onDidRunGitStatus (/opt/vscodium-bin/resources/app/extensions/git/dist/main.js:2:941686)
2024-09-17 21:01:51.879 [error] Error: No such branch: master.
	at N.getBranch (/opt/vscodium-bin/resources/app/extensions/git/dist/main.js:2:937064)
	at async T.retryRun (/opt/vscodium-bin/resources/app/extensions/git/dist/main.js:2:1032765)
	at async T.run (/opt/vscodium-bin/resources/app/extensions/git/dist/main.js:2:1032369)
	at async T.getBranch (/opt/vscodium-bin/resources/app/extensions/git/dist/main.js:2:1020512)
	at async T.getBranchBase (/opt/vscodium-bin/resources/app/extensions/git/dist/main.js:2:1020798)
	at async t.GitHistoryProvider.resolveHEADMergeBase (/opt/vscodium-bin/resources/app/extensions/git/dist/main.js:2:948359)
	at async t.GitHistoryProvider.onDidRunGitStatus (/opt/vscodium-bin/resources/app/extensions/git/dist/main.js:2:941686)
2024-09-17 21:01:56.901 [error] Error: No such branch: master.
	at N.getBranch (/opt/vscodium-bin/resources/app/extensions/git/dist/main.js:2:937064)
	at async T.retryRun (/opt/vscodium-bin/resources/app/extensions/git/dist/main.js:2:1032765)
	at async T.run (/opt/vscodium-bin/resources/app/extensions/git/dist/main.js:2:1032369)
	at async T.getBranch (/opt/vscodium-bin/resources/app/extensions/git/dist/main.js:2:1020512)
	at async T.getBranchBase (/opt/vscodium-bin/resources/app/extensions/git/dist/main.js:2:1020798)
	at async t.GitHistoryProvider.resolveHEADMergeBase (/opt/vscodium-bin/resources/app/extensions/git/dist/main.js:2:948359)
	at async t.GitHistoryProvider.onDidRunGitStatus (/opt/vscodium-bin/resources/app/extensions/git/dist/main.js:2:941686)
2024-09-17 21:02:05.104 [error] Error: No such branch: master.
	at N.getBranch (/opt/vscodium-bin/resources/app/extensions/git/dist/main.js:2:937064)
	at async T.retryRun (/opt/vscodium-bin/resources/app/extensions/git/dist/main.js:2:1032765)
	at async T.run (/opt/vscodium-bin/resources/app/extensions/git/dist/main.js:2:1032369)
	at async T.getBranch (/opt/vscodium-bin/resources/app/extensions/git/dist/main.js:2:1020512)
	at async T.getBranchBase (/opt/vscodium-bin/resources/app/extensions/git/dist/main.js:2:1020798)
	at async t.GitHistoryProvider.resolveHEADMergeBase (/opt/vscodium-bin/resources/app/extensions/git/dist/main.js:2:948359)
	at async t.GitHistoryProvider.onDidRunGitStatus (/opt/vscodium-bin/resources/app/extensions/git/dist/main.js:2:941686)
2024-09-17 21:02:58.508 [error] Error: No such branch: master.
	at N.getBranch (/opt/vscodium-bin/resources/app/extensions/git/dist/main.js:2:937064)
	at process.processTicksAndRejections (node:internal/process/task_queues:95:5)
	at async T.retryRun (/opt/vscodium-bin/resources/app/extensions/git/dist/main.js:2:1032765)
	at async T.run (/opt/vscodium-bin/resources/app/extensions/git/dist/main.js:2:1032369)
	at async T.getBranch (/opt/vscodium-bin/resources/app/extensions/git/dist/main.js:2:1020512)
	at async T.getBranchBase (/opt/vscodium-bin/resources/app/extensions/git/dist/main.js:2:1020798)
	at async t.GitHistoryProvider.resolveHEADMergeBase (/opt/vscodium-bin/resources/app/extensions/git/dist/main.js:2:948359)
	at async t.GitHistoryProvider.onDidRunGitStatus (/opt/vscodium-bin/resources/app/extensions/git/dist/main.js:2:941686)
2024-09-17 21:03:03.530 [error] Error: No such branch: master.
	at N.getBranch (/opt/vscodium-bin/resources/app/extensions/git/dist/main.js:2:937064)
	at async T.retryRun (/opt/vscodium-bin/resources/app/extensions/git/dist/main.js:2:1032765)
	at async T.run (/opt/vscodium-bin/resources/app/extensions/git/dist/main.js:2:1032369)
	at async T.getBranch (/opt/vscodium-bin/resources/app/extensions/git/dist/main.js:2:1020512)
	at async T.getBranchBase (/opt/vscodium-bin/resources/app/extensions/git/dist/main.js:2:1020798)
	at async t.GitHistoryProvider.resolveHEADMergeBase (/opt/vscodium-bin/resources/app/extensions/git/dist/main.js:2:948359)
	at async t.GitHistoryProvider.onDidRunGitStatus (/opt/vscodium-bin/resources/app/extensions/git/dist/main.js:2:941686)
2024-09-17 21:03:08.554 [error] Error: No such branch: master.
	at N.getBranch (/opt/vscodium-bin/resources/app/extensions/git/dist/main.js:2:937064)
	at async T.retryRun (/opt/vscodium-bin/resources/app/extensions/git/dist/main.js:2:1032765)
	at async T.run (/opt/vscodium-bin/resources/app/extensions/git/dist/main.js:2:1032369)
	at async T.getBranch (/opt/vscodium-bin/resources/app/extensions/git/dist/main.js:2:1020512)
	at async T.getBranchBase (/opt/vscodium-bin/resources/app/extensions/git/dist/main.js:2:1020798)
	at async t.GitHistoryProvider.resolveHEADMergeBase (/opt/vscodium-bin/resources/app/extensions/git/dist/main.js:2:948359)
	at async t.GitHistoryProvider.onDidRunGitStatus (/opt/vscodium-bin/resources/app/extensions/git/dist/main.js:2:941686)
2024-09-17 21:03:51.588 [error] Error: No such branch: master.
	at N.getBranch (/opt/vscodium-bin/resources/app/extensions/git/dist/main.js:2:937064)
	at async T.retryRun (/opt/vscodium-bin/resources/app/extensions/git/dist/main.js:2:1032765)
	at async T.run (/opt/vscodium-bin/resources/app/extensions/git/dist/main.js:2:1032369)
	at async T.getBranch (/opt/vscodium-bin/resources/app/extensions/git/dist/main.js:2:1020512)
	at async T.getBranchBase (/opt/vscodium-bin/resources/app/extensions/git/dist/main.js:2:1020798)
	at async t.GitHistoryProvider.resolveHEADMergeBase (/opt/vscodium-bin/resources/app/extensions/git/dist/main.js:2:948359)
	at async t.GitHistoryProvider.onDidRunGitStatus (/opt/vscodium-bin/resources/app/extensions/git/dist/main.js:2:941686)
2024-09-17 21:03:56.609 [error] Error: No such branch: master.
	at N.getBranch (/opt/vscodium-bin/resources/app/extensions/git/dist/main.js:2:937064)
	at async T.retryRun (/opt/vscodium-bin/resources/app/extensions/git/dist/main.js:2:1032765)
	at async T.run (/opt/vscodium-bin/resources/app/extensions/git/dist/main.js:2:1032369)
	at async T.getBranch (/opt/vscodium-bin/resources/app/extensions/git/dist/main.js:2:1020512)
	at async T.getBranchBase (/opt/vscodium-bin/resources/app/extensions/git/dist/main.js:2:1020798)
	at async t.GitHistoryProvider.resolveHEADMergeBase (/opt/vscodium-bin/resources/app/extensions/git/dist/main.js:2:948359)
	at async t.GitHistoryProvider.onDidRunGitStatus (/opt/vscodium-bin/resources/app/extensions/git/dist/main.js:2:941686)
2024-09-17 21:04:30.003 [error] Error: No such branch: master.
	at N.getBranch (/opt/vscodium-bin/resources/app/extensions/git/dist/main.js:2:937064)
	at async T.retryRun (/opt/vscodium-bin/resources/app/extensions/git/dist/main.js:2:1032765)
	at async T.run (/opt/vscodium-bin/resources/app/extensions/git/dist/main.js:2:1032369)
	at async T.getBranch (/opt/vscodium-bin/resources/app/extensions/git/dist/main.js:2:1020512)
	at async T.getBranchBase (/opt/vscodium-bin/resources/app/extensions/git/dist/main.js:2:1020798)
	at async t.GitHistoryProvider.resolveHEADMergeBase (/opt/vscodium-bin/resources/app/extensions/git/dist/main.js:2:948359)
	at async t.GitHistoryProvider.onDidRunGitStatus (/opt/vscodium-bin/resources/app/extensions/git/dist/main.js:2:941686)
2024-09-17 21:04:35.023 [error] Error: No such branch: master.
	at N.getBranch (/opt/vscodium-bin/resources/app/extensions/git/dist/main.js:2:937064)
	at process.processTicksAndRejections (node:internal/process/task_queues:95:5)
	at async T.retryRun (/opt/vscodium-bin/resources/app/extensions/git/dist/main.js:2:1032765)
	at async T.run (/opt/vscodium-bin/resources/app/extensions/git/dist/main.js:2:1032369)
	at async T.getBranch (/opt/vscodium-bin/resources/app/extensions/git/dist/main.js:2:1020512)
	at async T.getBranchBase (/opt/vscodium-bin/resources/app/extensions/git/dist/main.js:2:1020798)
	at async t.GitHistoryProvider.resolveHEADMergeBase (/opt/vscodium-bin/resources/app/extensions/git/dist/main.js:2:948359)
	at async t.GitHistoryProvider.onDidRunGitStatus (/opt/vscodium-bin/resources/app/extensions/git/dist/main.js:2:941686)
2024-09-17 21:05:23.388 [error] Error: No such branch: master.
	at N.getBranch (/opt/vscodium-bin/resources/app/extensions/git/dist/main.js:2:937064)
	at async T.retryRun (/opt/vscodium-bin/resources/app/extensions/git/dist/main.js:2:1032765)
	at async T.run (/opt/vscodium-bin/resources/app/extensions/git/dist/main.js:2:1032369)
	at async T.getBranch (/opt/vscodium-bin/resources/app/extensions/git/dist/main.js:2:1020512)
	at async T.getBranchBase (/opt/vscodium-bin/resources/app/extensions/git/dist/main.js:2:1020798)
	at async t.GitHistoryProvider.resolveHEADMergeBase (/opt/vscodium-bin/resources/app/extensions/git/dist/main.js:2:948359)
	at async t.GitHistoryProvider.onDidRunGitStatus (/opt/vscodium-bin/resources/app/extensions/git/dist/main.js:2:941686)
2024-09-17 21:05:28.406 [error] Error: No such branch: master.
	at N.getBranch (/opt/vscodium-bin/resources/app/extensions/git/dist/main.js:2:937064)
	at async T.retryRun (/opt/vscodium-bin/resources/app/extensions/git/dist/main.js:2:1032765)
	at async T.run (/opt/vscodium-bin/resources/app/extensions/git/dist/main.js:2:1032369)
	at async T.getBranch (/opt/vscodium-bin/resources/app/extensions/git/dist/main.js:2:1020512)
	at async T.getBranchBase (/opt/vscodium-bin/resources/app/extensions/git/dist/main.js:2:1020798)
	at async t.GitHistoryProvider.resolveHEADMergeBase (/opt/vscodium-bin/resources/app/extensions/git/dist/main.js:2:948359)
	at async t.GitHistoryProvider.onDidRunGitStatus (/opt/vscodium-bin/resources/app/extensions/git/dist/main.js:2:941686)
2024-09-17 21:05:39.072 [error] Error: No such branch: master.
	at N.getBranch (/opt/vscodium-bin/resources/app/extensions/git/dist/main.js:2:937064)
	at async T.retryRun (/opt/vscodium-bin/resources/app/extensions/git/dist/main.js:2:1032765)
	at async T.run (/opt/vscodium-bin/resources/app/extensions/git/dist/main.js:2:1032369)
	at async T.getBranch (/opt/vscodium-bin/resources/app/extensions/git/dist/main.js:2:1020512)
	at async T.getBranchBase (/opt/vscodium-bin/resources/app/extensions/git/dist/main.js:2:1020798)
	at async t.GitHistoryProvider.resolveHEADMergeBase (/opt/vscodium-bin/resources/app/extensions/git/dist/main.js:2:948359)
	at async t.GitHistoryProvider.onDidRunGitStatus (/opt/vscodium-bin/resources/app/extensions/git/dist/main.js:2:941686)
2024-09-17 21:05:56.637 [error] Error: No such branch: master.
	at N.getBranch (/opt/vscodium-bin/resources/app/extensions/git/dist/main.js:2:937064)
	at async T.retryRun (/opt/vscodium-bin/resources/app/extensions/git/dist/main.js:2:1032765)
	at async T.run (/opt/vscodium-bin/resources/app/extensions/git/dist/main.js:2:1032369)
	at async T.getBranch (/opt/vscodium-bin/resources/app/extensions/git/dist/main.js:2:1020512)
	at async T.getBranchBase (/opt/vscodium-bin/resources/app/extensions/git/dist/main.js:2:1020798)
	at async t.GitHistoryProvider.resolveHEADMergeBase (/opt/vscodium-bin/resources/app/extensions/git/dist/main.js:2:948359)
	at async t.GitHistoryProvider.onDidRunGitStatus (/opt/vscodium-bin/resources/app/extensions/git/dist/main.js:2:941686)
2024-09-17 21:06:20.884 [error] Error: No such branch: master.
	at N.getBranch (/opt/vscodium-bin/resources/app/extensions/git/dist/main.js:2:937064)
	at async T.retryRun (/opt/vscodium-bin/resources/app/extensions/git/dist/main.js:2:1032765)
	at async T.run (/opt/vscodium-bin/resources/app/extensions/git/dist/main.js:2:1032369)
	at async T.getBranch (/opt/vscodium-bin/resources/app/extensions/git/dist/main.js:2:1020512)
	at async T.getBranchBase (/opt/vscodium-bin/resources/app/extensions/git/dist/main.js:2:1020798)
	at async t.GitHistoryProvider.resolveHEADMergeBase (/opt/vscodium-bin/resources/app/extensions/git/dist/main.js:2:948359)
	at async t.GitHistoryProvider.onDidRunGitStatus (/opt/vscodium-bin/resources/app/extensions/git/dist/main.js:2:941686)
2024-09-17 21:06:25.904 [error] Error: No such branch: master.
	at N.getBranch (/opt/vscodium-bin/resources/app/extensions/git/dist/main.js:2:937064)
	at async T.retryRun (/opt/vscodium-bin/resources/app/extensions/git/dist/main.js:2:1032765)
	at async T.run (/opt/vscodium-bin/resources/app/extensions/git/dist/main.js:2:1032369)
	at async T.getBranch (/opt/vscodium-bin/resources/app/extensions/git/dist/main.js:2:1020512)
	at async T.getBranchBase (/opt/vscodium-bin/resources/app/extensions/git/dist/main.js:2:1020798)
	at async t.GitHistoryProvider.resolveHEADMergeBase (/opt/vscodium-bin/resources/app/extensions/git/dist/main.js:2:948359)
	at async t.GitHistoryProvider.onDidRunGitStatus (/opt/vscodium-bin/resources/app/extensions/git/dist/main.js:2:941686)
2024-09-17 21:06:30.929 [error] Error: No such branch: master.
	at N.getBranch (/opt/vscodium-bin/resources/app/extensions/git/dist/main.js:2:937064)
	at async T.retryRun (/opt/vscodium-bin/resources/app/extensions/git/dist/main.js:2:1032765)
	at async T.run (/opt/vscodium-bin/resources/app/extensions/git/dist/main.js:2:1032369)
	at async T.getBranch (/opt/vscodium-bin/resources/app/extensions/git/dist/main.js:2:1020512)
	at async T.getBranchBase (/opt/vscodium-bin/resources/app/extensions/git/dist/main.js:2:1020798)
	at async t.GitHistoryProvider.resolveHEADMergeBase (/opt/vscodium-bin/resources/app/extensions/git/dist/main.js:2:948359)
	at async t.GitHistoryProvider.onDidRunGitStatus (/opt/vscodium-bin/resources/app/extensions/git/dist/main.js:2:941686)
2024-09-17 21:07:21.256 [error] Error: No such branch: master.
	at N.getBranch (/opt/vscodium-bin/resources/app/extensions/git/dist/main.js:2:937064)
	at async T.retryRun (/opt/vscodium-bin/resources/app/extensions/git/dist/main.js:2:1032765)
	at async T.run (/opt/vscodium-bin/resources/app/extensions/git/dist/main.js:2:1032369)
	at async T.getBranch (/opt/vscodium-bin/resources/app/extensions/git/dist/main.js:2:1020512)
	at async T.getBranchBase (/opt/vscodium-bin/resources/app/extensions/git/dist/main.js:2:1020798)
	at async t.GitHistoryProvider.resolveHEADMergeBase (/opt/vscodium-bin/resources/app/extensions/git/dist/main.js:2:948359)
	at async t.GitHistoryProvider.onDidRunGitStatus (/opt/vscodium-bin/resources/app/extensions/git/dist/main.js:2:941686)
2024-09-17 21:07:28.912 [error] Error: No such branch: master.
	at N.getBranch (/opt/vscodium-bin/resources/app/extensions/git/dist/main.js:2:937064)
	at async T.retryRun (/opt/vscodium-bin/resources/app/extensions/git/dist/main.js:2:1032765)
	at async T.run (/opt/vscodium-bin/resources/app/extensions/git/dist/main.js:2:1032369)
	at async T.getBranch (/opt/vscodium-bin/resources/app/extensions/git/dist/main.js:2:1020512)
	at async T.getBranchBase (/opt/vscodium-bin/resources/app/extensions/git/dist/main.js:2:1020798)
	at async t.GitHistoryProvider.resolveHEADMergeBase (/opt/vscodium-bin/resources/app/extensions/git/dist/main.js:2:948359)
	at async t.GitHistoryProvider.onDidRunGitStatus (/opt/vscodium-bin/resources/app/extensions/git/dist/main.js:2:941686)
2024-09-17 21:07:35.486 [error] Error: No such branch: master.
	at N.getBranch (/opt/vscodium-bin/resources/app/extensions/git/dist/main.js:2:937064)
	at async T.retryRun (/opt/vscodium-bin/resources/app/extensions/git/dist/main.js:2:1032765)
	at async T.run (/opt/vscodium-bin/resources/app/extensions/git/dist/main.js:2:1032369)
	at async T.getBranch (/opt/vscodium-bin/resources/app/extensions/git/dist/main.js:2:1020512)
	at async T.getBranchBase (/opt/vscodium-bin/resources/app/extensions/git/dist/main.js:2:1020798)
	at async t.GitHistoryProvider.resolveHEADMergeBase (/opt/vscodium-bin/resources/app/extensions/git/dist/main.js:2:948359)
	at async t.GitHistoryProvider.onDidRunGitStatus (/opt/vscodium-bin/resources/app/extensions/git/dist/main.js:2:941686)
2024-09-17 21:07:41.092 [error] Error: No such branch: master.
	at N.getBranch (/opt/vscodium-bin/resources/app/extensions/git/dist/main.js:2:937064)
	at async T.retryRun (/opt/vscodium-bin/resources/app/extensions/git/dist/main.js:2:1032765)
	at async T.run (/opt/vscodium-bin/resources/app/extensions/git/dist/main.js:2:1032369)
	at async T.getBranch (/opt/vscodium-bin/resources/app/extensions/git/dist/main.js:2:1020512)
	at async T.getBranchBase (/opt/vscodium-bin/resources/app/extensions/git/dist/main.js:2:1020798)
	at async t.GitHistoryProvider.resolveHEADMergeBase (/opt/vscodium-bin/resources/app/extensions/git/dist/main.js:2:948359)
	at async t.GitHistoryProvider.onDidRunGitStatus (/opt/vscodium-bin/resources/app/extensions/git/dist/main.js:2:941686)
2024-09-17 21:08:24.543 [error] Error: No such branch: master.
	at N.getBranch (/opt/vscodium-bin/resources/app/extensions/git/dist/main.js:2:937064)
	at async T.retryRun (/opt/vscodium-bin/resources/app/extensions/git/dist/main.js:2:1032765)
	at async T.run (/opt/vscodium-bin/resources/app/extensions/git/dist/main.js:2:1032369)
	at async T.getBranch (/opt/vscodium-bin/resources/app/extensions/git/dist/main.js:2:1020512)
	at async T.getBranchBase (/opt/vscodium-bin/resources/app/extensions/git/dist/main.js:2:1020798)
	at async t.GitHistoryProvider.resolveHEADMergeBase (/opt/vscodium-bin/resources/app/extensions/git/dist/main.js:2:948359)
	at async t.GitHistoryProvider.onDidRunGitStatus (/opt/vscodium-bin/resources/app/extensions/git/dist/main.js:2:941686)
2024-09-17 21:08:38.418 [error] Error: No such branch: master.
	at N.getBranch (/opt/vscodium-bin/resources/app/extensions/git/dist/main.js:2:937064)
	at async T.retryRun (/opt/vscodium-bin/resources/app/extensions/git/dist/main.js:2:1032765)
	at async T.run (/opt/vscodium-bin/resources/app/extensions/git/dist/main.js:2:1032369)
	at async T.getBranch (/opt/vscodium-bin/resources/app/extensions/git/dist/main.js:2:1020512)
	at async T.getBranchBase (/opt/vscodium-bin/resources/app/extensions/git/dist/main.js:2:1020798)
	at async t.GitHistoryProvider.resolveHEADMergeBase (/opt/vscodium-bin/resources/app/extensions/git/dist/main.js:2:948359)
	at async t.GitHistoryProvider.onDidRunGitStatus (/opt/vscodium-bin/resources/app/extensions/git/dist/main.js:2:941686)
2024-09-17 21:08:46.146 [error] Error: No such branch: master.
	at N.getBranch (/opt/vscodium-bin/resources/app/extensions/git/dist/main.js:2:937064)
	at async T.retryRun (/opt/vscodium-bin/resources/app/extensions/git/dist/main.js:2:1032765)
	at async T.run (/opt/vscodium-bin/resources/app/extensions/git/dist/main.js:2:1032369)
	at async T.getBranch (/opt/vscodium-bin/resources/app/extensions/git/dist/main.js:2:1020512)
	at async T.getBranchBase (/opt/vscodium-bin/resources/app/extensions/git/dist/main.js:2:1020798)
	at async t.GitHistoryProvider.resolveHEADMergeBase (/opt/vscodium-bin/resources/app/extensions/git/dist/main.js:2:948359)
	at async t.GitHistoryProvider.onDidRunGitStatus (/opt/vscodium-bin/resources/app/extensions/git/dist/main.js:2:941686)
2024-09-17 21:08:55.913 [error] Error: No such branch: master.
	at N.getBranch (/opt/vscodium-bin/resources/app/extensions/git/dist/main.js:2:937064)
	at async T.retryRun (/opt/vscodium-bin/resources/app/extensions/git/dist/main.js:2:1032765)
	at async T.run (/opt/vscodium-bin/resources/app/extensions/git/dist/main.js:2:1032369)
	at async T.getBranch (/opt/vscodium-bin/resources/app/extensions/git/dist/main.js:2:1020512)
	at async T.getBranchBase (/opt/vscodium-bin/resources/app/extensions/git/dist/main.js:2:1020798)
	at async t.GitHistoryProvider.resolveHEADMergeBase (/opt/vscodium-bin/resources/app/extensions/git/dist/main.js:2:948359)
	at async t.GitHistoryProvider.onDidRunGitStatus (/opt/vscodium-bin/resources/app/extensions/git/dist/main.js:2:941686)
2024-09-17 21:09:00.936 [error] Error: No such branch: master.
	at N.getBranch (/opt/vscodium-bin/resources/app/extensions/git/dist/main.js:2:937064)
	at async T.retryRun (/opt/vscodium-bin/resources/app/extensions/git/dist/main.js:2:1032765)
	at async T.run (/opt/vscodium-bin/resources/app/extensions/git/dist/main.js:2:1032369)
	at async T.getBranch (/opt/vscodium-bin/resources/app/extensions/git/dist/main.js:2:1020512)
	at async T.getBranchBase (/opt/vscodium-bin/resources/app/extensions/git/dist/main.js:2:1020798)
	at async t.GitHistoryProvider.resolveHEADMergeBase (/opt/vscodium-bin/resources/app/extensions/git/dist/main.js:2:948359)
	at async t.GitHistoryProvider.onDidRunGitStatus (/opt/vscodium-bin/resources/app/extensions/git/dist/main.js:2:941686)
2024-09-17 21:09:05.960 [error] Error: No such branch: master.
	at N.getBranch (/opt/vscodium-bin/resources/app/extensions/git/dist/main.js:2:937064)
	at async T.retryRun (/opt/vscodium-bin/resources/app/extensions/git/dist/main.js:2:1032765)
	at async T.run (/opt/vscodium-bin/resources/app/extensions/git/dist/main.js:2:1032369)
	at async T.getBranch (/opt/vscodium-bin/resources/app/extensions/git/dist/main.js:2:1020512)
	at async T.getBranchBase (/opt/vscodium-bin/resources/app/extensions/git/dist/main.js:2:1020798)
	at async t.GitHistoryProvider.resolveHEADMergeBase (/opt/vscodium-bin/resources/app/extensions/git/dist/main.js:2:948359)
	at async t.GitHistoryProvider.onDidRunGitStatus (/opt/vscodium-bin/resources/app/extensions/git/dist/main.js:2:941686)
2024-09-17 21:09:12.793 [error] Error: No such branch: master.
	at N.getBranch (/opt/vscodium-bin/resources/app/extensions/git/dist/main.js:2:937064)
	at async T.retryRun (/opt/vscodium-bin/resources/app/extensions/git/dist/main.js:2:1032765)
	at async T.run (/opt/vscodium-bin/resources/app/extensions/git/dist/main.js:2:1032369)
	at async T.getBranch (/opt/vscodium-bin/resources/app/extensions/git/dist/main.js:2:1020512)
	at async T.getBranchBase (/opt/vscodium-bin/resources/app/extensions/git/dist/main.js:2:1020798)
	at async t.GitHistoryProvider.resolveHEADMergeBase (/opt/vscodium-bin/resources/app/extensions/git/dist/main.js:2:948359)
	at async t.GitHistoryProvider.onDidRunGitStatus (/opt/vscodium-bin/resources/app/extensions/git/dist/main.js:2:941686)
2024-09-17 21:09:35.597 [error] Error: No such branch: master.
	at N.getBranch (/opt/vscodium-bin/resources/app/extensions/git/dist/main.js:2:937064)
	at async T.retryRun (/opt/vscodium-bin/resources/app/extensions/git/dist/main.js:2:1032765)
	at async T.run (/opt/vscodium-bin/resources/app/extensions/git/dist/main.js:2:1032369)
	at async T.getBranch (/opt/vscodium-bin/resources/app/extensions/git/dist/main.js:2:1020512)
	at async T.getBranchBase (/opt/vscodium-bin/resources/app/extensions/git/dist/main.js:2:1020798)
	at async t.GitHistoryProvider.resolveHEADMergeBase (/opt/vscodium-bin/resources/app/extensions/git/dist/main.js:2:948359)
	at async t.GitHistoryProvider.onDidRunGitStatus (/opt/vscodium-bin/resources/app/extensions/git/dist/main.js:2:941686)
2024-09-17 21:09:43.626 [error] Error: No such branch: master.
	at N.getBranch (/opt/vscodium-bin/resources/app/extensions/git/dist/main.js:2:937064)
	at async T.retryRun (/opt/vscodium-bin/resources/app/extensions/git/dist/main.js:2:1032765)
	at async T.run (/opt/vscodium-bin/resources/app/extensions/git/dist/main.js:2:1032369)
	at async T.getBranch (/opt/vscodium-bin/resources/app/extensions/git/dist/main.js:2:1020512)
	at async T.getBranchBase (/opt/vscodium-bin/resources/app/extensions/git/dist/main.js:2:1020798)
	at async t.GitHistoryProvider.resolveHEADMergeBase (/opt/vscodium-bin/resources/app/extensions/git/dist/main.js:2:948359)
	at async t.GitHistoryProvider.onDidRunGitStatus (/opt/vscodium-bin/resources/app/extensions/git/dist/main.js:2:941686)
2024-09-17 21:12:16.005 [error] Error: No such branch: master.
	at N.getBranch (/opt/vscodium-bin/resources/app/extensions/git/dist/main.js:2:937064)
	at async T.retryRun (/opt/vscodium-bin/resources/app/extensions/git/dist/main.js:2:1032765)
	at async T.run (/opt/vscodium-bin/resources/app/extensions/git/dist/main.js:2:1032369)
	at async T.getBranch (/opt/vscodium-bin/resources/app/extensions/git/dist/main.js:2:1020512)
	at async T.getBranchBase (/opt/vscodium-bin/resources/app/extensions/git/dist/main.js:2:1020798)
	at async t.GitHistoryProvider.resolveHEADMergeBase (/opt/vscodium-bin/resources/app/extensions/git/dist/main.js:2:948359)
	at async t.GitHistoryProvider.onDidRunGitStatus (/opt/vscodium-bin/resources/app/extensions/git/dist/main.js:2:941686)
2024-09-17 21:12:24.006 [error] Error: No such branch: master.
	at N.getBranch (/opt/vscodium-bin/resources/app/extensions/git/dist/main.js:2:937064)
	at async T.retryRun (/opt/vscodium-bin/resources/app/extensions/git/dist/main.js:2:1032765)
	at async T.run (/opt/vscodium-bin/resources/app/extensions/git/dist/main.js:2:1032369)
	at async T.getBranch (/opt/vscodium-bin/resources/app/extensions/git/dist/main.js:2:1020512)
	at async T.getBranchBase (/opt/vscodium-bin/resources/app/extensions/git/dist/main.js:2:1020798)
	at async t.GitHistoryProvider.resolveHEADMergeBase (/opt/vscodium-bin/resources/app/extensions/git/dist/main.js:2:948359)
	at async t.GitHistoryProvider.onDidRunGitStatus (/opt/vscodium-bin/resources/app/extensions/git/dist/main.js:2:941686)
2024-09-17 21:13:26.883 [error] Error: No such branch: master.
	at N.getBranch (/opt/vscodium-bin/resources/app/extensions/git/dist/main.js:2:937064)
	at async T.retryRun (/opt/vscodium-bin/resources/app/extensions/git/dist/main.js:2:1032765)
	at async T.run (/opt/vscodium-bin/resources/app/extensions/git/dist/main.js:2:1032369)
	at async T.getBranch (/opt/vscodium-bin/resources/app/extensions/git/dist/main.js:2:1020512)
	at async T.getBranchBase (/opt/vscodium-bin/resources/app/extensions/git/dist/main.js:2:1020798)
	at async t.GitHistoryProvider.resolveHEADMergeBase (/opt/vscodium-bin/resources/app/extensions/git/dist/main.js:2:948359)
	at async t.GitHistoryProvider.onDidRunGitStatus (/opt/vscodium-bin/resources/app/extensions/git/dist/main.js:2:941686)
2024-09-17 21:13:31.905 [error] Error: No such branch: master.
	at N.getBranch (/opt/vscodium-bin/resources/app/extensions/git/dist/main.js:2:937064)
	at async T.retryRun (/opt/vscodium-bin/resources/app/extensions/git/dist/main.js:2:1032765)
	at async T.run (/opt/vscodium-bin/resources/app/extensions/git/dist/main.js:2:1032369)
	at async T.getBranch (/opt/vscodium-bin/resources/app/extensions/git/dist/main.js:2:1020512)
	at async T.getBranchBase (/opt/vscodium-bin/resources/app/extensions/git/dist/main.js:2:1020798)
	at async t.GitHistoryProvider.resolveHEADMergeBase (/opt/vscodium-bin/resources/app/extensions/git/dist/main.js:2:948359)
	at async t.GitHistoryProvider.onDidRunGitStatus (/opt/vscodium-bin/resources/app/extensions/git/dist/main.js:2:941686)
2024-09-17 21:13:36.927 [error] Error: No such branch: master.
	at N.getBranch (/opt/vscodium-bin/resources/app/extensions/git/dist/main.js:2:937064)
	at async T.retryRun (/opt/vscodium-bin/resources/app/extensions/git/dist/main.js:2:1032765)
	at async T.run (/opt/vscodium-bin/resources/app/extensions/git/dist/main.js:2:1032369)
	at async T.getBranch (/opt/vscodium-bin/resources/app/extensions/git/dist/main.js:2:1020512)
	at async T.getBranchBase (/opt/vscodium-bin/resources/app/extensions/git/dist/main.js:2:1020798)
	at async t.GitHistoryProvider.resolveHEADMergeBase (/opt/vscodium-bin/resources/app/extensions/git/dist/main.js:2:948359)
	at async t.GitHistoryProvider.onDidRunGitStatus (/opt/vscodium-bin/resources/app/extensions/git/dist/main.js:2:941686)
2024-09-17 21:13:50.224 [error] Error: No such branch: master.
	at N.getBranch (/opt/vscodium-bin/resources/app/extensions/git/dist/main.js:2:937064)
	at async T.retryRun (/opt/vscodium-bin/resources/app/extensions/git/dist/main.js:2:1032765)
	at async T.run (/opt/vscodium-bin/resources/app/extensions/git/dist/main.js:2:1032369)
	at async T.getBranch (/opt/vscodium-bin/resources/app/extensions/git/dist/main.js:2:1020512)
	at async T.getBranchBase (/opt/vscodium-bin/resources/app/extensions/git/dist/main.js:2:1020798)
	at async t.GitHistoryProvider.resolveHEADMergeBase (/opt/vscodium-bin/resources/app/extensions/git/dist/main.js:2:948359)
	at async t.GitHistoryProvider.onDidRunGitStatus (/opt/vscodium-bin/resources/app/extensions/git/dist/main.js:2:941686)
2024-09-17 21:14:05.795 [error] Error: No such branch: master.
	at N.getBranch (/opt/vscodium-bin/resources/app/extensions/git/dist/main.js:2:937064)
	at async T.retryRun (/opt/vscodium-bin/resources/app/extensions/git/dist/main.js:2:1032765)
	at async T.run (/opt/vscodium-bin/resources/app/extensions/git/dist/main.js:2:1032369)
	at async T.getBranch (/opt/vscodium-bin/resources/app/extensions/git/dist/main.js:2:1020512)
	at async T.getBranchBase (/opt/vscodium-bin/resources/app/extensions/git/dist/main.js:2:1020798)
	at async t.GitHistoryProvider.resolveHEADMergeBase (/opt/vscodium-bin/resources/app/extensions/git/dist/main.js:2:948359)
	at async t.GitHistoryProvider.onDidRunGitStatus (/opt/vscodium-bin/resources/app/extensions/git/dist/main.js:2:941686)
2024-09-17 21:14:50.711 [error] Error: No such branch: master.
	at N.getBranch (/opt/vscodium-bin/resources/app/extensions/git/dist/main.js:2:937064)
	at async T.retryRun (/opt/vscodium-bin/resources/app/extensions/git/dist/main.js:2:1032765)
	at async T.run (/opt/vscodium-bin/resources/app/extensions/git/dist/main.js:2:1032369)
	at async T.getBranch (/opt/vscodium-bin/resources/app/extensions/git/dist/main.js:2:1020512)
	at async T.getBranchBase (/opt/vscodium-bin/resources/app/extensions/git/dist/main.js:2:1020798)
	at async t.GitHistoryProvider.resolveHEADMergeBase (/opt/vscodium-bin/resources/app/extensions/git/dist/main.js:2:948359)
	at async t.GitHistoryProvider.onDidRunGitStatus (/opt/vscodium-bin/resources/app/extensions/git/dist/main.js:2:941686)
2024-09-17 21:15:01.123 [error] Error: No such branch: master.
	at N.getBranch (/opt/vscodium-bin/resources/app/extensions/git/dist/main.js:2:937064)
	at async T.retryRun (/opt/vscodium-bin/resources/app/extensions/git/dist/main.js:2:1032765)
	at async T.run (/opt/vscodium-bin/resources/app/extensions/git/dist/main.js:2:1032369)
	at async T.getBranch (/opt/vscodium-bin/resources/app/extensions/git/dist/main.js:2:1020512)
	at async T.getBranchBase (/opt/vscodium-bin/resources/app/extensions/git/dist/main.js:2:1020798)
	at async t.GitHistoryProvider.resolveHEADMergeBase (/opt/vscodium-bin/resources/app/extensions/git/dist/main.js:2:948359)
	at async t.GitHistoryProvider.onDidRunGitStatus (/opt/vscodium-bin/resources/app/extensions/git/dist/main.js:2:941686)
2024-09-17 21:15:21.738 [error] Error: No such branch: master.
	at N.getBranch (/opt/vscodium-bin/resources/app/extensions/git/dist/main.js:2:937064)
	at async T.retryRun (/opt/vscodium-bin/resources/app/extensions/git/dist/main.js:2:1032765)
	at async T.run (/opt/vscodium-bin/resources/app/extensions/git/dist/main.js:2:1032369)
	at async T.getBranch (/opt/vscodium-bin/resources/app/extensions/git/dist/main.js:2:1020512)
	at async T.getBranchBase (/opt/vscodium-bin/resources/app/extensions/git/dist/main.js:2:1020798)
	at async t.GitHistoryProvider.resolveHEADMergeBase (/opt/vscodium-bin/resources/app/extensions/git/dist/main.js:2:948359)
	at async t.GitHistoryProvider.onDidRunGitStatus (/opt/vscodium-bin/resources/app/extensions/git/dist/main.js:2:941686)
2024-09-17 21:15:36.147 [error] Error: No such branch: master.
	at N.getBranch (/opt/vscodium-bin/resources/app/extensions/git/dist/main.js:2:937064)
	at async T.retryRun (/opt/vscodium-bin/resources/app/extensions/git/dist/main.js:2:1032765)
	at async T.run (/opt/vscodium-bin/resources/app/extensions/git/dist/main.js:2:1032369)
	at async T.getBranch (/opt/vscodium-bin/resources/app/extensions/git/dist/main.js:2:1020512)
	at async T.getBranchBase (/opt/vscodium-bin/resources/app/extensions/git/dist/main.js:2:1020798)
	at async t.GitHistoryProvider.resolveHEADMergeBase (/opt/vscodium-bin/resources/app/extensions/git/dist/main.js:2:948359)
	at async t.GitHistoryProvider.onDidRunGitStatus (/opt/vscodium-bin/resources/app/extensions/git/dist/main.js:2:941686)
2024-09-17 21:15:51.033 [error] Error: No such branch: master.
	at N.getBranch (/opt/vscodium-bin/resources/app/extensions/git/dist/main.js:2:937064)
	at async T.retryRun (/opt/vscodium-bin/resources/app/extensions/git/dist/main.js:2:1032765)
	at async T.run (/opt/vscodium-bin/resources/app/extensions/git/dist/main.js:2:1032369)
	at async T.getBranch (/opt/vscodium-bin/resources/app/extensions/git/dist/main.js:2:1020512)
	at async T.getBranchBase (/opt/vscodium-bin/resources/app/extensions/git/dist/main.js:2:1020798)
	at async t.GitHistoryProvider.resolveHEADMergeBase (/opt/vscodium-bin/resources/app/extensions/git/dist/main.js:2:948359)
	at async t.GitHistoryProvider.onDidRunGitStatus (/opt/vscodium-bin/resources/app/extensions/git/dist/main.js:2:941686)
2024-09-17 21:16:04.941 [error] Error: No such branch: master.
	at N.getBranch (/opt/vscodium-bin/resources/app/extensions/git/dist/main.js:2:937064)
	at async T.retryRun (/opt/vscodium-bin/resources/app/extensions/git/dist/main.js:2:1032765)
	at async T.run (/opt/vscodium-bin/resources/app/extensions/git/dist/main.js:2:1032369)
	at async T.getBranch (/opt/vscodium-bin/resources/app/extensions/git/dist/main.js:2:1020512)
	at async T.getBranchBase (/opt/vscodium-bin/resources/app/extensions/git/dist/main.js:2:1020798)
	at async t.GitHistoryProvider.resolveHEADMergeBase (/opt/vscodium-bin/resources/app/extensions/git/dist/main.js:2:948359)
	at async t.GitHistoryProvider.onDidRunGitStatus (/opt/vscodium-bin/resources/app/extensions/git/dist/main.js:2:941686)
2024-09-17 21:16:09.965 [error] Error: No such branch: master.
	at N.getBranch (/opt/vscodium-bin/resources/app/extensions/git/dist/main.js:2:937064)
	at async T.retryRun (/opt/vscodium-bin/resources/app/extensions/git/dist/main.js:2:1032765)
	at async T.run (/opt/vscodium-bin/resources/app/extensions/git/dist/main.js:2:1032369)
	at async T.getBranch (/opt/vscodium-bin/resources/app/extensions/git/dist/main.js:2:1020512)
	at async T.getBranchBase (/opt/vscodium-bin/resources/app/extensions/git/dist/main.js:2:1020798)
	at async t.GitHistoryProvider.resolveHEADMergeBase (/opt/vscodium-bin/resources/app/extensions/git/dist/main.js:2:948359)
	at async t.GitHistoryProvider.onDidRunGitStatus (/opt/vscodium-bin/resources/app/extensions/git/dist/main.js:2:941686)
2024-09-17 21:16:16.784 [error] Error: No such branch: master.
	at N.getBranch (/opt/vscodium-bin/resources/app/extensions/git/dist/main.js:2:937064)
	at async T.retryRun (/opt/vscodium-bin/resources/app/extensions/git/dist/main.js:2:1032765)
	at async T.run (/opt/vscodium-bin/resources/app/extensions/git/dist/main.js:2:1032369)
	at async T.getBranch (/opt/vscodium-bin/resources/app/extensions/git/dist/main.js:2:1020512)
	at async T.getBranchBase (/opt/vscodium-bin/resources/app/extensions/git/dist/main.js:2:1020798)
	at async t.GitHistoryProvider.resolveHEADMergeBase (/opt/vscodium-bin/resources/app/extensions/git/dist/main.js:2:948359)
	at async t.GitHistoryProvider.onDidRunGitStatus (/opt/vscodium-bin/resources/app/extensions/git/dist/main.js:2:941686)
2024-09-17 21:16:28.887 [error] Error: No such branch: master.
	at N.getBranch (/opt/vscodium-bin/resources/app/extensions/git/dist/main.js:2:937064)
	at async T.retryRun (/opt/vscodium-bin/resources/app/extensions/git/dist/main.js:2:1032765)
	at async T.run (/opt/vscodium-bin/resources/app/extensions/git/dist/main.js:2:1032369)
	at async T.getBranch (/opt/vscodium-bin/resources/app/extensions/git/dist/main.js:2:1020512)
	at async T.getBranchBase (/opt/vscodium-bin/resources/app/extensions/git/dist/main.js:2:1020798)
	at async t.GitHistoryProvider.resolveHEADMergeBase (/opt/vscodium-bin/resources/app/extensions/git/dist/main.js:2:948359)
	at async t.GitHistoryProvider.onDidRunGitStatus (/opt/vscodium-bin/resources/app/extensions/git/dist/main.js:2:941686)
2024-09-17 21:18:05.869 [error] Error: No such branch: master.
	at N.getBranch (/opt/vscodium-bin/resources/app/extensions/git/dist/main.js:2:937064)
	at async T.retryRun (/opt/vscodium-bin/resources/app/extensions/git/dist/main.js:2:1032765)
	at async T.run (/opt/vscodium-bin/resources/app/extensions/git/dist/main.js:2:1032369)
	at async T.getBranch (/opt/vscodium-bin/resources/app/extensions/git/dist/main.js:2:1020512)
	at async T.getBranchBase (/opt/vscodium-bin/resources/app/extensions/git/dist/main.js:2:1020798)
	at async t.GitHistoryProvider.resolveHEADMergeBase (/opt/vscodium-bin/resources/app/extensions/git/dist/main.js:2:948359)
	at async t.GitHistoryProvider.onDidRunGitStatus (/opt/vscodium-bin/resources/app/extensions/git/dist/main.js:2:941686)
2024-09-17 21:18:10.891 [error] Error: No such branch: master.
	at N.getBranch (/opt/vscodium-bin/resources/app/extensions/git/dist/main.js:2:937064)
	at async T.retryRun (/opt/vscodium-bin/resources/app/extensions/git/dist/main.js:2:1032765)
	at async T.run (/opt/vscodium-bin/resources/app/extensions/git/dist/main.js:2:1032369)
	at async T.getBranch (/opt/vscodium-bin/resources/app/extensions/git/dist/main.js:2:1020512)
	at async T.getBranchBase (/opt/vscodium-bin/resources/app/extensions/git/dist/main.js:2:1020798)
	at async t.GitHistoryProvider.resolveHEADMergeBase (/opt/vscodium-bin/resources/app/extensions/git/dist/main.js:2:948359)
	at async t.GitHistoryProvider.onDidRunGitStatus (/opt/vscodium-bin/resources/app/extensions/git/dist/main.js:2:941686)
2024-09-17 21:18:34.181 [error] Error: No such branch: master.
	at N.getBranch (/opt/vscodium-bin/resources/app/extensions/git/dist/main.js:2:937064)
	at async T.retryRun (/opt/vscodium-bin/resources/app/extensions/git/dist/main.js:2:1032765)
	at async T.run (/opt/vscodium-bin/resources/app/extensions/git/dist/main.js:2:1032369)
	at async T.getBranch (/opt/vscodium-bin/resources/app/extensions/git/dist/main.js:2:1020512)
	at async T.getBranchBase (/opt/vscodium-bin/resources/app/extensions/git/dist/main.js:2:1020798)
	at async t.GitHistoryProvider.resolveHEADMergeBase (/opt/vscodium-bin/resources/app/extensions/git/dist/main.js:2:948359)
	at async t.GitHistoryProvider.onDidRunGitStatus (/opt/vscodium-bin/resources/app/extensions/git/dist/main.js:2:941686)
2024-09-17 21:18:39.203 [error] Error: No such branch: master.
	at N.getBranch (/opt/vscodium-bin/resources/app/extensions/git/dist/main.js:2:937064)
	at async T.retryRun (/opt/vscodium-bin/resources/app/extensions/git/dist/main.js:2:1032765)
	at async T.run (/opt/vscodium-bin/resources/app/extensions/git/dist/main.js:2:1032369)
	at async T.getBranch (/opt/vscodium-bin/resources/app/extensions/git/dist/main.js:2:1020512)
	at async T.getBranchBase (/opt/vscodium-bin/resources/app/extensions/git/dist/main.js:2:1020798)
	at async t.GitHistoryProvider.resolveHEADMergeBase (/opt/vscodium-bin/resources/app/extensions/git/dist/main.js:2:948359)
	at async t.GitHistoryProvider.onDidRunGitStatus (/opt/vscodium-bin/resources/app/extensions/git/dist/main.js:2:941686)
2024-09-17 21:18:44.908 [error] Error: No such branch: master.
	at N.getBranch (/opt/vscodium-bin/resources/app/extensions/git/dist/main.js:2:937064)
	at async T.retryRun (/opt/vscodium-bin/resources/app/extensions/git/dist/main.js:2:1032765)
	at async T.run (/opt/vscodium-bin/resources/app/extensions/git/dist/main.js:2:1032369)
	at async T.getBranch (/opt/vscodium-bin/resources/app/extensions/git/dist/main.js:2:1020512)
	at async T.getBranchBase (/opt/vscodium-bin/resources/app/extensions/git/dist/main.js:2:1020798)
	at async t.GitHistoryProvider.resolveHEADMergeBase (/opt/vscodium-bin/resources/app/extensions/git/dist/main.js:2:948359)
	at async t.GitHistoryProvider.onDidRunGitStatus (/opt/vscodium-bin/resources/app/extensions/git/dist/main.js:2:941686)
2024-09-17 21:18:58.815 [error] Error: No such branch: master.
	at N.getBranch (/opt/vscodium-bin/resources/app/extensions/git/dist/main.js:2:937064)
	at async T.retryRun (/opt/vscodium-bin/resources/app/extensions/git/dist/main.js:2:1032765)
	at async T.run (/opt/vscodium-bin/resources/app/extensions/git/dist/main.js:2:1032369)
	at async T.getBranch (/opt/vscodium-bin/resources/app/extensions/git/dist/main.js:2:1020512)
	at async T.getBranchBase (/opt/vscodium-bin/resources/app/extensions/git/dist/main.js:2:1020798)
	at async t.GitHistoryProvider.resolveHEADMergeBase (/opt/vscodium-bin/resources/app/extensions/git/dist/main.js:2:948359)
	at async t.GitHistoryProvider.onDidRunGitStatus (/opt/vscodium-bin/resources/app/extensions/git/dist/main.js:2:941686)
2024-09-17 21:19:20.305 [error] Error: No such branch: master.
	at N.getBranch (/opt/vscodium-bin/resources/app/extensions/git/dist/main.js:2:937064)
	at async T.retryRun (/opt/vscodium-bin/resources/app/extensions/git/dist/main.js:2:1032765)
	at async T.run (/opt/vscodium-bin/resources/app/extensions/git/dist/main.js:2:1032369)
	at async T.getBranch (/opt/vscodium-bin/resources/app/extensions/git/dist/main.js:2:1020512)
	at async T.getBranchBase (/opt/vscodium-bin/resources/app/extensions/git/dist/main.js:2:1020798)
	at async t.GitHistoryProvider.resolveHEADMergeBase (/opt/vscodium-bin/resources/app/extensions/git/dist/main.js:2:948359)
	at async t.GitHistoryProvider.onDidRunGitStatus (/opt/vscodium-bin/resources/app/extensions/git/dist/main.js:2:941686)
2024-09-17 21:19:25.324 [error] Error: No such branch: master.
	at N.getBranch (/opt/vscodium-bin/resources/app/extensions/git/dist/main.js:2:937064)
	at async T.retryRun (/opt/vscodium-bin/resources/app/extensions/git/dist/main.js:2:1032765)
	at async T.run (/opt/vscodium-bin/resources/app/extensions/git/dist/main.js:2:1032369)
	at async T.getBranch (/opt/vscodium-bin/resources/app/extensions/git/dist/main.js:2:1020512)
	at async T.getBranchBase (/opt/vscodium-bin/resources/app/extensions/git/dist/main.js:2:1020798)
	at async t.GitHistoryProvider.resolveHEADMergeBase (/opt/vscodium-bin/resources/app/extensions/git/dist/main.js:2:948359)
	at async t.GitHistoryProvider.onDidRunGitStatus (/opt/vscodium-bin/resources/app/extensions/git/dist/main.js:2:941686)
2024-09-17 21:19:32.376 [error] Error: No such branch: master.
	at N.getBranch (/opt/vscodium-bin/resources/app/extensions/git/dist/main.js:2:937064)
	at async T.retryRun (/opt/vscodium-bin/resources/app/extensions/git/dist/main.js:2:1032765)
	at async T.run (/opt/vscodium-bin/resources/app/extensions/git/dist/main.js:2:1032369)
	at async T.getBranch (/opt/vscodium-bin/resources/app/extensions/git/dist/main.js:2:1020512)
	at async T.getBranchBase (/opt/vscodium-bin/resources/app/extensions/git/dist/main.js:2:1020798)
	at async t.GitHistoryProvider.resolveHEADMergeBase (/opt/vscodium-bin/resources/app/extensions/git/dist/main.js:2:948359)
	at async t.GitHistoryProvider.onDidRunGitStatus (/opt/vscodium-bin/resources/app/extensions/git/dist/main.js:2:941686)
2024-09-17 21:19:57.336 [error] Error: No such branch: master.
	at N.getBranch (/opt/vscodium-bin/resources/app/extensions/git/dist/main.js:2:937064)
	at async T.retryRun (/opt/vscodium-bin/resources/app/extensions/git/dist/main.js:2:1032765)
	at async T.run (/opt/vscodium-bin/resources/app/extensions/git/dist/main.js:2:1032369)
	at async T.getBranch (/opt/vscodium-bin/resources/app/extensions/git/dist/main.js:2:1020512)
	at async T.getBranchBase (/opt/vscodium-bin/resources/app/extensions/git/dist/main.js:2:1020798)
	at async t.GitHistoryProvider.resolveHEADMergeBase (/opt/vscodium-bin/resources/app/extensions/git/dist/main.js:2:948359)
	at async t.GitHistoryProvider.onDidRunGitStatus (/opt/vscodium-bin/resources/app/extensions/git/dist/main.js:2:941686)
2024-09-17 21:21:06.208 [error] Error: No such branch: master.
	at N.getBranch (/opt/vscodium-bin/resources/app/extensions/git/dist/main.js:2:937064)
	at async T.retryRun (/opt/vscodium-bin/resources/app/extensions/git/dist/main.js:2:1032765)
	at async T.run (/opt/vscodium-bin/resources/app/extensions/git/dist/main.js:2:1032369)
	at async T.getBranch (/opt/vscodium-bin/resources/app/extensions/git/dist/main.js:2:1020512)
	at async T.getBranchBase (/opt/vscodium-bin/resources/app/extensions/git/dist/main.js:2:1020798)
	at async t.GitHistoryProvider.resolveHEADMergeBase (/opt/vscodium-bin/resources/app/extensions/git/dist/main.js:2:948359)
	at async t.GitHistoryProvider.onDidRunGitStatus (/opt/vscodium-bin/resources/app/extensions/git/dist/main.js:2:941686)
2024-09-17 21:22:16.741 [error] Error: No such branch: master.
	at N.getBranch (/opt/vscodium-bin/resources/app/extensions/git/dist/main.js:2:937064)
	at async T.retryRun (/opt/vscodium-bin/resources/app/extensions/git/dist/main.js:2:1032765)
	at async T.run (/opt/vscodium-bin/resources/app/extensions/git/dist/main.js:2:1032369)
	at async T.getBranch (/opt/vscodium-bin/resources/app/extensions/git/dist/main.js:2:1020512)
	at async T.getBranchBase (/opt/vscodium-bin/resources/app/extensions/git/dist/main.js:2:1020798)
	at async t.GitHistoryProvider.resolveHEADMergeBase (/opt/vscodium-bin/resources/app/extensions/git/dist/main.js:2:948359)
	at async t.GitHistoryProvider.onDidRunGitStatus (/opt/vscodium-bin/resources/app/extensions/git/dist/main.js:2:941686)
2024-09-17 21:22:41.379 [error] Error: No such branch: master.
	at N.getBranch (/opt/vscodium-bin/resources/app/extensions/git/dist/main.js:2:937064)
	at async T.retryRun (/opt/vscodium-bin/resources/app/extensions/git/dist/main.js:2:1032765)
	at async T.run (/opt/vscodium-bin/resources/app/extensions/git/dist/main.js:2:1032369)
	at async T.getBranch (/opt/vscodium-bin/resources/app/extensions/git/dist/main.js:2:1020512)
	at async T.getBranchBase (/opt/vscodium-bin/resources/app/extensions/git/dist/main.js:2:1020798)
	at async t.GitHistoryProvider.resolveHEADMergeBase (/opt/vscodium-bin/resources/app/extensions/git/dist/main.js:2:948359)
	at async t.GitHistoryProvider.onDidRunGitStatus (/opt/vscodium-bin/resources/app/extensions/git/dist/main.js:2:941686)
2024-09-17 21:22:47.473 [error] Error: No such branch: master.
	at N.getBranch (/opt/vscodium-bin/resources/app/extensions/git/dist/main.js:2:937064)
	at async T.retryRun (/opt/vscodium-bin/resources/app/extensions/git/dist/main.js:2:1032765)
	at async T.run (/opt/vscodium-bin/resources/app/extensions/git/dist/main.js:2:1032369)
	at async T.getBranch (/opt/vscodium-bin/resources/app/extensions/git/dist/main.js:2:1020512)
	at async T.getBranchBase (/opt/vscodium-bin/resources/app/extensions/git/dist/main.js:2:1020798)
	at async t.GitHistoryProvider.resolveHEADMergeBase (/opt/vscodium-bin/resources/app/extensions/git/dist/main.js:2:948359)
	at async t.GitHistoryProvider.onDidRunGitStatus (/opt/vscodium-bin/resources/app/extensions/git/dist/main.js:2:941686)
2024-09-17 21:22:52.499 [error] Error: No such branch: master.
	at N.getBranch (/opt/vscodium-bin/resources/app/extensions/git/dist/main.js:2:937064)
	at async T.retryRun (/opt/vscodium-bin/resources/app/extensions/git/dist/main.js:2:1032765)
	at async T.run (/opt/vscodium-bin/resources/app/extensions/git/dist/main.js:2:1032369)
	at async T.getBranch (/opt/vscodium-bin/resources/app/extensions/git/dist/main.js:2:1020512)
	at async T.getBranchBase (/opt/vscodium-bin/resources/app/extensions/git/dist/main.js:2:1020798)
	at async t.GitHistoryProvider.resolveHEADMergeBase (/opt/vscodium-bin/resources/app/extensions/git/dist/main.js:2:948359)
	at async t.GitHistoryProvider.onDidRunGitStatus (/opt/vscodium-bin/resources/app/extensions/git/dist/main.js:2:941686)
2024-09-17 21:22:57.586 [error] Error: No such branch: master.
	at N.getBranch (/opt/vscodium-bin/resources/app/extensions/git/dist/main.js:2:937064)
	at async T.retryRun (/opt/vscodium-bin/resources/app/extensions/git/dist/main.js:2:1032765)
	at async T.run (/opt/vscodium-bin/resources/app/extensions/git/dist/main.js:2:1032369)
	at async T.getBranch (/opt/vscodium-bin/resources/app/extensions/git/dist/main.js:2:1020512)
	at async T.getBranchBase (/opt/vscodium-bin/resources/app/extensions/git/dist/main.js:2:1020798)
	at async t.GitHistoryProvider.resolveHEADMergeBase (/opt/vscodium-bin/resources/app/extensions/git/dist/main.js:2:948359)
	at async t.GitHistoryProvider.onDidRunGitStatus (/opt/vscodium-bin/resources/app/extensions/git/dist/main.js:2:941686)
2024-09-17 21:23:07.927 [error] Error: No such branch: master.
	at N.getBranch (/opt/vscodium-bin/resources/app/extensions/git/dist/main.js:2:937064)
	at async T.retryRun (/opt/vscodium-bin/resources/app/extensions/git/dist/main.js:2:1032765)
	at async T.run (/opt/vscodium-bin/resources/app/extensions/git/dist/main.js:2:1032369)
	at async T.getBranch (/opt/vscodium-bin/resources/app/extensions/git/dist/main.js:2:1020512)
	at async T.getBranchBase (/opt/vscodium-bin/resources/app/extensions/git/dist/main.js:2:1020798)
	at async t.GitHistoryProvider.resolveHEADMergeBase (/opt/vscodium-bin/resources/app/extensions/git/dist/main.js:2:948359)
	at async t.GitHistoryProvider.onDidRunGitStatus (/opt/vscodium-bin/resources/app/extensions/git/dist/main.js:2:941686)
2024-09-17 21:23:26.350 [error] Error: No such branch: master.
	at N.getBranch (/opt/vscodium-bin/resources/app/extensions/git/dist/main.js:2:937064)
	at async T.retryRun (/opt/vscodium-bin/resources/app/extensions/git/dist/main.js:2:1032765)
	at async T.run (/opt/vscodium-bin/resources/app/extensions/git/dist/main.js:2:1032369)
	at async T.getBranch (/opt/vscodium-bin/resources/app/extensions/git/dist/main.js:2:1020512)
	at async T.getBranchBase (/opt/vscodium-bin/resources/app/extensions/git/dist/main.js:2:1020798)
	at async t.GitHistoryProvider.resolveHEADMergeBase (/opt/vscodium-bin/resources/app/extensions/git/dist/main.js:2:948359)
	at async t.GitHistoryProvider.onDidRunGitStatus (/opt/vscodium-bin/resources/app/extensions/git/dist/main.js:2:941686)
2024-09-17 21:23:35.589 [error] Error: No such branch: master.
	at N.getBranch (/opt/vscodium-bin/resources/app/extensions/git/dist/main.js:2:937064)
	at async T.retryRun (/opt/vscodium-bin/resources/app/extensions/git/dist/main.js:2:1032765)
	at async T.run (/opt/vscodium-bin/resources/app/extensions/git/dist/main.js:2:1032369)
	at async T.getBranch (/opt/vscodium-bin/resources/app/extensions/git/dist/main.js:2:1020512)
	at async T.getBranchBase (/opt/vscodium-bin/resources/app/extensions/git/dist/main.js:2:1020798)
	at async t.GitHistoryProvider.resolveHEADMergeBase (/opt/vscodium-bin/resources/app/extensions/git/dist/main.js:2:948359)
	at async t.GitHistoryProvider.onDidRunGitStatus (/opt/vscodium-bin/resources/app/extensions/git/dist/main.js:2:941686)
2024-09-17 21:23:44.695 [error] Error: No such branch: master.
	at N.getBranch (/opt/vscodium-bin/resources/app/extensions/git/dist/main.js:2:937064)
	at async T.retryRun (/opt/vscodium-bin/resources/app/extensions/git/dist/main.js:2:1032765)
	at async T.run (/opt/vscodium-bin/resources/app/extensions/git/dist/main.js:2:1032369)
	at async T.getBranch (/opt/vscodium-bin/resources/app/extensions/git/dist/main.js:2:1020512)
	at async T.getBranchBase (/opt/vscodium-bin/resources/app/extensions/git/dist/main.js:2:1020798)
	at async t.GitHistoryProvider.resolveHEADMergeBase (/opt/vscodium-bin/resources/app/extensions/git/dist/main.js:2:948359)
	at async t.GitHistoryProvider.onDidRunGitStatus (/opt/vscodium-bin/resources/app/extensions/git/dist/main.js:2:941686)
2024-09-17 21:24:04.378 [error] Error: No such branch: master.
	at N.getBranch (/opt/vscodium-bin/resources/app/extensions/git/dist/main.js:2:937064)
	at async T.retryRun (/opt/vscodium-bin/resources/app/extensions/git/dist/main.js:2:1032765)
	at async T.run (/opt/vscodium-bin/resources/app/extensions/git/dist/main.js:2:1032369)
	at async T.getBranch (/opt/vscodium-bin/resources/app/extensions/git/dist/main.js:2:1020512)
	at async T.getBranchBase (/opt/vscodium-bin/resources/app/extensions/git/dist/main.js:2:1020798)
	at async t.GitHistoryProvider.resolveHEADMergeBase (/opt/vscodium-bin/resources/app/extensions/git/dist/main.js:2:948359)
	at async t.GitHistoryProvider.onDidRunGitStatus (/opt/vscodium-bin/resources/app/extensions/git/dist/main.js:2:941686)
2024-09-17 21:27:53.938 [error] Error: No such branch: master.
	at N.getBranch (/opt/vscodium-bin/resources/app/extensions/git/dist/main.js:2:937064)
	at async T.retryRun (/opt/vscodium-bin/resources/app/extensions/git/dist/main.js:2:1032765)
	at async T.run (/opt/vscodium-bin/resources/app/extensions/git/dist/main.js:2:1032369)
	at async T.getBranch (/opt/vscodium-bin/resources/app/extensions/git/dist/main.js:2:1020512)
	at async T.getBranchBase (/opt/vscodium-bin/resources/app/extensions/git/dist/main.js:2:1020798)
	at async t.GitHistoryProvider.resolveHEADMergeBase (/opt/vscodium-bin/resources/app/extensions/git/dist/main.js:2:948359)
	at async t.GitHistoryProvider.onDidRunGitStatus (/opt/vscodium-bin/resources/app/extensions/git/dist/main.js:2:941686)
2024-09-17 21:27:58.963 [error] Error: No such branch: master.
	at N.getBranch (/opt/vscodium-bin/resources/app/extensions/git/dist/main.js:2:937064)
	at async T.retryRun (/opt/vscodium-bin/resources/app/extensions/git/dist/main.js:2:1032765)
	at async T.run (/opt/vscodium-bin/resources/app/extensions/git/dist/main.js:2:1032369)
	at async T.getBranch (/opt/vscodium-bin/resources/app/extensions/git/dist/main.js:2:1020512)
	at async T.getBranchBase (/opt/vscodium-bin/resources/app/extensions/git/dist/main.js:2:1020798)
	at async t.GitHistoryProvider.resolveHEADMergeBase (/opt/vscodium-bin/resources/app/extensions/git/dist/main.js:2:948359)
	at async t.GitHistoryProvider.onDidRunGitStatus (/opt/vscodium-bin/resources/app/extensions/git/dist/main.js:2:941686)
2024-09-17 21:28:05.825 [error] Error: No such branch: master.
	at N.getBranch (/opt/vscodium-bin/resources/app/extensions/git/dist/main.js:2:937064)
	at async T.retryRun (/opt/vscodium-bin/resources/app/extensions/git/dist/main.js:2:1032765)
	at async T.run (/opt/vscodium-bin/resources/app/extensions/git/dist/main.js:2:1032369)
	at async T.getBranch (/opt/vscodium-bin/resources/app/extensions/git/dist/main.js:2:1020512)
	at async T.getBranchBase (/opt/vscodium-bin/resources/app/extensions/git/dist/main.js:2:1020798)
	at async t.GitHistoryProvider.resolveHEADMergeBase (/opt/vscodium-bin/resources/app/extensions/git/dist/main.js:2:948359)
	at async t.GitHistoryProvider.onDidRunGitStatus (/opt/vscodium-bin/resources/app/extensions/git/dist/main.js:2:941686)
2024-09-17 21:28:15.574 [error] Error: No such branch: master.
	at N.getBranch (/opt/vscodium-bin/resources/app/extensions/git/dist/main.js:2:937064)
	at async T.retryRun (/opt/vscodium-bin/resources/app/extensions/git/dist/main.js:2:1032765)
	at async T.run (/opt/vscodium-bin/resources/app/extensions/git/dist/main.js:2:1032369)
	at async T.getBranch (/opt/vscodium-bin/resources/app/extensions/git/dist/main.js:2:1020512)
	at async T.getBranchBase (/opt/vscodium-bin/resources/app/extensions/git/dist/main.js:2:1020798)
	at async t.GitHistoryProvider.resolveHEADMergeBase (/opt/vscodium-bin/resources/app/extensions/git/dist/main.js:2:948359)
	at async t.GitHistoryProvider.onDidRunGitStatus (/opt/vscodium-bin/resources/app/extensions/git/dist/main.js:2:941686)
2024-09-17 21:28:36.295 [error] Error: No such branch: master.
	at N.getBranch (/opt/vscodium-bin/resources/app/extensions/git/dist/main.js:2:937064)
	at async T.retryRun (/opt/vscodium-bin/resources/app/extensions/git/dist/main.js:2:1032765)
	at async T.run (/opt/vscodium-bin/resources/app/extensions/git/dist/main.js:2:1032369)
	at async T.getBranch (/opt/vscodium-bin/resources/app/extensions/git/dist/main.js:2:1020512)
	at async T.getBranchBase (/opt/vscodium-bin/resources/app/extensions/git/dist/main.js:2:1020798)
	at async t.GitHistoryProvider.resolveHEADMergeBase (/opt/vscodium-bin/resources/app/extensions/git/dist/main.js:2:948359)
	at async t.GitHistoryProvider.onDidRunGitStatus (/opt/vscodium-bin/resources/app/extensions/git/dist/main.js:2:941686)
2024-09-17 21:28:46.109 [error] Error: No such branch: master.
	at N.getBranch (/opt/vscodium-bin/resources/app/extensions/git/dist/main.js:2:937064)
	at async T.retryRun (/opt/vscodium-bin/resources/app/extensions/git/dist/main.js:2:1032765)
	at async T.run (/opt/vscodium-bin/resources/app/extensions/git/dist/main.js:2:1032369)
	at async T.getBranch (/opt/vscodium-bin/resources/app/extensions/git/dist/main.js:2:1020512)
	at async T.getBranchBase (/opt/vscodium-bin/resources/app/extensions/git/dist/main.js:2:1020798)
	at async t.GitHistoryProvider.resolveHEADMergeBase (/opt/vscodium-bin/resources/app/extensions/git/dist/main.js:2:948359)
	at async t.GitHistoryProvider.onDidRunGitStatus (/opt/vscodium-bin/resources/app/extensions/git/dist/main.js:2:941686)
