2024-09-24T13:13:16.406Z [Modules] Modules initializing
2024-09-24T13:13:16.406Z [Modules] Distribution: remote
2024-09-24T13:13:16.406Z [Modules] Host updates: enabled
2024-09-24T13:13:16.406Z [Modules] Module updates: enabled
2024-09-24T13:13:16.406Z [Modules] Module install path: /home/arch/.config/discord/0.0.69/modules
2024-09-24T13:13:16.406Z [Modules] Module installed file path: /home/arch/.config/discord/0.0.69/modules/installed.json
2024-09-24T13:13:16.406Z [Modules] Module download path: /home/arch/.config/discord/0.0.69/modules/pending
2024-09-24T13:13:16.563Z [Modules] Bootstrapping...
2024-09-24T13:13:16.563Z [Modules] Installing discord_desktop_core@0 from /opt/discord/resources/bootstrap/discord_desktop_core.zip
2024-09-24T13:13:16.565Z [Modules] Failed installing discord_desktop_core@0: Error: ENOENT: no such file or directory, open '/opt/discord/resources/bootstrap/discord_desktop_core.zip'
2024-09-24T13:13:16.565Z [Modules] Installing discord_erlpack@0 from /opt/discord/resources/bootstrap/discord_erlpack.zip
2024-09-24T13:13:16.566Z [Modules] Failed installing discord_erlpack@0: Error: ENOENT: no such file or directory, open '/opt/discord/resources/bootstrap/discord_erlpack.zip'
2024-09-24T13:13:16.566Z [Modules] Installing discord_spellcheck@0 from /opt/discord/resources/bootstrap/discord_spellcheck.zip
2024-09-24T13:13:16.567Z [Modules] Failed installing discord_spellcheck@0: Error: ENOENT: no such file or directory, open '/opt/discord/resources/bootstrap/discord_spellcheck.zip'
2024-09-24T13:13:16.567Z [Modules] Installing discord_utils@0 from /opt/discord/resources/bootstrap/discord_utils.zip
2024-09-24T13:13:16.567Z [Modules] Failed installing discord_utils@0: Error: ENOENT: no such file or directory, open '/opt/discord/resources/bootstrap/discord_utils.zip'
2024-09-24T13:13:16.567Z [Modules] Installing discord_voice@0 from /opt/discord/resources/bootstrap/discord_voice.zip
2024-09-24T13:13:16.567Z [Modules] Failed installing discord_voice@0: Error: ENOENT: no such file or directory, open '/opt/discord/resources/bootstrap/discord_voice.zip'
2024-09-24T13:13:16.568Z [Modules] Installing discord_zstd@0 from /opt/discord/resources/bootstrap/discord_zstd.zip
2024-09-24T13:13:16.568Z [Modules] Failed installing discord_zstd@0: Error: ENOENT: no such file or directory, open '/opt/discord/resources/bootstrap/discord_zstd.zip'
2024-09-24T13:13:16.568Z [Modules] Finished module installations. [success: 0] [failure: 6]
2024-09-24T13:13:16.568Z [Modules] Checking for host updates.
2024-09-24T13:13:18.130Z [Modules] Host is up to date.
2024-09-24T13:13:18.130Z [Modules] Checking for module updates at https://discord.com/api/modules/stable/versions.json
2024-09-24T13:13:18.307Z [Modules] Module update available: discord_desktop_core@1 [installed: 0]
2024-09-24T13:13:18.307Z [Modules] Module update available: discord_erlpack@1 [installed: 0]
2024-09-24T13:13:18.307Z [Modules] Module update available: discord_spellcheck@1 [installed: 0]
2024-09-24T13:13:18.307Z [Modules] Module update available: discord_utils@1 [installed: 0]
2024-09-24T13:13:18.307Z [Modules] Module update available: discord_voice@1 [installed: 0]
2024-09-24T13:13:18.307Z [Modules] Module update available: discord_zstd@1 [installed: 0]
2024-09-24T13:13:18.307Z [Modules] Fetching discord_desktop_core@1 from https://discord.com/api/modules/stable/discord_desktop_core/1
2024-09-24T13:13:18.307Z [Modules] Streaming discord_desktop_core@1 to /home/arch/.config/discord/0.0.69/modules/pending/discord_desktop_core-1.zip
2024-09-24T13:13:19.631Z [Modules] Streaming discord_desktop_core@1 to /home/arch/.config/discord/0.0.69/modules/pending/discord_desktop_core-1.zip: 1%
2024-09-24T13:13:19.641Z [Modules] Streaming discord_desktop_core@1 to /home/arch/.config/discord/0.0.69/modules/pending/discord_desktop_core-1.zip: 2%
2024-09-24T13:13:19.696Z [Modules] Streaming discord_desktop_core@1 to /home/arch/.config/discord/0.0.69/modules/pending/discord_desktop_core-1.zip: 3%
2024-09-24T13:13:19.706Z [Modules] Streaming discord_desktop_core@1 to /home/arch/.config/discord/0.0.69/modules/pending/discord_desktop_core-1.zip: 4%
2024-09-24T13:13:19.721Z [Modules] Streaming discord_desktop_core@1 to /home/arch/.config/discord/0.0.69/modules/pending/discord_desktop_core-1.zip: 5%
2024-09-24T13:13:19.731Z [Modules] Streaming discord_desktop_core@1 to /home/arch/.config/discord/0.0.69/modules/pending/discord_desktop_core-1.zip: 6%
2024-09-24T13:13:19.795Z [Modules] Streaming discord_desktop_core@1 to /home/arch/.config/discord/0.0.69/modules/pending/discord_desktop_core-1.zip: 7%
2024-09-24T13:13:19.802Z [Modules] Streaming discord_desktop_core@1 to /home/arch/.config/discord/0.0.69/modules/pending/discord_desktop_core-1.zip: 8%
2024-09-24T13:13:19.815Z [Modules] Streaming discord_desktop_core@1 to /home/arch/.config/discord/0.0.69/modules/pending/discord_desktop_core-1.zip: 9%
2024-09-24T13:13:19.823Z [Modules] Streaming discord_desktop_core@1 to /home/arch/.config/discord/0.0.69/modules/pending/discord_desktop_core-1.zip: 10%
2024-09-24T13:13:19.837Z [Modules] Streaming discord_desktop_core@1 to /home/arch/.config/discord/0.0.69/modules/pending/discord_desktop_core-1.zip: 11%
2024-09-24T13:13:19.844Z [Modules] Streaming discord_desktop_core@1 to /home/arch/.config/discord/0.0.69/modules/pending/discord_desktop_core-1.zip: 12%
2024-09-24T13:13:19.858Z [Modules] Streaming discord_desktop_core@1 to /home/arch/.config/discord/0.0.69/modules/pending/discord_desktop_core-1.zip: 13%
2024-09-24T13:13:19.867Z [Modules] Streaming discord_desktop_core@1 to /home/arch/.config/discord/0.0.69/modules/pending/discord_desktop_core-1.zip: 14%
2024-09-24T13:13:19.900Z [Modules] Streaming discord_desktop_core@1 to /home/arch/.config/discord/0.0.69/modules/pending/discord_desktop_core-1.zip: 15%
2024-09-24T13:13:19.907Z [Modules] Streaming discord_desktop_core@1 to /home/arch/.config/discord/0.0.69/modules/pending/discord_desktop_core-1.zip: 16%
2024-09-24T13:13:19.920Z [Modules] Streaming discord_desktop_core@1 to /home/arch/.config/discord/0.0.69/modules/pending/discord_desktop_core-1.zip: 17%
2024-09-24T13:13:19.926Z [Modules] Streaming discord_desktop_core@1 to /home/arch/.config/discord/0.0.69/modules/pending/discord_desktop_core-1.zip: 18%
2024-09-24T13:13:19.938Z [Modules] Streaming discord_desktop_core@1 to /home/arch/.config/discord/0.0.69/modules/pending/discord_desktop_core-1.zip: 19%
2024-09-24T13:13:19.945Z [Modules] Streaming discord_desktop_core@1 to /home/arch/.config/discord/0.0.69/modules/pending/discord_desktop_core-1.zip: 20%
2024-09-24T13:13:19.961Z [Modules] Streaming discord_desktop_core@1 to /home/arch/.config/discord/0.0.69/modules/pending/discord_desktop_core-1.zip: 21%
2024-09-24T13:13:19.967Z [Modules] Streaming discord_desktop_core@1 to /home/arch/.config/discord/0.0.69/modules/pending/discord_desktop_core-1.zip: 22%
2024-09-24T13:13:19.982Z [Modules] Streaming discord_desktop_core@1 to /home/arch/.config/discord/0.0.69/modules/pending/discord_desktop_core-1.zip: 23%
2024-09-24T13:13:19.991Z [Modules] Streaming discord_desktop_core@1 to /home/arch/.config/discord/0.0.69/modules/pending/discord_desktop_core-1.zip: 24%
2024-09-24T13:13:20.003Z [Modules] Streaming discord_desktop_core@1 to /home/arch/.config/discord/0.0.69/modules/pending/discord_desktop_core-1.zip: 25%
2024-09-24T13:13:20.010Z [Modules] Streaming discord_desktop_core@1 to /home/arch/.config/discord/0.0.69/modules/pending/discord_desktop_core-1.zip: 26%
2024-09-24T13:13:20.016Z [Modules] Streaming discord_desktop_core@1 to /home/arch/.config/discord/0.0.69/modules/pending/discord_desktop_core-1.zip: 27%
2024-09-24T13:13:20.053Z [Modules] Streaming discord_desktop_core@1 to /home/arch/.config/discord/0.0.69/modules/pending/discord_desktop_core-1.zip: 28%
2024-09-24T13:13:20.057Z [Modules] Streaming discord_desktop_core@1 to /home/arch/.config/discord/0.0.69/modules/pending/discord_desktop_core-1.zip: 29%
2024-09-24T13:13:20.065Z [Modules] Streaming discord_desktop_core@1 to /home/arch/.config/discord/0.0.69/modules/pending/discord_desktop_core-1.zip: 30%
2024-09-24T13:13:20.069Z [Modules] Streaming discord_desktop_core@1 to /home/arch/.config/discord/0.0.69/modules/pending/discord_desktop_core-1.zip: 31%
2024-09-24T13:13:20.077Z [Modules] Streaming discord_desktop_core@1 to /home/arch/.config/discord/0.0.69/modules/pending/discord_desktop_core-1.zip: 32%
2024-09-24T13:13:20.082Z [Modules] Streaming discord_desktop_core@1 to /home/arch/.config/discord/0.0.69/modules/pending/discord_desktop_core-1.zip: 33%
2024-09-24T13:13:20.090Z [Modules] Streaming discord_desktop_core@1 to /home/arch/.config/discord/0.0.69/modules/pending/discord_desktop_core-1.zip: 34%
2024-09-24T13:13:20.093Z [Modules] Streaming discord_desktop_core@1 to /home/arch/.config/discord/0.0.69/modules/pending/discord_desktop_core-1.zip: 35%
2024-09-24T13:13:20.103Z [Modules] Streaming discord_desktop_core@1 to /home/arch/.config/discord/0.0.69/modules/pending/discord_desktop_core-1.zip: 36%
2024-09-24T13:13:20.278Z [Modules] Streaming discord_desktop_core@1 to /home/arch/.config/discord/0.0.69/modules/pending/discord_desktop_core-1.zip: 39%
2024-09-24T13:13:20.278Z [Modules] Streaming discord_desktop_core@1 to /home/arch/.config/discord/0.0.69/modules/pending/discord_desktop_core-1.zip: 47%
2024-09-24T13:13:20.279Z [Modules] Streaming discord_desktop_core@1 to /home/arch/.config/discord/0.0.69/modules/pending/discord_desktop_core-1.zip: 50%
2024-09-24T13:13:20.410Z [Modules] Streaming discord_desktop_core@1 to /home/arch/.config/discord/0.0.69/modules/pending/discord_desktop_core-1.zip: 53%
2024-09-24T13:13:20.411Z [Modules] Streaming discord_desktop_core@1 to /home/arch/.config/discord/0.0.69/modules/pending/discord_desktop_core-1.zip: 59%
2024-09-24T13:13:20.412Z [Modules] Streaming discord_desktop_core@1 to /home/arch/.config/discord/0.0.69/modules/pending/discord_desktop_core-1.zip: 70%
2024-09-24T13:13:20.419Z [Modules] Streaming discord_desktop_core@1 to /home/arch/.config/discord/0.0.69/modules/pending/discord_desktop_core-1.zip: 71%
2024-09-24T13:13:20.421Z [Modules] Streaming discord_desktop_core@1 to /home/arch/.config/discord/0.0.69/modules/pending/discord_desktop_core-1.zip: 72%
2024-09-24T13:13:20.427Z [Modules] Streaming discord_desktop_core@1 to /home/arch/.config/discord/0.0.69/modules/pending/discord_desktop_core-1.zip: 73%
2024-09-24T13:13:20.430Z [Modules] Streaming discord_desktop_core@1 to /home/arch/.config/discord/0.0.69/modules/pending/discord_desktop_core-1.zip: 74%
2024-09-24T13:13:20.435Z [Modules] Streaming discord_desktop_core@1 to /home/arch/.config/discord/0.0.69/modules/pending/discord_desktop_core-1.zip: 75%
2024-09-24T13:13:20.439Z [Modules] Streaming discord_desktop_core@1 to /home/arch/.config/discord/0.0.69/modules/pending/discord_desktop_core-1.zip: 76%
2024-09-24T13:13:20.442Z [Modules] Streaming discord_desktop_core@1 to /home/arch/.config/discord/0.0.69/modules/pending/discord_desktop_core-1.zip: 77%
2024-09-24T13:13:20.451Z [Modules] Streaming discord_desktop_core@1 to /home/arch/.config/discord/0.0.69/modules/pending/discord_desktop_core-1.zip: 78%
2024-09-24T13:13:20.456Z [Modules] Streaming discord_desktop_core@1 to /home/arch/.config/discord/0.0.69/modules/pending/discord_desktop_core-1.zip: 79%
2024-09-24T13:13:20.461Z [Modules] Streaming discord_desktop_core@1 to /home/arch/.config/discord/0.0.69/modules/pending/discord_desktop_core-1.zip: 80%
2024-09-24T13:13:20.467Z [Modules] Streaming discord_desktop_core@1 to /home/arch/.config/discord/0.0.69/modules/pending/discord_desktop_core-1.zip: 81%
2024-09-24T13:13:20.473Z [Modules] Streaming discord_desktop_core@1 to /home/arch/.config/discord/0.0.69/modules/pending/discord_desktop_core-1.zip: 82%
2024-09-24T13:13:20.477Z [Modules] Streaming discord_desktop_core@1 to /home/arch/.config/discord/0.0.69/modules/pending/discord_desktop_core-1.zip: 83%
2024-09-24T13:13:20.484Z [Modules] Streaming discord_desktop_core@1 to /home/arch/.config/discord/0.0.69/modules/pending/discord_desktop_core-1.zip: 84%
2024-09-24T13:13:20.488Z [Modules] Streaming discord_desktop_core@1 to /home/arch/.config/discord/0.0.69/modules/pending/discord_desktop_core-1.zip: 85%
2024-09-24T13:13:20.494Z [Modules] Streaming discord_desktop_core@1 to /home/arch/.config/discord/0.0.69/modules/pending/discord_desktop_core-1.zip: 86%
2024-09-24T13:13:20.496Z [Modules] Streaming discord_desktop_core@1 to /home/arch/.config/discord/0.0.69/modules/pending/discord_desktop_core-1.zip: 87%
2024-09-24T13:13:20.507Z [Modules] Streaming discord_desktop_core@1 to /home/arch/.config/discord/0.0.69/modules/pending/discord_desktop_core-1.zip: 88%
2024-09-24T13:13:20.513Z [Modules] Streaming discord_desktop_core@1 to /home/arch/.config/discord/0.0.69/modules/pending/discord_desktop_core-1.zip: 89%
2024-09-24T13:13:20.545Z [Modules] Streaming discord_desktop_core@1 to /home/arch/.config/discord/0.0.69/modules/pending/discord_desktop_core-1.zip: 90%
2024-09-24T13:13:20.553Z [Modules] Streaming discord_desktop_core@1 to /home/arch/.config/discord/0.0.69/modules/pending/discord_desktop_core-1.zip: 91%
2024-09-24T13:13:20.560Z [Modules] Streaming discord_desktop_core@1 to /home/arch/.config/discord/0.0.69/modules/pending/discord_desktop_core-1.zip: 92%
2024-09-24T13:13:20.564Z [Modules] Streaming discord_desktop_core@1 to /home/arch/.config/discord/0.0.69/modules/pending/discord_desktop_core-1.zip: 93%
2024-09-24T13:13:20.573Z [Modules] Streaming discord_desktop_core@1 to /home/arch/.config/discord/0.0.69/modules/pending/discord_desktop_core-1.zip: 94%
2024-09-24T13:13:20.575Z [Modules] Streaming discord_desktop_core@1 to /home/arch/.config/discord/0.0.69/modules/pending/discord_desktop_core-1.zip: 95%
2024-09-24T13:13:20.585Z [Modules] Streaming discord_desktop_core@1 to /home/arch/.config/discord/0.0.69/modules/pending/discord_desktop_core-1.zip: 96%
2024-09-24T13:13:20.587Z [Modules] Streaming discord_desktop_core@1 to /home/arch/.config/discord/0.0.69/modules/pending/discord_desktop_core-1.zip: 97%
2024-09-24T13:13:20.593Z [Modules] Streaming discord_desktop_core@1 to /home/arch/.config/discord/0.0.69/modules/pending/discord_desktop_core-1.zip: 98%
2024-09-24T13:13:20.596Z [Modules] Streaming discord_desktop_core@1 to /home/arch/.config/discord/0.0.69/modules/pending/discord_desktop_core-1.zip: 99%
2024-09-24T13:13:20.599Z [Modules] Streaming discord_desktop_core@1 to /home/arch/.config/discord/0.0.69/modules/pending/discord_desktop_core-1.zip: 100%
2024-09-24T13:13:20.600Z [Modules] Fetching discord_erlpack@1 from https://discord.com/api/modules/stable/discord_erlpack/1
2024-09-24T13:13:20.600Z [Modules] Streaming discord_erlpack@1 to /home/arch/.config/discord/0.0.69/modules/pending/discord_erlpack-1.zip
2024-09-24T13:13:21.716Z [Modules] Streaming discord_erlpack@1 to /home/arch/.config/discord/0.0.69/modules/pending/discord_erlpack-1.zip: 1%
2024-09-24T13:13:21.795Z [Modules] Streaming discord_erlpack@1 to /home/arch/.config/discord/0.0.69/modules/pending/discord_erlpack-1.zip: 2%
2024-09-24T13:13:21.862Z [Modules] Streaming discord_erlpack@1 to /home/arch/.config/discord/0.0.69/modules/pending/discord_erlpack-1.zip: 3%
2024-09-24T13:13:21.905Z [Modules] Streaming discord_erlpack@1 to /home/arch/.config/discord/0.0.69/modules/pending/discord_erlpack-1.zip: 4%
2024-09-24T13:13:21.937Z [Modules] Streaming discord_erlpack@1 to /home/arch/.config/discord/0.0.69/modules/pending/discord_erlpack-1.zip: 5%
2024-09-24T13:13:21.959Z [Modules] Streaming discord_erlpack@1 to /home/arch/.config/discord/0.0.69/modules/pending/discord_erlpack-1.zip: 6%
2024-09-24T13:13:21.994Z [Modules] Streaming discord_erlpack@1 to /home/arch/.config/discord/0.0.69/modules/pending/discord_erlpack-1.zip: 7%
2024-09-24T13:13:22.015Z [Modules] Streaming discord_erlpack@1 to /home/arch/.config/discord/0.0.69/modules/pending/discord_erlpack-1.zip: 8%
2024-09-24T13:13:22.045Z [Modules] Streaming discord_erlpack@1 to /home/arch/.config/discord/0.0.69/modules/pending/discord_erlpack-1.zip: 9%
2024-09-24T13:13:22.079Z [Modules] Streaming discord_erlpack@1 to /home/arch/.config/discord/0.0.69/modules/pending/discord_erlpack-1.zip: 10%
2024-09-24T13:13:22.092Z [Modules] Streaming discord_erlpack@1 to /home/arch/.config/discord/0.0.69/modules/pending/discord_erlpack-1.zip: 11%
2024-09-24T13:13:22.102Z [Modules] Streaming discord_erlpack@1 to /home/arch/.config/discord/0.0.69/modules/pending/discord_erlpack-1.zip: 12%
2024-09-24T13:13:22.123Z [Modules] Streaming discord_erlpack@1 to /home/arch/.config/discord/0.0.69/modules/pending/discord_erlpack-1.zip: 13%
2024-09-24T13:13:22.131Z [Modules] Streaming discord_erlpack@1 to /home/arch/.config/discord/0.0.69/modules/pending/discord_erlpack-1.zip: 14%
2024-09-24T13:13:22.141Z [Modules] Streaming discord_erlpack@1 to /home/arch/.config/discord/0.0.69/modules/pending/discord_erlpack-1.zip: 15%
2024-09-24T13:13:22.160Z [Modules] Streaming discord_erlpack@1 to /home/arch/.config/discord/0.0.69/modules/pending/discord_erlpack-1.zip: 16%
2024-09-24T13:13:22.173Z [Modules] Streaming discord_erlpack@1 to /home/arch/.config/discord/0.0.69/modules/pending/discord_erlpack-1.zip: 17%
2024-09-24T13:13:22.189Z [Modules] Streaming discord_erlpack@1 to /home/arch/.config/discord/0.0.69/modules/pending/discord_erlpack-1.zip: 18%
2024-09-24T13:13:22.210Z [Modules] Streaming discord_erlpack@1 to /home/arch/.config/discord/0.0.69/modules/pending/discord_erlpack-1.zip: 19%
2024-09-24T13:13:22.218Z [Modules] Streaming discord_erlpack@1 to /home/arch/.config/discord/0.0.69/modules/pending/discord_erlpack-1.zip: 20%
2024-09-24T13:13:22.226Z [Modules] Streaming discord_erlpack@1 to /home/arch/.config/discord/0.0.69/modules/pending/discord_erlpack-1.zip: 21%
2024-09-24T13:13:22.242Z [Modules] Streaming discord_erlpack@1 to /home/arch/.config/discord/0.0.69/modules/pending/discord_erlpack-1.zip: 22%
2024-09-24T13:13:22.250Z [Modules] Streaming discord_erlpack@1 to /home/arch/.config/discord/0.0.69/modules/pending/discord_erlpack-1.zip: 23%
2024-09-24T13:13:22.256Z [Modules] Streaming discord_erlpack@1 to /home/arch/.config/discord/0.0.69/modules/pending/discord_erlpack-1.zip: 24%
2024-09-24T13:13:22.269Z [Modules] Streaming discord_erlpack@1 to /home/arch/.config/discord/0.0.69/modules/pending/discord_erlpack-1.zip: 25%
2024-09-24T13:13:22.274Z [Modules] Streaming discord_erlpack@1 to /home/arch/.config/discord/0.0.69/modules/pending/discord_erlpack-1.zip: 26%
2024-09-24T13:13:22.280Z [Modules] Streaming discord_erlpack@1 to /home/arch/.config/discord/0.0.69/modules/pending/discord_erlpack-1.zip: 27%
2024-09-24T13:13:22.286Z [Modules] Streaming discord_erlpack@1 to /home/arch/.config/discord/0.0.69/modules/pending/discord_erlpack-1.zip: 28%
2024-09-24T13:13:22.296Z [Modules] Streaming discord_erlpack@1 to /home/arch/.config/discord/0.0.69/modules/pending/discord_erlpack-1.zip: 29%
2024-09-24T13:13:22.301Z [Modules] Streaming discord_erlpack@1 to /home/arch/.config/discord/0.0.69/modules/pending/discord_erlpack-1.zip: 30%
2024-09-24T13:13:22.306Z [Modules] Streaming discord_erlpack@1 to /home/arch/.config/discord/0.0.69/modules/pending/discord_erlpack-1.zip: 31%
2024-09-24T13:13:22.316Z [Modules] Streaming discord_erlpack@1 to /home/arch/.config/discord/0.0.69/modules/pending/discord_erlpack-1.zip: 32%
2024-09-24T13:13:22.321Z [Modules] Streaming discord_erlpack@1 to /home/arch/.config/discord/0.0.69/modules/pending/discord_erlpack-1.zip: 33%
2024-09-24T13:13:22.325Z [Modules] Streaming discord_erlpack@1 to /home/arch/.config/discord/0.0.69/modules/pending/discord_erlpack-1.zip: 34%
2024-09-24T13:13:22.337Z [Modules] Streaming discord_erlpack@1 to /home/arch/.config/discord/0.0.69/modules/pending/discord_erlpack-1.zip: 35%
2024-09-24T13:13:22.345Z [Modules] Streaming discord_erlpack@1 to /home/arch/.config/discord/0.0.69/modules/pending/discord_erlpack-1.zip: 36%
2024-09-24T13:13:22.352Z [Modules] Streaming discord_erlpack@1 to /home/arch/.config/discord/0.0.69/modules/pending/discord_erlpack-1.zip: 37%
2024-09-24T13:13:22.364Z [Modules] Streaming discord_erlpack@1 to /home/arch/.config/discord/0.0.69/modules/pending/discord_erlpack-1.zip: 38%
2024-09-24T13:13:22.371Z [Modules] Streaming discord_erlpack@1 to /home/arch/.config/discord/0.0.69/modules/pending/discord_erlpack-1.zip: 39%
2024-09-24T13:13:22.375Z [Modules] Streaming discord_erlpack@1 to /home/arch/.config/discord/0.0.69/modules/pending/discord_erlpack-1.zip: 40%
2024-09-24T13:13:22.386Z [Modules] Streaming discord_erlpack@1 to /home/arch/.config/discord/0.0.69/modules/pending/discord_erlpack-1.zip: 41%
2024-09-24T13:13:22.390Z [Modules] Streaming discord_erlpack@1 to /home/arch/.config/discord/0.0.69/modules/pending/discord_erlpack-1.zip: 42%
2024-09-24T13:13:22.394Z [Modules] Streaming discord_erlpack@1 to /home/arch/.config/discord/0.0.69/modules/pending/discord_erlpack-1.zip: 43%
2024-09-24T13:13:22.404Z [Modules] Streaming discord_erlpack@1 to /home/arch/.config/discord/0.0.69/modules/pending/discord_erlpack-1.zip: 44%
2024-09-24T13:13:22.410Z [Modules] Streaming discord_erlpack@1 to /home/arch/.config/discord/0.0.69/modules/pending/discord_erlpack-1.zip: 45%
2024-09-24T13:13:22.414Z [Modules] Streaming discord_erlpack@1 to /home/arch/.config/discord/0.0.69/modules/pending/discord_erlpack-1.zip: 46%
2024-09-24T13:13:22.422Z [Modules] Streaming discord_erlpack@1 to /home/arch/.config/discord/0.0.69/modules/pending/discord_erlpack-1.zip: 47%
2024-09-24T13:13:22.429Z [Modules] Streaming discord_erlpack@1 to /home/arch/.config/discord/0.0.69/modules/pending/discord_erlpack-1.zip: 48%
2024-09-24T13:13:22.433Z [Modules] Streaming discord_erlpack@1 to /home/arch/.config/discord/0.0.69/modules/pending/discord_erlpack-1.zip: 49%
2024-09-24T13:13:22.441Z [Modules] Streaming discord_erlpack@1 to /home/arch/.config/discord/0.0.69/modules/pending/discord_erlpack-1.zip: 50%
2024-09-24T13:13:22.444Z [Modules] Streaming discord_erlpack@1 to /home/arch/.config/discord/0.0.69/modules/pending/discord_erlpack-1.zip: 51%
2024-09-24T13:13:22.451Z [Modules] Streaming discord_erlpack@1 to /home/arch/.config/discord/0.0.69/modules/pending/discord_erlpack-1.zip: 52%
2024-09-24T13:13:22.458Z [Modules] Streaming discord_erlpack@1 to /home/arch/.config/discord/0.0.69/modules/pending/discord_erlpack-1.zip: 53%
2024-09-24T13:13:22.461Z [Modules] Streaming discord_erlpack@1 to /home/arch/.config/discord/0.0.69/modules/pending/discord_erlpack-1.zip: 54%
2024-09-24T13:13:22.465Z [Modules] Streaming discord_erlpack@1 to /home/arch/.config/discord/0.0.69/modules/pending/discord_erlpack-1.zip: 55%
2024-09-24T13:13:22.468Z [Modules] Streaming discord_erlpack@1 to /home/arch/.config/discord/0.0.69/modules/pending/discord_erlpack-1.zip: 56%
2024-09-24T13:13:22.475Z [Modules] Streaming discord_erlpack@1 to /home/arch/.config/discord/0.0.69/modules/pending/discord_erlpack-1.zip: 57%
2024-09-24T13:13:22.478Z [Modules] Streaming discord_erlpack@1 to /home/arch/.config/discord/0.0.69/modules/pending/discord_erlpack-1.zip: 58%
2024-09-24T13:13:22.481Z [Modules] Streaming discord_erlpack@1 to /home/arch/.config/discord/0.0.69/modules/pending/discord_erlpack-1.zip: 59%
2024-09-24T13:13:22.488Z [Modules] Streaming discord_erlpack@1 to /home/arch/.config/discord/0.0.69/modules/pending/discord_erlpack-1.zip: 60%
2024-09-24T13:13:22.654Z [Modules] Streaming discord_erlpack@1 to /home/arch/.config/discord/0.0.69/modules/pending/discord_erlpack-1.zip: 62%
2024-09-24T13:13:22.661Z [Modules] Streaming discord_erlpack@1 to /home/arch/.config/discord/0.0.69/modules/pending/discord_erlpack-1.zip: 63%
2024-09-24T13:13:22.662Z [Modules] Streaming discord_erlpack@1 to /home/arch/.config/discord/0.0.69/modules/pending/discord_erlpack-1.zip: 65%
2024-09-24T13:13:22.667Z [Modules] Streaming discord_erlpack@1 to /home/arch/.config/discord/0.0.69/modules/pending/discord_erlpack-1.zip: 68%
2024-09-24T13:13:22.671Z [Modules] Streaming discord_erlpack@1 to /home/arch/.config/discord/0.0.69/modules/pending/discord_erlpack-1.zip: 71%
2024-09-24T13:13:22.681Z [Modules] Streaming discord_erlpack@1 to /home/arch/.config/discord/0.0.69/modules/pending/discord_erlpack-1.zip: 72%
2024-09-24T13:13:22.684Z [Modules] Streaming discord_erlpack@1 to /home/arch/.config/discord/0.0.69/modules/pending/discord_erlpack-1.zip: 74%
2024-09-24T13:13:22.688Z [Modules] Streaming discord_erlpack@1 to /home/arch/.config/discord/0.0.69/modules/pending/discord_erlpack-1.zip: 77%
2024-09-24T13:13:22.696Z [Modules] Streaming discord_erlpack@1 to /home/arch/.config/discord/0.0.69/modules/pending/discord_erlpack-1.zip: 78%
2024-09-24T13:13:22.698Z [Modules] Streaming discord_erlpack@1 to /home/arch/.config/discord/0.0.69/modules/pending/discord_erlpack-1.zip: 79%
2024-09-24T13:13:22.701Z [Modules] Streaming discord_erlpack@1 to /home/arch/.config/discord/0.0.69/modules/pending/discord_erlpack-1.zip: 81%
2024-09-24T13:13:22.705Z [Modules] Streaming discord_erlpack@1 to /home/arch/.config/discord/0.0.69/modules/pending/discord_erlpack-1.zip: 82%
2024-09-24T13:13:22.707Z [Modules] Streaming discord_erlpack@1 to /home/arch/.config/discord/0.0.69/modules/pending/discord_erlpack-1.zip: 83%
2024-09-24T13:13:22.709Z [Modules] Streaming discord_erlpack@1 to /home/arch/.config/discord/0.0.69/modules/pending/discord_erlpack-1.zip: 85%
2024-09-24T13:13:22.716Z [Modules] Streaming discord_erlpack@1 to /home/arch/.config/discord/0.0.69/modules/pending/discord_erlpack-1.zip: 86%
2024-09-24T13:13:22.718Z [Modules] Streaming discord_erlpack@1 to /home/arch/.config/discord/0.0.69/modules/pending/discord_erlpack-1.zip: 87%
2024-09-24T13:13:22.719Z [Modules] Streaming discord_erlpack@1 to /home/arch/.config/discord/0.0.69/modules/pending/discord_erlpack-1.zip: 90%
2024-09-24T13:13:22.728Z [Modules] Streaming discord_erlpack@1 to /home/arch/.config/discord/0.0.69/modules/pending/discord_erlpack-1.zip: 93%
2024-09-24T13:13:22.737Z [Modules] Streaming discord_erlpack@1 to /home/arch/.config/discord/0.0.69/modules/pending/discord_erlpack-1.zip: 94%
2024-09-24T13:13:22.739Z [Modules] Streaming discord_erlpack@1 to /home/arch/.config/discord/0.0.69/modules/pending/discord_erlpack-1.zip: 97%
2024-09-24T13:13:22.740Z [Modules] Streaming discord_erlpack@1 to /home/arch/.config/discord/0.0.69/modules/pending/discord_erlpack-1.zip: 100%
2024-09-24T13:13:22.741Z [Modules] Fetching discord_spellcheck@1 from https://discord.com/api/modules/stable/discord_spellcheck/1
2024-09-24T13:13:22.741Z [Modules] Streaming discord_spellcheck@1 to /home/arch/.config/discord/0.0.69/modules/pending/discord_spellcheck-1.zip
2024-09-24T13:13:23.120Z [Modules] Streaming discord_spellcheck@1 to /home/arch/.config/discord/0.0.69/modules/pending/discord_spellcheck-1.zip: 1%
2024-09-24T13:13:23.138Z [Modules] Streaming discord_spellcheck@1 to /home/arch/.config/discord/0.0.69/modules/pending/discord_spellcheck-1.zip: 2%
2024-09-24T13:13:23.154Z [Modules] Streaming discord_spellcheck@1 to /home/arch/.config/discord/0.0.69/modules/pending/discord_spellcheck-1.zip: 3%
2024-09-24T13:13:23.172Z [Modules] Streaming discord_spellcheck@1 to /home/arch/.config/discord/0.0.69/modules/pending/discord_spellcheck-1.zip: 4%
2024-09-24T13:13:23.190Z [Modules] Streaming discord_spellcheck@1 to /home/arch/.config/discord/0.0.69/modules/pending/discord_spellcheck-1.zip: 5%
2024-09-24T13:13:23.209Z [Modules] Streaming discord_spellcheck@1 to /home/arch/.config/discord/0.0.69/modules/pending/discord_spellcheck-1.zip: 6%
2024-09-24T13:13:23.228Z [Modules] Streaming discord_spellcheck@1 to /home/arch/.config/discord/0.0.69/modules/pending/discord_spellcheck-1.zip: 7%
2024-09-24T13:13:23.264Z [Modules] Streaming discord_spellcheck@1 to /home/arch/.config/discord/0.0.69/modules/pending/discord_spellcheck-1.zip: 8%
2024-09-24T13:13:23.286Z [Modules] Streaming discord_spellcheck@1 to /home/arch/.config/discord/0.0.69/modules/pending/discord_spellcheck-1.zip: 9%
2024-09-24T13:13:23.306Z [Modules] Streaming discord_spellcheck@1 to /home/arch/.config/discord/0.0.69/modules/pending/discord_spellcheck-1.zip: 10%
2024-09-24T13:13:23.329Z [Modules] Streaming discord_spellcheck@1 to /home/arch/.config/discord/0.0.69/modules/pending/discord_spellcheck-1.zip: 11%
2024-09-24T13:13:23.520Z [Modules] Streaming discord_spellcheck@1 to /home/arch/.config/discord/0.0.69/modules/pending/discord_spellcheck-1.zip: 12%
2024-09-24T13:13:23.537Z [Modules] Streaming discord_spellcheck@1 to /home/arch/.config/discord/0.0.69/modules/pending/discord_spellcheck-1.zip: 13%
2024-09-24T13:13:23.686Z [Modules] Streaming discord_spellcheck@1 to /home/arch/.config/discord/0.0.69/modules/pending/discord_spellcheck-1.zip: 14%
2024-09-24T13:13:23.687Z [Modules] Streaming discord_spellcheck@1 to /home/arch/.config/discord/0.0.69/modules/pending/discord_spellcheck-1.zip: 15%
2024-09-24T13:13:23.687Z [Modules] Streaming discord_spellcheck@1 to /home/arch/.config/discord/0.0.69/modules/pending/discord_spellcheck-1.zip: 16%
2024-09-24T13:13:23.688Z [Modules] Streaming discord_spellcheck@1 to /home/arch/.config/discord/0.0.69/modules/pending/discord_spellcheck-1.zip: 17%
2024-09-24T13:13:23.688Z [Modules] Streaming discord_spellcheck@1 to /home/arch/.config/discord/0.0.69/modules/pending/discord_spellcheck-1.zip: 18%
2024-09-24T13:13:23.688Z [Modules] Streaming discord_spellcheck@1 to /home/arch/.config/discord/0.0.69/modules/pending/discord_spellcheck-1.zip: 20%
2024-09-24T13:13:23.689Z [Modules] Streaming discord_spellcheck@1 to /home/arch/.config/discord/0.0.69/modules/pending/discord_spellcheck-1.zip: 21%
2024-09-24T13:13:23.689Z [Modules] Streaming discord_spellcheck@1 to /home/arch/.config/discord/0.0.69/modules/pending/discord_spellcheck-1.zip: 22%
2024-09-24T13:13:23.689Z [Modules] Streaming discord_spellcheck@1 to /home/arch/.config/discord/0.0.69/modules/pending/discord_spellcheck-1.zip: 23%
2024-09-24T13:13:23.690Z [Modules] Streaming discord_spellcheck@1 to /home/arch/.config/discord/0.0.69/modules/pending/discord_spellcheck-1.zip: 25%
2024-09-24T13:13:23.690Z [Modules] Streaming discord_spellcheck@1 to /home/arch/.config/discord/0.0.69/modules/pending/discord_spellcheck-1.zip: 27%
2024-09-24T13:13:23.785Z [Modules] Streaming discord_spellcheck@1 to /home/arch/.config/discord/0.0.69/modules/pending/discord_spellcheck-1.zip: 28%
2024-09-24T13:13:23.797Z [Modules] Streaming discord_spellcheck@1 to /home/arch/.config/discord/0.0.69/modules/pending/discord_spellcheck-1.zip: 29%
2024-09-24T13:13:23.810Z [Modules] Streaming discord_spellcheck@1 to /home/arch/.config/discord/0.0.69/modules/pending/discord_spellcheck-1.zip: 30%
2024-09-24T13:13:23.822Z [Modules] Streaming discord_spellcheck@1 to /home/arch/.config/discord/0.0.69/modules/pending/discord_spellcheck-1.zip: 31%
2024-09-24T13:13:23.834Z [Modules] Streaming discord_spellcheck@1 to /home/arch/.config/discord/0.0.69/modules/pending/discord_spellcheck-1.zip: 32%
2024-09-24T13:13:23.848Z [Modules] Streaming discord_spellcheck@1 to /home/arch/.config/discord/0.0.69/modules/pending/discord_spellcheck-1.zip: 33%
2024-09-24T13:13:23.860Z [Modules] Streaming discord_spellcheck@1 to /home/arch/.config/discord/0.0.69/modules/pending/discord_spellcheck-1.zip: 34%
2024-09-24T13:13:23.872Z [Modules] Streaming discord_spellcheck@1 to /home/arch/.config/discord/0.0.69/modules/pending/discord_spellcheck-1.zip: 35%
2024-09-24T13:13:23.885Z [Modules] Streaming discord_spellcheck@1 to /home/arch/.config/discord/0.0.69/modules/pending/discord_spellcheck-1.zip: 36%
2024-09-24T13:13:23.896Z [Modules] Streaming discord_spellcheck@1 to /home/arch/.config/discord/0.0.69/modules/pending/discord_spellcheck-1.zip: 37%
2024-09-24T13:13:23.909Z [Modules] Streaming discord_spellcheck@1 to /home/arch/.config/discord/0.0.69/modules/pending/discord_spellcheck-1.zip: 38%
2024-09-24T13:13:23.938Z [Modules] Streaming discord_spellcheck@1 to /home/arch/.config/discord/0.0.69/modules/pending/discord_spellcheck-1.zip: 39%
2024-09-24T13:13:23.957Z [Modules] Streaming discord_spellcheck@1 to /home/arch/.config/discord/0.0.69/modules/pending/discord_spellcheck-1.zip: 40%
2024-09-24T13:13:23.976Z [Modules] Streaming discord_spellcheck@1 to /home/arch/.config/discord/0.0.69/modules/pending/discord_spellcheck-1.zip: 41%
2024-09-24T13:13:23.991Z [Modules] Streaming discord_spellcheck@1 to /home/arch/.config/discord/0.0.69/modules/pending/discord_spellcheck-1.zip: 42%
2024-09-24T13:13:24.006Z [Modules] Streaming discord_spellcheck@1 to /home/arch/.config/discord/0.0.69/modules/pending/discord_spellcheck-1.zip: 43%
2024-09-24T13:13:24.191Z [Modules] Streaming discord_spellcheck@1 to /home/arch/.config/discord/0.0.69/modules/pending/discord_spellcheck-1.zip: 44%
2024-09-24T13:13:24.206Z [Modules] Streaming discord_spellcheck@1 to /home/arch/.config/discord/0.0.69/modules/pending/discord_spellcheck-1.zip: 45%
2024-09-24T13:13:24.217Z [Modules] Streaming discord_spellcheck@1 to /home/arch/.config/discord/0.0.69/modules/pending/discord_spellcheck-1.zip: 46%
2024-09-24T13:13:24.225Z [Modules] Streaming discord_spellcheck@1 to /home/arch/.config/discord/0.0.69/modules/pending/discord_spellcheck-1.zip: 47%
2024-09-24T13:13:24.234Z [Modules] Streaming discord_spellcheck@1 to /home/arch/.config/discord/0.0.69/modules/pending/discord_spellcheck-1.zip: 48%
2024-09-24T13:13:24.240Z [Modules] Streaming discord_spellcheck@1 to /home/arch/.config/discord/0.0.69/modules/pending/discord_spellcheck-1.zip: 49%
2024-09-24T13:13:24.252Z [Modules] Streaming discord_spellcheck@1 to /home/arch/.config/discord/0.0.69/modules/pending/discord_spellcheck-1.zip: 50%
2024-09-24T13:13:24.263Z [Modules] Streaming discord_spellcheck@1 to /home/arch/.config/discord/0.0.69/modules/pending/discord_spellcheck-1.zip: 51%
2024-09-24T13:13:24.283Z [Modules] Streaming discord_spellcheck@1 to /home/arch/.config/discord/0.0.69/modules/pending/discord_spellcheck-1.zip: 52%
2024-09-24T13:13:24.286Z [Modules] Streaming discord_spellcheck@1 to /home/arch/.config/discord/0.0.69/modules/pending/discord_spellcheck-1.zip: 53%
2024-09-24T13:13:24.298Z [Modules] Streaming discord_spellcheck@1 to /home/arch/.config/discord/0.0.69/modules/pending/discord_spellcheck-1.zip: 54%
2024-09-24T13:13:24.301Z [Modules] Streaming discord_spellcheck@1 to /home/arch/.config/discord/0.0.69/modules/pending/discord_spellcheck-1.zip: 55%
2024-09-24T13:13:24.303Z [Modules] Streaming discord_spellcheck@1 to /home/arch/.config/discord/0.0.69/modules/pending/discord_spellcheck-1.zip: 56%
2024-09-24T13:13:24.303Z [Modules] Streaming discord_spellcheck@1 to /home/arch/.config/discord/0.0.69/modules/pending/discord_spellcheck-1.zip: 57%
2024-09-24T13:13:24.329Z [Modules] Streaming discord_spellcheck@1 to /home/arch/.config/discord/0.0.69/modules/pending/discord_spellcheck-1.zip: 58%
2024-09-24T13:13:24.330Z [Modules] Streaming discord_spellcheck@1 to /home/arch/.config/discord/0.0.69/modules/pending/discord_spellcheck-1.zip: 59%
2024-09-24T13:13:24.345Z [Modules] Streaming discord_spellcheck@1 to /home/arch/.config/discord/0.0.69/modules/pending/discord_spellcheck-1.zip: 60%
2024-09-24T13:13:24.345Z [Modules] Streaming discord_spellcheck@1 to /home/arch/.config/discord/0.0.69/modules/pending/discord_spellcheck-1.zip: 62%
2024-09-24T13:13:24.364Z [Modules] Streaming discord_spellcheck@1 to /home/arch/.config/discord/0.0.69/modules/pending/discord_spellcheck-1.zip: 63%
2024-09-24T13:13:24.374Z [Modules] Streaming discord_spellcheck@1 to /home/arch/.config/discord/0.0.69/modules/pending/discord_spellcheck-1.zip: 64%
2024-09-24T13:13:24.383Z [Modules] Streaming discord_spellcheck@1 to /home/arch/.config/discord/0.0.69/modules/pending/discord_spellcheck-1.zip: 65%
2024-09-24T13:13:24.393Z [Modules] Streaming discord_spellcheck@1 to /home/arch/.config/discord/0.0.69/modules/pending/discord_spellcheck-1.zip: 66%
2024-09-24T13:13:24.406Z [Modules] Streaming discord_spellcheck@1 to /home/arch/.config/discord/0.0.69/modules/pending/discord_spellcheck-1.zip: 67%
2024-09-24T13:13:24.416Z [Modules] Streaming discord_spellcheck@1 to /home/arch/.config/discord/0.0.69/modules/pending/discord_spellcheck-1.zip: 68%
2024-09-24T13:13:24.426Z [Modules] Streaming discord_spellcheck@1 to /home/arch/.config/discord/0.0.69/modules/pending/discord_spellcheck-1.zip: 69%
2024-09-24T13:13:24.449Z [Modules] Streaming discord_spellcheck@1 to /home/arch/.config/discord/0.0.69/modules/pending/discord_spellcheck-1.zip: 70%
2024-09-24T13:13:24.459Z [Modules] Streaming discord_spellcheck@1 to /home/arch/.config/discord/0.0.69/modules/pending/discord_spellcheck-1.zip: 71%
2024-09-24T13:13:24.471Z [Modules] Streaming discord_spellcheck@1 to /home/arch/.config/discord/0.0.69/modules/pending/discord_spellcheck-1.zip: 72%
2024-09-24T13:13:24.481Z [Modules] Streaming discord_spellcheck@1 to /home/arch/.config/discord/0.0.69/modules/pending/discord_spellcheck-1.zip: 73%
2024-09-24T13:13:24.494Z [Modules] Streaming discord_spellcheck@1 to /home/arch/.config/discord/0.0.69/modules/pending/discord_spellcheck-1.zip: 74%
2024-09-24T13:13:24.518Z [Modules] Streaming discord_spellcheck@1 to /home/arch/.config/discord/0.0.69/modules/pending/discord_spellcheck-1.zip: 75%
2024-09-24T13:13:24.532Z [Modules] Streaming discord_spellcheck@1 to /home/arch/.config/discord/0.0.69/modules/pending/discord_spellcheck-1.zip: 76%
2024-09-24T13:13:24.545Z [Modules] Streaming discord_spellcheck@1 to /home/arch/.config/discord/0.0.69/modules/pending/discord_spellcheck-1.zip: 77%
2024-09-24T13:13:24.722Z [Modules] Streaming discord_spellcheck@1 to /home/arch/.config/discord/0.0.69/modules/pending/discord_spellcheck-1.zip: 78%
2024-09-24T13:13:24.729Z [Modules] Streaming discord_spellcheck@1 to /home/arch/.config/discord/0.0.69/modules/pending/discord_spellcheck-1.zip: 79%
2024-09-24T13:13:24.733Z [Modules] Streaming discord_spellcheck@1 to /home/arch/.config/discord/0.0.69/modules/pending/discord_spellcheck-1.zip: 80%
2024-09-24T13:13:24.740Z [Modules] Streaming discord_spellcheck@1 to /home/arch/.config/discord/0.0.69/modules/pending/discord_spellcheck-1.zip: 81%
2024-09-24T13:13:24.747Z [Modules] Streaming discord_spellcheck@1 to /home/arch/.config/discord/0.0.69/modules/pending/discord_spellcheck-1.zip: 82%
2024-09-24T13:13:24.749Z [Modules] Streaming discord_spellcheck@1 to /home/arch/.config/discord/0.0.69/modules/pending/discord_spellcheck-1.zip: 83%
2024-09-24T13:13:24.772Z [Modules] Streaming discord_spellcheck@1 to /home/arch/.config/discord/0.0.69/modules/pending/discord_spellcheck-1.zip: 84%
2024-09-24T13:13:24.777Z [Modules] Streaming discord_spellcheck@1 to /home/arch/.config/discord/0.0.69/modules/pending/discord_spellcheck-1.zip: 85%
2024-09-24T13:13:24.777Z [Modules] Streaming discord_spellcheck@1 to /home/arch/.config/discord/0.0.69/modules/pending/discord_spellcheck-1.zip: 86%
2024-09-24T13:13:24.777Z [Modules] Streaming discord_spellcheck@1 to /home/arch/.config/discord/0.0.69/modules/pending/discord_spellcheck-1.zip: 87%
2024-09-24T13:13:24.778Z [Modules] Streaming discord_spellcheck@1 to /home/arch/.config/discord/0.0.69/modules/pending/discord_spellcheck-1.zip: 88%
2024-09-24T13:13:24.789Z [Modules] Streaming discord_spellcheck@1 to /home/arch/.config/discord/0.0.69/modules/pending/discord_spellcheck-1.zip: 89%
2024-09-24T13:13:24.795Z [Modules] Streaming discord_spellcheck@1 to /home/arch/.config/discord/0.0.69/modules/pending/discord_spellcheck-1.zip: 90%
2024-09-24T13:13:24.804Z [Modules] Streaming discord_spellcheck@1 to /home/arch/.config/discord/0.0.69/modules/pending/discord_spellcheck-1.zip: 91%
2024-09-24T13:13:24.809Z [Modules] Streaming discord_spellcheck@1 to /home/arch/.config/discord/0.0.69/modules/pending/discord_spellcheck-1.zip: 92%
2024-09-24T13:13:24.836Z [Modules] Streaming discord_spellcheck@1 to /home/arch/.config/discord/0.0.69/modules/pending/discord_spellcheck-1.zip: 93%
2024-09-24T13:13:24.853Z [Modules] Streaming discord_spellcheck@1 to /home/arch/.config/discord/0.0.69/modules/pending/discord_spellcheck-1.zip: 94%
2024-09-24T13:13:24.879Z [Modules] Streaming discord_spellcheck@1 to /home/arch/.config/discord/0.0.69/modules/pending/discord_spellcheck-1.zip: 95%
2024-09-24T13:13:24.907Z [Modules] Streaming discord_spellcheck@1 to /home/arch/.config/discord/0.0.69/modules/pending/discord_spellcheck-1.zip: 96%
2024-09-24T13:13:24.924Z [Modules] Streaming discord_spellcheck@1 to /home/arch/.config/discord/0.0.69/modules/pending/discord_spellcheck-1.zip: 97%
2024-09-24T13:13:24.948Z [Modules] Streaming discord_spellcheck@1 to /home/arch/.config/discord/0.0.69/modules/pending/discord_spellcheck-1.zip: 98%
2024-09-24T13:13:24.959Z [Modules] Streaming discord_spellcheck@1 to /home/arch/.config/discord/0.0.69/modules/pending/discord_spellcheck-1.zip: 99%
2024-09-24T13:13:24.969Z [Modules] Streaming discord_spellcheck@1 to /home/arch/.config/discord/0.0.69/modules/pending/discord_spellcheck-1.zip: 100%
2024-09-24T13:13:24.970Z [Modules] Fetching discord_utils@1 from https://discord.com/api/modules/stable/discord_utils/1
2024-09-24T13:13:24.970Z [Modules] Streaming discord_utils@1 to /home/arch/.config/discord/0.0.69/modules/pending/discord_utils-1.zip
2024-09-24T13:13:25.256Z [Modules] Streaming discord_utils@1 to /home/arch/.config/discord/0.0.69/modules/pending/discord_utils-1.zip: 1%
2024-09-24T13:13:25.279Z [Modules] Streaming discord_utils@1 to /home/arch/.config/discord/0.0.69/modules/pending/discord_utils-1.zip: 2%
2024-09-24T13:13:25.296Z [Modules] Streaming discord_utils@1 to /home/arch/.config/discord/0.0.69/modules/pending/discord_utils-1.zip: 3%
2024-09-24T13:13:25.313Z [Modules] Streaming discord_utils@1 to /home/arch/.config/discord/0.0.69/modules/pending/discord_utils-1.zip: 4%
2024-09-24T13:13:25.327Z [Modules] Streaming discord_utils@1 to /home/arch/.config/discord/0.0.69/modules/pending/discord_utils-1.zip: 5%
2024-09-24T13:13:25.337Z [Modules] Streaming discord_utils@1 to /home/arch/.config/discord/0.0.69/modules/pending/discord_utils-1.zip: 6%
2024-09-24T13:13:25.346Z [Modules] Streaming discord_utils@1 to /home/arch/.config/discord/0.0.69/modules/pending/discord_utils-1.zip: 7%
2024-09-24T13:13:25.355Z [Modules] Streaming discord_utils@1 to /home/arch/.config/discord/0.0.69/modules/pending/discord_utils-1.zip: 8%
2024-09-24T13:13:25.362Z [Modules] Streaming discord_utils@1 to /home/arch/.config/discord/0.0.69/modules/pending/discord_utils-1.zip: 9%
2024-09-24T13:13:25.371Z [Modules] Streaming discord_utils@1 to /home/arch/.config/discord/0.0.69/modules/pending/discord_utils-1.zip: 10%
2024-09-24T13:13:25.379Z [Modules] Streaming discord_utils@1 to /home/arch/.config/discord/0.0.69/modules/pending/discord_utils-1.zip: 11%
2024-09-24T13:13:25.387Z [Modules] Streaming discord_utils@1 to /home/arch/.config/discord/0.0.69/modules/pending/discord_utils-1.zip: 12%
2024-09-24T13:13:25.394Z [Modules] Streaming discord_utils@1 to /home/arch/.config/discord/0.0.69/modules/pending/discord_utils-1.zip: 13%
2024-09-24T13:13:25.399Z [Modules] Streaming discord_utils@1 to /home/arch/.config/discord/0.0.69/modules/pending/discord_utils-1.zip: 14%
2024-09-24T13:13:25.405Z [Modules] Streaming discord_utils@1 to /home/arch/.config/discord/0.0.69/modules/pending/discord_utils-1.zip: 15%
2024-09-24T13:13:25.411Z [Modules] Streaming discord_utils@1 to /home/arch/.config/discord/0.0.69/modules/pending/discord_utils-1.zip: 16%
2024-09-24T13:13:25.417Z [Modules] Streaming discord_utils@1 to /home/arch/.config/discord/0.0.69/modules/pending/discord_utils-1.zip: 17%
2024-09-24T13:13:25.421Z [Modules] Streaming discord_utils@1 to /home/arch/.config/discord/0.0.69/modules/pending/discord_utils-1.zip: 18%
2024-09-24T13:13:25.430Z [Modules] Streaming discord_utils@1 to /home/arch/.config/discord/0.0.69/modules/pending/discord_utils-1.zip: 19%
2024-09-24T13:13:25.437Z [Modules] Streaming discord_utils@1 to /home/arch/.config/discord/0.0.69/modules/pending/discord_utils-1.zip: 20%
2024-09-24T13:13:25.445Z [Modules] Streaming discord_utils@1 to /home/arch/.config/discord/0.0.69/modules/pending/discord_utils-1.zip: 21%
2024-09-24T13:13:25.453Z [Modules] Streaming discord_utils@1 to /home/arch/.config/discord/0.0.69/modules/pending/discord_utils-1.zip: 22%
2024-09-24T13:13:25.459Z [Modules] Streaming discord_utils@1 to /home/arch/.config/discord/0.0.69/modules/pending/discord_utils-1.zip: 23%
2024-09-24T13:13:25.464Z [Modules] Streaming discord_utils@1 to /home/arch/.config/discord/0.0.69/modules/pending/discord_utils-1.zip: 24%
2024-09-24T13:13:25.467Z [Modules] Streaming discord_utils@1 to /home/arch/.config/discord/0.0.69/modules/pending/discord_utils-1.zip: 25%
2024-09-24T13:13:25.475Z [Modules] Streaming discord_utils@1 to /home/arch/.config/discord/0.0.69/modules/pending/discord_utils-1.zip: 26%
2024-09-24T13:13:25.480Z [Modules] Streaming discord_utils@1 to /home/arch/.config/discord/0.0.69/modules/pending/discord_utils-1.zip: 27%
2024-09-24T13:13:25.487Z [Modules] Streaming discord_utils@1 to /home/arch/.config/discord/0.0.69/modules/pending/discord_utils-1.zip: 28%
2024-09-24T13:13:25.489Z [Modules] Streaming discord_utils@1 to /home/arch/.config/discord/0.0.69/modules/pending/discord_utils-1.zip: 29%
2024-09-24T13:13:25.494Z [Modules] Streaming discord_utils@1 to /home/arch/.config/discord/0.0.69/modules/pending/discord_utils-1.zip: 30%
2024-09-24T13:13:25.500Z [Modules] Streaming discord_utils@1 to /home/arch/.config/discord/0.0.69/modules/pending/discord_utils-1.zip: 31%
2024-09-24T13:13:25.506Z [Modules] Streaming discord_utils@1 to /home/arch/.config/discord/0.0.69/modules/pending/discord_utils-1.zip: 32%
2024-09-24T13:13:25.513Z [Modules] Streaming discord_utils@1 to /home/arch/.config/discord/0.0.69/modules/pending/discord_utils-1.zip: 33%
2024-09-24T13:13:25.522Z [Modules] Streaming discord_utils@1 to /home/arch/.config/discord/0.0.69/modules/pending/discord_utils-1.zip: 34%
2024-09-24T13:13:25.528Z [Modules] Streaming discord_utils@1 to /home/arch/.config/discord/0.0.69/modules/pending/discord_utils-1.zip: 35%
2024-09-24T13:13:25.533Z [Modules] Streaming discord_utils@1 to /home/arch/.config/discord/0.0.69/modules/pending/discord_utils-1.zip: 36%
2024-09-24T13:13:25.537Z [Modules] Streaming discord_utils@1 to /home/arch/.config/discord/0.0.69/modules/pending/discord_utils-1.zip: 37%
2024-09-24T13:13:25.541Z [Modules] Streaming discord_utils@1 to /home/arch/.config/discord/0.0.69/modules/pending/discord_utils-1.zip: 38%
2024-09-24T13:13:25.546Z [Modules] Streaming discord_utils@1 to /home/arch/.config/discord/0.0.69/modules/pending/discord_utils-1.zip: 39%
2024-09-24T13:13:25.552Z [Modules] Streaming discord_utils@1 to /home/arch/.config/discord/0.0.69/modules/pending/discord_utils-1.zip: 40%
2024-09-24T13:13:25.558Z [Modules] Streaming discord_utils@1 to /home/arch/.config/discord/0.0.69/modules/pending/discord_utils-1.zip: 41%
2024-09-24T13:13:25.562Z [Modules] Streaming discord_utils@1 to /home/arch/.config/discord/0.0.69/modules/pending/discord_utils-1.zip: 42%
2024-09-24T13:13:25.566Z [Modules] Streaming discord_utils@1 to /home/arch/.config/discord/0.0.69/modules/pending/discord_utils-1.zip: 43%
2024-09-24T13:13:25.569Z [Modules] Streaming discord_utils@1 to /home/arch/.config/discord/0.0.69/modules/pending/discord_utils-1.zip: 44%
2024-09-24T13:13:25.574Z [Modules] Streaming discord_utils@1 to /home/arch/.config/discord/0.0.69/modules/pending/discord_utils-1.zip: 45%
2024-09-24T13:13:25.580Z [Modules] Streaming discord_utils@1 to /home/arch/.config/discord/0.0.69/modules/pending/discord_utils-1.zip: 46%
2024-09-24T13:13:25.587Z [Modules] Streaming discord_utils@1 to /home/arch/.config/discord/0.0.69/modules/pending/discord_utils-1.zip: 47%
2024-09-24T13:13:25.595Z [Modules] Streaming discord_utils@1 to /home/arch/.config/discord/0.0.69/modules/pending/discord_utils-1.zip: 48%
2024-09-24T13:13:25.602Z [Modules] Streaming discord_utils@1 to /home/arch/.config/discord/0.0.69/modules/pending/discord_utils-1.zip: 49%
2024-09-24T13:13:25.607Z [Modules] Streaming discord_utils@1 to /home/arch/.config/discord/0.0.69/modules/pending/discord_utils-1.zip: 50%
2024-09-24T13:13:25.614Z [Modules] Streaming discord_utils@1 to /home/arch/.config/discord/0.0.69/modules/pending/discord_utils-1.zip: 51%
2024-09-24T13:13:25.617Z [Modules] Streaming discord_utils@1 to /home/arch/.config/discord/0.0.69/modules/pending/discord_utils-1.zip: 52%
2024-09-24T13:13:25.622Z [Modules] Streaming discord_utils@1 to /home/arch/.config/discord/0.0.69/modules/pending/discord_utils-1.zip: 53%
2024-09-24T13:13:25.625Z [Modules] Streaming discord_utils@1 to /home/arch/.config/discord/0.0.69/modules/pending/discord_utils-1.zip: 54%
2024-09-24T13:13:25.631Z [Modules] Streaming discord_utils@1 to /home/arch/.config/discord/0.0.69/modules/pending/discord_utils-1.zip: 55%
2024-09-24T13:13:25.635Z [Modules] Streaming discord_utils@1 to /home/arch/.config/discord/0.0.69/modules/pending/discord_utils-1.zip: 56%
2024-09-24T13:13:25.641Z [Modules] Streaming discord_utils@1 to /home/arch/.config/discord/0.0.69/modules/pending/discord_utils-1.zip: 57%
2024-09-24T13:13:25.646Z [Modules] Streaming discord_utils@1 to /home/arch/.config/discord/0.0.69/modules/pending/discord_utils-1.zip: 58%
2024-09-24T13:13:25.650Z [Modules] Streaming discord_utils@1 to /home/arch/.config/discord/0.0.69/modules/pending/discord_utils-1.zip: 59%
2024-09-24T13:13:25.654Z [Modules] Streaming discord_utils@1 to /home/arch/.config/discord/0.0.69/modules/pending/discord_utils-1.zip: 60%
2024-09-24T13:13:25.657Z [Modules] Streaming discord_utils@1 to /home/arch/.config/discord/0.0.69/modules/pending/discord_utils-1.zip: 61%
2024-09-24T13:13:25.663Z [Modules] Streaming discord_utils@1 to /home/arch/.config/discord/0.0.69/modules/pending/discord_utils-1.zip: 62%
2024-09-24T13:13:25.668Z [Modules] Streaming discord_utils@1 to /home/arch/.config/discord/0.0.69/modules/pending/discord_utils-1.zip: 63%
2024-09-24T13:13:25.677Z [Modules] Streaming discord_utils@1 to /home/arch/.config/discord/0.0.69/modules/pending/discord_utils-1.zip: 64%
2024-09-24T13:13:25.683Z [Modules] Streaming discord_utils@1 to /home/arch/.config/discord/0.0.69/modules/pending/discord_utils-1.zip: 65%
2024-09-24T13:13:25.688Z [Modules] Streaming discord_utils@1 to /home/arch/.config/discord/0.0.69/modules/pending/discord_utils-1.zip: 66%
2024-09-24T13:13:25.696Z [Modules] Streaming discord_utils@1 to /home/arch/.config/discord/0.0.69/modules/pending/discord_utils-1.zip: 67%
2024-09-24T13:13:25.700Z [Modules] Streaming discord_utils@1 to /home/arch/.config/discord/0.0.69/modules/pending/discord_utils-1.zip: 68%
2024-09-24T13:13:25.703Z [Modules] Streaming discord_utils@1 to /home/arch/.config/discord/0.0.69/modules/pending/discord_utils-1.zip: 69%
2024-09-24T13:13:25.706Z [Modules] Streaming discord_utils@1 to /home/arch/.config/discord/0.0.69/modules/pending/discord_utils-1.zip: 70%
2024-09-24T13:13:25.713Z [Modules] Streaming discord_utils@1 to /home/arch/.config/discord/0.0.69/modules/pending/discord_utils-1.zip: 71%
2024-09-24T13:13:25.718Z [Modules] Streaming discord_utils@1 to /home/arch/.config/discord/0.0.69/modules/pending/discord_utils-1.zip: 72%
2024-09-24T13:13:25.723Z [Modules] Streaming discord_utils@1 to /home/arch/.config/discord/0.0.69/modules/pending/discord_utils-1.zip: 73%
2024-09-24T13:13:25.728Z [Modules] Streaming discord_utils@1 to /home/arch/.config/discord/0.0.69/modules/pending/discord_utils-1.zip: 74%
2024-09-24T13:13:25.732Z [Modules] Streaming discord_utils@1 to /home/arch/.config/discord/0.0.69/modules/pending/discord_utils-1.zip: 75%
2024-09-24T13:13:25.737Z [Modules] Streaming discord_utils@1 to /home/arch/.config/discord/0.0.69/modules/pending/discord_utils-1.zip: 76%
2024-09-24T13:13:25.740Z [Modules] Streaming discord_utils@1 to /home/arch/.config/discord/0.0.69/modules/pending/discord_utils-1.zip: 77%
2024-09-24T13:13:25.744Z [Modules] Streaming discord_utils@1 to /home/arch/.config/discord/0.0.69/modules/pending/discord_utils-1.zip: 78%
2024-09-24T13:13:25.749Z [Modules] Streaming discord_utils@1 to /home/arch/.config/discord/0.0.69/modules/pending/discord_utils-1.zip: 79%
2024-09-24T13:13:25.755Z [Modules] Streaming discord_utils@1 to /home/arch/.config/discord/0.0.69/modules/pending/discord_utils-1.zip: 80%
2024-09-24T13:13:25.760Z [Modules] Streaming discord_utils@1 to /home/arch/.config/discord/0.0.69/modules/pending/discord_utils-1.zip: 81%
2024-09-24T13:13:25.766Z [Modules] Streaming discord_utils@1 to /home/arch/.config/discord/0.0.69/modules/pending/discord_utils-1.zip: 82%
2024-09-24T13:13:25.771Z [Modules] Streaming discord_utils@1 to /home/arch/.config/discord/0.0.69/modules/pending/discord_utils-1.zip: 83%
2024-09-24T13:13:25.779Z [Modules] Streaming discord_utils@1 to /home/arch/.config/discord/0.0.69/modules/pending/discord_utils-1.zip: 84%
2024-09-24T13:13:25.782Z [Modules] Streaming discord_utils@1 to /home/arch/.config/discord/0.0.69/modules/pending/discord_utils-1.zip: 85%
2024-09-24T13:13:25.785Z [Modules] Streaming discord_utils@1 to /home/arch/.config/discord/0.0.69/modules/pending/discord_utils-1.zip: 86%
2024-09-24T13:13:25.789Z [Modules] Streaming discord_utils@1 to /home/arch/.config/discord/0.0.69/modules/pending/discord_utils-1.zip: 87%
2024-09-24T13:13:25.796Z [Modules] Streaming discord_utils@1 to /home/arch/.config/discord/0.0.69/modules/pending/discord_utils-1.zip: 88%
2024-09-24T13:13:25.800Z [Modules] Streaming discord_utils@1 to /home/arch/.config/discord/0.0.69/modules/pending/discord_utils-1.zip: 89%
2024-09-24T13:13:25.805Z [Modules] Streaming discord_utils@1 to /home/arch/.config/discord/0.0.69/modules/pending/discord_utils-1.zip: 90%
2024-09-24T13:13:25.810Z [Modules] Streaming discord_utils@1 to /home/arch/.config/discord/0.0.69/modules/pending/discord_utils-1.zip: 91%
2024-09-24T13:13:25.813Z [Modules] Streaming discord_utils@1 to /home/arch/.config/discord/0.0.69/modules/pending/discord_utils-1.zip: 92%
2024-09-24T13:13:25.817Z [Modules] Streaming discord_utils@1 to /home/arch/.config/discord/0.0.69/modules/pending/discord_utils-1.zip: 93%
2024-09-24T13:13:25.821Z [Modules] Streaming discord_utils@1 to /home/arch/.config/discord/0.0.69/modules/pending/discord_utils-1.zip: 94%
2024-09-24T13:13:25.824Z [Modules] Streaming discord_utils@1 to /home/arch/.config/discord/0.0.69/modules/pending/discord_utils-1.zip: 95%
2024-09-24T13:13:25.830Z [Modules] Streaming discord_utils@1 to /home/arch/.config/discord/0.0.69/modules/pending/discord_utils-1.zip: 96%
2024-09-24T13:13:25.834Z [Modules] Streaming discord_utils@1 to /home/arch/.config/discord/0.0.69/modules/pending/discord_utils-1.zip: 97%
2024-09-24T13:13:25.840Z [Modules] Streaming discord_utils@1 to /home/arch/.config/discord/0.0.69/modules/pending/discord_utils-1.zip: 98%
2024-09-24T13:13:25.844Z [Modules] Streaming discord_utils@1 to /home/arch/.config/discord/0.0.69/modules/pending/discord_utils-1.zip: 99%
2024-09-24T13:13:25.849Z [Modules] Streaming discord_utils@1 to /home/arch/.config/discord/0.0.69/modules/pending/discord_utils-1.zip: 100%
2024-09-24T13:13:25.850Z [Modules] Fetching discord_voice@1 from https://discord.com/api/modules/stable/discord_voice/1
2024-09-24T13:13:25.850Z [Modules] Streaming discord_voice@1 to /home/arch/.config/discord/0.0.69/modules/pending/discord_voice-1.zip
2024-09-24T13:13:26.103Z [Modules] Streaming discord_voice@1 to /home/arch/.config/discord/0.0.69/modules/pending/discord_voice-1.zip: 1%
2024-09-24T13:13:26.140Z [Modules] Streaming discord_voice@1 to /home/arch/.config/discord/0.0.69/modules/pending/discord_voice-1.zip: 2%
2024-09-24T13:13:26.169Z [Modules] Streaming discord_voice@1 to /home/arch/.config/discord/0.0.69/modules/pending/discord_voice-1.zip: 3%
2024-09-24T13:13:26.201Z [Modules] Streaming discord_voice@1 to /home/arch/.config/discord/0.0.69/modules/pending/discord_voice-1.zip: 4%
2024-09-24T13:13:26.229Z [Modules] Streaming discord_voice@1 to /home/arch/.config/discord/0.0.69/modules/pending/discord_voice-1.zip: 5%
2024-09-24T13:13:26.256Z [Modules] Streaming discord_voice@1 to /home/arch/.config/discord/0.0.69/modules/pending/discord_voice-1.zip: 6%
2024-09-24T13:13:26.280Z [Modules] Streaming discord_voice@1 to /home/arch/.config/discord/0.0.69/modules/pending/discord_voice-1.zip: 7%
2024-09-24T13:13:26.314Z [Modules] Streaming discord_voice@1 to /home/arch/.config/discord/0.0.69/modules/pending/discord_voice-1.zip: 8%
2024-09-24T13:13:26.344Z [Modules] Streaming discord_voice@1 to /home/arch/.config/discord/0.0.69/modules/pending/discord_voice-1.zip: 9%
2024-09-24T13:13:26.369Z [Modules] Streaming discord_voice@1 to /home/arch/.config/discord/0.0.69/modules/pending/discord_voice-1.zip: 10%
2024-09-24T13:13:26.395Z [Modules] Streaming discord_voice@1 to /home/arch/.config/discord/0.0.69/modules/pending/discord_voice-1.zip: 11%
2024-09-24T13:13:26.426Z [Modules] Streaming discord_voice@1 to /home/arch/.config/discord/0.0.69/modules/pending/discord_voice-1.zip: 12%
2024-09-24T13:13:26.457Z [Modules] Streaming discord_voice@1 to /home/arch/.config/discord/0.0.69/modules/pending/discord_voice-1.zip: 13%
2024-09-24T13:13:26.488Z [Modules] Streaming discord_voice@1 to /home/arch/.config/discord/0.0.69/modules/pending/discord_voice-1.zip: 14%
2024-09-24T13:13:26.516Z [Modules] Streaming discord_voice@1 to /home/arch/.config/discord/0.0.69/modules/pending/discord_voice-1.zip: 15%
2024-09-24T13:13:26.546Z [Modules] Streaming discord_voice@1 to /home/arch/.config/discord/0.0.69/modules/pending/discord_voice-1.zip: 16%
2024-09-24T13:13:26.580Z [Modules] Streaming discord_voice@1 to /home/arch/.config/discord/0.0.69/modules/pending/discord_voice-1.zip: 17%
2024-09-24T13:13:26.610Z [Modules] Streaming discord_voice@1 to /home/arch/.config/discord/0.0.69/modules/pending/discord_voice-1.zip: 18%
2024-09-24T13:13:26.638Z [Modules] Streaming discord_voice@1 to /home/arch/.config/discord/0.0.69/modules/pending/discord_voice-1.zip: 19%
2024-09-24T13:13:26.666Z [Modules] Streaming discord_voice@1 to /home/arch/.config/discord/0.0.69/modules/pending/discord_voice-1.zip: 20%
2024-09-24T13:13:26.699Z [Modules] Streaming discord_voice@1 to /home/arch/.config/discord/0.0.69/modules/pending/discord_voice-1.zip: 21%
2024-09-24T13:13:26.726Z [Modules] Streaming discord_voice@1 to /home/arch/.config/discord/0.0.69/modules/pending/discord_voice-1.zip: 22%
2024-09-24T13:13:26.757Z [Modules] Streaming discord_voice@1 to /home/arch/.config/discord/0.0.69/modules/pending/discord_voice-1.zip: 23%
2024-09-24T13:13:26.785Z [Modules] Streaming discord_voice@1 to /home/arch/.config/discord/0.0.69/modules/pending/discord_voice-1.zip: 24%
2024-09-24T13:13:26.813Z [Modules] Streaming discord_voice@1 to /home/arch/.config/discord/0.0.69/modules/pending/discord_voice-1.zip: 25%
2024-09-24T13:13:26.842Z [Modules] Streaming discord_voice@1 to /home/arch/.config/discord/0.0.69/modules/pending/discord_voice-1.zip: 26%
2024-09-24T13:13:26.872Z [Modules] Streaming discord_voice@1 to /home/arch/.config/discord/0.0.69/modules/pending/discord_voice-1.zip: 27%
2024-09-24T13:13:26.899Z [Modules] Streaming discord_voice@1 to /home/arch/.config/discord/0.0.69/modules/pending/discord_voice-1.zip: 28%
2024-09-24T13:13:26.925Z [Modules] Streaming discord_voice@1 to /home/arch/.config/discord/0.0.69/modules/pending/discord_voice-1.zip: 29%
2024-09-24T13:13:26.954Z [Modules] Streaming discord_voice@1 to /home/arch/.config/discord/0.0.69/modules/pending/discord_voice-1.zip: 30%
2024-09-24T13:13:26.983Z [Modules] Streaming discord_voice@1 to /home/arch/.config/discord/0.0.69/modules/pending/discord_voice-1.zip: 31%
2024-09-24T13:13:27.012Z [Modules] Streaming discord_voice@1 to /home/arch/.config/discord/0.0.69/modules/pending/discord_voice-1.zip: 32%
2024-09-24T13:13:27.039Z [Modules] Streaming discord_voice@1 to /home/arch/.config/discord/0.0.69/modules/pending/discord_voice-1.zip: 33%
2024-09-24T13:13:27.068Z [Modules] Streaming discord_voice@1 to /home/arch/.config/discord/0.0.69/modules/pending/discord_voice-1.zip: 34%
2024-09-24T13:13:27.098Z [Modules] Streaming discord_voice@1 to /home/arch/.config/discord/0.0.69/modules/pending/discord_voice-1.zip: 35%
2024-09-24T13:13:27.126Z [Modules] Streaming discord_voice@1 to /home/arch/.config/discord/0.0.69/modules/pending/discord_voice-1.zip: 36%
2024-09-24T13:13:27.156Z [Modules] Streaming discord_voice@1 to /home/arch/.config/discord/0.0.69/modules/pending/discord_voice-1.zip: 37%
2024-09-24T13:13:27.185Z [Modules] Streaming discord_voice@1 to /home/arch/.config/discord/0.0.69/modules/pending/discord_voice-1.zip: 38%
2024-09-24T13:13:27.212Z [Modules] Streaming discord_voice@1 to /home/arch/.config/discord/0.0.69/modules/pending/discord_voice-1.zip: 39%
2024-09-24T13:13:27.243Z [Modules] Streaming discord_voice@1 to /home/arch/.config/discord/0.0.69/modules/pending/discord_voice-1.zip: 40%
2024-09-24T13:13:27.275Z [Modules] Streaming discord_voice@1 to /home/arch/.config/discord/0.0.69/modules/pending/discord_voice-1.zip: 41%
2024-09-24T13:13:27.302Z [Modules] Streaming discord_voice@1 to /home/arch/.config/discord/0.0.69/modules/pending/discord_voice-1.zip: 42%
2024-09-24T13:13:27.333Z [Modules] Streaming discord_voice@1 to /home/arch/.config/discord/0.0.69/modules/pending/discord_voice-1.zip: 43%
2024-09-24T13:13:27.365Z [Modules] Streaming discord_voice@1 to /home/arch/.config/discord/0.0.69/modules/pending/discord_voice-1.zip: 44%
2024-09-24T13:13:27.393Z [Modules] Streaming discord_voice@1 to /home/arch/.config/discord/0.0.69/modules/pending/discord_voice-1.zip: 45%
2024-09-24T13:13:27.424Z [Modules] Streaming discord_voice@1 to /home/arch/.config/discord/0.0.69/modules/pending/discord_voice-1.zip: 46%
2024-09-24T13:13:27.453Z [Modules] Streaming discord_voice@1 to /home/arch/.config/discord/0.0.69/modules/pending/discord_voice-1.zip: 47%
2024-09-24T13:13:27.481Z [Modules] Streaming discord_voice@1 to /home/arch/.config/discord/0.0.69/modules/pending/discord_voice-1.zip: 48%
2024-09-24T13:13:27.513Z [Modules] Streaming discord_voice@1 to /home/arch/.config/discord/0.0.69/modules/pending/discord_voice-1.zip: 49%
2024-09-24T13:13:27.544Z [Modules] Streaming discord_voice@1 to /home/arch/.config/discord/0.0.69/modules/pending/discord_voice-1.zip: 50%
2024-09-24T13:13:27.571Z [Modules] Streaming discord_voice@1 to /home/arch/.config/discord/0.0.69/modules/pending/discord_voice-1.zip: 51%
2024-09-24T13:13:27.600Z [Modules] Streaming discord_voice@1 to /home/arch/.config/discord/0.0.69/modules/pending/discord_voice-1.zip: 52%
2024-09-24T13:13:27.634Z [Modules] Streaming discord_voice@1 to /home/arch/.config/discord/0.0.69/modules/pending/discord_voice-1.zip: 53%
2024-09-24T13:13:27.661Z [Modules] Streaming discord_voice@1 to /home/arch/.config/discord/0.0.69/modules/pending/discord_voice-1.zip: 54%
2024-09-24T13:13:27.693Z [Modules] Streaming discord_voice@1 to /home/arch/.config/discord/0.0.69/modules/pending/discord_voice-1.zip: 55%
2024-09-24T13:13:27.724Z [Modules] Streaming discord_voice@1 to /home/arch/.config/discord/0.0.69/modules/pending/discord_voice-1.zip: 56%
2024-09-24T13:13:27.752Z [Modules] Streaming discord_voice@1 to /home/arch/.config/discord/0.0.69/modules/pending/discord_voice-1.zip: 57%
2024-09-24T13:13:27.781Z [Modules] Streaming discord_voice@1 to /home/arch/.config/discord/0.0.69/modules/pending/discord_voice-1.zip: 58%
2024-09-24T13:13:27.811Z [Modules] Streaming discord_voice@1 to /home/arch/.config/discord/0.0.69/modules/pending/discord_voice-1.zip: 59%
2024-09-24T13:13:27.837Z [Modules] Streaming discord_voice@1 to /home/arch/.config/discord/0.0.69/modules/pending/discord_voice-1.zip: 60%
2024-09-24T13:13:27.866Z [Modules] Streaming discord_voice@1 to /home/arch/.config/discord/0.0.69/modules/pending/discord_voice-1.zip: 61%
2024-09-24T13:13:27.895Z [Modules] Streaming discord_voice@1 to /home/arch/.config/discord/0.0.69/modules/pending/discord_voice-1.zip: 62%
2024-09-24T13:13:27.925Z [Modules] Streaming discord_voice@1 to /home/arch/.config/discord/0.0.69/modules/pending/discord_voice-1.zip: 63%
2024-09-24T13:13:27.956Z [Modules] Streaming discord_voice@1 to /home/arch/.config/discord/0.0.69/modules/pending/discord_voice-1.zip: 64%
2024-09-24T13:13:27.987Z [Modules] Streaming discord_voice@1 to /home/arch/.config/discord/0.0.69/modules/pending/discord_voice-1.zip: 65%
2024-09-24T13:13:28.016Z [Modules] Streaming discord_voice@1 to /home/arch/.config/discord/0.0.69/modules/pending/discord_voice-1.zip: 66%
2024-09-24T13:13:28.047Z [Modules] Streaming discord_voice@1 to /home/arch/.config/discord/0.0.69/modules/pending/discord_voice-1.zip: 67%
2024-09-24T13:13:28.080Z [Modules] Streaming discord_voice@1 to /home/arch/.config/discord/0.0.69/modules/pending/discord_voice-1.zip: 68%
2024-09-24T13:13:28.104Z [Modules] Streaming discord_voice@1 to /home/arch/.config/discord/0.0.69/modules/pending/discord_voice-1.zip: 69%
2024-09-24T13:13:28.134Z [Modules] Streaming discord_voice@1 to /home/arch/.config/discord/0.0.69/modules/pending/discord_voice-1.zip: 70%
2024-09-24T13:13:28.163Z [Modules] Streaming discord_voice@1 to /home/arch/.config/discord/0.0.69/modules/pending/discord_voice-1.zip: 71%
2024-09-24T13:13:28.192Z [Modules] Streaming discord_voice@1 to /home/arch/.config/discord/0.0.69/modules/pending/discord_voice-1.zip: 72%
2024-09-24T13:13:28.221Z [Modules] Streaming discord_voice@1 to /home/arch/.config/discord/0.0.69/modules/pending/discord_voice-1.zip: 73%
2024-09-24T13:13:28.253Z [Modules] Streaming discord_voice@1 to /home/arch/.config/discord/0.0.69/modules/pending/discord_voice-1.zip: 74%
2024-09-24T13:13:28.281Z [Modules] Streaming discord_voice@1 to /home/arch/.config/discord/0.0.69/modules/pending/discord_voice-1.zip: 75%
2024-09-24T13:13:28.314Z [Modules] Streaming discord_voice@1 to /home/arch/.config/discord/0.0.69/modules/pending/discord_voice-1.zip: 76%
2024-09-24T13:13:28.346Z [Modules] Streaming discord_voice@1 to /home/arch/.config/discord/0.0.69/modules/pending/discord_voice-1.zip: 77%
2024-09-24T13:13:28.378Z [Modules] Streaming discord_voice@1 to /home/arch/.config/discord/0.0.69/modules/pending/discord_voice-1.zip: 78%
2024-09-24T13:13:28.409Z [Modules] Streaming discord_voice@1 to /home/arch/.config/discord/0.0.69/modules/pending/discord_voice-1.zip: 79%
2024-09-24T13:13:28.436Z [Modules] Streaming discord_voice@1 to /home/arch/.config/discord/0.0.69/modules/pending/discord_voice-1.zip: 80%
2024-09-24T13:13:28.467Z [Modules] Streaming discord_voice@1 to /home/arch/.config/discord/0.0.69/modules/pending/discord_voice-1.zip: 81%
2024-09-24T13:13:28.498Z [Modules] Streaming discord_voice@1 to /home/arch/.config/discord/0.0.69/modules/pending/discord_voice-1.zip: 82%
2024-09-24T13:13:28.532Z [Modules] Streaming discord_voice@1 to /home/arch/.config/discord/0.0.69/modules/pending/discord_voice-1.zip: 83%
2024-09-24T13:13:28.562Z [Modules] Streaming discord_voice@1 to /home/arch/.config/discord/0.0.69/modules/pending/discord_voice-1.zip: 84%
2024-09-24T13:13:28.720Z [Modules] Streaming discord_voice@1 to /home/arch/.config/discord/0.0.69/modules/pending/discord_voice-1.zip: 85%
2024-09-24T13:13:28.721Z [Modules] Streaming discord_voice@1 to /home/arch/.config/discord/0.0.69/modules/pending/discord_voice-1.zip: 86%
2024-09-24T13:13:28.722Z [Modules] Streaming discord_voice@1 to /home/arch/.config/discord/0.0.69/modules/pending/discord_voice-1.zip: 87%
2024-09-24T13:13:28.723Z [Modules] Streaming discord_voice@1 to /home/arch/.config/discord/0.0.69/modules/pending/discord_voice-1.zip: 88%
2024-09-24T13:13:28.729Z [Modules] Streaming discord_voice@1 to /home/arch/.config/discord/0.0.69/modules/pending/discord_voice-1.zip: 89%
2024-09-24T13:13:28.760Z [Modules] Streaming discord_voice@1 to /home/arch/.config/discord/0.0.69/modules/pending/discord_voice-1.zip: 90%
2024-09-24T13:13:28.793Z [Modules] Streaming discord_voice@1 to /home/arch/.config/discord/0.0.69/modules/pending/discord_voice-1.zip: 91%
2024-09-24T13:13:28.826Z [Modules] Streaming discord_voice@1 to /home/arch/.config/discord/0.0.69/modules/pending/discord_voice-1.zip: 92%
2024-09-24T13:13:28.854Z [Modules] Streaming discord_voice@1 to /home/arch/.config/discord/0.0.69/modules/pending/discord_voice-1.zip: 93%
2024-09-24T13:13:28.887Z [Modules] Streaming discord_voice@1 to /home/arch/.config/discord/0.0.69/modules/pending/discord_voice-1.zip: 94%
2024-09-24T13:13:28.922Z [Modules] Streaming discord_voice@1 to /home/arch/.config/discord/0.0.69/modules/pending/discord_voice-1.zip: 95%
2024-09-24T13:13:28.954Z [Modules] Streaming discord_voice@1 to /home/arch/.config/discord/0.0.69/modules/pending/discord_voice-1.zip: 96%
2024-09-24T13:13:28.985Z [Modules] Streaming discord_voice@1 to /home/arch/.config/discord/0.0.69/modules/pending/discord_voice-1.zip: 97%
2024-09-24T13:13:29.016Z [Modules] Streaming discord_voice@1 to /home/arch/.config/discord/0.0.69/modules/pending/discord_voice-1.zip: 98%
2024-09-24T13:13:29.050Z [Modules] Streaming discord_voice@1 to /home/arch/.config/discord/0.0.69/modules/pending/discord_voice-1.zip: 99%
2024-09-24T13:13:29.078Z [Modules] Streaming discord_voice@1 to /home/arch/.config/discord/0.0.69/modules/pending/discord_voice-1.zip: 100%
2024-09-24T13:13:29.079Z [Modules] Fetching discord_zstd@1 from https://discord.com/api/modules/stable/discord_zstd/1
2024-09-24T13:13:29.079Z [Modules] Streaming discord_zstd@1 to /home/arch/.config/discord/0.0.69/modules/pending/discord_zstd-1.zip
2024-09-24T13:13:29.330Z [Modules] Streaming discord_zstd@1 to /home/arch/.config/discord/0.0.69/modules/pending/discord_zstd-1.zip: 2%
2024-09-24T13:13:29.331Z [Modules] Streaming discord_zstd@1 to /home/arch/.config/discord/0.0.69/modules/pending/discord_zstd-1.zip: 3%
2024-09-24T13:13:29.331Z [Modules] Streaming discord_zstd@1 to /home/arch/.config/discord/0.0.69/modules/pending/discord_zstd-1.zip: 4%
2024-09-24T13:13:29.332Z [Modules] Streaming discord_zstd@1 to /home/arch/.config/discord/0.0.69/modules/pending/discord_zstd-1.zip: 5%
2024-09-24T13:13:29.332Z [Modules] Streaming discord_zstd@1 to /home/arch/.config/discord/0.0.69/modules/pending/discord_zstd-1.zip: 6%
2024-09-24T13:13:29.332Z [Modules] Streaming discord_zstd@1 to /home/arch/.config/discord/0.0.69/modules/pending/discord_zstd-1.zip: 7%
2024-09-24T13:13:29.333Z [Modules] Streaming discord_zstd@1 to /home/arch/.config/discord/0.0.69/modules/pending/discord_zstd-1.zip: 8%
2024-09-24T13:13:29.333Z [Modules] Streaming discord_zstd@1 to /home/arch/.config/discord/0.0.69/modules/pending/discord_zstd-1.zip: 9%
2024-09-24T13:13:29.334Z [Modules] Streaming discord_zstd@1 to /home/arch/.config/discord/0.0.69/modules/pending/discord_zstd-1.zip: 10%
2024-09-24T13:13:29.334Z [Modules] Streaming discord_zstd@1 to /home/arch/.config/discord/0.0.69/modules/pending/discord_zstd-1.zip: 11%
2024-09-24T13:13:29.334Z [Modules] Streaming discord_zstd@1 to /home/arch/.config/discord/0.0.69/modules/pending/discord_zstd-1.zip: 12%
2024-09-24T13:13:29.335Z [Modules] Streaming discord_zstd@1 to /home/arch/.config/discord/0.0.69/modules/pending/discord_zstd-1.zip: 13%
2024-09-24T13:13:29.336Z [Modules] Streaming discord_zstd@1 to /home/arch/.config/discord/0.0.69/modules/pending/discord_zstd-1.zip: 14%
2024-09-24T13:13:29.337Z [Modules] Streaming discord_zstd@1 to /home/arch/.config/discord/0.0.69/modules/pending/discord_zstd-1.zip: 15%
2024-09-24T13:13:29.337Z [Modules] Streaming discord_zstd@1 to /home/arch/.config/discord/0.0.69/modules/pending/discord_zstd-1.zip: 16%
2024-09-24T13:13:29.337Z [Modules] Streaming discord_zstd@1 to /home/arch/.config/discord/0.0.69/modules/pending/discord_zstd-1.zip: 17%
2024-09-24T13:13:29.338Z [Modules] Streaming discord_zstd@1 to /home/arch/.config/discord/0.0.69/modules/pending/discord_zstd-1.zip: 18%
2024-09-24T13:13:29.339Z [Modules] Streaming discord_zstd@1 to /home/arch/.config/discord/0.0.69/modules/pending/discord_zstd-1.zip: 19%
2024-09-24T13:13:29.339Z [Modules] Streaming discord_zstd@1 to /home/arch/.config/discord/0.0.69/modules/pending/discord_zstd-1.zip: 20%
2024-09-24T13:13:29.340Z [Modules] Streaming discord_zstd@1 to /home/arch/.config/discord/0.0.69/modules/pending/discord_zstd-1.zip: 21%
2024-09-24T13:13:29.340Z [Modules] Streaming discord_zstd@1 to /home/arch/.config/discord/0.0.69/modules/pending/discord_zstd-1.zip: 22%
2024-09-24T13:13:29.340Z [Modules] Streaming discord_zstd@1 to /home/arch/.config/discord/0.0.69/modules/pending/discord_zstd-1.zip: 23%
2024-09-24T13:13:29.341Z [Modules] Streaming discord_zstd@1 to /home/arch/.config/discord/0.0.69/modules/pending/discord_zstd-1.zip: 24%
2024-09-24T13:13:29.341Z [Modules] Streaming discord_zstd@1 to /home/arch/.config/discord/0.0.69/modules/pending/discord_zstd-1.zip: 25%
2024-09-24T13:13:29.342Z [Modules] Streaming discord_zstd@1 to /home/arch/.config/discord/0.0.69/modules/pending/discord_zstd-1.zip: 26%
2024-09-24T13:13:29.342Z [Modules] Streaming discord_zstd@1 to /home/arch/.config/discord/0.0.69/modules/pending/discord_zstd-1.zip: 27%
2024-09-24T13:13:29.343Z [Modules] Streaming discord_zstd@1 to /home/arch/.config/discord/0.0.69/modules/pending/discord_zstd-1.zip: 28%
2024-09-24T13:13:29.343Z [Modules] Streaming discord_zstd@1 to /home/arch/.config/discord/0.0.69/modules/pending/discord_zstd-1.zip: 29%
2024-09-24T13:13:29.344Z [Modules] Streaming discord_zstd@1 to /home/arch/.config/discord/0.0.69/modules/pending/discord_zstd-1.zip: 30%
2024-09-24T13:13:29.344Z [Modules] Streaming discord_zstd@1 to /home/arch/.config/discord/0.0.69/modules/pending/discord_zstd-1.zip: 31%
2024-09-24T13:13:29.345Z [Modules] Streaming discord_zstd@1 to /home/arch/.config/discord/0.0.69/modules/pending/discord_zstd-1.zip: 32%
2024-09-24T13:13:29.345Z [Modules] Streaming discord_zstd@1 to /home/arch/.config/discord/0.0.69/modules/pending/discord_zstd-1.zip: 33%
2024-09-24T13:13:29.345Z [Modules] Streaming discord_zstd@1 to /home/arch/.config/discord/0.0.69/modules/pending/discord_zstd-1.zip: 34%
2024-09-24T13:13:29.346Z [Modules] Streaming discord_zstd@1 to /home/arch/.config/discord/0.0.69/modules/pending/discord_zstd-1.zip: 35%
2024-09-24T13:13:29.347Z [Modules] Streaming discord_zstd@1 to /home/arch/.config/discord/0.0.69/modules/pending/discord_zstd-1.zip: 36%
2024-09-24T13:13:29.347Z [Modules] Streaming discord_zstd@1 to /home/arch/.config/discord/0.0.69/modules/pending/discord_zstd-1.zip: 37%
2024-09-24T13:13:29.348Z [Modules] Streaming discord_zstd@1 to /home/arch/.config/discord/0.0.69/modules/pending/discord_zstd-1.zip: 38%
2024-09-24T13:13:29.348Z [Modules] Streaming discord_zstd@1 to /home/arch/.config/discord/0.0.69/modules/pending/discord_zstd-1.zip: 39%
2024-09-24T13:13:29.348Z [Modules] Streaming discord_zstd@1 to /home/arch/.config/discord/0.0.69/modules/pending/discord_zstd-1.zip: 40%
2024-09-24T13:13:29.349Z [Modules] Streaming discord_zstd@1 to /home/arch/.config/discord/0.0.69/modules/pending/discord_zstd-1.zip: 41%
2024-09-24T13:13:29.349Z [Modules] Streaming discord_zstd@1 to /home/arch/.config/discord/0.0.69/modules/pending/discord_zstd-1.zip: 42%
2024-09-24T13:13:29.350Z [Modules] Streaming discord_zstd@1 to /home/arch/.config/discord/0.0.69/modules/pending/discord_zstd-1.zip: 43%
2024-09-24T13:13:29.350Z [Modules] Streaming discord_zstd@1 to /home/arch/.config/discord/0.0.69/modules/pending/discord_zstd-1.zip: 44%
2024-09-24T13:13:29.350Z [Modules] Streaming discord_zstd@1 to /home/arch/.config/discord/0.0.69/modules/pending/discord_zstd-1.zip: 45%
2024-09-24T13:13:29.351Z [Modules] Streaming discord_zstd@1 to /home/arch/.config/discord/0.0.69/modules/pending/discord_zstd-1.zip: 46%
2024-09-24T13:13:29.351Z [Modules] Streaming discord_zstd@1 to /home/arch/.config/discord/0.0.69/modules/pending/discord_zstd-1.zip: 47%
2024-09-24T13:13:29.352Z [Modules] Streaming discord_zstd@1 to /home/arch/.config/discord/0.0.69/modules/pending/discord_zstd-1.zip: 48%
2024-09-24T13:13:29.353Z [Modules] Streaming discord_zstd@1 to /home/arch/.config/discord/0.0.69/modules/pending/discord_zstd-1.zip: 49%
2024-09-24T13:13:29.353Z [Modules] Streaming discord_zstd@1 to /home/arch/.config/discord/0.0.69/modules/pending/discord_zstd-1.zip: 50%
2024-09-24T13:13:29.353Z [Modules] Streaming discord_zstd@1 to /home/arch/.config/discord/0.0.69/modules/pending/discord_zstd-1.zip: 51%
2024-09-24T13:13:29.354Z [Modules] Streaming discord_zstd@1 to /home/arch/.config/discord/0.0.69/modules/pending/discord_zstd-1.zip: 52%
2024-09-24T13:13:29.354Z [Modules] Streaming discord_zstd@1 to /home/arch/.config/discord/0.0.69/modules/pending/discord_zstd-1.zip: 53%
2024-09-24T13:13:29.355Z [Modules] Streaming discord_zstd@1 to /home/arch/.config/discord/0.0.69/modules/pending/discord_zstd-1.zip: 54%
2024-09-24T13:13:29.355Z [Modules] Streaming discord_zstd@1 to /home/arch/.config/discord/0.0.69/modules/pending/discord_zstd-1.zip: 55%
2024-09-24T13:13:29.355Z [Modules] Streaming discord_zstd@1 to /home/arch/.config/discord/0.0.69/modules/pending/discord_zstd-1.zip: 56%
2024-09-24T13:13:29.356Z [Modules] Streaming discord_zstd@1 to /home/arch/.config/discord/0.0.69/modules/pending/discord_zstd-1.zip: 57%
2024-09-24T13:13:29.356Z [Modules] Streaming discord_zstd@1 to /home/arch/.config/discord/0.0.69/modules/pending/discord_zstd-1.zip: 58%
2024-09-24T13:13:29.357Z [Modules] Streaming discord_zstd@1 to /home/arch/.config/discord/0.0.69/modules/pending/discord_zstd-1.zip: 59%
2024-09-24T13:13:29.358Z [Modules] Streaming discord_zstd@1 to /home/arch/.config/discord/0.0.69/modules/pending/discord_zstd-1.zip: 60%
2024-09-24T13:13:29.358Z [Modules] Streaming discord_zstd@1 to /home/arch/.config/discord/0.0.69/modules/pending/discord_zstd-1.zip: 61%
2024-09-24T13:13:29.359Z [Modules] Streaming discord_zstd@1 to /home/arch/.config/discord/0.0.69/modules/pending/discord_zstd-1.zip: 62%
2024-09-24T13:13:29.359Z [Modules] Streaming discord_zstd@1 to /home/arch/.config/discord/0.0.69/modules/pending/discord_zstd-1.zip: 63%
2024-09-24T13:13:29.359Z [Modules] Streaming discord_zstd@1 to /home/arch/.config/discord/0.0.69/modules/pending/discord_zstd-1.zip: 64%
2024-09-24T13:13:29.360Z [Modules] Streaming discord_zstd@1 to /home/arch/.config/discord/0.0.69/modules/pending/discord_zstd-1.zip: 65%
2024-09-24T13:13:29.360Z [Modules] Streaming discord_zstd@1 to /home/arch/.config/discord/0.0.69/modules/pending/discord_zstd-1.zip: 66%
2024-09-24T13:13:29.360Z [Modules] Streaming discord_zstd@1 to /home/arch/.config/discord/0.0.69/modules/pending/discord_zstd-1.zip: 67%
2024-09-24T13:13:29.361Z [Modules] Streaming discord_zstd@1 to /home/arch/.config/discord/0.0.69/modules/pending/discord_zstd-1.zip: 68%
2024-09-24T13:13:29.361Z [Modules] Streaming discord_zstd@1 to /home/arch/.config/discord/0.0.69/modules/pending/discord_zstd-1.zip: 69%
2024-09-24T13:13:29.361Z [Modules] Streaming discord_zstd@1 to /home/arch/.config/discord/0.0.69/modules/pending/discord_zstd-1.zip: 70%
2024-09-24T13:13:29.363Z [Modules] Streaming discord_zstd@1 to /home/arch/.config/discord/0.0.69/modules/pending/discord_zstd-1.zip: 71%
2024-09-24T13:13:29.364Z [Modules] Streaming discord_zstd@1 to /home/arch/.config/discord/0.0.69/modules/pending/discord_zstd-1.zip: 72%
2024-09-24T13:13:29.364Z [Modules] Streaming discord_zstd@1 to /home/arch/.config/discord/0.0.69/modules/pending/discord_zstd-1.zip: 73%
2024-09-24T13:13:29.364Z [Modules] Streaming discord_zstd@1 to /home/arch/.config/discord/0.0.69/modules/pending/discord_zstd-1.zip: 74%
2024-09-24T13:13:29.365Z [Modules] Streaming discord_zstd@1 to /home/arch/.config/discord/0.0.69/modules/pending/discord_zstd-1.zip: 76%
2024-09-24T13:13:29.366Z [Modules] Streaming discord_zstd@1 to /home/arch/.config/discord/0.0.69/modules/pending/discord_zstd-1.zip: 77%
2024-09-24T13:13:29.366Z [Modules] Streaming discord_zstd@1 to /home/arch/.config/discord/0.0.69/modules/pending/discord_zstd-1.zip: 78%
2024-09-24T13:13:29.366Z [Modules] Streaming discord_zstd@1 to /home/arch/.config/discord/0.0.69/modules/pending/discord_zstd-1.zip: 79%
2024-09-24T13:13:29.367Z [Modules] Streaming discord_zstd@1 to /home/arch/.config/discord/0.0.69/modules/pending/discord_zstd-1.zip: 80%
2024-09-24T13:13:29.367Z [Modules] Streaming discord_zstd@1 to /home/arch/.config/discord/0.0.69/modules/pending/discord_zstd-1.zip: 81%
2024-09-24T13:13:29.368Z [Modules] Streaming discord_zstd@1 to /home/arch/.config/discord/0.0.69/modules/pending/discord_zstd-1.zip: 82%
2024-09-24T13:13:29.369Z [Modules] Streaming discord_zstd@1 to /home/arch/.config/discord/0.0.69/modules/pending/discord_zstd-1.zip: 83%
2024-09-24T13:13:29.369Z [Modules] Streaming discord_zstd@1 to /home/arch/.config/discord/0.0.69/modules/pending/discord_zstd-1.zip: 84%
2024-09-24T13:13:29.370Z [Modules] Streaming discord_zstd@1 to /home/arch/.config/discord/0.0.69/modules/pending/discord_zstd-1.zip: 85%
2024-09-24T13:13:29.370Z [Modules] Streaming discord_zstd@1 to /home/arch/.config/discord/0.0.69/modules/pending/discord_zstd-1.zip: 86%
2024-09-24T13:13:29.370Z [Modules] Streaming discord_zstd@1 to /home/arch/.config/discord/0.0.69/modules/pending/discord_zstd-1.zip: 87%
2024-09-24T13:13:29.371Z [Modules] Streaming discord_zstd@1 to /home/arch/.config/discord/0.0.69/modules/pending/discord_zstd-1.zip: 88%
2024-09-24T13:13:29.371Z [Modules] Streaming discord_zstd@1 to /home/arch/.config/discord/0.0.69/modules/pending/discord_zstd-1.zip: 89%
2024-09-24T13:13:29.372Z [Modules] Streaming discord_zstd@1 to /home/arch/.config/discord/0.0.69/modules/pending/discord_zstd-1.zip: 90%
2024-09-24T13:13:29.372Z [Modules] Streaming discord_zstd@1 to /home/arch/.config/discord/0.0.69/modules/pending/discord_zstd-1.zip: 91%
2024-09-24T13:13:29.372Z [Modules] Streaming discord_zstd@1 to /home/arch/.config/discord/0.0.69/modules/pending/discord_zstd-1.zip: 92%
2024-09-24T13:13:29.373Z [Modules] Streaming discord_zstd@1 to /home/arch/.config/discord/0.0.69/modules/pending/discord_zstd-1.zip: 93%
2024-09-24T13:13:29.373Z [Modules] Streaming discord_zstd@1 to /home/arch/.config/discord/0.0.69/modules/pending/discord_zstd-1.zip: 94%
2024-09-24T13:13:29.374Z [Modules] Streaming discord_zstd@1 to /home/arch/.config/discord/0.0.69/modules/pending/discord_zstd-1.zip: 95%
2024-09-24T13:13:29.375Z [Modules] Streaming discord_zstd@1 to /home/arch/.config/discord/0.0.69/modules/pending/discord_zstd-1.zip: 96%
2024-09-24T13:13:29.375Z [Modules] Streaming discord_zstd@1 to /home/arch/.config/discord/0.0.69/modules/pending/discord_zstd-1.zip: 97%
2024-09-24T13:13:29.375Z [Modules] Streaming discord_zstd@1 to /home/arch/.config/discord/0.0.69/modules/pending/discord_zstd-1.zip: 98%
2024-09-24T13:13:29.376Z [Modules] Streaming discord_zstd@1 to /home/arch/.config/discord/0.0.69/modules/pending/discord_zstd-1.zip: 99%
2024-09-24T13:13:29.377Z [Modules] Streaming discord_zstd@1 to /home/arch/.config/discord/0.0.69/modules/pending/discord_zstd-1.zip: 100%
2024-09-24T13:13:29.377Z [Modules] Finished module downloads. [success: 6] [failure: 0]
2024-09-24T13:13:29.378Z [Modules] Installing updates...
2024-09-24T13:13:29.378Z [Modules] Installing discord_desktop_core@1 from /home/arch/.config/discord/0.0.69/modules/pending/discord_desktop_core-1.zip
2024-09-24T13:13:29.445Z [Modules] Installing discord_erlpack@1 from /home/arch/.config/discord/0.0.69/modules/pending/discord_erlpack-1.zip
2024-09-24T13:13:29.484Z [Modules] Installing discord_spellcheck@1 from /home/arch/.config/discord/0.0.69/modules/pending/discord_spellcheck-1.zip
2024-09-24T13:13:29.904Z [Modules] Installing discord_utils@1 from /home/arch/.config/discord/0.0.69/modules/pending/discord_utils-1.zip
2024-09-24T13:13:29.989Z [Modules] Installing discord_voice@1 from /home/arch/.config/discord/0.0.69/modules/pending/discord_voice-1.zip
2024-09-24T13:13:30.344Z [Modules] Installing discord_zstd@1 from /home/arch/.config/discord/0.0.69/modules/pending/discord_zstd-1.zip
2024-09-24T13:13:30.351Z [Modules] Finished module installations. [success: 6] [failure: 0]
2024-09-24T13:13:30.351Z [Modules] Checking for host updates.
2024-09-24T13:13:30.546Z [Modules] Host is up to date.
2024-09-24T13:13:30.546Z [Modules] Checking for module updates at https://discord.com/api/modules/stable/versions.json
2024-09-24T13:13:30.548Z [Modules] No module updates available.
2024-09-24T13:13:32.150Z [Modules] Starting to install discord_krisp...
2024-09-24T13:13:32.150Z [Modules] Fetching discord_krisp@1 from https://discord.com/api/modules/stable/discord_krisp/1
2024-09-24T13:13:32.151Z [Modules] Streaming discord_krisp@1 to /home/arch/.config/discord/0.0.69/modules/pending/discord_krisp-1.zip
2024-09-24T13:13:32.155Z [Modules] Starting to install discord_game_utils...
2024-09-24T13:13:32.476Z [Modules] Streaming discord_krisp@1 to /home/arch/.config/discord/0.0.69/modules/pending/discord_krisp-1.zip: 1%
2024-09-24T13:13:32.506Z [Modules] Streaming discord_krisp@1 to /home/arch/.config/discord/0.0.69/modules/pending/discord_krisp-1.zip: 2%
2024-09-24T13:13:32.590Z [Modules] Streaming discord_krisp@1 to /home/arch/.config/discord/0.0.69/modules/pending/discord_krisp-1.zip: 3%
2024-09-24T13:13:32.626Z [Modules] Streaming discord_krisp@1 to /home/arch/.config/discord/0.0.69/modules/pending/discord_krisp-1.zip: 4%
2024-09-24T13:13:32.671Z [Modules] Streaming discord_krisp@1 to /home/arch/.config/discord/0.0.69/modules/pending/discord_krisp-1.zip: 5%
2024-09-24T13:13:32.937Z [Modules] Streaming discord_krisp@1 to /home/arch/.config/discord/0.0.69/modules/pending/discord_krisp-1.zip: 6%
2024-09-24T13:13:33.023Z [Modules] Streaming discord_krisp@1 to /home/arch/.config/discord/0.0.69/modules/pending/discord_krisp-1.zip: 7%
2024-09-24T13:13:33.046Z [Modules] Streaming discord_krisp@1 to /home/arch/.config/discord/0.0.69/modules/pending/discord_krisp-1.zip: 8%
2024-09-24T13:13:33.057Z [Modules] Streaming discord_krisp@1 to /home/arch/.config/discord/0.0.69/modules/pending/discord_krisp-1.zip: 9%
2024-09-24T13:13:33.084Z [Modules] Streaming discord_krisp@1 to /home/arch/.config/discord/0.0.69/modules/pending/discord_krisp-1.zip: 10%
2024-09-24T13:13:33.114Z [Modules] Streaming discord_krisp@1 to /home/arch/.config/discord/0.0.69/modules/pending/discord_krisp-1.zip: 11%
2024-09-24T13:13:33.140Z [Modules] Streaming discord_krisp@1 to /home/arch/.config/discord/0.0.69/modules/pending/discord_krisp-1.zip: 12%
2024-09-24T13:13:33.171Z [Modules] Checking for host updates.
2024-09-24T13:13:33.181Z [Modules] Streaming discord_krisp@1 to /home/arch/.config/discord/0.0.69/modules/pending/discord_krisp-1.zip: 13%
2024-09-24T13:13:33.211Z [Modules] Streaming discord_krisp@1 to /home/arch/.config/discord/0.0.69/modules/pending/discord_krisp-1.zip: 14%
2024-09-24T13:13:33.244Z [Modules] Streaming discord_krisp@1 to /home/arch/.config/discord/0.0.69/modules/pending/discord_krisp-1.zip: 15%
2024-09-24T13:13:33.246Z [Modules] Starting to install discord_rpc...
2024-09-24T13:13:33.273Z [Modules] Streaming discord_krisp@1 to /home/arch/.config/discord/0.0.69/modules/pending/discord_krisp-1.zip: 16%
2024-09-24T13:13:33.307Z [Modules] Streaming discord_krisp@1 to /home/arch/.config/discord/0.0.69/modules/pending/discord_krisp-1.zip: 17%
2024-09-24T13:13:33.341Z [Modules] Streaming discord_krisp@1 to /home/arch/.config/discord/0.0.69/modules/pending/discord_krisp-1.zip: 18%
2024-09-24T13:13:33.377Z [Modules] Streaming discord_krisp@1 to /home/arch/.config/discord/0.0.69/modules/pending/discord_krisp-1.zip: 19%
2024-09-24T13:13:33.431Z [Modules] Streaming discord_krisp@1 to /home/arch/.config/discord/0.0.69/modules/pending/discord_krisp-1.zip: 20%
2024-09-24T13:13:33.452Z [Modules] Host is up to date.
2024-09-24T13:13:33.452Z [Modules] Checking for module updates at https://discord.com/api/modules/stable/versions.json
2024-09-24T13:13:33.455Z [Modules] No module updates available.
2024-09-24T13:13:33.462Z [Modules] Streaming discord_krisp@1 to /home/arch/.config/discord/0.0.69/modules/pending/discord_krisp-1.zip: 21%
2024-09-24T13:13:33.499Z [Modules] Streaming discord_krisp@1 to /home/arch/.config/discord/0.0.69/modules/pending/discord_krisp-1.zip: 22%
2024-09-24T13:13:33.537Z [Modules] Streaming discord_krisp@1 to /home/arch/.config/discord/0.0.69/modules/pending/discord_krisp-1.zip: 23%
2024-09-24T13:13:33.572Z [Modules] Streaming discord_krisp@1 to /home/arch/.config/discord/0.0.69/modules/pending/discord_krisp-1.zip: 24%
2024-09-24T13:13:33.613Z [Modules] Streaming discord_krisp@1 to /home/arch/.config/discord/0.0.69/modules/pending/discord_krisp-1.zip: 25%
2024-09-24T13:13:33.647Z [Modules] Streaming discord_krisp@1 to /home/arch/.config/discord/0.0.69/modules/pending/discord_krisp-1.zip: 26%
2024-09-24T13:13:33.684Z [Modules] Streaming discord_krisp@1 to /home/arch/.config/discord/0.0.69/modules/pending/discord_krisp-1.zip: 27%
2024-09-24T13:13:33.724Z [Modules] Streaming discord_krisp@1 to /home/arch/.config/discord/0.0.69/modules/pending/discord_krisp-1.zip: 28%
2024-09-24T13:13:33.757Z [Modules] Streaming discord_krisp@1 to /home/arch/.config/discord/0.0.69/modules/pending/discord_krisp-1.zip: 29%
2024-09-24T13:13:33.795Z [Modules] Streaming discord_krisp@1 to /home/arch/.config/discord/0.0.69/modules/pending/discord_krisp-1.zip: 30%
2024-09-24T13:13:33.836Z [Modules] Streaming discord_krisp@1 to /home/arch/.config/discord/0.0.69/modules/pending/discord_krisp-1.zip: 31%
2024-09-24T13:13:33.872Z [Modules] Streaming discord_krisp@1 to /home/arch/.config/discord/0.0.69/modules/pending/discord_krisp-1.zip: 32%
2024-09-24T13:13:33.908Z [Modules] Streaming discord_krisp@1 to /home/arch/.config/discord/0.0.69/modules/pending/discord_krisp-1.zip: 33%
2024-09-24T13:13:33.947Z [Modules] Streaming discord_krisp@1 to /home/arch/.config/discord/0.0.69/modules/pending/discord_krisp-1.zip: 34%
2024-09-24T13:13:33.980Z [Modules] Streaming discord_krisp@1 to /home/arch/.config/discord/0.0.69/modules/pending/discord_krisp-1.zip: 35%
2024-09-24T13:13:34.012Z [Modules] Streaming discord_krisp@1 to /home/arch/.config/discord/0.0.69/modules/pending/discord_krisp-1.zip: 36%
2024-09-24T13:13:34.049Z [Modules] Streaming discord_krisp@1 to /home/arch/.config/discord/0.0.69/modules/pending/discord_krisp-1.zip: 37%
2024-09-24T13:13:34.084Z [Modules] Streaming discord_krisp@1 to /home/arch/.config/discord/0.0.69/modules/pending/discord_krisp-1.zip: 38%
2024-09-24T13:13:34.119Z [Modules] Streaming discord_krisp@1 to /home/arch/.config/discord/0.0.69/modules/pending/discord_krisp-1.zip: 39%
2024-09-24T13:13:34.159Z [Modules] Streaming discord_krisp@1 to /home/arch/.config/discord/0.0.69/modules/pending/discord_krisp-1.zip: 40%
2024-09-24T13:13:34.193Z [Modules] Streaming discord_krisp@1 to /home/arch/.config/discord/0.0.69/modules/pending/discord_krisp-1.zip: 41%
2024-09-24T13:13:34.228Z [Modules] Streaming discord_krisp@1 to /home/arch/.config/discord/0.0.69/modules/pending/discord_krisp-1.zip: 42%
2024-09-24T13:13:34.271Z [Modules] Streaming discord_krisp@1 to /home/arch/.config/discord/0.0.69/modules/pending/discord_krisp-1.zip: 43%
2024-09-24T13:13:34.306Z [Modules] Streaming discord_krisp@1 to /home/arch/.config/discord/0.0.69/modules/pending/discord_krisp-1.zip: 44%
2024-09-24T13:13:34.346Z [Modules] Streaming discord_krisp@1 to /home/arch/.config/discord/0.0.69/modules/pending/discord_krisp-1.zip: 45%
2024-09-24T13:13:34.387Z [Modules] Streaming discord_krisp@1 to /home/arch/.config/discord/0.0.69/modules/pending/discord_krisp-1.zip: 46%
2024-09-24T13:13:34.426Z [Modules] Streaming discord_krisp@1 to /home/arch/.config/discord/0.0.69/modules/pending/discord_krisp-1.zip: 47%
2024-09-24T13:13:34.471Z [Modules] Streaming discord_krisp@1 to /home/arch/.config/discord/0.0.69/modules/pending/discord_krisp-1.zip: 48%
2024-09-24T13:13:34.513Z [Modules] Streaming discord_krisp@1 to /home/arch/.config/discord/0.0.69/modules/pending/discord_krisp-1.zip: 49%
2024-09-24T13:13:34.562Z [Modules] Streaming discord_krisp@1 to /home/arch/.config/discord/0.0.69/modules/pending/discord_krisp-1.zip: 50%
2024-09-24T13:13:34.611Z [Modules] Streaming discord_krisp@1 to /home/arch/.config/discord/0.0.69/modules/pending/discord_krisp-1.zip: 51%
2024-09-24T13:13:34.652Z [Modules] Streaming discord_krisp@1 to /home/arch/.config/discord/0.0.69/modules/pending/discord_krisp-1.zip: 52%
2024-09-24T13:13:34.702Z [Modules] Streaming discord_krisp@1 to /home/arch/.config/discord/0.0.69/modules/pending/discord_krisp-1.zip: 53%
2024-09-24T13:13:34.748Z [Modules] Streaming discord_krisp@1 to /home/arch/.config/discord/0.0.69/modules/pending/discord_krisp-1.zip: 54%
2024-09-24T13:13:34.796Z [Modules] Streaming discord_krisp@1 to /home/arch/.config/discord/0.0.69/modules/pending/discord_krisp-1.zip: 55%
2024-09-24T13:13:34.843Z [Modules] Streaming discord_krisp@1 to /home/arch/.config/discord/0.0.69/modules/pending/discord_krisp-1.zip: 56%
2024-09-24T13:13:34.883Z [Modules] Streaming discord_krisp@1 to /home/arch/.config/discord/0.0.69/modules/pending/discord_krisp-1.zip: 57%
2024-09-24T13:13:34.931Z [Modules] Streaming discord_krisp@1 to /home/arch/.config/discord/0.0.69/modules/pending/discord_krisp-1.zip: 58%
2024-09-24T13:13:34.975Z [Modules] Streaming discord_krisp@1 to /home/arch/.config/discord/0.0.69/modules/pending/discord_krisp-1.zip: 59%
2024-09-24T13:13:35.016Z [Modules] Streaming discord_krisp@1 to /home/arch/.config/discord/0.0.69/modules/pending/discord_krisp-1.zip: 60%
2024-09-24T13:13:35.064Z [Modules] Streaming discord_krisp@1 to /home/arch/.config/discord/0.0.69/modules/pending/discord_krisp-1.zip: 61%
2024-09-24T13:13:35.105Z [Modules] Streaming discord_krisp@1 to /home/arch/.config/discord/0.0.69/modules/pending/discord_krisp-1.zip: 62%
2024-09-24T13:13:35.155Z [Modules] Streaming discord_krisp@1 to /home/arch/.config/discord/0.0.69/modules/pending/discord_krisp-1.zip: 63%
2024-09-24T13:13:35.201Z [Modules] Streaming discord_krisp@1 to /home/arch/.config/discord/0.0.69/modules/pending/discord_krisp-1.zip: 64%
2024-09-24T13:13:35.244Z [Modules] Streaming discord_krisp@1 to /home/arch/.config/discord/0.0.69/modules/pending/discord_krisp-1.zip: 65%
2024-09-24T13:13:35.295Z [Modules] Streaming discord_krisp@1 to /home/arch/.config/discord/0.0.69/modules/pending/discord_krisp-1.zip: 66%
2024-09-24T13:13:35.399Z [Modules] Streaming discord_krisp@1 to /home/arch/.config/discord/0.0.69/modules/pending/discord_krisp-1.zip: 67%
2024-09-24T13:13:35.702Z [Modules] Streaming discord_krisp@1 to /home/arch/.config/discord/0.0.69/modules/pending/discord_krisp-1.zip: 68%
2024-09-24T13:13:35.754Z [Modules] Streaming discord_krisp@1 to /home/arch/.config/discord/0.0.69/modules/pending/discord_krisp-1.zip: 69%
2024-09-24T13:13:35.813Z [Modules] Streaming discord_krisp@1 to /home/arch/.config/discord/0.0.69/modules/pending/discord_krisp-1.zip: 70%
2024-09-24T13:13:35.872Z [Modules] Streaming discord_krisp@1 to /home/arch/.config/discord/0.0.69/modules/pending/discord_krisp-1.zip: 71%
2024-09-24T13:13:35.926Z [Modules] Streaming discord_krisp@1 to /home/arch/.config/discord/0.0.69/modules/pending/discord_krisp-1.zip: 72%
2024-09-24T13:13:35.981Z [Modules] Streaming discord_krisp@1 to /home/arch/.config/discord/0.0.69/modules/pending/discord_krisp-1.zip: 73%
2024-09-24T13:13:36.036Z [Modules] Streaming discord_krisp@1 to /home/arch/.config/discord/0.0.69/modules/pending/discord_krisp-1.zip: 74%
2024-09-24T13:13:36.100Z [Modules] Streaming discord_krisp@1 to /home/arch/.config/discord/0.0.69/modules/pending/discord_krisp-1.zip: 75%
2024-09-24T13:13:36.151Z [Modules] Streaming discord_krisp@1 to /home/arch/.config/discord/0.0.69/modules/pending/discord_krisp-1.zip: 76%
2024-09-24T13:13:36.224Z [Modules] Streaming discord_krisp@1 to /home/arch/.config/discord/0.0.69/modules/pending/discord_krisp-1.zip: 77%
2024-09-24T13:13:36.298Z [Modules] Streaming discord_krisp@1 to /home/arch/.config/discord/0.0.69/modules/pending/discord_krisp-1.zip: 78%
2024-09-24T13:13:36.352Z [Modules] Streaming discord_krisp@1 to /home/arch/.config/discord/0.0.69/modules/pending/discord_krisp-1.zip: 79%
2024-09-24T13:13:36.428Z [Modules] Streaming discord_krisp@1 to /home/arch/.config/discord/0.0.69/modules/pending/discord_krisp-1.zip: 80%
2024-09-24T13:13:36.486Z [Modules] Streaming discord_krisp@1 to /home/arch/.config/discord/0.0.69/modules/pending/discord_krisp-1.zip: 81%
2024-09-24T13:13:36.539Z [Modules] Streaming discord_krisp@1 to /home/arch/.config/discord/0.0.69/modules/pending/discord_krisp-1.zip: 82%
2024-09-24T13:13:36.597Z [Modules] Streaming discord_krisp@1 to /home/arch/.config/discord/0.0.69/modules/pending/discord_krisp-1.zip: 83%
2024-09-24T13:13:36.648Z [Modules] Streaming discord_krisp@1 to /home/arch/.config/discord/0.0.69/modules/pending/discord_krisp-1.zip: 84%
2024-09-24T13:13:36.708Z [Modules] Streaming discord_krisp@1 to /home/arch/.config/discord/0.0.69/modules/pending/discord_krisp-1.zip: 85%
2024-09-24T13:13:36.764Z [Modules] Streaming discord_krisp@1 to /home/arch/.config/discord/0.0.69/modules/pending/discord_krisp-1.zip: 86%
2024-09-24T13:13:36.831Z [Modules] Streaming discord_krisp@1 to /home/arch/.config/discord/0.0.69/modules/pending/discord_krisp-1.zip: 87%
2024-09-24T13:13:36.890Z [Modules] Streaming discord_krisp@1 to /home/arch/.config/discord/0.0.69/modules/pending/discord_krisp-1.zip: 88%
2024-09-24T13:13:36.959Z [Modules] Streaming discord_krisp@1 to /home/arch/.config/discord/0.0.69/modules/pending/discord_krisp-1.zip: 89%
2024-09-24T13:13:37.009Z [Modules] Streaming discord_krisp@1 to /home/arch/.config/discord/0.0.69/modules/pending/discord_krisp-1.zip: 90%
2024-09-24T13:13:37.066Z [Modules] Streaming discord_krisp@1 to /home/arch/.config/discord/0.0.69/modules/pending/discord_krisp-1.zip: 91%
2024-09-24T13:13:37.116Z [Modules] Streaming discord_krisp@1 to /home/arch/.config/discord/0.0.69/modules/pending/discord_krisp-1.zip: 92%
2024-09-24T13:13:37.164Z [Modules] Streaming discord_krisp@1 to /home/arch/.config/discord/0.0.69/modules/pending/discord_krisp-1.zip: 93%
2024-09-24T13:13:37.219Z [Modules] Streaming discord_krisp@1 to /home/arch/.config/discord/0.0.69/modules/pending/discord_krisp-1.zip: 94%
2024-09-24T13:13:37.278Z [Modules] Streaming discord_krisp@1 to /home/arch/.config/discord/0.0.69/modules/pending/discord_krisp-1.zip: 95%
2024-09-24T13:13:37.330Z [Modules] Streaming discord_krisp@1 to /home/arch/.config/discord/0.0.69/modules/pending/discord_krisp-1.zip: 96%
2024-09-24T13:13:37.388Z [Modules] Streaming discord_krisp@1 to /home/arch/.config/discord/0.0.69/modules/pending/discord_krisp-1.zip: 97%
2024-09-24T13:13:37.436Z [Modules] Streaming discord_krisp@1 to /home/arch/.config/discord/0.0.69/modules/pending/discord_krisp-1.zip: 98%
2024-09-24T13:13:37.493Z [Modules] Streaming discord_krisp@1 to /home/arch/.config/discord/0.0.69/modules/pending/discord_krisp-1.zip: 99%
2024-09-24T13:13:37.545Z [Modules] Streaming discord_krisp@1 to /home/arch/.config/discord/0.0.69/modules/pending/discord_krisp-1.zip: 100%
2024-09-24T13:13:37.546Z [Modules] Fetching discord_game_utils@1 from https://discord.com/api/modules/stable/discord_game_utils/1
2024-09-24T13:13:37.546Z [Modules] Streaming discord_game_utils@1 to /home/arch/.config/discord/0.0.69/modules/pending/discord_game_utils-1.zip
2024-09-24T13:13:37.546Z [Modules] Installing discord_krisp@1 from /home/arch/.config/discord/0.0.69/modules/pending/discord_krisp-1.zip
2024-09-24T13:13:37.806Z [Modules] Finished module installations. [success: 1] [failure: 0]
2024-09-24T13:13:37.902Z [Modules] Streaming discord_game_utils@1 to /home/arch/.config/discord/0.0.69/modules/pending/discord_game_utils-1.zip: 1%
2024-09-24T13:13:37.909Z [Modules] Streaming discord_game_utils@1 to /home/arch/.config/discord/0.0.69/modules/pending/discord_game_utils-1.zip: 2%
2024-09-24T13:13:37.916Z [Modules] Streaming discord_game_utils@1 to /home/arch/.config/discord/0.0.69/modules/pending/discord_game_utils-1.zip: 3%
2024-09-24T13:13:37.923Z [Modules] Streaming discord_game_utils@1 to /home/arch/.config/discord/0.0.69/modules/pending/discord_game_utils-1.zip: 4%
2024-09-24T13:13:37.931Z [Modules] Streaming discord_game_utils@1 to /home/arch/.config/discord/0.0.69/modules/pending/discord_game_utils-1.zip: 5%
2024-09-24T13:13:37.939Z [Modules] Streaming discord_game_utils@1 to /home/arch/.config/discord/0.0.69/modules/pending/discord_game_utils-1.zip: 6%
2024-09-24T13:13:37.947Z [Modules] Streaming discord_game_utils@1 to /home/arch/.config/discord/0.0.69/modules/pending/discord_game_utils-1.zip: 7%
2024-09-24T13:13:37.958Z [Modules] Streaming discord_game_utils@1 to /home/arch/.config/discord/0.0.69/modules/pending/discord_game_utils-1.zip: 8%
2024-09-24T13:13:37.964Z [Modules] Streaming discord_game_utils@1 to /home/arch/.config/discord/0.0.69/modules/pending/discord_game_utils-1.zip: 9%
2024-09-24T13:13:37.971Z [Modules] Streaming discord_game_utils@1 to /home/arch/.config/discord/0.0.69/modules/pending/discord_game_utils-1.zip: 10%
2024-09-24T13:13:37.979Z [Modules] Streaming discord_game_utils@1 to /home/arch/.config/discord/0.0.69/modules/pending/discord_game_utils-1.zip: 11%
2024-09-24T13:13:37.987Z [Modules] Streaming discord_game_utils@1 to /home/arch/.config/discord/0.0.69/modules/pending/discord_game_utils-1.zip: 12%
2024-09-24T13:13:37.996Z [Modules] Streaming discord_game_utils@1 to /home/arch/.config/discord/0.0.69/modules/pending/discord_game_utils-1.zip: 13%
2024-09-24T13:13:38.005Z [Modules] Streaming discord_game_utils@1 to /home/arch/.config/discord/0.0.69/modules/pending/discord_game_utils-1.zip: 14%
2024-09-24T13:13:38.012Z [Modules] Streaming discord_game_utils@1 to /home/arch/.config/discord/0.0.69/modules/pending/discord_game_utils-1.zip: 15%
2024-09-24T13:13:38.020Z [Modules] Streaming discord_game_utils@1 to /home/arch/.config/discord/0.0.69/modules/pending/discord_game_utils-1.zip: 16%
2024-09-24T13:13:38.026Z [Modules] Streaming discord_game_utils@1 to /home/arch/.config/discord/0.0.69/modules/pending/discord_game_utils-1.zip: 17%
2024-09-24T13:13:38.032Z [Modules] Streaming discord_game_utils@1 to /home/arch/.config/discord/0.0.69/modules/pending/discord_game_utils-1.zip: 18%
2024-09-24T13:13:38.037Z [Modules] Streaming discord_game_utils@1 to /home/arch/.config/discord/0.0.69/modules/pending/discord_game_utils-1.zip: 19%
2024-09-24T13:13:38.043Z [Modules] Streaming discord_game_utils@1 to /home/arch/.config/discord/0.0.69/modules/pending/discord_game_utils-1.zip: 20%
2024-09-24T13:13:38.048Z [Modules] Streaming discord_game_utils@1 to /home/arch/.config/discord/0.0.69/modules/pending/discord_game_utils-1.zip: 21%
2024-09-24T13:13:38.055Z [Modules] Streaming discord_game_utils@1 to /home/arch/.config/discord/0.0.69/modules/pending/discord_game_utils-1.zip: 22%
2024-09-24T13:13:38.060Z [Modules] Streaming discord_game_utils@1 to /home/arch/.config/discord/0.0.69/modules/pending/discord_game_utils-1.zip: 23%
2024-09-24T13:13:38.065Z [Modules] Streaming discord_game_utils@1 to /home/arch/.config/discord/0.0.69/modules/pending/discord_game_utils-1.zip: 24%
2024-09-24T13:13:38.072Z [Modules] Streaming discord_game_utils@1 to /home/arch/.config/discord/0.0.69/modules/pending/discord_game_utils-1.zip: 25%
2024-09-24T13:13:38.078Z [Modules] Streaming discord_game_utils@1 to /home/arch/.config/discord/0.0.69/modules/pending/discord_game_utils-1.zip: 26%
2024-09-24T13:13:38.085Z [Modules] Streaming discord_game_utils@1 to /home/arch/.config/discord/0.0.69/modules/pending/discord_game_utils-1.zip: 27%
2024-09-24T13:13:38.094Z [Modules] Streaming discord_game_utils@1 to /home/arch/.config/discord/0.0.69/modules/pending/discord_game_utils-1.zip: 28%
2024-09-24T13:13:38.101Z [Modules] Streaming discord_game_utils@1 to /home/arch/.config/discord/0.0.69/modules/pending/discord_game_utils-1.zip: 29%
2024-09-24T13:13:38.107Z [Modules] Streaming discord_game_utils@1 to /home/arch/.config/discord/0.0.69/modules/pending/discord_game_utils-1.zip: 30%
2024-09-24T13:13:38.113Z [Modules] Streaming discord_game_utils@1 to /home/arch/.config/discord/0.0.69/modules/pending/discord_game_utils-1.zip: 31%
2024-09-24T13:13:38.119Z [Modules] Streaming discord_game_utils@1 to /home/arch/.config/discord/0.0.69/modules/pending/discord_game_utils-1.zip: 32%
2024-09-24T13:13:38.125Z [Modules] Streaming discord_game_utils@1 to /home/arch/.config/discord/0.0.69/modules/pending/discord_game_utils-1.zip: 33%
2024-09-24T13:13:38.131Z [Modules] Streaming discord_game_utils@1 to /home/arch/.config/discord/0.0.69/modules/pending/discord_game_utils-1.zip: 34%
2024-09-24T13:13:38.138Z [Modules] Streaming discord_game_utils@1 to /home/arch/.config/discord/0.0.69/modules/pending/discord_game_utils-1.zip: 35%
2024-09-24T13:13:38.143Z [Modules] Streaming discord_game_utils@1 to /home/arch/.config/discord/0.0.69/modules/pending/discord_game_utils-1.zip: 36%
2024-09-24T13:13:38.150Z [Modules] Streaming discord_game_utils@1 to /home/arch/.config/discord/0.0.69/modules/pending/discord_game_utils-1.zip: 37%
2024-09-24T13:13:38.156Z [Modules] Streaming discord_game_utils@1 to /home/arch/.config/discord/0.0.69/modules/pending/discord_game_utils-1.zip: 38%
2024-09-24T13:13:38.161Z [Modules] Streaming discord_game_utils@1 to /home/arch/.config/discord/0.0.69/modules/pending/discord_game_utils-1.zip: 39%
2024-09-24T13:13:38.168Z [Modules] Streaming discord_game_utils@1 to /home/arch/.config/discord/0.0.69/modules/pending/discord_game_utils-1.zip: 40%
2024-09-24T13:13:38.173Z [Modules] Streaming discord_game_utils@1 to /home/arch/.config/discord/0.0.69/modules/pending/discord_game_utils-1.zip: 41%
2024-09-24T13:13:38.183Z [Modules] Streaming discord_game_utils@1 to /home/arch/.config/discord/0.0.69/modules/pending/discord_game_utils-1.zip: 42%
2024-09-24T13:13:38.188Z [Modules] Streaming discord_game_utils@1 to /home/arch/.config/discord/0.0.69/modules/pending/discord_game_utils-1.zip: 43%
2024-09-24T13:13:38.195Z [Modules] Streaming discord_game_utils@1 to /home/arch/.config/discord/0.0.69/modules/pending/discord_game_utils-1.zip: 44%
2024-09-24T13:13:38.203Z [Modules] Streaming discord_game_utils@1 to /home/arch/.config/discord/0.0.69/modules/pending/discord_game_utils-1.zip: 45%
2024-09-24T13:13:38.209Z [Modules] Streaming discord_game_utils@1 to /home/arch/.config/discord/0.0.69/modules/pending/discord_game_utils-1.zip: 46%
2024-09-24T13:13:38.214Z [Modules] Streaming discord_game_utils@1 to /home/arch/.config/discord/0.0.69/modules/pending/discord_game_utils-1.zip: 47%
2024-09-24T13:13:38.221Z [Modules] Streaming discord_game_utils@1 to /home/arch/.config/discord/0.0.69/modules/pending/discord_game_utils-1.zip: 48%
2024-09-24T13:13:38.225Z [Modules] Streaming discord_game_utils@1 to /home/arch/.config/discord/0.0.69/modules/pending/discord_game_utils-1.zip: 49%
2024-09-24T13:13:38.235Z [Modules] Streaming discord_game_utils@1 to /home/arch/.config/discord/0.0.69/modules/pending/discord_game_utils-1.zip: 50%
2024-09-24T13:13:38.240Z [Modules] Streaming discord_game_utils@1 to /home/arch/.config/discord/0.0.69/modules/pending/discord_game_utils-1.zip: 51%
2024-09-24T13:13:38.246Z [Modules] Streaming discord_game_utils@1 to /home/arch/.config/discord/0.0.69/modules/pending/discord_game_utils-1.zip: 52%
2024-09-24T13:13:38.253Z [Modules] Streaming discord_game_utils@1 to /home/arch/.config/discord/0.0.69/modules/pending/discord_game_utils-1.zip: 53%
2024-09-24T13:13:38.262Z [Modules] Streaming discord_game_utils@1 to /home/arch/.config/discord/0.0.69/modules/pending/discord_game_utils-1.zip: 54%
2024-09-24T13:13:38.267Z [Modules] Streaming discord_game_utils@1 to /home/arch/.config/discord/0.0.69/modules/pending/discord_game_utils-1.zip: 55%
2024-09-24T13:13:38.276Z [Modules] Streaming discord_game_utils@1 to /home/arch/.config/discord/0.0.69/modules/pending/discord_game_utils-1.zip: 56%
2024-09-24T13:13:38.285Z [Modules] Streaming discord_game_utils@1 to /home/arch/.config/discord/0.0.69/modules/pending/discord_game_utils-1.zip: 57%
2024-09-24T13:13:38.292Z [Modules] Streaming discord_game_utils@1 to /home/arch/.config/discord/0.0.69/modules/pending/discord_game_utils-1.zip: 58%
2024-09-24T13:13:38.302Z [Modules] Streaming discord_game_utils@1 to /home/arch/.config/discord/0.0.69/modules/pending/discord_game_utils-1.zip: 59%
2024-09-24T13:13:38.309Z [Modules] Streaming discord_game_utils@1 to /home/arch/.config/discord/0.0.69/modules/pending/discord_game_utils-1.zip: 60%
2024-09-24T13:13:38.316Z [Modules] Streaming discord_game_utils@1 to /home/arch/.config/discord/0.0.69/modules/pending/discord_game_utils-1.zip: 61%
2024-09-24T13:13:38.324Z [Modules] Streaming discord_game_utils@1 to /home/arch/.config/discord/0.0.69/modules/pending/discord_game_utils-1.zip: 62%
2024-09-24T13:13:38.330Z [Modules] Streaming discord_game_utils@1 to /home/arch/.config/discord/0.0.69/modules/pending/discord_game_utils-1.zip: 63%
2024-09-24T13:13:38.340Z [Modules] Streaming discord_game_utils@1 to /home/arch/.config/discord/0.0.69/modules/pending/discord_game_utils-1.zip: 64%
2024-09-24T13:13:38.347Z [Modules] Streaming discord_game_utils@1 to /home/arch/.config/discord/0.0.69/modules/pending/discord_game_utils-1.zip: 65%
2024-09-24T13:13:38.352Z [Modules] Streaming discord_game_utils@1 to /home/arch/.config/discord/0.0.69/modules/pending/discord_game_utils-1.zip: 66%
2024-09-24T13:13:38.361Z [Modules] Streaming discord_game_utils@1 to /home/arch/.config/discord/0.0.69/modules/pending/discord_game_utils-1.zip: 67%
2024-09-24T13:13:38.365Z [Modules] Streaming discord_game_utils@1 to /home/arch/.config/discord/0.0.69/modules/pending/discord_game_utils-1.zip: 68%
2024-09-24T13:13:38.371Z [Modules] Streaming discord_game_utils@1 to /home/arch/.config/discord/0.0.69/modules/pending/discord_game_utils-1.zip: 69%
2024-09-24T13:13:38.378Z [Modules] Streaming discord_game_utils@1 to /home/arch/.config/discord/0.0.69/modules/pending/discord_game_utils-1.zip: 70%
2024-09-24T13:13:38.385Z [Modules] Streaming discord_game_utils@1 to /home/arch/.config/discord/0.0.69/modules/pending/discord_game_utils-1.zip: 71%
2024-09-24T13:13:38.392Z [Modules] Streaming discord_game_utils@1 to /home/arch/.config/discord/0.0.69/modules/pending/discord_game_utils-1.zip: 72%
2024-09-24T13:13:38.400Z [Modules] Streaming discord_game_utils@1 to /home/arch/.config/discord/0.0.69/modules/pending/discord_game_utils-1.zip: 73%
2024-09-24T13:13:38.409Z [Modules] Streaming discord_game_utils@1 to /home/arch/.config/discord/0.0.69/modules/pending/discord_game_utils-1.zip: 74%
2024-09-24T13:13:38.416Z [Modules] Streaming discord_game_utils@1 to /home/arch/.config/discord/0.0.69/modules/pending/discord_game_utils-1.zip: 75%
2024-09-24T13:13:38.425Z [Modules] Streaming discord_game_utils@1 to /home/arch/.config/discord/0.0.69/modules/pending/discord_game_utils-1.zip: 76%
2024-09-24T13:13:38.429Z [Modules] Streaming discord_game_utils@1 to /home/arch/.config/discord/0.0.69/modules/pending/discord_game_utils-1.zip: 77%
2024-09-24T13:13:38.436Z [Modules] Streaming discord_game_utils@1 to /home/arch/.config/discord/0.0.69/modules/pending/discord_game_utils-1.zip: 78%
2024-09-24T13:13:38.443Z [Modules] Streaming discord_game_utils@1 to /home/arch/.config/discord/0.0.69/modules/pending/discord_game_utils-1.zip: 79%
2024-09-24T13:13:38.448Z [Modules] Streaming discord_game_utils@1 to /home/arch/.config/discord/0.0.69/modules/pending/discord_game_utils-1.zip: 80%
2024-09-24T13:13:38.455Z [Modules] Streaming discord_game_utils@1 to /home/arch/.config/discord/0.0.69/modules/pending/discord_game_utils-1.zip: 81%
2024-09-24T13:13:38.460Z [Modules] Streaming discord_game_utils@1 to /home/arch/.config/discord/0.0.69/modules/pending/discord_game_utils-1.zip: 82%
2024-09-24T13:13:38.466Z [Modules] Streaming discord_game_utils@1 to /home/arch/.config/discord/0.0.69/modules/pending/discord_game_utils-1.zip: 83%
2024-09-24T13:13:38.475Z [Modules] Streaming discord_game_utils@1 to /home/arch/.config/discord/0.0.69/modules/pending/discord_game_utils-1.zip: 84%
2024-09-24T13:13:38.481Z [Modules] Streaming discord_game_utils@1 to /home/arch/.config/discord/0.0.69/modules/pending/discord_game_utils-1.zip: 85%
2024-09-24T13:13:38.488Z [Modules] Streaming discord_game_utils@1 to /home/arch/.config/discord/0.0.69/modules/pending/discord_game_utils-1.zip: 86%
2024-09-24T13:13:38.497Z [Modules] Streaming discord_game_utils@1 to /home/arch/.config/discord/0.0.69/modules/pending/discord_game_utils-1.zip: 87%
2024-09-24T13:13:38.503Z [Modules] Streaming discord_game_utils@1 to /home/arch/.config/discord/0.0.69/modules/pending/discord_game_utils-1.zip: 88%
2024-09-24T13:13:38.510Z [Modules] Streaming discord_game_utils@1 to /home/arch/.config/discord/0.0.69/modules/pending/discord_game_utils-1.zip: 89%
2024-09-24T13:13:38.517Z [Modules] Streaming discord_game_utils@1 to /home/arch/.config/discord/0.0.69/modules/pending/discord_game_utils-1.zip: 90%
2024-09-24T13:13:38.522Z [Modules] Streaming discord_game_utils@1 to /home/arch/.config/discord/0.0.69/modules/pending/discord_game_utils-1.zip: 91%
2024-09-24T13:13:38.530Z [Modules] Streaming discord_game_utils@1 to /home/arch/.config/discord/0.0.69/modules/pending/discord_game_utils-1.zip: 92%
2024-09-24T13:13:38.538Z [Modules] Streaming discord_game_utils@1 to /home/arch/.config/discord/0.0.69/modules/pending/discord_game_utils-1.zip: 93%
2024-09-24T13:13:38.548Z [Modules] Streaming discord_game_utils@1 to /home/arch/.config/discord/0.0.69/modules/pending/discord_game_utils-1.zip: 94%
2024-09-24T13:13:38.555Z [Modules] Streaming discord_game_utils@1 to /home/arch/.config/discord/0.0.69/modules/pending/discord_game_utils-1.zip: 95%
2024-09-24T13:13:38.561Z [Modules] Streaming discord_game_utils@1 to /home/arch/.config/discord/0.0.69/modules/pending/discord_game_utils-1.zip: 96%
2024-09-24T13:13:38.570Z [Modules] Streaming discord_game_utils@1 to /home/arch/.config/discord/0.0.69/modules/pending/discord_game_utils-1.zip: 97%
2024-09-24T13:13:38.577Z [Modules] Streaming discord_game_utils@1 to /home/arch/.config/discord/0.0.69/modules/pending/discord_game_utils-1.zip: 98%
2024-09-24T13:13:38.582Z [Modules] Streaming discord_game_utils@1 to /home/arch/.config/discord/0.0.69/modules/pending/discord_game_utils-1.zip: 99%
2024-09-24T13:13:38.590Z [Modules] Streaming discord_game_utils@1 to /home/arch/.config/discord/0.0.69/modules/pending/discord_game_utils-1.zip: 100%
2024-09-24T13:13:38.591Z [Modules] Fetching discord_rpc@1 from https://discord.com/api/modules/stable/discord_rpc/1
2024-09-24T13:13:38.591Z [Modules] Streaming discord_rpc@1 to /home/arch/.config/discord/0.0.69/modules/pending/discord_rpc-1.zip
2024-09-24T13:13:38.591Z [Modules] Installing discord_game_utils@1 from /home/arch/.config/discord/0.0.69/modules/pending/discord_game_utils-1.zip
2024-09-24T13:13:38.640Z [Modules] Finished module installations. [success: 1] [failure: 0]
2024-09-24T13:13:38.893Z [Modules] Streaming discord_rpc@1 to /home/arch/.config/discord/0.0.69/modules/pending/discord_rpc-1.zip: 38%
2024-09-24T13:13:38.896Z [Modules] Streaming discord_rpc@1 to /home/arch/.config/discord/0.0.69/modules/pending/discord_rpc-1.zip: 100%
2024-09-24T13:13:38.896Z [Modules] Finished module downloads. [success: 3] [failure: 0]
2024-09-24T13:13:38.897Z [Modules] Installing discord_rpc@1 from /home/arch/.config/discord/0.0.69/modules/pending/discord_rpc-1.zip
2024-09-24T13:13:38.905Z [Modules] Finished module installations. [success: 1] [failure: 0]
2024-09-24T13:54:13.049Z [Modules] Modules initializing
2024-09-24T13:54:13.049Z [Modules] Distribution: remote
2024-09-24T13:54:13.049Z [Modules] Host updates: enabled
2024-09-24T13:54:13.050Z [Modules] Module updates: enabled
2024-09-24T13:54:13.050Z [Modules] Module install path: /home/arch/.config/discord/0.0.69/modules
2024-09-24T13:54:13.050Z [Modules] Module installed file path: /home/arch/.config/discord/0.0.69/modules/installed.json
2024-09-24T13:54:13.050Z [Modules] Module download path: /home/arch/.config/discord/0.0.69/modules/pending
2024-09-24T13:54:13.257Z [Modules] No updates to install
2024-09-24T13:54:13.257Z [Modules] Checking for host updates.
2024-09-24T13:54:13.502Z [Modules] Host is up to date.
2024-09-24T13:54:13.502Z [Modules] Checking for module updates at https://discord.com/api/modules/stable/versions.json
2024-09-24T13:54:13.540Z [Modules] No module updates available.
2024-09-24T13:54:16.102Z [Modules] Checking for host updates.
2024-09-24T13:54:16.274Z [Modules] Host is up to date.
2024-09-24T13:54:16.274Z [Modules] Checking for module updates at https://discord.com/api/modules/stable/versions.json
2024-09-24T13:54:16.276Z [Modules] No module updates available.
2024-09-24T14:54:16.106Z [Modules] Checking for host updates.
2024-09-24T14:54:16.349Z [Modules] Host is up to date.
2024-09-24T14:54:16.349Z [Modules] Checking for module updates at https://discord.com/api/modules/stable/versions.json
2024-09-24T14:54:16.402Z [Modules] No module updates available.
2024-09-24T15:54:16.106Z [Modules] Checking for host updates.
2024-09-24T15:54:16.274Z [Modules] Host is up to date.
2024-09-24T15:54:16.274Z [Modules] Checking for module updates at https://discord.com/api/modules/stable/versions.json
2024-09-24T15:54:16.325Z [Modules] No module updates available.
2024-09-24T16:54:16.106Z [Modules] Checking for host updates.
2024-09-24T16:54:16.295Z [Modules] Host is up to date.
2024-09-24T16:54:16.295Z [Modules] Checking for module updates at https://discord.com/api/modules/stable/versions.json
2024-09-24T16:54:16.333Z [Modules] No module updates available.
2024-09-24T17:54:16.106Z [Modules] Checking for host updates.
2024-09-24T17:54:16.586Z [Modules] Host is up to date.
2024-09-24T17:54:16.586Z [Modules] Checking for module updates at https://discord.com/api/modules/stable/versions.json
2024-09-24T17:54:16.729Z [Modules] No module updates available.
2024-09-24T18:54:16.102Z [Modules] Checking for host updates.
2024-09-24T18:54:16.325Z [Modules] Host is up to date.
2024-09-24T18:54:16.325Z [Modules] Checking for module updates at https://discord.com/api/modules/stable/versions.json
2024-09-24T18:54:16.384Z [Modules] No module updates available.
2024-09-24T19:54:16.105Z [Modules] Checking for host updates.
2024-09-24T19:54:16.300Z [Modules] Host is up to date.
2024-09-24T19:54:16.300Z [Modules] Checking for module updates at https://discord.com/api/modules/stable/versions.json
2024-09-24T19:54:16.340Z [Modules] No module updates available.
2024-09-25T14:35:07.371Z [Modules] Modules initializing
2024-09-25T14:35:07.372Z [Modules] Distribution: remote
2024-09-25T14:35:07.372Z [Modules] Host updates: enabled
2024-09-25T14:35:07.372Z [Modules] Module updates: enabled
2024-09-25T14:35:07.374Z [Modules] Module install path: /home/arch/.config/discord/0.0.69/modules
2024-09-25T14:35:07.374Z [Modules] Module installed file path: /home/arch/.config/discord/0.0.69/modules/installed.json
2024-09-25T14:35:07.374Z [Modules] Module download path: /home/arch/.config/discord/0.0.69/modules/pending
2024-09-25T14:35:07.572Z [Modules] No updates to install
2024-09-25T14:35:07.572Z [Modules] Checking for host updates.
2024-09-25T14:35:07.814Z [Modules] Host is up to date.
2024-09-25T14:35:07.815Z [Modules] Checking for module updates at https://discord.com/api/modules/stable/versions.json
2024-09-25T14:35:07.848Z [Modules] No module updates available.
2024-09-25T14:35:09.861Z [Modules] Checking for host updates.
2024-09-25T14:35:10.020Z [Modules] Host is up to date.
2024-09-25T14:35:10.020Z [Modules] Checking for module updates at https://discord.com/api/modules/stable/versions.json
2024-09-25T14:35:10.022Z [Modules] No module updates available.
2024-09-25T17:50:04.690Z [Modules] Modules initializing
2024-09-25T17:50:04.690Z [Modules] Distribution: remote
2024-09-25T17:50:04.690Z [Modules] Host updates: enabled
2024-09-25T17:50:04.690Z [Modules] Module updates: enabled
2024-09-25T17:50:04.691Z [Modules] Module install path: /home/arch/.config/discord/0.0.69/modules
2024-09-25T17:50:04.691Z [Modules] Module installed file path: /home/arch/.config/discord/0.0.69/modules/installed.json
2024-09-25T17:50:04.691Z [Modules] Module download path: /home/arch/.config/discord/0.0.69/modules/pending
2024-09-25T17:50:04.895Z [Modules] No updates to install
2024-09-25T17:50:04.895Z [Modules] Checking for host updates.
2024-09-25T17:50:05.160Z [Modules] Host is up to date.
2024-09-25T17:50:05.161Z [Modules] Checking for module updates at https://discord.com/api/modules/stable/versions.json
2024-09-25T17:50:05.214Z [Modules] No module updates available.
2024-09-25T17:50:07.111Z [Modules] Checking for host updates.
2024-09-25T17:50:07.282Z [Modules] Host is up to date.
2024-09-25T17:50:07.282Z [Modules] Checking for module updates at https://discord.com/api/modules/stable/versions.json
2024-09-25T17:50:07.284Z [Modules] No module updates available.
2024-09-25T18:50:07.114Z [Modules] Checking for host updates.
2024-09-25T18:50:07.303Z [Modules] Host is up to date.
2024-09-25T18:50:07.303Z [Modules] Checking for module updates at https://discord.com/api/modules/stable/versions.json
2024-09-25T18:50:07.356Z [Modules] No module updates available.
2024-09-25T19:21:45.229Z [Modules] Modules initializing
2024-09-25T19:21:45.229Z [Modules] Distribution: remote
2024-09-25T19:21:45.229Z [Modules] Host updates: enabled
2024-09-25T19:21:45.229Z [Modules] Module updates: enabled
2024-09-25T19:21:45.229Z [Modules] Module install path: /home/arch/.config/discord/0.0.69/modules
2024-09-25T19:21:45.229Z [Modules] Module installed file path: /home/arch/.config/discord/0.0.69/modules/installed.json
2024-09-25T19:21:45.229Z [Modules] Module download path: /home/arch/.config/discord/0.0.69/modules/pending
2024-09-25T19:21:45.416Z [Modules] No updates to install
2024-09-25T19:21:45.416Z [Modules] Checking for host updates.
2024-09-25T19:21:45.676Z [Modules] Host is up to date.
2024-09-25T19:21:45.677Z [Modules] Checking for module updates at https://discord.com/api/modules/stable/versions.json
2024-09-25T19:21:45.761Z [Modules] No module updates available.
2024-09-25T19:21:47.217Z [Modules] Checking for host updates.
2024-09-25T19:21:47.381Z [Modules] Host is up to date.
2024-09-25T19:21:47.381Z [Modules] Checking for module updates at https://discord.com/api/modules/stable/versions.json
2024-09-25T19:21:47.382Z [Modules] No module updates available.
2024-09-26T17:03:10.698Z [Modules] Modules initializing
2024-09-26T17:03:10.698Z [Modules] Distribution: remote
2024-09-26T17:03:10.698Z [Modules] Host updates: enabled
2024-09-26T17:03:10.698Z [Modules] Module updates: enabled
2024-09-26T17:03:10.698Z [Modules] Module install path: /home/arch/.config/discord/0.0.69/modules
2024-09-26T17:03:10.698Z [Modules] Module installed file path: /home/arch/.config/discord/0.0.69/modules/installed.json
2024-09-26T17:03:10.698Z [Modules] Module download path: /home/arch/.config/discord/0.0.69/modules/pending
2024-09-26T17:03:10.912Z [Modules] No updates to install
2024-09-26T17:03:10.913Z [Modules] Checking for host updates.
2024-09-26T17:03:11.182Z [Modules] Host is up to date.
2024-09-26T17:03:11.183Z [Modules] Checking for module updates at https://discord.com/api/modules/stable/versions.json
2024-09-26T17:03:11.228Z [Modules] No module updates available.
2024-09-26T17:03:12.324Z [Modules] Checking for host updates.
2024-09-26T17:03:12.502Z [Modules] Host is up to date.
2024-09-26T17:03:12.502Z [Modules] Checking for module updates at https://discord.com/api/modules/stable/versions.json
2024-09-26T17:03:12.504Z [Modules] No module updates available.
2024-09-26T18:03:12.324Z [Modules] Checking for host updates.
2024-09-26T18:03:12.496Z [Modules] Host is up to date.
2024-09-26T18:03:12.496Z [Modules] Checking for module updates at https://discord.com/api/modules/stable/versions.json
2024-09-26T18:03:12.544Z [Modules] No module updates available.
2024-09-26T19:03:12.324Z [Modules] Checking for host updates.
2024-09-26T19:03:12.526Z [Modules] Host is up to date.
2024-09-26T19:03:12.526Z [Modules] Checking for module updates at https://discord.com/api/modules/stable/versions.json
2024-09-26T19:03:12.598Z [Modules] No module updates available.
2024-10-11T15:34:59.513Z [Modules] Modules initializing
2024-10-11T15:34:59.513Z [Modules] Distribution: remote
2024-10-11T15:34:59.513Z [Modules] Host updates: enabled
2024-10-11T15:34:59.513Z [Modules] Module updates: enabled
2024-10-11T15:34:59.513Z [Modules] Module install path: /home/arch/.config/discord/0.0.70/modules
2024-10-11T15:34:59.513Z [Modules] Module installed file path: /home/arch/.config/discord/0.0.70/modules/installed.json
2024-10-11T15:34:59.513Z [Modules] Module download path: /home/arch/.config/discord/0.0.70/modules/pending
2024-10-11T15:34:59.727Z [Modules] Bootstrapping...
2024-10-11T15:34:59.727Z [Modules] Installing discord_desktop_core@0 from /opt/discord/resources/bootstrap/discord_desktop_core.zip
2024-10-11T15:34:59.728Z [Modules] Failed installing discord_desktop_core@0: Error: ENOENT: no such file or directory, open '/opt/discord/resources/bootstrap/discord_desktop_core.zip'
2024-10-11T15:34:59.729Z [Modules] Installing discord_erlpack@0 from /opt/discord/resources/bootstrap/discord_erlpack.zip
2024-10-11T15:34:59.729Z [Modules] Failed installing discord_erlpack@0: Error: ENOENT: no such file or directory, open '/opt/discord/resources/bootstrap/discord_erlpack.zip'
2024-10-11T15:34:59.729Z [Modules] Installing discord_spellcheck@0 from /opt/discord/resources/bootstrap/discord_spellcheck.zip
2024-10-11T15:34:59.729Z [Modules] Failed installing discord_spellcheck@0: Error: ENOENT: no such file or directory, open '/opt/discord/resources/bootstrap/discord_spellcheck.zip'
2024-10-11T15:34:59.730Z [Modules] Installing discord_utils@0 from /opt/discord/resources/bootstrap/discord_utils.zip
2024-10-11T15:34:59.730Z [Modules] Failed installing discord_utils@0: Error: ENOENT: no such file or directory, open '/opt/discord/resources/bootstrap/discord_utils.zip'
2024-10-11T15:34:59.730Z [Modules] Installing discord_voice@0 from /opt/discord/resources/bootstrap/discord_voice.zip
2024-10-11T15:34:59.730Z [Modules] Failed installing discord_voice@0: Error: ENOENT: no such file or directory, open '/opt/discord/resources/bootstrap/discord_voice.zip'
2024-10-11T15:34:59.731Z [Modules] Installing discord_zstd@0 from /opt/discord/resources/bootstrap/discord_zstd.zip
2024-10-11T15:34:59.731Z [Modules] Failed installing discord_zstd@0: Error: ENOENT: no such file or directory, open '/opt/discord/resources/bootstrap/discord_zstd.zip'
2024-10-11T15:34:59.731Z [Modules] Finished module installations. [success: 0] [failure: 6]
2024-10-11T15:34:59.731Z [Modules] Checking for host updates.
2024-10-11T15:35:00.064Z [Modules] Host update is available. Manual update required!
2024-10-11T15:38:36.968Z [Modules] Modules initializing
2024-10-11T15:38:36.968Z [Modules] Distribution: remote
2024-10-11T15:38:36.968Z [Modules] Host updates: enabled
2024-10-11T15:38:36.968Z [Modules] Module updates: enabled
2024-10-11T15:38:36.969Z [Modules] Module install path: /home/arch/.config/discord/0.0.71/modules
2024-10-11T15:38:36.969Z [Modules] Module installed file path: /home/arch/.config/discord/0.0.71/modules/installed.json
2024-10-11T15:38:36.969Z [Modules] Module download path: /home/arch/.config/discord/0.0.71/modules/pending
2024-10-11T15:38:37.121Z [Modules] Bootstrapping...
2024-10-11T15:38:37.122Z [Modules] Installing discord_desktop_core@0 from /opt/discord/resources/bootstrap/discord_desktop_core.zip
2024-10-11T15:38:37.123Z [Modules] Failed installing discord_desktop_core@0: Error: ENOENT: no such file or directory, open '/opt/discord/resources/bootstrap/discord_desktop_core.zip'
2024-10-11T15:38:37.123Z [Modules] Installing discord_erlpack@0 from /opt/discord/resources/bootstrap/discord_erlpack.zip
2024-10-11T15:38:37.123Z [Modules] Failed installing discord_erlpack@0: Error: ENOENT: no such file or directory, open '/opt/discord/resources/bootstrap/discord_erlpack.zip'
2024-10-11T15:38:37.124Z [Modules] Installing discord_spellcheck@0 from /opt/discord/resources/bootstrap/discord_spellcheck.zip
2024-10-11T15:38:37.124Z [Modules] Failed installing discord_spellcheck@0: Error: ENOENT: no such file or directory, open '/opt/discord/resources/bootstrap/discord_spellcheck.zip'
2024-10-11T15:38:37.124Z [Modules] Installing discord_utils@0 from /opt/discord/resources/bootstrap/discord_utils.zip
2024-10-11T15:38:37.124Z [Modules] Failed installing discord_utils@0: Error: ENOENT: no such file or directory, open '/opt/discord/resources/bootstrap/discord_utils.zip'
2024-10-11T15:38:37.124Z [Modules] Installing discord_voice@0 from /opt/discord/resources/bootstrap/discord_voice.zip
2024-10-11T15:38:37.125Z [Modules] Failed installing discord_voice@0: Error: ENOENT: no such file or directory, open '/opt/discord/resources/bootstrap/discord_voice.zip'
2024-10-11T15:38:37.125Z [Modules] Installing discord_zstd@0 from /opt/discord/resources/bootstrap/discord_zstd.zip
2024-10-11T15:38:37.125Z [Modules] Failed installing discord_zstd@0: Error: ENOENT: no such file or directory, open '/opt/discord/resources/bootstrap/discord_zstd.zip'
2024-10-11T15:38:37.125Z [Modules] Finished module installations. [success: 0] [failure: 6]
2024-10-11T15:38:37.125Z [Modules] Checking for host updates.
2024-10-11T15:38:37.419Z [Modules] Host is up to date.
2024-10-11T15:38:37.420Z [Modules] Checking for module updates at https://discord.com/api/modules/stable/versions.json
2024-10-11T15:38:37.460Z [Modules] Module update available: discord_desktop_core@1 [installed: 0]
2024-10-11T15:38:37.460Z [Modules] Module update available: discord_erlpack@1 [installed: 0]
2024-10-11T15:38:37.460Z [Modules] Module update available: discord_spellcheck@1 [installed: 0]
2024-10-11T15:38:37.460Z [Modules] Module update available: discord_utils@1 [installed: 0]
2024-10-11T15:38:37.460Z [Modules] Module update available: discord_voice@1 [installed: 0]
2024-10-11T15:38:37.460Z [Modules] Module update available: discord_zstd@1 [installed: 0]
2024-10-11T15:38:37.460Z [Modules] Fetching discord_desktop_core@1 from https://discord.com/api/modules/stable/discord_desktop_core/1
2024-10-11T15:38:37.461Z [Modules] Streaming discord_desktop_core@1 to /home/arch/.config/discord/0.0.71/modules/pending/discord_desktop_core-1.zip
2024-10-11T15:38:38.903Z [Modules] Streaming discord_desktop_core@1 to /home/arch/.config/discord/0.0.71/modules/pending/discord_desktop_core-1.zip: 1%
2024-10-11T15:38:38.909Z [Modules] Streaming discord_desktop_core@1 to /home/arch/.config/discord/0.0.71/modules/pending/discord_desktop_core-1.zip: 2%
2024-10-11T15:38:38.920Z [Modules] Streaming discord_desktop_core@1 to /home/arch/.config/discord/0.0.71/modules/pending/discord_desktop_core-1.zip: 3%
2024-10-11T15:38:38.924Z [Modules] Streaming discord_desktop_core@1 to /home/arch/.config/discord/0.0.71/modules/pending/discord_desktop_core-1.zip: 4%
2024-10-11T15:38:38.928Z [Modules] Streaming discord_desktop_core@1 to /home/arch/.config/discord/0.0.71/modules/pending/discord_desktop_core-1.zip: 5%
2024-10-11T15:38:38.938Z [Modules] Streaming discord_desktop_core@1 to /home/arch/.config/discord/0.0.71/modules/pending/discord_desktop_core-1.zip: 6%
2024-10-11T15:38:38.940Z [Modules] Streaming discord_desktop_core@1 to /home/arch/.config/discord/0.0.71/modules/pending/discord_desktop_core-1.zip: 7%
2024-10-11T15:38:38.943Z [Modules] Streaming discord_desktop_core@1 to /home/arch/.config/discord/0.0.71/modules/pending/discord_desktop_core-1.zip: 8%
2024-10-11T15:38:38.946Z [Modules] Streaming discord_desktop_core@1 to /home/arch/.config/discord/0.0.71/modules/pending/discord_desktop_core-1.zip: 9%
2024-10-11T15:38:38.951Z [Modules] Streaming discord_desktop_core@1 to /home/arch/.config/discord/0.0.71/modules/pending/discord_desktop_core-1.zip: 10%
2024-10-11T15:38:38.958Z [Modules] Streaming discord_desktop_core@1 to /home/arch/.config/discord/0.0.71/modules/pending/discord_desktop_core-1.zip: 11%
2024-10-11T15:38:38.961Z [Modules] Streaming discord_desktop_core@1 to /home/arch/.config/discord/0.0.71/modules/pending/discord_desktop_core-1.zip: 12%
2024-10-11T15:38:38.965Z [Modules] Streaming discord_desktop_core@1 to /home/arch/.config/discord/0.0.71/modules/pending/discord_desktop_core-1.zip: 13%
2024-10-11T15:38:38.969Z [Modules] Streaming discord_desktop_core@1 to /home/arch/.config/discord/0.0.71/modules/pending/discord_desktop_core-1.zip: 14%
2024-10-11T15:38:38.973Z [Modules] Streaming discord_desktop_core@1 to /home/arch/.config/discord/0.0.71/modules/pending/discord_desktop_core-1.zip: 15%
2024-10-11T15:38:38.980Z [Modules] Streaming discord_desktop_core@1 to /home/arch/.config/discord/0.0.71/modules/pending/discord_desktop_core-1.zip: 16%
2024-10-11T15:38:38.983Z [Modules] Streaming discord_desktop_core@1 to /home/arch/.config/discord/0.0.71/modules/pending/discord_desktop_core-1.zip: 17%
2024-10-11T15:38:38.988Z [Modules] Streaming discord_desktop_core@1 to /home/arch/.config/discord/0.0.71/modules/pending/discord_desktop_core-1.zip: 18%
2024-10-11T15:38:38.990Z [Modules] Streaming discord_desktop_core@1 to /home/arch/.config/discord/0.0.71/modules/pending/discord_desktop_core-1.zip: 19%
2024-10-11T15:38:38.996Z [Modules] Streaming discord_desktop_core@1 to /home/arch/.config/discord/0.0.71/modules/pending/discord_desktop_core-1.zip: 20%
2024-10-11T15:38:39.000Z [Modules] Streaming discord_desktop_core@1 to /home/arch/.config/discord/0.0.71/modules/pending/discord_desktop_core-1.zip: 21%
2024-10-11T15:38:39.005Z [Modules] Streaming discord_desktop_core@1 to /home/arch/.config/discord/0.0.71/modules/pending/discord_desktop_core-1.zip: 22%
2024-10-11T15:38:39.009Z [Modules] Streaming discord_desktop_core@1 to /home/arch/.config/discord/0.0.71/modules/pending/discord_desktop_core-1.zip: 23%
2024-10-11T15:38:39.013Z [Modules] Streaming discord_desktop_core@1 to /home/arch/.config/discord/0.0.71/modules/pending/discord_desktop_core-1.zip: 24%
2024-10-11T15:38:39.018Z [Modules] Streaming discord_desktop_core@1 to /home/arch/.config/discord/0.0.71/modules/pending/discord_desktop_core-1.zip: 25%
2024-10-11T15:38:39.020Z [Modules] Streaming discord_desktop_core@1 to /home/arch/.config/discord/0.0.71/modules/pending/discord_desktop_core-1.zip: 26%
2024-10-11T15:38:39.028Z [Modules] Streaming discord_desktop_core@1 to /home/arch/.config/discord/0.0.71/modules/pending/discord_desktop_core-1.zip: 27%
2024-10-11T15:38:39.032Z [Modules] Streaming discord_desktop_core@1 to /home/arch/.config/discord/0.0.71/modules/pending/discord_desktop_core-1.zip: 28%
2024-10-11T15:38:39.036Z [Modules] Streaming discord_desktop_core@1 to /home/arch/.config/discord/0.0.71/modules/pending/discord_desktop_core-1.zip: 29%
2024-10-11T15:38:39.040Z [Modules] Streaming discord_desktop_core@1 to /home/arch/.config/discord/0.0.71/modules/pending/discord_desktop_core-1.zip: 30%
2024-10-11T15:38:39.044Z [Modules] Streaming discord_desktop_core@1 to /home/arch/.config/discord/0.0.71/modules/pending/discord_desktop_core-1.zip: 31%
2024-10-11T15:38:39.048Z [Modules] Streaming discord_desktop_core@1 to /home/arch/.config/discord/0.0.71/modules/pending/discord_desktop_core-1.zip: 32%
2024-10-11T15:38:39.052Z [Modules] Streaming discord_desktop_core@1 to /home/arch/.config/discord/0.0.71/modules/pending/discord_desktop_core-1.zip: 33%
2024-10-11T15:38:39.058Z [Modules] Streaming discord_desktop_core@1 to /home/arch/.config/discord/0.0.71/modules/pending/discord_desktop_core-1.zip: 34%
2024-10-11T15:38:39.059Z [Modules] Streaming discord_desktop_core@1 to /home/arch/.config/discord/0.0.71/modules/pending/discord_desktop_core-1.zip: 35%
2024-10-11T15:38:39.062Z [Modules] Streaming discord_desktop_core@1 to /home/arch/.config/discord/0.0.71/modules/pending/discord_desktop_core-1.zip: 36%
2024-10-11T15:38:39.066Z [Modules] Streaming discord_desktop_core@1 to /home/arch/.config/discord/0.0.71/modules/pending/discord_desktop_core-1.zip: 37%
2024-10-11T15:38:39.075Z [Modules] Streaming discord_desktop_core@1 to /home/arch/.config/discord/0.0.71/modules/pending/discord_desktop_core-1.zip: 38%
2024-10-11T15:38:39.083Z [Modules] Streaming discord_desktop_core@1 to /home/arch/.config/discord/0.0.71/modules/pending/discord_desktop_core-1.zip: 39%
2024-10-11T15:38:39.088Z [Modules] Streaming discord_desktop_core@1 to /home/arch/.config/discord/0.0.71/modules/pending/discord_desktop_core-1.zip: 40%
2024-10-11T15:38:39.095Z [Modules] Streaming discord_desktop_core@1 to /home/arch/.config/discord/0.0.71/modules/pending/discord_desktop_core-1.zip: 41%
2024-10-11T15:38:39.099Z [Modules] Streaming discord_desktop_core@1 to /home/arch/.config/discord/0.0.71/modules/pending/discord_desktop_core-1.zip: 42%
2024-10-11T15:38:39.104Z [Modules] Streaming discord_desktop_core@1 to /home/arch/.config/discord/0.0.71/modules/pending/discord_desktop_core-1.zip: 43%
2024-10-11T15:38:39.109Z [Modules] Streaming discord_desktop_core@1 to /home/arch/.config/discord/0.0.71/modules/pending/discord_desktop_core-1.zip: 44%
2024-10-11T15:38:39.113Z [Modules] Streaming discord_desktop_core@1 to /home/arch/.config/discord/0.0.71/modules/pending/discord_desktop_core-1.zip: 45%
2024-10-11T15:38:39.118Z [Modules] Streaming discord_desktop_core@1 to /home/arch/.config/discord/0.0.71/modules/pending/discord_desktop_core-1.zip: 46%
2024-10-11T15:38:39.123Z [Modules] Streaming discord_desktop_core@1 to /home/arch/.config/discord/0.0.71/modules/pending/discord_desktop_core-1.zip: 47%
2024-10-11T15:38:39.128Z [Modules] Streaming discord_desktop_core@1 to /home/arch/.config/discord/0.0.71/modules/pending/discord_desktop_core-1.zip: 48%
2024-10-11T15:38:39.133Z [Modules] Streaming discord_desktop_core@1 to /home/arch/.config/discord/0.0.71/modules/pending/discord_desktop_core-1.zip: 49%
2024-10-11T15:38:39.139Z [Modules] Streaming discord_desktop_core@1 to /home/arch/.config/discord/0.0.71/modules/pending/discord_desktop_core-1.zip: 50%
2024-10-11T15:38:39.147Z [Modules] Streaming discord_desktop_core@1 to /home/arch/.config/discord/0.0.71/modules/pending/discord_desktop_core-1.zip: 51%
2024-10-11T15:38:39.157Z [Modules] Streaming discord_desktop_core@1 to /home/arch/.config/discord/0.0.71/modules/pending/discord_desktop_core-1.zip: 52%
2024-10-11T15:38:39.160Z [Modules] Streaming discord_desktop_core@1 to /home/arch/.config/discord/0.0.71/modules/pending/discord_desktop_core-1.zip: 53%
2024-10-11T15:38:39.168Z [Modules] Streaming discord_desktop_core@1 to /home/arch/.config/discord/0.0.71/modules/pending/discord_desktop_core-1.zip: 54%
2024-10-11T15:38:39.174Z [Modules] Streaming discord_desktop_core@1 to /home/arch/.config/discord/0.0.71/modules/pending/discord_desktop_core-1.zip: 55%
2024-10-11T15:38:39.179Z [Modules] Streaming discord_desktop_core@1 to /home/arch/.config/discord/0.0.71/modules/pending/discord_desktop_core-1.zip: 56%
2024-10-11T15:38:39.181Z [Modules] Streaming discord_desktop_core@1 to /home/arch/.config/discord/0.0.71/modules/pending/discord_desktop_core-1.zip: 57%
2024-10-11T15:38:39.184Z [Modules] Streaming discord_desktop_core@1 to /home/arch/.config/discord/0.0.71/modules/pending/discord_desktop_core-1.zip: 58%
2024-10-11T15:38:39.194Z [Modules] Streaming discord_desktop_core@1 to /home/arch/.config/discord/0.0.71/modules/pending/discord_desktop_core-1.zip: 59%
2024-10-11T15:38:39.197Z [Modules] Streaming discord_desktop_core@1 to /home/arch/.config/discord/0.0.71/modules/pending/discord_desktop_core-1.zip: 60%
2024-10-11T15:38:39.204Z [Modules] Streaming discord_desktop_core@1 to /home/arch/.config/discord/0.0.71/modules/pending/discord_desktop_core-1.zip: 61%
2024-10-11T15:38:39.210Z [Modules] Streaming discord_desktop_core@1 to /home/arch/.config/discord/0.0.71/modules/pending/discord_desktop_core-1.zip: 62%
2024-10-11T15:38:39.215Z [Modules] Streaming discord_desktop_core@1 to /home/arch/.config/discord/0.0.71/modules/pending/discord_desktop_core-1.zip: 63%
2024-10-11T15:38:39.217Z [Modules] Streaming discord_desktop_core@1 to /home/arch/.config/discord/0.0.71/modules/pending/discord_desktop_core-1.zip: 64%
2024-10-11T15:38:39.219Z [Modules] Streaming discord_desktop_core@1 to /home/arch/.config/discord/0.0.71/modules/pending/discord_desktop_core-1.zip: 65%
2024-10-11T15:38:39.221Z [Modules] Streaming discord_desktop_core@1 to /home/arch/.config/discord/0.0.71/modules/pending/discord_desktop_core-1.zip: 66%
2024-10-11T15:38:39.223Z [Modules] Streaming discord_desktop_core@1 to /home/arch/.config/discord/0.0.71/modules/pending/discord_desktop_core-1.zip: 67%
2024-10-11T15:38:39.226Z [Modules] Streaming discord_desktop_core@1 to /home/arch/.config/discord/0.0.71/modules/pending/discord_desktop_core-1.zip: 68%
2024-10-11T15:38:39.228Z [Modules] Streaming discord_desktop_core@1 to /home/arch/.config/discord/0.0.71/modules/pending/discord_desktop_core-1.zip: 69%
2024-10-11T15:38:39.230Z [Modules] Streaming discord_desktop_core@1 to /home/arch/.config/discord/0.0.71/modules/pending/discord_desktop_core-1.zip: 70%
2024-10-11T15:38:39.239Z [Modules] Streaming discord_desktop_core@1 to /home/arch/.config/discord/0.0.71/modules/pending/discord_desktop_core-1.zip: 71%
2024-10-11T15:38:39.241Z [Modules] Streaming discord_desktop_core@1 to /home/arch/.config/discord/0.0.71/modules/pending/discord_desktop_core-1.zip: 72%
2024-10-11T15:38:39.246Z [Modules] Streaming discord_desktop_core@1 to /home/arch/.config/discord/0.0.71/modules/pending/discord_desktop_core-1.zip: 73%
2024-10-11T15:38:39.252Z [Modules] Streaming discord_desktop_core@1 to /home/arch/.config/discord/0.0.71/modules/pending/discord_desktop_core-1.zip: 74%
2024-10-11T15:38:39.255Z [Modules] Streaming discord_desktop_core@1 to /home/arch/.config/discord/0.0.71/modules/pending/discord_desktop_core-1.zip: 75%
2024-10-11T15:38:39.260Z [Modules] Streaming discord_desktop_core@1 to /home/arch/.config/discord/0.0.71/modules/pending/discord_desktop_core-1.zip: 76%
2024-10-11T15:38:39.266Z [Modules] Streaming discord_desktop_core@1 to /home/arch/.config/discord/0.0.71/modules/pending/discord_desktop_core-1.zip: 77%
2024-10-11T15:38:39.268Z [Modules] Streaming discord_desktop_core@1 to /home/arch/.config/discord/0.0.71/modules/pending/discord_desktop_core-1.zip: 78%
2024-10-11T15:38:39.272Z [Modules] Streaming discord_desktop_core@1 to /home/arch/.config/discord/0.0.71/modules/pending/discord_desktop_core-1.zip: 79%
2024-10-11T15:38:39.276Z [Modules] Streaming discord_desktop_core@1 to /home/arch/.config/discord/0.0.71/modules/pending/discord_desktop_core-1.zip: 80%
2024-10-11T15:38:39.280Z [Modules] Streaming discord_desktop_core@1 to /home/arch/.config/discord/0.0.71/modules/pending/discord_desktop_core-1.zip: 81%
2024-10-11T15:38:39.282Z [Modules] Streaming discord_desktop_core@1 to /home/arch/.config/discord/0.0.71/modules/pending/discord_desktop_core-1.zip: 82%
2024-10-11T15:38:39.284Z [Modules] Streaming discord_desktop_core@1 to /home/arch/.config/discord/0.0.71/modules/pending/discord_desktop_core-1.zip: 83%
2024-10-11T15:38:39.285Z [Modules] Streaming discord_desktop_core@1 to /home/arch/.config/discord/0.0.71/modules/pending/discord_desktop_core-1.zip: 84%
2024-10-11T15:38:39.288Z [Modules] Streaming discord_desktop_core@1 to /home/arch/.config/discord/0.0.71/modules/pending/discord_desktop_core-1.zip: 85%
2024-10-11T15:38:39.289Z [Modules] Streaming discord_desktop_core@1 to /home/arch/.config/discord/0.0.71/modules/pending/discord_desktop_core-1.zip: 86%
2024-10-11T15:38:39.293Z [Modules] Streaming discord_desktop_core@1 to /home/arch/.config/discord/0.0.71/modules/pending/discord_desktop_core-1.zip: 87%
2024-10-11T15:38:39.294Z [Modules] Streaming discord_desktop_core@1 to /home/arch/.config/discord/0.0.71/modules/pending/discord_desktop_core-1.zip: 88%
2024-10-11T15:38:39.296Z [Modules] Streaming discord_desktop_core@1 to /home/arch/.config/discord/0.0.71/modules/pending/discord_desktop_core-1.zip: 89%
2024-10-11T15:38:39.298Z [Modules] Streaming discord_desktop_core@1 to /home/arch/.config/discord/0.0.71/modules/pending/discord_desktop_core-1.zip: 90%
2024-10-11T15:38:39.300Z [Modules] Streaming discord_desktop_core@1 to /home/arch/.config/discord/0.0.71/modules/pending/discord_desktop_core-1.zip: 91%
2024-10-11T15:38:39.302Z [Modules] Streaming discord_desktop_core@1 to /home/arch/.config/discord/0.0.71/modules/pending/discord_desktop_core-1.zip: 92%
2024-10-11T15:38:39.304Z [Modules] Streaming discord_desktop_core@1 to /home/arch/.config/discord/0.0.71/modules/pending/discord_desktop_core-1.zip: 93%
2024-10-11T15:38:39.310Z [Modules] Streaming discord_desktop_core@1 to /home/arch/.config/discord/0.0.71/modules/pending/discord_desktop_core-1.zip: 94%
2024-10-11T15:38:39.312Z [Modules] Streaming discord_desktop_core@1 to /home/arch/.config/discord/0.0.71/modules/pending/discord_desktop_core-1.zip: 95%
2024-10-11T15:38:39.314Z [Modules] Streaming discord_desktop_core@1 to /home/arch/.config/discord/0.0.71/modules/pending/discord_desktop_core-1.zip: 96%
2024-10-11T15:38:39.318Z [Modules] Streaming discord_desktop_core@1 to /home/arch/.config/discord/0.0.71/modules/pending/discord_desktop_core-1.zip: 97%
2024-10-11T15:38:39.321Z [Modules] Streaming discord_desktop_core@1 to /home/arch/.config/discord/0.0.71/modules/pending/discord_desktop_core-1.zip: 98%
2024-10-11T15:38:39.323Z [Modules] Streaming discord_desktop_core@1 to /home/arch/.config/discord/0.0.71/modules/pending/discord_desktop_core-1.zip: 99%
2024-10-11T15:38:39.327Z [Modules] Streaming discord_desktop_core@1 to /home/arch/.config/discord/0.0.71/modules/pending/discord_desktop_core-1.zip: 100%
2024-10-11T15:38:39.328Z [Modules] Fetching discord_erlpack@1 from https://discord.com/api/modules/stable/discord_erlpack/1
2024-10-11T15:38:39.328Z [Modules] Streaming discord_erlpack@1 to /home/arch/.config/discord/0.0.71/modules/pending/discord_erlpack-1.zip
2024-10-11T15:38:39.559Z [Modules] Streaming discord_erlpack@1 to /home/arch/.config/discord/0.0.71/modules/pending/discord_erlpack-1.zip: 1%
2024-10-11T15:38:39.563Z [Modules] Streaming discord_erlpack@1 to /home/arch/.config/discord/0.0.71/modules/pending/discord_erlpack-1.zip: 2%
2024-10-11T15:38:39.566Z [Modules] Streaming discord_erlpack@1 to /home/arch/.config/discord/0.0.71/modules/pending/discord_erlpack-1.zip: 3%
2024-10-11T15:38:39.569Z [Modules] Streaming discord_erlpack@1 to /home/arch/.config/discord/0.0.71/modules/pending/discord_erlpack-1.zip: 4%
2024-10-11T15:38:39.572Z [Modules] Streaming discord_erlpack@1 to /home/arch/.config/discord/0.0.71/modules/pending/discord_erlpack-1.zip: 5%
2024-10-11T15:38:39.579Z [Modules] Streaming discord_erlpack@1 to /home/arch/.config/discord/0.0.71/modules/pending/discord_erlpack-1.zip: 6%
2024-10-11T15:38:39.582Z [Modules] Streaming discord_erlpack@1 to /home/arch/.config/discord/0.0.71/modules/pending/discord_erlpack-1.zip: 7%
2024-10-11T15:38:39.591Z [Modules] Streaming discord_erlpack@1 to /home/arch/.config/discord/0.0.71/modules/pending/discord_erlpack-1.zip: 8%
2024-10-11T15:38:39.597Z [Modules] Streaming discord_erlpack@1 to /home/arch/.config/discord/0.0.71/modules/pending/discord_erlpack-1.zip: 9%
2024-10-11T15:38:39.602Z [Modules] Streaming discord_erlpack@1 to /home/arch/.config/discord/0.0.71/modules/pending/discord_erlpack-1.zip: 10%
2024-10-11T15:38:39.613Z [Modules] Streaming discord_erlpack@1 to /home/arch/.config/discord/0.0.71/modules/pending/discord_erlpack-1.zip: 11%
2024-10-11T15:38:39.621Z [Modules] Streaming discord_erlpack@1 to /home/arch/.config/discord/0.0.71/modules/pending/discord_erlpack-1.zip: 12%
2024-10-11T15:38:39.629Z [Modules] Streaming discord_erlpack@1 to /home/arch/.config/discord/0.0.71/modules/pending/discord_erlpack-1.zip: 13%
2024-10-11T15:38:39.633Z [Modules] Streaming discord_erlpack@1 to /home/arch/.config/discord/0.0.71/modules/pending/discord_erlpack-1.zip: 14%
2024-10-11T15:38:39.635Z [Modules] Streaming discord_erlpack@1 to /home/arch/.config/discord/0.0.71/modules/pending/discord_erlpack-1.zip: 15%
2024-10-11T15:38:39.637Z [Modules] Streaming discord_erlpack@1 to /home/arch/.config/discord/0.0.71/modules/pending/discord_erlpack-1.zip: 16%
2024-10-11T15:38:39.643Z [Modules] Streaming discord_erlpack@1 to /home/arch/.config/discord/0.0.71/modules/pending/discord_erlpack-1.zip: 17%
2024-10-11T15:38:39.648Z [Modules] Streaming discord_erlpack@1 to /home/arch/.config/discord/0.0.71/modules/pending/discord_erlpack-1.zip: 18%
2024-10-11T15:38:39.650Z [Modules] Streaming discord_erlpack@1 to /home/arch/.config/discord/0.0.71/modules/pending/discord_erlpack-1.zip: 19%
2024-10-11T15:38:39.652Z [Modules] Streaming discord_erlpack@1 to /home/arch/.config/discord/0.0.71/modules/pending/discord_erlpack-1.zip: 20%
2024-10-11T15:38:39.656Z [Modules] Streaming discord_erlpack@1 to /home/arch/.config/discord/0.0.71/modules/pending/discord_erlpack-1.zip: 21%
2024-10-11T15:38:39.659Z [Modules] Streaming discord_erlpack@1 to /home/arch/.config/discord/0.0.71/modules/pending/discord_erlpack-1.zip: 22%
2024-10-11T15:38:39.663Z [Modules] Streaming discord_erlpack@1 to /home/arch/.config/discord/0.0.71/modules/pending/discord_erlpack-1.zip: 23%
2024-10-11T15:38:39.664Z [Modules] Streaming discord_erlpack@1 to /home/arch/.config/discord/0.0.71/modules/pending/discord_erlpack-1.zip: 24%
2024-10-11T15:38:39.666Z [Modules] Streaming discord_erlpack@1 to /home/arch/.config/discord/0.0.71/modules/pending/discord_erlpack-1.zip: 25%
2024-10-11T15:38:39.667Z [Modules] Streaming discord_erlpack@1 to /home/arch/.config/discord/0.0.71/modules/pending/discord_erlpack-1.zip: 26%
2024-10-11T15:38:39.669Z [Modules] Streaming discord_erlpack@1 to /home/arch/.config/discord/0.0.71/modules/pending/discord_erlpack-1.zip: 27%
2024-10-11T15:38:39.671Z [Modules] Streaming discord_erlpack@1 to /home/arch/.config/discord/0.0.71/modules/pending/discord_erlpack-1.zip: 28%
2024-10-11T15:38:39.672Z [Modules] Streaming discord_erlpack@1 to /home/arch/.config/discord/0.0.71/modules/pending/discord_erlpack-1.zip: 29%
2024-10-11T15:38:39.675Z [Modules] Streaming discord_erlpack@1 to /home/arch/.config/discord/0.0.71/modules/pending/discord_erlpack-1.zip: 30%
2024-10-11T15:38:39.677Z [Modules] Streaming discord_erlpack@1 to /home/arch/.config/discord/0.0.71/modules/pending/discord_erlpack-1.zip: 31%
2024-10-11T15:38:39.678Z [Modules] Streaming discord_erlpack@1 to /home/arch/.config/discord/0.0.71/modules/pending/discord_erlpack-1.zip: 32%
2024-10-11T15:38:39.680Z [Modules] Streaming discord_erlpack@1 to /home/arch/.config/discord/0.0.71/modules/pending/discord_erlpack-1.zip: 33%
2024-10-11T15:38:39.682Z [Modules] Streaming discord_erlpack@1 to /home/arch/.config/discord/0.0.71/modules/pending/discord_erlpack-1.zip: 34%
2024-10-11T15:38:39.684Z [Modules] Streaming discord_erlpack@1 to /home/arch/.config/discord/0.0.71/modules/pending/discord_erlpack-1.zip: 35%
2024-10-11T15:38:39.685Z [Modules] Streaming discord_erlpack@1 to /home/arch/.config/discord/0.0.71/modules/pending/discord_erlpack-1.zip: 36%
2024-10-11T15:38:39.688Z [Modules] Streaming discord_erlpack@1 to /home/arch/.config/discord/0.0.71/modules/pending/discord_erlpack-1.zip: 37%
2024-10-11T15:38:39.689Z [Modules] Streaming discord_erlpack@1 to /home/arch/.config/discord/0.0.71/modules/pending/discord_erlpack-1.zip: 38%
2024-10-11T15:38:39.691Z [Modules] Streaming discord_erlpack@1 to /home/arch/.config/discord/0.0.71/modules/pending/discord_erlpack-1.zip: 39%
2024-10-11T15:38:39.693Z [Modules] Streaming discord_erlpack@1 to /home/arch/.config/discord/0.0.71/modules/pending/discord_erlpack-1.zip: 40%
2024-10-11T15:38:39.695Z [Modules] Streaming discord_erlpack@1 to /home/arch/.config/discord/0.0.71/modules/pending/discord_erlpack-1.zip: 41%
2024-10-11T15:38:39.696Z [Modules] Streaming discord_erlpack@1 to /home/arch/.config/discord/0.0.71/modules/pending/discord_erlpack-1.zip: 42%
2024-10-11T15:38:39.698Z [Modules] Streaming discord_erlpack@1 to /home/arch/.config/discord/0.0.71/modules/pending/discord_erlpack-1.zip: 43%
2024-10-11T15:38:39.700Z [Modules] Streaming discord_erlpack@1 to /home/arch/.config/discord/0.0.71/modules/pending/discord_erlpack-1.zip: 44%
2024-10-11T15:38:39.702Z [Modules] Streaming discord_erlpack@1 to /home/arch/.config/discord/0.0.71/modules/pending/discord_erlpack-1.zip: 45%
2024-10-11T15:38:39.708Z [Modules] Streaming discord_erlpack@1 to /home/arch/.config/discord/0.0.71/modules/pending/discord_erlpack-1.zip: 46%
2024-10-11T15:38:39.709Z [Modules] Streaming discord_erlpack@1 to /home/arch/.config/discord/0.0.71/modules/pending/discord_erlpack-1.zip: 47%
2024-10-11T15:38:39.711Z [Modules] Streaming discord_erlpack@1 to /home/arch/.config/discord/0.0.71/modules/pending/discord_erlpack-1.zip: 48%
2024-10-11T15:38:39.712Z [Modules] Streaming discord_erlpack@1 to /home/arch/.config/discord/0.0.71/modules/pending/discord_erlpack-1.zip: 49%
2024-10-11T15:38:39.715Z [Modules] Streaming discord_erlpack@1 to /home/arch/.config/discord/0.0.71/modules/pending/discord_erlpack-1.zip: 50%
2024-10-11T15:38:39.716Z [Modules] Streaming discord_erlpack@1 to /home/arch/.config/discord/0.0.71/modules/pending/discord_erlpack-1.zip: 51%
2024-10-11T15:38:39.718Z [Modules] Streaming discord_erlpack@1 to /home/arch/.config/discord/0.0.71/modules/pending/discord_erlpack-1.zip: 52%
2024-10-11T15:38:39.720Z [Modules] Streaming discord_erlpack@1 to /home/arch/.config/discord/0.0.71/modules/pending/discord_erlpack-1.zip: 53%
2024-10-11T15:38:39.728Z [Modules] Streaming discord_erlpack@1 to /home/arch/.config/discord/0.0.71/modules/pending/discord_erlpack-1.zip: 54%
2024-10-11T15:38:39.729Z [Modules] Streaming discord_erlpack@1 to /home/arch/.config/discord/0.0.71/modules/pending/discord_erlpack-1.zip: 55%
2024-10-11T15:38:39.731Z [Modules] Streaming discord_erlpack@1 to /home/arch/.config/discord/0.0.71/modules/pending/discord_erlpack-1.zip: 56%
2024-10-11T15:38:39.733Z [Modules] Streaming discord_erlpack@1 to /home/arch/.config/discord/0.0.71/modules/pending/discord_erlpack-1.zip: 57%
2024-10-11T15:38:39.734Z [Modules] Streaming discord_erlpack@1 to /home/arch/.config/discord/0.0.71/modules/pending/discord_erlpack-1.zip: 58%
2024-10-11T15:38:39.739Z [Modules] Streaming discord_erlpack@1 to /home/arch/.config/discord/0.0.71/modules/pending/discord_erlpack-1.zip: 59%
2024-10-11T15:38:39.743Z [Modules] Streaming discord_erlpack@1 to /home/arch/.config/discord/0.0.71/modules/pending/discord_erlpack-1.zip: 60%
2024-10-11T15:38:39.748Z [Modules] Streaming discord_erlpack@1 to /home/arch/.config/discord/0.0.71/modules/pending/discord_erlpack-1.zip: 61%
2024-10-11T15:38:39.750Z [Modules] Streaming discord_erlpack@1 to /home/arch/.config/discord/0.0.71/modules/pending/discord_erlpack-1.zip: 62%
2024-10-11T15:38:39.753Z [Modules] Streaming discord_erlpack@1 to /home/arch/.config/discord/0.0.71/modules/pending/discord_erlpack-1.zip: 63%
2024-10-11T15:38:39.758Z [Modules] Streaming discord_erlpack@1 to /home/arch/.config/discord/0.0.71/modules/pending/discord_erlpack-1.zip: 64%
2024-10-11T15:38:39.760Z [Modules] Streaming discord_erlpack@1 to /home/arch/.config/discord/0.0.71/modules/pending/discord_erlpack-1.zip: 65%
2024-10-11T15:38:39.762Z [Modules] Streaming discord_erlpack@1 to /home/arch/.config/discord/0.0.71/modules/pending/discord_erlpack-1.zip: 66%
2024-10-11T15:38:39.764Z [Modules] Streaming discord_erlpack@1 to /home/arch/.config/discord/0.0.71/modules/pending/discord_erlpack-1.zip: 67%
2024-10-11T15:38:39.766Z [Modules] Streaming discord_erlpack@1 to /home/arch/.config/discord/0.0.71/modules/pending/discord_erlpack-1.zip: 68%
2024-10-11T15:38:39.768Z [Modules] Streaming discord_erlpack@1 to /home/arch/.config/discord/0.0.71/modules/pending/discord_erlpack-1.zip: 69%
2024-10-11T15:38:39.771Z [Modules] Streaming discord_erlpack@1 to /home/arch/.config/discord/0.0.71/modules/pending/discord_erlpack-1.zip: 70%
2024-10-11T15:38:39.773Z [Modules] Streaming discord_erlpack@1 to /home/arch/.config/discord/0.0.71/modules/pending/discord_erlpack-1.zip: 71%
2024-10-11T15:38:39.775Z [Modules] Streaming discord_erlpack@1 to /home/arch/.config/discord/0.0.71/modules/pending/discord_erlpack-1.zip: 72%
2024-10-11T15:38:39.777Z [Modules] Streaming discord_erlpack@1 to /home/arch/.config/discord/0.0.71/modules/pending/discord_erlpack-1.zip: 73%
2024-10-11T15:38:39.778Z [Modules] Streaming discord_erlpack@1 to /home/arch/.config/discord/0.0.71/modules/pending/discord_erlpack-1.zip: 74%
2024-10-11T15:38:39.780Z [Modules] Streaming discord_erlpack@1 to /home/arch/.config/discord/0.0.71/modules/pending/discord_erlpack-1.zip: 75%
2024-10-11T15:38:39.782Z [Modules] Streaming discord_erlpack@1 to /home/arch/.config/discord/0.0.71/modules/pending/discord_erlpack-1.zip: 76%
2024-10-11T15:38:39.788Z [Modules] Streaming discord_erlpack@1 to /home/arch/.config/discord/0.0.71/modules/pending/discord_erlpack-1.zip: 77%
2024-10-11T15:38:39.795Z [Modules] Streaming discord_erlpack@1 to /home/arch/.config/discord/0.0.71/modules/pending/discord_erlpack-1.zip: 78%
2024-10-11T15:38:39.803Z [Modules] Streaming discord_erlpack@1 to /home/arch/.config/discord/0.0.71/modules/pending/discord_erlpack-1.zip: 79%
2024-10-11T15:38:39.809Z [Modules] Streaming discord_erlpack@1 to /home/arch/.config/discord/0.0.71/modules/pending/discord_erlpack-1.zip: 80%
2024-10-11T15:38:39.816Z [Modules] Streaming discord_erlpack@1 to /home/arch/.config/discord/0.0.71/modules/pending/discord_erlpack-1.zip: 81%
2024-10-11T15:38:39.822Z [Modules] Streaming discord_erlpack@1 to /home/arch/.config/discord/0.0.71/modules/pending/discord_erlpack-1.zip: 82%
2024-10-11T15:38:39.825Z [Modules] Streaming discord_erlpack@1 to /home/arch/.config/discord/0.0.71/modules/pending/discord_erlpack-1.zip: 83%
2024-10-11T15:38:39.826Z [Modules] Streaming discord_erlpack@1 to /home/arch/.config/discord/0.0.71/modules/pending/discord_erlpack-1.zip: 84%
2024-10-11T15:38:39.828Z [Modules] Streaming discord_erlpack@1 to /home/arch/.config/discord/0.0.71/modules/pending/discord_erlpack-1.zip: 85%
2024-10-11T15:38:39.829Z [Modules] Streaming discord_erlpack@1 to /home/arch/.config/discord/0.0.71/modules/pending/discord_erlpack-1.zip: 86%
2024-10-11T15:38:39.831Z [Modules] Streaming discord_erlpack@1 to /home/arch/.config/discord/0.0.71/modules/pending/discord_erlpack-1.zip: 87%
2024-10-11T15:38:39.833Z [Modules] Streaming discord_erlpack@1 to /home/arch/.config/discord/0.0.71/modules/pending/discord_erlpack-1.zip: 88%
2024-10-11T15:38:39.834Z [Modules] Streaming discord_erlpack@1 to /home/arch/.config/discord/0.0.71/modules/pending/discord_erlpack-1.zip: 89%
2024-10-11T15:38:39.836Z [Modules] Streaming discord_erlpack@1 to /home/arch/.config/discord/0.0.71/modules/pending/discord_erlpack-1.zip: 90%
2024-10-11T15:38:39.838Z [Modules] Streaming discord_erlpack@1 to /home/arch/.config/discord/0.0.71/modules/pending/discord_erlpack-1.zip: 91%
2024-10-11T15:38:39.840Z [Modules] Streaming discord_erlpack@1 to /home/arch/.config/discord/0.0.71/modules/pending/discord_erlpack-1.zip: 92%
2024-10-11T15:38:39.841Z [Modules] Streaming discord_erlpack@1 to /home/arch/.config/discord/0.0.71/modules/pending/discord_erlpack-1.zip: 93%
2024-10-11T15:38:39.843Z [Modules] Streaming discord_erlpack@1 to /home/arch/.config/discord/0.0.71/modules/pending/discord_erlpack-1.zip: 94%
2024-10-11T15:38:39.845Z [Modules] Streaming discord_erlpack@1 to /home/arch/.config/discord/0.0.71/modules/pending/discord_erlpack-1.zip: 95%
2024-10-11T15:38:39.847Z [Modules] Streaming discord_erlpack@1 to /home/arch/.config/discord/0.0.71/modules/pending/discord_erlpack-1.zip: 96%
2024-10-11T15:38:39.848Z [Modules] Streaming discord_erlpack@1 to /home/arch/.config/discord/0.0.71/modules/pending/discord_erlpack-1.zip: 97%
2024-10-11T15:38:39.850Z [Modules] Streaming discord_erlpack@1 to /home/arch/.config/discord/0.0.71/modules/pending/discord_erlpack-1.zip: 98%
2024-10-11T15:38:39.853Z [Modules] Streaming discord_erlpack@1 to /home/arch/.config/discord/0.0.71/modules/pending/discord_erlpack-1.zip: 99%
2024-10-11T15:38:39.854Z [Modules] Streaming discord_erlpack@1 to /home/arch/.config/discord/0.0.71/modules/pending/discord_erlpack-1.zip: 100%
2024-10-11T15:38:39.855Z [Modules] Fetching discord_spellcheck@1 from https://discord.com/api/modules/stable/discord_spellcheck/1
2024-10-11T15:38:39.855Z [Modules] Streaming discord_spellcheck@1 to /home/arch/.config/discord/0.0.71/modules/pending/discord_spellcheck-1.zip
2024-10-11T15:38:40.060Z [Modules] Streaming discord_spellcheck@1 to /home/arch/.config/discord/0.0.71/modules/pending/discord_spellcheck-1.zip: 1%
2024-10-11T15:38:40.074Z [Modules] Streaming discord_spellcheck@1 to /home/arch/.config/discord/0.0.71/modules/pending/discord_spellcheck-1.zip: 2%
2024-10-11T15:38:40.084Z [Modules] Streaming discord_spellcheck@1 to /home/arch/.config/discord/0.0.71/modules/pending/discord_spellcheck-1.zip: 3%
2024-10-11T15:38:40.092Z [Modules] Streaming discord_spellcheck@1 to /home/arch/.config/discord/0.0.71/modules/pending/discord_spellcheck-1.zip: 4%
2024-10-11T15:38:40.106Z [Modules] Streaming discord_spellcheck@1 to /home/arch/.config/discord/0.0.71/modules/pending/discord_spellcheck-1.zip: 5%
2024-10-11T15:38:40.115Z [Modules] Streaming discord_spellcheck@1 to /home/arch/.config/discord/0.0.71/modules/pending/discord_spellcheck-1.zip: 6%
2024-10-11T15:38:40.123Z [Modules] Streaming discord_spellcheck@1 to /home/arch/.config/discord/0.0.71/modules/pending/discord_spellcheck-1.zip: 7%
2024-10-11T15:38:40.135Z [Modules] Streaming discord_spellcheck@1 to /home/arch/.config/discord/0.0.71/modules/pending/discord_spellcheck-1.zip: 8%
2024-10-11T15:38:40.143Z [Modules] Streaming discord_spellcheck@1 to /home/arch/.config/discord/0.0.71/modules/pending/discord_spellcheck-1.zip: 9%
2024-10-11T15:38:40.150Z [Modules] Streaming discord_spellcheck@1 to /home/arch/.config/discord/0.0.71/modules/pending/discord_spellcheck-1.zip: 10%
2024-10-11T15:38:40.167Z [Modules] Streaming discord_spellcheck@1 to /home/arch/.config/discord/0.0.71/modules/pending/discord_spellcheck-1.zip: 11%
2024-10-11T15:38:40.175Z [Modules] Streaming discord_spellcheck@1 to /home/arch/.config/discord/0.0.71/modules/pending/discord_spellcheck-1.zip: 12%
2024-10-11T15:38:40.183Z [Modules] Streaming discord_spellcheck@1 to /home/arch/.config/discord/0.0.71/modules/pending/discord_spellcheck-1.zip: 13%
2024-10-11T15:38:40.192Z [Modules] Streaming discord_spellcheck@1 to /home/arch/.config/discord/0.0.71/modules/pending/discord_spellcheck-1.zip: 14%
2024-10-11T15:38:40.200Z [Modules] Streaming discord_spellcheck@1 to /home/arch/.config/discord/0.0.71/modules/pending/discord_spellcheck-1.zip: 15%
2024-10-11T15:38:40.208Z [Modules] Streaming discord_spellcheck@1 to /home/arch/.config/discord/0.0.71/modules/pending/discord_spellcheck-1.zip: 16%
2024-10-11T15:38:40.216Z [Modules] Streaming discord_spellcheck@1 to /home/arch/.config/discord/0.0.71/modules/pending/discord_spellcheck-1.zip: 17%
2024-10-11T15:38:40.224Z [Modules] Streaming discord_spellcheck@1 to /home/arch/.config/discord/0.0.71/modules/pending/discord_spellcheck-1.zip: 18%
2024-10-11T15:38:40.232Z [Modules] Streaming discord_spellcheck@1 to /home/arch/.config/discord/0.0.71/modules/pending/discord_spellcheck-1.zip: 19%
2024-10-11T15:38:40.244Z [Modules] Streaming discord_spellcheck@1 to /home/arch/.config/discord/0.0.71/modules/pending/discord_spellcheck-1.zip: 20%
2024-10-11T15:38:40.256Z [Modules] Streaming discord_spellcheck@1 to /home/arch/.config/discord/0.0.71/modules/pending/discord_spellcheck-1.zip: 21%
2024-10-11T15:38:40.260Z [Modules] Streaming discord_spellcheck@1 to /home/arch/.config/discord/0.0.71/modules/pending/discord_spellcheck-1.zip: 22%
2024-10-11T15:38:40.268Z [Modules] Streaming discord_spellcheck@1 to /home/arch/.config/discord/0.0.71/modules/pending/discord_spellcheck-1.zip: 23%
2024-10-11T15:38:40.276Z [Modules] Streaming discord_spellcheck@1 to /home/arch/.config/discord/0.0.71/modules/pending/discord_spellcheck-1.zip: 24%
2024-10-11T15:38:40.284Z [Modules] Streaming discord_spellcheck@1 to /home/arch/.config/discord/0.0.71/modules/pending/discord_spellcheck-1.zip: 25%
2024-10-11T15:38:40.292Z [Modules] Streaming discord_spellcheck@1 to /home/arch/.config/discord/0.0.71/modules/pending/discord_spellcheck-1.zip: 26%
2024-10-11T15:38:40.300Z [Modules] Streaming discord_spellcheck@1 to /home/arch/.config/discord/0.0.71/modules/pending/discord_spellcheck-1.zip: 27%
2024-10-11T15:38:40.308Z [Modules] Streaming discord_spellcheck@1 to /home/arch/.config/discord/0.0.71/modules/pending/discord_spellcheck-1.zip: 28%
2024-10-11T15:38:40.316Z [Modules] Streaming discord_spellcheck@1 to /home/arch/.config/discord/0.0.71/modules/pending/discord_spellcheck-1.zip: 29%
2024-10-11T15:38:40.324Z [Modules] Streaming discord_spellcheck@1 to /home/arch/.config/discord/0.0.71/modules/pending/discord_spellcheck-1.zip: 30%
2024-10-11T15:38:40.333Z [Modules] Streaming discord_spellcheck@1 to /home/arch/.config/discord/0.0.71/modules/pending/discord_spellcheck-1.zip: 31%
2024-10-11T15:38:40.340Z [Modules] Streaming discord_spellcheck@1 to /home/arch/.config/discord/0.0.71/modules/pending/discord_spellcheck-1.zip: 32%
2024-10-11T15:38:40.348Z [Modules] Streaming discord_spellcheck@1 to /home/arch/.config/discord/0.0.71/modules/pending/discord_spellcheck-1.zip: 33%
2024-10-11T15:38:40.357Z [Modules] Streaming discord_spellcheck@1 to /home/arch/.config/discord/0.0.71/modules/pending/discord_spellcheck-1.zip: 34%
2024-10-11T15:38:40.365Z [Modules] Streaming discord_spellcheck@1 to /home/arch/.config/discord/0.0.71/modules/pending/discord_spellcheck-1.zip: 35%
2024-10-11T15:38:40.372Z [Modules] Streaming discord_spellcheck@1 to /home/arch/.config/discord/0.0.71/modules/pending/discord_spellcheck-1.zip: 36%
2024-10-11T15:38:40.380Z [Modules] Streaming discord_spellcheck@1 to /home/arch/.config/discord/0.0.71/modules/pending/discord_spellcheck-1.zip: 37%
2024-10-11T15:38:40.389Z [Modules] Streaming discord_spellcheck@1 to /home/arch/.config/discord/0.0.71/modules/pending/discord_spellcheck-1.zip: 38%
2024-10-11T15:38:40.397Z [Modules] Streaming discord_spellcheck@1 to /home/arch/.config/discord/0.0.71/modules/pending/discord_spellcheck-1.zip: 39%
2024-10-11T15:38:40.405Z [Modules] Streaming discord_spellcheck@1 to /home/arch/.config/discord/0.0.71/modules/pending/discord_spellcheck-1.zip: 40%
2024-10-11T15:38:40.413Z [Modules] Streaming discord_spellcheck@1 to /home/arch/.config/discord/0.0.71/modules/pending/discord_spellcheck-1.zip: 41%
2024-10-11T15:38:40.421Z [Modules] Streaming discord_spellcheck@1 to /home/arch/.config/discord/0.0.71/modules/pending/discord_spellcheck-1.zip: 42%
2024-10-11T15:38:40.429Z [Modules] Streaming discord_spellcheck@1 to /home/arch/.config/discord/0.0.71/modules/pending/discord_spellcheck-1.zip: 43%
2024-10-11T15:38:40.437Z [Modules] Streaming discord_spellcheck@1 to /home/arch/.config/discord/0.0.71/modules/pending/discord_spellcheck-1.zip: 44%
2024-10-11T15:38:40.446Z [Modules] Streaming discord_spellcheck@1 to /home/arch/.config/discord/0.0.71/modules/pending/discord_spellcheck-1.zip: 45%
2024-10-11T15:38:40.453Z [Modules] Streaming discord_spellcheck@1 to /home/arch/.config/discord/0.0.71/modules/pending/discord_spellcheck-1.zip: 46%
2024-10-11T15:38:40.462Z [Modules] Streaming discord_spellcheck@1 to /home/arch/.config/discord/0.0.71/modules/pending/discord_spellcheck-1.zip: 47%
2024-10-11T15:38:40.469Z [Modules] Streaming discord_spellcheck@1 to /home/arch/.config/discord/0.0.71/modules/pending/discord_spellcheck-1.zip: 48%
2024-10-11T15:38:40.478Z [Modules] Streaming discord_spellcheck@1 to /home/arch/.config/discord/0.0.71/modules/pending/discord_spellcheck-1.zip: 49%
2024-10-11T15:38:40.485Z [Modules] Streaming discord_spellcheck@1 to /home/arch/.config/discord/0.0.71/modules/pending/discord_spellcheck-1.zip: 50%
2024-10-11T15:38:40.497Z [Modules] Streaming discord_spellcheck@1 to /home/arch/.config/discord/0.0.71/modules/pending/discord_spellcheck-1.zip: 51%
2024-10-11T15:38:40.511Z [Modules] Streaming discord_spellcheck@1 to /home/arch/.config/discord/0.0.71/modules/pending/discord_spellcheck-1.zip: 52%
2024-10-11T15:38:40.520Z [Modules] Streaming discord_spellcheck@1 to /home/arch/.config/discord/0.0.71/modules/pending/discord_spellcheck-1.zip: 53%
2024-10-11T15:38:40.526Z [Modules] Streaming discord_spellcheck@1 to /home/arch/.config/discord/0.0.71/modules/pending/discord_spellcheck-1.zip: 54%
2024-10-11T15:38:40.539Z [Modules] Streaming discord_spellcheck@1 to /home/arch/.config/discord/0.0.71/modules/pending/discord_spellcheck-1.zip: 55%
2024-10-11T15:38:40.564Z [Modules] Streaming discord_spellcheck@1 to /home/arch/.config/discord/0.0.71/modules/pending/discord_spellcheck-1.zip: 56%
2024-10-11T15:38:40.575Z [Modules] Streaming discord_spellcheck@1 to /home/arch/.config/discord/0.0.71/modules/pending/discord_spellcheck-1.zip: 57%
2024-10-11T15:38:40.585Z [Modules] Streaming discord_spellcheck@1 to /home/arch/.config/discord/0.0.71/modules/pending/discord_spellcheck-1.zip: 58%
2024-10-11T15:38:40.620Z [Modules] Streaming discord_spellcheck@1 to /home/arch/.config/discord/0.0.71/modules/pending/discord_spellcheck-1.zip: 59%
2024-10-11T15:38:40.628Z [Modules] Streaming discord_spellcheck@1 to /home/arch/.config/discord/0.0.71/modules/pending/discord_spellcheck-1.zip: 60%
2024-10-11T15:38:40.643Z [Modules] Streaming discord_spellcheck@1 to /home/arch/.config/discord/0.0.71/modules/pending/discord_spellcheck-1.zip: 61%
2024-10-11T15:38:40.671Z [Modules] Streaming discord_spellcheck@1 to /home/arch/.config/discord/0.0.71/modules/pending/discord_spellcheck-1.zip: 62%
2024-10-11T15:38:40.695Z [Modules] Streaming discord_spellcheck@1 to /home/arch/.config/discord/0.0.71/modules/pending/discord_spellcheck-1.zip: 63%
2024-10-11T15:38:40.708Z [Modules] Streaming discord_spellcheck@1 to /home/arch/.config/discord/0.0.71/modules/pending/discord_spellcheck-1.zip: 64%
2024-10-11T15:38:40.724Z [Modules] Streaming discord_spellcheck@1 to /home/arch/.config/discord/0.0.71/modules/pending/discord_spellcheck-1.zip: 65%
2024-10-11T15:38:40.742Z [Modules] Streaming discord_spellcheck@1 to /home/arch/.config/discord/0.0.71/modules/pending/discord_spellcheck-1.zip: 66%
2024-10-11T15:38:40.763Z [Modules] Streaming discord_spellcheck@1 to /home/arch/.config/discord/0.0.71/modules/pending/discord_spellcheck-1.zip: 67%
2024-10-11T15:38:40.782Z [Modules] Streaming discord_spellcheck@1 to /home/arch/.config/discord/0.0.71/modules/pending/discord_spellcheck-1.zip: 68%
2024-10-11T15:38:40.797Z [Modules] Streaming discord_spellcheck@1 to /home/arch/.config/discord/0.0.71/modules/pending/discord_spellcheck-1.zip: 69%
2024-10-11T15:38:40.811Z [Modules] Streaming discord_spellcheck@1 to /home/arch/.config/discord/0.0.71/modules/pending/discord_spellcheck-1.zip: 70%
2024-10-11T15:38:40.829Z [Modules] Streaming discord_spellcheck@1 to /home/arch/.config/discord/0.0.71/modules/pending/discord_spellcheck-1.zip: 71%
2024-10-11T15:38:40.847Z [Modules] Streaming discord_spellcheck@1 to /home/arch/.config/discord/0.0.71/modules/pending/discord_spellcheck-1.zip: 72%
2024-10-11T15:38:40.865Z [Modules] Streaming discord_spellcheck@1 to /home/arch/.config/discord/0.0.71/modules/pending/discord_spellcheck-1.zip: 73%
2024-10-11T15:38:40.883Z [Modules] Streaming discord_spellcheck@1 to /home/arch/.config/discord/0.0.71/modules/pending/discord_spellcheck-1.zip: 74%
2024-10-11T15:38:40.891Z [Modules] Streaming discord_spellcheck@1 to /home/arch/.config/discord/0.0.71/modules/pending/discord_spellcheck-1.zip: 75%
2024-10-11T15:38:40.910Z [Modules] Streaming discord_spellcheck@1 to /home/arch/.config/discord/0.0.71/modules/pending/discord_spellcheck-1.zip: 76%
2024-10-11T15:38:40.932Z [Modules] Streaming discord_spellcheck@1 to /home/arch/.config/discord/0.0.71/modules/pending/discord_spellcheck-1.zip: 77%
2024-10-11T15:38:40.953Z [Modules] Streaming discord_spellcheck@1 to /home/arch/.config/discord/0.0.71/modules/pending/discord_spellcheck-1.zip: 78%
2024-10-11T15:38:40.971Z [Modules] Streaming discord_spellcheck@1 to /home/arch/.config/discord/0.0.71/modules/pending/discord_spellcheck-1.zip: 79%
2024-10-11T15:38:40.998Z [Modules] Streaming discord_spellcheck@1 to /home/arch/.config/discord/0.0.71/modules/pending/discord_spellcheck-1.zip: 80%
2024-10-11T15:38:41.018Z [Modules] Streaming discord_spellcheck@1 to /home/arch/.config/discord/0.0.71/modules/pending/discord_spellcheck-1.zip: 81%
2024-10-11T15:38:41.032Z [Modules] Streaming discord_spellcheck@1 to /home/arch/.config/discord/0.0.71/modules/pending/discord_spellcheck-1.zip: 82%
2024-10-11T15:38:41.047Z [Modules] Streaming discord_spellcheck@1 to /home/arch/.config/discord/0.0.71/modules/pending/discord_spellcheck-1.zip: 83%
2024-10-11T15:38:41.065Z [Modules] Streaming discord_spellcheck@1 to /home/arch/.config/discord/0.0.71/modules/pending/discord_spellcheck-1.zip: 84%
2024-10-11T15:38:41.081Z [Modules] Streaming discord_spellcheck@1 to /home/arch/.config/discord/0.0.71/modules/pending/discord_spellcheck-1.zip: 85%
2024-10-11T15:38:41.101Z [Modules] Streaming discord_spellcheck@1 to /home/arch/.config/discord/0.0.71/modules/pending/discord_spellcheck-1.zip: 86%
2024-10-11T15:38:41.112Z [Modules] Streaming discord_spellcheck@1 to /home/arch/.config/discord/0.0.71/modules/pending/discord_spellcheck-1.zip: 87%
2024-10-11T15:38:41.143Z [Modules] Streaming discord_spellcheck@1 to /home/arch/.config/discord/0.0.71/modules/pending/discord_spellcheck-1.zip: 88%
2024-10-11T15:38:41.150Z [Modules] Streaming discord_spellcheck@1 to /home/arch/.config/discord/0.0.71/modules/pending/discord_spellcheck-1.zip: 89%
2024-10-11T15:38:41.161Z [Modules] Streaming discord_spellcheck@1 to /home/arch/.config/discord/0.0.71/modules/pending/discord_spellcheck-1.zip: 90%
2024-10-11T15:38:41.179Z [Modules] Streaming discord_spellcheck@1 to /home/arch/.config/discord/0.0.71/modules/pending/discord_spellcheck-1.zip: 91%
2024-10-11T15:38:41.199Z [Modules] Streaming discord_spellcheck@1 to /home/arch/.config/discord/0.0.71/modules/pending/discord_spellcheck-1.zip: 92%
2024-10-11T15:38:41.218Z [Modules] Streaming discord_spellcheck@1 to /home/arch/.config/discord/0.0.71/modules/pending/discord_spellcheck-1.zip: 93%
2024-10-11T15:38:41.245Z [Modules] Streaming discord_spellcheck@1 to /home/arch/.config/discord/0.0.71/modules/pending/discord_spellcheck-1.zip: 94%
2024-10-11T15:38:41.277Z [Modules] Streaming discord_spellcheck@1 to /home/arch/.config/discord/0.0.71/modules/pending/discord_spellcheck-1.zip: 95%
2024-10-11T15:38:41.290Z [Modules] Streaming discord_spellcheck@1 to /home/arch/.config/discord/0.0.71/modules/pending/discord_spellcheck-1.zip: 96%
2024-10-11T15:38:41.309Z [Modules] Streaming discord_spellcheck@1 to /home/arch/.config/discord/0.0.71/modules/pending/discord_spellcheck-1.zip: 97%
2024-10-11T15:38:41.325Z [Modules] Streaming discord_spellcheck@1 to /home/arch/.config/discord/0.0.71/modules/pending/discord_spellcheck-1.zip: 98%
2024-10-11T15:38:41.348Z [Modules] Streaming discord_spellcheck@1 to /home/arch/.config/discord/0.0.71/modules/pending/discord_spellcheck-1.zip: 99%
2024-10-11T15:38:41.361Z [Modules] Streaming discord_spellcheck@1 to /home/arch/.config/discord/0.0.71/modules/pending/discord_spellcheck-1.zip: 100%
2024-10-11T15:38:41.362Z [Modules] Fetching discord_utils@1 from https://discord.com/api/modules/stable/discord_utils/1
2024-10-11T15:38:41.362Z [Modules] Streaming discord_utils@1 to /home/arch/.config/discord/0.0.71/modules/pending/discord_utils-1.zip
2024-10-11T15:38:41.599Z [Modules] Streaming discord_utils@1 to /home/arch/.config/discord/0.0.71/modules/pending/discord_utils-1.zip: 1%
2024-10-11T15:38:41.605Z [Modules] Streaming discord_utils@1 to /home/arch/.config/discord/0.0.71/modules/pending/discord_utils-1.zip: 2%
2024-10-11T15:38:41.613Z [Modules] Streaming discord_utils@1 to /home/arch/.config/discord/0.0.71/modules/pending/discord_utils-1.zip: 3%
2024-10-11T15:38:41.622Z [Modules] Streaming discord_utils@1 to /home/arch/.config/discord/0.0.71/modules/pending/discord_utils-1.zip: 4%
2024-10-11T15:38:41.630Z [Modules] Streaming discord_utils@1 to /home/arch/.config/discord/0.0.71/modules/pending/discord_utils-1.zip: 5%
2024-10-11T15:38:41.635Z [Modules] Streaming discord_utils@1 to /home/arch/.config/discord/0.0.71/modules/pending/discord_utils-1.zip: 6%
2024-10-11T15:38:41.638Z [Modules] Streaming discord_utils@1 to /home/arch/.config/discord/0.0.71/modules/pending/discord_utils-1.zip: 7%
2024-10-11T15:38:41.644Z [Modules] Streaming discord_utils@1 to /home/arch/.config/discord/0.0.71/modules/pending/discord_utils-1.zip: 8%
2024-10-11T15:38:41.652Z [Modules] Streaming discord_utils@1 to /home/arch/.config/discord/0.0.71/modules/pending/discord_utils-1.zip: 9%
2024-10-11T15:38:41.655Z [Modules] Streaming discord_utils@1 to /home/arch/.config/discord/0.0.71/modules/pending/discord_utils-1.zip: 10%
2024-10-11T15:38:41.663Z [Modules] Streaming discord_utils@1 to /home/arch/.config/discord/0.0.71/modules/pending/discord_utils-1.zip: 11%
2024-10-11T15:38:41.668Z [Modules] Streaming discord_utils@1 to /home/arch/.config/discord/0.0.71/modules/pending/discord_utils-1.zip: 12%
2024-10-11T15:38:41.673Z [Modules] Streaming discord_utils@1 to /home/arch/.config/discord/0.0.71/modules/pending/discord_utils-1.zip: 13%
2024-10-11T15:38:41.678Z [Modules] Streaming discord_utils@1 to /home/arch/.config/discord/0.0.71/modules/pending/discord_utils-1.zip: 14%
2024-10-11T15:38:41.683Z [Modules] Streaming discord_utils@1 to /home/arch/.config/discord/0.0.71/modules/pending/discord_utils-1.zip: 15%
2024-10-11T15:38:41.688Z [Modules] Streaming discord_utils@1 to /home/arch/.config/discord/0.0.71/modules/pending/discord_utils-1.zip: 16%
2024-10-11T15:38:41.694Z [Modules] Streaming discord_utils@1 to /home/arch/.config/discord/0.0.71/modules/pending/discord_utils-1.zip: 17%
2024-10-11T15:38:41.699Z [Modules] Streaming discord_utils@1 to /home/arch/.config/discord/0.0.71/modules/pending/discord_utils-1.zip: 18%
2024-10-11T15:38:41.705Z [Modules] Streaming discord_utils@1 to /home/arch/.config/discord/0.0.71/modules/pending/discord_utils-1.zip: 19%
2024-10-11T15:38:41.709Z [Modules] Streaming discord_utils@1 to /home/arch/.config/discord/0.0.71/modules/pending/discord_utils-1.zip: 20%
2024-10-11T15:38:41.718Z [Modules] Streaming discord_utils@1 to /home/arch/.config/discord/0.0.71/modules/pending/discord_utils-1.zip: 21%
2024-10-11T15:38:41.727Z [Modules] Streaming discord_utils@1 to /home/arch/.config/discord/0.0.71/modules/pending/discord_utils-1.zip: 22%
2024-10-11T15:38:41.730Z [Modules] Streaming discord_utils@1 to /home/arch/.config/discord/0.0.71/modules/pending/discord_utils-1.zip: 23%
2024-10-11T15:38:41.735Z [Modules] Streaming discord_utils@1 to /home/arch/.config/discord/0.0.71/modules/pending/discord_utils-1.zip: 24%
2024-10-11T15:38:41.739Z [Modules] Streaming discord_utils@1 to /home/arch/.config/discord/0.0.71/modules/pending/discord_utils-1.zip: 25%
2024-10-11T15:38:41.743Z [Modules] Streaming discord_utils@1 to /home/arch/.config/discord/0.0.71/modules/pending/discord_utils-1.zip: 26%
2024-10-11T15:38:41.755Z [Modules] Streaming discord_utils@1 to /home/arch/.config/discord/0.0.71/modules/pending/discord_utils-1.zip: 27%
2024-10-11T15:38:41.765Z [Modules] Streaming discord_utils@1 to /home/arch/.config/discord/0.0.71/modules/pending/discord_utils-1.zip: 28%
2024-10-11T15:38:41.768Z [Modules] Streaming discord_utils@1 to /home/arch/.config/discord/0.0.71/modules/pending/discord_utils-1.zip: 29%
2024-10-11T15:38:41.772Z [Modules] Streaming discord_utils@1 to /home/arch/.config/discord/0.0.71/modules/pending/discord_utils-1.zip: 30%
2024-10-11T15:38:41.784Z [Modules] Streaming discord_utils@1 to /home/arch/.config/discord/0.0.71/modules/pending/discord_utils-1.zip: 31%
2024-10-11T15:38:41.791Z [Modules] Streaming discord_utils@1 to /home/arch/.config/discord/0.0.71/modules/pending/discord_utils-1.zip: 32%
2024-10-11T15:38:41.795Z [Modules] Streaming discord_utils@1 to /home/arch/.config/discord/0.0.71/modules/pending/discord_utils-1.zip: 33%
2024-10-11T15:38:41.798Z [Modules] Streaming discord_utils@1 to /home/arch/.config/discord/0.0.71/modules/pending/discord_utils-1.zip: 34%
2024-10-11T15:38:41.803Z [Modules] Streaming discord_utils@1 to /home/arch/.config/discord/0.0.71/modules/pending/discord_utils-1.zip: 35%
2024-10-11T15:38:41.806Z [Modules] Streaming discord_utils@1 to /home/arch/.config/discord/0.0.71/modules/pending/discord_utils-1.zip: 36%
2024-10-11T15:38:41.809Z [Modules] Streaming discord_utils@1 to /home/arch/.config/discord/0.0.71/modules/pending/discord_utils-1.zip: 37%
2024-10-11T15:38:41.812Z [Modules] Streaming discord_utils@1 to /home/arch/.config/discord/0.0.71/modules/pending/discord_utils-1.zip: 38%
2024-10-11T15:38:41.816Z [Modules] Streaming discord_utils@1 to /home/arch/.config/discord/0.0.71/modules/pending/discord_utils-1.zip: 39%
2024-10-11T15:38:41.822Z [Modules] Streaming discord_utils@1 to /home/arch/.config/discord/0.0.71/modules/pending/discord_utils-1.zip: 40%
2024-10-11T15:38:41.826Z [Modules] Streaming discord_utils@1 to /home/arch/.config/discord/0.0.71/modules/pending/discord_utils-1.zip: 41%
2024-10-11T15:38:41.829Z [Modules] Streaming discord_utils@1 to /home/arch/.config/discord/0.0.71/modules/pending/discord_utils-1.zip: 42%
2024-10-11T15:38:41.833Z [Modules] Streaming discord_utils@1 to /home/arch/.config/discord/0.0.71/modules/pending/discord_utils-1.zip: 43%
2024-10-11T15:38:41.841Z [Modules] Streaming discord_utils@1 to /home/arch/.config/discord/0.0.71/modules/pending/discord_utils-1.zip: 44%
2024-10-11T15:38:41.843Z [Modules] Streaming discord_utils@1 to /home/arch/.config/discord/0.0.71/modules/pending/discord_utils-1.zip: 45%
2024-10-11T15:38:41.849Z [Modules] Streaming discord_utils@1 to /home/arch/.config/discord/0.0.71/modules/pending/discord_utils-1.zip: 46%
2024-10-11T15:38:41.856Z [Modules] Streaming discord_utils@1 to /home/arch/.config/discord/0.0.71/modules/pending/discord_utils-1.zip: 47%
2024-10-11T15:38:41.859Z [Modules] Streaming discord_utils@1 to /home/arch/.config/discord/0.0.71/modules/pending/discord_utils-1.zip: 48%
2024-10-11T15:38:41.864Z [Modules] Streaming discord_utils@1 to /home/arch/.config/discord/0.0.71/modules/pending/discord_utils-1.zip: 49%
2024-10-11T15:38:41.867Z [Modules] Streaming discord_utils@1 to /home/arch/.config/discord/0.0.71/modules/pending/discord_utils-1.zip: 50%
2024-10-11T15:38:41.872Z [Modules] Streaming discord_utils@1 to /home/arch/.config/discord/0.0.71/modules/pending/discord_utils-1.zip: 51%
2024-10-11T15:38:41.879Z [Modules] Streaming discord_utils@1 to /home/arch/.config/discord/0.0.71/modules/pending/discord_utils-1.zip: 52%
2024-10-11T15:38:41.882Z [Modules] Streaming discord_utils@1 to /home/arch/.config/discord/0.0.71/modules/pending/discord_utils-1.zip: 53%
2024-10-11T15:38:41.888Z [Modules] Streaming discord_utils@1 to /home/arch/.config/discord/0.0.71/modules/pending/discord_utils-1.zip: 54%
2024-10-11T15:38:41.892Z [Modules] Streaming discord_utils@1 to /home/arch/.config/discord/0.0.71/modules/pending/discord_utils-1.zip: 55%
2024-10-11T15:38:41.897Z [Modules] Streaming discord_utils@1 to /home/arch/.config/discord/0.0.71/modules/pending/discord_utils-1.zip: 56%
2024-10-11T15:38:41.900Z [Modules] Streaming discord_utils@1 to /home/arch/.config/discord/0.0.71/modules/pending/discord_utils-1.zip: 57%
2024-10-11T15:38:41.903Z [Modules] Streaming discord_utils@1 to /home/arch/.config/discord/0.0.71/modules/pending/discord_utils-1.zip: 58%
2024-10-11T15:38:41.907Z [Modules] Streaming discord_utils@1 to /home/arch/.config/discord/0.0.71/modules/pending/discord_utils-1.zip: 59%
2024-10-11T15:38:41.910Z [Modules] Streaming discord_utils@1 to /home/arch/.config/discord/0.0.71/modules/pending/discord_utils-1.zip: 60%
2024-10-11T15:38:41.919Z [Modules] Streaming discord_utils@1 to /home/arch/.config/discord/0.0.71/modules/pending/discord_utils-1.zip: 61%
2024-10-11T15:38:41.921Z [Modules] Streaming discord_utils@1 to /home/arch/.config/discord/0.0.71/modules/pending/discord_utils-1.zip: 62%
2024-10-11T15:38:41.925Z [Modules] Streaming discord_utils@1 to /home/arch/.config/discord/0.0.71/modules/pending/discord_utils-1.zip: 63%
2024-10-11T15:38:41.928Z [Modules] Streaming discord_utils@1 to /home/arch/.config/discord/0.0.71/modules/pending/discord_utils-1.zip: 64%
2024-10-11T15:38:41.931Z [Modules] Streaming discord_utils@1 to /home/arch/.config/discord/0.0.71/modules/pending/discord_utils-1.zip: 65%
2024-10-11T15:38:41.935Z [Modules] Streaming discord_utils@1 to /home/arch/.config/discord/0.0.71/modules/pending/discord_utils-1.zip: 66%
2024-10-11T15:38:41.937Z [Modules] Streaming discord_utils@1 to /home/arch/.config/discord/0.0.71/modules/pending/discord_utils-1.zip: 67%
2024-10-11T15:38:41.941Z [Modules] Streaming discord_utils@1 to /home/arch/.config/discord/0.0.71/modules/pending/discord_utils-1.zip: 68%
2024-10-11T15:38:41.944Z [Modules] Streaming discord_utils@1 to /home/arch/.config/discord/0.0.71/modules/pending/discord_utils-1.zip: 69%
2024-10-11T15:38:41.952Z [Modules] Streaming discord_utils@1 to /home/arch/.config/discord/0.0.71/modules/pending/discord_utils-1.zip: 70%
2024-10-11T15:38:41.954Z [Modules] Streaming discord_utils@1 to /home/arch/.config/discord/0.0.71/modules/pending/discord_utils-1.zip: 71%
2024-10-11T15:38:41.958Z [Modules] Streaming discord_utils@1 to /home/arch/.config/discord/0.0.71/modules/pending/discord_utils-1.zip: 72%
2024-10-11T15:38:41.962Z [Modules] Streaming discord_utils@1 to /home/arch/.config/discord/0.0.71/modules/pending/discord_utils-1.zip: 73%
2024-10-11T15:38:41.965Z [Modules] Streaming discord_utils@1 to /home/arch/.config/discord/0.0.71/modules/pending/discord_utils-1.zip: 74%
2024-10-11T15:38:41.971Z [Modules] Streaming discord_utils@1 to /home/arch/.config/discord/0.0.71/modules/pending/discord_utils-1.zip: 75%
2024-10-11T15:38:41.974Z [Modules] Streaming discord_utils@1 to /home/arch/.config/discord/0.0.71/modules/pending/discord_utils-1.zip: 76%
2024-10-11T15:38:41.978Z [Modules] Streaming discord_utils@1 to /home/arch/.config/discord/0.0.71/modules/pending/discord_utils-1.zip: 77%
2024-10-11T15:38:41.980Z [Modules] Streaming discord_utils@1 to /home/arch/.config/discord/0.0.71/modules/pending/discord_utils-1.zip: 78%
2024-10-11T15:38:41.983Z [Modules] Streaming discord_utils@1 to /home/arch/.config/discord/0.0.71/modules/pending/discord_utils-1.zip: 79%
2024-10-11T15:38:41.986Z [Modules] Streaming discord_utils@1 to /home/arch/.config/discord/0.0.71/modules/pending/discord_utils-1.zip: 80%
2024-10-11T15:38:41.989Z [Modules] Streaming discord_utils@1 to /home/arch/.config/discord/0.0.71/modules/pending/discord_utils-1.zip: 81%
2024-10-11T15:38:41.992Z [Modules] Streaming discord_utils@1 to /home/arch/.config/discord/0.0.71/modules/pending/discord_utils-1.zip: 82%
2024-10-11T15:38:41.995Z [Modules] Streaming discord_utils@1 to /home/arch/.config/discord/0.0.71/modules/pending/discord_utils-1.zip: 83%
2024-10-11T15:38:41.998Z [Modules] Streaming discord_utils@1 to /home/arch/.config/discord/0.0.71/modules/pending/discord_utils-1.zip: 84%
2024-10-11T15:38:42.003Z [Modules] Streaming discord_utils@1 to /home/arch/.config/discord/0.0.71/modules/pending/discord_utils-1.zip: 85%
2024-10-11T15:38:42.005Z [Modules] Streaming discord_utils@1 to /home/arch/.config/discord/0.0.71/modules/pending/discord_utils-1.zip: 86%
2024-10-11T15:38:42.008Z [Modules] Streaming discord_utils@1 to /home/arch/.config/discord/0.0.71/modules/pending/discord_utils-1.zip: 87%
2024-10-11T15:38:42.011Z [Modules] Streaming discord_utils@1 to /home/arch/.config/discord/0.0.71/modules/pending/discord_utils-1.zip: 88%
2024-10-11T15:38:42.014Z [Modules] Streaming discord_utils@1 to /home/arch/.config/discord/0.0.71/modules/pending/discord_utils-1.zip: 89%
2024-10-11T15:38:42.017Z [Modules] Streaming discord_utils@1 to /home/arch/.config/discord/0.0.71/modules/pending/discord_utils-1.zip: 90%
2024-10-11T15:38:42.021Z [Modules] Streaming discord_utils@1 to /home/arch/.config/discord/0.0.71/modules/pending/discord_utils-1.zip: 91%
2024-10-11T15:38:42.024Z [Modules] Streaming discord_utils@1 to /home/arch/.config/discord/0.0.71/modules/pending/discord_utils-1.zip: 92%
2024-10-11T15:38:42.027Z [Modules] Streaming discord_utils@1 to /home/arch/.config/discord/0.0.71/modules/pending/discord_utils-1.zip: 93%
2024-10-11T15:38:42.030Z [Modules] Streaming discord_utils@1 to /home/arch/.config/discord/0.0.71/modules/pending/discord_utils-1.zip: 94%
2024-10-11T15:38:42.033Z [Modules] Streaming discord_utils@1 to /home/arch/.config/discord/0.0.71/modules/pending/discord_utils-1.zip: 95%
2024-10-11T15:38:42.037Z [Modules] Streaming discord_utils@1 to /home/arch/.config/discord/0.0.71/modules/pending/discord_utils-1.zip: 96%
2024-10-11T15:38:42.040Z [Modules] Streaming discord_utils@1 to /home/arch/.config/discord/0.0.71/modules/pending/discord_utils-1.zip: 97%
2024-10-11T15:38:42.043Z [Modules] Streaming discord_utils@1 to /home/arch/.config/discord/0.0.71/modules/pending/discord_utils-1.zip: 98%
2024-10-11T15:38:42.046Z [Modules] Streaming discord_utils@1 to /home/arch/.config/discord/0.0.71/modules/pending/discord_utils-1.zip: 99%
2024-10-11T15:38:42.049Z [Modules] Streaming discord_utils@1 to /home/arch/.config/discord/0.0.71/modules/pending/discord_utils-1.zip: 100%
2024-10-11T15:38:42.050Z [Modules] Fetching discord_voice@1 from https://discord.com/api/modules/stable/discord_voice/1
2024-10-11T15:38:42.050Z [Modules] Streaming discord_voice@1 to /home/arch/.config/discord/0.0.71/modules/pending/discord_voice-1.zip
2024-10-11T15:38:42.259Z [Modules] Streaming discord_voice@1 to /home/arch/.config/discord/0.0.71/modules/pending/discord_voice-1.zip: 1%
2024-10-11T15:38:42.279Z [Modules] Streaming discord_voice@1 to /home/arch/.config/discord/0.0.71/modules/pending/discord_voice-1.zip: 2%
2024-10-11T15:38:42.297Z [Modules] Streaming discord_voice@1 to /home/arch/.config/discord/0.0.71/modules/pending/discord_voice-1.zip: 3%
2024-10-11T15:38:42.318Z [Modules] Streaming discord_voice@1 to /home/arch/.config/discord/0.0.71/modules/pending/discord_voice-1.zip: 4%
2024-10-11T15:38:42.335Z [Modules] Streaming discord_voice@1 to /home/arch/.config/discord/0.0.71/modules/pending/discord_voice-1.zip: 5%
2024-10-11T15:38:42.355Z [Modules] Streaming discord_voice@1 to /home/arch/.config/discord/0.0.71/modules/pending/discord_voice-1.zip: 6%
2024-10-11T15:38:42.374Z [Modules] Streaming discord_voice@1 to /home/arch/.config/discord/0.0.71/modules/pending/discord_voice-1.zip: 7%
2024-10-11T15:38:42.393Z [Modules] Streaming discord_voice@1 to /home/arch/.config/discord/0.0.71/modules/pending/discord_voice-1.zip: 8%
2024-10-11T15:38:42.412Z [Modules] Streaming discord_voice@1 to /home/arch/.config/discord/0.0.71/modules/pending/discord_voice-1.zip: 9%
2024-10-11T15:38:42.432Z [Modules] Streaming discord_voice@1 to /home/arch/.config/discord/0.0.71/modules/pending/discord_voice-1.zip: 10%
2024-10-11T15:38:42.450Z [Modules] Streaming discord_voice@1 to /home/arch/.config/discord/0.0.71/modules/pending/discord_voice-1.zip: 11%
2024-10-11T15:38:42.470Z [Modules] Streaming discord_voice@1 to /home/arch/.config/discord/0.0.71/modules/pending/discord_voice-1.zip: 12%
2024-10-11T15:38:42.488Z [Modules] Streaming discord_voice@1 to /home/arch/.config/discord/0.0.71/modules/pending/discord_voice-1.zip: 13%
2024-10-11T15:38:42.508Z [Modules] Streaming discord_voice@1 to /home/arch/.config/discord/0.0.71/modules/pending/discord_voice-1.zip: 14%
2024-10-11T15:38:42.536Z [Modules] Streaming discord_voice@1 to /home/arch/.config/discord/0.0.71/modules/pending/discord_voice-1.zip: 15%
2024-10-11T15:38:42.554Z [Modules] Streaming discord_voice@1 to /home/arch/.config/discord/0.0.71/modules/pending/discord_voice-1.zip: 16%
2024-10-11T15:38:42.600Z [Modules] Streaming discord_voice@1 to /home/arch/.config/discord/0.0.71/modules/pending/discord_voice-1.zip: 17%
2024-10-11T15:38:42.626Z [Modules] Streaming discord_voice@1 to /home/arch/.config/discord/0.0.71/modules/pending/discord_voice-1.zip: 18%
2024-10-11T15:38:42.682Z [Modules] Streaming discord_voice@1 to /home/arch/.config/discord/0.0.71/modules/pending/discord_voice-1.zip: 19%
2024-10-11T15:38:42.734Z [Modules] Streaming discord_voice@1 to /home/arch/.config/discord/0.0.71/modules/pending/discord_voice-1.zip: 20%
2024-10-11T15:38:42.775Z [Modules] Streaming discord_voice@1 to /home/arch/.config/discord/0.0.71/modules/pending/discord_voice-1.zip: 21%
2024-10-11T15:38:42.807Z [Modules] Streaming discord_voice@1 to /home/arch/.config/discord/0.0.71/modules/pending/discord_voice-1.zip: 22%
2024-10-11T15:38:42.848Z [Modules] Streaming discord_voice@1 to /home/arch/.config/discord/0.0.71/modules/pending/discord_voice-1.zip: 23%
2024-10-11T15:38:42.895Z [Modules] Streaming discord_voice@1 to /home/arch/.config/discord/0.0.71/modules/pending/discord_voice-1.zip: 24%
2024-10-11T15:38:42.937Z [Modules] Streaming discord_voice@1 to /home/arch/.config/discord/0.0.71/modules/pending/discord_voice-1.zip: 25%
2024-10-11T15:38:42.984Z [Modules] Streaming discord_voice@1 to /home/arch/.config/discord/0.0.71/modules/pending/discord_voice-1.zip: 26%
2024-10-11T15:38:43.022Z [Modules] Streaming discord_voice@1 to /home/arch/.config/discord/0.0.71/modules/pending/discord_voice-1.zip: 27%
2024-10-11T15:38:43.063Z [Modules] Streaming discord_voice@1 to /home/arch/.config/discord/0.0.71/modules/pending/discord_voice-1.zip: 28%
2024-10-11T15:38:43.105Z [Modules] Streaming discord_voice@1 to /home/arch/.config/discord/0.0.71/modules/pending/discord_voice-1.zip: 29%
2024-10-11T15:38:43.157Z [Modules] Streaming discord_voice@1 to /home/arch/.config/discord/0.0.71/modules/pending/discord_voice-1.zip: 30%
2024-10-11T15:38:43.199Z [Modules] Streaming discord_voice@1 to /home/arch/.config/discord/0.0.71/modules/pending/discord_voice-1.zip: 31%
2024-10-11T15:38:43.236Z [Modules] Streaming discord_voice@1 to /home/arch/.config/discord/0.0.71/modules/pending/discord_voice-1.zip: 32%
2024-10-11T15:38:43.272Z [Modules] Streaming discord_voice@1 to /home/arch/.config/discord/0.0.71/modules/pending/discord_voice-1.zip: 33%
2024-10-11T15:38:43.312Z [Modules] Streaming discord_voice@1 to /home/arch/.config/discord/0.0.71/modules/pending/discord_voice-1.zip: 34%
2024-10-11T15:38:43.361Z [Modules] Streaming discord_voice@1 to /home/arch/.config/discord/0.0.71/modules/pending/discord_voice-1.zip: 35%
2024-10-11T15:38:43.404Z [Modules] Streaming discord_voice@1 to /home/arch/.config/discord/0.0.71/modules/pending/discord_voice-1.zip: 36%
2024-10-11T15:38:43.438Z [Modules] Streaming discord_voice@1 to /home/arch/.config/discord/0.0.71/modules/pending/discord_voice-1.zip: 37%
2024-10-11T15:38:43.478Z [Modules] Streaming discord_voice@1 to /home/arch/.config/discord/0.0.71/modules/pending/discord_voice-1.zip: 38%
2024-10-11T15:38:43.511Z [Modules] Streaming discord_voice@1 to /home/arch/.config/discord/0.0.71/modules/pending/discord_voice-1.zip: 39%
2024-10-11T15:38:43.547Z [Modules] Streaming discord_voice@1 to /home/arch/.config/discord/0.0.71/modules/pending/discord_voice-1.zip: 40%
2024-10-11T15:38:43.595Z [Modules] Streaming discord_voice@1 to /home/arch/.config/discord/0.0.71/modules/pending/discord_voice-1.zip: 41%
2024-10-11T15:38:43.635Z [Modules] Streaming discord_voice@1 to /home/arch/.config/discord/0.0.71/modules/pending/discord_voice-1.zip: 42%
2024-10-11T15:38:43.680Z [Modules] Streaming discord_voice@1 to /home/arch/.config/discord/0.0.71/modules/pending/discord_voice-1.zip: 43%
2024-10-11T15:38:43.726Z [Modules] Streaming discord_voice@1 to /home/arch/.config/discord/0.0.71/modules/pending/discord_voice-1.zip: 44%
2024-10-11T15:38:43.759Z [Modules] Streaming discord_voice@1 to /home/arch/.config/discord/0.0.71/modules/pending/discord_voice-1.zip: 45%
2024-10-11T15:38:43.804Z [Modules] Streaming discord_voice@1 to /home/arch/.config/discord/0.0.71/modules/pending/discord_voice-1.zip: 46%
2024-10-11T15:38:43.849Z [Modules] Streaming discord_voice@1 to /home/arch/.config/discord/0.0.71/modules/pending/discord_voice-1.zip: 47%
2024-10-11T15:38:43.893Z [Modules] Streaming discord_voice@1 to /home/arch/.config/discord/0.0.71/modules/pending/discord_voice-1.zip: 48%
2024-10-11T15:38:43.932Z [Modules] Streaming discord_voice@1 to /home/arch/.config/discord/0.0.71/modules/pending/discord_voice-1.zip: 49%
2024-10-11T15:38:43.974Z [Modules] Streaming discord_voice@1 to /home/arch/.config/discord/0.0.71/modules/pending/discord_voice-1.zip: 50%
2024-10-11T15:38:44.008Z [Modules] Streaming discord_voice@1 to /home/arch/.config/discord/0.0.71/modules/pending/discord_voice-1.zip: 51%
2024-10-11T15:38:44.056Z [Modules] Streaming discord_voice@1 to /home/arch/.config/discord/0.0.71/modules/pending/discord_voice-1.zip: 52%
2024-10-11T15:38:44.087Z [Modules] Streaming discord_voice@1 to /home/arch/.config/discord/0.0.71/modules/pending/discord_voice-1.zip: 53%
2024-10-11T15:38:44.125Z [Modules] Streaming discord_voice@1 to /home/arch/.config/discord/0.0.71/modules/pending/discord_voice-1.zip: 54%
2024-10-11T15:38:44.168Z [Modules] Streaming discord_voice@1 to /home/arch/.config/discord/0.0.71/modules/pending/discord_voice-1.zip: 55%
2024-10-11T15:38:44.205Z [Modules] Streaming discord_voice@1 to /home/arch/.config/discord/0.0.71/modules/pending/discord_voice-1.zip: 56%
2024-10-11T15:38:44.249Z [Modules] Streaming discord_voice@1 to /home/arch/.config/discord/0.0.71/modules/pending/discord_voice-1.zip: 57%
2024-10-11T15:38:44.282Z [Modules] Streaming discord_voice@1 to /home/arch/.config/discord/0.0.71/modules/pending/discord_voice-1.zip: 58%
2024-10-11T15:38:44.335Z [Modules] Streaming discord_voice@1 to /home/arch/.config/discord/0.0.71/modules/pending/discord_voice-1.zip: 59%
2024-10-11T15:38:44.378Z [Modules] Streaming discord_voice@1 to /home/arch/.config/discord/0.0.71/modules/pending/discord_voice-1.zip: 60%
2024-10-11T15:38:44.421Z [Modules] Streaming discord_voice@1 to /home/arch/.config/discord/0.0.71/modules/pending/discord_voice-1.zip: 61%
2024-10-11T15:38:44.455Z [Modules] Streaming discord_voice@1 to /home/arch/.config/discord/0.0.71/modules/pending/discord_voice-1.zip: 62%
2024-10-11T15:38:44.496Z [Modules] Streaming discord_voice@1 to /home/arch/.config/discord/0.0.71/modules/pending/discord_voice-1.zip: 63%
2024-10-11T15:38:44.540Z [Modules] Streaming discord_voice@1 to /home/arch/.config/discord/0.0.71/modules/pending/discord_voice-1.zip: 64%
2024-10-11T15:38:44.584Z [Modules] Streaming discord_voice@1 to /home/arch/.config/discord/0.0.71/modules/pending/discord_voice-1.zip: 65%
2024-10-11T15:38:44.620Z [Modules] Streaming discord_voice@1 to /home/arch/.config/discord/0.0.71/modules/pending/discord_voice-1.zip: 66%
2024-10-11T15:38:44.669Z [Modules] Streaming discord_voice@1 to /home/arch/.config/discord/0.0.71/modules/pending/discord_voice-1.zip: 67%
2024-10-11T15:38:44.715Z [Modules] Streaming discord_voice@1 to /home/arch/.config/discord/0.0.71/modules/pending/discord_voice-1.zip: 68%
2024-10-11T15:38:44.754Z [Modules] Streaming discord_voice@1 to /home/arch/.config/discord/0.0.71/modules/pending/discord_voice-1.zip: 69%
2024-10-11T15:38:44.793Z [Modules] Streaming discord_voice@1 to /home/arch/.config/discord/0.0.71/modules/pending/discord_voice-1.zip: 70%
2024-10-11T15:38:44.828Z [Modules] Streaming discord_voice@1 to /home/arch/.config/discord/0.0.71/modules/pending/discord_voice-1.zip: 71%
2024-10-11T15:38:44.872Z [Modules] Streaming discord_voice@1 to /home/arch/.config/discord/0.0.71/modules/pending/discord_voice-1.zip: 72%
2024-10-11T15:38:44.897Z [Modules] Streaming discord_voice@1 to /home/arch/.config/discord/0.0.71/modules/pending/discord_voice-1.zip: 73%
2024-10-11T15:38:44.924Z [Modules] Streaming discord_voice@1 to /home/arch/.config/discord/0.0.71/modules/pending/discord_voice-1.zip: 74%
2024-10-11T15:38:44.954Z [Modules] Streaming discord_voice@1 to /home/arch/.config/discord/0.0.71/modules/pending/discord_voice-1.zip: 75%
2024-10-11T15:38:44.997Z [Modules] Streaming discord_voice@1 to /home/arch/.config/discord/0.0.71/modules/pending/discord_voice-1.zip: 76%
2024-10-11T15:38:45.056Z [Modules] Streaming discord_voice@1 to /home/arch/.config/discord/0.0.71/modules/pending/discord_voice-1.zip: 77%
2024-10-11T15:38:45.099Z [Modules] Streaming discord_voice@1 to /home/arch/.config/discord/0.0.71/modules/pending/discord_voice-1.zip: 78%
2024-10-11T15:38:45.122Z [Modules] Streaming discord_voice@1 to /home/arch/.config/discord/0.0.71/modules/pending/discord_voice-1.zip: 79%
2024-10-11T15:38:45.165Z [Modules] Streaming discord_voice@1 to /home/arch/.config/discord/0.0.71/modules/pending/discord_voice-1.zip: 80%
2024-10-11T15:38:45.217Z [Modules] Streaming discord_voice@1 to /home/arch/.config/discord/0.0.71/modules/pending/discord_voice-1.zip: 81%
2024-10-11T15:38:45.264Z [Modules] Streaming discord_voice@1 to /home/arch/.config/discord/0.0.71/modules/pending/discord_voice-1.zip: 82%
2024-10-11T15:38:45.306Z [Modules] Streaming discord_voice@1 to /home/arch/.config/discord/0.0.71/modules/pending/discord_voice-1.zip: 83%
2024-10-11T15:38:45.350Z [Modules] Streaming discord_voice@1 to /home/arch/.config/discord/0.0.71/modules/pending/discord_voice-1.zip: 84%
2024-10-11T15:38:45.396Z [Modules] Streaming discord_voice@1 to /home/arch/.config/discord/0.0.71/modules/pending/discord_voice-1.zip: 85%
2024-10-11T15:38:45.420Z [Modules] Streaming discord_voice@1 to /home/arch/.config/discord/0.0.71/modules/pending/discord_voice-1.zip: 86%
2024-10-11T15:38:45.474Z [Modules] Streaming discord_voice@1 to /home/arch/.config/discord/0.0.71/modules/pending/discord_voice-1.zip: 87%
2024-10-11T15:38:45.523Z [Modules] Streaming discord_voice@1 to /home/arch/.config/discord/0.0.71/modules/pending/discord_voice-1.zip: 88%
2024-10-11T15:38:45.568Z [Modules] Streaming discord_voice@1 to /home/arch/.config/discord/0.0.71/modules/pending/discord_voice-1.zip: 89%
2024-10-11T15:38:45.613Z [Modules] Streaming discord_voice@1 to /home/arch/.config/discord/0.0.71/modules/pending/discord_voice-1.zip: 90%
2024-10-11T15:38:45.653Z [Modules] Streaming discord_voice@1 to /home/arch/.config/discord/0.0.71/modules/pending/discord_voice-1.zip: 91%
2024-10-11T15:38:45.696Z [Modules] Streaming discord_voice@1 to /home/arch/.config/discord/0.0.71/modules/pending/discord_voice-1.zip: 92%
2024-10-11T15:38:45.740Z [Modules] Streaming discord_voice@1 to /home/arch/.config/discord/0.0.71/modules/pending/discord_voice-1.zip: 93%
2024-10-11T15:38:45.780Z [Modules] Streaming discord_voice@1 to /home/arch/.config/discord/0.0.71/modules/pending/discord_voice-1.zip: 94%
2024-10-11T15:38:45.817Z [Modules] Streaming discord_voice@1 to /home/arch/.config/discord/0.0.71/modules/pending/discord_voice-1.zip: 95%
2024-10-11T15:38:45.854Z [Modules] Streaming discord_voice@1 to /home/arch/.config/discord/0.0.71/modules/pending/discord_voice-1.zip: 96%
2024-10-11T15:38:45.899Z [Modules] Streaming discord_voice@1 to /home/arch/.config/discord/0.0.71/modules/pending/discord_voice-1.zip: 97%
2024-10-11T15:38:45.942Z [Modules] Streaming discord_voice@1 to /home/arch/.config/discord/0.0.71/modules/pending/discord_voice-1.zip: 98%
2024-10-11T15:38:45.983Z [Modules] Streaming discord_voice@1 to /home/arch/.config/discord/0.0.71/modules/pending/discord_voice-1.zip: 99%
2024-10-11T15:38:46.012Z [Modules] Streaming discord_voice@1 to /home/arch/.config/discord/0.0.71/modules/pending/discord_voice-1.zip: 100%
2024-10-11T15:38:46.012Z [Modules] Fetching discord_zstd@1 from https://discord.com/api/modules/stable/discord_zstd/1
2024-10-11T15:38:46.012Z [Modules] Streaming discord_zstd@1 to /home/arch/.config/discord/0.0.71/modules/pending/discord_zstd-1.zip
2024-10-11T15:38:46.372Z [Modules] Streaming discord_zstd@1 to /home/arch/.config/discord/0.0.71/modules/pending/discord_zstd-1.zip: 1%
2024-10-11T15:38:46.372Z [Modules] Streaming discord_zstd@1 to /home/arch/.config/discord/0.0.71/modules/pending/discord_zstd-1.zip: 2%
2024-10-11T15:38:46.373Z [Modules] Streaming discord_zstd@1 to /home/arch/.config/discord/0.0.71/modules/pending/discord_zstd-1.zip: 4%
2024-10-11T15:38:46.373Z [Modules] Streaming discord_zstd@1 to /home/arch/.config/discord/0.0.71/modules/pending/discord_zstd-1.zip: 5%
2024-10-11T15:38:46.373Z [Modules] Streaming discord_zstd@1 to /home/arch/.config/discord/0.0.71/modules/pending/discord_zstd-1.zip: 6%
2024-10-11T15:38:46.377Z [Modules] Streaming discord_zstd@1 to /home/arch/.config/discord/0.0.71/modules/pending/discord_zstd-1.zip: 7%
2024-10-11T15:38:46.377Z [Modules] Streaming discord_zstd@1 to /home/arch/.config/discord/0.0.71/modules/pending/discord_zstd-1.zip: 8%
2024-10-11T15:38:46.377Z [Modules] Streaming discord_zstd@1 to /home/arch/.config/discord/0.0.71/modules/pending/discord_zstd-1.zip: 9%
2024-10-11T15:38:46.378Z [Modules] Streaming discord_zstd@1 to /home/arch/.config/discord/0.0.71/modules/pending/discord_zstd-1.zip: 10%
2024-10-11T15:38:46.378Z [Modules] Streaming discord_zstd@1 to /home/arch/.config/discord/0.0.71/modules/pending/discord_zstd-1.zip: 11%
2024-10-11T15:38:46.378Z [Modules] Streaming discord_zstd@1 to /home/arch/.config/discord/0.0.71/modules/pending/discord_zstd-1.zip: 12%
2024-10-11T15:38:46.379Z [Modules] Streaming discord_zstd@1 to /home/arch/.config/discord/0.0.71/modules/pending/discord_zstd-1.zip: 13%
2024-10-11T15:38:46.380Z [Modules] Streaming discord_zstd@1 to /home/arch/.config/discord/0.0.71/modules/pending/discord_zstd-1.zip: 14%
2024-10-11T15:38:46.380Z [Modules] Streaming discord_zstd@1 to /home/arch/.config/discord/0.0.71/modules/pending/discord_zstd-1.zip: 15%
2024-10-11T15:38:46.381Z [Modules] Streaming discord_zstd@1 to /home/arch/.config/discord/0.0.71/modules/pending/discord_zstd-1.zip: 16%
2024-10-11T15:38:46.381Z [Modules] Streaming discord_zstd@1 to /home/arch/.config/discord/0.0.71/modules/pending/discord_zstd-1.zip: 17%
2024-10-11T15:38:46.383Z [Modules] Streaming discord_zstd@1 to /home/arch/.config/discord/0.0.71/modules/pending/discord_zstd-1.zip: 18%
2024-10-11T15:38:46.384Z [Modules] Streaming discord_zstd@1 to /home/arch/.config/discord/0.0.71/modules/pending/discord_zstd-1.zip: 19%
2024-10-11T15:38:46.384Z [Modules] Streaming discord_zstd@1 to /home/arch/.config/discord/0.0.71/modules/pending/discord_zstd-1.zip: 20%
2024-10-11T15:38:46.385Z [Modules] Streaming discord_zstd@1 to /home/arch/.config/discord/0.0.71/modules/pending/discord_zstd-1.zip: 21%
2024-10-11T15:38:46.386Z [Modules] Streaming discord_zstd@1 to /home/arch/.config/discord/0.0.71/modules/pending/discord_zstd-1.zip: 22%
2024-10-11T15:38:46.387Z [Modules] Streaming discord_zstd@1 to /home/arch/.config/discord/0.0.71/modules/pending/discord_zstd-1.zip: 23%
2024-10-11T15:38:46.387Z [Modules] Streaming discord_zstd@1 to /home/arch/.config/discord/0.0.71/modules/pending/discord_zstd-1.zip: 24%
2024-10-11T15:38:46.388Z [Modules] Streaming discord_zstd@1 to /home/arch/.config/discord/0.0.71/modules/pending/discord_zstd-1.zip: 25%
2024-10-11T15:38:46.389Z [Modules] Streaming discord_zstd@1 to /home/arch/.config/discord/0.0.71/modules/pending/discord_zstd-1.zip: 26%
2024-10-11T15:38:46.389Z [Modules] Streaming discord_zstd@1 to /home/arch/.config/discord/0.0.71/modules/pending/discord_zstd-1.zip: 27%
2024-10-11T15:38:46.390Z [Modules] Streaming discord_zstd@1 to /home/arch/.config/discord/0.0.71/modules/pending/discord_zstd-1.zip: 28%
2024-10-11T15:38:46.391Z [Modules] Streaming discord_zstd@1 to /home/arch/.config/discord/0.0.71/modules/pending/discord_zstd-1.zip: 29%
2024-10-11T15:38:46.391Z [Modules] Streaming discord_zstd@1 to /home/arch/.config/discord/0.0.71/modules/pending/discord_zstd-1.zip: 30%
2024-10-11T15:38:46.392Z [Modules] Streaming discord_zstd@1 to /home/arch/.config/discord/0.0.71/modules/pending/discord_zstd-1.zip: 31%
2024-10-11T15:38:46.392Z [Modules] Streaming discord_zstd@1 to /home/arch/.config/discord/0.0.71/modules/pending/discord_zstd-1.zip: 32%
2024-10-11T15:38:46.395Z [Modules] Streaming discord_zstd@1 to /home/arch/.config/discord/0.0.71/modules/pending/discord_zstd-1.zip: 33%
2024-10-11T15:38:46.396Z [Modules] Streaming discord_zstd@1 to /home/arch/.config/discord/0.0.71/modules/pending/discord_zstd-1.zip: 34%
2024-10-11T15:38:46.396Z [Modules] Streaming discord_zstd@1 to /home/arch/.config/discord/0.0.71/modules/pending/discord_zstd-1.zip: 35%
2024-10-11T15:38:46.397Z [Modules] Streaming discord_zstd@1 to /home/arch/.config/discord/0.0.71/modules/pending/discord_zstd-1.zip: 36%
2024-10-11T15:38:46.397Z [Modules] Streaming discord_zstd@1 to /home/arch/.config/discord/0.0.71/modules/pending/discord_zstd-1.zip: 37%
2024-10-11T15:38:46.398Z [Modules] Streaming discord_zstd@1 to /home/arch/.config/discord/0.0.71/modules/pending/discord_zstd-1.zip: 38%
2024-10-11T15:38:46.398Z [Modules] Streaming discord_zstd@1 to /home/arch/.config/discord/0.0.71/modules/pending/discord_zstd-1.zip: 39%
2024-10-11T15:38:46.399Z [Modules] Streaming discord_zstd@1 to /home/arch/.config/discord/0.0.71/modules/pending/discord_zstd-1.zip: 40%
2024-10-11T15:38:46.399Z [Modules] Streaming discord_zstd@1 to /home/arch/.config/discord/0.0.71/modules/pending/discord_zstd-1.zip: 41%
2024-10-11T15:38:46.399Z [Modules] Streaming discord_zstd@1 to /home/arch/.config/discord/0.0.71/modules/pending/discord_zstd-1.zip: 42%
2024-10-11T15:38:46.399Z [Modules] Streaming discord_zstd@1 to /home/arch/.config/discord/0.0.71/modules/pending/discord_zstd-1.zip: 43%
2024-10-11T15:38:46.400Z [Modules] Streaming discord_zstd@1 to /home/arch/.config/discord/0.0.71/modules/pending/discord_zstd-1.zip: 44%
2024-10-11T15:38:46.400Z [Modules] Streaming discord_zstd@1 to /home/arch/.config/discord/0.0.71/modules/pending/discord_zstd-1.zip: 45%
2024-10-11T15:38:46.401Z [Modules] Streaming discord_zstd@1 to /home/arch/.config/discord/0.0.71/modules/pending/discord_zstd-1.zip: 46%
2024-10-11T15:38:46.401Z [Modules] Streaming discord_zstd@1 to /home/arch/.config/discord/0.0.71/modules/pending/discord_zstd-1.zip: 47%
2024-10-11T15:38:46.401Z [Modules] Streaming discord_zstd@1 to /home/arch/.config/discord/0.0.71/modules/pending/discord_zstd-1.zip: 48%
2024-10-11T15:38:46.401Z [Modules] Streaming discord_zstd@1 to /home/arch/.config/discord/0.0.71/modules/pending/discord_zstd-1.zip: 49%
2024-10-11T15:38:46.402Z [Modules] Streaming discord_zstd@1 to /home/arch/.config/discord/0.0.71/modules/pending/discord_zstd-1.zip: 50%
2024-10-11T15:38:46.402Z [Modules] Streaming discord_zstd@1 to /home/arch/.config/discord/0.0.71/modules/pending/discord_zstd-1.zip: 51%
2024-10-11T15:38:46.403Z [Modules] Streaming discord_zstd@1 to /home/arch/.config/discord/0.0.71/modules/pending/discord_zstd-1.zip: 52%
2024-10-11T15:38:46.404Z [Modules] Streaming discord_zstd@1 to /home/arch/.config/discord/0.0.71/modules/pending/discord_zstd-1.zip: 53%
2024-10-11T15:38:46.404Z [Modules] Streaming discord_zstd@1 to /home/arch/.config/discord/0.0.71/modules/pending/discord_zstd-1.zip: 54%
2024-10-11T15:38:46.405Z [Modules] Streaming discord_zstd@1 to /home/arch/.config/discord/0.0.71/modules/pending/discord_zstd-1.zip: 55%
2024-10-11T15:38:46.406Z [Modules] Streaming discord_zstd@1 to /home/arch/.config/discord/0.0.71/modules/pending/discord_zstd-1.zip: 56%
2024-10-11T15:38:46.406Z [Modules] Streaming discord_zstd@1 to /home/arch/.config/discord/0.0.71/modules/pending/discord_zstd-1.zip: 57%
2024-10-11T15:38:46.407Z [Modules] Streaming discord_zstd@1 to /home/arch/.config/discord/0.0.71/modules/pending/discord_zstd-1.zip: 58%
2024-10-11T15:38:46.409Z [Modules] Streaming discord_zstd@1 to /home/arch/.config/discord/0.0.71/modules/pending/discord_zstd-1.zip: 59%
2024-10-11T15:38:46.410Z [Modules] Streaming discord_zstd@1 to /home/arch/.config/discord/0.0.71/modules/pending/discord_zstd-1.zip: 60%
2024-10-11T15:38:46.410Z [Modules] Streaming discord_zstd@1 to /home/arch/.config/discord/0.0.71/modules/pending/discord_zstd-1.zip: 61%
2024-10-11T15:38:46.410Z [Modules] Streaming discord_zstd@1 to /home/arch/.config/discord/0.0.71/modules/pending/discord_zstd-1.zip: 62%
2024-10-11T15:38:46.412Z [Modules] Streaming discord_zstd@1 to /home/arch/.config/discord/0.0.71/modules/pending/discord_zstd-1.zip: 63%
2024-10-11T15:38:46.412Z [Modules] Streaming discord_zstd@1 to /home/arch/.config/discord/0.0.71/modules/pending/discord_zstd-1.zip: 64%
2024-10-11T15:38:46.413Z [Modules] Streaming discord_zstd@1 to /home/arch/.config/discord/0.0.71/modules/pending/discord_zstd-1.zip: 65%
2024-10-11T15:38:46.414Z [Modules] Streaming discord_zstd@1 to /home/arch/.config/discord/0.0.71/modules/pending/discord_zstd-1.zip: 66%
2024-10-11T15:38:46.414Z [Modules] Streaming discord_zstd@1 to /home/arch/.config/discord/0.0.71/modules/pending/discord_zstd-1.zip: 67%
2024-10-11T15:38:46.416Z [Modules] Streaming discord_zstd@1 to /home/arch/.config/discord/0.0.71/modules/pending/discord_zstd-1.zip: 68%
2024-10-11T15:38:46.417Z [Modules] Streaming discord_zstd@1 to /home/arch/.config/discord/0.0.71/modules/pending/discord_zstd-1.zip: 69%
2024-10-11T15:38:46.417Z [Modules] Streaming discord_zstd@1 to /home/arch/.config/discord/0.0.71/modules/pending/discord_zstd-1.zip: 70%
2024-10-11T15:38:46.420Z [Modules] Streaming discord_zstd@1 to /home/arch/.config/discord/0.0.71/modules/pending/discord_zstd-1.zip: 71%
2024-10-11T15:38:46.420Z [Modules] Streaming discord_zstd@1 to /home/arch/.config/discord/0.0.71/modules/pending/discord_zstd-1.zip: 72%
2024-10-11T15:38:46.421Z [Modules] Streaming discord_zstd@1 to /home/arch/.config/discord/0.0.71/modules/pending/discord_zstd-1.zip: 73%
2024-10-11T15:38:46.421Z [Modules] Streaming discord_zstd@1 to /home/arch/.config/discord/0.0.71/modules/pending/discord_zstd-1.zip: 74%
2024-10-11T15:38:46.421Z [Modules] Streaming discord_zstd@1 to /home/arch/.config/discord/0.0.71/modules/pending/discord_zstd-1.zip: 75%
2024-10-11T15:38:46.423Z [Modules] Streaming discord_zstd@1 to /home/arch/.config/discord/0.0.71/modules/pending/discord_zstd-1.zip: 76%
2024-10-11T15:38:46.424Z [Modules] Streaming discord_zstd@1 to /home/arch/.config/discord/0.0.71/modules/pending/discord_zstd-1.zip: 77%
2024-10-11T15:38:46.424Z [Modules] Streaming discord_zstd@1 to /home/arch/.config/discord/0.0.71/modules/pending/discord_zstd-1.zip: 78%
2024-10-11T15:38:46.425Z [Modules] Streaming discord_zstd@1 to /home/arch/.config/discord/0.0.71/modules/pending/discord_zstd-1.zip: 79%
2024-10-11T15:38:46.426Z [Modules] Streaming discord_zstd@1 to /home/arch/.config/discord/0.0.71/modules/pending/discord_zstd-1.zip: 80%
2024-10-11T15:38:46.426Z [Modules] Streaming discord_zstd@1 to /home/arch/.config/discord/0.0.71/modules/pending/discord_zstd-1.zip: 81%
2024-10-11T15:38:46.427Z [Modules] Streaming discord_zstd@1 to /home/arch/.config/discord/0.0.71/modules/pending/discord_zstd-1.zip: 82%
2024-10-11T15:38:46.427Z [Modules] Streaming discord_zstd@1 to /home/arch/.config/discord/0.0.71/modules/pending/discord_zstd-1.zip: 83%
2024-10-11T15:38:46.430Z [Modules] Streaming discord_zstd@1 to /home/arch/.config/discord/0.0.71/modules/pending/discord_zstd-1.zip: 84%
2024-10-11T15:38:46.431Z [Modules] Streaming discord_zstd@1 to /home/arch/.config/discord/0.0.71/modules/pending/discord_zstd-1.zip: 85%
2024-10-11T15:38:46.431Z [Modules] Streaming discord_zstd@1 to /home/arch/.config/discord/0.0.71/modules/pending/discord_zstd-1.zip: 86%
2024-10-11T15:38:46.431Z [Modules] Streaming discord_zstd@1 to /home/arch/.config/discord/0.0.71/modules/pending/discord_zstd-1.zip: 87%
2024-10-11T15:38:46.432Z [Modules] Streaming discord_zstd@1 to /home/arch/.config/discord/0.0.71/modules/pending/discord_zstd-1.zip: 88%
2024-10-11T15:38:46.433Z [Modules] Streaming discord_zstd@1 to /home/arch/.config/discord/0.0.71/modules/pending/discord_zstd-1.zip: 89%
2024-10-11T15:38:46.433Z [Modules] Streaming discord_zstd@1 to /home/arch/.config/discord/0.0.71/modules/pending/discord_zstd-1.zip: 90%
2024-10-11T15:38:46.434Z [Modules] Streaming discord_zstd@1 to /home/arch/.config/discord/0.0.71/modules/pending/discord_zstd-1.zip: 91%
2024-10-11T15:38:46.435Z [Modules] Streaming discord_zstd@1 to /home/arch/.config/discord/0.0.71/modules/pending/discord_zstd-1.zip: 92%
2024-10-11T15:38:46.438Z [Modules] Streaming discord_zstd@1 to /home/arch/.config/discord/0.0.71/modules/pending/discord_zstd-1.zip: 93%
2024-10-11T15:38:46.438Z [Modules] Streaming discord_zstd@1 to /home/arch/.config/discord/0.0.71/modules/pending/discord_zstd-1.zip: 94%
2024-10-11T15:38:46.439Z [Modules] Streaming discord_zstd@1 to /home/arch/.config/discord/0.0.71/modules/pending/discord_zstd-1.zip: 95%
2024-10-11T15:38:46.439Z [Modules] Streaming discord_zstd@1 to /home/arch/.config/discord/0.0.71/modules/pending/discord_zstd-1.zip: 96%
2024-10-11T15:38:46.440Z [Modules] Streaming discord_zstd@1 to /home/arch/.config/discord/0.0.71/modules/pending/discord_zstd-1.zip: 97%
2024-10-11T15:38:46.440Z [Modules] Streaming discord_zstd@1 to /home/arch/.config/discord/0.0.71/modules/pending/discord_zstd-1.zip: 98%
2024-10-11T15:38:46.441Z [Modules] Streaming discord_zstd@1 to /home/arch/.config/discord/0.0.71/modules/pending/discord_zstd-1.zip: 99%
2024-10-11T15:38:46.442Z [Modules] Streaming discord_zstd@1 to /home/arch/.config/discord/0.0.71/modules/pending/discord_zstd-1.zip: 100%
2024-10-11T15:38:46.442Z [Modules] Finished module downloads. [success: 6] [failure: 0]
2024-10-11T15:38:46.443Z [Modules] Installing updates...
2024-10-11T15:38:46.443Z [Modules] Installing discord_desktop_core@1 from /home/arch/.config/discord/0.0.71/modules/pending/discord_desktop_core-1.zip
2024-10-11T15:38:46.493Z [Modules] Installing discord_erlpack@1 from /home/arch/.config/discord/0.0.71/modules/pending/discord_erlpack-1.zip
2024-10-11T15:38:46.528Z [Modules] Installing discord_spellcheck@1 from /home/arch/.config/discord/0.0.71/modules/pending/discord_spellcheck-1.zip
2024-10-11T15:38:46.884Z [Modules] Installing discord_utils@1 from /home/arch/.config/discord/0.0.71/modules/pending/discord_utils-1.zip
2024-10-11T15:38:46.963Z [Modules] Installing discord_voice@1 from /home/arch/.config/discord/0.0.71/modules/pending/discord_voice-1.zip
2024-10-11T15:38:47.280Z [Modules] Installing discord_zstd@1 from /home/arch/.config/discord/0.0.71/modules/pending/discord_zstd-1.zip
2024-10-11T15:38:47.286Z [Modules] Finished module installations. [success: 6] [failure: 0]
2024-10-11T15:38:47.286Z [Modules] Checking for host updates.
2024-10-11T15:38:47.497Z [Modules] Host is up to date.
2024-10-11T15:38:47.497Z [Modules] Checking for module updates at https://discord.com/api/modules/stable/versions.json
2024-10-11T15:38:47.499Z [Modules] No module updates available.
2024-10-11T15:38:48.570Z [Modules] Starting to install discord_game_utils...
2024-10-11T15:38:48.571Z [Modules] Fetching discord_game_utils@1 from https://discord.com/api/modules/stable/discord_game_utils/1
2024-10-11T15:38:48.571Z [Modules] Streaming discord_game_utils@1 to /home/arch/.config/discord/0.0.71/modules/pending/discord_game_utils-1.zip
2024-10-11T15:38:48.572Z [Modules] Starting to install discord_krisp...
2024-10-11T15:38:48.801Z [Modules] Streaming discord_game_utils@1 to /home/arch/.config/discord/0.0.71/modules/pending/discord_game_utils-1.zip: 1%
2024-10-11T15:38:48.807Z [Modules] Streaming discord_game_utils@1 to /home/arch/.config/discord/0.0.71/modules/pending/discord_game_utils-1.zip: 2%
2024-10-11T15:38:48.809Z [Modules] Streaming discord_game_utils@1 to /home/arch/.config/discord/0.0.71/modules/pending/discord_game_utils-1.zip: 3%
2024-10-11T15:38:48.811Z [Modules] Streaming discord_game_utils@1 to /home/arch/.config/discord/0.0.71/modules/pending/discord_game_utils-1.zip: 4%
2024-10-11T15:38:48.813Z [Modules] Streaming discord_game_utils@1 to /home/arch/.config/discord/0.0.71/modules/pending/discord_game_utils-1.zip: 5%
2024-10-11T15:38:48.815Z [Modules] Streaming discord_game_utils@1 to /home/arch/.config/discord/0.0.71/modules/pending/discord_game_utils-1.zip: 6%
2024-10-11T15:38:48.817Z [Modules] Streaming discord_game_utils@1 to /home/arch/.config/discord/0.0.71/modules/pending/discord_game_utils-1.zip: 7%
2024-10-11T15:38:48.821Z [Modules] Streaming discord_game_utils@1 to /home/arch/.config/discord/0.0.71/modules/pending/discord_game_utils-1.zip: 8%
2024-10-11T15:38:48.823Z [Modules] Streaming discord_game_utils@1 to /home/arch/.config/discord/0.0.71/modules/pending/discord_game_utils-1.zip: 9%
2024-10-11T15:38:48.826Z [Modules] Streaming discord_game_utils@1 to /home/arch/.config/discord/0.0.71/modules/pending/discord_game_utils-1.zip: 10%
2024-10-11T15:38:48.828Z [Modules] Streaming discord_game_utils@1 to /home/arch/.config/discord/0.0.71/modules/pending/discord_game_utils-1.zip: 11%
2024-10-11T15:38:48.837Z [Modules] Streaming discord_game_utils@1 to /home/arch/.config/discord/0.0.71/modules/pending/discord_game_utils-1.zip: 12%
2024-10-11T15:38:48.851Z [Modules] Streaming discord_game_utils@1 to /home/arch/.config/discord/0.0.71/modules/pending/discord_game_utils-1.zip: 15%
2024-10-11T15:38:48.853Z [Modules] Streaming discord_game_utils@1 to /home/arch/.config/discord/0.0.71/modules/pending/discord_game_utils-1.zip: 16%
2024-10-11T15:38:48.858Z [Modules] Streaming discord_game_utils@1 to /home/arch/.config/discord/0.0.71/modules/pending/discord_game_utils-1.zip: 17%
2024-10-11T15:38:48.860Z [Modules] Streaming discord_game_utils@1 to /home/arch/.config/discord/0.0.71/modules/pending/discord_game_utils-1.zip: 18%
2024-10-11T15:38:48.865Z [Modules] Streaming discord_game_utils@1 to /home/arch/.config/discord/0.0.71/modules/pending/discord_game_utils-1.zip: 19%
2024-10-11T15:38:48.878Z [Modules] Streaming discord_game_utils@1 to /home/arch/.config/discord/0.0.71/modules/pending/discord_game_utils-1.zip: 20%
2024-10-11T15:38:48.878Z [Modules] Streaming discord_game_utils@1 to /home/arch/.config/discord/0.0.71/modules/pending/discord_game_utils-1.zip: 21%
2024-10-11T15:38:48.879Z [Modules] Streaming discord_game_utils@1 to /home/arch/.config/discord/0.0.71/modules/pending/discord_game_utils-1.zip: 22%
2024-10-11T15:38:48.883Z [Modules] Streaming discord_game_utils@1 to /home/arch/.config/discord/0.0.71/modules/pending/discord_game_utils-1.zip: 23%
2024-10-11T15:38:48.888Z [Modules] Streaming discord_game_utils@1 to /home/arch/.config/discord/0.0.71/modules/pending/discord_game_utils-1.zip: 24%
2024-10-11T15:38:48.893Z [Modules] Streaming discord_game_utils@1 to /home/arch/.config/discord/0.0.71/modules/pending/discord_game_utils-1.zip: 25%
2024-10-11T15:38:48.899Z [Modules] Streaming discord_game_utils@1 to /home/arch/.config/discord/0.0.71/modules/pending/discord_game_utils-1.zip: 26%
2024-10-11T15:38:48.905Z [Modules] Streaming discord_game_utils@1 to /home/arch/.config/discord/0.0.71/modules/pending/discord_game_utils-1.zip: 27%
2024-10-11T15:38:48.909Z [Modules] Streaming discord_game_utils@1 to /home/arch/.config/discord/0.0.71/modules/pending/discord_game_utils-1.zip: 28%
2024-10-11T15:38:48.911Z [Modules] Streaming discord_game_utils@1 to /home/arch/.config/discord/0.0.71/modules/pending/discord_game_utils-1.zip: 29%
2024-10-11T15:38:48.913Z [Modules] Streaming discord_game_utils@1 to /home/arch/.config/discord/0.0.71/modules/pending/discord_game_utils-1.zip: 30%
2024-10-11T15:38:48.915Z [Modules] Streaming discord_game_utils@1 to /home/arch/.config/discord/0.0.71/modules/pending/discord_game_utils-1.zip: 31%
2024-10-11T15:38:48.923Z [Modules] Streaming discord_game_utils@1 to /home/arch/.config/discord/0.0.71/modules/pending/discord_game_utils-1.zip: 32%
2024-10-11T15:38:48.927Z [Modules] Streaming discord_game_utils@1 to /home/arch/.config/discord/0.0.71/modules/pending/discord_game_utils-1.zip: 33%
2024-10-11T15:38:48.935Z [Modules] Streaming discord_game_utils@1 to /home/arch/.config/discord/0.0.71/modules/pending/discord_game_utils-1.zip: 34%
2024-10-11T15:38:48.960Z [Modules] Streaming discord_game_utils@1 to /home/arch/.config/discord/0.0.71/modules/pending/discord_game_utils-1.zip: 35%
2024-10-11T15:38:48.986Z [Modules] Streaming discord_game_utils@1 to /home/arch/.config/discord/0.0.71/modules/pending/discord_game_utils-1.zip: 36%
2024-10-11T15:38:48.991Z [Modules] Streaming discord_game_utils@1 to /home/arch/.config/discord/0.0.71/modules/pending/discord_game_utils-1.zip: 37%
2024-10-11T15:38:48.994Z [Modules] Streaming discord_game_utils@1 to /home/arch/.config/discord/0.0.71/modules/pending/discord_game_utils-1.zip: 38%
2024-10-11T15:38:49.000Z [Modules] Streaming discord_game_utils@1 to /home/arch/.config/discord/0.0.71/modules/pending/discord_game_utils-1.zip: 39%
2024-10-11T15:38:49.005Z [Modules] Streaming discord_game_utils@1 to /home/arch/.config/discord/0.0.71/modules/pending/discord_game_utils-1.zip: 40%
2024-10-11T15:38:49.011Z [Modules] Streaming discord_game_utils@1 to /home/arch/.config/discord/0.0.71/modules/pending/discord_game_utils-1.zip: 41%
2024-10-11T15:38:49.014Z [Modules] Streaming discord_game_utils@1 to /home/arch/.config/discord/0.0.71/modules/pending/discord_game_utils-1.zip: 42%
2024-10-11T15:38:49.017Z [Modules] Streaming discord_game_utils@1 to /home/arch/.config/discord/0.0.71/modules/pending/discord_game_utils-1.zip: 43%
2024-10-11T15:38:49.095Z [Modules] Streaming discord_game_utils@1 to /home/arch/.config/discord/0.0.71/modules/pending/discord_game_utils-1.zip: 44%
2024-10-11T15:38:49.335Z [Modules] Streaming discord_game_utils@1 to /home/arch/.config/discord/0.0.71/modules/pending/discord_game_utils-1.zip: 45%
2024-10-11T15:38:49.341Z [Modules] Streaming discord_game_utils@1 to /home/arch/.config/discord/0.0.71/modules/pending/discord_game_utils-1.zip: 46%
2024-10-11T15:38:49.344Z [Modules] Streaming discord_game_utils@1 to /home/arch/.config/discord/0.0.71/modules/pending/discord_game_utils-1.zip: 47%
2024-10-11T15:38:49.350Z [Modules] Streaming discord_game_utils@1 to /home/arch/.config/discord/0.0.71/modules/pending/discord_game_utils-1.zip: 48%
2024-10-11T15:38:49.356Z [Modules] Streaming discord_game_utils@1 to /home/arch/.config/discord/0.0.71/modules/pending/discord_game_utils-1.zip: 49%
2024-10-11T15:38:49.366Z [Modules] Streaming discord_game_utils@1 to /home/arch/.config/discord/0.0.71/modules/pending/discord_game_utils-1.zip: 50%
2024-10-11T15:38:49.366Z [Modules] Streaming discord_game_utils@1 to /home/arch/.config/discord/0.0.71/modules/pending/discord_game_utils-1.zip: 51%
2024-10-11T15:38:49.368Z [Modules] Streaming discord_game_utils@1 to /home/arch/.config/discord/0.0.71/modules/pending/discord_game_utils-1.zip: 52%
2024-10-11T15:38:49.371Z [Modules] Streaming discord_game_utils@1 to /home/arch/.config/discord/0.0.71/modules/pending/discord_game_utils-1.zip: 53%
2024-10-11T15:38:49.374Z [Modules] Streaming discord_game_utils@1 to /home/arch/.config/discord/0.0.71/modules/pending/discord_game_utils-1.zip: 54%
2024-10-11T15:38:49.377Z [Modules] Streaming discord_game_utils@1 to /home/arch/.config/discord/0.0.71/modules/pending/discord_game_utils-1.zip: 55%
2024-10-11T15:38:49.382Z [Modules] Streaming discord_game_utils@1 to /home/arch/.config/discord/0.0.71/modules/pending/discord_game_utils-1.zip: 56%
2024-10-11T15:38:49.385Z [Modules] Streaming discord_game_utils@1 to /home/arch/.config/discord/0.0.71/modules/pending/discord_game_utils-1.zip: 57%
2024-10-11T15:38:49.404Z [Modules] Streaming discord_game_utils@1 to /home/arch/.config/discord/0.0.71/modules/pending/discord_game_utils-1.zip: 58%
2024-10-11T15:38:49.408Z [Modules] Streaming discord_game_utils@1 to /home/arch/.config/discord/0.0.71/modules/pending/discord_game_utils-1.zip: 59%
2024-10-11T15:38:49.411Z [Modules] Streaming discord_game_utils@1 to /home/arch/.config/discord/0.0.71/modules/pending/discord_game_utils-1.zip: 60%
2024-10-11T15:38:49.415Z [Modules] Streaming discord_game_utils@1 to /home/arch/.config/discord/0.0.71/modules/pending/discord_game_utils-1.zip: 61%
2024-10-11T15:38:49.418Z [Modules] Streaming discord_game_utils@1 to /home/arch/.config/discord/0.0.71/modules/pending/discord_game_utils-1.zip: 62%
2024-10-11T15:38:49.421Z [Modules] Streaming discord_game_utils@1 to /home/arch/.config/discord/0.0.71/modules/pending/discord_game_utils-1.zip: 63%
2024-10-11T15:38:49.424Z [Modules] Streaming discord_game_utils@1 to /home/arch/.config/discord/0.0.71/modules/pending/discord_game_utils-1.zip: 64%
2024-10-11T15:38:49.427Z [Modules] Streaming discord_game_utils@1 to /home/arch/.config/discord/0.0.71/modules/pending/discord_game_utils-1.zip: 65%
2024-10-11T15:38:49.430Z [Modules] Streaming discord_game_utils@1 to /home/arch/.config/discord/0.0.71/modules/pending/discord_game_utils-1.zip: 66%
2024-10-11T15:38:49.433Z [Modules] Streaming discord_game_utils@1 to /home/arch/.config/discord/0.0.71/modules/pending/discord_game_utils-1.zip: 67%
2024-10-11T15:38:49.436Z [Modules] Streaming discord_game_utils@1 to /home/arch/.config/discord/0.0.71/modules/pending/discord_game_utils-1.zip: 68%
2024-10-11T15:38:49.439Z [Modules] Streaming discord_game_utils@1 to /home/arch/.config/discord/0.0.71/modules/pending/discord_game_utils-1.zip: 69%
2024-10-11T15:38:49.442Z [Modules] Streaming discord_game_utils@1 to /home/arch/.config/discord/0.0.71/modules/pending/discord_game_utils-1.zip: 70%
2024-10-11T15:38:49.446Z [Modules] Streaming discord_game_utils@1 to /home/arch/.config/discord/0.0.71/modules/pending/discord_game_utils-1.zip: 71%
2024-10-11T15:38:49.448Z [Modules] Streaming discord_game_utils@1 to /home/arch/.config/discord/0.0.71/modules/pending/discord_game_utils-1.zip: 72%
2024-10-11T15:38:49.449Z [Modules] Checking for host updates.
2024-10-11T15:38:49.451Z [Modules] Streaming discord_game_utils@1 to /home/arch/.config/discord/0.0.71/modules/pending/discord_game_utils-1.zip: 73%
2024-10-11T15:38:49.454Z [Modules] Streaming discord_game_utils@1 to /home/arch/.config/discord/0.0.71/modules/pending/discord_game_utils-1.zip: 74%
2024-10-11T15:38:49.457Z [Modules] Streaming discord_game_utils@1 to /home/arch/.config/discord/0.0.71/modules/pending/discord_game_utils-1.zip: 75%
2024-10-11T15:38:49.460Z [Modules] Streaming discord_game_utils@1 to /home/arch/.config/discord/0.0.71/modules/pending/discord_game_utils-1.zip: 76%
2024-10-11T15:38:49.463Z [Modules] Streaming discord_game_utils@1 to /home/arch/.config/discord/0.0.71/modules/pending/discord_game_utils-1.zip: 77%
2024-10-11T15:38:49.465Z [Modules] Streaming discord_game_utils@1 to /home/arch/.config/discord/0.0.71/modules/pending/discord_game_utils-1.zip: 78%
2024-10-11T15:38:49.468Z [Modules] Streaming discord_game_utils@1 to /home/arch/.config/discord/0.0.71/modules/pending/discord_game_utils-1.zip: 79%
2024-10-11T15:38:49.470Z [Modules] Streaming discord_game_utils@1 to /home/arch/.config/discord/0.0.71/modules/pending/discord_game_utils-1.zip: 80%
2024-10-11T15:38:49.472Z [Modules] Streaming discord_game_utils@1 to /home/arch/.config/discord/0.0.71/modules/pending/discord_game_utils-1.zip: 81%
2024-10-11T15:38:49.475Z [Modules] Streaming discord_game_utils@1 to /home/arch/.config/discord/0.0.71/modules/pending/discord_game_utils-1.zip: 82%
2024-10-11T15:38:49.477Z [Modules] Streaming discord_game_utils@1 to /home/arch/.config/discord/0.0.71/modules/pending/discord_game_utils-1.zip: 83%
2024-10-11T15:38:49.479Z [Modules] Streaming discord_game_utils@1 to /home/arch/.config/discord/0.0.71/modules/pending/discord_game_utils-1.zip: 84%
2024-10-11T15:38:49.481Z [Modules] Streaming discord_game_utils@1 to /home/arch/.config/discord/0.0.71/modules/pending/discord_game_utils-1.zip: 85%
2024-10-11T15:38:49.483Z [Modules] Streaming discord_game_utils@1 to /home/arch/.config/discord/0.0.71/modules/pending/discord_game_utils-1.zip: 86%
2024-10-11T15:38:49.485Z [Modules] Streaming discord_game_utils@1 to /home/arch/.config/discord/0.0.71/modules/pending/discord_game_utils-1.zip: 87%
2024-10-11T15:38:49.488Z [Modules] Streaming discord_game_utils@1 to /home/arch/.config/discord/0.0.71/modules/pending/discord_game_utils-1.zip: 88%
2024-10-11T15:38:49.490Z [Modules] Streaming discord_game_utils@1 to /home/arch/.config/discord/0.0.71/modules/pending/discord_game_utils-1.zip: 89%
2024-10-11T15:38:49.492Z [Modules] Streaming discord_game_utils@1 to /home/arch/.config/discord/0.0.71/modules/pending/discord_game_utils-1.zip: 90%
2024-10-11T15:38:49.494Z [Modules] Streaming discord_game_utils@1 to /home/arch/.config/discord/0.0.71/modules/pending/discord_game_utils-1.zip: 91%
2024-10-11T15:38:49.496Z [Modules] Streaming discord_game_utils@1 to /home/arch/.config/discord/0.0.71/modules/pending/discord_game_utils-1.zip: 92%
2024-10-11T15:38:49.498Z [Modules] Streaming discord_game_utils@1 to /home/arch/.config/discord/0.0.71/modules/pending/discord_game_utils-1.zip: 93%
2024-10-11T15:38:49.502Z [Modules] Streaming discord_game_utils@1 to /home/arch/.config/discord/0.0.71/modules/pending/discord_game_utils-1.zip: 94%
2024-10-11T15:38:49.505Z [Modules] Streaming discord_game_utils@1 to /home/arch/.config/discord/0.0.71/modules/pending/discord_game_utils-1.zip: 95%
2024-10-11T15:38:49.508Z [Modules] Streaming discord_game_utils@1 to /home/arch/.config/discord/0.0.71/modules/pending/discord_game_utils-1.zip: 96%
2024-10-11T15:38:49.512Z [Modules] Streaming discord_game_utils@1 to /home/arch/.config/discord/0.0.71/modules/pending/discord_game_utils-1.zip: 97%
2024-10-11T15:38:49.515Z [Modules] Streaming discord_game_utils@1 to /home/arch/.config/discord/0.0.71/modules/pending/discord_game_utils-1.zip: 98%
2024-10-11T15:38:49.517Z [Modules] Streaming discord_game_utils@1 to /home/arch/.config/discord/0.0.71/modules/pending/discord_game_utils-1.zip: 99%
2024-10-11T15:38:49.521Z [Modules] Streaming discord_game_utils@1 to /home/arch/.config/discord/0.0.71/modules/pending/discord_game_utils-1.zip: 100%
2024-10-11T15:38:49.522Z [Modules] Fetching discord_krisp@1 from https://discord.com/api/modules/stable/discord_krisp/1
2024-10-11T15:38:49.522Z [Modules] Streaming discord_krisp@1 to /home/arch/.config/discord/0.0.71/modules/pending/discord_krisp-1.zip
2024-10-11T15:38:49.522Z [Modules] Installing discord_game_utils@1 from /home/arch/.config/discord/0.0.71/modules/pending/discord_game_utils-1.zip
2024-10-11T15:38:49.535Z [Modules] Starting to install discord_rpc...
2024-10-11T15:38:49.566Z [Modules] Finished module installations. [success: 1] [failure: 0]
2024-10-11T15:38:49.699Z [Modules] Host is up to date.
2024-10-11T15:38:49.699Z [Modules] Checking for module updates at https://discord.com/api/modules/stable/versions.json
2024-10-11T15:38:49.701Z [Modules] No module updates available.
2024-10-11T15:38:49.770Z [Modules] Streaming discord_krisp@1 to /home/arch/.config/discord/0.0.71/modules/pending/discord_krisp-1.zip: 1%
2024-10-11T15:38:49.795Z [Modules] Streaming discord_krisp@1 to /home/arch/.config/discord/0.0.71/modules/pending/discord_krisp-1.zip: 2%
2024-10-11T15:38:49.822Z [Modules] Streaming discord_krisp@1 to /home/arch/.config/discord/0.0.71/modules/pending/discord_krisp-1.zip: 3%
2024-10-11T15:38:49.842Z [Modules] Streaming discord_krisp@1 to /home/arch/.config/discord/0.0.71/modules/pending/discord_krisp-1.zip: 4%
2024-10-11T15:38:49.874Z [Modules] Streaming discord_krisp@1 to /home/arch/.config/discord/0.0.71/modules/pending/discord_krisp-1.zip: 5%
2024-10-11T15:38:49.895Z [Modules] Streaming discord_krisp@1 to /home/arch/.config/discord/0.0.71/modules/pending/discord_krisp-1.zip: 6%
2024-10-11T15:38:49.937Z [Modules] Streaming discord_krisp@1 to /home/arch/.config/discord/0.0.71/modules/pending/discord_krisp-1.zip: 7%
2024-10-11T15:38:49.971Z [Modules] Streaming discord_krisp@1 to /home/arch/.config/discord/0.0.71/modules/pending/discord_krisp-1.zip: 8%
2024-10-11T15:38:49.991Z [Modules] Streaming discord_krisp@1 to /home/arch/.config/discord/0.0.71/modules/pending/discord_krisp-1.zip: 9%
2024-10-11T15:38:50.011Z [Modules] Streaming discord_krisp@1 to /home/arch/.config/discord/0.0.71/modules/pending/discord_krisp-1.zip: 10%
2024-10-11T15:38:50.032Z [Modules] Streaming discord_krisp@1 to /home/arch/.config/discord/0.0.71/modules/pending/discord_krisp-1.zip: 11%
2024-10-11T15:38:50.052Z [Modules] Streaming discord_krisp@1 to /home/arch/.config/discord/0.0.71/modules/pending/discord_krisp-1.zip: 12%
2024-10-11T15:38:50.071Z [Modules] Streaming discord_krisp@1 to /home/arch/.config/discord/0.0.71/modules/pending/discord_krisp-1.zip: 13%
2024-10-11T15:38:50.093Z [Modules] Streaming discord_krisp@1 to /home/arch/.config/discord/0.0.71/modules/pending/discord_krisp-1.zip: 14%
2024-10-11T15:38:50.113Z [Modules] Streaming discord_krisp@1 to /home/arch/.config/discord/0.0.71/modules/pending/discord_krisp-1.zip: 15%
2024-10-11T15:38:50.133Z [Modules] Streaming discord_krisp@1 to /home/arch/.config/discord/0.0.71/modules/pending/discord_krisp-1.zip: 16%
2024-10-11T15:38:50.160Z [Modules] Streaming discord_krisp@1 to /home/arch/.config/discord/0.0.71/modules/pending/discord_krisp-1.zip: 17%
2024-10-11T15:38:50.189Z [Modules] Streaming discord_krisp@1 to /home/arch/.config/discord/0.0.71/modules/pending/discord_krisp-1.zip: 18%
2024-10-11T15:38:50.218Z [Modules] Streaming discord_krisp@1 to /home/arch/.config/discord/0.0.71/modules/pending/discord_krisp-1.zip: 19%
2024-10-11T15:38:50.238Z [Modules] Streaming discord_krisp@1 to /home/arch/.config/discord/0.0.71/modules/pending/discord_krisp-1.zip: 20%
2024-10-11T15:38:50.283Z [Modules] Streaming discord_krisp@1 to /home/arch/.config/discord/0.0.71/modules/pending/discord_krisp-1.zip: 21%
2024-10-11T15:38:50.321Z [Modules] Streaming discord_krisp@1 to /home/arch/.config/discord/0.0.71/modules/pending/discord_krisp-1.zip: 22%
2024-10-11T15:38:50.355Z [Modules] Streaming discord_krisp@1 to /home/arch/.config/discord/0.0.71/modules/pending/discord_krisp-1.zip: 23%
2024-10-11T15:38:50.398Z [Modules] Streaming discord_krisp@1 to /home/arch/.config/discord/0.0.71/modules/pending/discord_krisp-1.zip: 24%
2024-10-11T15:38:50.429Z [Modules] Streaming discord_krisp@1 to /home/arch/.config/discord/0.0.71/modules/pending/discord_krisp-1.zip: 25%
2024-10-11T15:38:50.471Z [Modules] Streaming discord_krisp@1 to /home/arch/.config/discord/0.0.71/modules/pending/discord_krisp-1.zip: 26%
2024-10-11T15:38:50.505Z [Modules] Streaming discord_krisp@1 to /home/arch/.config/discord/0.0.71/modules/pending/discord_krisp-1.zip: 27%
2024-10-11T15:38:50.542Z [Modules] Streaming discord_krisp@1 to /home/arch/.config/discord/0.0.71/modules/pending/discord_krisp-1.zip: 28%
2024-10-11T15:38:50.574Z [Modules] Streaming discord_krisp@1 to /home/arch/.config/discord/0.0.71/modules/pending/discord_krisp-1.zip: 29%
2024-10-11T15:38:50.616Z [Modules] Streaming discord_krisp@1 to /home/arch/.config/discord/0.0.71/modules/pending/discord_krisp-1.zip: 30%
2024-10-11T15:38:50.656Z [Modules] Streaming discord_krisp@1 to /home/arch/.config/discord/0.0.71/modules/pending/discord_krisp-1.zip: 31%
2024-10-11T15:38:50.694Z [Modules] Streaming discord_krisp@1 to /home/arch/.config/discord/0.0.71/modules/pending/discord_krisp-1.zip: 32%
2024-10-11T15:38:50.719Z [Modules] Streaming discord_krisp@1 to /home/arch/.config/discord/0.0.71/modules/pending/discord_krisp-1.zip: 33%
2024-10-11T15:38:50.765Z [Modules] Streaming discord_krisp@1 to /home/arch/.config/discord/0.0.71/modules/pending/discord_krisp-1.zip: 34%
2024-10-11T15:38:50.804Z [Modules] Streaming discord_krisp@1 to /home/arch/.config/discord/0.0.71/modules/pending/discord_krisp-1.zip: 35%
2024-10-11T15:38:50.837Z [Modules] Streaming discord_krisp@1 to /home/arch/.config/discord/0.0.71/modules/pending/discord_krisp-1.zip: 36%
2024-10-11T15:38:50.864Z [Modules] Streaming discord_krisp@1 to /home/arch/.config/discord/0.0.71/modules/pending/discord_krisp-1.zip: 37%
2024-10-11T15:38:50.910Z [Modules] Streaming discord_krisp@1 to /home/arch/.config/discord/0.0.71/modules/pending/discord_krisp-1.zip: 38%
2024-10-11T15:38:50.954Z [Modules] Streaming discord_krisp@1 to /home/arch/.config/discord/0.0.71/modules/pending/discord_krisp-1.zip: 39%
2024-10-11T15:38:50.990Z [Modules] Streaming discord_krisp@1 to /home/arch/.config/discord/0.0.71/modules/pending/discord_krisp-1.zip: 40%
2024-10-11T15:38:51.032Z [Modules] Streaming discord_krisp@1 to /home/arch/.config/discord/0.0.71/modules/pending/discord_krisp-1.zip: 41%
2024-10-11T15:38:51.076Z [Modules] Streaming discord_krisp@1 to /home/arch/.config/discord/0.0.71/modules/pending/discord_krisp-1.zip: 42%
2024-10-11T15:38:51.115Z [Modules] Streaming discord_krisp@1 to /home/arch/.config/discord/0.0.71/modules/pending/discord_krisp-1.zip: 43%
2024-10-11T15:38:51.158Z [Modules] Streaming discord_krisp@1 to /home/arch/.config/discord/0.0.71/modules/pending/discord_krisp-1.zip: 44%
2024-10-11T15:38:51.192Z [Modules] Streaming discord_krisp@1 to /home/arch/.config/discord/0.0.71/modules/pending/discord_krisp-1.zip: 45%
2024-10-11T15:38:51.231Z [Modules] Streaming discord_krisp@1 to /home/arch/.config/discord/0.0.71/modules/pending/discord_krisp-1.zip: 46%
2024-10-11T15:38:51.272Z [Modules] Streaming discord_krisp@1 to /home/arch/.config/discord/0.0.71/modules/pending/discord_krisp-1.zip: 47%
2024-10-11T15:38:51.312Z [Modules] Streaming discord_krisp@1 to /home/arch/.config/discord/0.0.71/modules/pending/discord_krisp-1.zip: 48%
2024-10-11T15:38:51.354Z [Modules] Streaming discord_krisp@1 to /home/arch/.config/discord/0.0.71/modules/pending/discord_krisp-1.zip: 49%
2024-10-11T15:38:51.393Z [Modules] Streaming discord_krisp@1 to /home/arch/.config/discord/0.0.71/modules/pending/discord_krisp-1.zip: 50%
2024-10-11T15:38:51.452Z [Modules] Streaming discord_krisp@1 to /home/arch/.config/discord/0.0.71/modules/pending/discord_krisp-1.zip: 51%
2024-10-11T15:38:51.503Z [Modules] Streaming discord_krisp@1 to /home/arch/.config/discord/0.0.71/modules/pending/discord_krisp-1.zip: 52%
2024-10-11T15:38:51.538Z [Modules] Streaming discord_krisp@1 to /home/arch/.config/discord/0.0.71/modules/pending/discord_krisp-1.zip: 53%
2024-10-11T15:38:51.574Z [Modules] Streaming discord_krisp@1 to /home/arch/.config/discord/0.0.71/modules/pending/discord_krisp-1.zip: 54%
2024-10-11T15:38:51.613Z [Modules] Streaming discord_krisp@1 to /home/arch/.config/discord/0.0.71/modules/pending/discord_krisp-1.zip: 55%
2024-10-11T15:38:51.659Z [Modules] Streaming discord_krisp@1 to /home/arch/.config/discord/0.0.71/modules/pending/discord_krisp-1.zip: 56%
2024-10-11T15:38:51.692Z [Modules] Streaming discord_krisp@1 to /home/arch/.config/discord/0.0.71/modules/pending/discord_krisp-1.zip: 57%
2024-10-11T15:38:51.730Z [Modules] Streaming discord_krisp@1 to /home/arch/.config/discord/0.0.71/modules/pending/discord_krisp-1.zip: 58%
2024-10-11T15:38:51.754Z [Modules] Streaming discord_krisp@1 to /home/arch/.config/discord/0.0.71/modules/pending/discord_krisp-1.zip: 59%
2024-10-11T15:38:51.788Z [Modules] Streaming discord_krisp@1 to /home/arch/.config/discord/0.0.71/modules/pending/discord_krisp-1.zip: 60%
2024-10-11T15:38:51.812Z [Modules] Streaming discord_krisp@1 to /home/arch/.config/discord/0.0.71/modules/pending/discord_krisp-1.zip: 61%
2024-10-11T15:38:51.855Z [Modules] Streaming discord_krisp@1 to /home/arch/.config/discord/0.0.71/modules/pending/discord_krisp-1.zip: 62%
2024-10-11T15:38:51.882Z [Modules] Streaming discord_krisp@1 to /home/arch/.config/discord/0.0.71/modules/pending/discord_krisp-1.zip: 63%
2024-10-11T15:38:51.901Z [Modules] Streaming discord_krisp@1 to /home/arch/.config/discord/0.0.71/modules/pending/discord_krisp-1.zip: 64%
2024-10-11T15:38:51.921Z [Modules] Streaming discord_krisp@1 to /home/arch/.config/discord/0.0.71/modules/pending/discord_krisp-1.zip: 65%
2024-10-11T15:38:51.942Z [Modules] Streaming discord_krisp@1 to /home/arch/.config/discord/0.0.71/modules/pending/discord_krisp-1.zip: 66%
2024-10-11T15:38:51.962Z [Modules] Streaming discord_krisp@1 to /home/arch/.config/discord/0.0.71/modules/pending/discord_krisp-1.zip: 67%
2024-10-11T15:38:51.984Z [Modules] Streaming discord_krisp@1 to /home/arch/.config/discord/0.0.71/modules/pending/discord_krisp-1.zip: 68%
2024-10-11T15:38:52.004Z [Modules] Streaming discord_krisp@1 to /home/arch/.config/discord/0.0.71/modules/pending/discord_krisp-1.zip: 69%
2024-10-11T15:38:52.024Z [Modules] Streaming discord_krisp@1 to /home/arch/.config/discord/0.0.71/modules/pending/discord_krisp-1.zip: 70%
2024-10-11T15:38:52.044Z [Modules] Streaming discord_krisp@1 to /home/arch/.config/discord/0.0.71/modules/pending/discord_krisp-1.zip: 71%
2024-10-11T15:38:52.064Z [Modules] Streaming discord_krisp@1 to /home/arch/.config/discord/0.0.71/modules/pending/discord_krisp-1.zip: 72%
2024-10-11T15:38:52.084Z [Modules] Streaming discord_krisp@1 to /home/arch/.config/discord/0.0.71/modules/pending/discord_krisp-1.zip: 73%
2024-10-11T15:38:52.103Z [Modules] Streaming discord_krisp@1 to /home/arch/.config/discord/0.0.71/modules/pending/discord_krisp-1.zip: 74%
2024-10-11T15:38:52.123Z [Modules] Streaming discord_krisp@1 to /home/arch/.config/discord/0.0.71/modules/pending/discord_krisp-1.zip: 75%
2024-10-11T15:38:52.143Z [Modules] Streaming discord_krisp@1 to /home/arch/.config/discord/0.0.71/modules/pending/discord_krisp-1.zip: 76%
2024-10-11T15:38:52.179Z [Modules] Streaming discord_krisp@1 to /home/arch/.config/discord/0.0.71/modules/pending/discord_krisp-1.zip: 77%
2024-10-11T15:38:52.209Z [Modules] Streaming discord_krisp@1 to /home/arch/.config/discord/0.0.71/modules/pending/discord_krisp-1.zip: 78%
2024-10-11T15:38:52.238Z [Modules] Streaming discord_krisp@1 to /home/arch/.config/discord/0.0.71/modules/pending/discord_krisp-1.zip: 79%
2024-10-11T15:38:52.290Z [Modules] Streaming discord_krisp@1 to /home/arch/.config/discord/0.0.71/modules/pending/discord_krisp-1.zip: 80%
2024-10-11T15:38:52.298Z [Modules] Streaming discord_krisp@1 to /home/arch/.config/discord/0.0.71/modules/pending/discord_krisp-1.zip: 81%
2024-10-11T15:38:52.334Z [Modules] Streaming discord_krisp@1 to /home/arch/.config/discord/0.0.71/modules/pending/discord_krisp-1.zip: 82%
2024-10-11T15:38:52.366Z [Modules] Streaming discord_krisp@1 to /home/arch/.config/discord/0.0.71/modules/pending/discord_krisp-1.zip: 83%
2024-10-11T15:38:52.414Z [Modules] Streaming discord_krisp@1 to /home/arch/.config/discord/0.0.71/modules/pending/discord_krisp-1.zip: 84%
2024-10-11T15:38:52.445Z [Modules] Streaming discord_krisp@1 to /home/arch/.config/discord/0.0.71/modules/pending/discord_krisp-1.zip: 85%
2024-10-11T15:38:52.548Z [Modules] Streaming discord_krisp@1 to /home/arch/.config/discord/0.0.71/modules/pending/discord_krisp-1.zip: 86%
2024-10-11T15:38:52.590Z [Modules] Streaming discord_krisp@1 to /home/arch/.config/discord/0.0.71/modules/pending/discord_krisp-1.zip: 87%
2024-10-11T15:38:52.600Z [Modules] Streaming discord_krisp@1 to /home/arch/.config/discord/0.0.71/modules/pending/discord_krisp-1.zip: 88%
2024-10-11T15:38:52.627Z [Modules] Streaming discord_krisp@1 to /home/arch/.config/discord/0.0.71/modules/pending/discord_krisp-1.zip: 89%
2024-10-11T15:38:52.661Z [Modules] Streaming discord_krisp@1 to /home/arch/.config/discord/0.0.71/modules/pending/discord_krisp-1.zip: 90%
2024-10-11T15:38:52.687Z [Modules] Streaming discord_krisp@1 to /home/arch/.config/discord/0.0.71/modules/pending/discord_krisp-1.zip: 91%
2024-10-11T15:38:52.726Z [Modules] Streaming discord_krisp@1 to /home/arch/.config/discord/0.0.71/modules/pending/discord_krisp-1.zip: 92%
2024-10-11T15:38:52.759Z [Modules] Streaming discord_krisp@1 to /home/arch/.config/discord/0.0.71/modules/pending/discord_krisp-1.zip: 93%
2024-10-11T15:38:52.792Z [Modules] Streaming discord_krisp@1 to /home/arch/.config/discord/0.0.71/modules/pending/discord_krisp-1.zip: 94%
2024-10-11T15:38:52.832Z [Modules] Streaming discord_krisp@1 to /home/arch/.config/discord/0.0.71/modules/pending/discord_krisp-1.zip: 95%
2024-10-11T15:38:52.860Z [Modules] Streaming discord_krisp@1 to /home/arch/.config/discord/0.0.71/modules/pending/discord_krisp-1.zip: 96%
2024-10-11T15:38:52.898Z [Modules] Streaming discord_krisp@1 to /home/arch/.config/discord/0.0.71/modules/pending/discord_krisp-1.zip: 97%
2024-10-11T15:38:52.932Z [Modules] Streaming discord_krisp@1 to /home/arch/.config/discord/0.0.71/modules/pending/discord_krisp-1.zip: 98%
2024-10-11T15:38:52.959Z [Modules] Streaming discord_krisp@1 to /home/arch/.config/discord/0.0.71/modules/pending/discord_krisp-1.zip: 99%
2024-10-11T15:38:52.994Z [Modules] Streaming discord_krisp@1 to /home/arch/.config/discord/0.0.71/modules/pending/discord_krisp-1.zip: 100%
2024-10-11T15:38:52.994Z [Modules] Fetching discord_rpc@1 from https://discord.com/api/modules/stable/discord_rpc/1
2024-10-11T15:38:52.994Z [Modules] Streaming discord_rpc@1 to /home/arch/.config/discord/0.0.71/modules/pending/discord_rpc-1.zip
2024-10-11T15:38:52.994Z [Modules] Installing discord_krisp@1 from /home/arch/.config/discord/0.0.71/modules/pending/discord_krisp-1.zip
2024-10-11T15:38:53.229Z [Modules] Finished module installations. [success: 1] [failure: 0]
2024-10-11T15:38:53.502Z [Modules] Streaming discord_rpc@1 to /home/arch/.config/discord/0.0.71/modules/pending/discord_rpc-1.zip: 11%
2024-10-11T15:38:53.502Z [Modules] Streaming discord_rpc@1 to /home/arch/.config/discord/0.0.71/modules/pending/discord_rpc-1.zip: 14%
2024-10-11T15:38:53.502Z [Modules] Streaming discord_rpc@1 to /home/arch/.config/discord/0.0.71/modules/pending/discord_rpc-1.zip: 17%
2024-10-11T15:38:53.503Z [Modules] Streaming discord_rpc@1 to /home/arch/.config/discord/0.0.71/modules/pending/discord_rpc-1.zip: 23%
2024-10-11T15:38:53.504Z [Modules] Streaming discord_rpc@1 to /home/arch/.config/discord/0.0.71/modules/pending/discord_rpc-1.zip: 29%
2024-10-11T15:38:53.504Z [Modules] Streaming discord_rpc@1 to /home/arch/.config/discord/0.0.71/modules/pending/discord_rpc-1.zip: 35%
2024-10-11T15:38:53.504Z [Modules] Streaming discord_rpc@1 to /home/arch/.config/discord/0.0.71/modules/pending/discord_rpc-1.zip: 40%
2024-10-11T15:38:53.504Z [Modules] Streaming discord_rpc@1 to /home/arch/.config/discord/0.0.71/modules/pending/discord_rpc-1.zip: 46%
2024-10-11T15:38:53.504Z [Modules] Streaming discord_rpc@1 to /home/arch/.config/discord/0.0.71/modules/pending/discord_rpc-1.zip: 52%
2024-10-11T15:38:53.504Z [Modules] Streaming discord_rpc@1 to /home/arch/.config/discord/0.0.71/modules/pending/discord_rpc-1.zip: 58%
2024-10-11T15:38:53.505Z [Modules] Streaming discord_rpc@1 to /home/arch/.config/discord/0.0.71/modules/pending/discord_rpc-1.zip: 67%
2024-10-11T15:38:53.508Z [Modules] Streaming discord_rpc@1 to /home/arch/.config/discord/0.0.71/modules/pending/discord_rpc-1.zip: 69%
2024-10-11T15:38:53.508Z [Modules] Streaming discord_rpc@1 to /home/arch/.config/discord/0.0.71/modules/pending/discord_rpc-1.zip: 72%
2024-10-11T15:38:53.509Z [Modules] Streaming discord_rpc@1 to /home/arch/.config/discord/0.0.71/modules/pending/discord_rpc-1.zip: 84%
2024-10-11T15:38:53.509Z [Modules] Streaming discord_rpc@1 to /home/arch/.config/discord/0.0.71/modules/pending/discord_rpc-1.zip: 93%
2024-10-11T15:38:53.509Z [Modules] Streaming discord_rpc@1 to /home/arch/.config/discord/0.0.71/modules/pending/discord_rpc-1.zip: 96%
2024-10-11T15:38:53.509Z [Modules] Streaming discord_rpc@1 to /home/arch/.config/discord/0.0.71/modules/pending/discord_rpc-1.zip: 100%
2024-10-11T15:38:53.510Z [Modules] Finished module downloads. [success: 3] [failure: 0]
2024-10-11T15:38:53.510Z [Modules] Installing discord_rpc@1 from /home/arch/.config/discord/0.0.71/modules/pending/discord_rpc-1.zip
2024-10-11T15:38:53.520Z [Modules] Finished module installations. [success: 1] [failure: 0]
2024-10-11T16:01:29.843Z [Modules] Modules initializing
2024-10-11T16:01:29.843Z [Modules] Distribution: remote
2024-10-11T16:01:29.844Z [Modules] Host updates: enabled
2024-10-11T16:01:29.844Z [Modules] Module updates: enabled
2024-10-11T16:01:29.844Z [Modules] Module install path: /home/arch/.config/discord/0.0.71/modules
2024-10-11T16:01:29.844Z [Modules] Module installed file path: /home/arch/.config/discord/0.0.71/modules/installed.json
2024-10-11T16:01:29.844Z [Modules] Module download path: /home/arch/.config/discord/0.0.71/modules/pending
2024-10-11T16:01:30.050Z [Modules] No updates to install
2024-10-11T16:01:30.050Z [Modules] Checking for host updates.
2024-10-11T16:01:30.424Z [Modules] Host is up to date.
2024-10-11T16:01:30.424Z [Modules] Checking for module updates at https://discord.com/api/modules/stable/versions.json
2024-10-11T16:01:30.467Z [Modules] No module updates available.
2024-10-11T16:01:32.429Z [Modules] Checking for host updates.
2024-10-11T16:01:32.612Z [Modules] Host is up to date.
2024-10-11T16:01:32.612Z [Modules] Checking for module updates at https://discord.com/api/modules/stable/versions.json
2024-10-11T16:01:32.614Z [Modules] No module updates available.
2024-10-11T16:01:59.750Z [Modules] Modules initializing
2024-10-11T16:01:59.750Z [Modules] Distribution: remote
2024-10-11T16:01:59.750Z [Modules] Host updates: enabled
2024-10-11T16:01:59.750Z [Modules] Module updates: enabled
2024-10-11T16:01:59.750Z [Modules] Module install path: /home/arch/.config/discord/0.0.71/modules
2024-10-11T16:01:59.750Z [Modules] Module installed file path: /home/arch/.config/discord/0.0.71/modules/installed.json
2024-10-11T16:01:59.750Z [Modules] Module download path: /home/arch/.config/discord/0.0.71/modules/pending
2024-10-11T16:01:59.926Z [Modules] No updates to install
2024-10-11T16:01:59.926Z [Modules] Checking for host updates.
2024-10-11T16:02:00.201Z [Modules] Host is up to date.
2024-10-11T16:02:00.202Z [Modules] Checking for module updates at https://discord.com/api/modules/stable/versions.json
2024-10-11T16:02:00.204Z [Modules] No module updates available.
2024-10-11T16:02:01.629Z [Modules] Checking for host updates.
2024-10-11T16:02:01.837Z [Modules] Host is up to date.
2024-10-11T16:02:01.837Z [Modules] Checking for module updates at https://discord.com/api/modules/stable/versions.json
2024-10-11T16:02:01.839Z [Modules] No module updates available.
2024-10-11T17:02:01.631Z [Modules] Checking for host updates.
2024-10-11T17:02:01.834Z [Modules] Host is up to date.
2024-10-11T17:02:01.834Z [Modules] Checking for module updates at https://discord.com/api/modules/stable/versions.json
2024-10-11T17:02:01.899Z [Modules] No module updates available.
2024-10-22T13:01:22.234Z [Modules] Modules initializing
2024-10-22T13:01:22.234Z [Modules] Distribution: remote
2024-10-22T13:01:22.234Z [Modules] Host updates: enabled
2024-10-22T13:01:22.234Z [Modules] Module updates: enabled
2024-10-22T13:01:22.234Z [Modules] Module install path: /home/arch/.config/discord/0.0.72/modules
2024-10-22T13:01:22.235Z [Modules] Module installed file path: /home/arch/.config/discord/0.0.72/modules/installed.json
2024-10-22T13:01:22.235Z [Modules] Module download path: /home/arch/.config/discord/0.0.72/modules/pending
2024-10-22T13:01:22.440Z [Modules] Bootstrapping...
2024-10-22T13:01:22.441Z [Modules] Installing discord_desktop_core@0 from /opt/discord/resources/bootstrap/discord_desktop_core.zip
2024-10-22T13:01:22.441Z [Modules] Failed installing discord_desktop_core@0: Error: ENOENT: no such file or directory, open '/opt/discord/resources/bootstrap/discord_desktop_core.zip'
2024-10-22T13:01:22.442Z [Modules] Installing discord_erlpack@0 from /opt/discord/resources/bootstrap/discord_erlpack.zip
2024-10-22T13:01:22.442Z [Modules] Failed installing discord_erlpack@0: Error: ENOENT: no such file or directory, open '/opt/discord/resources/bootstrap/discord_erlpack.zip'
2024-10-22T13:01:22.442Z [Modules] Installing discord_spellcheck@0 from /opt/discord/resources/bootstrap/discord_spellcheck.zip
2024-10-22T13:01:22.443Z [Modules] Failed installing discord_spellcheck@0: Error: ENOENT: no such file or directory, open '/opt/discord/resources/bootstrap/discord_spellcheck.zip'
2024-10-22T13:01:22.443Z [Modules] Installing discord_utils@0 from /opt/discord/resources/bootstrap/discord_utils.zip
2024-10-22T13:01:22.443Z [Modules] Failed installing discord_utils@0: Error: ENOENT: no such file or directory, open '/opt/discord/resources/bootstrap/discord_utils.zip'
2024-10-22T13:01:22.443Z [Modules] Installing discord_voice@0 from /opt/discord/resources/bootstrap/discord_voice.zip
2024-10-22T13:01:22.443Z [Modules] Failed installing discord_voice@0: Error: ENOENT: no such file or directory, open '/opt/discord/resources/bootstrap/discord_voice.zip'
2024-10-22T13:01:22.444Z [Modules] Installing discord_zstd@0 from /opt/discord/resources/bootstrap/discord_zstd.zip
2024-10-22T13:01:22.444Z [Modules] Failed installing discord_zstd@0: Error: ENOENT: no such file or directory, open '/opt/discord/resources/bootstrap/discord_zstd.zip'
2024-10-22T13:01:22.444Z [Modules] Finished module installations. [success: 0] [failure: 6]
2024-10-22T13:01:22.444Z [Modules] Checking for host updates.
2024-10-22T13:01:27.711Z [Modules] Host is up to date.
2024-10-22T13:01:27.711Z [Modules] Checking for module updates at https://discord.com/api/modules/stable/versions.json
2024-10-22T13:01:27.749Z [Modules] Module update available: discord_desktop_core@1 [installed: 0]
2024-10-22T13:01:27.749Z [Modules] Module update available: discord_erlpack@1 [installed: 0]
2024-10-22T13:01:27.749Z [Modules] Module update available: discord_spellcheck@1 [installed: 0]
2024-10-22T13:01:27.750Z [Modules] Module update available: discord_utils@1 [installed: 0]
2024-10-22T13:01:27.750Z [Modules] Module update available: discord_voice@1 [installed: 0]
2024-10-22T13:01:27.750Z [Modules] Module update available: discord_zstd@1 [installed: 0]
2024-10-22T13:01:27.750Z [Modules] Fetching discord_desktop_core@1 from https://discord.com/api/modules/stable/discord_desktop_core/1
2024-10-22T13:01:27.750Z [Modules] Streaming discord_desktop_core@1 to /home/arch/.config/discord/0.0.72/modules/pending/discord_desktop_core-1.zip
2024-10-22T13:01:33.022Z [Modules] Streaming discord_desktop_core@1 to /home/arch/.config/discord/0.0.72/modules/pending/discord_desktop_core-1.zip: 1%
2024-10-22T13:01:33.028Z [Modules] Streaming discord_desktop_core@1 to /home/arch/.config/discord/0.0.72/modules/pending/discord_desktop_core-1.zip: 2%
2024-10-22T13:01:33.035Z [Modules] Streaming discord_desktop_core@1 to /home/arch/.config/discord/0.0.72/modules/pending/discord_desktop_core-1.zip: 3%
2024-10-22T13:01:33.042Z [Modules] Streaming discord_desktop_core@1 to /home/arch/.config/discord/0.0.72/modules/pending/discord_desktop_core-1.zip: 4%
2024-10-22T13:01:33.045Z [Modules] Streaming discord_desktop_core@1 to /home/arch/.config/discord/0.0.72/modules/pending/discord_desktop_core-1.zip: 5%
2024-10-22T13:01:33.048Z [Modules] Streaming discord_desktop_core@1 to /home/arch/.config/discord/0.0.72/modules/pending/discord_desktop_core-1.zip: 6%
2024-10-22T13:01:33.054Z [Modules] Streaming discord_desktop_core@1 to /home/arch/.config/discord/0.0.72/modules/pending/discord_desktop_core-1.zip: 7%
2024-10-22T13:01:33.056Z [Modules] Streaming discord_desktop_core@1 to /home/arch/.config/discord/0.0.72/modules/pending/discord_desktop_core-1.zip: 8%
2024-10-22T13:01:33.059Z [Modules] Streaming discord_desktop_core@1 to /home/arch/.config/discord/0.0.72/modules/pending/discord_desktop_core-1.zip: 9%
2024-10-22T13:01:33.065Z [Modules] Streaming discord_desktop_core@1 to /home/arch/.config/discord/0.0.72/modules/pending/discord_desktop_core-1.zip: 10%
2024-10-22T13:01:33.066Z [Modules] Streaming discord_desktop_core@1 to /home/arch/.config/discord/0.0.72/modules/pending/discord_desktop_core-1.zip: 11%
2024-10-22T13:01:33.070Z [Modules] Streaming discord_desktop_core@1 to /home/arch/.config/discord/0.0.72/modules/pending/discord_desktop_core-1.zip: 12%
2024-10-22T13:01:33.071Z [Modules] Streaming discord_desktop_core@1 to /home/arch/.config/discord/0.0.72/modules/pending/discord_desktop_core-1.zip: 13%
2024-10-22T13:01:33.073Z [Modules] Streaming discord_desktop_core@1 to /home/arch/.config/discord/0.0.72/modules/pending/discord_desktop_core-1.zip: 14%
2024-10-22T13:01:33.075Z [Modules] Streaming discord_desktop_core@1 to /home/arch/.config/discord/0.0.72/modules/pending/discord_desktop_core-1.zip: 15%
2024-10-22T13:01:33.077Z [Modules] Streaming discord_desktop_core@1 to /home/arch/.config/discord/0.0.72/modules/pending/discord_desktop_core-1.zip: 16%
2024-10-22T13:01:33.080Z [Modules] Streaming discord_desktop_core@1 to /home/arch/.config/discord/0.0.72/modules/pending/discord_desktop_core-1.zip: 17%
2024-10-22T13:01:33.088Z [Modules] Streaming discord_desktop_core@1 to /home/arch/.config/discord/0.0.72/modules/pending/discord_desktop_core-1.zip: 18%
2024-10-22T13:01:33.091Z [Modules] Streaming discord_desktop_core@1 to /home/arch/.config/discord/0.0.72/modules/pending/discord_desktop_core-1.zip: 19%
2024-10-22T13:01:33.092Z [Modules] Streaming discord_desktop_core@1 to /home/arch/.config/discord/0.0.72/modules/pending/discord_desktop_core-1.zip: 20%
2024-10-22T13:01:33.094Z [Modules] Streaming discord_desktop_core@1 to /home/arch/.config/discord/0.0.72/modules/pending/discord_desktop_core-1.zip: 21%
2024-10-22T13:01:33.095Z [Modules] Streaming discord_desktop_core@1 to /home/arch/.config/discord/0.0.72/modules/pending/discord_desktop_core-1.zip: 22%
2024-10-22T13:01:33.097Z [Modules] Streaming discord_desktop_core@1 to /home/arch/.config/discord/0.0.72/modules/pending/discord_desktop_core-1.zip: 23%
2024-10-22T13:01:33.099Z [Modules] Streaming discord_desktop_core@1 to /home/arch/.config/discord/0.0.72/modules/pending/discord_desktop_core-1.zip: 24%
2024-10-22T13:01:33.101Z [Modules] Streaming discord_desktop_core@1 to /home/arch/.config/discord/0.0.72/modules/pending/discord_desktop_core-1.zip: 25%
2024-10-22T13:01:33.104Z [Modules] Streaming discord_desktop_core@1 to /home/arch/.config/discord/0.0.72/modules/pending/discord_desktop_core-1.zip: 26%
2024-10-22T13:01:33.105Z [Modules] Streaming discord_desktop_core@1 to /home/arch/.config/discord/0.0.72/modules/pending/discord_desktop_core-1.zip: 27%
2024-10-22T13:01:33.107Z [Modules] Streaming discord_desktop_core@1 to /home/arch/.config/discord/0.0.72/modules/pending/discord_desktop_core-1.zip: 28%
2024-10-22T13:01:33.108Z [Modules] Streaming discord_desktop_core@1 to /home/arch/.config/discord/0.0.72/modules/pending/discord_desktop_core-1.zip: 29%
2024-10-22T13:01:33.110Z [Modules] Streaming discord_desktop_core@1 to /home/arch/.config/discord/0.0.72/modules/pending/discord_desktop_core-1.zip: 30%
2024-10-22T13:01:33.112Z [Modules] Streaming discord_desktop_core@1 to /home/arch/.config/discord/0.0.72/modules/pending/discord_desktop_core-1.zip: 31%
2024-10-22T13:01:33.115Z [Modules] Streaming discord_desktop_core@1 to /home/arch/.config/discord/0.0.72/modules/pending/discord_desktop_core-1.zip: 32%
2024-10-22T13:01:33.116Z [Modules] Streaming discord_desktop_core@1 to /home/arch/.config/discord/0.0.72/modules/pending/discord_desktop_core-1.zip: 33%
2024-10-22T13:01:33.118Z [Modules] Streaming discord_desktop_core@1 to /home/arch/.config/discord/0.0.72/modules/pending/discord_desktop_core-1.zip: 34%
2024-10-22T13:01:33.120Z [Modules] Streaming discord_desktop_core@1 to /home/arch/.config/discord/0.0.72/modules/pending/discord_desktop_core-1.zip: 35%
2024-10-22T13:01:33.122Z [Modules] Streaming discord_desktop_core@1 to /home/arch/.config/discord/0.0.72/modules/pending/discord_desktop_core-1.zip: 36%
2024-10-22T13:01:33.124Z [Modules] Streaming discord_desktop_core@1 to /home/arch/.config/discord/0.0.72/modules/pending/discord_desktop_core-1.zip: 37%
2024-10-22T13:01:33.126Z [Modules] Streaming discord_desktop_core@1 to /home/arch/.config/discord/0.0.72/modules/pending/discord_desktop_core-1.zip: 38%
2024-10-22T13:01:33.127Z [Modules] Streaming discord_desktop_core@1 to /home/arch/.config/discord/0.0.72/modules/pending/discord_desktop_core-1.zip: 39%
2024-10-22T13:01:33.129Z [Modules] Streaming discord_desktop_core@1 to /home/arch/.config/discord/0.0.72/modules/pending/discord_desktop_core-1.zip: 40%
2024-10-22T13:01:33.130Z [Modules] Streaming discord_desktop_core@1 to /home/arch/.config/discord/0.0.72/modules/pending/discord_desktop_core-1.zip: 41%
2024-10-22T13:01:33.132Z [Modules] Streaming discord_desktop_core@1 to /home/arch/.config/discord/0.0.72/modules/pending/discord_desktop_core-1.zip: 42%
2024-10-22T13:01:33.134Z [Modules] Streaming discord_desktop_core@1 to /home/arch/.config/discord/0.0.72/modules/pending/discord_desktop_core-1.zip: 43%
2024-10-22T13:01:33.136Z [Modules] Streaming discord_desktop_core@1 to /home/arch/.config/discord/0.0.72/modules/pending/discord_desktop_core-1.zip: 44%
2024-10-22T13:01:33.138Z [Modules] Streaming discord_desktop_core@1 to /home/arch/.config/discord/0.0.72/modules/pending/discord_desktop_core-1.zip: 45%
2024-10-22T13:01:33.140Z [Modules] Streaming discord_desktop_core@1 to /home/arch/.config/discord/0.0.72/modules/pending/discord_desktop_core-1.zip: 46%
2024-10-22T13:01:33.142Z [Modules] Streaming discord_desktop_core@1 to /home/arch/.config/discord/0.0.72/modules/pending/discord_desktop_core-1.zip: 47%
2024-10-22T13:01:33.143Z [Modules] Streaming discord_desktop_core@1 to /home/arch/.config/discord/0.0.72/modules/pending/discord_desktop_core-1.zip: 48%
2024-10-22T13:01:33.145Z [Modules] Streaming discord_desktop_core@1 to /home/arch/.config/discord/0.0.72/modules/pending/discord_desktop_core-1.zip: 49%
2024-10-22T13:01:33.147Z [Modules] Streaming discord_desktop_core@1 to /home/arch/.config/discord/0.0.72/modules/pending/discord_desktop_core-1.zip: 50%
2024-10-22T13:01:33.149Z [Modules] Streaming discord_desktop_core@1 to /home/arch/.config/discord/0.0.72/modules/pending/discord_desktop_core-1.zip: 51%
2024-10-22T13:01:33.150Z [Modules] Streaming discord_desktop_core@1 to /home/arch/.config/discord/0.0.72/modules/pending/discord_desktop_core-1.zip: 52%
2024-10-22T13:01:33.152Z [Modules] Streaming discord_desktop_core@1 to /home/arch/.config/discord/0.0.72/modules/pending/discord_desktop_core-1.zip: 53%
2024-10-22T13:01:33.154Z [Modules] Streaming discord_desktop_core@1 to /home/arch/.config/discord/0.0.72/modules/pending/discord_desktop_core-1.zip: 54%
2024-10-22T13:01:33.156Z [Modules] Streaming discord_desktop_core@1 to /home/arch/.config/discord/0.0.72/modules/pending/discord_desktop_core-1.zip: 55%
2024-10-22T13:01:33.158Z [Modules] Streaming discord_desktop_core@1 to /home/arch/.config/discord/0.0.72/modules/pending/discord_desktop_core-1.zip: 56%
2024-10-22T13:01:33.160Z [Modules] Streaming discord_desktop_core@1 to /home/arch/.config/discord/0.0.72/modules/pending/discord_desktop_core-1.zip: 57%
2024-10-22T13:01:33.161Z [Modules] Streaming discord_desktop_core@1 to /home/arch/.config/discord/0.0.72/modules/pending/discord_desktop_core-1.zip: 58%
2024-10-22T13:01:33.163Z [Modules] Streaming discord_desktop_core@1 to /home/arch/.config/discord/0.0.72/modules/pending/discord_desktop_core-1.zip: 59%
2024-10-22T13:01:33.165Z [Modules] Streaming discord_desktop_core@1 to /home/arch/.config/discord/0.0.72/modules/pending/discord_desktop_core-1.zip: 60%
2024-10-22T13:01:33.167Z [Modules] Streaming discord_desktop_core@1 to /home/arch/.config/discord/0.0.72/modules/pending/discord_desktop_core-1.zip: 61%
2024-10-22T13:01:33.169Z [Modules] Streaming discord_desktop_core@1 to /home/arch/.config/discord/0.0.72/modules/pending/discord_desktop_core-1.zip: 62%
2024-10-22T13:01:33.171Z [Modules] Streaming discord_desktop_core@1 to /home/arch/.config/discord/0.0.72/modules/pending/discord_desktop_core-1.zip: 63%
2024-10-22T13:01:33.172Z [Modules] Streaming discord_desktop_core@1 to /home/arch/.config/discord/0.0.72/modules/pending/discord_desktop_core-1.zip: 64%
2024-10-22T13:01:33.180Z [Modules] Streaming discord_desktop_core@1 to /home/arch/.config/discord/0.0.72/modules/pending/discord_desktop_core-1.zip: 65%
2024-10-22T13:01:33.182Z [Modules] Streaming discord_desktop_core@1 to /home/arch/.config/discord/0.0.72/modules/pending/discord_desktop_core-1.zip: 66%
2024-10-22T13:01:33.185Z [Modules] Streaming discord_desktop_core@1 to /home/arch/.config/discord/0.0.72/modules/pending/discord_desktop_core-1.zip: 67%
2024-10-22T13:01:33.191Z [Modules] Streaming discord_desktop_core@1 to /home/arch/.config/discord/0.0.72/modules/pending/discord_desktop_core-1.zip: 68%
2024-10-22T13:01:33.194Z [Modules] Streaming discord_desktop_core@1 to /home/arch/.config/discord/0.0.72/modules/pending/discord_desktop_core-1.zip: 69%
2024-10-22T13:01:33.197Z [Modules] Streaming discord_desktop_core@1 to /home/arch/.config/discord/0.0.72/modules/pending/discord_desktop_core-1.zip: 70%
2024-10-22T13:01:33.198Z [Modules] Streaming discord_desktop_core@1 to /home/arch/.config/discord/0.0.72/modules/pending/discord_desktop_core-1.zip: 73%
2024-10-22T13:01:33.199Z [Modules] Streaming discord_desktop_core@1 to /home/arch/.config/discord/0.0.72/modules/pending/discord_desktop_core-1.zip: 75%
2024-10-22T13:01:33.200Z [Modules] Streaming discord_desktop_core@1 to /home/arch/.config/discord/0.0.72/modules/pending/discord_desktop_core-1.zip: 76%
2024-10-22T13:01:33.213Z [Modules] Streaming discord_desktop_core@1 to /home/arch/.config/discord/0.0.72/modules/pending/discord_desktop_core-1.zip: 77%
2024-10-22T13:01:33.218Z [Modules] Streaming discord_desktop_core@1 to /home/arch/.config/discord/0.0.72/modules/pending/discord_desktop_core-1.zip: 78%
2024-10-22T13:01:33.221Z [Modules] Streaming discord_desktop_core@1 to /home/arch/.config/discord/0.0.72/modules/pending/discord_desktop_core-1.zip: 79%
2024-10-22T13:01:33.223Z [Modules] Streaming discord_desktop_core@1 to /home/arch/.config/discord/0.0.72/modules/pending/discord_desktop_core-1.zip: 80%
2024-10-22T13:01:33.225Z [Modules] Streaming discord_desktop_core@1 to /home/arch/.config/discord/0.0.72/modules/pending/discord_desktop_core-1.zip: 81%
2024-10-22T13:01:33.226Z [Modules] Streaming discord_desktop_core@1 to /home/arch/.config/discord/0.0.72/modules/pending/discord_desktop_core-1.zip: 82%
2024-10-22T13:01:33.228Z [Modules] Streaming discord_desktop_core@1 to /home/arch/.config/discord/0.0.72/modules/pending/discord_desktop_core-1.zip: 83%
2024-10-22T13:01:33.230Z [Modules] Streaming discord_desktop_core@1 to /home/arch/.config/discord/0.0.72/modules/pending/discord_desktop_core-1.zip: 84%
2024-10-22T13:01:33.232Z [Modules] Streaming discord_desktop_core@1 to /home/arch/.config/discord/0.0.72/modules/pending/discord_desktop_core-1.zip: 85%
2024-10-22T13:01:33.233Z [Modules] Streaming discord_desktop_core@1 to /home/arch/.config/discord/0.0.72/modules/pending/discord_desktop_core-1.zip: 86%
2024-10-22T13:01:33.235Z [Modules] Streaming discord_desktop_core@1 to /home/arch/.config/discord/0.0.72/modules/pending/discord_desktop_core-1.zip: 87%
2024-10-22T13:01:33.247Z [Modules] Streaming discord_desktop_core@1 to /home/arch/.config/discord/0.0.72/modules/pending/discord_desktop_core-1.zip: 88%
2024-10-22T13:01:33.249Z [Modules] Streaming discord_desktop_core@1 to /home/arch/.config/discord/0.0.72/modules/pending/discord_desktop_core-1.zip: 89%
2024-10-22T13:01:33.257Z [Modules] Streaming discord_desktop_core@1 to /home/arch/.config/discord/0.0.72/modules/pending/discord_desktop_core-1.zip: 90%
2024-10-22T13:01:33.265Z [Modules] Streaming discord_desktop_core@1 to /home/arch/.config/discord/0.0.72/modules/pending/discord_desktop_core-1.zip: 91%
2024-10-22T13:01:33.265Z [Modules] Streaming discord_desktop_core@1 to /home/arch/.config/discord/0.0.72/modules/pending/discord_desktop_core-1.zip: 97%
2024-10-22T13:01:33.265Z [Modules] Streaming discord_desktop_core@1 to /home/arch/.config/discord/0.0.72/modules/pending/discord_desktop_core-1.zip: 98%
2024-10-22T13:01:33.267Z [Modules] Streaming discord_desktop_core@1 to /home/arch/.config/discord/0.0.72/modules/pending/discord_desktop_core-1.zip: 99%
2024-10-22T13:01:33.268Z [Modules] Streaming discord_desktop_core@1 to /home/arch/.config/discord/0.0.72/modules/pending/discord_desktop_core-1.zip: 100%
2024-10-22T13:01:33.269Z [Modules] Fetching discord_erlpack@1 from https://discord.com/api/modules/stable/discord_erlpack/1
2024-10-22T13:01:33.269Z [Modules] Streaming discord_erlpack@1 to /home/arch/.config/discord/0.0.72/modules/pending/discord_erlpack-1.zip
2024-10-22T13:01:33.546Z [Modules] Streaming discord_erlpack@1 to /home/arch/.config/discord/0.0.72/modules/pending/discord_erlpack-1.zip: 1%
2024-10-22T13:01:33.547Z [Modules] Streaming discord_erlpack@1 to /home/arch/.config/discord/0.0.72/modules/pending/discord_erlpack-1.zip: 2%
2024-10-22T13:01:33.549Z [Modules] Streaming discord_erlpack@1 to /home/arch/.config/discord/0.0.72/modules/pending/discord_erlpack-1.zip: 3%
2024-10-22T13:01:33.551Z [Modules] Streaming discord_erlpack@1 to /home/arch/.config/discord/0.0.72/modules/pending/discord_erlpack-1.zip: 4%
2024-10-22T13:01:33.552Z [Modules] Streaming discord_erlpack@1 to /home/arch/.config/discord/0.0.72/modules/pending/discord_erlpack-1.zip: 5%
2024-10-22T13:01:33.554Z [Modules] Streaming discord_erlpack@1 to /home/arch/.config/discord/0.0.72/modules/pending/discord_erlpack-1.zip: 6%
2024-10-22T13:01:33.556Z [Modules] Streaming discord_erlpack@1 to /home/arch/.config/discord/0.0.72/modules/pending/discord_erlpack-1.zip: 7%
2024-10-22T13:01:33.558Z [Modules] Streaming discord_erlpack@1 to /home/arch/.config/discord/0.0.72/modules/pending/discord_erlpack-1.zip: 8%
2024-10-22T13:01:33.560Z [Modules] Streaming discord_erlpack@1 to /home/arch/.config/discord/0.0.72/modules/pending/discord_erlpack-1.zip: 9%
2024-10-22T13:01:33.562Z [Modules] Streaming discord_erlpack@1 to /home/arch/.config/discord/0.0.72/modules/pending/discord_erlpack-1.zip: 10%
2024-10-22T13:01:33.564Z [Modules] Streaming discord_erlpack@1 to /home/arch/.config/discord/0.0.72/modules/pending/discord_erlpack-1.zip: 11%
2024-10-22T13:01:33.569Z [Modules] Streaming discord_erlpack@1 to /home/arch/.config/discord/0.0.72/modules/pending/discord_erlpack-1.zip: 12%
2024-10-22T13:01:33.571Z [Modules] Streaming discord_erlpack@1 to /home/arch/.config/discord/0.0.72/modules/pending/discord_erlpack-1.zip: 13%
2024-10-22T13:01:33.572Z [Modules] Streaming discord_erlpack@1 to /home/arch/.config/discord/0.0.72/modules/pending/discord_erlpack-1.zip: 14%
2024-10-22T13:01:33.574Z [Modules] Streaming discord_erlpack@1 to /home/arch/.config/discord/0.0.72/modules/pending/discord_erlpack-1.zip: 15%
2024-10-22T13:01:33.576Z [Modules] Streaming discord_erlpack@1 to /home/arch/.config/discord/0.0.72/modules/pending/discord_erlpack-1.zip: 16%
2024-10-22T13:01:33.577Z [Modules] Streaming discord_erlpack@1 to /home/arch/.config/discord/0.0.72/modules/pending/discord_erlpack-1.zip: 17%
2024-10-22T13:01:33.579Z [Modules] Streaming discord_erlpack@1 to /home/arch/.config/discord/0.0.72/modules/pending/discord_erlpack-1.zip: 18%
2024-10-22T13:01:33.581Z [Modules] Streaming discord_erlpack@1 to /home/arch/.config/discord/0.0.72/modules/pending/discord_erlpack-1.zip: 19%
2024-10-22T13:01:33.583Z [Modules] Streaming discord_erlpack@1 to /home/arch/.config/discord/0.0.72/modules/pending/discord_erlpack-1.zip: 20%
2024-10-22T13:01:33.584Z [Modules] Streaming discord_erlpack@1 to /home/arch/.config/discord/0.0.72/modules/pending/discord_erlpack-1.zip: 21%
2024-10-22T13:01:33.586Z [Modules] Streaming discord_erlpack@1 to /home/arch/.config/discord/0.0.72/modules/pending/discord_erlpack-1.zip: 22%
2024-10-22T13:01:33.588Z [Modules] Streaming discord_erlpack@1 to /home/arch/.config/discord/0.0.72/modules/pending/discord_erlpack-1.zip: 23%
2024-10-22T13:01:33.590Z [Modules] Streaming discord_erlpack@1 to /home/arch/.config/discord/0.0.72/modules/pending/discord_erlpack-1.zip: 24%
2024-10-22T13:01:33.591Z [Modules] Streaming discord_erlpack@1 to /home/arch/.config/discord/0.0.72/modules/pending/discord_erlpack-1.zip: 25%
2024-10-22T13:01:33.593Z [Modules] Streaming discord_erlpack@1 to /home/arch/.config/discord/0.0.72/modules/pending/discord_erlpack-1.zip: 26%
2024-10-22T13:01:33.595Z [Modules] Streaming discord_erlpack@1 to /home/arch/.config/discord/0.0.72/modules/pending/discord_erlpack-1.zip: 27%
2024-10-22T13:01:33.597Z [Modules] Streaming discord_erlpack@1 to /home/arch/.config/discord/0.0.72/modules/pending/discord_erlpack-1.zip: 28%
2024-10-22T13:01:33.598Z [Modules] Streaming discord_erlpack@1 to /home/arch/.config/discord/0.0.72/modules/pending/discord_erlpack-1.zip: 29%
2024-10-22T13:01:33.600Z [Modules] Streaming discord_erlpack@1 to /home/arch/.config/discord/0.0.72/modules/pending/discord_erlpack-1.zip: 30%
2024-10-22T13:01:33.601Z [Modules] Streaming discord_erlpack@1 to /home/arch/.config/discord/0.0.72/modules/pending/discord_erlpack-1.zip: 31%
2024-10-22T13:01:33.603Z [Modules] Streaming discord_erlpack@1 to /home/arch/.config/discord/0.0.72/modules/pending/discord_erlpack-1.zip: 32%
2024-10-22T13:01:33.605Z [Modules] Streaming discord_erlpack@1 to /home/arch/.config/discord/0.0.72/modules/pending/discord_erlpack-1.zip: 33%
2024-10-22T13:01:33.607Z [Modules] Streaming discord_erlpack@1 to /home/arch/.config/discord/0.0.72/modules/pending/discord_erlpack-1.zip: 34%
2024-10-22T13:01:33.608Z [Modules] Streaming discord_erlpack@1 to /home/arch/.config/discord/0.0.72/modules/pending/discord_erlpack-1.zip: 35%
2024-10-22T13:01:33.610Z [Modules] Streaming discord_erlpack@1 to /home/arch/.config/discord/0.0.72/modules/pending/discord_erlpack-1.zip: 36%
2024-10-22T13:01:33.612Z [Modules] Streaming discord_erlpack@1 to /home/arch/.config/discord/0.0.72/modules/pending/discord_erlpack-1.zip: 37%
2024-10-22T13:01:33.614Z [Modules] Streaming discord_erlpack@1 to /home/arch/.config/discord/0.0.72/modules/pending/discord_erlpack-1.zip: 38%
2024-10-22T13:01:33.615Z [Modules] Streaming discord_erlpack@1 to /home/arch/.config/discord/0.0.72/modules/pending/discord_erlpack-1.zip: 39%
2024-10-22T13:01:33.617Z [Modules] Streaming discord_erlpack@1 to /home/arch/.config/discord/0.0.72/modules/pending/discord_erlpack-1.zip: 40%
2024-10-22T13:01:33.619Z [Modules] Streaming discord_erlpack@1 to /home/arch/.config/discord/0.0.72/modules/pending/discord_erlpack-1.zip: 41%
2024-10-22T13:01:33.621Z [Modules] Streaming discord_erlpack@1 to /home/arch/.config/discord/0.0.72/modules/pending/discord_erlpack-1.zip: 42%
2024-10-22T13:01:33.622Z [Modules] Streaming discord_erlpack@1 to /home/arch/.config/discord/0.0.72/modules/pending/discord_erlpack-1.zip: 43%
2024-10-22T13:01:33.624Z [Modules] Streaming discord_erlpack@1 to /home/arch/.config/discord/0.0.72/modules/pending/discord_erlpack-1.zip: 44%
2024-10-22T13:01:33.626Z [Modules] Streaming discord_erlpack@1 to /home/arch/.config/discord/0.0.72/modules/pending/discord_erlpack-1.zip: 45%
2024-10-22T13:01:33.627Z [Modules] Streaming discord_erlpack@1 to /home/arch/.config/discord/0.0.72/modules/pending/discord_erlpack-1.zip: 46%
2024-10-22T13:01:33.629Z [Modules] Streaming discord_erlpack@1 to /home/arch/.config/discord/0.0.72/modules/pending/discord_erlpack-1.zip: 47%
2024-10-22T13:01:33.632Z [Modules] Streaming discord_erlpack@1 to /home/arch/.config/discord/0.0.72/modules/pending/discord_erlpack-1.zip: 48%
2024-10-22T13:01:33.634Z [Modules] Streaming discord_erlpack@1 to /home/arch/.config/discord/0.0.72/modules/pending/discord_erlpack-1.zip: 49%
2024-10-22T13:01:33.635Z [Modules] Streaming discord_erlpack@1 to /home/arch/.config/discord/0.0.72/modules/pending/discord_erlpack-1.zip: 50%
2024-10-22T13:01:33.636Z [Modules] Streaming discord_erlpack@1 to /home/arch/.config/discord/0.0.72/modules/pending/discord_erlpack-1.zip: 51%
2024-10-22T13:01:33.638Z [Modules] Streaming discord_erlpack@1 to /home/arch/.config/discord/0.0.72/modules/pending/discord_erlpack-1.zip: 52%
2024-10-22T13:01:33.639Z [Modules] Streaming discord_erlpack@1 to /home/arch/.config/discord/0.0.72/modules/pending/discord_erlpack-1.zip: 53%
2024-10-22T13:01:33.641Z [Modules] Streaming discord_erlpack@1 to /home/arch/.config/discord/0.0.72/modules/pending/discord_erlpack-1.zip: 54%
2024-10-22T13:01:33.643Z [Modules] Streaming discord_erlpack@1 to /home/arch/.config/discord/0.0.72/modules/pending/discord_erlpack-1.zip: 55%
2024-10-22T13:01:33.645Z [Modules] Streaming discord_erlpack@1 to /home/arch/.config/discord/0.0.72/modules/pending/discord_erlpack-1.zip: 56%
2024-10-22T13:01:33.647Z [Modules] Streaming discord_erlpack@1 to /home/arch/.config/discord/0.0.72/modules/pending/discord_erlpack-1.zip: 57%
2024-10-22T13:01:33.648Z [Modules] Streaming discord_erlpack@1 to /home/arch/.config/discord/0.0.72/modules/pending/discord_erlpack-1.zip: 58%
2024-10-22T13:01:33.650Z [Modules] Streaming discord_erlpack@1 to /home/arch/.config/discord/0.0.72/modules/pending/discord_erlpack-1.zip: 59%
2024-10-22T13:01:33.652Z [Modules] Streaming discord_erlpack@1 to /home/arch/.config/discord/0.0.72/modules/pending/discord_erlpack-1.zip: 60%
2024-10-22T13:01:33.653Z [Modules] Streaming discord_erlpack@1 to /home/arch/.config/discord/0.0.72/modules/pending/discord_erlpack-1.zip: 61%
2024-10-22T13:01:33.657Z [Modules] Streaming discord_erlpack@1 to /home/arch/.config/discord/0.0.72/modules/pending/discord_erlpack-1.zip: 62%
2024-10-22T13:01:33.658Z [Modules] Streaming discord_erlpack@1 to /home/arch/.config/discord/0.0.72/modules/pending/discord_erlpack-1.zip: 63%
2024-10-22T13:01:33.659Z [Modules] Streaming discord_erlpack@1 to /home/arch/.config/discord/0.0.72/modules/pending/discord_erlpack-1.zip: 64%
2024-10-22T13:01:33.661Z [Modules] Streaming discord_erlpack@1 to /home/arch/.config/discord/0.0.72/modules/pending/discord_erlpack-1.zip: 65%
2024-10-22T13:01:33.662Z [Modules] Streaming discord_erlpack@1 to /home/arch/.config/discord/0.0.72/modules/pending/discord_erlpack-1.zip: 66%
2024-10-22T13:01:33.664Z [Modules] Streaming discord_erlpack@1 to /home/arch/.config/discord/0.0.72/modules/pending/discord_erlpack-1.zip: 67%
2024-10-22T13:01:33.665Z [Modules] Streaming discord_erlpack@1 to /home/arch/.config/discord/0.0.72/modules/pending/discord_erlpack-1.zip: 68%
2024-10-22T13:01:33.667Z [Modules] Streaming discord_erlpack@1 to /home/arch/.config/discord/0.0.72/modules/pending/discord_erlpack-1.zip: 69%
2024-10-22T13:01:33.669Z [Modules] Streaming discord_erlpack@1 to /home/arch/.config/discord/0.0.72/modules/pending/discord_erlpack-1.zip: 70%
2024-10-22T13:01:33.671Z [Modules] Streaming discord_erlpack@1 to /home/arch/.config/discord/0.0.72/modules/pending/discord_erlpack-1.zip: 71%
2024-10-22T13:01:33.672Z [Modules] Streaming discord_erlpack@1 to /home/arch/.config/discord/0.0.72/modules/pending/discord_erlpack-1.zip: 72%
2024-10-22T13:01:33.674Z [Modules] Streaming discord_erlpack@1 to /home/arch/.config/discord/0.0.72/modules/pending/discord_erlpack-1.zip: 73%
2024-10-22T13:01:33.676Z [Modules] Streaming discord_erlpack@1 to /home/arch/.config/discord/0.0.72/modules/pending/discord_erlpack-1.zip: 74%
2024-10-22T13:01:33.677Z [Modules] Streaming discord_erlpack@1 to /home/arch/.config/discord/0.0.72/modules/pending/discord_erlpack-1.zip: 75%
2024-10-22T13:01:33.679Z [Modules] Streaming discord_erlpack@1 to /home/arch/.config/discord/0.0.72/modules/pending/discord_erlpack-1.zip: 76%
2024-10-22T13:01:33.682Z [Modules] Streaming discord_erlpack@1 to /home/arch/.config/discord/0.0.72/modules/pending/discord_erlpack-1.zip: 77%
2024-10-22T13:01:33.683Z [Modules] Streaming discord_erlpack@1 to /home/arch/.config/discord/0.0.72/modules/pending/discord_erlpack-1.zip: 78%
2024-10-22T13:01:33.685Z [Modules] Streaming discord_erlpack@1 to /home/arch/.config/discord/0.0.72/modules/pending/discord_erlpack-1.zip: 79%
2024-10-22T13:01:33.686Z [Modules] Streaming discord_erlpack@1 to /home/arch/.config/discord/0.0.72/modules/pending/discord_erlpack-1.zip: 80%
2024-10-22T13:01:33.689Z [Modules] Streaming discord_erlpack@1 to /home/arch/.config/discord/0.0.72/modules/pending/discord_erlpack-1.zip: 81%
2024-10-22T13:01:33.690Z [Modules] Streaming discord_erlpack@1 to /home/arch/.config/discord/0.0.72/modules/pending/discord_erlpack-1.zip: 82%
2024-10-22T13:01:33.692Z [Modules] Streaming discord_erlpack@1 to /home/arch/.config/discord/0.0.72/modules/pending/discord_erlpack-1.zip: 83%
2024-10-22T13:01:33.693Z [Modules] Streaming discord_erlpack@1 to /home/arch/.config/discord/0.0.72/modules/pending/discord_erlpack-1.zip: 84%
2024-10-22T13:01:33.695Z [Modules] Streaming discord_erlpack@1 to /home/arch/.config/discord/0.0.72/modules/pending/discord_erlpack-1.zip: 85%
2024-10-22T13:01:33.697Z [Modules] Streaming discord_erlpack@1 to /home/arch/.config/discord/0.0.72/modules/pending/discord_erlpack-1.zip: 86%
2024-10-22T13:01:33.698Z [Modules] Streaming discord_erlpack@1 to /home/arch/.config/discord/0.0.72/modules/pending/discord_erlpack-1.zip: 87%
2024-10-22T13:01:33.700Z [Modules] Streaming discord_erlpack@1 to /home/arch/.config/discord/0.0.72/modules/pending/discord_erlpack-1.zip: 88%
2024-10-22T13:01:33.702Z [Modules] Streaming discord_erlpack@1 to /home/arch/.config/discord/0.0.72/modules/pending/discord_erlpack-1.zip: 89%
2024-10-22T13:01:33.703Z [Modules] Streaming discord_erlpack@1 to /home/arch/.config/discord/0.0.72/modules/pending/discord_erlpack-1.zip: 90%
2024-10-22T13:01:33.705Z [Modules] Streaming discord_erlpack@1 to /home/arch/.config/discord/0.0.72/modules/pending/discord_erlpack-1.zip: 91%
2024-10-22T13:01:33.707Z [Modules] Streaming discord_erlpack@1 to /home/arch/.config/discord/0.0.72/modules/pending/discord_erlpack-1.zip: 92%
2024-10-22T13:01:33.709Z [Modules] Streaming discord_erlpack@1 to /home/arch/.config/discord/0.0.72/modules/pending/discord_erlpack-1.zip: 93%
2024-10-22T13:01:33.710Z [Modules] Streaming discord_erlpack@1 to /home/arch/.config/discord/0.0.72/modules/pending/discord_erlpack-1.zip: 94%
2024-10-22T13:01:33.712Z [Modules] Streaming discord_erlpack@1 to /home/arch/.config/discord/0.0.72/modules/pending/discord_erlpack-1.zip: 95%
2024-10-22T13:01:33.715Z [Modules] Streaming discord_erlpack@1 to /home/arch/.config/discord/0.0.72/modules/pending/discord_erlpack-1.zip: 96%
2024-10-22T13:01:33.716Z [Modules] Streaming discord_erlpack@1 to /home/arch/.config/discord/0.0.72/modules/pending/discord_erlpack-1.zip: 97%
2024-10-22T13:01:33.718Z [Modules] Streaming discord_erlpack@1 to /home/arch/.config/discord/0.0.72/modules/pending/discord_erlpack-1.zip: 98%
2024-10-22T13:01:33.719Z [Modules] Streaming discord_erlpack@1 to /home/arch/.config/discord/0.0.72/modules/pending/discord_erlpack-1.zip: 99%
2024-10-22T13:01:33.721Z [Modules] Streaming discord_erlpack@1 to /home/arch/.config/discord/0.0.72/modules/pending/discord_erlpack-1.zip: 100%
2024-10-22T13:01:33.721Z [Modules] Fetching discord_spellcheck@1 from https://discord.com/api/modules/stable/discord_spellcheck/1
2024-10-22T13:01:33.721Z [Modules] Streaming discord_spellcheck@1 to /home/arch/.config/discord/0.0.72/modules/pending/discord_spellcheck-1.zip
2024-10-22T13:01:34.009Z [Modules] Streaming discord_spellcheck@1 to /home/arch/.config/discord/0.0.72/modules/pending/discord_spellcheck-1.zip: 1%
2024-10-22T13:01:34.019Z [Modules] Streaming discord_spellcheck@1 to /home/arch/.config/discord/0.0.72/modules/pending/discord_spellcheck-1.zip: 2%
2024-10-22T13:01:34.027Z [Modules] Streaming discord_spellcheck@1 to /home/arch/.config/discord/0.0.72/modules/pending/discord_spellcheck-1.zip: 3%
2024-10-22T13:01:34.035Z [Modules] Streaming discord_spellcheck@1 to /home/arch/.config/discord/0.0.72/modules/pending/discord_spellcheck-1.zip: 4%
2024-10-22T13:01:34.044Z [Modules] Streaming discord_spellcheck@1 to /home/arch/.config/discord/0.0.72/modules/pending/discord_spellcheck-1.zip: 5%
2024-10-22T13:01:34.051Z [Modules] Streaming discord_spellcheck@1 to /home/arch/.config/discord/0.0.72/modules/pending/discord_spellcheck-1.zip: 6%
2024-10-22T13:01:34.059Z [Modules] Streaming discord_spellcheck@1 to /home/arch/.config/discord/0.0.72/modules/pending/discord_spellcheck-1.zip: 7%
2024-10-22T13:01:34.070Z [Modules] Streaming discord_spellcheck@1 to /home/arch/.config/discord/0.0.72/modules/pending/discord_spellcheck-1.zip: 8%
2024-10-22T13:01:34.077Z [Modules] Streaming discord_spellcheck@1 to /home/arch/.config/discord/0.0.72/modules/pending/discord_spellcheck-1.zip: 9%
2024-10-22T13:01:34.085Z [Modules] Streaming discord_spellcheck@1 to /home/arch/.config/discord/0.0.72/modules/pending/discord_spellcheck-1.zip: 10%
2024-10-22T13:01:34.093Z [Modules] Streaming discord_spellcheck@1 to /home/arch/.config/discord/0.0.72/modules/pending/discord_spellcheck-1.zip: 11%
2024-10-22T13:01:34.101Z [Modules] Streaming discord_spellcheck@1 to /home/arch/.config/discord/0.0.72/modules/pending/discord_spellcheck-1.zip: 12%
2024-10-22T13:01:34.109Z [Modules] Streaming discord_spellcheck@1 to /home/arch/.config/discord/0.0.72/modules/pending/discord_spellcheck-1.zip: 13%
2024-10-22T13:01:34.117Z [Modules] Streaming discord_spellcheck@1 to /home/arch/.config/discord/0.0.72/modules/pending/discord_spellcheck-1.zip: 14%
2024-10-22T13:01:34.125Z [Modules] Streaming discord_spellcheck@1 to /home/arch/.config/discord/0.0.72/modules/pending/discord_spellcheck-1.zip: 15%
2024-10-22T13:01:34.134Z [Modules] Streaming discord_spellcheck@1 to /home/arch/.config/discord/0.0.72/modules/pending/discord_spellcheck-1.zip: 16%
2024-10-22T13:01:34.142Z [Modules] Streaming discord_spellcheck@1 to /home/arch/.config/discord/0.0.72/modules/pending/discord_spellcheck-1.zip: 17%
2024-10-22T13:01:34.150Z [Modules] Streaming discord_spellcheck@1 to /home/arch/.config/discord/0.0.72/modules/pending/discord_spellcheck-1.zip: 18%
2024-10-22T13:01:34.158Z [Modules] Streaming discord_spellcheck@1 to /home/arch/.config/discord/0.0.72/modules/pending/discord_spellcheck-1.zip: 19%
2024-10-22T13:01:34.166Z [Modules] Streaming discord_spellcheck@1 to /home/arch/.config/discord/0.0.72/modules/pending/discord_spellcheck-1.zip: 20%
2024-10-22T13:01:34.174Z [Modules] Streaming discord_spellcheck@1 to /home/arch/.config/discord/0.0.72/modules/pending/discord_spellcheck-1.zip: 21%
2024-10-22T13:01:34.182Z [Modules] Streaming discord_spellcheck@1 to /home/arch/.config/discord/0.0.72/modules/pending/discord_spellcheck-1.zip: 22%
2024-10-22T13:01:34.190Z [Modules] Streaming discord_spellcheck@1 to /home/arch/.config/discord/0.0.72/modules/pending/discord_spellcheck-1.zip: 23%
2024-10-22T13:01:34.198Z [Modules] Streaming discord_spellcheck@1 to /home/arch/.config/discord/0.0.72/modules/pending/discord_spellcheck-1.zip: 24%
2024-10-22T13:01:34.207Z [Modules] Streaming discord_spellcheck@1 to /home/arch/.config/discord/0.0.72/modules/pending/discord_spellcheck-1.zip: 25%
2024-10-22T13:01:34.214Z [Modules] Streaming discord_spellcheck@1 to /home/arch/.config/discord/0.0.72/modules/pending/discord_spellcheck-1.zip: 26%
2024-10-22T13:01:34.223Z [Modules] Streaming discord_spellcheck@1 to /home/arch/.config/discord/0.0.72/modules/pending/discord_spellcheck-1.zip: 27%
2024-10-22T13:01:34.231Z [Modules] Streaming discord_spellcheck@1 to /home/arch/.config/discord/0.0.72/modules/pending/discord_spellcheck-1.zip: 28%
2024-10-22T13:01:34.239Z [Modules] Streaming discord_spellcheck@1 to /home/arch/.config/discord/0.0.72/modules/pending/discord_spellcheck-1.zip: 29%
2024-10-22T13:01:34.247Z [Modules] Streaming discord_spellcheck@1 to /home/arch/.config/discord/0.0.72/modules/pending/discord_spellcheck-1.zip: 30%
2024-10-22T13:01:34.255Z [Modules] Streaming discord_spellcheck@1 to /home/arch/.config/discord/0.0.72/modules/pending/discord_spellcheck-1.zip: 31%
2024-10-22T13:01:34.263Z [Modules] Streaming discord_spellcheck@1 to /home/arch/.config/discord/0.0.72/modules/pending/discord_spellcheck-1.zip: 32%
2024-10-22T13:01:34.271Z [Modules] Streaming discord_spellcheck@1 to /home/arch/.config/discord/0.0.72/modules/pending/discord_spellcheck-1.zip: 33%
2024-10-22T13:01:34.279Z [Modules] Streaming discord_spellcheck@1 to /home/arch/.config/discord/0.0.72/modules/pending/discord_spellcheck-1.zip: 34%
2024-10-22T13:01:34.288Z [Modules] Streaming discord_spellcheck@1 to /home/arch/.config/discord/0.0.72/modules/pending/discord_spellcheck-1.zip: 35%
2024-10-22T13:01:34.296Z [Modules] Streaming discord_spellcheck@1 to /home/arch/.config/discord/0.0.72/modules/pending/discord_spellcheck-1.zip: 36%
2024-10-22T13:01:34.304Z [Modules] Streaming discord_spellcheck@1 to /home/arch/.config/discord/0.0.72/modules/pending/discord_spellcheck-1.zip: 37%
2024-10-22T13:01:34.312Z [Modules] Streaming discord_spellcheck@1 to /home/arch/.config/discord/0.0.72/modules/pending/discord_spellcheck-1.zip: 38%
2024-10-22T13:01:34.320Z [Modules] Streaming discord_spellcheck@1 to /home/arch/.config/discord/0.0.72/modules/pending/discord_spellcheck-1.zip: 39%
2024-10-22T13:01:34.328Z [Modules] Streaming discord_spellcheck@1 to /home/arch/.config/discord/0.0.72/modules/pending/discord_spellcheck-1.zip: 40%
2024-10-22T13:01:34.336Z [Modules] Streaming discord_spellcheck@1 to /home/arch/.config/discord/0.0.72/modules/pending/discord_spellcheck-1.zip: 41%
2024-10-22T13:01:34.344Z [Modules] Streaming discord_spellcheck@1 to /home/arch/.config/discord/0.0.72/modules/pending/discord_spellcheck-1.zip: 42%
2024-10-22T13:01:34.352Z [Modules] Streaming discord_spellcheck@1 to /home/arch/.config/discord/0.0.72/modules/pending/discord_spellcheck-1.zip: 43%
2024-10-22T13:01:34.360Z [Modules] Streaming discord_spellcheck@1 to /home/arch/.config/discord/0.0.72/modules/pending/discord_spellcheck-1.zip: 44%
2024-10-22T13:01:34.369Z [Modules] Streaming discord_spellcheck@1 to /home/arch/.config/discord/0.0.72/modules/pending/discord_spellcheck-1.zip: 45%
2024-10-22T13:01:34.377Z [Modules] Streaming discord_spellcheck@1 to /home/arch/.config/discord/0.0.72/modules/pending/discord_spellcheck-1.zip: 46%
2024-10-22T13:01:34.386Z [Modules] Streaming discord_spellcheck@1 to /home/arch/.config/discord/0.0.72/modules/pending/discord_spellcheck-1.zip: 47%
2024-10-22T13:01:34.393Z [Modules] Streaming discord_spellcheck@1 to /home/arch/.config/discord/0.0.72/modules/pending/discord_spellcheck-1.zip: 48%
2024-10-22T13:01:34.401Z [Modules] Streaming discord_spellcheck@1 to /home/arch/.config/discord/0.0.72/modules/pending/discord_spellcheck-1.zip: 49%
2024-10-22T13:01:34.409Z [Modules] Streaming discord_spellcheck@1 to /home/arch/.config/discord/0.0.72/modules/pending/discord_spellcheck-1.zip: 50%
2024-10-22T13:01:34.417Z [Modules] Streaming discord_spellcheck@1 to /home/arch/.config/discord/0.0.72/modules/pending/discord_spellcheck-1.zip: 51%
2024-10-22T13:01:34.425Z [Modules] Streaming discord_spellcheck@1 to /home/arch/.config/discord/0.0.72/modules/pending/discord_spellcheck-1.zip: 52%
2024-10-22T13:01:34.433Z [Modules] Streaming discord_spellcheck@1 to /home/arch/.config/discord/0.0.72/modules/pending/discord_spellcheck-1.zip: 53%
2024-10-22T13:01:34.441Z [Modules] Streaming discord_spellcheck@1 to /home/arch/.config/discord/0.0.72/modules/pending/discord_spellcheck-1.zip: 54%
2024-10-22T13:01:34.449Z [Modules] Streaming discord_spellcheck@1 to /home/arch/.config/discord/0.0.72/modules/pending/discord_spellcheck-1.zip: 55%
2024-10-22T13:01:34.459Z [Modules] Streaming discord_spellcheck@1 to /home/arch/.config/discord/0.0.72/modules/pending/discord_spellcheck-1.zip: 56%
2024-10-22T13:01:34.468Z [Modules] Streaming discord_spellcheck@1 to /home/arch/.config/discord/0.0.72/modules/pending/discord_spellcheck-1.zip: 57%
2024-10-22T13:01:34.476Z [Modules] Streaming discord_spellcheck@1 to /home/arch/.config/discord/0.0.72/modules/pending/discord_spellcheck-1.zip: 58%
2024-10-22T13:01:34.483Z [Modules] Streaming discord_spellcheck@1 to /home/arch/.config/discord/0.0.72/modules/pending/discord_spellcheck-1.zip: 59%
2024-10-22T13:01:34.491Z [Modules] Streaming discord_spellcheck@1 to /home/arch/.config/discord/0.0.72/modules/pending/discord_spellcheck-1.zip: 60%
2024-10-22T13:01:34.499Z [Modules] Streaming discord_spellcheck@1 to /home/arch/.config/discord/0.0.72/modules/pending/discord_spellcheck-1.zip: 61%
2024-10-22T13:01:34.508Z [Modules] Streaming discord_spellcheck@1 to /home/arch/.config/discord/0.0.72/modules/pending/discord_spellcheck-1.zip: 62%
2024-10-22T13:01:34.516Z [Modules] Streaming discord_spellcheck@1 to /home/arch/.config/discord/0.0.72/modules/pending/discord_spellcheck-1.zip: 63%
2024-10-22T13:01:34.524Z [Modules] Streaming discord_spellcheck@1 to /home/arch/.config/discord/0.0.72/modules/pending/discord_spellcheck-1.zip: 64%
2024-10-22T13:01:34.533Z [Modules] Streaming discord_spellcheck@1 to /home/arch/.config/discord/0.0.72/modules/pending/discord_spellcheck-1.zip: 65%
2024-10-22T13:01:34.540Z [Modules] Streaming discord_spellcheck@1 to /home/arch/.config/discord/0.0.72/modules/pending/discord_spellcheck-1.zip: 66%
2024-10-22T13:01:34.552Z [Modules] Streaming discord_spellcheck@1 to /home/arch/.config/discord/0.0.72/modules/pending/discord_spellcheck-1.zip: 67%
2024-10-22T13:01:34.560Z [Modules] Streaming discord_spellcheck@1 to /home/arch/.config/discord/0.0.72/modules/pending/discord_spellcheck-1.zip: 68%
2024-10-22T13:01:34.568Z [Modules] Streaming discord_spellcheck@1 to /home/arch/.config/discord/0.0.72/modules/pending/discord_spellcheck-1.zip: 69%
2024-10-22T13:01:34.576Z [Modules] Streaming discord_spellcheck@1 to /home/arch/.config/discord/0.0.72/modules/pending/discord_spellcheck-1.zip: 70%
2024-10-22T13:01:34.585Z [Modules] Streaming discord_spellcheck@1 to /home/arch/.config/discord/0.0.72/modules/pending/discord_spellcheck-1.zip: 71%
2024-10-22T13:01:34.593Z [Modules] Streaming discord_spellcheck@1 to /home/arch/.config/discord/0.0.72/modules/pending/discord_spellcheck-1.zip: 72%
2024-10-22T13:01:34.602Z [Modules] Streaming discord_spellcheck@1 to /home/arch/.config/discord/0.0.72/modules/pending/discord_spellcheck-1.zip: 73%
2024-10-22T13:01:34.612Z [Modules] Streaming discord_spellcheck@1 to /home/arch/.config/discord/0.0.72/modules/pending/discord_spellcheck-1.zip: 74%
2024-10-22T13:01:34.617Z [Modules] Streaming discord_spellcheck@1 to /home/arch/.config/discord/0.0.72/modules/pending/discord_spellcheck-1.zip: 75%
2024-10-22T13:01:34.625Z [Modules] Streaming discord_spellcheck@1 to /home/arch/.config/discord/0.0.72/modules/pending/discord_spellcheck-1.zip: 76%
2024-10-22T13:01:34.634Z [Modules] Streaming discord_spellcheck@1 to /home/arch/.config/discord/0.0.72/modules/pending/discord_spellcheck-1.zip: 77%
2024-10-22T13:01:34.641Z [Modules] Streaming discord_spellcheck@1 to /home/arch/.config/discord/0.0.72/modules/pending/discord_spellcheck-1.zip: 78%
2024-10-22T13:01:34.649Z [Modules] Streaming discord_spellcheck@1 to /home/arch/.config/discord/0.0.72/modules/pending/discord_spellcheck-1.zip: 79%
2024-10-22T13:01:34.661Z [Modules] Streaming discord_spellcheck@1 to /home/arch/.config/discord/0.0.72/modules/pending/discord_spellcheck-1.zip: 80%
2024-10-22T13:01:34.669Z [Modules] Streaming discord_spellcheck@1 to /home/arch/.config/discord/0.0.72/modules/pending/discord_spellcheck-1.zip: 81%
2024-10-22T13:01:34.677Z [Modules] Streaming discord_spellcheck@1 to /home/arch/.config/discord/0.0.72/modules/pending/discord_spellcheck-1.zip: 82%
2024-10-22T13:01:34.685Z [Modules] Streaming discord_spellcheck@1 to /home/arch/.config/discord/0.0.72/modules/pending/discord_spellcheck-1.zip: 83%
2024-10-22T13:01:34.693Z [Modules] Streaming discord_spellcheck@1 to /home/arch/.config/discord/0.0.72/modules/pending/discord_spellcheck-1.zip: 84%
2024-10-22T13:01:34.703Z [Modules] Streaming discord_spellcheck@1 to /home/arch/.config/discord/0.0.72/modules/pending/discord_spellcheck-1.zip: 85%
2024-10-22T13:01:34.710Z [Modules] Streaming discord_spellcheck@1 to /home/arch/.config/discord/0.0.72/modules/pending/discord_spellcheck-1.zip: 86%
2024-10-22T13:01:34.719Z [Modules] Streaming discord_spellcheck@1 to /home/arch/.config/discord/0.0.72/modules/pending/discord_spellcheck-1.zip: 87%
2024-10-22T13:01:34.727Z [Modules] Streaming discord_spellcheck@1 to /home/arch/.config/discord/0.0.72/modules/pending/discord_spellcheck-1.zip: 88%
2024-10-22T13:01:34.735Z [Modules] Streaming discord_spellcheck@1 to /home/arch/.config/discord/0.0.72/modules/pending/discord_spellcheck-1.zip: 89%
2024-10-22T13:01:34.744Z [Modules] Streaming discord_spellcheck@1 to /home/arch/.config/discord/0.0.72/modules/pending/discord_spellcheck-1.zip: 90%
2024-10-22T13:01:34.752Z [Modules] Streaming discord_spellcheck@1 to /home/arch/.config/discord/0.0.72/modules/pending/discord_spellcheck-1.zip: 91%
2024-10-22T13:01:34.760Z [Modules] Streaming discord_spellcheck@1 to /home/arch/.config/discord/0.0.72/modules/pending/discord_spellcheck-1.zip: 92%
2024-10-22T13:01:34.768Z [Modules] Streaming discord_spellcheck@1 to /home/arch/.config/discord/0.0.72/modules/pending/discord_spellcheck-1.zip: 93%
2024-10-22T13:01:34.777Z [Modules] Streaming discord_spellcheck@1 to /home/arch/.config/discord/0.0.72/modules/pending/discord_spellcheck-1.zip: 94%
2024-10-22T13:01:34.787Z [Modules] Streaming discord_spellcheck@1 to /home/arch/.config/discord/0.0.72/modules/pending/discord_spellcheck-1.zip: 95%
2024-10-22T13:01:34.795Z [Modules] Streaming discord_spellcheck@1 to /home/arch/.config/discord/0.0.72/modules/pending/discord_spellcheck-1.zip: 96%
2024-10-22T13:01:34.803Z [Modules] Streaming discord_spellcheck@1 to /home/arch/.config/discord/0.0.72/modules/pending/discord_spellcheck-1.zip: 97%
2024-10-22T13:01:34.811Z [Modules] Streaming discord_spellcheck@1 to /home/arch/.config/discord/0.0.72/modules/pending/discord_spellcheck-1.zip: 98%
2024-10-22T13:01:34.819Z [Modules] Streaming discord_spellcheck@1 to /home/arch/.config/discord/0.0.72/modules/pending/discord_spellcheck-1.zip: 99%
2024-10-22T13:01:34.827Z [Modules] Streaming discord_spellcheck@1 to /home/arch/.config/discord/0.0.72/modules/pending/discord_spellcheck-1.zip: 100%
2024-10-22T13:01:34.828Z [Modules] Fetching discord_utils@1 from https://discord.com/api/modules/stable/discord_utils/1
2024-10-22T13:01:34.828Z [Modules] Streaming discord_utils@1 to /home/arch/.config/discord/0.0.72/modules/pending/discord_utils-1.zip
2024-10-22T13:01:35.113Z [Modules] Streaming discord_utils@1 to /home/arch/.config/discord/0.0.72/modules/pending/discord_utils-1.zip: 1%
2024-10-22T13:01:35.117Z [Modules] Streaming discord_utils@1 to /home/arch/.config/discord/0.0.72/modules/pending/discord_utils-1.zip: 2%
2024-10-22T13:01:35.121Z [Modules] Streaming discord_utils@1 to /home/arch/.config/discord/0.0.72/modules/pending/discord_utils-1.zip: 3%
2024-10-22T13:01:35.124Z [Modules] Streaming discord_utils@1 to /home/arch/.config/discord/0.0.72/modules/pending/discord_utils-1.zip: 4%
2024-10-22T13:01:35.127Z [Modules] Streaming discord_utils@1 to /home/arch/.config/discord/0.0.72/modules/pending/discord_utils-1.zip: 5%
2024-10-22T13:01:35.137Z [Modules] Streaming discord_utils@1 to /home/arch/.config/discord/0.0.72/modules/pending/discord_utils-1.zip: 6%
2024-10-22T13:01:35.140Z [Modules] Streaming discord_utils@1 to /home/arch/.config/discord/0.0.72/modules/pending/discord_utils-1.zip: 7%
2024-10-22T13:01:35.143Z [Modules] Streaming discord_utils@1 to /home/arch/.config/discord/0.0.72/modules/pending/discord_utils-1.zip: 8%
2024-10-22T13:01:35.146Z [Modules] Streaming discord_utils@1 to /home/arch/.config/discord/0.0.72/modules/pending/discord_utils-1.zip: 9%
2024-10-22T13:01:35.149Z [Modules] Streaming discord_utils@1 to /home/arch/.config/discord/0.0.72/modules/pending/discord_utils-1.zip: 10%
2024-10-22T13:01:35.152Z [Modules] Streaming discord_utils@1 to /home/arch/.config/discord/0.0.72/modules/pending/discord_utils-1.zip: 11%
2024-10-22T13:01:35.156Z [Modules] Streaming discord_utils@1 to /home/arch/.config/discord/0.0.72/modules/pending/discord_utils-1.zip: 12%
2024-10-22T13:01:35.159Z [Modules] Streaming discord_utils@1 to /home/arch/.config/discord/0.0.72/modules/pending/discord_utils-1.zip: 13%
2024-10-22T13:01:35.162Z [Modules] Streaming discord_utils@1 to /home/arch/.config/discord/0.0.72/modules/pending/discord_utils-1.zip: 14%
2024-10-22T13:01:35.165Z [Modules] Streaming discord_utils@1 to /home/arch/.config/discord/0.0.72/modules/pending/discord_utils-1.zip: 15%
2024-10-22T13:01:35.168Z [Modules] Streaming discord_utils@1 to /home/arch/.config/discord/0.0.72/modules/pending/discord_utils-1.zip: 16%
2024-10-22T13:01:35.172Z [Modules] Streaming discord_utils@1 to /home/arch/.config/discord/0.0.72/modules/pending/discord_utils-1.zip: 17%
2024-10-22T13:01:35.175Z [Modules] Streaming discord_utils@1 to /home/arch/.config/discord/0.0.72/modules/pending/discord_utils-1.zip: 18%
2024-10-22T13:01:35.178Z [Modules] Streaming discord_utils@1 to /home/arch/.config/discord/0.0.72/modules/pending/discord_utils-1.zip: 19%
2024-10-22T13:01:35.181Z [Modules] Streaming discord_utils@1 to /home/arch/.config/discord/0.0.72/modules/pending/discord_utils-1.zip: 20%
2024-10-22T13:01:35.185Z [Modules] Streaming discord_utils@1 to /home/arch/.config/discord/0.0.72/modules/pending/discord_utils-1.zip: 21%
2024-10-22T13:01:35.188Z [Modules] Streaming discord_utils@1 to /home/arch/.config/discord/0.0.72/modules/pending/discord_utils-1.zip: 22%
2024-10-22T13:01:35.191Z [Modules] Streaming discord_utils@1 to /home/arch/.config/discord/0.0.72/modules/pending/discord_utils-1.zip: 23%
2024-10-22T13:01:35.194Z [Modules] Streaming discord_utils@1 to /home/arch/.config/discord/0.0.72/modules/pending/discord_utils-1.zip: 24%
2024-10-22T13:01:35.197Z [Modules] Streaming discord_utils@1 to /home/arch/.config/discord/0.0.72/modules/pending/discord_utils-1.zip: 25%
2024-10-22T13:01:35.201Z [Modules] Streaming discord_utils@1 to /home/arch/.config/discord/0.0.72/modules/pending/discord_utils-1.zip: 26%
2024-10-22T13:01:35.204Z [Modules] Streaming discord_utils@1 to /home/arch/.config/discord/0.0.72/modules/pending/discord_utils-1.zip: 27%
2024-10-22T13:01:35.207Z [Modules] Streaming discord_utils@1 to /home/arch/.config/discord/0.0.72/modules/pending/discord_utils-1.zip: 28%
2024-10-22T13:01:35.210Z [Modules] Streaming discord_utils@1 to /home/arch/.config/discord/0.0.72/modules/pending/discord_utils-1.zip: 29%
2024-10-22T13:01:35.213Z [Modules] Streaming discord_utils@1 to /home/arch/.config/discord/0.0.72/modules/pending/discord_utils-1.zip: 30%
2024-10-22T13:01:35.216Z [Modules] Streaming discord_utils@1 to /home/arch/.config/discord/0.0.72/modules/pending/discord_utils-1.zip: 31%
2024-10-22T13:01:35.220Z [Modules] Streaming discord_utils@1 to /home/arch/.config/discord/0.0.72/modules/pending/discord_utils-1.zip: 32%
2024-10-22T13:01:35.223Z [Modules] Streaming discord_utils@1 to /home/arch/.config/discord/0.0.72/modules/pending/discord_utils-1.zip: 33%
2024-10-22T13:01:35.226Z [Modules] Streaming discord_utils@1 to /home/arch/.config/discord/0.0.72/modules/pending/discord_utils-1.zip: 34%
2024-10-22T13:01:35.229Z [Modules] Streaming discord_utils@1 to /home/arch/.config/discord/0.0.72/modules/pending/discord_utils-1.zip: 35%
2024-10-22T13:01:35.232Z [Modules] Streaming discord_utils@1 to /home/arch/.config/discord/0.0.72/modules/pending/discord_utils-1.zip: 36%
2024-10-22T13:01:35.236Z [Modules] Streaming discord_utils@1 to /home/arch/.config/discord/0.0.72/modules/pending/discord_utils-1.zip: 37%
2024-10-22T13:01:35.239Z [Modules] Streaming discord_utils@1 to /home/arch/.config/discord/0.0.72/modules/pending/discord_utils-1.zip: 38%
2024-10-22T13:01:35.242Z [Modules] Streaming discord_utils@1 to /home/arch/.config/discord/0.0.72/modules/pending/discord_utils-1.zip: 39%
2024-10-22T13:01:35.245Z [Modules] Streaming discord_utils@1 to /home/arch/.config/discord/0.0.72/modules/pending/discord_utils-1.zip: 40%
2024-10-22T13:01:35.249Z [Modules] Streaming discord_utils@1 to /home/arch/.config/discord/0.0.72/modules/pending/discord_utils-1.zip: 41%
2024-10-22T13:01:35.252Z [Modules] Streaming discord_utils@1 to /home/arch/.config/discord/0.0.72/modules/pending/discord_utils-1.zip: 42%
2024-10-22T13:01:35.255Z [Modules] Streaming discord_utils@1 to /home/arch/.config/discord/0.0.72/modules/pending/discord_utils-1.zip: 43%
2024-10-22T13:01:35.258Z [Modules] Streaming discord_utils@1 to /home/arch/.config/discord/0.0.72/modules/pending/discord_utils-1.zip: 44%
2024-10-22T13:01:35.261Z [Modules] Streaming discord_utils@1 to /home/arch/.config/discord/0.0.72/modules/pending/discord_utils-1.zip: 45%
2024-10-22T13:01:35.266Z [Modules] Streaming discord_utils@1 to /home/arch/.config/discord/0.0.72/modules/pending/discord_utils-1.zip: 46%
2024-10-22T13:01:35.268Z [Modules] Streaming discord_utils@1 to /home/arch/.config/discord/0.0.72/modules/pending/discord_utils-1.zip: 47%
2024-10-22T13:01:35.271Z [Modules] Streaming discord_utils@1 to /home/arch/.config/discord/0.0.72/modules/pending/discord_utils-1.zip: 48%
2024-10-22T13:01:35.274Z [Modules] Streaming discord_utils@1 to /home/arch/.config/discord/0.0.72/modules/pending/discord_utils-1.zip: 49%
2024-10-22T13:01:35.277Z [Modules] Streaming discord_utils@1 to /home/arch/.config/discord/0.0.72/modules/pending/discord_utils-1.zip: 50%
2024-10-22T13:01:35.281Z [Modules] Streaming discord_utils@1 to /home/arch/.config/discord/0.0.72/modules/pending/discord_utils-1.zip: 51%
2024-10-22T13:01:35.284Z [Modules] Streaming discord_utils@1 to /home/arch/.config/discord/0.0.72/modules/pending/discord_utils-1.zip: 52%
2024-10-22T13:01:35.287Z [Modules] Streaming discord_utils@1 to /home/arch/.config/discord/0.0.72/modules/pending/discord_utils-1.zip: 53%
2024-10-22T13:01:35.290Z [Modules] Streaming discord_utils@1 to /home/arch/.config/discord/0.0.72/modules/pending/discord_utils-1.zip: 54%
2024-10-22T13:01:35.293Z [Modules] Streaming discord_utils@1 to /home/arch/.config/discord/0.0.72/modules/pending/discord_utils-1.zip: 55%
2024-10-22T13:01:35.296Z [Modules] Streaming discord_utils@1 to /home/arch/.config/discord/0.0.72/modules/pending/discord_utils-1.zip: 56%
2024-10-22T13:01:35.300Z [Modules] Streaming discord_utils@1 to /home/arch/.config/discord/0.0.72/modules/pending/discord_utils-1.zip: 57%
2024-10-22T13:01:35.303Z [Modules] Streaming discord_utils@1 to /home/arch/.config/discord/0.0.72/modules/pending/discord_utils-1.zip: 58%
2024-10-22T13:01:35.306Z [Modules] Streaming discord_utils@1 to /home/arch/.config/discord/0.0.72/modules/pending/discord_utils-1.zip: 59%
2024-10-22T13:01:35.309Z [Modules] Streaming discord_utils@1 to /home/arch/.config/discord/0.0.72/modules/pending/discord_utils-1.zip: 60%
2024-10-22T13:01:35.314Z [Modules] Streaming discord_utils@1 to /home/arch/.config/discord/0.0.72/modules/pending/discord_utils-1.zip: 61%
2024-10-22T13:01:35.316Z [Modules] Streaming discord_utils@1 to /home/arch/.config/discord/0.0.72/modules/pending/discord_utils-1.zip: 62%
2024-10-22T13:01:35.319Z [Modules] Streaming discord_utils@1 to /home/arch/.config/discord/0.0.72/modules/pending/discord_utils-1.zip: 63%
2024-10-22T13:01:35.322Z [Modules] Streaming discord_utils@1 to /home/arch/.config/discord/0.0.72/modules/pending/discord_utils-1.zip: 64%
2024-10-22T13:01:35.325Z [Modules] Streaming discord_utils@1 to /home/arch/.config/discord/0.0.72/modules/pending/discord_utils-1.zip: 65%
2024-10-22T13:01:35.328Z [Modules] Streaming discord_utils@1 to /home/arch/.config/discord/0.0.72/modules/pending/discord_utils-1.zip: 66%
2024-10-22T13:01:35.332Z [Modules] Streaming discord_utils@1 to /home/arch/.config/discord/0.0.72/modules/pending/discord_utils-1.zip: 67%
2024-10-22T13:01:35.335Z [Modules] Streaming discord_utils@1 to /home/arch/.config/discord/0.0.72/modules/pending/discord_utils-1.zip: 68%
2024-10-22T13:01:35.345Z [Modules] Streaming discord_utils@1 to /home/arch/.config/discord/0.0.72/modules/pending/discord_utils-1.zip: 69%
2024-10-22T13:01:35.348Z [Modules] Streaming discord_utils@1 to /home/arch/.config/discord/0.0.72/modules/pending/discord_utils-1.zip: 70%
2024-10-22T13:01:35.357Z [Modules] Streaming discord_utils@1 to /home/arch/.config/discord/0.0.72/modules/pending/discord_utils-1.zip: 71%
2024-10-22T13:01:35.361Z [Modules] Streaming discord_utils@1 to /home/arch/.config/discord/0.0.72/modules/pending/discord_utils-1.zip: 73%
2024-10-22T13:01:35.361Z [Modules] Streaming discord_utils@1 to /home/arch/.config/discord/0.0.72/modules/pending/discord_utils-1.zip: 74%
2024-10-22T13:01:35.364Z [Modules] Streaming discord_utils@1 to /home/arch/.config/discord/0.0.72/modules/pending/discord_utils-1.zip: 75%
2024-10-22T13:01:35.368Z [Modules] Streaming discord_utils@1 to /home/arch/.config/discord/0.0.72/modules/pending/discord_utils-1.zip: 76%
2024-10-22T13:01:35.373Z [Modules] Streaming discord_utils@1 to /home/arch/.config/discord/0.0.72/modules/pending/discord_utils-1.zip: 77%
2024-10-22T13:01:35.380Z [Modules] Streaming discord_utils@1 to /home/arch/.config/discord/0.0.72/modules/pending/discord_utils-1.zip: 78%
2024-10-22T13:01:35.383Z [Modules] Streaming discord_utils@1 to /home/arch/.config/discord/0.0.72/modules/pending/discord_utils-1.zip: 79%
2024-10-22T13:01:35.387Z [Modules] Streaming discord_utils@1 to /home/arch/.config/discord/0.0.72/modules/pending/discord_utils-1.zip: 80%
2024-10-22T13:01:35.391Z [Modules] Streaming discord_utils@1 to /home/arch/.config/discord/0.0.72/modules/pending/discord_utils-1.zip: 81%
2024-10-22T13:01:35.394Z [Modules] Streaming discord_utils@1 to /home/arch/.config/discord/0.0.72/modules/pending/discord_utils-1.zip: 82%
2024-10-22T13:01:35.397Z [Modules] Streaming discord_utils@1 to /home/arch/.config/discord/0.0.72/modules/pending/discord_utils-1.zip: 83%
2024-10-22T13:01:35.400Z [Modules] Streaming discord_utils@1 to /home/arch/.config/discord/0.0.72/modules/pending/discord_utils-1.zip: 84%
2024-10-22T13:01:35.403Z [Modules] Streaming discord_utils@1 to /home/arch/.config/discord/0.0.72/modules/pending/discord_utils-1.zip: 85%
2024-10-22T13:01:35.412Z [Modules] Streaming discord_utils@1 to /home/arch/.config/discord/0.0.72/modules/pending/discord_utils-1.zip: 86%
2024-10-22T13:01:35.414Z [Modules] Streaming discord_utils@1 to /home/arch/.config/discord/0.0.72/modules/pending/discord_utils-1.zip: 87%
2024-10-22T13:01:35.417Z [Modules] Streaming discord_utils@1 to /home/arch/.config/discord/0.0.72/modules/pending/discord_utils-1.zip: 88%
2024-10-22T13:01:35.420Z [Modules] Streaming discord_utils@1 to /home/arch/.config/discord/0.0.72/modules/pending/discord_utils-1.zip: 89%
2024-10-22T13:01:35.423Z [Modules] Streaming discord_utils@1 to /home/arch/.config/discord/0.0.72/modules/pending/discord_utils-1.zip: 90%
2024-10-22T13:01:35.426Z [Modules] Streaming discord_utils@1 to /home/arch/.config/discord/0.0.72/modules/pending/discord_utils-1.zip: 91%
2024-10-22T13:01:35.429Z [Modules] Streaming discord_utils@1 to /home/arch/.config/discord/0.0.72/modules/pending/discord_utils-1.zip: 92%
2024-10-22T13:01:35.433Z [Modules] Streaming discord_utils@1 to /home/arch/.config/discord/0.0.72/modules/pending/discord_utils-1.zip: 93%
2024-10-22T13:01:35.436Z [Modules] Streaming discord_utils@1 to /home/arch/.config/discord/0.0.72/modules/pending/discord_utils-1.zip: 94%
2024-10-22T13:01:35.440Z [Modules] Streaming discord_utils@1 to /home/arch/.config/discord/0.0.72/modules/pending/discord_utils-1.zip: 95%
2024-10-22T13:01:35.449Z [Modules] Streaming discord_utils@1 to /home/arch/.config/discord/0.0.72/modules/pending/discord_utils-1.zip: 96%
2024-10-22T13:01:35.452Z [Modules] Streaming discord_utils@1 to /home/arch/.config/discord/0.0.72/modules/pending/discord_utils-1.zip: 97%
2024-10-22T13:01:35.455Z [Modules] Streaming discord_utils@1 to /home/arch/.config/discord/0.0.72/modules/pending/discord_utils-1.zip: 98%
2024-10-22T13:01:35.459Z [Modules] Streaming discord_utils@1 to /home/arch/.config/discord/0.0.72/modules/pending/discord_utils-1.zip: 99%
2024-10-22T13:01:35.462Z [Modules] Streaming discord_utils@1 to /home/arch/.config/discord/0.0.72/modules/pending/discord_utils-1.zip: 100%
2024-10-22T13:01:35.463Z [Modules] Fetching discord_voice@1 from https://discord.com/api/modules/stable/discord_voice/1
2024-10-22T13:01:35.463Z [Modules] Streaming discord_voice@1 to /home/arch/.config/discord/0.0.72/modules/pending/discord_voice-1.zip
2024-10-22T13:01:35.708Z [Modules] Streaming discord_voice@1 to /home/arch/.config/discord/0.0.72/modules/pending/discord_voice-1.zip: 1%
2024-10-22T13:01:35.727Z [Modules] Streaming discord_voice@1 to /home/arch/.config/discord/0.0.72/modules/pending/discord_voice-1.zip: 2%
2024-10-22T13:01:35.746Z [Modules] Streaming discord_voice@1 to /home/arch/.config/discord/0.0.72/modules/pending/discord_voice-1.zip: 3%
2024-10-22T13:01:35.765Z [Modules] Streaming discord_voice@1 to /home/arch/.config/discord/0.0.72/modules/pending/discord_voice-1.zip: 4%
2024-10-22T13:01:35.785Z [Modules] Streaming discord_voice@1 to /home/arch/.config/discord/0.0.72/modules/pending/discord_voice-1.zip: 5%
2024-10-22T13:01:35.804Z [Modules] Streaming discord_voice@1 to /home/arch/.config/discord/0.0.72/modules/pending/discord_voice-1.zip: 6%
2024-10-22T13:01:35.823Z [Modules] Streaming discord_voice@1 to /home/arch/.config/discord/0.0.72/modules/pending/discord_voice-1.zip: 7%
2024-10-22T13:01:35.843Z [Modules] Streaming discord_voice@1 to /home/arch/.config/discord/0.0.72/modules/pending/discord_voice-1.zip: 8%
2024-10-22T13:01:35.861Z [Modules] Streaming discord_voice@1 to /home/arch/.config/discord/0.0.72/modules/pending/discord_voice-1.zip: 9%
2024-10-22T13:01:35.881Z [Modules] Streaming discord_voice@1 to /home/arch/.config/discord/0.0.72/modules/pending/discord_voice-1.zip: 10%
2024-10-22T13:01:35.899Z [Modules] Streaming discord_voice@1 to /home/arch/.config/discord/0.0.72/modules/pending/discord_voice-1.zip: 11%
2024-10-22T13:01:35.919Z [Modules] Streaming discord_voice@1 to /home/arch/.config/discord/0.0.72/modules/pending/discord_voice-1.zip: 12%
2024-10-22T13:01:35.939Z [Modules] Streaming discord_voice@1 to /home/arch/.config/discord/0.0.72/modules/pending/discord_voice-1.zip: 13%
2024-10-22T13:01:35.962Z [Modules] Streaming discord_voice@1 to /home/arch/.config/discord/0.0.72/modules/pending/discord_voice-1.zip: 14%
2024-10-22T13:01:35.981Z [Modules] Streaming discord_voice@1 to /home/arch/.config/discord/0.0.72/modules/pending/discord_voice-1.zip: 15%
2024-10-22T13:01:36.004Z [Modules] Streaming discord_voice@1 to /home/arch/.config/discord/0.0.72/modules/pending/discord_voice-1.zip: 16%
2024-10-22T13:01:36.023Z [Modules] Streaming discord_voice@1 to /home/arch/.config/discord/0.0.72/modules/pending/discord_voice-1.zip: 17%
2024-10-22T13:01:36.042Z [Modules] Streaming discord_voice@1 to /home/arch/.config/discord/0.0.72/modules/pending/discord_voice-1.zip: 18%
2024-10-22T13:01:36.061Z [Modules] Streaming discord_voice@1 to /home/arch/.config/discord/0.0.72/modules/pending/discord_voice-1.zip: 19%
2024-10-22T13:01:36.081Z [Modules] Streaming discord_voice@1 to /home/arch/.config/discord/0.0.72/modules/pending/discord_voice-1.zip: 20%
2024-10-22T13:01:36.100Z [Modules] Streaming discord_voice@1 to /home/arch/.config/discord/0.0.72/modules/pending/discord_voice-1.zip: 21%
2024-10-22T13:01:36.119Z [Modules] Streaming discord_voice@1 to /home/arch/.config/discord/0.0.72/modules/pending/discord_voice-1.zip: 22%
2024-10-22T13:01:36.138Z [Modules] Streaming discord_voice@1 to /home/arch/.config/discord/0.0.72/modules/pending/discord_voice-1.zip: 23%
2024-10-22T13:01:36.157Z [Modules] Streaming discord_voice@1 to /home/arch/.config/discord/0.0.72/modules/pending/discord_voice-1.zip: 24%
2024-10-22T13:01:36.176Z [Modules] Streaming discord_voice@1 to /home/arch/.config/discord/0.0.72/modules/pending/discord_voice-1.zip: 25%
2024-10-22T13:01:36.195Z [Modules] Streaming discord_voice@1 to /home/arch/.config/discord/0.0.72/modules/pending/discord_voice-1.zip: 26%
2024-10-22T13:01:36.214Z [Modules] Streaming discord_voice@1 to /home/arch/.config/discord/0.0.72/modules/pending/discord_voice-1.zip: 27%
2024-10-22T13:01:36.245Z [Modules] Streaming discord_voice@1 to /home/arch/.config/discord/0.0.72/modules/pending/discord_voice-1.zip: 28%
2024-10-22T13:01:36.260Z [Modules] Streaming discord_voice@1 to /home/arch/.config/discord/0.0.72/modules/pending/discord_voice-1.zip: 29%
2024-10-22T13:01:36.280Z [Modules] Streaming discord_voice@1 to /home/arch/.config/discord/0.0.72/modules/pending/discord_voice-1.zip: 30%
2024-10-22T13:01:36.299Z [Modules] Streaming discord_voice@1 to /home/arch/.config/discord/0.0.72/modules/pending/discord_voice-1.zip: 31%
2024-10-22T13:01:36.318Z [Modules] Streaming discord_voice@1 to /home/arch/.config/discord/0.0.72/modules/pending/discord_voice-1.zip: 32%
2024-10-22T13:01:36.337Z [Modules] Streaming discord_voice@1 to /home/arch/.config/discord/0.0.72/modules/pending/discord_voice-1.zip: 33%
2024-10-22T13:01:36.359Z [Modules] Streaming discord_voice@1 to /home/arch/.config/discord/0.0.72/modules/pending/discord_voice-1.zip: 34%
2024-10-22T13:01:36.379Z [Modules] Streaming discord_voice@1 to /home/arch/.config/discord/0.0.72/modules/pending/discord_voice-1.zip: 35%
2024-10-22T13:01:36.398Z [Modules] Streaming discord_voice@1 to /home/arch/.config/discord/0.0.72/modules/pending/discord_voice-1.zip: 36%
2024-10-22T13:01:36.417Z [Modules] Streaming discord_voice@1 to /home/arch/.config/discord/0.0.72/modules/pending/discord_voice-1.zip: 37%
2024-10-22T13:01:36.436Z [Modules] Streaming discord_voice@1 to /home/arch/.config/discord/0.0.72/modules/pending/discord_voice-1.zip: 38%
2024-10-22T13:01:36.456Z [Modules] Streaming discord_voice@1 to /home/arch/.config/discord/0.0.72/modules/pending/discord_voice-1.zip: 39%
2024-10-22T13:01:36.474Z [Modules] Streaming discord_voice@1 to /home/arch/.config/discord/0.0.72/modules/pending/discord_voice-1.zip: 40%
2024-10-22T13:01:36.494Z [Modules] Streaming discord_voice@1 to /home/arch/.config/discord/0.0.72/modules/pending/discord_voice-1.zip: 41%
2024-10-22T13:01:36.516Z [Modules] Streaming discord_voice@1 to /home/arch/.config/discord/0.0.72/modules/pending/discord_voice-1.zip: 42%
2024-10-22T13:01:36.535Z [Modules] Streaming discord_voice@1 to /home/arch/.config/discord/0.0.72/modules/pending/discord_voice-1.zip: 43%
2024-10-22T13:01:36.557Z [Modules] Streaming discord_voice@1 to /home/arch/.config/discord/0.0.72/modules/pending/discord_voice-1.zip: 44%
2024-10-22T13:01:36.576Z [Modules] Streaming discord_voice@1 to /home/arch/.config/discord/0.0.72/modules/pending/discord_voice-1.zip: 45%
2024-10-22T13:01:36.595Z [Modules] Streaming discord_voice@1 to /home/arch/.config/discord/0.0.72/modules/pending/discord_voice-1.zip: 46%
2024-10-22T13:01:36.615Z [Modules] Streaming discord_voice@1 to /home/arch/.config/discord/0.0.72/modules/pending/discord_voice-1.zip: 47%
2024-10-22T13:01:36.634Z [Modules] Streaming discord_voice@1 to /home/arch/.config/discord/0.0.72/modules/pending/discord_voice-1.zip: 48%
2024-10-22T13:01:36.655Z [Modules] Streaming discord_voice@1 to /home/arch/.config/discord/0.0.72/modules/pending/discord_voice-1.zip: 49%
2024-10-22T13:01:36.678Z [Modules] Streaming discord_voice@1 to /home/arch/.config/discord/0.0.72/modules/pending/discord_voice-1.zip: 50%
2024-10-22T13:01:36.696Z [Modules] Streaming discord_voice@1 to /home/arch/.config/discord/0.0.72/modules/pending/discord_voice-1.zip: 51%
2024-10-22T13:01:36.720Z [Modules] Streaming discord_voice@1 to /home/arch/.config/discord/0.0.72/modules/pending/discord_voice-1.zip: 52%
2024-10-22T13:01:36.740Z [Modules] Streaming discord_voice@1 to /home/arch/.config/discord/0.0.72/modules/pending/discord_voice-1.zip: 53%
2024-10-22T13:01:36.781Z [Modules] Streaming discord_voice@1 to /home/arch/.config/discord/0.0.72/modules/pending/discord_voice-1.zip: 54%
2024-10-22T13:01:36.794Z [Modules] Streaming discord_voice@1 to /home/arch/.config/discord/0.0.72/modules/pending/discord_voice-1.zip: 55%
2024-10-22T13:01:36.812Z [Modules] Streaming discord_voice@1 to /home/arch/.config/discord/0.0.72/modules/pending/discord_voice-1.zip: 56%
2024-10-22T13:01:36.834Z [Modules] Streaming discord_voice@1 to /home/arch/.config/discord/0.0.72/modules/pending/discord_voice-1.zip: 57%
2024-10-22T13:01:36.859Z [Modules] Streaming discord_voice@1 to /home/arch/.config/discord/0.0.72/modules/pending/discord_voice-1.zip: 58%
2024-10-22T13:01:36.883Z [Modules] Streaming discord_voice@1 to /home/arch/.config/discord/0.0.72/modules/pending/discord_voice-1.zip: 59%
2024-10-22T13:01:36.903Z [Modules] Streaming discord_voice@1 to /home/arch/.config/discord/0.0.72/modules/pending/discord_voice-1.zip: 60%
2024-10-22T13:01:36.923Z [Modules] Streaming discord_voice@1 to /home/arch/.config/discord/0.0.72/modules/pending/discord_voice-1.zip: 61%
2024-10-22T13:01:36.941Z [Modules] Streaming discord_voice@1 to /home/arch/.config/discord/0.0.72/modules/pending/discord_voice-1.zip: 62%
2024-10-22T13:01:36.960Z [Modules] Streaming discord_voice@1 to /home/arch/.config/discord/0.0.72/modules/pending/discord_voice-1.zip: 63%
2024-10-22T13:01:36.981Z [Modules] Streaming discord_voice@1 to /home/arch/.config/discord/0.0.72/modules/pending/discord_voice-1.zip: 64%
2024-10-22T13:01:37.000Z [Modules] Streaming discord_voice@1 to /home/arch/.config/discord/0.0.72/modules/pending/discord_voice-1.zip: 65%
2024-10-22T13:01:37.018Z [Modules] Streaming discord_voice@1 to /home/arch/.config/discord/0.0.72/modules/pending/discord_voice-1.zip: 66%
2024-10-22T13:01:37.039Z [Modules] Streaming discord_voice@1 to /home/arch/.config/discord/0.0.72/modules/pending/discord_voice-1.zip: 67%
2024-10-22T13:01:37.057Z [Modules] Streaming discord_voice@1 to /home/arch/.config/discord/0.0.72/modules/pending/discord_voice-1.zip: 68%
2024-10-22T13:01:37.076Z [Modules] Streaming discord_voice@1 to /home/arch/.config/discord/0.0.72/modules/pending/discord_voice-1.zip: 69%
2024-10-22T13:01:37.096Z [Modules] Streaming discord_voice@1 to /home/arch/.config/discord/0.0.72/modules/pending/discord_voice-1.zip: 70%
2024-10-22T13:01:37.114Z [Modules] Streaming discord_voice@1 to /home/arch/.config/discord/0.0.72/modules/pending/discord_voice-1.zip: 71%
2024-10-22T13:01:37.133Z [Modules] Streaming discord_voice@1 to /home/arch/.config/discord/0.0.72/modules/pending/discord_voice-1.zip: 72%
2024-10-22T13:01:37.152Z [Modules] Streaming discord_voice@1 to /home/arch/.config/discord/0.0.72/modules/pending/discord_voice-1.zip: 73%
2024-10-22T13:01:37.172Z [Modules] Streaming discord_voice@1 to /home/arch/.config/discord/0.0.72/modules/pending/discord_voice-1.zip: 74%
2024-10-22T13:01:37.195Z [Modules] Streaming discord_voice@1 to /home/arch/.config/discord/0.0.72/modules/pending/discord_voice-1.zip: 75%
2024-10-22T13:01:37.214Z [Modules] Streaming discord_voice@1 to /home/arch/.config/discord/0.0.72/modules/pending/discord_voice-1.zip: 76%
2024-10-22T13:01:37.233Z [Modules] Streaming discord_voice@1 to /home/arch/.config/discord/0.0.72/modules/pending/discord_voice-1.zip: 77%
2024-10-22T13:01:37.251Z [Modules] Streaming discord_voice@1 to /home/arch/.config/discord/0.0.72/modules/pending/discord_voice-1.zip: 78%
2024-10-22T13:01:37.271Z [Modules] Streaming discord_voice@1 to /home/arch/.config/discord/0.0.72/modules/pending/discord_voice-1.zip: 79%
2024-10-22T13:01:37.290Z [Modules] Streaming discord_voice@1 to /home/arch/.config/discord/0.0.72/modules/pending/discord_voice-1.zip: 80%
2024-10-22T13:01:37.317Z [Modules] Streaming discord_voice@1 to /home/arch/.config/discord/0.0.72/modules/pending/discord_voice-1.zip: 81%
2024-10-22T13:01:37.343Z [Modules] Streaming discord_voice@1 to /home/arch/.config/discord/0.0.72/modules/pending/discord_voice-1.zip: 82%
2024-10-22T13:01:37.361Z [Modules] Streaming discord_voice@1 to /home/arch/.config/discord/0.0.72/modules/pending/discord_voice-1.zip: 83%
2024-10-22T13:01:37.380Z [Modules] Streaming discord_voice@1 to /home/arch/.config/discord/0.0.72/modules/pending/discord_voice-1.zip: 84%
2024-10-22T13:01:37.399Z [Modules] Streaming discord_voice@1 to /home/arch/.config/discord/0.0.72/modules/pending/discord_voice-1.zip: 85%
2024-10-22T13:01:37.419Z [Modules] Streaming discord_voice@1 to /home/arch/.config/discord/0.0.72/modules/pending/discord_voice-1.zip: 86%
2024-10-22T13:01:37.442Z [Modules] Streaming discord_voice@1 to /home/arch/.config/discord/0.0.72/modules/pending/discord_voice-1.zip: 87%
2024-10-22T13:01:37.460Z [Modules] Streaming discord_voice@1 to /home/arch/.config/discord/0.0.72/modules/pending/discord_voice-1.zip: 88%
2024-10-22T13:01:37.479Z [Modules] Streaming discord_voice@1 to /home/arch/.config/discord/0.0.72/modules/pending/discord_voice-1.zip: 89%
2024-10-22T13:01:37.498Z [Modules] Streaming discord_voice@1 to /home/arch/.config/discord/0.0.72/modules/pending/discord_voice-1.zip: 90%
2024-10-22T13:01:37.518Z [Modules] Streaming discord_voice@1 to /home/arch/.config/discord/0.0.72/modules/pending/discord_voice-1.zip: 91%
2024-10-22T13:01:37.537Z [Modules] Streaming discord_voice@1 to /home/arch/.config/discord/0.0.72/modules/pending/discord_voice-1.zip: 92%
2024-10-22T13:01:37.556Z [Modules] Streaming discord_voice@1 to /home/arch/.config/discord/0.0.72/modules/pending/discord_voice-1.zip: 93%
2024-10-22T13:01:37.577Z [Modules] Streaming discord_voice@1 to /home/arch/.config/discord/0.0.72/modules/pending/discord_voice-1.zip: 94%
2024-10-22T13:01:37.595Z [Modules] Streaming discord_voice@1 to /home/arch/.config/discord/0.0.72/modules/pending/discord_voice-1.zip: 95%
2024-10-22T13:01:37.614Z [Modules] Streaming discord_voice@1 to /home/arch/.config/discord/0.0.72/modules/pending/discord_voice-1.zip: 96%
2024-10-22T13:01:37.634Z [Modules] Streaming discord_voice@1 to /home/arch/.config/discord/0.0.72/modules/pending/discord_voice-1.zip: 97%
2024-10-22T13:01:37.653Z [Modules] Streaming discord_voice@1 to /home/arch/.config/discord/0.0.72/modules/pending/discord_voice-1.zip: 98%
2024-10-22T13:01:37.672Z [Modules] Streaming discord_voice@1 to /home/arch/.config/discord/0.0.72/modules/pending/discord_voice-1.zip: 99%
2024-10-22T13:01:37.691Z [Modules] Streaming discord_voice@1 to /home/arch/.config/discord/0.0.72/modules/pending/discord_voice-1.zip: 100%
2024-10-22T13:01:37.692Z [Modules] Fetching discord_zstd@1 from https://discord.com/api/modules/stable/discord_zstd/1
2024-10-22T13:01:37.692Z [Modules] Streaming discord_zstd@1 to /home/arch/.config/discord/0.0.72/modules/pending/discord_zstd-1.zip
2024-10-22T13:01:37.917Z [Modules] Streaming discord_zstd@1 to /home/arch/.config/discord/0.0.72/modules/pending/discord_zstd-1.zip: 3%
2024-10-22T13:01:37.917Z [Modules] Streaming discord_zstd@1 to /home/arch/.config/discord/0.0.72/modules/pending/discord_zstd-1.zip: 4%
2024-10-22T13:01:37.917Z [Modules] Streaming discord_zstd@1 to /home/arch/.config/discord/0.0.72/modules/pending/discord_zstd-1.zip: 5%
2024-10-22T13:01:37.917Z [Modules] Streaming discord_zstd@1 to /home/arch/.config/discord/0.0.72/modules/pending/discord_zstd-1.zip: 6%
2024-10-22T13:01:37.918Z [Modules] Streaming discord_zstd@1 to /home/arch/.config/discord/0.0.72/modules/pending/discord_zstd-1.zip: 7%
2024-10-22T13:01:37.918Z [Modules] Streaming discord_zstd@1 to /home/arch/.config/discord/0.0.72/modules/pending/discord_zstd-1.zip: 8%
2024-10-22T13:01:37.918Z [Modules] Streaming discord_zstd@1 to /home/arch/.config/discord/0.0.72/modules/pending/discord_zstd-1.zip: 9%
2024-10-22T13:01:37.918Z [Modules] Streaming discord_zstd@1 to /home/arch/.config/discord/0.0.72/modules/pending/discord_zstd-1.zip: 10%
2024-10-22T13:01:37.919Z [Modules] Streaming discord_zstd@1 to /home/arch/.config/discord/0.0.72/modules/pending/discord_zstd-1.zip: 11%
2024-10-22T13:01:37.919Z [Modules] Streaming discord_zstd@1 to /home/arch/.config/discord/0.0.72/modules/pending/discord_zstd-1.zip: 12%
2024-10-22T13:01:37.919Z [Modules] Streaming discord_zstd@1 to /home/arch/.config/discord/0.0.72/modules/pending/discord_zstd-1.zip: 13%
2024-10-22T13:01:37.919Z [Modules] Streaming discord_zstd@1 to /home/arch/.config/discord/0.0.72/modules/pending/discord_zstd-1.zip: 14%
2024-10-22T13:01:37.920Z [Modules] Streaming discord_zstd@1 to /home/arch/.config/discord/0.0.72/modules/pending/discord_zstd-1.zip: 15%
2024-10-22T13:01:37.920Z [Modules] Streaming discord_zstd@1 to /home/arch/.config/discord/0.0.72/modules/pending/discord_zstd-1.zip: 16%
2024-10-22T13:01:37.920Z [Modules] Streaming discord_zstd@1 to /home/arch/.config/discord/0.0.72/modules/pending/discord_zstd-1.zip: 17%
2024-10-22T13:01:37.921Z [Modules] Streaming discord_zstd@1 to /home/arch/.config/discord/0.0.72/modules/pending/discord_zstd-1.zip: 18%
2024-10-22T13:01:37.921Z [Modules] Streaming discord_zstd@1 to /home/arch/.config/discord/0.0.72/modules/pending/discord_zstd-1.zip: 19%
2024-10-22T13:01:37.921Z [Modules] Streaming discord_zstd@1 to /home/arch/.config/discord/0.0.72/modules/pending/discord_zstd-1.zip: 20%
2024-10-22T13:01:37.921Z [Modules] Streaming discord_zstd@1 to /home/arch/.config/discord/0.0.72/modules/pending/discord_zstd-1.zip: 21%
2024-10-22T13:01:37.922Z [Modules] Streaming discord_zstd@1 to /home/arch/.config/discord/0.0.72/modules/pending/discord_zstd-1.zip: 22%
2024-10-22T13:01:37.922Z [Modules] Streaming discord_zstd@1 to /home/arch/.config/discord/0.0.72/modules/pending/discord_zstd-1.zip: 23%
2024-10-22T13:01:37.923Z [Modules] Streaming discord_zstd@1 to /home/arch/.config/discord/0.0.72/modules/pending/discord_zstd-1.zip: 24%
2024-10-22T13:01:37.923Z [Modules] Streaming discord_zstd@1 to /home/arch/.config/discord/0.0.72/modules/pending/discord_zstd-1.zip: 25%
2024-10-22T13:01:37.923Z [Modules] Streaming discord_zstd@1 to /home/arch/.config/discord/0.0.72/modules/pending/discord_zstd-1.zip: 26%
2024-10-22T13:01:37.923Z [Modules] Streaming discord_zstd@1 to /home/arch/.config/discord/0.0.72/modules/pending/discord_zstd-1.zip: 27%
2024-10-22T13:01:37.924Z [Modules] Streaming discord_zstd@1 to /home/arch/.config/discord/0.0.72/modules/pending/discord_zstd-1.zip: 28%
2024-10-22T13:01:37.924Z [Modules] Streaming discord_zstd@1 to /home/arch/.config/discord/0.0.72/modules/pending/discord_zstd-1.zip: 29%
2024-10-22T13:01:37.924Z [Modules] Streaming discord_zstd@1 to /home/arch/.config/discord/0.0.72/modules/pending/discord_zstd-1.zip: 30%
2024-10-22T13:01:37.925Z [Modules] Streaming discord_zstd@1 to /home/arch/.config/discord/0.0.72/modules/pending/discord_zstd-1.zip: 31%
2024-10-22T13:01:37.925Z [Modules] Streaming discord_zstd@1 to /home/arch/.config/discord/0.0.72/modules/pending/discord_zstd-1.zip: 32%
2024-10-22T13:01:37.926Z [Modules] Streaming discord_zstd@1 to /home/arch/.config/discord/0.0.72/modules/pending/discord_zstd-1.zip: 33%
2024-10-22T13:01:37.926Z [Modules] Streaming discord_zstd@1 to /home/arch/.config/discord/0.0.72/modules/pending/discord_zstd-1.zip: 35%
2024-10-22T13:01:37.927Z [Modules] Streaming discord_zstd@1 to /home/arch/.config/discord/0.0.72/modules/pending/discord_zstd-1.zip: 36%
2024-10-22T13:01:37.927Z [Modules] Streaming discord_zstd@1 to /home/arch/.config/discord/0.0.72/modules/pending/discord_zstd-1.zip: 37%
2024-10-22T13:01:37.928Z [Modules] Streaming discord_zstd@1 to /home/arch/.config/discord/0.0.72/modules/pending/discord_zstd-1.zip: 38%
2024-10-22T13:01:37.928Z [Modules] Streaming discord_zstd@1 to /home/arch/.config/discord/0.0.72/modules/pending/discord_zstd-1.zip: 39%
2024-10-22T13:01:37.928Z [Modules] Streaming discord_zstd@1 to /home/arch/.config/discord/0.0.72/modules/pending/discord_zstd-1.zip: 40%
2024-10-22T13:01:37.928Z [Modules] Streaming discord_zstd@1 to /home/arch/.config/discord/0.0.72/modules/pending/discord_zstd-1.zip: 41%
2024-10-22T13:01:37.929Z [Modules] Streaming discord_zstd@1 to /home/arch/.config/discord/0.0.72/modules/pending/discord_zstd-1.zip: 42%
2024-10-22T13:01:37.929Z [Modules] Streaming discord_zstd@1 to /home/arch/.config/discord/0.0.72/modules/pending/discord_zstd-1.zip: 43%
2024-10-22T13:01:37.929Z [Modules] Streaming discord_zstd@1 to /home/arch/.config/discord/0.0.72/modules/pending/discord_zstd-1.zip: 44%
2024-10-22T13:01:37.930Z [Modules] Streaming discord_zstd@1 to /home/arch/.config/discord/0.0.72/modules/pending/discord_zstd-1.zip: 45%
2024-10-22T13:01:37.930Z [Modules] Streaming discord_zstd@1 to /home/arch/.config/discord/0.0.72/modules/pending/discord_zstd-1.zip: 46%
2024-10-22T13:01:37.930Z [Modules] Streaming discord_zstd@1 to /home/arch/.config/discord/0.0.72/modules/pending/discord_zstd-1.zip: 47%
2024-10-22T13:01:37.930Z [Modules] Streaming discord_zstd@1 to /home/arch/.config/discord/0.0.72/modules/pending/discord_zstd-1.zip: 48%
2024-10-22T13:01:37.931Z [Modules] Streaming discord_zstd@1 to /home/arch/.config/discord/0.0.72/modules/pending/discord_zstd-1.zip: 49%
2024-10-22T13:01:37.931Z [Modules] Streaming discord_zstd@1 to /home/arch/.config/discord/0.0.72/modules/pending/discord_zstd-1.zip: 50%
2024-10-22T13:01:37.931Z [Modules] Streaming discord_zstd@1 to /home/arch/.config/discord/0.0.72/modules/pending/discord_zstd-1.zip: 51%
2024-10-22T13:01:37.931Z [Modules] Streaming discord_zstd@1 to /home/arch/.config/discord/0.0.72/modules/pending/discord_zstd-1.zip: 52%
2024-10-22T13:01:37.932Z [Modules] Streaming discord_zstd@1 to /home/arch/.config/discord/0.0.72/modules/pending/discord_zstd-1.zip: 53%
2024-10-22T13:01:37.932Z [Modules] Streaming discord_zstd@1 to /home/arch/.config/discord/0.0.72/modules/pending/discord_zstd-1.zip: 54%
2024-10-22T13:01:37.932Z [Modules] Streaming discord_zstd@1 to /home/arch/.config/discord/0.0.72/modules/pending/discord_zstd-1.zip: 55%
2024-10-22T13:01:37.935Z [Modules] Streaming discord_zstd@1 to /home/arch/.config/discord/0.0.72/modules/pending/discord_zstd-1.zip: 56%
2024-10-22T13:01:37.935Z [Modules] Streaming discord_zstd@1 to /home/arch/.config/discord/0.0.72/modules/pending/discord_zstd-1.zip: 57%
2024-10-22T13:01:37.936Z [Modules] Streaming discord_zstd@1 to /home/arch/.config/discord/0.0.72/modules/pending/discord_zstd-1.zip: 58%
2024-10-22T13:01:37.936Z [Modules] Streaming discord_zstd@1 to /home/arch/.config/discord/0.0.72/modules/pending/discord_zstd-1.zip: 59%
2024-10-22T13:01:37.936Z [Modules] Streaming discord_zstd@1 to /home/arch/.config/discord/0.0.72/modules/pending/discord_zstd-1.zip: 60%
2024-10-22T13:01:37.937Z [Modules] Streaming discord_zstd@1 to /home/arch/.config/discord/0.0.72/modules/pending/discord_zstd-1.zip: 61%
2024-10-22T13:01:37.937Z [Modules] Streaming discord_zstd@1 to /home/arch/.config/discord/0.0.72/modules/pending/discord_zstd-1.zip: 62%
2024-10-22T13:01:37.937Z [Modules] Streaming discord_zstd@1 to /home/arch/.config/discord/0.0.72/modules/pending/discord_zstd-1.zip: 63%
2024-10-22T13:01:37.937Z [Modules] Streaming discord_zstd@1 to /home/arch/.config/discord/0.0.72/modules/pending/discord_zstd-1.zip: 64%
2024-10-22T13:01:37.938Z [Modules] Streaming discord_zstd@1 to /home/arch/.config/discord/0.0.72/modules/pending/discord_zstd-1.zip: 65%
2024-10-22T13:01:37.938Z [Modules] Streaming discord_zstd@1 to /home/arch/.config/discord/0.0.72/modules/pending/discord_zstd-1.zip: 66%
2024-10-22T13:01:37.938Z [Modules] Streaming discord_zstd@1 to /home/arch/.config/discord/0.0.72/modules/pending/discord_zstd-1.zip: 67%
2024-10-22T13:01:37.938Z [Modules] Streaming discord_zstd@1 to /home/arch/.config/discord/0.0.72/modules/pending/discord_zstd-1.zip: 68%
2024-10-22T13:01:37.939Z [Modules] Streaming discord_zstd@1 to /home/arch/.config/discord/0.0.72/modules/pending/discord_zstd-1.zip: 69%
2024-10-22T13:01:37.939Z [Modules] Streaming discord_zstd@1 to /home/arch/.config/discord/0.0.72/modules/pending/discord_zstd-1.zip: 70%
2024-10-22T13:01:37.939Z [Modules] Streaming discord_zstd@1 to /home/arch/.config/discord/0.0.72/modules/pending/discord_zstd-1.zip: 71%
2024-10-22T13:01:37.940Z [Modules] Streaming discord_zstd@1 to /home/arch/.config/discord/0.0.72/modules/pending/discord_zstd-1.zip: 72%
2024-10-22T13:01:37.940Z [Modules] Streaming discord_zstd@1 to /home/arch/.config/discord/0.0.72/modules/pending/discord_zstd-1.zip: 73%
2024-10-22T13:01:37.940Z [Modules] Streaming discord_zstd@1 to /home/arch/.config/discord/0.0.72/modules/pending/discord_zstd-1.zip: 74%
2024-10-22T13:01:37.940Z [Modules] Streaming discord_zstd@1 to /home/arch/.config/discord/0.0.72/modules/pending/discord_zstd-1.zip: 75%
2024-10-22T13:01:37.941Z [Modules] Streaming discord_zstd@1 to /home/arch/.config/discord/0.0.72/modules/pending/discord_zstd-1.zip: 76%
2024-10-22T13:01:37.941Z [Modules] Streaming discord_zstd@1 to /home/arch/.config/discord/0.0.72/modules/pending/discord_zstd-1.zip: 77%
2024-10-22T13:01:37.941Z [Modules] Streaming discord_zstd@1 to /home/arch/.config/discord/0.0.72/modules/pending/discord_zstd-1.zip: 78%
2024-10-22T13:01:37.941Z [Modules] Streaming discord_zstd@1 to /home/arch/.config/discord/0.0.72/modules/pending/discord_zstd-1.zip: 79%
2024-10-22T13:01:37.942Z [Modules] Streaming discord_zstd@1 to /home/arch/.config/discord/0.0.72/modules/pending/discord_zstd-1.zip: 80%
2024-10-22T13:01:37.942Z [Modules] Streaming discord_zstd@1 to /home/arch/.config/discord/0.0.72/modules/pending/discord_zstd-1.zip: 81%
2024-10-22T13:01:37.942Z [Modules] Streaming discord_zstd@1 to /home/arch/.config/discord/0.0.72/modules/pending/discord_zstd-1.zip: 82%
2024-10-22T13:01:37.943Z [Modules] Streaming discord_zstd@1 to /home/arch/.config/discord/0.0.72/modules/pending/discord_zstd-1.zip: 83%
2024-10-22T13:01:37.943Z [Modules] Streaming discord_zstd@1 to /home/arch/.config/discord/0.0.72/modules/pending/discord_zstd-1.zip: 84%
2024-10-22T13:01:37.943Z [Modules] Streaming discord_zstd@1 to /home/arch/.config/discord/0.0.72/modules/pending/discord_zstd-1.zip: 85%
2024-10-22T13:01:37.944Z [Modules] Streaming discord_zstd@1 to /home/arch/.config/discord/0.0.72/modules/pending/discord_zstd-1.zip: 86%
2024-10-22T13:01:37.944Z [Modules] Streaming discord_zstd@1 to /home/arch/.config/discord/0.0.72/modules/pending/discord_zstd-1.zip: 87%
2024-10-22T13:01:37.944Z [Modules] Streaming discord_zstd@1 to /home/arch/.config/discord/0.0.72/modules/pending/discord_zstd-1.zip: 89%
2024-10-22T13:01:37.945Z [Modules] Streaming discord_zstd@1 to /home/arch/.config/discord/0.0.72/modules/pending/discord_zstd-1.zip: 90%
2024-10-22T13:01:37.945Z [Modules] Streaming discord_zstd@1 to /home/arch/.config/discord/0.0.72/modules/pending/discord_zstd-1.zip: 91%
2024-10-22T13:01:37.946Z [Modules] Streaming discord_zstd@1 to /home/arch/.config/discord/0.0.72/modules/pending/discord_zstd-1.zip: 92%
2024-10-22T13:01:37.946Z [Modules] Streaming discord_zstd@1 to /home/arch/.config/discord/0.0.72/modules/pending/discord_zstd-1.zip: 93%
2024-10-22T13:01:37.946Z [Modules] Streaming discord_zstd@1 to /home/arch/.config/discord/0.0.72/modules/pending/discord_zstd-1.zip: 94%
2024-10-22T13:01:37.947Z [Modules] Streaming discord_zstd@1 to /home/arch/.config/discord/0.0.72/modules/pending/discord_zstd-1.zip: 95%
2024-10-22T13:01:37.947Z [Modules] Streaming discord_zstd@1 to /home/arch/.config/discord/0.0.72/modules/pending/discord_zstd-1.zip: 96%
2024-10-22T13:01:37.947Z [Modules] Streaming discord_zstd@1 to /home/arch/.config/discord/0.0.72/modules/pending/discord_zstd-1.zip: 97%
2024-10-22T13:01:37.947Z [Modules] Streaming discord_zstd@1 to /home/arch/.config/discord/0.0.72/modules/pending/discord_zstd-1.zip: 98%
2024-10-22T13:01:37.948Z [Modules] Streaming discord_zstd@1 to /home/arch/.config/discord/0.0.72/modules/pending/discord_zstd-1.zip: 99%
2024-10-22T13:01:37.948Z [Modules] Streaming discord_zstd@1 to /home/arch/.config/discord/0.0.72/modules/pending/discord_zstd-1.zip: 100%
2024-10-22T13:01:37.948Z [Modules] Finished module downloads. [success: 6] [failure: 0]
2024-10-22T13:01:37.949Z [Modules] Installing updates...
2024-10-22T13:01:37.949Z [Modules] Installing discord_desktop_core@1 from /home/arch/.config/discord/0.0.72/modules/pending/discord_desktop_core-1.zip
2024-10-22T13:01:37.999Z [Modules] Installing discord_erlpack@1 from /home/arch/.config/discord/0.0.72/modules/pending/discord_erlpack-1.zip
2024-10-22T13:01:38.034Z [Modules] Installing discord_spellcheck@1 from /home/arch/.config/discord/0.0.72/modules/pending/discord_spellcheck-1.zip
2024-10-22T13:01:38.403Z [Modules] Installing discord_utils@1 from /home/arch/.config/discord/0.0.72/modules/pending/discord_utils-1.zip
2024-10-22T13:01:38.478Z [Modules] Installing discord_voice@1 from /home/arch/.config/discord/0.0.72/modules/pending/discord_voice-1.zip
2024-10-22T13:01:38.800Z [Modules] Installing discord_zstd@1 from /home/arch/.config/discord/0.0.72/modules/pending/discord_zstd-1.zip
2024-10-22T13:01:38.806Z [Modules] Finished module installations. [success: 6] [failure: 0]
2024-10-22T13:01:38.806Z [Modules] Checking for host updates.
2024-10-22T13:01:38.998Z [Modules] Host is up to date.
2024-10-22T13:01:38.998Z [Modules] Checking for module updates at https://discord.com/api/modules/stable/versions.json
2024-10-22T13:01:39.000Z [Modules] No module updates available.
2024-10-22T13:01:40.107Z [Modules] Starting to install discord_krisp...
2024-10-22T13:01:40.108Z [Modules] Fetching discord_krisp@1 from https://discord.com/api/modules/stable/discord_krisp/1
2024-10-22T13:01:40.108Z [Modules] Streaming discord_krisp@1 to /home/arch/.config/discord/0.0.72/modules/pending/discord_krisp-1.zip
2024-10-22T13:01:40.115Z [Modules] Starting to install discord_game_utils...
2024-10-22T13:01:40.526Z [Modules] Streaming discord_krisp@1 to /home/arch/.config/discord/0.0.72/modules/pending/discord_krisp-1.zip: 1%
2024-10-22T13:01:40.526Z [Modules] Streaming discord_krisp@1 to /home/arch/.config/discord/0.0.72/modules/pending/discord_krisp-1.zip: 2%
2024-10-22T13:01:40.532Z [Modules] Streaming discord_krisp@1 to /home/arch/.config/discord/0.0.72/modules/pending/discord_krisp-1.zip: 3%
2024-10-22T13:01:40.569Z [Modules] Streaming discord_krisp@1 to /home/arch/.config/discord/0.0.72/modules/pending/discord_krisp-1.zip: 4%
2024-10-22T13:01:40.605Z [Modules] Streaming discord_krisp@1 to /home/arch/.config/discord/0.0.72/modules/pending/discord_krisp-1.zip: 5%
2024-10-22T13:01:40.636Z [Modules] Streaming discord_krisp@1 to /home/arch/.config/discord/0.0.72/modules/pending/discord_krisp-1.zip: 6%
2024-10-22T13:01:40.671Z [Modules] Streaming discord_krisp@1 to /home/arch/.config/discord/0.0.72/modules/pending/discord_krisp-1.zip: 7%
2024-10-22T13:01:40.709Z [Modules] Streaming discord_krisp@1 to /home/arch/.config/discord/0.0.72/modules/pending/discord_krisp-1.zip: 8%
2024-10-22T13:01:40.733Z [Modules] Streaming discord_krisp@1 to /home/arch/.config/discord/0.0.72/modules/pending/discord_krisp-1.zip: 9%
2024-10-22T13:01:40.753Z [Modules] Streaming discord_krisp@1 to /home/arch/.config/discord/0.0.72/modules/pending/discord_krisp-1.zip: 10%
2024-10-22T13:01:40.775Z [Modules] Streaming discord_krisp@1 to /home/arch/.config/discord/0.0.72/modules/pending/discord_krisp-1.zip: 11%
2024-10-22T13:01:40.794Z [Modules] Streaming discord_krisp@1 to /home/arch/.config/discord/0.0.72/modules/pending/discord_krisp-1.zip: 12%
2024-10-22T13:01:40.795Z [Modules] Checking for host updates.
2024-10-22T13:01:40.815Z [Modules] Streaming discord_krisp@1 to /home/arch/.config/discord/0.0.72/modules/pending/discord_krisp-1.zip: 13%
2024-10-22T13:01:40.834Z [Modules] Streaming discord_krisp@1 to /home/arch/.config/discord/0.0.72/modules/pending/discord_krisp-1.zip: 14%
2024-10-22T13:01:40.854Z [Modules] Streaming discord_krisp@1 to /home/arch/.config/discord/0.0.72/modules/pending/discord_krisp-1.zip: 15%
2024-10-22T13:01:40.875Z [Modules] Streaming discord_krisp@1 to /home/arch/.config/discord/0.0.72/modules/pending/discord_krisp-1.zip: 16%
2024-10-22T13:01:40.885Z [Modules] Starting to install discord_rpc...
2024-10-22T13:01:40.924Z [Modules] Streaming discord_krisp@1 to /home/arch/.config/discord/0.0.72/modules/pending/discord_krisp-1.zip: 18%
2024-10-22T13:01:40.936Z [Modules] Streaming discord_krisp@1 to /home/arch/.config/discord/0.0.72/modules/pending/discord_krisp-1.zip: 19%
2024-10-22T13:01:40.957Z [Modules] Streaming discord_krisp@1 to /home/arch/.config/discord/0.0.72/modules/pending/discord_krisp-1.zip: 20%
2024-10-22T13:01:40.969Z [Modules] Host is up to date.
2024-10-22T13:01:40.970Z [Modules] Checking for module updates at https://discord.com/api/modules/stable/versions.json
2024-10-22T13:01:40.971Z [Modules] No module updates available.
2024-10-22T13:01:40.977Z [Modules] Streaming discord_krisp@1 to /home/arch/.config/discord/0.0.72/modules/pending/discord_krisp-1.zip: 21%
2024-10-22T13:01:40.998Z [Modules] Streaming discord_krisp@1 to /home/arch/.config/discord/0.0.72/modules/pending/discord_krisp-1.zip: 22%
2024-10-22T13:01:41.016Z [Modules] Streaming discord_krisp@1 to /home/arch/.config/discord/0.0.72/modules/pending/discord_krisp-1.zip: 23%
2024-10-22T13:01:41.037Z [Modules] Streaming discord_krisp@1 to /home/arch/.config/discord/0.0.72/modules/pending/discord_krisp-1.zip: 24%
2024-10-22T13:01:41.057Z [Modules] Streaming discord_krisp@1 to /home/arch/.config/discord/0.0.72/modules/pending/discord_krisp-1.zip: 25%
2024-10-22T13:01:41.077Z [Modules] Streaming discord_krisp@1 to /home/arch/.config/discord/0.0.72/modules/pending/discord_krisp-1.zip: 26%
2024-10-22T13:01:41.097Z [Modules] Streaming discord_krisp@1 to /home/arch/.config/discord/0.0.72/modules/pending/discord_krisp-1.zip: 27%
2024-10-22T13:01:41.117Z [Modules] Streaming discord_krisp@1 to /home/arch/.config/discord/0.0.72/modules/pending/discord_krisp-1.zip: 28%
2024-10-22T13:01:41.136Z [Modules] Streaming discord_krisp@1 to /home/arch/.config/discord/0.0.72/modules/pending/discord_krisp-1.zip: 29%
2024-10-22T13:01:41.156Z [Modules] Streaming discord_krisp@1 to /home/arch/.config/discord/0.0.72/modules/pending/discord_krisp-1.zip: 30%
2024-10-22T13:01:41.176Z [Modules] Streaming discord_krisp@1 to /home/arch/.config/discord/0.0.72/modules/pending/discord_krisp-1.zip: 31%
2024-10-22T13:01:41.196Z [Modules] Streaming discord_krisp@1 to /home/arch/.config/discord/0.0.72/modules/pending/discord_krisp-1.zip: 32%
2024-10-22T13:01:41.216Z [Modules] Streaming discord_krisp@1 to /home/arch/.config/discord/0.0.72/modules/pending/discord_krisp-1.zip: 33%
2024-10-22T13:01:41.236Z [Modules] Streaming discord_krisp@1 to /home/arch/.config/discord/0.0.72/modules/pending/discord_krisp-1.zip: 34%
2024-10-22T13:01:41.255Z [Modules] Streaming discord_krisp@1 to /home/arch/.config/discord/0.0.72/modules/pending/discord_krisp-1.zip: 35%
2024-10-22T13:01:41.276Z [Modules] Streaming discord_krisp@1 to /home/arch/.config/discord/0.0.72/modules/pending/discord_krisp-1.zip: 36%
2024-10-22T13:01:41.295Z [Modules] Streaming discord_krisp@1 to /home/arch/.config/discord/0.0.72/modules/pending/discord_krisp-1.zip: 37%
2024-10-22T13:01:41.315Z [Modules] Streaming discord_krisp@1 to /home/arch/.config/discord/0.0.72/modules/pending/discord_krisp-1.zip: 38%
2024-10-22T13:01:41.336Z [Modules] Streaming discord_krisp@1 to /home/arch/.config/discord/0.0.72/modules/pending/discord_krisp-1.zip: 39%
2024-10-22T13:01:41.355Z [Modules] Streaming discord_krisp@1 to /home/arch/.config/discord/0.0.72/modules/pending/discord_krisp-1.zip: 40%
2024-10-22T13:01:41.375Z [Modules] Streaming discord_krisp@1 to /home/arch/.config/discord/0.0.72/modules/pending/discord_krisp-1.zip: 41%
2024-10-22T13:01:41.396Z [Modules] Streaming discord_krisp@1 to /home/arch/.config/discord/0.0.72/modules/pending/discord_krisp-1.zip: 42%
2024-10-22T13:01:41.416Z [Modules] Streaming discord_krisp@1 to /home/arch/.config/discord/0.0.72/modules/pending/discord_krisp-1.zip: 43%
2024-10-22T13:01:41.435Z [Modules] Streaming discord_krisp@1 to /home/arch/.config/discord/0.0.72/modules/pending/discord_krisp-1.zip: 44%
2024-10-22T13:01:41.455Z [Modules] Streaming discord_krisp@1 to /home/arch/.config/discord/0.0.72/modules/pending/discord_krisp-1.zip: 45%
2024-10-22T13:01:41.478Z [Modules] Streaming discord_krisp@1 to /home/arch/.config/discord/0.0.72/modules/pending/discord_krisp-1.zip: 46%
2024-10-22T13:01:41.496Z [Modules] Streaming discord_krisp@1 to /home/arch/.config/discord/0.0.72/modules/pending/discord_krisp-1.zip: 47%
2024-10-22T13:01:41.522Z [Modules] Streaming discord_krisp@1 to /home/arch/.config/discord/0.0.72/modules/pending/discord_krisp-1.zip: 48%
2024-10-22T13:01:41.541Z [Modules] Streaming discord_krisp@1 to /home/arch/.config/discord/0.0.72/modules/pending/discord_krisp-1.zip: 49%
2024-10-22T13:01:41.566Z [Modules] Streaming discord_krisp@1 to /home/arch/.config/discord/0.0.72/modules/pending/discord_krisp-1.zip: 50%
2024-10-22T13:01:41.584Z [Modules] Streaming discord_krisp@1 to /home/arch/.config/discord/0.0.72/modules/pending/discord_krisp-1.zip: 51%
2024-10-22T13:01:41.609Z [Modules] Streaming discord_krisp@1 to /home/arch/.config/discord/0.0.72/modules/pending/discord_krisp-1.zip: 52%
2024-10-22T13:01:41.630Z [Modules] Streaming discord_krisp@1 to /home/arch/.config/discord/0.0.72/modules/pending/discord_krisp-1.zip: 53%
2024-10-22T13:01:41.648Z [Modules] Streaming discord_krisp@1 to /home/arch/.config/discord/0.0.72/modules/pending/discord_krisp-1.zip: 54%
2024-10-22T13:01:41.669Z [Modules] Streaming discord_krisp@1 to /home/arch/.config/discord/0.0.72/modules/pending/discord_krisp-1.zip: 55%
2024-10-22T13:01:41.689Z [Modules] Streaming discord_krisp@1 to /home/arch/.config/discord/0.0.72/modules/pending/discord_krisp-1.zip: 56%
2024-10-22T13:01:41.710Z [Modules] Streaming discord_krisp@1 to /home/arch/.config/discord/0.0.72/modules/pending/discord_krisp-1.zip: 57%
2024-10-22T13:01:41.728Z [Modules] Streaming discord_krisp@1 to /home/arch/.config/discord/0.0.72/modules/pending/discord_krisp-1.zip: 58%
2024-10-22T13:01:41.748Z [Modules] Streaming discord_krisp@1 to /home/arch/.config/discord/0.0.72/modules/pending/discord_krisp-1.zip: 59%
2024-10-22T13:01:41.769Z [Modules] Streaming discord_krisp@1 to /home/arch/.config/discord/0.0.72/modules/pending/discord_krisp-1.zip: 60%
2024-10-22T13:01:41.788Z [Modules] Streaming discord_krisp@1 to /home/arch/.config/discord/0.0.72/modules/pending/discord_krisp-1.zip: 61%
2024-10-22T13:01:41.808Z [Modules] Streaming discord_krisp@1 to /home/arch/.config/discord/0.0.72/modules/pending/discord_krisp-1.zip: 62%
2024-10-22T13:01:41.828Z [Modules] Streaming discord_krisp@1 to /home/arch/.config/discord/0.0.72/modules/pending/discord_krisp-1.zip: 63%
2024-10-22T13:01:41.848Z [Modules] Streaming discord_krisp@1 to /home/arch/.config/discord/0.0.72/modules/pending/discord_krisp-1.zip: 64%
2024-10-22T13:01:41.869Z [Modules] Streaming discord_krisp@1 to /home/arch/.config/discord/0.0.72/modules/pending/discord_krisp-1.zip: 65%
2024-10-22T13:01:41.888Z [Modules] Streaming discord_krisp@1 to /home/arch/.config/discord/0.0.72/modules/pending/discord_krisp-1.zip: 66%
2024-10-22T13:01:41.907Z [Modules] Streaming discord_krisp@1 to /home/arch/.config/discord/0.0.72/modules/pending/discord_krisp-1.zip: 67%
2024-10-22T13:01:41.937Z [Modules] Streaming discord_krisp@1 to /home/arch/.config/discord/0.0.72/modules/pending/discord_krisp-1.zip: 68%
2024-10-22T13:01:41.950Z [Modules] Streaming discord_krisp@1 to /home/arch/.config/discord/0.0.72/modules/pending/discord_krisp-1.zip: 69%
2024-10-22T13:01:41.971Z [Modules] Streaming discord_krisp@1 to /home/arch/.config/discord/0.0.72/modules/pending/discord_krisp-1.zip: 70%
2024-10-22T13:01:41.990Z [Modules] Streaming discord_krisp@1 to /home/arch/.config/discord/0.0.72/modules/pending/discord_krisp-1.zip: 71%
2024-10-22T13:01:42.010Z [Modules] Streaming discord_krisp@1 to /home/arch/.config/discord/0.0.72/modules/pending/discord_krisp-1.zip: 72%
2024-10-22T13:01:42.032Z [Modules] Streaming discord_krisp@1 to /home/arch/.config/discord/0.0.72/modules/pending/discord_krisp-1.zip: 73%
2024-10-22T13:01:42.053Z [Modules] Streaming discord_krisp@1 to /home/arch/.config/discord/0.0.72/modules/pending/discord_krisp-1.zip: 74%
2024-10-22T13:01:42.072Z [Modules] Streaming discord_krisp@1 to /home/arch/.config/discord/0.0.72/modules/pending/discord_krisp-1.zip: 75%
2024-10-22T13:01:42.092Z [Modules] Streaming discord_krisp@1 to /home/arch/.config/discord/0.0.72/modules/pending/discord_krisp-1.zip: 76%
2024-10-22T13:01:42.112Z [Modules] Streaming discord_krisp@1 to /home/arch/.config/discord/0.0.72/modules/pending/discord_krisp-1.zip: 77%
2024-10-22T13:01:42.132Z [Modules] Streaming discord_krisp@1 to /home/arch/.config/discord/0.0.72/modules/pending/discord_krisp-1.zip: 78%
2024-10-22T13:01:42.152Z [Modules] Streaming discord_krisp@1 to /home/arch/.config/discord/0.0.72/modules/pending/discord_krisp-1.zip: 79%
2024-10-22T13:01:42.172Z [Modules] Streaming discord_krisp@1 to /home/arch/.config/discord/0.0.72/modules/pending/discord_krisp-1.zip: 80%
2024-10-22T13:01:42.194Z [Modules] Streaming discord_krisp@1 to /home/arch/.config/discord/0.0.72/modules/pending/discord_krisp-1.zip: 81%
2024-10-22T13:01:42.214Z [Modules] Streaming discord_krisp@1 to /home/arch/.config/discord/0.0.72/modules/pending/discord_krisp-1.zip: 82%
2024-10-22T13:01:42.239Z [Modules] Streaming discord_krisp@1 to /home/arch/.config/discord/0.0.72/modules/pending/discord_krisp-1.zip: 83%
2024-10-22T13:01:42.257Z [Modules] Streaming discord_krisp@1 to /home/arch/.config/discord/0.0.72/modules/pending/discord_krisp-1.zip: 84%
2024-10-22T13:01:42.278Z [Modules] Streaming discord_krisp@1 to /home/arch/.config/discord/0.0.72/modules/pending/discord_krisp-1.zip: 85%
2024-10-22T13:01:42.298Z [Modules] Streaming discord_krisp@1 to /home/arch/.config/discord/0.0.72/modules/pending/discord_krisp-1.zip: 86%
2024-10-22T13:01:42.317Z [Modules] Streaming discord_krisp@1 to /home/arch/.config/discord/0.0.72/modules/pending/discord_krisp-1.zip: 87%
2024-10-22T13:01:42.338Z [Modules] Streaming discord_krisp@1 to /home/arch/.config/discord/0.0.72/modules/pending/discord_krisp-1.zip: 88%
2024-10-22T13:01:42.357Z [Modules] Streaming discord_krisp@1 to /home/arch/.config/discord/0.0.72/modules/pending/discord_krisp-1.zip: 89%
2024-10-22T13:01:42.377Z [Modules] Streaming discord_krisp@1 to /home/arch/.config/discord/0.0.72/modules/pending/discord_krisp-1.zip: 90%
2024-10-22T13:01:42.397Z [Modules] Streaming discord_krisp@1 to /home/arch/.config/discord/0.0.72/modules/pending/discord_krisp-1.zip: 91%
2024-10-22T13:01:42.419Z [Modules] Streaming discord_krisp@1 to /home/arch/.config/discord/0.0.72/modules/pending/discord_krisp-1.zip: 92%
2024-10-22T13:01:42.437Z [Modules] Streaming discord_krisp@1 to /home/arch/.config/discord/0.0.72/modules/pending/discord_krisp-1.zip: 93%
2024-10-22T13:01:42.457Z [Modules] Streaming discord_krisp@1 to /home/arch/.config/discord/0.0.72/modules/pending/discord_krisp-1.zip: 94%
2024-10-22T13:01:42.478Z [Modules] Streaming discord_krisp@1 to /home/arch/.config/discord/0.0.72/modules/pending/discord_krisp-1.zip: 95%
2024-10-22T13:01:42.497Z [Modules] Streaming discord_krisp@1 to /home/arch/.config/discord/0.0.72/modules/pending/discord_krisp-1.zip: 96%
2024-10-22T13:01:42.517Z [Modules] Streaming discord_krisp@1 to /home/arch/.config/discord/0.0.72/modules/pending/discord_krisp-1.zip: 97%
2024-10-22T13:01:42.538Z [Modules] Streaming discord_krisp@1 to /home/arch/.config/discord/0.0.72/modules/pending/discord_krisp-1.zip: 98%
2024-10-22T13:01:42.558Z [Modules] Streaming discord_krisp@1 to /home/arch/.config/discord/0.0.72/modules/pending/discord_krisp-1.zip: 99%
2024-10-22T13:01:42.578Z [Modules] Streaming discord_krisp@1 to /home/arch/.config/discord/0.0.72/modules/pending/discord_krisp-1.zip: 100%
2024-10-22T13:01:42.579Z [Modules] Fetching discord_game_utils@1 from https://discord.com/api/modules/stable/discord_game_utils/1
2024-10-22T13:01:42.579Z [Modules] Streaming discord_game_utils@1 to /home/arch/.config/discord/0.0.72/modules/pending/discord_game_utils-1.zip
2024-10-22T13:01:42.579Z [Modules] Installing discord_krisp@1 from /home/arch/.config/discord/0.0.72/modules/pending/discord_krisp-1.zip
2024-10-22T13:01:42.813Z [Modules] Streaming discord_game_utils@1 to /home/arch/.config/discord/0.0.72/modules/pending/discord_game_utils-1.zip: 1%
2024-10-22T13:01:42.816Z [Modules] Streaming discord_game_utils@1 to /home/arch/.config/discord/0.0.72/modules/pending/discord_game_utils-1.zip: 2%
2024-10-22T13:01:42.818Z [Modules] Streaming discord_game_utils@1 to /home/arch/.config/discord/0.0.72/modules/pending/discord_game_utils-1.zip: 3%
2024-10-22T13:01:42.819Z [Modules] Finished module installations. [success: 1] [failure: 0]
2024-10-22T13:01:42.820Z [Modules] Streaming discord_game_utils@1 to /home/arch/.config/discord/0.0.72/modules/pending/discord_game_utils-1.zip: 4%
2024-10-22T13:01:42.822Z [Modules] Streaming discord_game_utils@1 to /home/arch/.config/discord/0.0.72/modules/pending/discord_game_utils-1.zip: 5%
2024-10-22T13:01:42.826Z [Modules] Streaming discord_game_utils@1 to /home/arch/.config/discord/0.0.72/modules/pending/discord_game_utils-1.zip: 6%
2024-10-22T13:01:42.828Z [Modules] Streaming discord_game_utils@1 to /home/arch/.config/discord/0.0.72/modules/pending/discord_game_utils-1.zip: 7%
2024-10-22T13:01:42.829Z [Modules] Streaming discord_game_utils@1 to /home/arch/.config/discord/0.0.72/modules/pending/discord_game_utils-1.zip: 8%
2024-10-22T13:01:42.831Z [Modules] Streaming discord_game_utils@1 to /home/arch/.config/discord/0.0.72/modules/pending/discord_game_utils-1.zip: 9%
2024-10-22T13:01:42.833Z [Modules] Streaming discord_game_utils@1 to /home/arch/.config/discord/0.0.72/modules/pending/discord_game_utils-1.zip: 10%
2024-10-22T13:01:42.836Z [Modules] Streaming discord_game_utils@1 to /home/arch/.config/discord/0.0.72/modules/pending/discord_game_utils-1.zip: 11%
2024-10-22T13:01:42.838Z [Modules] Streaming discord_game_utils@1 to /home/arch/.config/discord/0.0.72/modules/pending/discord_game_utils-1.zip: 12%
2024-10-22T13:01:42.842Z [Modules] Streaming discord_game_utils@1 to /home/arch/.config/discord/0.0.72/modules/pending/discord_game_utils-1.zip: 13%
2024-10-22T13:01:42.844Z [Modules] Streaming discord_game_utils@1 to /home/arch/.config/discord/0.0.72/modules/pending/discord_game_utils-1.zip: 14%
2024-10-22T13:01:42.846Z [Modules] Streaming discord_game_utils@1 to /home/arch/.config/discord/0.0.72/modules/pending/discord_game_utils-1.zip: 15%
2024-10-22T13:01:42.848Z [Modules] Streaming discord_game_utils@1 to /home/arch/.config/discord/0.0.72/modules/pending/discord_game_utils-1.zip: 16%
2024-10-22T13:01:42.850Z [Modules] Streaming discord_game_utils@1 to /home/arch/.config/discord/0.0.72/modules/pending/discord_game_utils-1.zip: 17%
2024-10-22T13:01:42.853Z [Modules] Streaming discord_game_utils@1 to /home/arch/.config/discord/0.0.72/modules/pending/discord_game_utils-1.zip: 18%
2024-10-22T13:01:42.856Z [Modules] Streaming discord_game_utils@1 to /home/arch/.config/discord/0.0.72/modules/pending/discord_game_utils-1.zip: 19%
2024-10-22T13:01:42.858Z [Modules] Streaming discord_game_utils@1 to /home/arch/.config/discord/0.0.72/modules/pending/discord_game_utils-1.zip: 20%
2024-10-22T13:01:42.860Z [Modules] Streaming discord_game_utils@1 to /home/arch/.config/discord/0.0.72/modules/pending/discord_game_utils-1.zip: 21%
2024-10-22T13:01:42.862Z [Modules] Streaming discord_game_utils@1 to /home/arch/.config/discord/0.0.72/modules/pending/discord_game_utils-1.zip: 22%
2024-10-22T13:01:42.864Z [Modules] Streaming discord_game_utils@1 to /home/arch/.config/discord/0.0.72/modules/pending/discord_game_utils-1.zip: 23%
2024-10-22T13:01:42.866Z [Modules] Streaming discord_game_utils@1 to /home/arch/.config/discord/0.0.72/modules/pending/discord_game_utils-1.zip: 24%
2024-10-22T13:01:42.868Z [Modules] Streaming discord_game_utils@1 to /home/arch/.config/discord/0.0.72/modules/pending/discord_game_utils-1.zip: 25%
2024-10-22T13:01:42.870Z [Modules] Streaming discord_game_utils@1 to /home/arch/.config/discord/0.0.72/modules/pending/discord_game_utils-1.zip: 26%
2024-10-22T13:01:42.872Z [Modules] Streaming discord_game_utils@1 to /home/arch/.config/discord/0.0.72/modules/pending/discord_game_utils-1.zip: 27%
2024-10-22T13:01:42.875Z [Modules] Streaming discord_game_utils@1 to /home/arch/.config/discord/0.0.72/modules/pending/discord_game_utils-1.zip: 28%
2024-10-22T13:01:42.877Z [Modules] Streaming discord_game_utils@1 to /home/arch/.config/discord/0.0.72/modules/pending/discord_game_utils-1.zip: 29%
2024-10-22T13:01:42.880Z [Modules] Streaming discord_game_utils@1 to /home/arch/.config/discord/0.0.72/modules/pending/discord_game_utils-1.zip: 30%
2024-10-22T13:01:42.882Z [Modules] Streaming discord_game_utils@1 to /home/arch/.config/discord/0.0.72/modules/pending/discord_game_utils-1.zip: 31%
2024-10-22T13:01:42.884Z [Modules] Streaming discord_game_utils@1 to /home/arch/.config/discord/0.0.72/modules/pending/discord_game_utils-1.zip: 32%
2024-10-22T13:01:42.886Z [Modules] Streaming discord_game_utils@1 to /home/arch/.config/discord/0.0.72/modules/pending/discord_game_utils-1.zip: 33%
2024-10-22T13:01:42.888Z [Modules] Streaming discord_game_utils@1 to /home/arch/.config/discord/0.0.72/modules/pending/discord_game_utils-1.zip: 34%
2024-10-22T13:01:42.891Z [Modules] Streaming discord_game_utils@1 to /home/arch/.config/discord/0.0.72/modules/pending/discord_game_utils-1.zip: 35%
2024-10-22T13:01:42.893Z [Modules] Streaming discord_game_utils@1 to /home/arch/.config/discord/0.0.72/modules/pending/discord_game_utils-1.zip: 36%
2024-10-22T13:01:42.895Z [Modules] Streaming discord_game_utils@1 to /home/arch/.config/discord/0.0.72/modules/pending/discord_game_utils-1.zip: 37%
2024-10-22T13:01:42.897Z [Modules] Streaming discord_game_utils@1 to /home/arch/.config/discord/0.0.72/modules/pending/discord_game_utils-1.zip: 38%
2024-10-22T13:01:42.899Z [Modules] Streaming discord_game_utils@1 to /home/arch/.config/discord/0.0.72/modules/pending/discord_game_utils-1.zip: 39%
2024-10-22T13:01:42.902Z [Modules] Streaming discord_game_utils@1 to /home/arch/.config/discord/0.0.72/modules/pending/discord_game_utils-1.zip: 40%
2024-10-22T13:01:42.904Z [Modules] Streaming discord_game_utils@1 to /home/arch/.config/discord/0.0.72/modules/pending/discord_game_utils-1.zip: 41%
2024-10-22T13:01:42.906Z [Modules] Streaming discord_game_utils@1 to /home/arch/.config/discord/0.0.72/modules/pending/discord_game_utils-1.zip: 42%
2024-10-22T13:01:42.908Z [Modules] Streaming discord_game_utils@1 to /home/arch/.config/discord/0.0.72/modules/pending/discord_game_utils-1.zip: 43%
2024-10-22T13:01:42.911Z [Modules] Streaming discord_game_utils@1 to /home/arch/.config/discord/0.0.72/modules/pending/discord_game_utils-1.zip: 44%
2024-10-22T13:01:42.913Z [Modules] Streaming discord_game_utils@1 to /home/arch/.config/discord/0.0.72/modules/pending/discord_game_utils-1.zip: 45%
2024-10-22T13:01:42.919Z [Modules] Streaming discord_game_utils@1 to /home/arch/.config/discord/0.0.72/modules/pending/discord_game_utils-1.zip: 46%
2024-10-22T13:01:42.921Z [Modules] Streaming discord_game_utils@1 to /home/arch/.config/discord/0.0.72/modules/pending/discord_game_utils-1.zip: 47%
2024-10-22T13:01:42.922Z [Modules] Streaming discord_game_utils@1 to /home/arch/.config/discord/0.0.72/modules/pending/discord_game_utils-1.zip: 49%
2024-10-22T13:01:42.924Z [Modules] Streaming discord_game_utils@1 to /home/arch/.config/discord/0.0.72/modules/pending/discord_game_utils-1.zip: 50%
2024-10-22T13:01:42.926Z [Modules] Streaming discord_game_utils@1 to /home/arch/.config/discord/0.0.72/modules/pending/discord_game_utils-1.zip: 51%
2024-10-22T13:01:42.928Z [Modules] Streaming discord_game_utils@1 to /home/arch/.config/discord/0.0.72/modules/pending/discord_game_utils-1.zip: 52%
2024-10-22T13:01:42.931Z [Modules] Streaming discord_game_utils@1 to /home/arch/.config/discord/0.0.72/modules/pending/discord_game_utils-1.zip: 53%
2024-10-22T13:01:42.933Z [Modules] Streaming discord_game_utils@1 to /home/arch/.config/discord/0.0.72/modules/pending/discord_game_utils-1.zip: 54%
2024-10-22T13:01:42.935Z [Modules] Streaming discord_game_utils@1 to /home/arch/.config/discord/0.0.72/modules/pending/discord_game_utils-1.zip: 55%
2024-10-22T13:01:42.937Z [Modules] Streaming discord_game_utils@1 to /home/arch/.config/discord/0.0.72/modules/pending/discord_game_utils-1.zip: 56%
2024-10-22T13:01:42.939Z [Modules] Streaming discord_game_utils@1 to /home/arch/.config/discord/0.0.72/modules/pending/discord_game_utils-1.zip: 57%
2024-10-22T13:01:42.943Z [Modules] Streaming discord_game_utils@1 to /home/arch/.config/discord/0.0.72/modules/pending/discord_game_utils-1.zip: 58%
2024-10-22T13:01:42.945Z [Modules] Streaming discord_game_utils@1 to /home/arch/.config/discord/0.0.72/modules/pending/discord_game_utils-1.zip: 59%
2024-10-22T13:01:42.950Z [Modules] Streaming discord_game_utils@1 to /home/arch/.config/discord/0.0.72/modules/pending/discord_game_utils-1.zip: 60%
2024-10-22T13:01:42.952Z [Modules] Streaming discord_game_utils@1 to /home/arch/.config/discord/0.0.72/modules/pending/discord_game_utils-1.zip: 61%
2024-10-22T13:01:42.955Z [Modules] Streaming discord_game_utils@1 to /home/arch/.config/discord/0.0.72/modules/pending/discord_game_utils-1.zip: 62%
2024-10-22T13:01:42.958Z [Modules] Streaming discord_game_utils@1 to /home/arch/.config/discord/0.0.72/modules/pending/discord_game_utils-1.zip: 63%
2024-10-22T13:01:42.958Z [Modules] Streaming discord_game_utils@1 to /home/arch/.config/discord/0.0.72/modules/pending/discord_game_utils-1.zip: 64%
2024-10-22T13:01:42.959Z [Modules] Streaming discord_game_utils@1 to /home/arch/.config/discord/0.0.72/modules/pending/discord_game_utils-1.zip: 65%
2024-10-22T13:01:42.961Z [Modules] Streaming discord_game_utils@1 to /home/arch/.config/discord/0.0.72/modules/pending/discord_game_utils-1.zip: 66%
2024-10-22T13:01:42.963Z [Modules] Streaming discord_game_utils@1 to /home/arch/.config/discord/0.0.72/modules/pending/discord_game_utils-1.zip: 67%
2024-10-22T13:01:42.966Z [Modules] Streaming discord_game_utils@1 to /home/arch/.config/discord/0.0.72/modules/pending/discord_game_utils-1.zip: 68%
2024-10-22T13:01:42.968Z [Modules] Streaming discord_game_utils@1 to /home/arch/.config/discord/0.0.72/modules/pending/discord_game_utils-1.zip: 69%
2024-10-22T13:01:42.970Z [Modules] Streaming discord_game_utils@1 to /home/arch/.config/discord/0.0.72/modules/pending/discord_game_utils-1.zip: 70%
2024-10-22T13:01:42.972Z [Modules] Streaming discord_game_utils@1 to /home/arch/.config/discord/0.0.72/modules/pending/discord_game_utils-1.zip: 71%
2024-10-22T13:01:42.976Z [Modules] Streaming discord_game_utils@1 to /home/arch/.config/discord/0.0.72/modules/pending/discord_game_utils-1.zip: 72%
2024-10-22T13:01:42.978Z [Modules] Streaming discord_game_utils@1 to /home/arch/.config/discord/0.0.72/modules/pending/discord_game_utils-1.zip: 73%
2024-10-22T13:01:42.981Z [Modules] Streaming discord_game_utils@1 to /home/arch/.config/discord/0.0.72/modules/pending/discord_game_utils-1.zip: 74%
2024-10-22T13:01:42.983Z [Modules] Streaming discord_game_utils@1 to /home/arch/.config/discord/0.0.72/modules/pending/discord_game_utils-1.zip: 75%
2024-10-22T13:01:42.984Z [Modules] Streaming discord_game_utils@1 to /home/arch/.config/discord/0.0.72/modules/pending/discord_game_utils-1.zip: 76%
2024-10-22T13:01:42.986Z [Modules] Streaming discord_game_utils@1 to /home/arch/.config/discord/0.0.72/modules/pending/discord_game_utils-1.zip: 77%
2024-10-22T13:01:42.988Z [Modules] Streaming discord_game_utils@1 to /home/arch/.config/discord/0.0.72/modules/pending/discord_game_utils-1.zip: 78%
2024-10-22T13:01:42.990Z [Modules] Streaming discord_game_utils@1 to /home/arch/.config/discord/0.0.72/modules/pending/discord_game_utils-1.zip: 79%
2024-10-22T13:01:42.992Z [Modules] Streaming discord_game_utils@1 to /home/arch/.config/discord/0.0.72/modules/pending/discord_game_utils-1.zip: 80%
2024-10-22T13:01:43.001Z [Modules] Streaming discord_game_utils@1 to /home/arch/.config/discord/0.0.72/modules/pending/discord_game_utils-1.zip: 81%
2024-10-22T13:01:43.003Z [Modules] Streaming discord_game_utils@1 to /home/arch/.config/discord/0.0.72/modules/pending/discord_game_utils-1.zip: 82%
2024-10-22T13:01:43.008Z [Modules] Streaming discord_game_utils@1 to /home/arch/.config/discord/0.0.72/modules/pending/discord_game_utils-1.zip: 83%
2024-10-22T13:01:43.010Z [Modules] Streaming discord_game_utils@1 to /home/arch/.config/discord/0.0.72/modules/pending/discord_game_utils-1.zip: 84%
2024-10-22T13:01:43.012Z [Modules] Streaming discord_game_utils@1 to /home/arch/.config/discord/0.0.72/modules/pending/discord_game_utils-1.zip: 85%
2024-10-22T13:01:43.014Z [Modules] Streaming discord_game_utils@1 to /home/arch/.config/discord/0.0.72/modules/pending/discord_game_utils-1.zip: 86%
2024-10-22T13:01:43.017Z [Modules] Streaming discord_game_utils@1 to /home/arch/.config/discord/0.0.72/modules/pending/discord_game_utils-1.zip: 87%
2024-10-22T13:01:43.019Z [Modules] Streaming discord_game_utils@1 to /home/arch/.config/discord/0.0.72/modules/pending/discord_game_utils-1.zip: 88%
2024-10-22T13:01:43.021Z [Modules] Streaming discord_game_utils@1 to /home/arch/.config/discord/0.0.72/modules/pending/discord_game_utils-1.zip: 89%
2024-10-22T13:01:43.023Z [Modules] Streaming discord_game_utils@1 to /home/arch/.config/discord/0.0.72/modules/pending/discord_game_utils-1.zip: 90%
2024-10-22T13:01:43.025Z [Modules] Streaming discord_game_utils@1 to /home/arch/.config/discord/0.0.72/modules/pending/discord_game_utils-1.zip: 91%
2024-10-22T13:01:43.028Z [Modules] Streaming discord_game_utils@1 to /home/arch/.config/discord/0.0.72/modules/pending/discord_game_utils-1.zip: 92%
2024-10-22T13:01:43.030Z [Modules] Streaming discord_game_utils@1 to /home/arch/.config/discord/0.0.72/modules/pending/discord_game_utils-1.zip: 93%
2024-10-22T13:01:43.032Z [Modules] Streaming discord_game_utils@1 to /home/arch/.config/discord/0.0.72/modules/pending/discord_game_utils-1.zip: 94%
2024-10-22T13:01:43.039Z [Modules] Streaming discord_game_utils@1 to /home/arch/.config/discord/0.0.72/modules/pending/discord_game_utils-1.zip: 95%
2024-10-22T13:01:43.041Z [Modules] Streaming discord_game_utils@1 to /home/arch/.config/discord/0.0.72/modules/pending/discord_game_utils-1.zip: 96%
2024-10-22T13:01:43.043Z [Modules] Streaming discord_game_utils@1 to /home/arch/.config/discord/0.0.72/modules/pending/discord_game_utils-1.zip: 97%
2024-10-22T13:01:43.045Z [Modules] Streaming discord_game_utils@1 to /home/arch/.config/discord/0.0.72/modules/pending/discord_game_utils-1.zip: 98%
2024-10-22T13:01:43.047Z [Modules] Streaming discord_game_utils@1 to /home/arch/.config/discord/0.0.72/modules/pending/discord_game_utils-1.zip: 99%
2024-10-22T13:01:43.050Z [Modules] Streaming discord_game_utils@1 to /home/arch/.config/discord/0.0.72/modules/pending/discord_game_utils-1.zip: 100%
2024-10-22T13:01:43.051Z [Modules] Fetching discord_rpc@1 from https://discord.com/api/modules/stable/discord_rpc/1
2024-10-22T13:01:43.051Z [Modules] Streaming discord_rpc@1 to /home/arch/.config/discord/0.0.72/modules/pending/discord_rpc-1.zip
2024-10-22T13:01:43.051Z [Modules] Installing discord_game_utils@1 from /home/arch/.config/discord/0.0.72/modules/pending/discord_game_utils-1.zip
2024-10-22T13:01:43.085Z [Modules] Finished module installations. [success: 1] [failure: 0]
2024-10-22T13:01:43.263Z [Modules] Streaming discord_rpc@1 to /home/arch/.config/discord/0.0.72/modules/pending/discord_rpc-1.zip: 43%
2024-10-22T13:01:43.263Z [Modules] Streaming discord_rpc@1 to /home/arch/.config/discord/0.0.72/modules/pending/discord_rpc-1.zip: 55%
2024-10-22T13:01:43.263Z [Modules] Streaming discord_rpc@1 to /home/arch/.config/discord/0.0.72/modules/pending/discord_rpc-1.zip: 64%
2024-10-22T13:01:43.263Z [Modules] Streaming discord_rpc@1 to /home/arch/.config/discord/0.0.72/modules/pending/discord_rpc-1.zip: 67%
2024-10-22T13:01:43.263Z [Modules] Streaming discord_rpc@1 to /home/arch/.config/discord/0.0.72/modules/pending/discord_rpc-1.zip: 69%
2024-10-22T13:01:43.263Z [Modules] Streaming discord_rpc@1 to /home/arch/.config/discord/0.0.72/modules/pending/discord_rpc-1.zip: 75%
2024-10-22T13:01:43.264Z [Modules] Streaming discord_rpc@1 to /home/arch/.config/discord/0.0.72/modules/pending/discord_rpc-1.zip: 81%
2024-10-22T13:01:43.264Z [Modules] Streaming discord_rpc@1 to /home/arch/.config/discord/0.0.72/modules/pending/discord_rpc-1.zip: 87%
2024-10-22T13:01:43.264Z [Modules] Streaming discord_rpc@1 to /home/arch/.config/discord/0.0.72/modules/pending/discord_rpc-1.zip: 90%
2024-10-22T13:01:43.264Z [Modules] Streaming discord_rpc@1 to /home/arch/.config/discord/0.0.72/modules/pending/discord_rpc-1.zip: 93%
2024-10-22T13:01:43.264Z [Modules] Streaming discord_rpc@1 to /home/arch/.config/discord/0.0.72/modules/pending/discord_rpc-1.zip: 96%
2024-10-22T13:01:43.264Z [Modules] Streaming discord_rpc@1 to /home/arch/.config/discord/0.0.72/modules/pending/discord_rpc-1.zip: 100%
2024-10-22T13:01:43.265Z [Modules] Finished module downloads. [success: 3] [failure: 0]
2024-10-22T13:01:43.265Z [Modules] Installing discord_rpc@1 from /home/arch/.config/discord/0.0.72/modules/pending/discord_rpc-1.zip
2024-10-22T13:01:43.272Z [Modules] Finished module installations. [success: 1] [failure: 0]
2024-10-22T14:01:40.798Z [Modules] Checking for host updates.
2024-10-22T14:01:40.999Z [Modules] Host is up to date.
2024-10-22T14:01:40.999Z [Modules] Checking for module updates at https://discord.com/api/modules/stable/versions.json
2024-10-22T14:01:41.046Z [Modules] No module updates available.
2024-10-22T15:01:40.798Z [Modules] Checking for host updates.
2024-10-22T15:01:41.524Z [Modules] Host is up to date.
2024-10-22T15:01:41.524Z [Modules] Checking for module updates at https://discord.com/api/modules/stable/versions.json
2024-10-22T15:01:41.573Z [Modules] No module updates available.
2024-10-22T16:01:40.798Z [Modules] Checking for host updates.
2024-10-22T16:01:41.002Z [Modules] Host is up to date.
2024-10-22T16:01:41.002Z [Modules] Checking for module updates at https://discord.com/api/modules/stable/versions.json
2024-10-22T16:01:41.057Z [Modules] No module updates available.
2024-10-29T14:59:00.861Z [Modules] Modules initializing
2024-10-29T14:59:00.861Z [Modules] Distribution: remote
2024-10-29T14:59:00.861Z [Modules] Host updates: enabled
2024-10-29T14:59:00.861Z [Modules] Module updates: enabled
2024-10-29T14:59:00.861Z [Modules] Module install path: /home/arch/.config/discord/0.0.72/modules
2024-10-29T14:59:00.861Z [Modules] Module installed file path: /home/arch/.config/discord/0.0.72/modules/installed.json
2024-10-29T14:59:00.861Z [Modules] Module download path: /home/arch/.config/discord/0.0.72/modules/pending
2024-10-29T14:59:01.083Z [Modules] No updates to install
2024-10-29T14:59:01.083Z [Modules] Checking for host updates.
2024-10-29T14:59:06.394Z [Modules] Host is up to date.
2024-10-29T14:59:06.395Z [Modules] Checking for module updates at https://discord.com/api/modules/stable/versions.json
2024-10-29T14:59:06.430Z [Modules] No module updates available.
2024-10-29T14:59:08.615Z [Modules] Checking for host updates.
2024-10-29T14:59:08.891Z [Modules] Host is up to date.
2024-10-29T14:59:08.891Z [Modules] Checking for module updates at https://discord.com/api/modules/stable/versions.json
2024-10-29T14:59:08.893Z [Modules] No module updates available.
2024-10-29T15:59:08.617Z [Modules] Checking for host updates.
2024-10-29T15:59:13.839Z [Modules] Host is up to date.
2024-10-29T15:59:13.839Z [Modules] Checking for module updates at https://discord.com/api/modules/stable/versions.json
2024-10-29T15:59:13.876Z [Modules] No module updates available.
2024-11-09T16:50:05.461Z [Modules] Modules initializing
2024-11-09T16:50:05.461Z [Modules] Distribution: remote
2024-11-09T16:50:05.461Z [Modules] Host updates: enabled
2024-11-09T16:50:05.461Z [Modules] Module updates: enabled
2024-11-09T16:50:05.462Z [Modules] Module install path: /home/arch/.config/discord/0.0.72/modules
2024-11-09T16:50:05.462Z [Modules] Module installed file path: /home/arch/.config/discord/0.0.72/modules/installed.json
2024-11-09T16:50:05.462Z [Modules] Module download path: /home/arch/.config/discord/0.0.72/modules/pending
2024-11-09T16:50:05.668Z [Modules] No updates to install
2024-11-09T16:50:05.668Z [Modules] Checking for host updates.
2024-11-09T16:50:05.930Z [Modules] Host update is available. Manual update required!
2024-11-09T16:51:59.445Z [Modules] Modules initializing
2024-11-09T16:51:59.445Z [Modules] Distribution: remote
2024-11-09T16:51:59.445Z [Modules] Host updates: enabled
2024-11-09T16:51:59.445Z [Modules] Module updates: enabled
2024-11-09T16:51:59.445Z [Modules] Module install path: /home/arch/.config/discord/0.0.73/modules
2024-11-09T16:51:59.445Z [Modules] Module installed file path: /home/arch/.config/discord/0.0.73/modules/installed.json
2024-11-09T16:51:59.445Z [Modules] Module download path: /home/arch/.config/discord/0.0.73/modules/pending
2024-11-09T16:51:59.577Z [Modules] Bootstrapping...
2024-11-09T16:51:59.578Z [Modules] Installing discord_desktop_core@0 from /opt/discord/resources/bootstrap/discord_desktop_core.zip
2024-11-09T16:51:59.578Z [Modules] Failed installing discord_desktop_core@0: Error: ENOENT: no such file or directory, open '/opt/discord/resources/bootstrap/discord_desktop_core.zip'
2024-11-09T16:51:59.579Z [Modules] Installing discord_erlpack@0 from /opt/discord/resources/bootstrap/discord_erlpack.zip
2024-11-09T16:51:59.579Z [Modules] Failed installing discord_erlpack@0: Error: ENOENT: no such file or directory, open '/opt/discord/resources/bootstrap/discord_erlpack.zip'
2024-11-09T16:51:59.579Z [Modules] Installing discord_spellcheck@0 from /opt/discord/resources/bootstrap/discord_spellcheck.zip
2024-11-09T16:51:59.580Z [Modules] Failed installing discord_spellcheck@0: Error: ENOENT: no such file or directory, open '/opt/discord/resources/bootstrap/discord_spellcheck.zip'
2024-11-09T16:51:59.580Z [Modules] Installing discord_utils@0 from /opt/discord/resources/bootstrap/discord_utils.zip
2024-11-09T16:51:59.580Z [Modules] Failed installing discord_utils@0: Error: ENOENT: no such file or directory, open '/opt/discord/resources/bootstrap/discord_utils.zip'
2024-11-09T16:51:59.580Z [Modules] Installing discord_voice@0 from /opt/discord/resources/bootstrap/discord_voice.zip
2024-11-09T16:51:59.581Z [Modules] Failed installing discord_voice@0: Error: ENOENT: no such file or directory, open '/opt/discord/resources/bootstrap/discord_voice.zip'
2024-11-09T16:51:59.581Z [Modules] Installing discord_zstd@0 from /opt/discord/resources/bootstrap/discord_zstd.zip
2024-11-09T16:51:59.581Z [Modules] Failed installing discord_zstd@0: Error: ENOENT: no such file or directory, open '/opt/discord/resources/bootstrap/discord_zstd.zip'
2024-11-09T16:51:59.581Z [Modules] Finished module installations. [success: 0] [failure: 6]
2024-11-09T16:51:59.581Z [Modules] Checking for host updates.
2024-11-09T16:51:59.820Z [Modules] Host is up to date.
2024-11-09T16:51:59.820Z [Modules] Checking for module updates at https://discord.com/api/modules/stable/versions.json
2024-11-09T16:51:59.854Z [Modules] Module update available: discord_desktop_core@1 [installed: 0]
2024-11-09T16:51:59.854Z [Modules] Module update available: discord_erlpack@1 [installed: 0]
2024-11-09T16:51:59.854Z [Modules] Module update available: discord_spellcheck@1 [installed: 0]
2024-11-09T16:51:59.854Z [Modules] Module update available: discord_utils@1 [installed: 0]
2024-11-09T16:51:59.854Z [Modules] Module update available: discord_voice@1 [installed: 0]
2024-11-09T16:51:59.854Z [Modules] Module update available: discord_zstd@1 [installed: 0]
2024-11-09T16:51:59.854Z [Modules] Fetching discord_desktop_core@1 from https://discord.com/api/modules/stable/discord_desktop_core/1
2024-11-09T16:51:59.854Z [Modules] Streaming discord_desktop_core@1 to /home/arch/.config/discord/0.0.73/modules/pending/discord_desktop_core-1.zip
2024-11-09T16:52:00.123Z [Modules] Streaming discord_desktop_core@1 to /home/arch/.config/discord/0.0.73/modules/pending/discord_desktop_core-1.zip: 1%
2024-11-09T16:52:00.129Z [Modules] Streaming discord_desktop_core@1 to /home/arch/.config/discord/0.0.73/modules/pending/discord_desktop_core-1.zip: 2%
2024-11-09T16:52:00.138Z [Modules] Streaming discord_desktop_core@1 to /home/arch/.config/discord/0.0.73/modules/pending/discord_desktop_core-1.zip: 3%
2024-11-09T16:52:00.142Z [Modules] Streaming discord_desktop_core@1 to /home/arch/.config/discord/0.0.73/modules/pending/discord_desktop_core-1.zip: 4%
2024-11-09T16:52:00.145Z [Modules] Streaming discord_desktop_core@1 to /home/arch/.config/discord/0.0.73/modules/pending/discord_desktop_core-1.zip: 5%
2024-11-09T16:52:00.149Z [Modules] Streaming discord_desktop_core@1 to /home/arch/.config/discord/0.0.73/modules/pending/discord_desktop_core-1.zip: 6%
2024-11-09T16:52:00.156Z [Modules] Streaming discord_desktop_core@1 to /home/arch/.config/discord/0.0.73/modules/pending/discord_desktop_core-1.zip: 7%
2024-11-09T16:52:00.159Z [Modules] Streaming discord_desktop_core@1 to /home/arch/.config/discord/0.0.73/modules/pending/discord_desktop_core-1.zip: 8%
2024-11-09T16:52:00.161Z [Modules] Streaming discord_desktop_core@1 to /home/arch/.config/discord/0.0.73/modules/pending/discord_desktop_core-1.zip: 9%
2024-11-09T16:52:00.165Z [Modules] Streaming discord_desktop_core@1 to /home/arch/.config/discord/0.0.73/modules/pending/discord_desktop_core-1.zip: 10%
2024-11-09T16:52:00.166Z [Modules] Streaming discord_desktop_core@1 to /home/arch/.config/discord/0.0.73/modules/pending/discord_desktop_core-1.zip: 11%
2024-11-09T16:52:00.168Z [Modules] Streaming discord_desktop_core@1 to /home/arch/.config/discord/0.0.73/modules/pending/discord_desktop_core-1.zip: 12%
2024-11-09T16:52:00.175Z [Modules] Streaming discord_desktop_core@1 to /home/arch/.config/discord/0.0.73/modules/pending/discord_desktop_core-1.zip: 13%
2024-11-09T16:52:00.178Z [Modules] Streaming discord_desktop_core@1 to /home/arch/.config/discord/0.0.73/modules/pending/discord_desktop_core-1.zip: 14%
2024-11-09T16:52:00.179Z [Modules] Streaming discord_desktop_core@1 to /home/arch/.config/discord/0.0.73/modules/pending/discord_desktop_core-1.zip: 15%
2024-11-09T16:52:00.181Z [Modules] Streaming discord_desktop_core@1 to /home/arch/.config/discord/0.0.73/modules/pending/discord_desktop_core-1.zip: 16%
2024-11-09T16:52:00.183Z [Modules] Streaming discord_desktop_core@1 to /home/arch/.config/discord/0.0.73/modules/pending/discord_desktop_core-1.zip: 17%
2024-11-09T16:52:00.184Z [Modules] Streaming discord_desktop_core@1 to /home/arch/.config/discord/0.0.73/modules/pending/discord_desktop_core-1.zip: 18%
2024-11-09T16:52:00.186Z [Modules] Streaming discord_desktop_core@1 to /home/arch/.config/discord/0.0.73/modules/pending/discord_desktop_core-1.zip: 19%
2024-11-09T16:52:00.188Z [Modules] Streaming discord_desktop_core@1 to /home/arch/.config/discord/0.0.73/modules/pending/discord_desktop_core-1.zip: 20%
2024-11-09T16:52:00.190Z [Modules] Streaming discord_desktop_core@1 to /home/arch/.config/discord/0.0.73/modules/pending/discord_desktop_core-1.zip: 21%
2024-11-09T16:52:00.192Z [Modules] Streaming discord_desktop_core@1 to /home/arch/.config/discord/0.0.73/modules/pending/discord_desktop_core-1.zip: 22%
2024-11-09T16:52:00.194Z [Modules] Streaming discord_desktop_core@1 to /home/arch/.config/discord/0.0.73/modules/pending/discord_desktop_core-1.zip: 23%
2024-11-09T16:52:00.198Z [Modules] Streaming discord_desktop_core@1 to /home/arch/.config/discord/0.0.73/modules/pending/discord_desktop_core-1.zip: 24%
2024-11-09T16:52:00.203Z [Modules] Streaming discord_desktop_core@1 to /home/arch/.config/discord/0.0.73/modules/pending/discord_desktop_core-1.zip: 25%
2024-11-09T16:52:00.204Z [Modules] Streaming discord_desktop_core@1 to /home/arch/.config/discord/0.0.73/modules/pending/discord_desktop_core-1.zip: 26%
2024-11-09T16:52:00.206Z [Modules] Streaming discord_desktop_core@1 to /home/arch/.config/discord/0.0.73/modules/pending/discord_desktop_core-1.zip: 27%
2024-11-09T16:52:00.208Z [Modules] Streaming discord_desktop_core@1 to /home/arch/.config/discord/0.0.73/modules/pending/discord_desktop_core-1.zip: 28%
2024-11-09T16:52:00.209Z [Modules] Streaming discord_desktop_core@1 to /home/arch/.config/discord/0.0.73/modules/pending/discord_desktop_core-1.zip: 29%
2024-11-09T16:52:00.211Z [Modules] Streaming discord_desktop_core@1 to /home/arch/.config/discord/0.0.73/modules/pending/discord_desktop_core-1.zip: 30%
2024-11-09T16:52:00.213Z [Modules] Streaming discord_desktop_core@1 to /home/arch/.config/discord/0.0.73/modules/pending/discord_desktop_core-1.zip: 31%
2024-11-09T16:52:00.215Z [Modules] Streaming discord_desktop_core@1 to /home/arch/.config/discord/0.0.73/modules/pending/discord_desktop_core-1.zip: 32%
2024-11-09T16:52:00.217Z [Modules] Streaming discord_desktop_core@1 to /home/arch/.config/discord/0.0.73/modules/pending/discord_desktop_core-1.zip: 33%
2024-11-09T16:52:00.218Z [Modules] Streaming discord_desktop_core@1 to /home/arch/.config/discord/0.0.73/modules/pending/discord_desktop_core-1.zip: 34%
2024-11-09T16:52:00.220Z [Modules] Streaming discord_desktop_core@1 to /home/arch/.config/discord/0.0.73/modules/pending/discord_desktop_core-1.zip: 35%
2024-11-09T16:52:00.223Z [Modules] Streaming discord_desktop_core@1 to /home/arch/.config/discord/0.0.73/modules/pending/discord_desktop_core-1.zip: 36%
2024-11-09T16:52:00.225Z [Modules] Streaming discord_desktop_core@1 to /home/arch/.config/discord/0.0.73/modules/pending/discord_desktop_core-1.zip: 37%
2024-11-09T16:52:00.227Z [Modules] Streaming discord_desktop_core@1 to /home/arch/.config/discord/0.0.73/modules/pending/discord_desktop_core-1.zip: 38%
2024-11-09T16:52:00.228Z [Modules] Streaming discord_desktop_core@1 to /home/arch/.config/discord/0.0.73/modules/pending/discord_desktop_core-1.zip: 39%
2024-11-09T16:52:00.230Z [Modules] Streaming discord_desktop_core@1 to /home/arch/.config/discord/0.0.73/modules/pending/discord_desktop_core-1.zip: 40%
2024-11-09T16:52:00.232Z [Modules] Streaming discord_desktop_core@1 to /home/arch/.config/discord/0.0.73/modules/pending/discord_desktop_core-1.zip: 41%
2024-11-09T16:52:00.233Z [Modules] Streaming discord_desktop_core@1 to /home/arch/.config/discord/0.0.73/modules/pending/discord_desktop_core-1.zip: 42%
2024-11-09T16:52:00.235Z [Modules] Streaming discord_desktop_core@1 to /home/arch/.config/discord/0.0.73/modules/pending/discord_desktop_core-1.zip: 43%
2024-11-09T16:52:00.237Z [Modules] Streaming discord_desktop_core@1 to /home/arch/.config/discord/0.0.73/modules/pending/discord_desktop_core-1.zip: 44%
2024-11-09T16:52:00.238Z [Modules] Streaming discord_desktop_core@1 to /home/arch/.config/discord/0.0.73/modules/pending/discord_desktop_core-1.zip: 45%
2024-11-09T16:52:00.241Z [Modules] Streaming discord_desktop_core@1 to /home/arch/.config/discord/0.0.73/modules/pending/discord_desktop_core-1.zip: 46%
2024-11-09T16:52:00.242Z [Modules] Streaming discord_desktop_core@1 to /home/arch/.config/discord/0.0.73/modules/pending/discord_desktop_core-1.zip: 47%
2024-11-09T16:52:00.244Z [Modules] Streaming discord_desktop_core@1 to /home/arch/.config/discord/0.0.73/modules/pending/discord_desktop_core-1.zip: 48%
2024-11-09T16:52:00.246Z [Modules] Streaming discord_desktop_core@1 to /home/arch/.config/discord/0.0.73/modules/pending/discord_desktop_core-1.zip: 49%
2024-11-09T16:52:00.248Z [Modules] Streaming discord_desktop_core@1 to /home/arch/.config/discord/0.0.73/modules/pending/discord_desktop_core-1.zip: 50%
2024-11-09T16:52:00.250Z [Modules] Streaming discord_desktop_core@1 to /home/arch/.config/discord/0.0.73/modules/pending/discord_desktop_core-1.zip: 51%
2024-11-09T16:52:00.251Z [Modules] Streaming discord_desktop_core@1 to /home/arch/.config/discord/0.0.73/modules/pending/discord_desktop_core-1.zip: 52%
2024-11-09T16:52:00.253Z [Modules] Streaming discord_desktop_core@1 to /home/arch/.config/discord/0.0.73/modules/pending/discord_desktop_core-1.zip: 53%
2024-11-09T16:52:00.255Z [Modules] Streaming discord_desktop_core@1 to /home/arch/.config/discord/0.0.73/modules/pending/discord_desktop_core-1.zip: 54%
2024-11-09T16:52:00.258Z [Modules] Streaming discord_desktop_core@1 to /home/arch/.config/discord/0.0.73/modules/pending/discord_desktop_core-1.zip: 55%
2024-11-09T16:52:00.260Z [Modules] Streaming discord_desktop_core@1 to /home/arch/.config/discord/0.0.73/modules/pending/discord_desktop_core-1.zip: 56%
2024-11-09T16:52:00.261Z [Modules] Streaming discord_desktop_core@1 to /home/arch/.config/discord/0.0.73/modules/pending/discord_desktop_core-1.zip: 57%
2024-11-09T16:52:00.263Z [Modules] Streaming discord_desktop_core@1 to /home/arch/.config/discord/0.0.73/modules/pending/discord_desktop_core-1.zip: 58%
2024-11-09T16:52:00.265Z [Modules] Streaming discord_desktop_core@1 to /home/arch/.config/discord/0.0.73/modules/pending/discord_desktop_core-1.zip: 59%
2024-11-09T16:52:00.266Z [Modules] Streaming discord_desktop_core@1 to /home/arch/.config/discord/0.0.73/modules/pending/discord_desktop_core-1.zip: 60%
2024-11-09T16:52:00.268Z [Modules] Streaming discord_desktop_core@1 to /home/arch/.config/discord/0.0.73/modules/pending/discord_desktop_core-1.zip: 61%
2024-11-09T16:52:00.270Z [Modules] Streaming discord_desktop_core@1 to /home/arch/.config/discord/0.0.73/modules/pending/discord_desktop_core-1.zip: 62%
2024-11-09T16:52:00.272Z [Modules] Streaming discord_desktop_core@1 to /home/arch/.config/discord/0.0.73/modules/pending/discord_desktop_core-1.zip: 63%
2024-11-09T16:52:00.274Z [Modules] Streaming discord_desktop_core@1 to /home/arch/.config/discord/0.0.73/modules/pending/discord_desktop_core-1.zip: 64%
2024-11-09T16:52:00.275Z [Modules] Streaming discord_desktop_core@1 to /home/arch/.config/discord/0.0.73/modules/pending/discord_desktop_core-1.zip: 65%
2024-11-09T16:52:00.277Z [Modules] Streaming discord_desktop_core@1 to /home/arch/.config/discord/0.0.73/modules/pending/discord_desktop_core-1.zip: 66%
2024-11-09T16:52:00.279Z [Modules] Streaming discord_desktop_core@1 to /home/arch/.config/discord/0.0.73/modules/pending/discord_desktop_core-1.zip: 67%
2024-11-09T16:52:00.280Z [Modules] Streaming discord_desktop_core@1 to /home/arch/.config/discord/0.0.73/modules/pending/discord_desktop_core-1.zip: 68%
2024-11-09T16:52:00.282Z [Modules] Streaming discord_desktop_core@1 to /home/arch/.config/discord/0.0.73/modules/pending/discord_desktop_core-1.zip: 69%
2024-11-09T16:52:00.288Z [Modules] Streaming discord_desktop_core@1 to /home/arch/.config/discord/0.0.73/modules/pending/discord_desktop_core-1.zip: 70%
2024-11-09T16:52:00.289Z [Modules] Streaming discord_desktop_core@1 to /home/arch/.config/discord/0.0.73/modules/pending/discord_desktop_core-1.zip: 71%
2024-11-09T16:52:00.291Z [Modules] Streaming discord_desktop_core@1 to /home/arch/.config/discord/0.0.73/modules/pending/discord_desktop_core-1.zip: 72%
2024-11-09T16:52:00.293Z [Modules] Streaming discord_desktop_core@1 to /home/arch/.config/discord/0.0.73/modules/pending/discord_desktop_core-1.zip: 73%
2024-11-09T16:52:00.295Z [Modules] Streaming discord_desktop_core@1 to /home/arch/.config/discord/0.0.73/modules/pending/discord_desktop_core-1.zip: 74%
2024-11-09T16:52:00.296Z [Modules] Streaming discord_desktop_core@1 to /home/arch/.config/discord/0.0.73/modules/pending/discord_desktop_core-1.zip: 75%
2024-11-09T16:52:00.298Z [Modules] Streaming discord_desktop_core@1 to /home/arch/.config/discord/0.0.73/modules/pending/discord_desktop_core-1.zip: 76%
2024-11-09T16:52:00.300Z [Modules] Streaming discord_desktop_core@1 to /home/arch/.config/discord/0.0.73/modules/pending/discord_desktop_core-1.zip: 77%
2024-11-09T16:52:00.302Z [Modules] Streaming discord_desktop_core@1 to /home/arch/.config/discord/0.0.73/modules/pending/discord_desktop_core-1.zip: 78%
2024-11-09T16:52:00.304Z [Modules] Streaming discord_desktop_core@1 to /home/arch/.config/discord/0.0.73/modules/pending/discord_desktop_core-1.zip: 79%
2024-11-09T16:52:00.306Z [Modules] Streaming discord_desktop_core@1 to /home/arch/.config/discord/0.0.73/modules/pending/discord_desktop_core-1.zip: 80%
2024-11-09T16:52:00.307Z [Modules] Streaming discord_desktop_core@1 to /home/arch/.config/discord/0.0.73/modules/pending/discord_desktop_core-1.zip: 81%
2024-11-09T16:52:00.309Z [Modules] Streaming discord_desktop_core@1 to /home/arch/.config/discord/0.0.73/modules/pending/discord_desktop_core-1.zip: 82%
2024-11-09T16:52:00.311Z [Modules] Streaming discord_desktop_core@1 to /home/arch/.config/discord/0.0.73/modules/pending/discord_desktop_core-1.zip: 83%
2024-11-09T16:52:00.313Z [Modules] Streaming discord_desktop_core@1 to /home/arch/.config/discord/0.0.73/modules/pending/discord_desktop_core-1.zip: 84%
2024-11-09T16:52:00.314Z [Modules] Streaming discord_desktop_core@1 to /home/arch/.config/discord/0.0.73/modules/pending/discord_desktop_core-1.zip: 85%
2024-11-09T16:52:00.316Z [Modules] Streaming discord_desktop_core@1 to /home/arch/.config/discord/0.0.73/modules/pending/discord_desktop_core-1.zip: 86%
2024-11-09T16:52:00.318Z [Modules] Streaming discord_desktop_core@1 to /home/arch/.config/discord/0.0.73/modules/pending/discord_desktop_core-1.zip: 87%
2024-11-09T16:52:00.320Z [Modules] Streaming discord_desktop_core@1 to /home/arch/.config/discord/0.0.73/modules/pending/discord_desktop_core-1.zip: 88%
2024-11-09T16:52:00.322Z [Modules] Streaming discord_desktop_core@1 to /home/arch/.config/discord/0.0.73/modules/pending/discord_desktop_core-1.zip: 89%
2024-11-09T16:52:00.324Z [Modules] Streaming discord_desktop_core@1 to /home/arch/.config/discord/0.0.73/modules/pending/discord_desktop_core-1.zip: 90%
2024-11-09T16:52:00.326Z [Modules] Streaming discord_desktop_core@1 to /home/arch/.config/discord/0.0.73/modules/pending/discord_desktop_core-1.zip: 91%
2024-11-09T16:52:00.327Z [Modules] Streaming discord_desktop_core@1 to /home/arch/.config/discord/0.0.73/modules/pending/discord_desktop_core-1.zip: 92%
2024-11-09T16:52:00.329Z [Modules] Streaming discord_desktop_core@1 to /home/arch/.config/discord/0.0.73/modules/pending/discord_desktop_core-1.zip: 93%
2024-11-09T16:52:00.331Z [Modules] Streaming discord_desktop_core@1 to /home/arch/.config/discord/0.0.73/modules/pending/discord_desktop_core-1.zip: 94%
2024-11-09T16:52:00.333Z [Modules] Streaming discord_desktop_core@1 to /home/arch/.config/discord/0.0.73/modules/pending/discord_desktop_core-1.zip: 95%
2024-11-09T16:52:00.335Z [Modules] Streaming discord_desktop_core@1 to /home/arch/.config/discord/0.0.73/modules/pending/discord_desktop_core-1.zip: 96%
2024-11-09T16:52:00.336Z [Modules] Streaming discord_desktop_core@1 to /home/arch/.config/discord/0.0.73/modules/pending/discord_desktop_core-1.zip: 97%
2024-11-09T16:52:00.338Z [Modules] Streaming discord_desktop_core@1 to /home/arch/.config/discord/0.0.73/modules/pending/discord_desktop_core-1.zip: 98%
2024-11-09T16:52:00.340Z [Modules] Streaming discord_desktop_core@1 to /home/arch/.config/discord/0.0.73/modules/pending/discord_desktop_core-1.zip: 99%
2024-11-09T16:52:00.342Z [Modules] Streaming discord_desktop_core@1 to /home/arch/.config/discord/0.0.73/modules/pending/discord_desktop_core-1.zip: 100%
2024-11-09T16:52:00.343Z [Modules] Fetching discord_erlpack@1 from https://discord.com/api/modules/stable/discord_erlpack/1
2024-11-09T16:52:00.343Z [Modules] Streaming discord_erlpack@1 to /home/arch/.config/discord/0.0.73/modules/pending/discord_erlpack-1.zip
2024-11-09T16:52:00.611Z [Modules] Streaming discord_erlpack@1 to /home/arch/.config/discord/0.0.73/modules/pending/discord_erlpack-1.zip: 1%
2024-11-09T16:52:00.613Z [Modules] Streaming discord_erlpack@1 to /home/arch/.config/discord/0.0.73/modules/pending/discord_erlpack-1.zip: 2%
2024-11-09T16:52:00.615Z [Modules] Streaming discord_erlpack@1 to /home/arch/.config/discord/0.0.73/modules/pending/discord_erlpack-1.zip: 3%
2024-11-09T16:52:00.617Z [Modules] Streaming discord_erlpack@1 to /home/arch/.config/discord/0.0.73/modules/pending/discord_erlpack-1.zip: 4%
2024-11-09T16:52:00.619Z [Modules] Streaming discord_erlpack@1 to /home/arch/.config/discord/0.0.73/modules/pending/discord_erlpack-1.zip: 5%
2024-11-09T16:52:00.620Z [Modules] Streaming discord_erlpack@1 to /home/arch/.config/discord/0.0.73/modules/pending/discord_erlpack-1.zip: 6%
2024-11-09T16:52:00.622Z [Modules] Streaming discord_erlpack@1 to /home/arch/.config/discord/0.0.73/modules/pending/discord_erlpack-1.zip: 7%
2024-11-09T16:52:00.627Z [Modules] Streaming discord_erlpack@1 to /home/arch/.config/discord/0.0.73/modules/pending/discord_erlpack-1.zip: 8%
2024-11-09T16:52:00.628Z [Modules] Streaming discord_erlpack@1 to /home/arch/.config/discord/0.0.73/modules/pending/discord_erlpack-1.zip: 9%
2024-11-09T16:52:00.630Z [Modules] Streaming discord_erlpack@1 to /home/arch/.config/discord/0.0.73/modules/pending/discord_erlpack-1.zip: 10%
2024-11-09T16:52:00.631Z [Modules] Streaming discord_erlpack@1 to /home/arch/.config/discord/0.0.73/modules/pending/discord_erlpack-1.zip: 11%
2024-11-09T16:52:00.633Z [Modules] Streaming discord_erlpack@1 to /home/arch/.config/discord/0.0.73/modules/pending/discord_erlpack-1.zip: 12%
2024-11-09T16:52:00.635Z [Modules] Streaming discord_erlpack@1 to /home/arch/.config/discord/0.0.73/modules/pending/discord_erlpack-1.zip: 13%
2024-11-09T16:52:00.636Z [Modules] Streaming discord_erlpack@1 to /home/arch/.config/discord/0.0.73/modules/pending/discord_erlpack-1.zip: 14%
2024-11-09T16:52:00.638Z [Modules] Streaming discord_erlpack@1 to /home/arch/.config/discord/0.0.73/modules/pending/discord_erlpack-1.zip: 15%
2024-11-09T16:52:00.640Z [Modules] Streaming discord_erlpack@1 to /home/arch/.config/discord/0.0.73/modules/pending/discord_erlpack-1.zip: 16%
2024-11-09T16:52:00.642Z [Modules] Streaming discord_erlpack@1 to /home/arch/.config/discord/0.0.73/modules/pending/discord_erlpack-1.zip: 17%
2024-11-09T16:52:00.643Z [Modules] Streaming discord_erlpack@1 to /home/arch/.config/discord/0.0.73/modules/pending/discord_erlpack-1.zip: 18%
2024-11-09T16:52:00.645Z [Modules] Streaming discord_erlpack@1 to /home/arch/.config/discord/0.0.73/modules/pending/discord_erlpack-1.zip: 19%
2024-11-09T16:52:00.647Z [Modules] Streaming discord_erlpack@1 to /home/arch/.config/discord/0.0.73/modules/pending/discord_erlpack-1.zip: 20%
2024-11-09T16:52:00.649Z [Modules] Streaming discord_erlpack@1 to /home/arch/.config/discord/0.0.73/modules/pending/discord_erlpack-1.zip: 21%
2024-11-09T16:52:00.650Z [Modules] Streaming discord_erlpack@1 to /home/arch/.config/discord/0.0.73/modules/pending/discord_erlpack-1.zip: 22%
2024-11-09T16:52:00.652Z [Modules] Streaming discord_erlpack@1 to /home/arch/.config/discord/0.0.73/modules/pending/discord_erlpack-1.zip: 23%
2024-11-09T16:52:00.654Z [Modules] Streaming discord_erlpack@1 to /home/arch/.config/discord/0.0.73/modules/pending/discord_erlpack-1.zip: 24%
2024-11-09T16:52:00.656Z [Modules] Streaming discord_erlpack@1 to /home/arch/.config/discord/0.0.73/modules/pending/discord_erlpack-1.zip: 25%
2024-11-09T16:52:00.657Z [Modules] Streaming discord_erlpack@1 to /home/arch/.config/discord/0.0.73/modules/pending/discord_erlpack-1.zip: 26%
2024-11-09T16:52:00.659Z [Modules] Streaming discord_erlpack@1 to /home/arch/.config/discord/0.0.73/modules/pending/discord_erlpack-1.zip: 27%
2024-11-09T16:52:00.660Z [Modules] Streaming discord_erlpack@1 to /home/arch/.config/discord/0.0.73/modules/pending/discord_erlpack-1.zip: 28%
2024-11-09T16:52:00.663Z [Modules] Streaming discord_erlpack@1 to /home/arch/.config/discord/0.0.73/modules/pending/discord_erlpack-1.zip: 29%
2024-11-09T16:52:00.664Z [Modules] Streaming discord_erlpack@1 to /home/arch/.config/discord/0.0.73/modules/pending/discord_erlpack-1.zip: 30%
2024-11-09T16:52:00.666Z [Modules] Streaming discord_erlpack@1 to /home/arch/.config/discord/0.0.73/modules/pending/discord_erlpack-1.zip: 31%
2024-11-09T16:52:00.668Z [Modules] Streaming discord_erlpack@1 to /home/arch/.config/discord/0.0.73/modules/pending/discord_erlpack-1.zip: 32%
2024-11-09T16:52:00.669Z [Modules] Streaming discord_erlpack@1 to /home/arch/.config/discord/0.0.73/modules/pending/discord_erlpack-1.zip: 33%
2024-11-09T16:52:00.671Z [Modules] Streaming discord_erlpack@1 to /home/arch/.config/discord/0.0.73/modules/pending/discord_erlpack-1.zip: 34%
2024-11-09T16:52:00.673Z [Modules] Streaming discord_erlpack@1 to /home/arch/.config/discord/0.0.73/modules/pending/discord_erlpack-1.zip: 35%
2024-11-09T16:52:00.675Z [Modules] Streaming discord_erlpack@1 to /home/arch/.config/discord/0.0.73/modules/pending/discord_erlpack-1.zip: 36%
2024-11-09T16:52:00.676Z [Modules] Streaming discord_erlpack@1 to /home/arch/.config/discord/0.0.73/modules/pending/discord_erlpack-1.zip: 37%
2024-11-09T16:52:00.679Z [Modules] Streaming discord_erlpack@1 to /home/arch/.config/discord/0.0.73/modules/pending/discord_erlpack-1.zip: 38%
2024-11-09T16:52:00.680Z [Modules] Streaming discord_erlpack@1 to /home/arch/.config/discord/0.0.73/modules/pending/discord_erlpack-1.zip: 39%
2024-11-09T16:52:00.682Z [Modules] Streaming discord_erlpack@1 to /home/arch/.config/discord/0.0.73/modules/pending/discord_erlpack-1.zip: 40%
2024-11-09T16:52:00.683Z [Modules] Streaming discord_erlpack@1 to /home/arch/.config/discord/0.0.73/modules/pending/discord_erlpack-1.zip: 41%
2024-11-09T16:52:00.685Z [Modules] Streaming discord_erlpack@1 to /home/arch/.config/discord/0.0.73/modules/pending/discord_erlpack-1.zip: 42%
2024-11-09T16:52:00.686Z [Modules] Streaming discord_erlpack@1 to /home/arch/.config/discord/0.0.73/modules/pending/discord_erlpack-1.zip: 43%
2024-11-09T16:52:00.688Z [Modules] Streaming discord_erlpack@1 to /home/arch/.config/discord/0.0.73/modules/pending/discord_erlpack-1.zip: 44%
2024-11-09T16:52:00.690Z [Modules] Streaming discord_erlpack@1 to /home/arch/.config/discord/0.0.73/modules/pending/discord_erlpack-1.zip: 45%
2024-11-09T16:52:00.692Z [Modules] Streaming discord_erlpack@1 to /home/arch/.config/discord/0.0.73/modules/pending/discord_erlpack-1.zip: 46%
2024-11-09T16:52:00.693Z [Modules] Streaming discord_erlpack@1 to /home/arch/.config/discord/0.0.73/modules/pending/discord_erlpack-1.zip: 47%
2024-11-09T16:52:00.695Z [Modules] Streaming discord_erlpack@1 to /home/arch/.config/discord/0.0.73/modules/pending/discord_erlpack-1.zip: 48%
2024-11-09T16:52:00.697Z [Modules] Streaming discord_erlpack@1 to /home/arch/.config/discord/0.0.73/modules/pending/discord_erlpack-1.zip: 49%
2024-11-09T16:52:00.698Z [Modules] Streaming discord_erlpack@1 to /home/arch/.config/discord/0.0.73/modules/pending/discord_erlpack-1.zip: 50%
2024-11-09T16:52:00.701Z [Modules] Streaming discord_erlpack@1 to /home/arch/.config/discord/0.0.73/modules/pending/discord_erlpack-1.zip: 51%
2024-11-09T16:52:00.702Z [Modules] Streaming discord_erlpack@1 to /home/arch/.config/discord/0.0.73/modules/pending/discord_erlpack-1.zip: 52%
2024-11-09T16:52:00.704Z [Modules] Streaming discord_erlpack@1 to /home/arch/.config/discord/0.0.73/modules/pending/discord_erlpack-1.zip: 53%
2024-11-09T16:52:00.705Z [Modules] Streaming discord_erlpack@1 to /home/arch/.config/discord/0.0.73/modules/pending/discord_erlpack-1.zip: 54%
2024-11-09T16:52:00.707Z [Modules] Streaming discord_erlpack@1 to /home/arch/.config/discord/0.0.73/modules/pending/discord_erlpack-1.zip: 55%
2024-11-09T16:52:00.709Z [Modules] Streaming discord_erlpack@1 to /home/arch/.config/discord/0.0.73/modules/pending/discord_erlpack-1.zip: 56%
2024-11-09T16:52:00.711Z [Modules] Streaming discord_erlpack@1 to /home/arch/.config/discord/0.0.73/modules/pending/discord_erlpack-1.zip: 57%
2024-11-09T16:52:00.714Z [Modules] Streaming discord_erlpack@1 to /home/arch/.config/discord/0.0.73/modules/pending/discord_erlpack-1.zip: 58%
2024-11-09T16:52:00.716Z [Modules] Streaming discord_erlpack@1 to /home/arch/.config/discord/0.0.73/modules/pending/discord_erlpack-1.zip: 59%
2024-11-09T16:52:00.717Z [Modules] Streaming discord_erlpack@1 to /home/arch/.config/discord/0.0.73/modules/pending/discord_erlpack-1.zip: 60%
2024-11-09T16:52:00.719Z [Modules] Streaming discord_erlpack@1 to /home/arch/.config/discord/0.0.73/modules/pending/discord_erlpack-1.zip: 61%
2024-11-09T16:52:00.721Z [Modules] Streaming discord_erlpack@1 to /home/arch/.config/discord/0.0.73/modules/pending/discord_erlpack-1.zip: 62%
2024-11-09T16:52:00.722Z [Modules] Streaming discord_erlpack@1 to /home/arch/.config/discord/0.0.73/modules/pending/discord_erlpack-1.zip: 63%
2024-11-09T16:52:00.724Z [Modules] Streaming discord_erlpack@1 to /home/arch/.config/discord/0.0.73/modules/pending/discord_erlpack-1.zip: 64%
2024-11-09T16:52:00.725Z [Modules] Streaming discord_erlpack@1 to /home/arch/.config/discord/0.0.73/modules/pending/discord_erlpack-1.zip: 65%
2024-11-09T16:52:00.727Z [Modules] Streaming discord_erlpack@1 to /home/arch/.config/discord/0.0.73/modules/pending/discord_erlpack-1.zip: 66%
2024-11-09T16:52:00.728Z [Modules] Streaming discord_erlpack@1 to /home/arch/.config/discord/0.0.73/modules/pending/discord_erlpack-1.zip: 67%
2024-11-09T16:52:00.730Z [Modules] Streaming discord_erlpack@1 to /home/arch/.config/discord/0.0.73/modules/pending/discord_erlpack-1.zip: 68%
2024-11-09T16:52:00.731Z [Modules] Streaming discord_erlpack@1 to /home/arch/.config/discord/0.0.73/modules/pending/discord_erlpack-1.zip: 69%
2024-11-09T16:52:00.733Z [Modules] Streaming discord_erlpack@1 to /home/arch/.config/discord/0.0.73/modules/pending/discord_erlpack-1.zip: 70%
2024-11-09T16:52:00.735Z [Modules] Streaming discord_erlpack@1 to /home/arch/.config/discord/0.0.73/modules/pending/discord_erlpack-1.zip: 71%
2024-11-09T16:52:00.737Z [Modules] Streaming discord_erlpack@1 to /home/arch/.config/discord/0.0.73/modules/pending/discord_erlpack-1.zip: 72%
2024-11-09T16:52:00.738Z [Modules] Streaming discord_erlpack@1 to /home/arch/.config/discord/0.0.73/modules/pending/discord_erlpack-1.zip: 73%
2024-11-09T16:52:00.740Z [Modules] Streaming discord_erlpack@1 to /home/arch/.config/discord/0.0.73/modules/pending/discord_erlpack-1.zip: 74%
2024-11-09T16:52:00.742Z [Modules] Streaming discord_erlpack@1 to /home/arch/.config/discord/0.0.73/modules/pending/discord_erlpack-1.zip: 75%
2024-11-09T16:52:00.743Z [Modules] Streaming discord_erlpack@1 to /home/arch/.config/discord/0.0.73/modules/pending/discord_erlpack-1.zip: 76%
2024-11-09T16:52:00.745Z [Modules] Streaming discord_erlpack@1 to /home/arch/.config/discord/0.0.73/modules/pending/discord_erlpack-1.zip: 77%
2024-11-09T16:52:00.747Z [Modules] Streaming discord_erlpack@1 to /home/arch/.config/discord/0.0.73/modules/pending/discord_erlpack-1.zip: 78%
2024-11-09T16:52:00.749Z [Modules] Streaming discord_erlpack@1 to /home/arch/.config/discord/0.0.73/modules/pending/discord_erlpack-1.zip: 79%
2024-11-09T16:52:00.750Z [Modules] Streaming discord_erlpack@1 to /home/arch/.config/discord/0.0.73/modules/pending/discord_erlpack-1.zip: 80%
2024-11-09T16:52:00.752Z [Modules] Streaming discord_erlpack@1 to /home/arch/.config/discord/0.0.73/modules/pending/discord_erlpack-1.zip: 81%
2024-11-09T16:52:00.754Z [Modules] Streaming discord_erlpack@1 to /home/arch/.config/discord/0.0.73/modules/pending/discord_erlpack-1.zip: 82%
2024-11-09T16:52:00.756Z [Modules] Streaming discord_erlpack@1 to /home/arch/.config/discord/0.0.73/modules/pending/discord_erlpack-1.zip: 83%
2024-11-09T16:52:00.757Z [Modules] Streaming discord_erlpack@1 to /home/arch/.config/discord/0.0.73/modules/pending/discord_erlpack-1.zip: 84%
2024-11-09T16:52:00.759Z [Modules] Streaming discord_erlpack@1 to /home/arch/.config/discord/0.0.73/modules/pending/discord_erlpack-1.zip: 85%
2024-11-09T16:52:00.761Z [Modules] Streaming discord_erlpack@1 to /home/arch/.config/discord/0.0.73/modules/pending/discord_erlpack-1.zip: 86%
2024-11-09T16:52:00.762Z [Modules] Streaming discord_erlpack@1 to /home/arch/.config/discord/0.0.73/modules/pending/discord_erlpack-1.zip: 87%
2024-11-09T16:52:00.764Z [Modules] Streaming discord_erlpack@1 to /home/arch/.config/discord/0.0.73/modules/pending/discord_erlpack-1.zip: 88%
2024-11-09T16:52:00.766Z [Modules] Streaming discord_erlpack@1 to /home/arch/.config/discord/0.0.73/modules/pending/discord_erlpack-1.zip: 89%
2024-11-09T16:52:00.767Z [Modules] Streaming discord_erlpack@1 to /home/arch/.config/discord/0.0.73/modules/pending/discord_erlpack-1.zip: 90%
2024-11-09T16:52:00.769Z [Modules] Streaming discord_erlpack@1 to /home/arch/.config/discord/0.0.73/modules/pending/discord_erlpack-1.zip: 91%
2024-11-09T16:52:00.771Z [Modules] Streaming discord_erlpack@1 to /home/arch/.config/discord/0.0.73/modules/pending/discord_erlpack-1.zip: 92%
2024-11-09T16:52:00.773Z [Modules] Streaming discord_erlpack@1 to /home/arch/.config/discord/0.0.73/modules/pending/discord_erlpack-1.zip: 93%
2024-11-09T16:52:00.774Z [Modules] Streaming discord_erlpack@1 to /home/arch/.config/discord/0.0.73/modules/pending/discord_erlpack-1.zip: 94%
2024-11-09T16:52:00.776Z [Modules] Streaming discord_erlpack@1 to /home/arch/.config/discord/0.0.73/modules/pending/discord_erlpack-1.zip: 95%
2024-11-09T16:52:00.778Z [Modules] Streaming discord_erlpack@1 to /home/arch/.config/discord/0.0.73/modules/pending/discord_erlpack-1.zip: 96%
2024-11-09T16:52:00.780Z [Modules] Streaming discord_erlpack@1 to /home/arch/.config/discord/0.0.73/modules/pending/discord_erlpack-1.zip: 97%
2024-11-09T16:52:00.781Z [Modules] Streaming discord_erlpack@1 to /home/arch/.config/discord/0.0.73/modules/pending/discord_erlpack-1.zip: 98%
2024-11-09T16:52:00.783Z [Modules] Streaming discord_erlpack@1 to /home/arch/.config/discord/0.0.73/modules/pending/discord_erlpack-1.zip: 99%
2024-11-09T16:52:00.785Z [Modules] Streaming discord_erlpack@1 to /home/arch/.config/discord/0.0.73/modules/pending/discord_erlpack-1.zip: 100%
2024-11-09T16:52:00.785Z [Modules] Fetching discord_spellcheck@1 from https://discord.com/api/modules/stable/discord_spellcheck/1
2024-11-09T16:52:00.785Z [Modules] Streaming discord_spellcheck@1 to /home/arch/.config/discord/0.0.73/modules/pending/discord_spellcheck-1.zip
2024-11-09T16:52:01.044Z [Modules] Streaming discord_spellcheck@1 to /home/arch/.config/discord/0.0.73/modules/pending/discord_spellcheck-1.zip: 1%
2024-11-09T16:52:01.052Z [Modules] Streaming discord_spellcheck@1 to /home/arch/.config/discord/0.0.73/modules/pending/discord_spellcheck-1.zip: 2%
2024-11-09T16:52:01.060Z [Modules] Streaming discord_spellcheck@1 to /home/arch/.config/discord/0.0.73/modules/pending/discord_spellcheck-1.zip: 3%
2024-11-09T16:52:01.070Z [Modules] Streaming discord_spellcheck@1 to /home/arch/.config/discord/0.0.73/modules/pending/discord_spellcheck-1.zip: 4%
2024-11-09T16:52:01.080Z [Modules] Streaming discord_spellcheck@1 to /home/arch/.config/discord/0.0.73/modules/pending/discord_spellcheck-1.zip: 5%
2024-11-09T16:52:01.088Z [Modules] Streaming discord_spellcheck@1 to /home/arch/.config/discord/0.0.73/modules/pending/discord_spellcheck-1.zip: 6%
2024-11-09T16:52:01.096Z [Modules] Streaming discord_spellcheck@1 to /home/arch/.config/discord/0.0.73/modules/pending/discord_spellcheck-1.zip: 7%
2024-11-09T16:52:01.104Z [Modules] Streaming discord_spellcheck@1 to /home/arch/.config/discord/0.0.73/modules/pending/discord_spellcheck-1.zip: 8%
2024-11-09T16:52:01.112Z [Modules] Streaming discord_spellcheck@1 to /home/arch/.config/discord/0.0.73/modules/pending/discord_spellcheck-1.zip: 9%
2024-11-09T16:52:01.121Z [Modules] Streaming discord_spellcheck@1 to /home/arch/.config/discord/0.0.73/modules/pending/discord_spellcheck-1.zip: 10%
2024-11-09T16:52:01.128Z [Modules] Streaming discord_spellcheck@1 to /home/arch/.config/discord/0.0.73/modules/pending/discord_spellcheck-1.zip: 11%
2024-11-09T16:52:01.137Z [Modules] Streaming discord_spellcheck@1 to /home/arch/.config/discord/0.0.73/modules/pending/discord_spellcheck-1.zip: 12%
2024-11-09T16:52:01.145Z [Modules] Streaming discord_spellcheck@1 to /home/arch/.config/discord/0.0.73/modules/pending/discord_spellcheck-1.zip: 13%
2024-11-09T16:52:01.153Z [Modules] Streaming discord_spellcheck@1 to /home/arch/.config/discord/0.0.73/modules/pending/discord_spellcheck-1.zip: 14%
2024-11-09T16:52:01.161Z [Modules] Streaming discord_spellcheck@1 to /home/arch/.config/discord/0.0.73/modules/pending/discord_spellcheck-1.zip: 15%
2024-11-09T16:52:01.170Z [Modules] Streaming discord_spellcheck@1 to /home/arch/.config/discord/0.0.73/modules/pending/discord_spellcheck-1.zip: 16%
2024-11-09T16:52:01.177Z [Modules] Streaming discord_spellcheck@1 to /home/arch/.config/discord/0.0.73/modules/pending/discord_spellcheck-1.zip: 17%
2024-11-09T16:52:01.185Z [Modules] Streaming discord_spellcheck@1 to /home/arch/.config/discord/0.0.73/modules/pending/discord_spellcheck-1.zip: 18%
2024-11-09T16:52:01.193Z [Modules] Streaming discord_spellcheck@1 to /home/arch/.config/discord/0.0.73/modules/pending/discord_spellcheck-1.zip: 19%
2024-11-09T16:52:01.201Z [Modules] Streaming discord_spellcheck@1 to /home/arch/.config/discord/0.0.73/modules/pending/discord_spellcheck-1.zip: 20%
2024-11-09T16:52:01.210Z [Modules] Streaming discord_spellcheck@1 to /home/arch/.config/discord/0.0.73/modules/pending/discord_spellcheck-1.zip: 21%
2024-11-09T16:52:01.218Z [Modules] Streaming discord_spellcheck@1 to /home/arch/.config/discord/0.0.73/modules/pending/discord_spellcheck-1.zip: 22%
2024-11-09T16:52:01.226Z [Modules] Streaming discord_spellcheck@1 to /home/arch/.config/discord/0.0.73/modules/pending/discord_spellcheck-1.zip: 23%
2024-11-09T16:52:01.234Z [Modules] Streaming discord_spellcheck@1 to /home/arch/.config/discord/0.0.73/modules/pending/discord_spellcheck-1.zip: 24%
2024-11-09T16:52:01.243Z [Modules] Streaming discord_spellcheck@1 to /home/arch/.config/discord/0.0.73/modules/pending/discord_spellcheck-1.zip: 25%
2024-11-09T16:52:01.250Z [Modules] Streaming discord_spellcheck@1 to /home/arch/.config/discord/0.0.73/modules/pending/discord_spellcheck-1.zip: 26%
2024-11-09T16:52:01.258Z [Modules] Streaming discord_spellcheck@1 to /home/arch/.config/discord/0.0.73/modules/pending/discord_spellcheck-1.zip: 27%
2024-11-09T16:52:01.267Z [Modules] Streaming discord_spellcheck@1 to /home/arch/.config/discord/0.0.73/modules/pending/discord_spellcheck-1.zip: 28%
2024-11-09T16:52:01.275Z [Modules] Streaming discord_spellcheck@1 to /home/arch/.config/discord/0.0.73/modules/pending/discord_spellcheck-1.zip: 29%
2024-11-09T16:52:01.283Z [Modules] Streaming discord_spellcheck@1 to /home/arch/.config/discord/0.0.73/modules/pending/discord_spellcheck-1.zip: 30%
2024-11-09T16:52:01.291Z [Modules] Streaming discord_spellcheck@1 to /home/arch/.config/discord/0.0.73/modules/pending/discord_spellcheck-1.zip: 31%
2024-11-09T16:52:01.299Z [Modules] Streaming discord_spellcheck@1 to /home/arch/.config/discord/0.0.73/modules/pending/discord_spellcheck-1.zip: 32%
2024-11-09T16:52:01.307Z [Modules] Streaming discord_spellcheck@1 to /home/arch/.config/discord/0.0.73/modules/pending/discord_spellcheck-1.zip: 33%
2024-11-09T16:52:01.315Z [Modules] Streaming discord_spellcheck@1 to /home/arch/.config/discord/0.0.73/modules/pending/discord_spellcheck-1.zip: 34%
2024-11-09T16:52:01.323Z [Modules] Streaming discord_spellcheck@1 to /home/arch/.config/discord/0.0.73/modules/pending/discord_spellcheck-1.zip: 35%
2024-11-09T16:52:01.331Z [Modules] Streaming discord_spellcheck@1 to /home/arch/.config/discord/0.0.73/modules/pending/discord_spellcheck-1.zip: 36%
2024-11-09T16:52:01.339Z [Modules] Streaming discord_spellcheck@1 to /home/arch/.config/discord/0.0.73/modules/pending/discord_spellcheck-1.zip: 37%
2024-11-09T16:52:01.347Z [Modules] Streaming discord_spellcheck@1 to /home/arch/.config/discord/0.0.73/modules/pending/discord_spellcheck-1.zip: 38%
2024-11-09T16:52:01.355Z [Modules] Streaming discord_spellcheck@1 to /home/arch/.config/discord/0.0.73/modules/pending/discord_spellcheck-1.zip: 39%
2024-11-09T16:52:01.363Z [Modules] Streaming discord_spellcheck@1 to /home/arch/.config/discord/0.0.73/modules/pending/discord_spellcheck-1.zip: 40%
2024-11-09T16:52:01.372Z [Modules] Streaming discord_spellcheck@1 to /home/arch/.config/discord/0.0.73/modules/pending/discord_spellcheck-1.zip: 41%
2024-11-09T16:52:01.379Z [Modules] Streaming discord_spellcheck@1 to /home/arch/.config/discord/0.0.73/modules/pending/discord_spellcheck-1.zip: 42%
2024-11-09T16:52:01.387Z [Modules] Streaming discord_spellcheck@1 to /home/arch/.config/discord/0.0.73/modules/pending/discord_spellcheck-1.zip: 43%
2024-11-09T16:52:01.396Z [Modules] Streaming discord_spellcheck@1 to /home/arch/.config/discord/0.0.73/modules/pending/discord_spellcheck-1.zip: 44%
2024-11-09T16:52:01.404Z [Modules] Streaming discord_spellcheck@1 to /home/arch/.config/discord/0.0.73/modules/pending/discord_spellcheck-1.zip: 45%
2024-11-09T16:52:01.413Z [Modules] Streaming discord_spellcheck@1 to /home/arch/.config/discord/0.0.73/modules/pending/discord_spellcheck-1.zip: 46%
2024-11-09T16:52:01.420Z [Modules] Streaming discord_spellcheck@1 to /home/arch/.config/discord/0.0.73/modules/pending/discord_spellcheck-1.zip: 47%
2024-11-09T16:52:01.428Z [Modules] Streaming discord_spellcheck@1 to /home/arch/.config/discord/0.0.73/modules/pending/discord_spellcheck-1.zip: 48%
2024-11-09T16:52:01.437Z [Modules] Streaming discord_spellcheck@1 to /home/arch/.config/discord/0.0.73/modules/pending/discord_spellcheck-1.zip: 49%
2024-11-09T16:52:01.444Z [Modules] Streaming discord_spellcheck@1 to /home/arch/.config/discord/0.0.73/modules/pending/discord_spellcheck-1.zip: 50%
2024-11-09T16:52:01.453Z [Modules] Streaming discord_spellcheck@1 to /home/arch/.config/discord/0.0.73/modules/pending/discord_spellcheck-1.zip: 51%
2024-11-09T16:52:01.461Z [Modules] Streaming discord_spellcheck@1 to /home/arch/.config/discord/0.0.73/modules/pending/discord_spellcheck-1.zip: 52%
2024-11-09T16:52:01.469Z [Modules] Streaming discord_spellcheck@1 to /home/arch/.config/discord/0.0.73/modules/pending/discord_spellcheck-1.zip: 53%
2024-11-09T16:52:01.477Z [Modules] Streaming discord_spellcheck@1 to /home/arch/.config/discord/0.0.73/modules/pending/discord_spellcheck-1.zip: 54%
2024-11-09T16:52:01.485Z [Modules] Streaming discord_spellcheck@1 to /home/arch/.config/discord/0.0.73/modules/pending/discord_spellcheck-1.zip: 55%
2024-11-09T16:52:01.495Z [Modules] Streaming discord_spellcheck@1 to /home/arch/.config/discord/0.0.73/modules/pending/discord_spellcheck-1.zip: 56%
2024-11-09T16:52:01.502Z [Modules] Streaming discord_spellcheck@1 to /home/arch/.config/discord/0.0.73/modules/pending/discord_spellcheck-1.zip: 57%
2024-11-09T16:52:01.510Z [Modules] Streaming discord_spellcheck@1 to /home/arch/.config/discord/0.0.73/modules/pending/discord_spellcheck-1.zip: 58%
2024-11-09T16:52:01.518Z [Modules] Streaming discord_spellcheck@1 to /home/arch/.config/discord/0.0.73/modules/pending/discord_spellcheck-1.zip: 59%
2024-11-09T16:52:01.527Z [Modules] Streaming discord_spellcheck@1 to /home/arch/.config/discord/0.0.73/modules/pending/discord_spellcheck-1.zip: 60%
2024-11-09T16:52:01.535Z [Modules] Streaming discord_spellcheck@1 to /home/arch/.config/discord/0.0.73/modules/pending/discord_spellcheck-1.zip: 61%
2024-11-09T16:52:01.542Z [Modules] Streaming discord_spellcheck@1 to /home/arch/.config/discord/0.0.73/modules/pending/discord_spellcheck-1.zip: 62%
2024-11-09T16:52:01.550Z [Modules] Streaming discord_spellcheck@1 to /home/arch/.config/discord/0.0.73/modules/pending/discord_spellcheck-1.zip: 63%
2024-11-09T16:52:01.558Z [Modules] Streaming discord_spellcheck@1 to /home/arch/.config/discord/0.0.73/modules/pending/discord_spellcheck-1.zip: 64%
2024-11-09T16:52:01.566Z [Modules] Streaming discord_spellcheck@1 to /home/arch/.config/discord/0.0.73/modules/pending/discord_spellcheck-1.zip: 65%
2024-11-09T16:52:01.574Z [Modules] Streaming discord_spellcheck@1 to /home/arch/.config/discord/0.0.73/modules/pending/discord_spellcheck-1.zip: 66%
2024-11-09T16:52:01.582Z [Modules] Streaming discord_spellcheck@1 to /home/arch/.config/discord/0.0.73/modules/pending/discord_spellcheck-1.zip: 67%
2024-11-09T16:52:01.591Z [Modules] Streaming discord_spellcheck@1 to /home/arch/.config/discord/0.0.73/modules/pending/discord_spellcheck-1.zip: 68%
2024-11-09T16:52:01.599Z [Modules] Streaming discord_spellcheck@1 to /home/arch/.config/discord/0.0.73/modules/pending/discord_spellcheck-1.zip: 69%
2024-11-09T16:52:01.606Z [Modules] Streaming discord_spellcheck@1 to /home/arch/.config/discord/0.0.73/modules/pending/discord_spellcheck-1.zip: 70%
2024-11-09T16:52:01.615Z [Modules] Streaming discord_spellcheck@1 to /home/arch/.config/discord/0.0.73/modules/pending/discord_spellcheck-1.zip: 71%
2024-11-09T16:52:01.623Z [Modules] Streaming discord_spellcheck@1 to /home/arch/.config/discord/0.0.73/modules/pending/discord_spellcheck-1.zip: 72%
2024-11-09T16:52:01.632Z [Modules] Streaming discord_spellcheck@1 to /home/arch/.config/discord/0.0.73/modules/pending/discord_spellcheck-1.zip: 73%
2024-11-09T16:52:01.639Z [Modules] Streaming discord_spellcheck@1 to /home/arch/.config/discord/0.0.73/modules/pending/discord_spellcheck-1.zip: 74%
2024-11-09T16:52:01.647Z [Modules] Streaming discord_spellcheck@1 to /home/arch/.config/discord/0.0.73/modules/pending/discord_spellcheck-1.zip: 75%
2024-11-09T16:52:01.656Z [Modules] Streaming discord_spellcheck@1 to /home/arch/.config/discord/0.0.73/modules/pending/discord_spellcheck-1.zip: 76%
2024-11-09T16:52:01.663Z [Modules] Streaming discord_spellcheck@1 to /home/arch/.config/discord/0.0.73/modules/pending/discord_spellcheck-1.zip: 77%
2024-11-09T16:52:01.671Z [Modules] Streaming discord_spellcheck@1 to /home/arch/.config/discord/0.0.73/modules/pending/discord_spellcheck-1.zip: 78%
2024-11-09T16:52:01.679Z [Modules] Streaming discord_spellcheck@1 to /home/arch/.config/discord/0.0.73/modules/pending/discord_spellcheck-1.zip: 79%
2024-11-09T16:52:01.691Z [Modules] Streaming discord_spellcheck@1 to /home/arch/.config/discord/0.0.73/modules/pending/discord_spellcheck-1.zip: 80%
2024-11-09T16:52:01.699Z [Modules] Streaming discord_spellcheck@1 to /home/arch/.config/discord/0.0.73/modules/pending/discord_spellcheck-1.zip: 81%
2024-11-09T16:52:01.706Z [Modules] Streaming discord_spellcheck@1 to /home/arch/.config/discord/0.0.73/modules/pending/discord_spellcheck-1.zip: 82%
2024-11-09T16:52:01.715Z [Modules] Streaming discord_spellcheck@1 to /home/arch/.config/discord/0.0.73/modules/pending/discord_spellcheck-1.zip: 83%
2024-11-09T16:52:01.723Z [Modules] Streaming discord_spellcheck@1 to /home/arch/.config/discord/0.0.73/modules/pending/discord_spellcheck-1.zip: 84%
2024-11-09T16:52:01.732Z [Modules] Streaming discord_spellcheck@1 to /home/arch/.config/discord/0.0.73/modules/pending/discord_spellcheck-1.zip: 85%
2024-11-09T16:52:01.739Z [Modules] Streaming discord_spellcheck@1 to /home/arch/.config/discord/0.0.73/modules/pending/discord_spellcheck-1.zip: 86%
2024-11-09T16:52:01.746Z [Modules] Streaming discord_spellcheck@1 to /home/arch/.config/discord/0.0.73/modules/pending/discord_spellcheck-1.zip: 87%
2024-11-09T16:52:01.756Z [Modules] Streaming discord_spellcheck@1 to /home/arch/.config/discord/0.0.73/modules/pending/discord_spellcheck-1.zip: 88%
2024-11-09T16:52:01.763Z [Modules] Streaming discord_spellcheck@1 to /home/arch/.config/discord/0.0.73/modules/pending/discord_spellcheck-1.zip: 89%
2024-11-09T16:52:01.771Z [Modules] Streaming discord_spellcheck@1 to /home/arch/.config/discord/0.0.73/modules/pending/discord_spellcheck-1.zip: 90%
2024-11-09T16:52:01.797Z [Modules] Streaming discord_spellcheck@1 to /home/arch/.config/discord/0.0.73/modules/pending/discord_spellcheck-1.zip: 91%
2024-11-09T16:52:01.798Z [Modules] Streaming discord_spellcheck@1 to /home/arch/.config/discord/0.0.73/modules/pending/discord_spellcheck-1.zip: 92%
2024-11-09T16:52:01.799Z [Modules] Streaming discord_spellcheck@1 to /home/arch/.config/discord/0.0.73/modules/pending/discord_spellcheck-1.zip: 93%
2024-11-09T16:52:01.805Z [Modules] Streaming discord_spellcheck@1 to /home/arch/.config/discord/0.0.73/modules/pending/discord_spellcheck-1.zip: 94%
2024-11-09T16:52:01.813Z [Modules] Streaming discord_spellcheck@1 to /home/arch/.config/discord/0.0.73/modules/pending/discord_spellcheck-1.zip: 95%
2024-11-09T16:52:01.821Z [Modules] Streaming discord_spellcheck@1 to /home/arch/.config/discord/0.0.73/modules/pending/discord_spellcheck-1.zip: 96%
2024-11-09T16:52:01.830Z [Modules] Streaming discord_spellcheck@1 to /home/arch/.config/discord/0.0.73/modules/pending/discord_spellcheck-1.zip: 97%
2024-11-09T16:52:01.838Z [Modules] Streaming discord_spellcheck@1 to /home/arch/.config/discord/0.0.73/modules/pending/discord_spellcheck-1.zip: 98%
2024-11-09T16:52:01.845Z [Modules] Streaming discord_spellcheck@1 to /home/arch/.config/discord/0.0.73/modules/pending/discord_spellcheck-1.zip: 99%
2024-11-09T16:52:01.854Z [Modules] Streaming discord_spellcheck@1 to /home/arch/.config/discord/0.0.73/modules/pending/discord_spellcheck-1.zip: 100%
2024-11-09T16:52:01.854Z [Modules] Fetching discord_utils@1 from https://discord.com/api/modules/stable/discord_utils/1
2024-11-09T16:52:01.854Z [Modules] Streaming discord_utils@1 to /home/arch/.config/discord/0.0.73/modules/pending/discord_utils-1.zip
2024-11-09T16:52:02.122Z [Modules] Streaming discord_utils@1 to /home/arch/.config/discord/0.0.73/modules/pending/discord_utils-1.zip: 1%
2024-11-09T16:52:02.125Z [Modules] Streaming discord_utils@1 to /home/arch/.config/discord/0.0.73/modules/pending/discord_utils-1.zip: 2%
2024-11-09T16:52:02.128Z [Modules] Streaming discord_utils@1 to /home/arch/.config/discord/0.0.73/modules/pending/discord_utils-1.zip: 3%
2024-11-09T16:52:02.131Z [Modules] Streaming discord_utils@1 to /home/arch/.config/discord/0.0.73/modules/pending/discord_utils-1.zip: 4%
2024-11-09T16:52:02.134Z [Modules] Streaming discord_utils@1 to /home/arch/.config/discord/0.0.73/modules/pending/discord_utils-1.zip: 5%
2024-11-09T16:52:02.138Z [Modules] Streaming discord_utils@1 to /home/arch/.config/discord/0.0.73/modules/pending/discord_utils-1.zip: 6%
2024-11-09T16:52:02.141Z [Modules] Streaming discord_utils@1 to /home/arch/.config/discord/0.0.73/modules/pending/discord_utils-1.zip: 7%
2024-11-09T16:52:02.144Z [Modules] Streaming discord_utils@1 to /home/arch/.config/discord/0.0.73/modules/pending/discord_utils-1.zip: 8%
2024-11-09T16:52:02.147Z [Modules] Streaming discord_utils@1 to /home/arch/.config/discord/0.0.73/modules/pending/discord_utils-1.zip: 9%
2024-11-09T16:52:02.150Z [Modules] Streaming discord_utils@1 to /home/arch/.config/discord/0.0.73/modules/pending/discord_utils-1.zip: 10%
2024-11-09T16:52:02.159Z [Modules] Streaming discord_utils@1 to /home/arch/.config/discord/0.0.73/modules/pending/discord_utils-1.zip: 11%
2024-11-09T16:52:02.161Z [Modules] Streaming discord_utils@1 to /home/arch/.config/discord/0.0.73/modules/pending/discord_utils-1.zip: 12%
2024-11-09T16:52:02.164Z [Modules] Streaming discord_utils@1 to /home/arch/.config/discord/0.0.73/modules/pending/discord_utils-1.zip: 13%
2024-11-09T16:52:02.167Z [Modules] Streaming discord_utils@1 to /home/arch/.config/discord/0.0.73/modules/pending/discord_utils-1.zip: 14%
2024-11-09T16:52:02.170Z [Modules] Streaming discord_utils@1 to /home/arch/.config/discord/0.0.73/modules/pending/discord_utils-1.zip: 15%
2024-11-09T16:52:02.173Z [Modules] Streaming discord_utils@1 to /home/arch/.config/discord/0.0.73/modules/pending/discord_utils-1.zip: 16%
2024-11-09T16:52:02.177Z [Modules] Streaming discord_utils@1 to /home/arch/.config/discord/0.0.73/modules/pending/discord_utils-1.zip: 17%
2024-11-09T16:52:02.180Z [Modules] Streaming discord_utils@1 to /home/arch/.config/discord/0.0.73/modules/pending/discord_utils-1.zip: 18%
2024-11-09T16:52:02.183Z [Modules] Streaming discord_utils@1 to /home/arch/.config/discord/0.0.73/modules/pending/discord_utils-1.zip: 19%
2024-11-09T16:52:02.186Z [Modules] Streaming discord_utils@1 to /home/arch/.config/discord/0.0.73/modules/pending/discord_utils-1.zip: 20%
2024-11-09T16:52:02.190Z [Modules] Streaming discord_utils@1 to /home/arch/.config/discord/0.0.73/modules/pending/discord_utils-1.zip: 21%
2024-11-09T16:52:02.193Z [Modules] Streaming discord_utils@1 to /home/arch/.config/discord/0.0.73/modules/pending/discord_utils-1.zip: 22%
2024-11-09T16:52:02.197Z [Modules] Streaming discord_utils@1 to /home/arch/.config/discord/0.0.73/modules/pending/discord_utils-1.zip: 23%
2024-11-09T16:52:02.200Z [Modules] Streaming discord_utils@1 to /home/arch/.config/discord/0.0.73/modules/pending/discord_utils-1.zip: 24%
2024-11-09T16:52:02.203Z [Modules] Streaming discord_utils@1 to /home/arch/.config/discord/0.0.73/modules/pending/discord_utils-1.zip: 25%
2024-11-09T16:52:02.206Z [Modules] Streaming discord_utils@1 to /home/arch/.config/discord/0.0.73/modules/pending/discord_utils-1.zip: 26%
2024-11-09T16:52:02.209Z [Modules] Streaming discord_utils@1 to /home/arch/.config/discord/0.0.73/modules/pending/discord_utils-1.zip: 27%
2024-11-09T16:52:02.212Z [Modules] Streaming discord_utils@1 to /home/arch/.config/discord/0.0.73/modules/pending/discord_utils-1.zip: 28%
2024-11-09T16:52:02.215Z [Modules] Streaming discord_utils@1 to /home/arch/.config/discord/0.0.73/modules/pending/discord_utils-1.zip: 29%
2024-11-09T16:52:02.218Z [Modules] Streaming discord_utils@1 to /home/arch/.config/discord/0.0.73/modules/pending/discord_utils-1.zip: 30%
2024-11-09T16:52:02.221Z [Modules] Streaming discord_utils@1 to /home/arch/.config/discord/0.0.73/modules/pending/discord_utils-1.zip: 31%
2024-11-09T16:52:02.224Z [Modules] Streaming discord_utils@1 to /home/arch/.config/discord/0.0.73/modules/pending/discord_utils-1.zip: 32%
2024-11-09T16:52:02.228Z [Modules] Streaming discord_utils@1 to /home/arch/.config/discord/0.0.73/modules/pending/discord_utils-1.zip: 33%
2024-11-09T16:52:02.231Z [Modules] Streaming discord_utils@1 to /home/arch/.config/discord/0.0.73/modules/pending/discord_utils-1.zip: 34%
2024-11-09T16:52:02.235Z [Modules] Streaming discord_utils@1 to /home/arch/.config/discord/0.0.73/modules/pending/discord_utils-1.zip: 35%
2024-11-09T16:52:02.239Z [Modules] Streaming discord_utils@1 to /home/arch/.config/discord/0.0.73/modules/pending/discord_utils-1.zip: 36%
2024-11-09T16:52:02.241Z [Modules] Streaming discord_utils@1 to /home/arch/.config/discord/0.0.73/modules/pending/discord_utils-1.zip: 37%
2024-11-09T16:52:02.244Z [Modules] Streaming discord_utils@1 to /home/arch/.config/discord/0.0.73/modules/pending/discord_utils-1.zip: 38%
2024-11-09T16:52:02.247Z [Modules] Streaming discord_utils@1 to /home/arch/.config/discord/0.0.73/modules/pending/discord_utils-1.zip: 39%
2024-11-09T16:52:02.250Z [Modules] Streaming discord_utils@1 to /home/arch/.config/discord/0.0.73/modules/pending/discord_utils-1.zip: 40%
2024-11-09T16:52:02.253Z [Modules] Streaming discord_utils@1 to /home/arch/.config/discord/0.0.73/modules/pending/discord_utils-1.zip: 41%
2024-11-09T16:52:02.257Z [Modules] Streaming discord_utils@1 to /home/arch/.config/discord/0.0.73/modules/pending/discord_utils-1.zip: 42%
2024-11-09T16:52:02.260Z [Modules] Streaming discord_utils@1 to /home/arch/.config/discord/0.0.73/modules/pending/discord_utils-1.zip: 43%
2024-11-09T16:52:02.263Z [Modules] Streaming discord_utils@1 to /home/arch/.config/discord/0.0.73/modules/pending/discord_utils-1.zip: 44%
2024-11-09T16:52:02.266Z [Modules] Streaming discord_utils@1 to /home/arch/.config/discord/0.0.73/modules/pending/discord_utils-1.zip: 45%
2024-11-09T16:52:02.269Z [Modules] Streaming discord_utils@1 to /home/arch/.config/discord/0.0.73/modules/pending/discord_utils-1.zip: 46%
2024-11-09T16:52:02.273Z [Modules] Streaming discord_utils@1 to /home/arch/.config/discord/0.0.73/modules/pending/discord_utils-1.zip: 47%
2024-11-09T16:52:02.276Z [Modules] Streaming discord_utils@1 to /home/arch/.config/discord/0.0.73/modules/pending/discord_utils-1.zip: 48%
2024-11-09T16:52:02.279Z [Modules] Streaming discord_utils@1 to /home/arch/.config/discord/0.0.73/modules/pending/discord_utils-1.zip: 49%
2024-11-09T16:52:02.283Z [Modules] Streaming discord_utils@1 to /home/arch/.config/discord/0.0.73/modules/pending/discord_utils-1.zip: 50%
2024-11-09T16:52:02.285Z [Modules] Streaming discord_utils@1 to /home/arch/.config/discord/0.0.73/modules/pending/discord_utils-1.zip: 51%
2024-11-09T16:52:02.288Z [Modules] Streaming discord_utils@1 to /home/arch/.config/discord/0.0.73/modules/pending/discord_utils-1.zip: 52%
2024-11-09T16:52:02.292Z [Modules] Streaming discord_utils@1 to /home/arch/.config/discord/0.0.73/modules/pending/discord_utils-1.zip: 53%
2024-11-09T16:52:02.295Z [Modules] Streaming discord_utils@1 to /home/arch/.config/discord/0.0.73/modules/pending/discord_utils-1.zip: 54%
2024-11-09T16:52:02.299Z [Modules] Streaming discord_utils@1 to /home/arch/.config/discord/0.0.73/modules/pending/discord_utils-1.zip: 55%
2024-11-09T16:52:02.301Z [Modules] Streaming discord_utils@1 to /home/arch/.config/discord/0.0.73/modules/pending/discord_utils-1.zip: 56%
2024-11-09T16:52:02.305Z [Modules] Streaming discord_utils@1 to /home/arch/.config/discord/0.0.73/modules/pending/discord_utils-1.zip: 57%
2024-11-09T16:52:02.336Z [Modules] Streaming discord_utils@1 to /home/arch/.config/discord/0.0.73/modules/pending/discord_utils-1.zip: 59%
2024-11-09T16:52:02.336Z [Modules] Streaming discord_utils@1 to /home/arch/.config/discord/0.0.73/modules/pending/discord_utils-1.zip: 62%
2024-11-09T16:52:02.337Z [Modules] Streaming discord_utils@1 to /home/arch/.config/discord/0.0.73/modules/pending/discord_utils-1.zip: 65%
2024-11-09T16:52:02.337Z [Modules] Streaming discord_utils@1 to /home/arch/.config/discord/0.0.73/modules/pending/discord_utils-1.zip: 66%
2024-11-09T16:52:02.338Z [Modules] Streaming discord_utils@1 to /home/arch/.config/discord/0.0.73/modules/pending/discord_utils-1.zip: 67%
2024-11-09T16:52:02.341Z [Modules] Streaming discord_utils@1 to /home/arch/.config/discord/0.0.73/modules/pending/discord_utils-1.zip: 68%
2024-11-09T16:52:02.344Z [Modules] Streaming discord_utils@1 to /home/arch/.config/discord/0.0.73/modules/pending/discord_utils-1.zip: 69%
2024-11-09T16:52:02.346Z [Modules] Streaming discord_utils@1 to /home/arch/.config/discord/0.0.73/modules/pending/discord_utils-1.zip: 70%
2024-11-09T16:52:02.349Z [Modules] Streaming discord_utils@1 to /home/arch/.config/discord/0.0.73/modules/pending/discord_utils-1.zip: 71%
2024-11-09T16:52:02.353Z [Modules] Streaming discord_utils@1 to /home/arch/.config/discord/0.0.73/modules/pending/discord_utils-1.zip: 72%
2024-11-09T16:52:02.357Z [Modules] Streaming discord_utils@1 to /home/arch/.config/discord/0.0.73/modules/pending/discord_utils-1.zip: 73%
2024-11-09T16:52:02.359Z [Modules] Streaming discord_utils@1 to /home/arch/.config/discord/0.0.73/modules/pending/discord_utils-1.zip: 74%
2024-11-09T16:52:02.363Z [Modules] Streaming discord_utils@1 to /home/arch/.config/discord/0.0.73/modules/pending/discord_utils-1.zip: 75%
2024-11-09T16:52:02.366Z [Modules] Streaming discord_utils@1 to /home/arch/.config/discord/0.0.73/modules/pending/discord_utils-1.zip: 76%
2024-11-09T16:52:02.368Z [Modules] Streaming discord_utils@1 to /home/arch/.config/discord/0.0.73/modules/pending/discord_utils-1.zip: 77%
2024-11-09T16:52:02.372Z [Modules] Streaming discord_utils@1 to /home/arch/.config/discord/0.0.73/modules/pending/discord_utils-1.zip: 78%
2024-11-09T16:52:02.375Z [Modules] Streaming discord_utils@1 to /home/arch/.config/discord/0.0.73/modules/pending/discord_utils-1.zip: 79%
2024-11-09T16:52:02.378Z [Modules] Streaming discord_utils@1 to /home/arch/.config/discord/0.0.73/modules/pending/discord_utils-1.zip: 80%
2024-11-09T16:52:02.381Z [Modules] Streaming discord_utils@1 to /home/arch/.config/discord/0.0.73/modules/pending/discord_utils-1.zip: 81%
2024-11-09T16:52:02.384Z [Modules] Streaming discord_utils@1 to /home/arch/.config/discord/0.0.73/modules/pending/discord_utils-1.zip: 82%
2024-11-09T16:52:02.388Z [Modules] Streaming discord_utils@1 to /home/arch/.config/discord/0.0.73/modules/pending/discord_utils-1.zip: 83%
2024-11-09T16:52:02.391Z [Modules] Streaming discord_utils@1 to /home/arch/.config/discord/0.0.73/modules/pending/discord_utils-1.zip: 84%
2024-11-09T16:52:02.395Z [Modules] Streaming discord_utils@1 to /home/arch/.config/discord/0.0.73/modules/pending/discord_utils-1.zip: 85%
2024-11-09T16:52:02.399Z [Modules] Streaming discord_utils@1 to /home/arch/.config/discord/0.0.73/modules/pending/discord_utils-1.zip: 86%
2024-11-09T16:52:02.402Z [Modules] Streaming discord_utils@1 to /home/arch/.config/discord/0.0.73/modules/pending/discord_utils-1.zip: 87%
2024-11-09T16:52:02.405Z [Modules] Streaming discord_utils@1 to /home/arch/.config/discord/0.0.73/modules/pending/discord_utils-1.zip: 88%
2024-11-09T16:52:02.407Z [Modules] Streaming discord_utils@1 to /home/arch/.config/discord/0.0.73/modules/pending/discord_utils-1.zip: 89%
2024-11-09T16:52:02.410Z [Modules] Streaming discord_utils@1 to /home/arch/.config/discord/0.0.73/modules/pending/discord_utils-1.zip: 90%
2024-11-09T16:52:02.413Z [Modules] Streaming discord_utils@1 to /home/arch/.config/discord/0.0.73/modules/pending/discord_utils-1.zip: 91%
2024-11-09T16:52:02.417Z [Modules] Streaming discord_utils@1 to /home/arch/.config/discord/0.0.73/modules/pending/discord_utils-1.zip: 92%
2024-11-09T16:52:02.420Z [Modules] Streaming discord_utils@1 to /home/arch/.config/discord/0.0.73/modules/pending/discord_utils-1.zip: 93%
2024-11-09T16:52:02.423Z [Modules] Streaming discord_utils@1 to /home/arch/.config/discord/0.0.73/modules/pending/discord_utils-1.zip: 94%
2024-11-09T16:52:02.426Z [Modules] Streaming discord_utils@1 to /home/arch/.config/discord/0.0.73/modules/pending/discord_utils-1.zip: 95%
2024-11-09T16:52:02.431Z [Modules] Streaming discord_utils@1 to /home/arch/.config/discord/0.0.73/modules/pending/discord_utils-1.zip: 96%
2024-11-09T16:52:02.434Z [Modules] Streaming discord_utils@1 to /home/arch/.config/discord/0.0.73/modules/pending/discord_utils-1.zip: 97%
2024-11-09T16:52:02.437Z [Modules] Streaming discord_utils@1 to /home/arch/.config/discord/0.0.73/modules/pending/discord_utils-1.zip: 98%
2024-11-09T16:52:02.439Z [Modules] Streaming discord_utils@1 to /home/arch/.config/discord/0.0.73/modules/pending/discord_utils-1.zip: 99%
2024-11-09T16:52:02.442Z [Modules] Streaming discord_utils@1 to /home/arch/.config/discord/0.0.73/modules/pending/discord_utils-1.zip: 100%
2024-11-09T16:52:02.443Z [Modules] Fetching discord_voice@1 from https://discord.com/api/modules/stable/discord_voice/1
2024-11-09T16:52:02.443Z [Modules] Streaming discord_voice@1 to /home/arch/.config/discord/0.0.73/modules/pending/discord_voice-1.zip
2024-11-09T16:52:02.682Z [Modules] Streaming discord_voice@1 to /home/arch/.config/discord/0.0.73/modules/pending/discord_voice-1.zip: 1%
2024-11-09T16:52:02.702Z [Modules] Streaming discord_voice@1 to /home/arch/.config/discord/0.0.73/modules/pending/discord_voice-1.zip: 2%
2024-11-09T16:52:02.721Z [Modules] Streaming discord_voice@1 to /home/arch/.config/discord/0.0.73/modules/pending/discord_voice-1.zip: 3%
2024-11-09T16:52:02.741Z [Modules] Streaming discord_voice@1 to /home/arch/.config/discord/0.0.73/modules/pending/discord_voice-1.zip: 4%
2024-11-09T16:52:02.760Z [Modules] Streaming discord_voice@1 to /home/arch/.config/discord/0.0.73/modules/pending/discord_voice-1.zip: 5%
2024-11-09T16:52:02.783Z [Modules] Streaming discord_voice@1 to /home/arch/.config/discord/0.0.73/modules/pending/discord_voice-1.zip: 6%
2024-11-09T16:52:02.803Z [Modules] Streaming discord_voice@1 to /home/arch/.config/discord/0.0.73/modules/pending/discord_voice-1.zip: 7%
2024-11-09T16:52:02.822Z [Modules] Streaming discord_voice@1 to /home/arch/.config/discord/0.0.73/modules/pending/discord_voice-1.zip: 8%
2024-11-09T16:52:02.841Z [Modules] Streaming discord_voice@1 to /home/arch/.config/discord/0.0.73/modules/pending/discord_voice-1.zip: 9%
2024-11-09T16:52:02.860Z [Modules] Streaming discord_voice@1 to /home/arch/.config/discord/0.0.73/modules/pending/discord_voice-1.zip: 10%
2024-11-09T16:52:02.880Z [Modules] Streaming discord_voice@1 to /home/arch/.config/discord/0.0.73/modules/pending/discord_voice-1.zip: 11%
2024-11-09T16:52:02.899Z [Modules] Streaming discord_voice@1 to /home/arch/.config/discord/0.0.73/modules/pending/discord_voice-1.zip: 12%
2024-11-09T16:52:02.934Z [Modules] Streaming discord_voice@1 to /home/arch/.config/discord/0.0.73/modules/pending/discord_voice-1.zip: 13%
2024-11-09T16:52:02.938Z [Modules] Streaming discord_voice@1 to /home/arch/.config/discord/0.0.73/modules/pending/discord_voice-1.zip: 14%
2024-11-09T16:52:02.959Z [Modules] Streaming discord_voice@1 to /home/arch/.config/discord/0.0.73/modules/pending/discord_voice-1.zip: 15%
2024-11-09T16:52:02.977Z [Modules] Streaming discord_voice@1 to /home/arch/.config/discord/0.0.73/modules/pending/discord_voice-1.zip: 16%
2024-11-09T16:52:02.996Z [Modules] Streaming discord_voice@1 to /home/arch/.config/discord/0.0.73/modules/pending/discord_voice-1.zip: 17%
2024-11-09T16:52:03.015Z [Modules] Streaming discord_voice@1 to /home/arch/.config/discord/0.0.73/modules/pending/discord_voice-1.zip: 18%
2024-11-09T16:52:03.044Z [Modules] Streaming discord_voice@1 to /home/arch/.config/discord/0.0.73/modules/pending/discord_voice-1.zip: 19%
2024-11-09T16:52:03.064Z [Modules] Streaming discord_voice@1 to /home/arch/.config/discord/0.0.73/modules/pending/discord_voice-1.zip: 20%
2024-11-09T16:52:03.082Z [Modules] Streaming discord_voice@1 to /home/arch/.config/discord/0.0.73/modules/pending/discord_voice-1.zip: 21%
2024-11-09T16:52:03.102Z [Modules] Streaming discord_voice@1 to /home/arch/.config/discord/0.0.73/modules/pending/discord_voice-1.zip: 22%
2024-11-09T16:52:03.121Z [Modules] Streaming discord_voice@1 to /home/arch/.config/discord/0.0.73/modules/pending/discord_voice-1.zip: 23%
2024-11-09T16:52:03.140Z [Modules] Streaming discord_voice@1 to /home/arch/.config/discord/0.0.73/modules/pending/discord_voice-1.zip: 24%
2024-11-09T16:52:03.160Z [Modules] Streaming discord_voice@1 to /home/arch/.config/discord/0.0.73/modules/pending/discord_voice-1.zip: 25%
2024-11-09T16:52:03.178Z [Modules] Streaming discord_voice@1 to /home/arch/.config/discord/0.0.73/modules/pending/discord_voice-1.zip: 26%
2024-11-09T16:52:03.210Z [Modules] Streaming discord_voice@1 to /home/arch/.config/discord/0.0.73/modules/pending/discord_voice-1.zip: 27%
2024-11-09T16:52:03.224Z [Modules] Streaming discord_voice@1 to /home/arch/.config/discord/0.0.73/modules/pending/discord_voice-1.zip: 28%
2024-11-09T16:52:03.247Z [Modules] Streaming discord_voice@1 to /home/arch/.config/discord/0.0.73/modules/pending/discord_voice-1.zip: 29%
2024-11-09T16:52:03.267Z [Modules] Streaming discord_voice@1 to /home/arch/.config/discord/0.0.73/modules/pending/discord_voice-1.zip: 30%
2024-11-09T16:52:03.286Z [Modules] Streaming discord_voice@1 to /home/arch/.config/discord/0.0.73/modules/pending/discord_voice-1.zip: 31%
2024-11-09T16:52:03.305Z [Modules] Streaming discord_voice@1 to /home/arch/.config/discord/0.0.73/modules/pending/discord_voice-1.zip: 32%
2024-11-09T16:52:03.324Z [Modules] Streaming discord_voice@1 to /home/arch/.config/discord/0.0.73/modules/pending/discord_voice-1.zip: 33%
2024-11-09T16:52:03.361Z [Modules] Streaming discord_voice@1 to /home/arch/.config/discord/0.0.73/modules/pending/discord_voice-1.zip: 34%
2024-11-09T16:52:03.370Z [Modules] Streaming discord_voice@1 to /home/arch/.config/discord/0.0.73/modules/pending/discord_voice-1.zip: 35%
2024-11-09T16:52:03.390Z [Modules] Streaming discord_voice@1 to /home/arch/.config/discord/0.0.73/modules/pending/discord_voice-1.zip: 36%
2024-11-09T16:52:03.411Z [Modules] Streaming discord_voice@1 to /home/arch/.config/discord/0.0.73/modules/pending/discord_voice-1.zip: 37%
2024-11-09T16:52:03.431Z [Modules] Streaming discord_voice@1 to /home/arch/.config/discord/0.0.73/modules/pending/discord_voice-1.zip: 38%
2024-11-09T16:52:03.450Z [Modules] Streaming discord_voice@1 to /home/arch/.config/discord/0.0.73/modules/pending/discord_voice-1.zip: 39%
2024-11-09T16:52:03.469Z [Modules] Streaming discord_voice@1 to /home/arch/.config/discord/0.0.73/modules/pending/discord_voice-1.zip: 40%
2024-11-09T16:52:03.488Z [Modules] Streaming discord_voice@1 to /home/arch/.config/discord/0.0.73/modules/pending/discord_voice-1.zip: 41%
2024-11-09T16:52:03.507Z [Modules] Streaming discord_voice@1 to /home/arch/.config/discord/0.0.73/modules/pending/discord_voice-1.zip: 42%
2024-11-09T16:52:03.527Z [Modules] Streaming discord_voice@1 to /home/arch/.config/discord/0.0.73/modules/pending/discord_voice-1.zip: 43%
2024-11-09T16:52:03.547Z [Modules] Streaming discord_voice@1 to /home/arch/.config/discord/0.0.73/modules/pending/discord_voice-1.zip: 44%
2024-11-09T16:52:03.566Z [Modules] Streaming discord_voice@1 to /home/arch/.config/discord/0.0.73/modules/pending/discord_voice-1.zip: 45%
2024-11-09T16:52:03.584Z [Modules] Streaming discord_voice@1 to /home/arch/.config/discord/0.0.73/modules/pending/discord_voice-1.zip: 46%
2024-11-09T16:52:03.603Z [Modules] Streaming discord_voice@1 to /home/arch/.config/discord/0.0.73/modules/pending/discord_voice-1.zip: 47%
2024-11-09T16:52:03.623Z [Modules] Streaming discord_voice@1 to /home/arch/.config/discord/0.0.73/modules/pending/discord_voice-1.zip: 48%
2024-11-09T16:52:03.642Z [Modules] Streaming discord_voice@1 to /home/arch/.config/discord/0.0.73/modules/pending/discord_voice-1.zip: 49%
2024-11-09T16:52:03.661Z [Modules] Streaming discord_voice@1 to /home/arch/.config/discord/0.0.73/modules/pending/discord_voice-1.zip: 50%
2024-11-09T16:52:03.680Z [Modules] Streaming discord_voice@1 to /home/arch/.config/discord/0.0.73/modules/pending/discord_voice-1.zip: 51%
2024-11-09T16:52:03.700Z [Modules] Streaming discord_voice@1 to /home/arch/.config/discord/0.0.73/modules/pending/discord_voice-1.zip: 52%
2024-11-09T16:52:03.718Z [Modules] Streaming discord_voice@1 to /home/arch/.config/discord/0.0.73/modules/pending/discord_voice-1.zip: 53%
2024-11-09T16:52:03.738Z [Modules] Streaming discord_voice@1 to /home/arch/.config/discord/0.0.73/modules/pending/discord_voice-1.zip: 54%
2024-11-09T16:52:03.757Z [Modules] Streaming discord_voice@1 to /home/arch/.config/discord/0.0.73/modules/pending/discord_voice-1.zip: 55%
2024-11-09T16:52:03.776Z [Modules] Streaming discord_voice@1 to /home/arch/.config/discord/0.0.73/modules/pending/discord_voice-1.zip: 56%
2024-11-09T16:52:03.795Z [Modules] Streaming discord_voice@1 to /home/arch/.config/discord/0.0.73/modules/pending/discord_voice-1.zip: 57%
2024-11-09T16:52:03.816Z [Modules] Streaming discord_voice@1 to /home/arch/.config/discord/0.0.73/modules/pending/discord_voice-1.zip: 58%
2024-11-09T16:52:03.841Z [Modules] Streaming discord_voice@1 to /home/arch/.config/discord/0.0.73/modules/pending/discord_voice-1.zip: 59%
2024-11-09T16:52:03.860Z [Modules] Streaming discord_voice@1 to /home/arch/.config/discord/0.0.73/modules/pending/discord_voice-1.zip: 60%
2024-11-09T16:52:03.879Z [Modules] Streaming discord_voice@1 to /home/arch/.config/discord/0.0.73/modules/pending/discord_voice-1.zip: 61%
2024-11-09T16:52:03.899Z [Modules] Streaming discord_voice@1 to /home/arch/.config/discord/0.0.73/modules/pending/discord_voice-1.zip: 62%
2024-11-09T16:52:03.918Z [Modules] Streaming discord_voice@1 to /home/arch/.config/discord/0.0.73/modules/pending/discord_voice-1.zip: 63%
2024-11-09T16:52:03.937Z [Modules] Streaming discord_voice@1 to /home/arch/.config/discord/0.0.73/modules/pending/discord_voice-1.zip: 64%
2024-11-09T16:52:03.956Z [Modules] Streaming discord_voice@1 to /home/arch/.config/discord/0.0.73/modules/pending/discord_voice-1.zip: 65%
2024-11-09T16:52:03.976Z [Modules] Streaming discord_voice@1 to /home/arch/.config/discord/0.0.73/modules/pending/discord_voice-1.zip: 66%
2024-11-09T16:52:03.995Z [Modules] Streaming discord_voice@1 to /home/arch/.config/discord/0.0.73/modules/pending/discord_voice-1.zip: 67%
2024-11-09T16:52:04.015Z [Modules] Streaming discord_voice@1 to /home/arch/.config/discord/0.0.73/modules/pending/discord_voice-1.zip: 68%
2024-11-09T16:52:04.033Z [Modules] Streaming discord_voice@1 to /home/arch/.config/discord/0.0.73/modules/pending/discord_voice-1.zip: 69%
2024-11-09T16:52:04.054Z [Modules] Streaming discord_voice@1 to /home/arch/.config/discord/0.0.73/modules/pending/discord_voice-1.zip: 70%
2024-11-09T16:52:04.073Z [Modules] Streaming discord_voice@1 to /home/arch/.config/discord/0.0.73/modules/pending/discord_voice-1.zip: 71%
2024-11-09T16:52:04.095Z [Modules] Streaming discord_voice@1 to /home/arch/.config/discord/0.0.73/modules/pending/discord_voice-1.zip: 72%
2024-11-09T16:52:04.111Z [Modules] Streaming discord_voice@1 to /home/arch/.config/discord/0.0.73/modules/pending/discord_voice-1.zip: 73%
2024-11-09T16:52:04.130Z [Modules] Streaming discord_voice@1 to /home/arch/.config/discord/0.0.73/modules/pending/discord_voice-1.zip: 74%
2024-11-09T16:52:04.149Z [Modules] Streaming discord_voice@1 to /home/arch/.config/discord/0.0.73/modules/pending/discord_voice-1.zip: 75%
2024-11-09T16:52:04.168Z [Modules] Streaming discord_voice@1 to /home/arch/.config/discord/0.0.73/modules/pending/discord_voice-1.zip: 76%
2024-11-09T16:52:04.187Z [Modules] Streaming discord_voice@1 to /home/arch/.config/discord/0.0.73/modules/pending/discord_voice-1.zip: 77%
2024-11-09T16:52:04.206Z [Modules] Streaming discord_voice@1 to /home/arch/.config/discord/0.0.73/modules/pending/discord_voice-1.zip: 78%
2024-11-09T16:52:04.227Z [Modules] Streaming discord_voice@1 to /home/arch/.config/discord/0.0.73/modules/pending/discord_voice-1.zip: 79%
2024-11-09T16:52:04.250Z [Modules] Streaming discord_voice@1 to /home/arch/.config/discord/0.0.73/modules/pending/discord_voice-1.zip: 80%
2024-11-09T16:52:04.270Z [Modules] Streaming discord_voice@1 to /home/arch/.config/discord/0.0.73/modules/pending/discord_voice-1.zip: 81%
2024-11-09T16:52:04.290Z [Modules] Streaming discord_voice@1 to /home/arch/.config/discord/0.0.73/modules/pending/discord_voice-1.zip: 82%
2024-11-09T16:52:04.308Z [Modules] Streaming discord_voice@1 to /home/arch/.config/discord/0.0.73/modules/pending/discord_voice-1.zip: 83%
2024-11-09T16:52:04.327Z [Modules] Streaming discord_voice@1 to /home/arch/.config/discord/0.0.73/modules/pending/discord_voice-1.zip: 84%
2024-11-09T16:52:04.347Z [Modules] Streaming discord_voice@1 to /home/arch/.config/discord/0.0.73/modules/pending/discord_voice-1.zip: 85%
2024-11-09T16:52:04.367Z [Modules] Streaming discord_voice@1 to /home/arch/.config/discord/0.0.73/modules/pending/discord_voice-1.zip: 86%
2024-11-09T16:52:04.385Z [Modules] Streaming discord_voice@1 to /home/arch/.config/discord/0.0.73/modules/pending/discord_voice-1.zip: 87%
2024-11-09T16:52:04.404Z [Modules] Streaming discord_voice@1 to /home/arch/.config/discord/0.0.73/modules/pending/discord_voice-1.zip: 88%
2024-11-09T16:52:04.423Z [Modules] Streaming discord_voice@1 to /home/arch/.config/discord/0.0.73/modules/pending/discord_voice-1.zip: 89%
2024-11-09T16:52:04.442Z [Modules] Streaming discord_voice@1 to /home/arch/.config/discord/0.0.73/modules/pending/discord_voice-1.zip: 90%
2024-11-09T16:52:04.463Z [Modules] Streaming discord_voice@1 to /home/arch/.config/discord/0.0.73/modules/pending/discord_voice-1.zip: 91%
2024-11-09T16:52:04.481Z [Modules] Streaming discord_voice@1 to /home/arch/.config/discord/0.0.73/modules/pending/discord_voice-1.zip: 92%
2024-11-09T16:52:04.500Z [Modules] Streaming discord_voice@1 to /home/arch/.config/discord/0.0.73/modules/pending/discord_voice-1.zip: 93%
2024-11-09T16:52:04.520Z [Modules] Streaming discord_voice@1 to /home/arch/.config/discord/0.0.73/modules/pending/discord_voice-1.zip: 94%
2024-11-09T16:52:04.538Z [Modules] Streaming discord_voice@1 to /home/arch/.config/discord/0.0.73/modules/pending/discord_voice-1.zip: 95%
2024-11-09T16:52:04.558Z [Modules] Streaming discord_voice@1 to /home/arch/.config/discord/0.0.73/modules/pending/discord_voice-1.zip: 96%
2024-11-09T16:52:04.577Z [Modules] Streaming discord_voice@1 to /home/arch/.config/discord/0.0.73/modules/pending/discord_voice-1.zip: 97%
2024-11-09T16:52:04.596Z [Modules] Streaming discord_voice@1 to /home/arch/.config/discord/0.0.73/modules/pending/discord_voice-1.zip: 98%
2024-11-09T16:52:04.615Z [Modules] Streaming discord_voice@1 to /home/arch/.config/discord/0.0.73/modules/pending/discord_voice-1.zip: 99%
2024-11-09T16:52:04.634Z [Modules] Streaming discord_voice@1 to /home/arch/.config/discord/0.0.73/modules/pending/discord_voice-1.zip: 100%
2024-11-09T16:52:04.635Z [Modules] Fetching discord_zstd@1 from https://discord.com/api/modules/stable/discord_zstd/1
2024-11-09T16:52:04.635Z [Modules] Streaming discord_zstd@1 to /home/arch/.config/discord/0.0.73/modules/pending/discord_zstd-1.zip
2024-11-09T16:52:04.890Z [Modules] Streaming discord_zstd@1 to /home/arch/.config/discord/0.0.73/modules/pending/discord_zstd-1.zip: 1%
2024-11-09T16:52:04.890Z [Modules] Streaming discord_zstd@1 to /home/arch/.config/discord/0.0.73/modules/pending/discord_zstd-1.zip: 2%
2024-11-09T16:52:04.890Z [Modules] Streaming discord_zstd@1 to /home/arch/.config/discord/0.0.73/modules/pending/discord_zstd-1.zip: 3%
2024-11-09T16:52:04.891Z [Modules] Streaming discord_zstd@1 to /home/arch/.config/discord/0.0.73/modules/pending/discord_zstd-1.zip: 4%
2024-11-09T16:52:04.891Z [Modules] Streaming discord_zstd@1 to /home/arch/.config/discord/0.0.73/modules/pending/discord_zstd-1.zip: 5%
2024-11-09T16:52:04.891Z [Modules] Streaming discord_zstd@1 to /home/arch/.config/discord/0.0.73/modules/pending/discord_zstd-1.zip: 6%
2024-11-09T16:52:04.891Z [Modules] Streaming discord_zstd@1 to /home/arch/.config/discord/0.0.73/modules/pending/discord_zstd-1.zip: 7%
2024-11-09T16:52:04.892Z [Modules] Streaming discord_zstd@1 to /home/arch/.config/discord/0.0.73/modules/pending/discord_zstd-1.zip: 8%
2024-11-09T16:52:04.892Z [Modules] Streaming discord_zstd@1 to /home/arch/.config/discord/0.0.73/modules/pending/discord_zstd-1.zip: 9%
2024-11-09T16:52:04.892Z [Modules] Streaming discord_zstd@1 to /home/arch/.config/discord/0.0.73/modules/pending/discord_zstd-1.zip: 10%
2024-11-09T16:52:04.893Z [Modules] Streaming discord_zstd@1 to /home/arch/.config/discord/0.0.73/modules/pending/discord_zstd-1.zip: 11%
2024-11-09T16:52:04.893Z [Modules] Streaming discord_zstd@1 to /home/arch/.config/discord/0.0.73/modules/pending/discord_zstd-1.zip: 12%
2024-11-09T16:52:04.894Z [Modules] Streaming discord_zstd@1 to /home/arch/.config/discord/0.0.73/modules/pending/discord_zstd-1.zip: 13%
2024-11-09T16:52:04.894Z [Modules] Streaming discord_zstd@1 to /home/arch/.config/discord/0.0.73/modules/pending/discord_zstd-1.zip: 14%
2024-11-09T16:52:04.894Z [Modules] Streaming discord_zstd@1 to /home/arch/.config/discord/0.0.73/modules/pending/discord_zstd-1.zip: 15%
2024-11-09T16:52:04.895Z [Modules] Streaming discord_zstd@1 to /home/arch/.config/discord/0.0.73/modules/pending/discord_zstd-1.zip: 16%
2024-11-09T16:52:04.895Z [Modules] Streaming discord_zstd@1 to /home/arch/.config/discord/0.0.73/modules/pending/discord_zstd-1.zip: 17%
2024-11-09T16:52:04.895Z [Modules] Streaming discord_zstd@1 to /home/arch/.config/discord/0.0.73/modules/pending/discord_zstd-1.zip: 18%
2024-11-09T16:52:04.895Z [Modules] Streaming discord_zstd@1 to /home/arch/.config/discord/0.0.73/modules/pending/discord_zstd-1.zip: 19%
2024-11-09T16:52:04.896Z [Modules] Streaming discord_zstd@1 to /home/arch/.config/discord/0.0.73/modules/pending/discord_zstd-1.zip: 20%
2024-11-09T16:52:04.896Z [Modules] Streaming discord_zstd@1 to /home/arch/.config/discord/0.0.73/modules/pending/discord_zstd-1.zip: 21%
2024-11-09T16:52:04.896Z [Modules] Streaming discord_zstd@1 to /home/arch/.config/discord/0.0.73/modules/pending/discord_zstd-1.zip: 22%
2024-11-09T16:52:04.897Z [Modules] Streaming discord_zstd@1 to /home/arch/.config/discord/0.0.73/modules/pending/discord_zstd-1.zip: 23%
2024-11-09T16:52:04.897Z [Modules] Streaming discord_zstd@1 to /home/arch/.config/discord/0.0.73/modules/pending/discord_zstd-1.zip: 24%
2024-11-09T16:52:04.897Z [Modules] Streaming discord_zstd@1 to /home/arch/.config/discord/0.0.73/modules/pending/discord_zstd-1.zip: 25%
2024-11-09T16:52:04.898Z [Modules] Streaming discord_zstd@1 to /home/arch/.config/discord/0.0.73/modules/pending/discord_zstd-1.zip: 26%
2024-11-09T16:52:04.898Z [Modules] Streaming discord_zstd@1 to /home/arch/.config/discord/0.0.73/modules/pending/discord_zstd-1.zip: 27%
2024-11-09T16:52:04.898Z [Modules] Streaming discord_zstd@1 to /home/arch/.config/discord/0.0.73/modules/pending/discord_zstd-1.zip: 28%
2024-11-09T16:52:04.898Z [Modules] Streaming discord_zstd@1 to /home/arch/.config/discord/0.0.73/modules/pending/discord_zstd-1.zip: 29%
2024-11-09T16:52:04.899Z [Modules] Streaming discord_zstd@1 to /home/arch/.config/discord/0.0.73/modules/pending/discord_zstd-1.zip: 30%
2024-11-09T16:52:04.899Z [Modules] Streaming discord_zstd@1 to /home/arch/.config/discord/0.0.73/modules/pending/discord_zstd-1.zip: 31%
2024-11-09T16:52:04.899Z [Modules] Streaming discord_zstd@1 to /home/arch/.config/discord/0.0.73/modules/pending/discord_zstd-1.zip: 32%
2024-11-09T16:52:04.900Z [Modules] Streaming discord_zstd@1 to /home/arch/.config/discord/0.0.73/modules/pending/discord_zstd-1.zip: 33%
2024-11-09T16:52:04.901Z [Modules] Streaming discord_zstd@1 to /home/arch/.config/discord/0.0.73/modules/pending/discord_zstd-1.zip: 34%
2024-11-09T16:52:04.901Z [Modules] Streaming discord_zstd@1 to /home/arch/.config/discord/0.0.73/modules/pending/discord_zstd-1.zip: 35%
2024-11-09T16:52:04.901Z [Modules] Streaming discord_zstd@1 to /home/arch/.config/discord/0.0.73/modules/pending/discord_zstd-1.zip: 36%
2024-11-09T16:52:04.902Z [Modules] Streaming discord_zstd@1 to /home/arch/.config/discord/0.0.73/modules/pending/discord_zstd-1.zip: 37%
2024-11-09T16:52:04.902Z [Modules] Streaming discord_zstd@1 to /home/arch/.config/discord/0.0.73/modules/pending/discord_zstd-1.zip: 38%
2024-11-09T16:52:04.902Z [Modules] Streaming discord_zstd@1 to /home/arch/.config/discord/0.0.73/modules/pending/discord_zstd-1.zip: 39%
2024-11-09T16:52:04.903Z [Modules] Streaming discord_zstd@1 to /home/arch/.config/discord/0.0.73/modules/pending/discord_zstd-1.zip: 40%
2024-11-09T16:52:04.903Z [Modules] Streaming discord_zstd@1 to /home/arch/.config/discord/0.0.73/modules/pending/discord_zstd-1.zip: 41%
2024-11-09T16:52:04.903Z [Modules] Streaming discord_zstd@1 to /home/arch/.config/discord/0.0.73/modules/pending/discord_zstd-1.zip: 42%
2024-11-09T16:52:04.904Z [Modules] Streaming discord_zstd@1 to /home/arch/.config/discord/0.0.73/modules/pending/discord_zstd-1.zip: 43%
2024-11-09T16:52:04.904Z [Modules] Streaming discord_zstd@1 to /home/arch/.config/discord/0.0.73/modules/pending/discord_zstd-1.zip: 44%
2024-11-09T16:52:04.906Z [Modules] Streaming discord_zstd@1 to /home/arch/.config/discord/0.0.73/modules/pending/discord_zstd-1.zip: 45%
2024-11-09T16:52:04.906Z [Modules] Streaming discord_zstd@1 to /home/arch/.config/discord/0.0.73/modules/pending/discord_zstd-1.zip: 46%
2024-11-09T16:52:04.907Z [Modules] Streaming discord_zstd@1 to /home/arch/.config/discord/0.0.73/modules/pending/discord_zstd-1.zip: 47%
2024-11-09T16:52:04.907Z [Modules] Streaming discord_zstd@1 to /home/arch/.config/discord/0.0.73/modules/pending/discord_zstd-1.zip: 48%
2024-11-09T16:52:04.907Z [Modules] Streaming discord_zstd@1 to /home/arch/.config/discord/0.0.73/modules/pending/discord_zstd-1.zip: 49%
2024-11-09T16:52:04.907Z [Modules] Streaming discord_zstd@1 to /home/arch/.config/discord/0.0.73/modules/pending/discord_zstd-1.zip: 50%
2024-11-09T16:52:04.908Z [Modules] Streaming discord_zstd@1 to /home/arch/.config/discord/0.0.73/modules/pending/discord_zstd-1.zip: 51%
2024-11-09T16:52:04.908Z [Modules] Streaming discord_zstd@1 to /home/arch/.config/discord/0.0.73/modules/pending/discord_zstd-1.zip: 52%
2024-11-09T16:52:04.908Z [Modules] Streaming discord_zstd@1 to /home/arch/.config/discord/0.0.73/modules/pending/discord_zstd-1.zip: 53%
2024-11-09T16:52:04.909Z [Modules] Streaming discord_zstd@1 to /home/arch/.config/discord/0.0.73/modules/pending/discord_zstd-1.zip: 54%
2024-11-09T16:52:04.909Z [Modules] Streaming discord_zstd@1 to /home/arch/.config/discord/0.0.73/modules/pending/discord_zstd-1.zip: 55%
2024-11-09T16:52:04.909Z [Modules] Streaming discord_zstd@1 to /home/arch/.config/discord/0.0.73/modules/pending/discord_zstd-1.zip: 56%
2024-11-09T16:52:04.910Z [Modules] Streaming discord_zstd@1 to /home/arch/.config/discord/0.0.73/modules/pending/discord_zstd-1.zip: 57%
2024-11-09T16:52:04.910Z [Modules] Streaming discord_zstd@1 to /home/arch/.config/discord/0.0.73/modules/pending/discord_zstd-1.zip: 58%
2024-11-09T16:52:04.910Z [Modules] Streaming discord_zstd@1 to /home/arch/.config/discord/0.0.73/modules/pending/discord_zstd-1.zip: 59%
2024-11-09T16:52:04.911Z [Modules] Streaming discord_zstd@1 to /home/arch/.config/discord/0.0.73/modules/pending/discord_zstd-1.zip: 60%
2024-11-09T16:52:04.911Z [Modules] Streaming discord_zstd@1 to /home/arch/.config/discord/0.0.73/modules/pending/discord_zstd-1.zip: 61%
2024-11-09T16:52:04.911Z [Modules] Streaming discord_zstd@1 to /home/arch/.config/discord/0.0.73/modules/pending/discord_zstd-1.zip: 62%
2024-11-09T16:52:04.912Z [Modules] Streaming discord_zstd@1 to /home/arch/.config/discord/0.0.73/modules/pending/discord_zstd-1.zip: 63%
2024-11-09T16:52:04.912Z [Modules] Streaming discord_zstd@1 to /home/arch/.config/discord/0.0.73/modules/pending/discord_zstd-1.zip: 64%
2024-11-09T16:52:04.912Z [Modules] Streaming discord_zstd@1 to /home/arch/.config/discord/0.0.73/modules/pending/discord_zstd-1.zip: 65%
2024-11-09T16:52:04.912Z [Modules] Streaming discord_zstd@1 to /home/arch/.config/discord/0.0.73/modules/pending/discord_zstd-1.zip: 66%
2024-11-09T16:52:04.914Z [Modules] Streaming discord_zstd@1 to /home/arch/.config/discord/0.0.73/modules/pending/discord_zstd-1.zip: 67%
2024-11-09T16:52:04.914Z [Modules] Streaming discord_zstd@1 to /home/arch/.config/discord/0.0.73/modules/pending/discord_zstd-1.zip: 68%
2024-11-09T16:52:04.915Z [Modules] Streaming discord_zstd@1 to /home/arch/.config/discord/0.0.73/modules/pending/discord_zstd-1.zip: 69%
2024-11-09T16:52:04.915Z [Modules] Streaming discord_zstd@1 to /home/arch/.config/discord/0.0.73/modules/pending/discord_zstd-1.zip: 70%
2024-11-09T16:52:04.915Z [Modules] Streaming discord_zstd@1 to /home/arch/.config/discord/0.0.73/modules/pending/discord_zstd-1.zip: 71%
2024-11-09T16:52:04.915Z [Modules] Streaming discord_zstd@1 to /home/arch/.config/discord/0.0.73/modules/pending/discord_zstd-1.zip: 72%
2024-11-09T16:52:04.916Z [Modules] Streaming discord_zstd@1 to /home/arch/.config/discord/0.0.73/modules/pending/discord_zstd-1.zip: 73%
2024-11-09T16:52:04.916Z [Modules] Streaming discord_zstd@1 to /home/arch/.config/discord/0.0.73/modules/pending/discord_zstd-1.zip: 74%
2024-11-09T16:52:04.916Z [Modules] Streaming discord_zstd@1 to /home/arch/.config/discord/0.0.73/modules/pending/discord_zstd-1.zip: 75%
2024-11-09T16:52:04.916Z [Modules] Streaming discord_zstd@1 to /home/arch/.config/discord/0.0.73/modules/pending/discord_zstd-1.zip: 76%
2024-11-09T16:52:04.917Z [Modules] Streaming discord_zstd@1 to /home/arch/.config/discord/0.0.73/modules/pending/discord_zstd-1.zip: 77%
2024-11-09T16:52:04.917Z [Modules] Streaming discord_zstd@1 to /home/arch/.config/discord/0.0.73/modules/pending/discord_zstd-1.zip: 78%
2024-11-09T16:52:04.917Z [Modules] Streaming discord_zstd@1 to /home/arch/.config/discord/0.0.73/modules/pending/discord_zstd-1.zip: 79%
2024-11-09T16:52:04.918Z [Modules] Streaming discord_zstd@1 to /home/arch/.config/discord/0.0.73/modules/pending/discord_zstd-1.zip: 80%
2024-11-09T16:52:04.918Z [Modules] Streaming discord_zstd@1 to /home/arch/.config/discord/0.0.73/modules/pending/discord_zstd-1.zip: 81%
2024-11-09T16:52:04.918Z [Modules] Streaming discord_zstd@1 to /home/arch/.config/discord/0.0.73/modules/pending/discord_zstd-1.zip: 82%
2024-11-09T16:52:04.918Z [Modules] Streaming discord_zstd@1 to /home/arch/.config/discord/0.0.73/modules/pending/discord_zstd-1.zip: 83%
2024-11-09T16:52:04.919Z [Modules] Streaming discord_zstd@1 to /home/arch/.config/discord/0.0.73/modules/pending/discord_zstd-1.zip: 84%
2024-11-09T16:52:04.919Z [Modules] Streaming discord_zstd@1 to /home/arch/.config/discord/0.0.73/modules/pending/discord_zstd-1.zip: 85%
2024-11-09T16:52:04.919Z [Modules] Streaming discord_zstd@1 to /home/arch/.config/discord/0.0.73/modules/pending/discord_zstd-1.zip: 86%
2024-11-09T16:52:04.920Z [Modules] Streaming discord_zstd@1 to /home/arch/.config/discord/0.0.73/modules/pending/discord_zstd-1.zip: 87%
2024-11-09T16:52:04.920Z [Modules] Streaming discord_zstd@1 to /home/arch/.config/discord/0.0.73/modules/pending/discord_zstd-1.zip: 88%
2024-11-09T16:52:04.920Z [Modules] Streaming discord_zstd@1 to /home/arch/.config/discord/0.0.73/modules/pending/discord_zstd-1.zip: 89%
2024-11-09T16:52:04.920Z [Modules] Streaming discord_zstd@1 to /home/arch/.config/discord/0.0.73/modules/pending/discord_zstd-1.zip: 90%
2024-11-09T16:52:04.921Z [Modules] Streaming discord_zstd@1 to /home/arch/.config/discord/0.0.73/modules/pending/discord_zstd-1.zip: 91%
2024-11-09T16:52:04.921Z [Modules] Streaming discord_zstd@1 to /home/arch/.config/discord/0.0.73/modules/pending/discord_zstd-1.zip: 92%
2024-11-09T16:52:04.921Z [Modules] Streaming discord_zstd@1 to /home/arch/.config/discord/0.0.73/modules/pending/discord_zstd-1.zip: 93%
2024-11-09T16:52:04.922Z [Modules] Streaming discord_zstd@1 to /home/arch/.config/discord/0.0.73/modules/pending/discord_zstd-1.zip: 94%
2024-11-09T16:52:04.922Z [Modules] Streaming discord_zstd@1 to /home/arch/.config/discord/0.0.73/modules/pending/discord_zstd-1.zip: 95%
2024-11-09T16:52:04.922Z [Modules] Streaming discord_zstd@1 to /home/arch/.config/discord/0.0.73/modules/pending/discord_zstd-1.zip: 96%
2024-11-09T16:52:04.923Z [Modules] Streaming discord_zstd@1 to /home/arch/.config/discord/0.0.73/modules/pending/discord_zstd-1.zip: 97%
2024-11-09T16:52:04.924Z [Modules] Streaming discord_zstd@1 to /home/arch/.config/discord/0.0.73/modules/pending/discord_zstd-1.zip: 98%
2024-11-09T16:52:04.926Z [Modules] Streaming discord_zstd@1 to /home/arch/.config/discord/0.0.73/modules/pending/discord_zstd-1.zip: 100%
2024-11-09T16:52:04.927Z [Modules] Finished module downloads. [success: 6] [failure: 0]
2024-11-09T16:52:04.927Z [Modules] Installing updates...
2024-11-09T16:52:04.927Z [Modules] Installing discord_desktop_core@1 from /home/arch/.config/discord/0.0.73/modules/pending/discord_desktop_core-1.zip
2024-11-09T16:52:04.974Z [Modules] Installing discord_erlpack@1 from /home/arch/.config/discord/0.0.73/modules/pending/discord_erlpack-1.zip
2024-11-09T16:52:05.006Z [Modules] Installing discord_spellcheck@1 from /home/arch/.config/discord/0.0.73/modules/pending/discord_spellcheck-1.zip
2024-11-09T16:52:05.377Z [Modules] Installing discord_utils@1 from /home/arch/.config/discord/0.0.73/modules/pending/discord_utils-1.zip
2024-11-09T16:52:05.457Z [Modules] Installing discord_voice@1 from /home/arch/.config/discord/0.0.73/modules/pending/discord_voice-1.zip
2024-11-09T16:52:05.772Z [Modules] Installing discord_zstd@1 from /home/arch/.config/discord/0.0.73/modules/pending/discord_zstd-1.zip
2024-11-09T16:52:05.779Z [Modules] Finished module installations. [success: 6] [failure: 0]
2024-11-09T16:52:05.779Z [Modules] Checking for host updates.
2024-11-09T16:52:05.974Z [Modules] Host is up to date.
2024-11-09T16:52:05.974Z [Modules] Checking for module updates at https://discord.com/api/modules/stable/versions.json
2024-11-09T16:52:05.975Z [Modules] No module updates available.
2024-11-09T16:52:07.521Z [Modules] Starting to install discord_krisp...
2024-11-09T16:52:07.521Z [Modules] Fetching discord_krisp@1 from https://discord.com/api/modules/stable/discord_krisp/1
2024-11-09T16:52:07.521Z [Modules] Streaming discord_krisp@1 to /home/arch/.config/discord/0.0.73/modules/pending/discord_krisp-1.zip
2024-11-09T16:52:07.529Z [Modules] Starting to install discord_game_utils...
2024-11-09T16:52:07.840Z [Modules] Streaming discord_krisp@1 to /home/arch/.config/discord/0.0.73/modules/pending/discord_krisp-1.zip: 1%
2024-11-09T16:52:07.854Z [Modules] Streaming discord_krisp@1 to /home/arch/.config/discord/0.0.73/modules/pending/discord_krisp-1.zip: 2%
2024-11-09T16:52:07.881Z [Modules] Streaming discord_krisp@1 to /home/arch/.config/discord/0.0.73/modules/pending/discord_krisp-1.zip: 3%
2024-11-09T16:52:07.907Z [Modules] Streaming discord_krisp@1 to /home/arch/.config/discord/0.0.73/modules/pending/discord_krisp-1.zip: 4%
2024-11-09T16:52:07.930Z [Modules] Streaming discord_krisp@1 to /home/arch/.config/discord/0.0.73/modules/pending/discord_krisp-1.zip: 5%
2024-11-09T16:52:07.955Z [Modules] Streaming discord_krisp@1 to /home/arch/.config/discord/0.0.73/modules/pending/discord_krisp-1.zip: 6%
2024-11-09T16:52:07.977Z [Modules] Streaming discord_krisp@1 to /home/arch/.config/discord/0.0.73/modules/pending/discord_krisp-1.zip: 7%
2024-11-09T16:52:08.001Z [Modules] Streaming discord_krisp@1 to /home/arch/.config/discord/0.0.73/modules/pending/discord_krisp-1.zip: 8%
2024-11-09T16:52:08.025Z [Modules] Streaming discord_krisp@1 to /home/arch/.config/discord/0.0.73/modules/pending/discord_krisp-1.zip: 9%
2024-11-09T16:52:08.048Z [Modules] Streaming discord_krisp@1 to /home/arch/.config/discord/0.0.73/modules/pending/discord_krisp-1.zip: 10%
2024-11-09T16:52:08.074Z [Modules] Streaming discord_krisp@1 to /home/arch/.config/discord/0.0.73/modules/pending/discord_krisp-1.zip: 11%
2024-11-09T16:52:08.095Z [Modules] Streaming discord_krisp@1 to /home/arch/.config/discord/0.0.73/modules/pending/discord_krisp-1.zip: 12%
2024-11-09T16:52:08.120Z [Modules] Streaming discord_krisp@1 to /home/arch/.config/discord/0.0.73/modules/pending/discord_krisp-1.zip: 13%
2024-11-09T16:52:08.142Z [Modules] Streaming discord_krisp@1 to /home/arch/.config/discord/0.0.73/modules/pending/discord_krisp-1.zip: 14%
2024-11-09T16:52:08.167Z [Modules] Streaming discord_krisp@1 to /home/arch/.config/discord/0.0.73/modules/pending/discord_krisp-1.zip: 15%
2024-11-09T16:52:08.189Z [Modules] Streaming discord_krisp@1 to /home/arch/.config/discord/0.0.73/modules/pending/discord_krisp-1.zip: 16%
2024-11-09T16:52:08.213Z [Modules] Streaming discord_krisp@1 to /home/arch/.config/discord/0.0.73/modules/pending/discord_krisp-1.zip: 17%
2024-11-09T16:52:08.235Z [Modules] Streaming discord_krisp@1 to /home/arch/.config/discord/0.0.73/modules/pending/discord_krisp-1.zip: 18%
2024-11-09T16:52:08.261Z [Modules] Streaming discord_krisp@1 to /home/arch/.config/discord/0.0.73/modules/pending/discord_krisp-1.zip: 19%
2024-11-09T16:52:08.283Z [Modules] Streaming discord_krisp@1 to /home/arch/.config/discord/0.0.73/modules/pending/discord_krisp-1.zip: 20%
2024-11-09T16:52:08.310Z [Modules] Streaming discord_krisp@1 to /home/arch/.config/discord/0.0.73/modules/pending/discord_krisp-1.zip: 21%
2024-11-09T16:52:08.339Z [Modules] Streaming discord_krisp@1 to /home/arch/.config/discord/0.0.73/modules/pending/discord_krisp-1.zip: 22%
2024-11-09T16:52:08.365Z [Modules] Streaming discord_krisp@1 to /home/arch/.config/discord/0.0.73/modules/pending/discord_krisp-1.zip: 23%
2024-11-09T16:52:08.393Z [Modules] Streaming discord_krisp@1 to /home/arch/.config/discord/0.0.73/modules/pending/discord_krisp-1.zip: 24%
2024-11-09T16:52:08.419Z [Modules] Streaming discord_krisp@1 to /home/arch/.config/discord/0.0.73/modules/pending/discord_krisp-1.zip: 25%
2024-11-09T16:52:08.447Z [Modules] Streaming discord_krisp@1 to /home/arch/.config/discord/0.0.73/modules/pending/discord_krisp-1.zip: 26%
2024-11-09T16:52:08.473Z [Modules] Streaming discord_krisp@1 to /home/arch/.config/discord/0.0.73/modules/pending/discord_krisp-1.zip: 27%
2024-11-09T16:52:08.498Z [Modules] Streaming discord_krisp@1 to /home/arch/.config/discord/0.0.73/modules/pending/discord_krisp-1.zip: 28%
2024-11-09T16:52:08.527Z [Modules] Streaming discord_krisp@1 to /home/arch/.config/discord/0.0.73/modules/pending/discord_krisp-1.zip: 29%
2024-11-09T16:52:08.553Z [Modules] Streaming discord_krisp@1 to /home/arch/.config/discord/0.0.73/modules/pending/discord_krisp-1.zip: 30%
2024-11-09T16:52:08.580Z [Modules] Streaming discord_krisp@1 to /home/arch/.config/discord/0.0.73/modules/pending/discord_krisp-1.zip: 31%
2024-11-09T16:52:08.609Z [Modules] Streaming discord_krisp@1 to /home/arch/.config/discord/0.0.73/modules/pending/discord_krisp-1.zip: 32%
2024-11-09T16:52:08.638Z [Modules] Streaming discord_krisp@1 to /home/arch/.config/discord/0.0.73/modules/pending/discord_krisp-1.zip: 33%
2024-11-09T16:52:08.665Z [Modules] Streaming discord_krisp@1 to /home/arch/.config/discord/0.0.73/modules/pending/discord_krisp-1.zip: 34%
2024-11-09T16:52:08.691Z [Modules] Streaming discord_krisp@1 to /home/arch/.config/discord/0.0.73/modules/pending/discord_krisp-1.zip: 35%
2024-11-09T16:52:08.712Z [Modules] Streaming discord_krisp@1 to /home/arch/.config/discord/0.0.73/modules/pending/discord_krisp-1.zip: 36%
2024-11-09T16:52:08.741Z [Modules] Streaming discord_krisp@1 to /home/arch/.config/discord/0.0.73/modules/pending/discord_krisp-1.zip: 37%
2024-11-09T16:52:08.761Z [Modules] Streaming discord_krisp@1 to /home/arch/.config/discord/0.0.73/modules/pending/discord_krisp-1.zip: 38%
2024-11-09T16:52:08.780Z [Modules] Streaming discord_krisp@1 to /home/arch/.config/discord/0.0.73/modules/pending/discord_krisp-1.zip: 39%
2024-11-09T16:52:08.788Z [Modules] Checking for host updates.
2024-11-09T16:52:08.801Z [Modules] Streaming discord_krisp@1 to /home/arch/.config/discord/0.0.73/modules/pending/discord_krisp-1.zip: 40%
2024-11-09T16:52:08.820Z [Modules] Streaming discord_krisp@1 to /home/arch/.config/discord/0.0.73/modules/pending/discord_krisp-1.zip: 41%
2024-11-09T16:52:08.844Z [Modules] Streaming discord_krisp@1 to /home/arch/.config/discord/0.0.73/modules/pending/discord_krisp-1.zip: 42%
2024-11-09T16:52:08.864Z [Modules] Streaming discord_krisp@1 to /home/arch/.config/discord/0.0.73/modules/pending/discord_krisp-1.zip: 43%
2024-11-09T16:52:08.870Z [Modules] Starting to install discord_rpc...
2024-11-09T16:52:08.894Z [Modules] Streaming discord_krisp@1 to /home/arch/.config/discord/0.0.73/modules/pending/discord_krisp-1.zip: 44%
2024-11-09T16:52:08.909Z [Modules] Streaming discord_krisp@1 to /home/arch/.config/discord/0.0.73/modules/pending/discord_krisp-1.zip: 45%
2024-11-09T16:52:08.926Z [Modules] Streaming discord_krisp@1 to /home/arch/.config/discord/0.0.73/modules/pending/discord_krisp-1.zip: 46%
2024-11-09T16:52:08.943Z [Modules] Streaming discord_krisp@1 to /home/arch/.config/discord/0.0.73/modules/pending/discord_krisp-1.zip: 47%
2024-11-09T16:52:08.963Z [Modules] Streaming discord_krisp@1 to /home/arch/.config/discord/0.0.73/modules/pending/discord_krisp-1.zip: 48%
2024-11-09T16:52:08.984Z [Modules] Streaming discord_krisp@1 to /home/arch/.config/discord/0.0.73/modules/pending/discord_krisp-1.zip: 49%
2024-11-09T16:52:08.991Z [Modules] Host is up to date.
2024-11-09T16:52:08.991Z [Modules] Checking for module updates at https://discord.com/api/modules/stable/versions.json
2024-11-09T16:52:08.993Z [Modules] No module updates available.
2024-11-09T16:52:09.011Z [Modules] Streaming discord_krisp@1 to /home/arch/.config/discord/0.0.73/modules/pending/discord_krisp-1.zip: 50%
2024-11-09T16:52:09.036Z [Modules] Streaming discord_krisp@1 to /home/arch/.config/discord/0.0.73/modules/pending/discord_krisp-1.zip: 51%
2024-11-09T16:52:09.058Z [Modules] Streaming discord_krisp@1 to /home/arch/.config/discord/0.0.73/modules/pending/discord_krisp-1.zip: 52%
2024-11-09T16:52:09.077Z [Modules] Streaming discord_krisp@1 to /home/arch/.config/discord/0.0.73/modules/pending/discord_krisp-1.zip: 53%
2024-11-09T16:52:09.097Z [Modules] Streaming discord_krisp@1 to /home/arch/.config/discord/0.0.73/modules/pending/discord_krisp-1.zip: 54%
2024-11-09T16:52:09.117Z [Modules] Streaming discord_krisp@1 to /home/arch/.config/discord/0.0.73/modules/pending/discord_krisp-1.zip: 55%
2024-11-09T16:52:09.137Z [Modules] Streaming discord_krisp@1 to /home/arch/.config/discord/0.0.73/modules/pending/discord_krisp-1.zip: 56%
2024-11-09T16:52:09.158Z [Modules] Streaming discord_krisp@1 to /home/arch/.config/discord/0.0.73/modules/pending/discord_krisp-1.zip: 57%
2024-11-09T16:52:09.178Z [Modules] Streaming discord_krisp@1 to /home/arch/.config/discord/0.0.73/modules/pending/discord_krisp-1.zip: 58%
2024-11-09T16:52:09.198Z [Modules] Streaming discord_krisp@1 to /home/arch/.config/discord/0.0.73/modules/pending/discord_krisp-1.zip: 59%
2024-11-09T16:52:09.219Z [Modules] Streaming discord_krisp@1 to /home/arch/.config/discord/0.0.73/modules/pending/discord_krisp-1.zip: 60%
2024-11-09T16:52:09.242Z [Modules] Streaming discord_krisp@1 to /home/arch/.config/discord/0.0.73/modules/pending/discord_krisp-1.zip: 61%
2024-11-09T16:52:09.261Z [Modules] Streaming discord_krisp@1 to /home/arch/.config/discord/0.0.73/modules/pending/discord_krisp-1.zip: 62%
2024-11-09T16:52:09.283Z [Modules] Streaming discord_krisp@1 to /home/arch/.config/discord/0.0.73/modules/pending/discord_krisp-1.zip: 63%
2024-11-09T16:52:09.303Z [Modules] Streaming discord_krisp@1 to /home/arch/.config/discord/0.0.73/modules/pending/discord_krisp-1.zip: 64%
2024-11-09T16:52:09.323Z [Modules] Streaming discord_krisp@1 to /home/arch/.config/discord/0.0.73/modules/pending/discord_krisp-1.zip: 65%
2024-11-09T16:52:09.348Z [Modules] Streaming discord_krisp@1 to /home/arch/.config/discord/0.0.73/modules/pending/discord_krisp-1.zip: 66%
2024-11-09T16:52:09.364Z [Modules] Streaming discord_krisp@1 to /home/arch/.config/discord/0.0.73/modules/pending/discord_krisp-1.zip: 67%
2024-11-09T16:52:09.383Z [Modules] Streaming discord_krisp@1 to /home/arch/.config/discord/0.0.73/modules/pending/discord_krisp-1.zip: 68%
2024-11-09T16:52:09.407Z [Modules] Streaming discord_krisp@1 to /home/arch/.config/discord/0.0.73/modules/pending/discord_krisp-1.zip: 69%
2024-11-09T16:52:09.426Z [Modules] Streaming discord_krisp@1 to /home/arch/.config/discord/0.0.73/modules/pending/discord_krisp-1.zip: 70%
2024-11-09T16:52:09.447Z [Modules] Streaming discord_krisp@1 to /home/arch/.config/discord/0.0.73/modules/pending/discord_krisp-1.zip: 71%
2024-11-09T16:52:09.466Z [Modules] Streaming discord_krisp@1 to /home/arch/.config/discord/0.0.73/modules/pending/discord_krisp-1.zip: 72%
2024-11-09T16:52:09.486Z [Modules] Streaming discord_krisp@1 to /home/arch/.config/discord/0.0.73/modules/pending/discord_krisp-1.zip: 73%
2024-11-09T16:52:09.506Z [Modules] Streaming discord_krisp@1 to /home/arch/.config/discord/0.0.73/modules/pending/discord_krisp-1.zip: 74%
2024-11-09T16:52:09.529Z [Modules] Streaming discord_krisp@1 to /home/arch/.config/discord/0.0.73/modules/pending/discord_krisp-1.zip: 75%
2024-11-09T16:52:09.549Z [Modules] Streaming discord_krisp@1 to /home/arch/.config/discord/0.0.73/modules/pending/discord_krisp-1.zip: 76%
2024-11-09T16:52:09.569Z [Modules] Streaming discord_krisp@1 to /home/arch/.config/discord/0.0.73/modules/pending/discord_krisp-1.zip: 77%
2024-11-09T16:52:09.588Z [Modules] Streaming discord_krisp@1 to /home/arch/.config/discord/0.0.73/modules/pending/discord_krisp-1.zip: 78%
2024-11-09T16:52:09.609Z [Modules] Streaming discord_krisp@1 to /home/arch/.config/discord/0.0.73/modules/pending/discord_krisp-1.zip: 79%
2024-11-09T16:52:09.632Z [Modules] Streaming discord_krisp@1 to /home/arch/.config/discord/0.0.73/modules/pending/discord_krisp-1.zip: 80%
2024-11-09T16:52:09.651Z [Modules] Streaming discord_krisp@1 to /home/arch/.config/discord/0.0.73/modules/pending/discord_krisp-1.zip: 81%
2024-11-09T16:52:09.671Z [Modules] Streaming discord_krisp@1 to /home/arch/.config/discord/0.0.73/modules/pending/discord_krisp-1.zip: 82%
2024-11-09T16:52:09.691Z [Modules] Streaming discord_krisp@1 to /home/arch/.config/discord/0.0.73/modules/pending/discord_krisp-1.zip: 83%
2024-11-09T16:52:09.711Z [Modules] Streaming discord_krisp@1 to /home/arch/.config/discord/0.0.73/modules/pending/discord_krisp-1.zip: 84%
2024-11-09T16:52:09.739Z [Modules] Streaming discord_krisp@1 to /home/arch/.config/discord/0.0.73/modules/pending/discord_krisp-1.zip: 85%
2024-11-09T16:52:09.753Z [Modules] Streaming discord_krisp@1 to /home/arch/.config/discord/0.0.73/modules/pending/discord_krisp-1.zip: 86%
2024-11-09T16:52:09.773Z [Modules] Streaming discord_krisp@1 to /home/arch/.config/discord/0.0.73/modules/pending/discord_krisp-1.zip: 87%
2024-11-09T16:52:09.793Z [Modules] Streaming discord_krisp@1 to /home/arch/.config/discord/0.0.73/modules/pending/discord_krisp-1.zip: 88%
2024-11-09T16:52:09.813Z [Modules] Streaming discord_krisp@1 to /home/arch/.config/discord/0.0.73/modules/pending/discord_krisp-1.zip: 89%
2024-11-09T16:52:09.833Z [Modules] Streaming discord_krisp@1 to /home/arch/.config/discord/0.0.73/modules/pending/discord_krisp-1.zip: 90%
2024-11-09T16:52:09.853Z [Modules] Streaming discord_krisp@1 to /home/arch/.config/discord/0.0.73/modules/pending/discord_krisp-1.zip: 91%
2024-11-09T16:52:09.873Z [Modules] Streaming discord_krisp@1 to /home/arch/.config/discord/0.0.73/modules/pending/discord_krisp-1.zip: 92%
2024-11-09T16:52:09.893Z [Modules] Streaming discord_krisp@1 to /home/arch/.config/discord/0.0.73/modules/pending/discord_krisp-1.zip: 93%
2024-11-09T16:52:09.912Z [Modules] Streaming discord_krisp@1 to /home/arch/.config/discord/0.0.73/modules/pending/discord_krisp-1.zip: 94%
2024-11-09T16:52:09.932Z [Modules] Streaming discord_krisp@1 to /home/arch/.config/discord/0.0.73/modules/pending/discord_krisp-1.zip: 95%
2024-11-09T16:52:09.952Z [Modules] Streaming discord_krisp@1 to /home/arch/.config/discord/0.0.73/modules/pending/discord_krisp-1.zip: 96%
2024-11-09T16:52:09.972Z [Modules] Streaming discord_krisp@1 to /home/arch/.config/discord/0.0.73/modules/pending/discord_krisp-1.zip: 97%
2024-11-09T16:52:09.993Z [Modules] Streaming discord_krisp@1 to /home/arch/.config/discord/0.0.73/modules/pending/discord_krisp-1.zip: 98%
2024-11-09T16:52:10.012Z [Modules] Streaming discord_krisp@1 to /home/arch/.config/discord/0.0.73/modules/pending/discord_krisp-1.zip: 99%
2024-11-09T16:52:10.033Z [Modules] Streaming discord_krisp@1 to /home/arch/.config/discord/0.0.73/modules/pending/discord_krisp-1.zip: 100%
2024-11-09T16:52:10.033Z [Modules] Fetching discord_game_utils@1 from https://discord.com/api/modules/stable/discord_game_utils/1
2024-11-09T16:52:10.033Z [Modules] Streaming discord_game_utils@1 to /home/arch/.config/discord/0.0.73/modules/pending/discord_game_utils-1.zip
2024-11-09T16:52:10.033Z [Modules] Installing discord_krisp@1 from /home/arch/.config/discord/0.0.73/modules/pending/discord_krisp-1.zip
2024-11-09T16:52:10.260Z [Modules] Finished module installations. [success: 1] [failure: 0]
2024-11-09T16:52:10.300Z [Modules] Streaming discord_game_utils@1 to /home/arch/.config/discord/0.0.73/modules/pending/discord_game_utils-1.zip: 1%
2024-11-09T16:52:10.303Z [Modules] Streaming discord_game_utils@1 to /home/arch/.config/discord/0.0.73/modules/pending/discord_game_utils-1.zip: 2%
2024-11-09T16:52:10.304Z [Modules] Streaming discord_game_utils@1 to /home/arch/.config/discord/0.0.73/modules/pending/discord_game_utils-1.zip: 3%
2024-11-09T16:52:10.307Z [Modules] Streaming discord_game_utils@1 to /home/arch/.config/discord/0.0.73/modules/pending/discord_game_utils-1.zip: 4%
2024-11-09T16:52:10.309Z [Modules] Streaming discord_game_utils@1 to /home/arch/.config/discord/0.0.73/modules/pending/discord_game_utils-1.zip: 5%
2024-11-09T16:52:10.311Z [Modules] Streaming discord_game_utils@1 to /home/arch/.config/discord/0.0.73/modules/pending/discord_game_utils-1.zip: 6%
2024-11-09T16:52:10.313Z [Modules] Streaming discord_game_utils@1 to /home/arch/.config/discord/0.0.73/modules/pending/discord_game_utils-1.zip: 7%
2024-11-09T16:52:10.316Z [Modules] Streaming discord_game_utils@1 to /home/arch/.config/discord/0.0.73/modules/pending/discord_game_utils-1.zip: 8%
2024-11-09T16:52:10.318Z [Modules] Streaming discord_game_utils@1 to /home/arch/.config/discord/0.0.73/modules/pending/discord_game_utils-1.zip: 9%
2024-11-09T16:52:10.320Z [Modules] Streaming discord_game_utils@1 to /home/arch/.config/discord/0.0.73/modules/pending/discord_game_utils-1.zip: 10%
2024-11-09T16:52:10.323Z [Modules] Streaming discord_game_utils@1 to /home/arch/.config/discord/0.0.73/modules/pending/discord_game_utils-1.zip: 11%
2024-11-09T16:52:10.325Z [Modules] Streaming discord_game_utils@1 to /home/arch/.config/discord/0.0.73/modules/pending/discord_game_utils-1.zip: 12%
2024-11-09T16:52:10.327Z [Modules] Streaming discord_game_utils@1 to /home/arch/.config/discord/0.0.73/modules/pending/discord_game_utils-1.zip: 13%
2024-11-09T16:52:10.329Z [Modules] Streaming discord_game_utils@1 to /home/arch/.config/discord/0.0.73/modules/pending/discord_game_utils-1.zip: 14%
2024-11-09T16:52:10.331Z [Modules] Streaming discord_game_utils@1 to /home/arch/.config/discord/0.0.73/modules/pending/discord_game_utils-1.zip: 15%
2024-11-09T16:52:10.334Z [Modules] Streaming discord_game_utils@1 to /home/arch/.config/discord/0.0.73/modules/pending/discord_game_utils-1.zip: 16%
2024-11-09T16:52:10.336Z [Modules] Streaming discord_game_utils@1 to /home/arch/.config/discord/0.0.73/modules/pending/discord_game_utils-1.zip: 17%
2024-11-09T16:52:10.338Z [Modules] Streaming discord_game_utils@1 to /home/arch/.config/discord/0.0.73/modules/pending/discord_game_utils-1.zip: 18%
2024-11-09T16:52:10.341Z [Modules] Streaming discord_game_utils@1 to /home/arch/.config/discord/0.0.73/modules/pending/discord_game_utils-1.zip: 19%
2024-11-09T16:52:10.343Z [Modules] Streaming discord_game_utils@1 to /home/arch/.config/discord/0.0.73/modules/pending/discord_game_utils-1.zip: 20%
2024-11-09T16:52:10.345Z [Modules] Streaming discord_game_utils@1 to /home/arch/.config/discord/0.0.73/modules/pending/discord_game_utils-1.zip: 21%
2024-11-09T16:52:10.347Z [Modules] Streaming discord_game_utils@1 to /home/arch/.config/discord/0.0.73/modules/pending/discord_game_utils-1.zip: 22%
2024-11-09T16:52:10.349Z [Modules] Streaming discord_game_utils@1 to /home/arch/.config/discord/0.0.73/modules/pending/discord_game_utils-1.zip: 23%
2024-11-09T16:52:10.351Z [Modules] Streaming discord_game_utils@1 to /home/arch/.config/discord/0.0.73/modules/pending/discord_game_utils-1.zip: 24%
2024-11-09T16:52:10.354Z [Modules] Streaming discord_game_utils@1 to /home/arch/.config/discord/0.0.73/modules/pending/discord_game_utils-1.zip: 25%
2024-11-09T16:52:10.356Z [Modules] Streaming discord_game_utils@1 to /home/arch/.config/discord/0.0.73/modules/pending/discord_game_utils-1.zip: 26%
2024-11-09T16:52:10.359Z [Modules] Streaming discord_game_utils@1 to /home/arch/.config/discord/0.0.73/modules/pending/discord_game_utils-1.zip: 27%
2024-11-09T16:52:10.361Z [Modules] Streaming discord_game_utils@1 to /home/arch/.config/discord/0.0.73/modules/pending/discord_game_utils-1.zip: 28%
2024-11-09T16:52:10.363Z [Modules] Streaming discord_game_utils@1 to /home/arch/.config/discord/0.0.73/modules/pending/discord_game_utils-1.zip: 29%
2024-11-09T16:52:10.365Z [Modules] Streaming discord_game_utils@1 to /home/arch/.config/discord/0.0.73/modules/pending/discord_game_utils-1.zip: 30%
2024-11-09T16:52:10.367Z [Modules] Streaming discord_game_utils@1 to /home/arch/.config/discord/0.0.73/modules/pending/discord_game_utils-1.zip: 31%
2024-11-09T16:52:10.369Z [Modules] Streaming discord_game_utils@1 to /home/arch/.config/discord/0.0.73/modules/pending/discord_game_utils-1.zip: 32%
2024-11-09T16:52:10.371Z [Modules] Streaming discord_game_utils@1 to /home/arch/.config/discord/0.0.73/modules/pending/discord_game_utils-1.zip: 33%
2024-11-09T16:52:10.374Z [Modules] Streaming discord_game_utils@1 to /home/arch/.config/discord/0.0.73/modules/pending/discord_game_utils-1.zip: 34%
2024-11-09T16:52:10.376Z [Modules] Streaming discord_game_utils@1 to /home/arch/.config/discord/0.0.73/modules/pending/discord_game_utils-1.zip: 35%
2024-11-09T16:52:10.378Z [Modules] Streaming discord_game_utils@1 to /home/arch/.config/discord/0.0.73/modules/pending/discord_game_utils-1.zip: 36%
2024-11-09T16:52:10.380Z [Modules] Streaming discord_game_utils@1 to /home/arch/.config/discord/0.0.73/modules/pending/discord_game_utils-1.zip: 37%
2024-11-09T16:52:10.383Z [Modules] Streaming discord_game_utils@1 to /home/arch/.config/discord/0.0.73/modules/pending/discord_game_utils-1.zip: 38%
2024-11-09T16:52:10.384Z [Modules] Streaming discord_game_utils@1 to /home/arch/.config/discord/0.0.73/modules/pending/discord_game_utils-1.zip: 39%
2024-11-09T16:52:10.387Z [Modules] Streaming discord_game_utils@1 to /home/arch/.config/discord/0.0.73/modules/pending/discord_game_utils-1.zip: 40%
2024-11-09T16:52:10.389Z [Modules] Streaming discord_game_utils@1 to /home/arch/.config/discord/0.0.73/modules/pending/discord_game_utils-1.zip: 41%
2024-11-09T16:52:10.391Z [Modules] Streaming discord_game_utils@1 to /home/arch/.config/discord/0.0.73/modules/pending/discord_game_utils-1.zip: 42%
2024-11-09T16:52:10.394Z [Modules] Streaming discord_game_utils@1 to /home/arch/.config/discord/0.0.73/modules/pending/discord_game_utils-1.zip: 43%
2024-11-09T16:52:10.396Z [Modules] Streaming discord_game_utils@1 to /home/arch/.config/discord/0.0.73/modules/pending/discord_game_utils-1.zip: 44%
2024-11-09T16:52:10.398Z [Modules] Streaming discord_game_utils@1 to /home/arch/.config/discord/0.0.73/modules/pending/discord_game_utils-1.zip: 45%
2024-11-09T16:52:10.400Z [Modules] Streaming discord_game_utils@1 to /home/arch/.config/discord/0.0.73/modules/pending/discord_game_utils-1.zip: 46%
2024-11-09T16:52:10.402Z [Modules] Streaming discord_game_utils@1 to /home/arch/.config/discord/0.0.73/modules/pending/discord_game_utils-1.zip: 47%
2024-11-09T16:52:10.405Z [Modules] Streaming discord_game_utils@1 to /home/arch/.config/discord/0.0.73/modules/pending/discord_game_utils-1.zip: 48%
2024-11-09T16:52:10.407Z [Modules] Streaming discord_game_utils@1 to /home/arch/.config/discord/0.0.73/modules/pending/discord_game_utils-1.zip: 49%
2024-11-09T16:52:10.409Z [Modules] Streaming discord_game_utils@1 to /home/arch/.config/discord/0.0.73/modules/pending/discord_game_utils-1.zip: 50%
2024-11-09T16:52:10.412Z [Modules] Streaming discord_game_utils@1 to /home/arch/.config/discord/0.0.73/modules/pending/discord_game_utils-1.zip: 51%
2024-11-09T16:52:10.414Z [Modules] Streaming discord_game_utils@1 to /home/arch/.config/discord/0.0.73/modules/pending/discord_game_utils-1.zip: 52%
2024-11-09T16:52:10.416Z [Modules] Streaming discord_game_utils@1 to /home/arch/.config/discord/0.0.73/modules/pending/discord_game_utils-1.zip: 53%
2024-11-09T16:52:10.418Z [Modules] Streaming discord_game_utils@1 to /home/arch/.config/discord/0.0.73/modules/pending/discord_game_utils-1.zip: 54%
2024-11-09T16:52:10.420Z [Modules] Streaming discord_game_utils@1 to /home/arch/.config/discord/0.0.73/modules/pending/discord_game_utils-1.zip: 55%
2024-11-09T16:52:10.422Z [Modules] Streaming discord_game_utils@1 to /home/arch/.config/discord/0.0.73/modules/pending/discord_game_utils-1.zip: 56%
2024-11-09T16:52:10.424Z [Modules] Streaming discord_game_utils@1 to /home/arch/.config/discord/0.0.73/modules/pending/discord_game_utils-1.zip: 57%
2024-11-09T16:52:10.427Z [Modules] Streaming discord_game_utils@1 to /home/arch/.config/discord/0.0.73/modules/pending/discord_game_utils-1.zip: 58%
2024-11-09T16:52:10.429Z [Modules] Streaming discord_game_utils@1 to /home/arch/.config/discord/0.0.73/modules/pending/discord_game_utils-1.zip: 59%
2024-11-09T16:52:10.431Z [Modules] Streaming discord_game_utils@1 to /home/arch/.config/discord/0.0.73/modules/pending/discord_game_utils-1.zip: 60%
2024-11-09T16:52:10.433Z [Modules] Streaming discord_game_utils@1 to /home/arch/.config/discord/0.0.73/modules/pending/discord_game_utils-1.zip: 61%
2024-11-09T16:52:10.435Z [Modules] Streaming discord_game_utils@1 to /home/arch/.config/discord/0.0.73/modules/pending/discord_game_utils-1.zip: 62%
2024-11-09T16:52:10.438Z [Modules] Streaming discord_game_utils@1 to /home/arch/.config/discord/0.0.73/modules/pending/discord_game_utils-1.zip: 63%
2024-11-09T16:52:10.440Z [Modules] Streaming discord_game_utils@1 to /home/arch/.config/discord/0.0.73/modules/pending/discord_game_utils-1.zip: 64%
2024-11-09T16:52:10.442Z [Modules] Streaming discord_game_utils@1 to /home/arch/.config/discord/0.0.73/modules/pending/discord_game_utils-1.zip: 65%
2024-11-09T16:52:10.444Z [Modules] Streaming discord_game_utils@1 to /home/arch/.config/discord/0.0.73/modules/pending/discord_game_utils-1.zip: 66%
2024-11-09T16:52:10.446Z [Modules] Streaming discord_game_utils@1 to /home/arch/.config/discord/0.0.73/modules/pending/discord_game_utils-1.zip: 67%
2024-11-09T16:52:10.449Z [Modules] Streaming discord_game_utils@1 to /home/arch/.config/discord/0.0.73/modules/pending/discord_game_utils-1.zip: 68%
2024-11-09T16:52:10.451Z [Modules] Streaming discord_game_utils@1 to /home/arch/.config/discord/0.0.73/modules/pending/discord_game_utils-1.zip: 69%
2024-11-09T16:52:10.453Z [Modules] Streaming discord_game_utils@1 to /home/arch/.config/discord/0.0.73/modules/pending/discord_game_utils-1.zip: 70%
2024-11-09T16:52:10.455Z [Modules] Streaming discord_game_utils@1 to /home/arch/.config/discord/0.0.73/modules/pending/discord_game_utils-1.zip: 71%
2024-11-09T16:52:10.457Z [Modules] Streaming discord_game_utils@1 to /home/arch/.config/discord/0.0.73/modules/pending/discord_game_utils-1.zip: 72%
2024-11-09T16:52:10.460Z [Modules] Streaming discord_game_utils@1 to /home/arch/.config/discord/0.0.73/modules/pending/discord_game_utils-1.zip: 73%
2024-11-09T16:52:10.462Z [Modules] Streaming discord_game_utils@1 to /home/arch/.config/discord/0.0.73/modules/pending/discord_game_utils-1.zip: 74%
2024-11-09T16:52:10.464Z [Modules] Streaming discord_game_utils@1 to /home/arch/.config/discord/0.0.73/modules/pending/discord_game_utils-1.zip: 75%
2024-11-09T16:52:10.466Z [Modules] Streaming discord_game_utils@1 to /home/arch/.config/discord/0.0.73/modules/pending/discord_game_utils-1.zip: 76%
2024-11-09T16:52:10.469Z [Modules] Streaming discord_game_utils@1 to /home/arch/.config/discord/0.0.73/modules/pending/discord_game_utils-1.zip: 77%
2024-11-09T16:52:10.471Z [Modules] Streaming discord_game_utils@1 to /home/arch/.config/discord/0.0.73/modules/pending/discord_game_utils-1.zip: 78%
2024-11-09T16:52:10.473Z [Modules] Streaming discord_game_utils@1 to /home/arch/.config/discord/0.0.73/modules/pending/discord_game_utils-1.zip: 79%
2024-11-09T16:52:10.475Z [Modules] Streaming discord_game_utils@1 to /home/arch/.config/discord/0.0.73/modules/pending/discord_game_utils-1.zip: 80%
2024-11-09T16:52:10.477Z [Modules] Streaming discord_game_utils@1 to /home/arch/.config/discord/0.0.73/modules/pending/discord_game_utils-1.zip: 81%
2024-11-09T16:52:10.480Z [Modules] Streaming discord_game_utils@1 to /home/arch/.config/discord/0.0.73/modules/pending/discord_game_utils-1.zip: 82%
2024-11-09T16:52:10.482Z [Modules] Streaming discord_game_utils@1 to /home/arch/.config/discord/0.0.73/modules/pending/discord_game_utils-1.zip: 83%
2024-11-09T16:52:10.484Z [Modules] Streaming discord_game_utils@1 to /home/arch/.config/discord/0.0.73/modules/pending/discord_game_utils-1.zip: 84%
2024-11-09T16:52:10.486Z [Modules] Streaming discord_game_utils@1 to /home/arch/.config/discord/0.0.73/modules/pending/discord_game_utils-1.zip: 85%
2024-11-09T16:52:10.488Z [Modules] Streaming discord_game_utils@1 to /home/arch/.config/discord/0.0.73/modules/pending/discord_game_utils-1.zip: 86%
2024-11-09T16:52:10.491Z [Modules] Streaming discord_game_utils@1 to /home/arch/.config/discord/0.0.73/modules/pending/discord_game_utils-1.zip: 87%
2024-11-09T16:52:10.493Z [Modules] Streaming discord_game_utils@1 to /home/arch/.config/discord/0.0.73/modules/pending/discord_game_utils-1.zip: 88%
2024-11-09T16:52:10.495Z [Modules] Streaming discord_game_utils@1 to /home/arch/.config/discord/0.0.73/modules/pending/discord_game_utils-1.zip: 89%
2024-11-09T16:52:10.497Z [Modules] Streaming discord_game_utils@1 to /home/arch/.config/discord/0.0.73/modules/pending/discord_game_utils-1.zip: 90%
2024-11-09T16:52:10.499Z [Modules] Streaming discord_game_utils@1 to /home/arch/.config/discord/0.0.73/modules/pending/discord_game_utils-1.zip: 91%
2024-11-09T16:52:10.502Z [Modules] Streaming discord_game_utils@1 to /home/arch/.config/discord/0.0.73/modules/pending/discord_game_utils-1.zip: 92%
2024-11-09T16:52:10.504Z [Modules] Streaming discord_game_utils@1 to /home/arch/.config/discord/0.0.73/modules/pending/discord_game_utils-1.zip: 93%
2024-11-09T16:52:10.506Z [Modules] Streaming discord_game_utils@1 to /home/arch/.config/discord/0.0.73/modules/pending/discord_game_utils-1.zip: 94%
2024-11-09T16:52:10.509Z [Modules] Streaming discord_game_utils@1 to /home/arch/.config/discord/0.0.73/modules/pending/discord_game_utils-1.zip: 95%
2024-11-09T16:52:10.511Z [Modules] Streaming discord_game_utils@1 to /home/arch/.config/discord/0.0.73/modules/pending/discord_game_utils-1.zip: 96%
2024-11-09T16:52:10.513Z [Modules] Streaming discord_game_utils@1 to /home/arch/.config/discord/0.0.73/modules/pending/discord_game_utils-1.zip: 97%
2024-11-09T16:52:10.515Z [Modules] Streaming discord_game_utils@1 to /home/arch/.config/discord/0.0.73/modules/pending/discord_game_utils-1.zip: 98%
2024-11-09T16:52:10.517Z [Modules] Streaming discord_game_utils@1 to /home/arch/.config/discord/0.0.73/modules/pending/discord_game_utils-1.zip: 99%
2024-11-09T16:52:10.519Z [Modules] Streaming discord_game_utils@1 to /home/arch/.config/discord/0.0.73/modules/pending/discord_game_utils-1.zip: 100%
2024-11-09T16:52:10.520Z [Modules] Fetching discord_rpc@1 from https://discord.com/api/modules/stable/discord_rpc/1
2024-11-09T16:52:10.520Z [Modules] Streaming discord_rpc@1 to /home/arch/.config/discord/0.0.73/modules/pending/discord_rpc-1.zip
2024-11-09T16:52:10.520Z [Modules] Installing discord_game_utils@1 from /home/arch/.config/discord/0.0.73/modules/pending/discord_game_utils-1.zip
2024-11-09T16:52:10.560Z [Modules] Finished module installations. [success: 1] [failure: 0]
2024-11-09T16:52:10.789Z [Modules] Streaming discord_rpc@1 to /home/arch/.config/discord/0.0.73/modules/pending/discord_rpc-1.zip: 100%
2024-11-09T16:52:10.790Z [Modules] Finished module downloads. [success: 3] [failure: 0]
2024-11-09T16:52:10.790Z [Modules] Installing discord_rpc@1 from /home/arch/.config/discord/0.0.73/modules/pending/discord_rpc-1.zip
2024-11-09T16:52:10.797Z [Modules] Finished module installations. [success: 1] [failure: 0]
2024-11-09T17:52:08.790Z [Modules] Checking for host updates.
2024-11-09T17:52:08.998Z [Modules] Host is up to date.
2024-11-09T17:52:08.998Z [Modules] Checking for module updates at https://discord.com/api/modules/stable/versions.json
2024-11-09T17:52:09.036Z [Modules] No module updates available.
2024-11-13T19:24:04.292Z [Modules] Modules initializing
2024-11-13T19:24:04.292Z [Modules] Distribution: remote
2024-11-13T19:24:04.292Z [Modules] Host updates: enabled
2024-11-13T19:24:04.293Z [Modules] Module updates: enabled
2024-11-13T19:24:04.293Z [Modules] Module install path: /home/arch/.config/discord/0.0.74/modules
2024-11-13T19:24:04.293Z [Modules] Module installed file path: /home/arch/.config/discord/0.0.74/modules/installed.json
2024-11-13T19:24:04.293Z [Modules] Module download path: /home/arch/.config/discord/0.0.74/modules/pending
2024-11-13T19:24:04.430Z [Modules] Bootstrapping...
2024-11-13T19:24:04.430Z [Modules] Installing discord_desktop_core@0 from /opt/discord/resources/bootstrap/discord_desktop_core.zip
2024-11-13T19:24:04.431Z [Modules] Failed installing discord_desktop_core@0: Error: ENOENT: no such file or directory, open '/opt/discord/resources/bootstrap/discord_desktop_core.zip'
2024-11-13T19:24:04.431Z [Modules] Installing discord_erlpack@0 from /opt/discord/resources/bootstrap/discord_erlpack.zip
2024-11-13T19:24:04.432Z [Modules] Failed installing discord_erlpack@0: Error: ENOENT: no such file or directory, open '/opt/discord/resources/bootstrap/discord_erlpack.zip'
2024-11-13T19:24:04.432Z [Modules] Installing discord_spellcheck@0 from /opt/discord/resources/bootstrap/discord_spellcheck.zip
2024-11-13T19:24:04.432Z [Modules] Failed installing discord_spellcheck@0: Error: ENOENT: no such file or directory, open '/opt/discord/resources/bootstrap/discord_spellcheck.zip'
2024-11-13T19:24:04.433Z [Modules] Installing discord_utils@0 from /opt/discord/resources/bootstrap/discord_utils.zip
2024-11-13T19:24:04.433Z [Modules] Failed installing discord_utils@0: Error: ENOENT: no such file or directory, open '/opt/discord/resources/bootstrap/discord_utils.zip'
2024-11-13T19:24:04.433Z [Modules] Installing discord_voice@0 from /opt/discord/resources/bootstrap/discord_voice.zip
2024-11-13T19:24:04.433Z [Modules] Failed installing discord_voice@0: Error: ENOENT: no such file or directory, open '/opt/discord/resources/bootstrap/discord_voice.zip'
2024-11-13T19:24:04.434Z [Modules] Installing discord_zstd@0 from /opt/discord/resources/bootstrap/discord_zstd.zip
2024-11-13T19:24:04.434Z [Modules] Failed installing discord_zstd@0: Error: ENOENT: no such file or directory, open '/opt/discord/resources/bootstrap/discord_zstd.zip'
2024-11-13T19:24:04.434Z [Modules] Finished module installations. [success: 0] [failure: 6]
2024-11-13T19:24:04.434Z [Modules] Checking for host updates.
2024-11-13T19:24:04.717Z [Modules] Host is up to date.
2024-11-13T19:24:04.717Z [Modules] Checking for module updates at https://discord.com/api/modules/stable/versions.json
2024-11-13T19:24:04.775Z [Modules] Module update available: discord_desktop_core@1 [installed: 0]
2024-11-13T19:24:04.775Z [Modules] Module update available: discord_erlpack@1 [installed: 0]
2024-11-13T19:24:04.775Z [Modules] Module update available: discord_spellcheck@1 [installed: 0]
2024-11-13T19:24:04.775Z [Modules] Module update available: discord_utils@1 [installed: 0]
2024-11-13T19:24:04.775Z [Modules] Module update available: discord_voice@1 [installed: 0]
2024-11-13T19:24:04.775Z [Modules] Module update available: discord_zstd@1 [installed: 0]
2024-11-13T19:24:04.776Z [Modules] Fetching discord_desktop_core@1 from https://discord.com/api/modules/stable/discord_desktop_core/1
2024-11-13T19:24:04.776Z [Modules] Streaming discord_desktop_core@1 to /home/arch/.config/discord/0.0.74/modules/pending/discord_desktop_core-1.zip
2024-11-13T19:24:05.144Z [Modules] Streaming discord_desktop_core@1 to /home/arch/.config/discord/0.0.74/modules/pending/discord_desktop_core-1.zip: 1%
2024-11-13T19:24:05.150Z [Modules] Streaming discord_desktop_core@1 to /home/arch/.config/discord/0.0.74/modules/pending/discord_desktop_core-1.zip: 2%
2024-11-13T19:24:05.159Z [Modules] Streaming discord_desktop_core@1 to /home/arch/.config/discord/0.0.74/modules/pending/discord_desktop_core-1.zip: 3%
2024-11-13T19:24:05.165Z [Modules] Streaming discord_desktop_core@1 to /home/arch/.config/discord/0.0.74/modules/pending/discord_desktop_core-1.zip: 4%
2024-11-13T19:24:05.167Z [Modules] Streaming discord_desktop_core@1 to /home/arch/.config/discord/0.0.74/modules/pending/discord_desktop_core-1.zip: 5%
2024-11-13T19:24:05.168Z [Modules] Streaming discord_desktop_core@1 to /home/arch/.config/discord/0.0.74/modules/pending/discord_desktop_core-1.zip: 6%
2024-11-13T19:24:05.172Z [Modules] Streaming discord_desktop_core@1 to /home/arch/.config/discord/0.0.74/modules/pending/discord_desktop_core-1.zip: 7%
2024-11-13T19:24:05.180Z [Modules] Streaming discord_desktop_core@1 to /home/arch/.config/discord/0.0.74/modules/pending/discord_desktop_core-1.zip: 8%
2024-11-13T19:24:05.183Z [Modules] Streaming discord_desktop_core@1 to /home/arch/.config/discord/0.0.74/modules/pending/discord_desktop_core-1.zip: 9%
2024-11-13T19:24:05.185Z [Modules] Streaming discord_desktop_core@1 to /home/arch/.config/discord/0.0.74/modules/pending/discord_desktop_core-1.zip: 10%
2024-11-13T19:24:05.186Z [Modules] Streaming discord_desktop_core@1 to /home/arch/.config/discord/0.0.74/modules/pending/discord_desktop_core-1.zip: 11%
2024-11-13T19:24:05.188Z [Modules] Streaming discord_desktop_core@1 to /home/arch/.config/discord/0.0.74/modules/pending/discord_desktop_core-1.zip: 12%
2024-11-13T19:24:05.190Z [Modules] Streaming discord_desktop_core@1 to /home/arch/.config/discord/0.0.74/modules/pending/discord_desktop_core-1.zip: 13%
2024-11-13T19:24:05.192Z [Modules] Streaming discord_desktop_core@1 to /home/arch/.config/discord/0.0.74/modules/pending/discord_desktop_core-1.zip: 14%
2024-11-13T19:24:05.194Z [Modules] Streaming discord_desktop_core@1 to /home/arch/.config/discord/0.0.74/modules/pending/discord_desktop_core-1.zip: 15%
2024-11-13T19:24:05.196Z [Modules] Streaming discord_desktop_core@1 to /home/arch/.config/discord/0.0.74/modules/pending/discord_desktop_core-1.zip: 16%
2024-11-13T19:24:05.198Z [Modules] Streaming discord_desktop_core@1 to /home/arch/.config/discord/0.0.74/modules/pending/discord_desktop_core-1.zip: 17%
2024-11-13T19:24:05.201Z [Modules] Streaming discord_desktop_core@1 to /home/arch/.config/discord/0.0.74/modules/pending/discord_desktop_core-1.zip: 18%
2024-11-13T19:24:05.202Z [Modules] Streaming discord_desktop_core@1 to /home/arch/.config/discord/0.0.74/modules/pending/discord_desktop_core-1.zip: 19%
2024-11-13T19:24:05.204Z [Modules] Streaming discord_desktop_core@1 to /home/arch/.config/discord/0.0.74/modules/pending/discord_desktop_core-1.zip: 20%
2024-11-13T19:24:05.206Z [Modules] Streaming discord_desktop_core@1 to /home/arch/.config/discord/0.0.74/modules/pending/discord_desktop_core-1.zip: 21%
2024-11-13T19:24:05.209Z [Modules] Streaming discord_desktop_core@1 to /home/arch/.config/discord/0.0.74/modules/pending/discord_desktop_core-1.zip: 22%
2024-11-13T19:24:05.211Z [Modules] Streaming discord_desktop_core@1 to /home/arch/.config/discord/0.0.74/modules/pending/discord_desktop_core-1.zip: 23%
2024-11-13T19:24:05.212Z [Modules] Streaming discord_desktop_core@1 to /home/arch/.config/discord/0.0.74/modules/pending/discord_desktop_core-1.zip: 24%
2024-11-13T19:24:05.214Z [Modules] Streaming discord_desktop_core@1 to /home/arch/.config/discord/0.0.74/modules/pending/discord_desktop_core-1.zip: 25%
2024-11-13T19:24:05.216Z [Modules] Streaming discord_desktop_core@1 to /home/arch/.config/discord/0.0.74/modules/pending/discord_desktop_core-1.zip: 26%
2024-11-13T19:24:05.217Z [Modules] Streaming discord_desktop_core@1 to /home/arch/.config/discord/0.0.74/modules/pending/discord_desktop_core-1.zip: 27%
2024-11-13T19:24:05.219Z [Modules] Streaming discord_desktop_core@1 to /home/arch/.config/discord/0.0.74/modules/pending/discord_desktop_core-1.zip: 28%
2024-11-13T19:24:05.221Z [Modules] Streaming discord_desktop_core@1 to /home/arch/.config/discord/0.0.74/modules/pending/discord_desktop_core-1.zip: 29%
2024-11-13T19:24:05.223Z [Modules] Streaming discord_desktop_core@1 to /home/arch/.config/discord/0.0.74/modules/pending/discord_desktop_core-1.zip: 30%
2024-11-13T19:24:05.225Z [Modules] Streaming discord_desktop_core@1 to /home/arch/.config/discord/0.0.74/modules/pending/discord_desktop_core-1.zip: 31%
2024-11-13T19:24:05.227Z [Modules] Streaming discord_desktop_core@1 to /home/arch/.config/discord/0.0.74/modules/pending/discord_desktop_core-1.zip: 32%
2024-11-13T19:24:05.229Z [Modules] Streaming discord_desktop_core@1 to /home/arch/.config/discord/0.0.74/modules/pending/discord_desktop_core-1.zip: 33%
2024-11-13T19:24:05.231Z [Modules] Streaming discord_desktop_core@1 to /home/arch/.config/discord/0.0.74/modules/pending/discord_desktop_core-1.zip: 34%
2024-11-13T19:24:05.233Z [Modules] Streaming discord_desktop_core@1 to /home/arch/.config/discord/0.0.74/modules/pending/discord_desktop_core-1.zip: 35%
2024-11-13T19:24:05.235Z [Modules] Streaming discord_desktop_core@1 to /home/arch/.config/discord/0.0.74/modules/pending/discord_desktop_core-1.zip: 36%
2024-11-13T19:24:05.236Z [Modules] Streaming discord_desktop_core@1 to /home/arch/.config/discord/0.0.74/modules/pending/discord_desktop_core-1.zip: 37%
2024-11-13T19:24:05.238Z [Modules] Streaming discord_desktop_core@1 to /home/arch/.config/discord/0.0.74/modules/pending/discord_desktop_core-1.zip: 38%
2024-11-13T19:24:05.239Z [Modules] Streaming discord_desktop_core@1 to /home/arch/.config/discord/0.0.74/modules/pending/discord_desktop_core-1.zip: 39%
2024-11-13T19:24:05.241Z [Modules] Streaming discord_desktop_core@1 to /home/arch/.config/discord/0.0.74/modules/pending/discord_desktop_core-1.zip: 40%
2024-11-13T19:24:05.243Z [Modules] Streaming discord_desktop_core@1 to /home/arch/.config/discord/0.0.74/modules/pending/discord_desktop_core-1.zip: 41%
2024-11-13T19:24:05.244Z [Modules] Streaming discord_desktop_core@1 to /home/arch/.config/discord/0.0.74/modules/pending/discord_desktop_core-1.zip: 42%
2024-11-13T19:24:05.247Z [Modules] Streaming discord_desktop_core@1 to /home/arch/.config/discord/0.0.74/modules/pending/discord_desktop_core-1.zip: 43%
2024-11-13T19:24:05.249Z [Modules] Streaming discord_desktop_core@1 to /home/arch/.config/discord/0.0.74/modules/pending/discord_desktop_core-1.zip: 44%
2024-11-13T19:24:05.250Z [Modules] Streaming discord_desktop_core@1 to /home/arch/.config/discord/0.0.74/modules/pending/discord_desktop_core-1.zip: 45%
2024-11-13T19:24:05.252Z [Modules] Streaming discord_desktop_core@1 to /home/arch/.config/discord/0.0.74/modules/pending/discord_desktop_core-1.zip: 46%
2024-11-13T19:24:05.254Z [Modules] Streaming discord_desktop_core@1 to /home/arch/.config/discord/0.0.74/modules/pending/discord_desktop_core-1.zip: 47%
2024-11-13T19:24:05.256Z [Modules] Streaming discord_desktop_core@1 to /home/arch/.config/discord/0.0.74/modules/pending/discord_desktop_core-1.zip: 48%
2024-11-13T19:24:05.258Z [Modules] Streaming discord_desktop_core@1 to /home/arch/.config/discord/0.0.74/modules/pending/discord_desktop_core-1.zip: 49%
2024-11-13T19:24:05.259Z [Modules] Streaming discord_desktop_core@1 to /home/arch/.config/discord/0.0.74/modules/pending/discord_desktop_core-1.zip: 50%
2024-11-13T19:24:05.261Z [Modules] Streaming discord_desktop_core@1 to /home/arch/.config/discord/0.0.74/modules/pending/discord_desktop_core-1.zip: 51%
2024-11-13T19:24:05.263Z [Modules] Streaming discord_desktop_core@1 to /home/arch/.config/discord/0.0.74/modules/pending/discord_desktop_core-1.zip: 52%
2024-11-13T19:24:05.265Z [Modules] Streaming discord_desktop_core@1 to /home/arch/.config/discord/0.0.74/modules/pending/discord_desktop_core-1.zip: 53%
2024-11-13T19:24:05.267Z [Modules] Streaming discord_desktop_core@1 to /home/arch/.config/discord/0.0.74/modules/pending/discord_desktop_core-1.zip: 54%
2024-11-13T19:24:05.268Z [Modules] Streaming discord_desktop_core@1 to /home/arch/.config/discord/0.0.74/modules/pending/discord_desktop_core-1.zip: 55%
2024-11-13T19:24:05.270Z [Modules] Streaming discord_desktop_core@1 to /home/arch/.config/discord/0.0.74/modules/pending/discord_desktop_core-1.zip: 56%
2024-11-13T19:24:05.272Z [Modules] Streaming discord_desktop_core@1 to /home/arch/.config/discord/0.0.74/modules/pending/discord_desktop_core-1.zip: 57%
2024-11-13T19:24:05.274Z [Modules] Streaming discord_desktop_core@1 to /home/arch/.config/discord/0.0.74/modules/pending/discord_desktop_core-1.zip: 58%
2024-11-13T19:24:05.276Z [Modules] Streaming discord_desktop_core@1 to /home/arch/.config/discord/0.0.74/modules/pending/discord_desktop_core-1.zip: 59%
2024-11-13T19:24:05.278Z [Modules] Streaming discord_desktop_core@1 to /home/arch/.config/discord/0.0.74/modules/pending/discord_desktop_core-1.zip: 60%
2024-11-13T19:24:05.280Z [Modules] Streaming discord_desktop_core@1 to /home/arch/.config/discord/0.0.74/modules/pending/discord_desktop_core-1.zip: 61%
2024-11-13T19:24:05.282Z [Modules] Streaming discord_desktop_core@1 to /home/arch/.config/discord/0.0.74/modules/pending/discord_desktop_core-1.zip: 62%
2024-11-13T19:24:05.284Z [Modules] Streaming discord_desktop_core@1 to /home/arch/.config/discord/0.0.74/modules/pending/discord_desktop_core-1.zip: 63%
2024-11-13T19:24:05.285Z [Modules] Streaming discord_desktop_core@1 to /home/arch/.config/discord/0.0.74/modules/pending/discord_desktop_core-1.zip: 64%
2024-11-13T19:24:05.292Z [Modules] Streaming discord_desktop_core@1 to /home/arch/.config/discord/0.0.74/modules/pending/discord_desktop_core-1.zip: 65%
2024-11-13T19:24:05.293Z [Modules] Streaming discord_desktop_core@1 to /home/arch/.config/discord/0.0.74/modules/pending/discord_desktop_core-1.zip: 66%
2024-11-13T19:24:05.295Z [Modules] Streaming discord_desktop_core@1 to /home/arch/.config/discord/0.0.74/modules/pending/discord_desktop_core-1.zip: 67%
2024-11-13T19:24:05.297Z [Modules] Streaming discord_desktop_core@1 to /home/arch/.config/discord/0.0.74/modules/pending/discord_desktop_core-1.zip: 68%
2024-11-13T19:24:05.299Z [Modules] Streaming discord_desktop_core@1 to /home/arch/.config/discord/0.0.74/modules/pending/discord_desktop_core-1.zip: 69%
2024-11-13T19:24:05.301Z [Modules] Streaming discord_desktop_core@1 to /home/arch/.config/discord/0.0.74/modules/pending/discord_desktop_core-1.zip: 70%
2024-11-13T19:24:05.302Z [Modules] Streaming discord_desktop_core@1 to /home/arch/.config/discord/0.0.74/modules/pending/discord_desktop_core-1.zip: 71%
2024-11-13T19:24:05.304Z [Modules] Streaming discord_desktop_core@1 to /home/arch/.config/discord/0.0.74/modules/pending/discord_desktop_core-1.zip: 72%
2024-11-13T19:24:05.306Z [Modules] Streaming discord_desktop_core@1 to /home/arch/.config/discord/0.0.74/modules/pending/discord_desktop_core-1.zip: 73%
2024-11-13T19:24:05.308Z [Modules] Streaming discord_desktop_core@1 to /home/arch/.config/discord/0.0.74/modules/pending/discord_desktop_core-1.zip: 74%
2024-11-13T19:24:05.309Z [Modules] Streaming discord_desktop_core@1 to /home/arch/.config/discord/0.0.74/modules/pending/discord_desktop_core-1.zip: 75%
2024-11-13T19:24:05.311Z [Modules] Streaming discord_desktop_core@1 to /home/arch/.config/discord/0.0.74/modules/pending/discord_desktop_core-1.zip: 76%
2024-11-13T19:24:05.313Z [Modules] Streaming discord_desktop_core@1 to /home/arch/.config/discord/0.0.74/modules/pending/discord_desktop_core-1.zip: 77%
2024-11-13T19:24:05.315Z [Modules] Streaming discord_desktop_core@1 to /home/arch/.config/discord/0.0.74/modules/pending/discord_desktop_core-1.zip: 78%
2024-11-13T19:24:05.317Z [Modules] Streaming discord_desktop_core@1 to /home/arch/.config/discord/0.0.74/modules/pending/discord_desktop_core-1.zip: 79%
2024-11-13T19:24:05.319Z [Modules] Streaming discord_desktop_core@1 to /home/arch/.config/discord/0.0.74/modules/pending/discord_desktop_core-1.zip: 80%
2024-11-13T19:24:05.321Z [Modules] Streaming discord_desktop_core@1 to /home/arch/.config/discord/0.0.74/modules/pending/discord_desktop_core-1.zip: 81%
2024-11-13T19:24:05.323Z [Modules] Streaming discord_desktop_core@1 to /home/arch/.config/discord/0.0.74/modules/pending/discord_desktop_core-1.zip: 82%
2024-11-13T19:24:05.324Z [Modules] Streaming discord_desktop_core@1 to /home/arch/.config/discord/0.0.74/modules/pending/discord_desktop_core-1.zip: 83%
2024-11-13T19:24:05.327Z [Modules] Streaming discord_desktop_core@1 to /home/arch/.config/discord/0.0.74/modules/pending/discord_desktop_core-1.zip: 84%
2024-11-13T19:24:05.329Z [Modules] Streaming discord_desktop_core@1 to /home/arch/.config/discord/0.0.74/modules/pending/discord_desktop_core-1.zip: 85%
2024-11-13T19:24:05.330Z [Modules] Streaming discord_desktop_core@1 to /home/arch/.config/discord/0.0.74/modules/pending/discord_desktop_core-1.zip: 86%
2024-11-13T19:24:05.332Z [Modules] Streaming discord_desktop_core@1 to /home/arch/.config/discord/0.0.74/modules/pending/discord_desktop_core-1.zip: 87%
2024-11-13T19:24:05.334Z [Modules] Streaming discord_desktop_core@1 to /home/arch/.config/discord/0.0.74/modules/pending/discord_desktop_core-1.zip: 88%
2024-11-13T19:24:05.335Z [Modules] Streaming discord_desktop_core@1 to /home/arch/.config/discord/0.0.74/modules/pending/discord_desktop_core-1.zip: 89%
2024-11-13T19:24:05.337Z [Modules] Streaming discord_desktop_core@1 to /home/arch/.config/discord/0.0.74/modules/pending/discord_desktop_core-1.zip: 90%
2024-11-13T19:24:05.339Z [Modules] Streaming discord_desktop_core@1 to /home/arch/.config/discord/0.0.74/modules/pending/discord_desktop_core-1.zip: 91%
2024-11-13T19:24:05.340Z [Modules] Streaming discord_desktop_core@1 to /home/arch/.config/discord/0.0.74/modules/pending/discord_desktop_core-1.zip: 92%
2024-11-13T19:24:05.342Z [Modules] Streaming discord_desktop_core@1 to /home/arch/.config/discord/0.0.74/modules/pending/discord_desktop_core-1.zip: 93%
2024-11-13T19:24:05.344Z [Modules] Streaming discord_desktop_core@1 to /home/arch/.config/discord/0.0.74/modules/pending/discord_desktop_core-1.zip: 94%
2024-11-13T19:24:05.346Z [Modules] Streaming discord_desktop_core@1 to /home/arch/.config/discord/0.0.74/modules/pending/discord_desktop_core-1.zip: 95%
2024-11-13T19:24:05.348Z [Modules] Streaming discord_desktop_core@1 to /home/arch/.config/discord/0.0.74/modules/pending/discord_desktop_core-1.zip: 96%
2024-11-13T19:24:05.350Z [Modules] Streaming discord_desktop_core@1 to /home/arch/.config/discord/0.0.74/modules/pending/discord_desktop_core-1.zip: 97%
2024-11-13T19:24:05.351Z [Modules] Streaming discord_desktop_core@1 to /home/arch/.config/discord/0.0.74/modules/pending/discord_desktop_core-1.zip: 98%
2024-11-13T19:24:05.353Z [Modules] Streaming discord_desktop_core@1 to /home/arch/.config/discord/0.0.74/modules/pending/discord_desktop_core-1.zip: 99%
2024-11-13T19:24:05.355Z [Modules] Streaming discord_desktop_core@1 to /home/arch/.config/discord/0.0.74/modules/pending/discord_desktop_core-1.zip: 100%
2024-11-13T19:24:05.356Z [Modules] Fetching discord_erlpack@1 from https://discord.com/api/modules/stable/discord_erlpack/1
2024-11-13T19:24:05.356Z [Modules] Streaming discord_erlpack@1 to /home/arch/.config/discord/0.0.74/modules/pending/discord_erlpack-1.zip
2024-11-13T19:24:05.554Z [Modules] Streaming discord_erlpack@1 to /home/arch/.config/discord/0.0.74/modules/pending/discord_erlpack-1.zip: 1%
2024-11-13T19:24:05.556Z [Modules] Streaming discord_erlpack@1 to /home/arch/.config/discord/0.0.74/modules/pending/discord_erlpack-1.zip: 2%
2024-11-13T19:24:05.558Z [Modules] Streaming discord_erlpack@1 to /home/arch/.config/discord/0.0.74/modules/pending/discord_erlpack-1.zip: 3%
2024-11-13T19:24:05.560Z [Modules] Streaming discord_erlpack@1 to /home/arch/.config/discord/0.0.74/modules/pending/discord_erlpack-1.zip: 4%
2024-11-13T19:24:05.561Z [Modules] Streaming discord_erlpack@1 to /home/arch/.config/discord/0.0.74/modules/pending/discord_erlpack-1.zip: 5%
2024-11-13T19:24:05.563Z [Modules] Streaming discord_erlpack@1 to /home/arch/.config/discord/0.0.74/modules/pending/discord_erlpack-1.zip: 6%
2024-11-13T19:24:05.565Z [Modules] Streaming discord_erlpack@1 to /home/arch/.config/discord/0.0.74/modules/pending/discord_erlpack-1.zip: 7%
2024-11-13T19:24:05.566Z [Modules] Streaming discord_erlpack@1 to /home/arch/.config/discord/0.0.74/modules/pending/discord_erlpack-1.zip: 8%
2024-11-13T19:24:05.568Z [Modules] Streaming discord_erlpack@1 to /home/arch/.config/discord/0.0.74/modules/pending/discord_erlpack-1.zip: 9%
2024-11-13T19:24:05.570Z [Modules] Streaming discord_erlpack@1 to /home/arch/.config/discord/0.0.74/modules/pending/discord_erlpack-1.zip: 10%
2024-11-13T19:24:05.572Z [Modules] Streaming discord_erlpack@1 to /home/arch/.config/discord/0.0.74/modules/pending/discord_erlpack-1.zip: 11%
2024-11-13T19:24:05.575Z [Modules] Streaming discord_erlpack@1 to /home/arch/.config/discord/0.0.74/modules/pending/discord_erlpack-1.zip: 12%
2024-11-13T19:24:05.577Z [Modules] Streaming discord_erlpack@1 to /home/arch/.config/discord/0.0.74/modules/pending/discord_erlpack-1.zip: 13%
2024-11-13T19:24:05.579Z [Modules] Streaming discord_erlpack@1 to /home/arch/.config/discord/0.0.74/modules/pending/discord_erlpack-1.zip: 14%
2024-11-13T19:24:05.581Z [Modules] Streaming discord_erlpack@1 to /home/arch/.config/discord/0.0.74/modules/pending/discord_erlpack-1.zip: 15%
2024-11-13T19:24:05.582Z [Modules] Streaming discord_erlpack@1 to /home/arch/.config/discord/0.0.74/modules/pending/discord_erlpack-1.zip: 16%
2024-11-13T19:24:05.584Z [Modules] Streaming discord_erlpack@1 to /home/arch/.config/discord/0.0.74/modules/pending/discord_erlpack-1.zip: 17%
2024-11-13T19:24:05.585Z [Modules] Streaming discord_erlpack@1 to /home/arch/.config/discord/0.0.74/modules/pending/discord_erlpack-1.zip: 18%
2024-11-13T19:24:05.587Z [Modules] Streaming discord_erlpack@1 to /home/arch/.config/discord/0.0.74/modules/pending/discord_erlpack-1.zip: 19%
2024-11-13T19:24:05.588Z [Modules] Streaming discord_erlpack@1 to /home/arch/.config/discord/0.0.74/modules/pending/discord_erlpack-1.zip: 20%
2024-11-13T19:24:05.590Z [Modules] Streaming discord_erlpack@1 to /home/arch/.config/discord/0.0.74/modules/pending/discord_erlpack-1.zip: 21%
2024-11-13T19:24:05.591Z [Modules] Streaming discord_erlpack@1 to /home/arch/.config/discord/0.0.74/modules/pending/discord_erlpack-1.zip: 22%
2024-11-13T19:24:05.593Z [Modules] Streaming discord_erlpack@1 to /home/arch/.config/discord/0.0.74/modules/pending/discord_erlpack-1.zip: 23%
2024-11-13T19:24:05.595Z [Modules] Streaming discord_erlpack@1 to /home/arch/.config/discord/0.0.74/modules/pending/discord_erlpack-1.zip: 24%
2024-11-13T19:24:05.596Z [Modules] Streaming discord_erlpack@1 to /home/arch/.config/discord/0.0.74/modules/pending/discord_erlpack-1.zip: 25%
2024-11-13T19:24:05.599Z [Modules] Streaming discord_erlpack@1 to /home/arch/.config/discord/0.0.74/modules/pending/discord_erlpack-1.zip: 26%
2024-11-13T19:24:05.599Z [Modules] Streaming discord_erlpack@1 to /home/arch/.config/discord/0.0.74/modules/pending/discord_erlpack-1.zip: 27%
2024-11-13T19:24:05.601Z [Modules] Streaming discord_erlpack@1 to /home/arch/.config/discord/0.0.74/modules/pending/discord_erlpack-1.zip: 28%
2024-11-13T19:24:05.603Z [Modules] Streaming discord_erlpack@1 to /home/arch/.config/discord/0.0.74/modules/pending/discord_erlpack-1.zip: 29%
2024-11-13T19:24:05.605Z [Modules] Streaming discord_erlpack@1 to /home/arch/.config/discord/0.0.74/modules/pending/discord_erlpack-1.zip: 30%
2024-11-13T19:24:05.606Z [Modules] Streaming discord_erlpack@1 to /home/arch/.config/discord/0.0.74/modules/pending/discord_erlpack-1.zip: 31%
2024-11-13T19:24:05.608Z [Modules] Streaming discord_erlpack@1 to /home/arch/.config/discord/0.0.74/modules/pending/discord_erlpack-1.zip: 32%
2024-11-13T19:24:05.610Z [Modules] Streaming discord_erlpack@1 to /home/arch/.config/discord/0.0.74/modules/pending/discord_erlpack-1.zip: 33%
2024-11-13T19:24:05.612Z [Modules] Streaming discord_erlpack@1 to /home/arch/.config/discord/0.0.74/modules/pending/discord_erlpack-1.zip: 34%
2024-11-13T19:24:05.613Z [Modules] Streaming discord_erlpack@1 to /home/arch/.config/discord/0.0.74/modules/pending/discord_erlpack-1.zip: 35%
2024-11-13T19:24:05.615Z [Modules] Streaming discord_erlpack@1 to /home/arch/.config/discord/0.0.74/modules/pending/discord_erlpack-1.zip: 36%
2024-11-13T19:24:05.616Z [Modules] Streaming discord_erlpack@1 to /home/arch/.config/discord/0.0.74/modules/pending/discord_erlpack-1.zip: 37%
2024-11-13T19:24:05.619Z [Modules] Streaming discord_erlpack@1 to /home/arch/.config/discord/0.0.74/modules/pending/discord_erlpack-1.zip: 38%
2024-11-13T19:24:05.621Z [Modules] Streaming discord_erlpack@1 to /home/arch/.config/discord/0.0.74/modules/pending/discord_erlpack-1.zip: 39%
2024-11-13T19:24:05.622Z [Modules] Streaming discord_erlpack@1 to /home/arch/.config/discord/0.0.74/modules/pending/discord_erlpack-1.zip: 40%
2024-11-13T19:24:05.624Z [Modules] Streaming discord_erlpack@1 to /home/arch/.config/discord/0.0.74/modules/pending/discord_erlpack-1.zip: 41%
2024-11-13T19:24:05.626Z [Modules] Streaming discord_erlpack@1 to /home/arch/.config/discord/0.0.74/modules/pending/discord_erlpack-1.zip: 42%
2024-11-13T19:24:05.628Z [Modules] Streaming discord_erlpack@1 to /home/arch/.config/discord/0.0.74/modules/pending/discord_erlpack-1.zip: 43%
2024-11-13T19:24:05.629Z [Modules] Streaming discord_erlpack@1 to /home/arch/.config/discord/0.0.74/modules/pending/discord_erlpack-1.zip: 44%
2024-11-13T19:24:05.631Z [Modules] Streaming discord_erlpack@1 to /home/arch/.config/discord/0.0.74/modules/pending/discord_erlpack-1.zip: 45%
2024-11-13T19:24:05.632Z [Modules] Streaming discord_erlpack@1 to /home/arch/.config/discord/0.0.74/modules/pending/discord_erlpack-1.zip: 46%
2024-11-13T19:24:05.634Z [Modules] Streaming discord_erlpack@1 to /home/arch/.config/discord/0.0.74/modules/pending/discord_erlpack-1.zip: 47%
2024-11-13T19:24:05.635Z [Modules] Streaming discord_erlpack@1 to /home/arch/.config/discord/0.0.74/modules/pending/discord_erlpack-1.zip: 48%
2024-11-13T19:24:05.637Z [Modules] Streaming discord_erlpack@1 to /home/arch/.config/discord/0.0.74/modules/pending/discord_erlpack-1.zip: 49%
2024-11-13T19:24:05.639Z [Modules] Streaming discord_erlpack@1 to /home/arch/.config/discord/0.0.74/modules/pending/discord_erlpack-1.zip: 50%
2024-11-13T19:24:05.641Z [Modules] Streaming discord_erlpack@1 to /home/arch/.config/discord/0.0.74/modules/pending/discord_erlpack-1.zip: 51%
2024-11-13T19:24:05.642Z [Modules] Streaming discord_erlpack@1 to /home/arch/.config/discord/0.0.74/modules/pending/discord_erlpack-1.zip: 52%
2024-11-13T19:24:05.644Z [Modules] Streaming discord_erlpack@1 to /home/arch/.config/discord/0.0.74/modules/pending/discord_erlpack-1.zip: 53%
2024-11-13T19:24:05.646Z [Modules] Streaming discord_erlpack@1 to /home/arch/.config/discord/0.0.74/modules/pending/discord_erlpack-1.zip: 54%
2024-11-13T19:24:05.648Z [Modules] Streaming discord_erlpack@1 to /home/arch/.config/discord/0.0.74/modules/pending/discord_erlpack-1.zip: 55%
2024-11-13T19:24:05.649Z [Modules] Streaming discord_erlpack@1 to /home/arch/.config/discord/0.0.74/modules/pending/discord_erlpack-1.zip: 56%
2024-11-13T19:24:05.651Z [Modules] Streaming discord_erlpack@1 to /home/arch/.config/discord/0.0.74/modules/pending/discord_erlpack-1.zip: 57%
2024-11-13T19:24:05.652Z [Modules] Streaming discord_erlpack@1 to /home/arch/.config/discord/0.0.74/modules/pending/discord_erlpack-1.zip: 58%
2024-11-13T19:24:05.654Z [Modules] Streaming discord_erlpack@1 to /home/arch/.config/discord/0.0.74/modules/pending/discord_erlpack-1.zip: 59%
2024-11-13T19:24:05.656Z [Modules] Streaming discord_erlpack@1 to /home/arch/.config/discord/0.0.74/modules/pending/discord_erlpack-1.zip: 60%
2024-11-13T19:24:05.658Z [Modules] Streaming discord_erlpack@1 to /home/arch/.config/discord/0.0.74/modules/pending/discord_erlpack-1.zip: 61%
2024-11-13T19:24:05.660Z [Modules] Streaming discord_erlpack@1 to /home/arch/.config/discord/0.0.74/modules/pending/discord_erlpack-1.zip: 62%
2024-11-13T19:24:05.662Z [Modules] Streaming discord_erlpack@1 to /home/arch/.config/discord/0.0.74/modules/pending/discord_erlpack-1.zip: 63%
2024-11-13T19:24:05.663Z [Modules] Streaming discord_erlpack@1 to /home/arch/.config/discord/0.0.74/modules/pending/discord_erlpack-1.zip: 64%
2024-11-13T19:24:05.665Z [Modules] Streaming discord_erlpack@1 to /home/arch/.config/discord/0.0.74/modules/pending/discord_erlpack-1.zip: 65%
2024-11-13T19:24:05.666Z [Modules] Streaming discord_erlpack@1 to /home/arch/.config/discord/0.0.74/modules/pending/discord_erlpack-1.zip: 66%
2024-11-13T19:24:05.668Z [Modules] Streaming discord_erlpack@1 to /home/arch/.config/discord/0.0.74/modules/pending/discord_erlpack-1.zip: 67%
2024-11-13T19:24:05.671Z [Modules] Streaming discord_erlpack@1 to /home/arch/.config/discord/0.0.74/modules/pending/discord_erlpack-1.zip: 68%
2024-11-13T19:24:05.672Z [Modules] Streaming discord_erlpack@1 to /home/arch/.config/discord/0.0.74/modules/pending/discord_erlpack-1.zip: 69%
2024-11-13T19:24:05.674Z [Modules] Streaming discord_erlpack@1 to /home/arch/.config/discord/0.0.74/modules/pending/discord_erlpack-1.zip: 70%
2024-11-13T19:24:05.676Z [Modules] Streaming discord_erlpack@1 to /home/arch/.config/discord/0.0.74/modules/pending/discord_erlpack-1.zip: 71%
2024-11-13T19:24:05.677Z [Modules] Streaming discord_erlpack@1 to /home/arch/.config/discord/0.0.74/modules/pending/discord_erlpack-1.zip: 72%
2024-11-13T19:24:05.679Z [Modules] Streaming discord_erlpack@1 to /home/arch/.config/discord/0.0.74/modules/pending/discord_erlpack-1.zip: 73%
2024-11-13T19:24:05.680Z [Modules] Streaming discord_erlpack@1 to /home/arch/.config/discord/0.0.74/modules/pending/discord_erlpack-1.zip: 74%
2024-11-13T19:24:05.682Z [Modules] Streaming discord_erlpack@1 to /home/arch/.config/discord/0.0.74/modules/pending/discord_erlpack-1.zip: 75%
2024-11-13T19:24:05.684Z [Modules] Streaming discord_erlpack@1 to /home/arch/.config/discord/0.0.74/modules/pending/discord_erlpack-1.zip: 76%
2024-11-13T19:24:05.686Z [Modules] Streaming discord_erlpack@1 to /home/arch/.config/discord/0.0.74/modules/pending/discord_erlpack-1.zip: 77%
2024-11-13T19:24:05.688Z [Modules] Streaming discord_erlpack@1 to /home/arch/.config/discord/0.0.74/modules/pending/discord_erlpack-1.zip: 78%
2024-11-13T19:24:05.689Z [Modules] Streaming discord_erlpack@1 to /home/arch/.config/discord/0.0.74/modules/pending/discord_erlpack-1.zip: 79%
2024-11-13T19:24:05.691Z [Modules] Streaming discord_erlpack@1 to /home/arch/.config/discord/0.0.74/modules/pending/discord_erlpack-1.zip: 80%
2024-11-13T19:24:05.692Z [Modules] Streaming discord_erlpack@1 to /home/arch/.config/discord/0.0.74/modules/pending/discord_erlpack-1.zip: 81%
2024-11-13T19:24:05.695Z [Modules] Streaming discord_erlpack@1 to /home/arch/.config/discord/0.0.74/modules/pending/discord_erlpack-1.zip: 82%
2024-11-13T19:24:05.696Z [Modules] Streaming discord_erlpack@1 to /home/arch/.config/discord/0.0.74/modules/pending/discord_erlpack-1.zip: 83%
2024-11-13T19:24:05.698Z [Modules] Streaming discord_erlpack@1 to /home/arch/.config/discord/0.0.74/modules/pending/discord_erlpack-1.zip: 84%
2024-11-13T19:24:05.700Z [Modules] Streaming discord_erlpack@1 to /home/arch/.config/discord/0.0.74/modules/pending/discord_erlpack-1.zip: 85%
2024-11-13T19:24:05.702Z [Modules] Streaming discord_erlpack@1 to /home/arch/.config/discord/0.0.74/modules/pending/discord_erlpack-1.zip: 86%
2024-11-13T19:24:05.704Z [Modules] Streaming discord_erlpack@1 to /home/arch/.config/discord/0.0.74/modules/pending/discord_erlpack-1.zip: 87%
2024-11-13T19:24:05.706Z [Modules] Streaming discord_erlpack@1 to /home/arch/.config/discord/0.0.74/modules/pending/discord_erlpack-1.zip: 88%
2024-11-13T19:24:05.707Z [Modules] Streaming discord_erlpack@1 to /home/arch/.config/discord/0.0.74/modules/pending/discord_erlpack-1.zip: 89%
2024-11-13T19:24:05.709Z [Modules] Streaming discord_erlpack@1 to /home/arch/.config/discord/0.0.74/modules/pending/discord_erlpack-1.zip: 90%
2024-11-13T19:24:05.710Z [Modules] Streaming discord_erlpack@1 to /home/arch/.config/discord/0.0.74/modules/pending/discord_erlpack-1.zip: 91%
2024-11-13T19:24:05.712Z [Modules] Streaming discord_erlpack@1 to /home/arch/.config/discord/0.0.74/modules/pending/discord_erlpack-1.zip: 92%
2024-11-13T19:24:05.713Z [Modules] Streaming discord_erlpack@1 to /home/arch/.config/discord/0.0.74/modules/pending/discord_erlpack-1.zip: 93%
2024-11-13T19:24:05.715Z [Modules] Streaming discord_erlpack@1 to /home/arch/.config/discord/0.0.74/modules/pending/discord_erlpack-1.zip: 94%
2024-11-13T19:24:05.717Z [Modules] Streaming discord_erlpack@1 to /home/arch/.config/discord/0.0.74/modules/pending/discord_erlpack-1.zip: 95%
2024-11-13T19:24:05.718Z [Modules] Streaming discord_erlpack@1 to /home/arch/.config/discord/0.0.74/modules/pending/discord_erlpack-1.zip: 96%
2024-11-13T19:24:05.720Z [Modules] Streaming discord_erlpack@1 to /home/arch/.config/discord/0.0.74/modules/pending/discord_erlpack-1.zip: 97%
2024-11-13T19:24:05.722Z [Modules] Streaming discord_erlpack@1 to /home/arch/.config/discord/0.0.74/modules/pending/discord_erlpack-1.zip: 98%
2024-11-13T19:24:05.724Z [Modules] Streaming discord_erlpack@1 to /home/arch/.config/discord/0.0.74/modules/pending/discord_erlpack-1.zip: 99%
2024-11-13T19:24:05.726Z [Modules] Streaming discord_erlpack@1 to /home/arch/.config/discord/0.0.74/modules/pending/discord_erlpack-1.zip: 100%
2024-11-13T19:24:05.726Z [Modules] Fetching discord_spellcheck@1 from https://discord.com/api/modules/stable/discord_spellcheck/1
2024-11-13T19:24:05.726Z [Modules] Streaming discord_spellcheck@1 to /home/arch/.config/discord/0.0.74/modules/pending/discord_spellcheck-1.zip
2024-11-13T19:24:05.968Z [Modules] Streaming discord_spellcheck@1 to /home/arch/.config/discord/0.0.74/modules/pending/discord_spellcheck-1.zip: 1%
2024-11-13T19:24:05.976Z [Modules] Streaming discord_spellcheck@1 to /home/arch/.config/discord/0.0.74/modules/pending/discord_spellcheck-1.zip: 2%
2024-11-13T19:24:05.984Z [Modules] Streaming discord_spellcheck@1 to /home/arch/.config/discord/0.0.74/modules/pending/discord_spellcheck-1.zip: 3%
2024-11-13T19:24:05.992Z [Modules] Streaming discord_spellcheck@1 to /home/arch/.config/discord/0.0.74/modules/pending/discord_spellcheck-1.zip: 4%
2024-11-13T19:24:06.000Z [Modules] Streaming discord_spellcheck@1 to /home/arch/.config/discord/0.0.74/modules/pending/discord_spellcheck-1.zip: 5%
2024-11-13T19:24:06.008Z [Modules] Streaming discord_spellcheck@1 to /home/arch/.config/discord/0.0.74/modules/pending/discord_spellcheck-1.zip: 6%
2024-11-13T19:24:06.016Z [Modules] Streaming discord_spellcheck@1 to /home/arch/.config/discord/0.0.74/modules/pending/discord_spellcheck-1.zip: 7%
2024-11-13T19:24:06.024Z [Modules] Streaming discord_spellcheck@1 to /home/arch/.config/discord/0.0.74/modules/pending/discord_spellcheck-1.zip: 8%
2024-11-13T19:24:06.032Z [Modules] Streaming discord_spellcheck@1 to /home/arch/.config/discord/0.0.74/modules/pending/discord_spellcheck-1.zip: 9%
2024-11-13T19:24:06.040Z [Modules] Streaming discord_spellcheck@1 to /home/arch/.config/discord/0.0.74/modules/pending/discord_spellcheck-1.zip: 10%
2024-11-13T19:24:06.048Z [Modules] Streaming discord_spellcheck@1 to /home/arch/.config/discord/0.0.74/modules/pending/discord_spellcheck-1.zip: 11%
2024-11-13T19:24:06.056Z [Modules] Streaming discord_spellcheck@1 to /home/arch/.config/discord/0.0.74/modules/pending/discord_spellcheck-1.zip: 12%
2024-11-13T19:24:06.064Z [Modules] Streaming discord_spellcheck@1 to /home/arch/.config/discord/0.0.74/modules/pending/discord_spellcheck-1.zip: 13%
2024-11-13T19:24:06.073Z [Modules] Streaming discord_spellcheck@1 to /home/arch/.config/discord/0.0.74/modules/pending/discord_spellcheck-1.zip: 14%
2024-11-13T19:24:06.081Z [Modules] Streaming discord_spellcheck@1 to /home/arch/.config/discord/0.0.74/modules/pending/discord_spellcheck-1.zip: 15%
2024-11-13T19:24:06.088Z [Modules] Streaming discord_spellcheck@1 to /home/arch/.config/discord/0.0.74/modules/pending/discord_spellcheck-1.zip: 16%
2024-11-13T19:24:06.096Z [Modules] Streaming discord_spellcheck@1 to /home/arch/.config/discord/0.0.74/modules/pending/discord_spellcheck-1.zip: 17%
2024-11-13T19:24:06.106Z [Modules] Streaming discord_spellcheck@1 to /home/arch/.config/discord/0.0.74/modules/pending/discord_spellcheck-1.zip: 18%
2024-11-13T19:24:06.114Z [Modules] Streaming discord_spellcheck@1 to /home/arch/.config/discord/0.0.74/modules/pending/discord_spellcheck-1.zip: 19%
2024-11-13T19:24:06.123Z [Modules] Streaming discord_spellcheck@1 to /home/arch/.config/discord/0.0.74/modules/pending/discord_spellcheck-1.zip: 20%
2024-11-13T19:24:06.130Z [Modules] Streaming discord_spellcheck@1 to /home/arch/.config/discord/0.0.74/modules/pending/discord_spellcheck-1.zip: 21%
2024-11-13T19:24:06.138Z [Modules] Streaming discord_spellcheck@1 to /home/arch/.config/discord/0.0.74/modules/pending/discord_spellcheck-1.zip: 22%
2024-11-13T19:24:06.146Z [Modules] Streaming discord_spellcheck@1 to /home/arch/.config/discord/0.0.74/modules/pending/discord_spellcheck-1.zip: 23%
2024-11-13T19:24:06.154Z [Modules] Streaming discord_spellcheck@1 to /home/arch/.config/discord/0.0.74/modules/pending/discord_spellcheck-1.zip: 24%
2024-11-13T19:24:06.163Z [Modules] Streaming discord_spellcheck@1 to /home/arch/.config/discord/0.0.74/modules/pending/discord_spellcheck-1.zip: 25%
2024-11-13T19:24:06.170Z [Modules] Streaming discord_spellcheck@1 to /home/arch/.config/discord/0.0.74/modules/pending/discord_spellcheck-1.zip: 26%
2024-11-13T19:24:06.180Z [Modules] Streaming discord_spellcheck@1 to /home/arch/.config/discord/0.0.74/modules/pending/discord_spellcheck-1.zip: 27%
2024-11-13T19:24:06.187Z [Modules] Streaming discord_spellcheck@1 to /home/arch/.config/discord/0.0.74/modules/pending/discord_spellcheck-1.zip: 28%
2024-11-13T19:24:06.194Z [Modules] Streaming discord_spellcheck@1 to /home/arch/.config/discord/0.0.74/modules/pending/discord_spellcheck-1.zip: 29%
2024-11-13T19:24:06.203Z [Modules] Streaming discord_spellcheck@1 to /home/arch/.config/discord/0.0.74/modules/pending/discord_spellcheck-1.zip: 30%
2024-11-13T19:24:06.211Z [Modules] Streaming discord_spellcheck@1 to /home/arch/.config/discord/0.0.74/modules/pending/discord_spellcheck-1.zip: 31%
2024-11-13T19:24:06.220Z [Modules] Streaming discord_spellcheck@1 to /home/arch/.config/discord/0.0.74/modules/pending/discord_spellcheck-1.zip: 32%
2024-11-13T19:24:06.227Z [Modules] Streaming discord_spellcheck@1 to /home/arch/.config/discord/0.0.74/modules/pending/discord_spellcheck-1.zip: 33%
2024-11-13T19:24:06.235Z [Modules] Streaming discord_spellcheck@1 to /home/arch/.config/discord/0.0.74/modules/pending/discord_spellcheck-1.zip: 34%
2024-11-13T19:24:06.244Z [Modules] Streaming discord_spellcheck@1 to /home/arch/.config/discord/0.0.74/modules/pending/discord_spellcheck-1.zip: 35%
2024-11-13T19:24:06.251Z [Modules] Streaming discord_spellcheck@1 to /home/arch/.config/discord/0.0.74/modules/pending/discord_spellcheck-1.zip: 36%
2024-11-13T19:24:06.259Z [Modules] Streaming discord_spellcheck@1 to /home/arch/.config/discord/0.0.74/modules/pending/discord_spellcheck-1.zip: 37%
2024-11-13T19:24:06.268Z [Modules] Streaming discord_spellcheck@1 to /home/arch/.config/discord/0.0.74/modules/pending/discord_spellcheck-1.zip: 38%
2024-11-13T19:24:06.275Z [Modules] Streaming discord_spellcheck@1 to /home/arch/.config/discord/0.0.74/modules/pending/discord_spellcheck-1.zip: 39%
2024-11-13T19:24:06.284Z [Modules] Streaming discord_spellcheck@1 to /home/arch/.config/discord/0.0.74/modules/pending/discord_spellcheck-1.zip: 40%
2024-11-13T19:24:06.292Z [Modules] Streaming discord_spellcheck@1 to /home/arch/.config/discord/0.0.74/modules/pending/discord_spellcheck-1.zip: 41%
2024-11-13T19:24:06.299Z [Modules] Streaming discord_spellcheck@1 to /home/arch/.config/discord/0.0.74/modules/pending/discord_spellcheck-1.zip: 42%
2024-11-13T19:24:06.307Z [Modules] Streaming discord_spellcheck@1 to /home/arch/.config/discord/0.0.74/modules/pending/discord_spellcheck-1.zip: 43%
2024-11-13T19:24:06.315Z [Modules] Streaming discord_spellcheck@1 to /home/arch/.config/discord/0.0.74/modules/pending/discord_spellcheck-1.zip: 44%
2024-11-13T19:24:06.324Z [Modules] Streaming discord_spellcheck@1 to /home/arch/.config/discord/0.0.74/modules/pending/discord_spellcheck-1.zip: 45%
2024-11-13T19:24:06.331Z [Modules] Streaming discord_spellcheck@1 to /home/arch/.config/discord/0.0.74/modules/pending/discord_spellcheck-1.zip: 46%
2024-11-13T19:24:06.340Z [Modules] Streaming discord_spellcheck@1 to /home/arch/.config/discord/0.0.74/modules/pending/discord_spellcheck-1.zip: 47%
2024-11-13T19:24:06.348Z [Modules] Streaming discord_spellcheck@1 to /home/arch/.config/discord/0.0.74/modules/pending/discord_spellcheck-1.zip: 48%
2024-11-13T19:24:06.356Z [Modules] Streaming discord_spellcheck@1 to /home/arch/.config/discord/0.0.74/modules/pending/discord_spellcheck-1.zip: 49%
2024-11-13T19:24:06.364Z [Modules] Streaming discord_spellcheck@1 to /home/arch/.config/discord/0.0.74/modules/pending/discord_spellcheck-1.zip: 50%
2024-11-13T19:24:06.372Z [Modules] Streaming discord_spellcheck@1 to /home/arch/.config/discord/0.0.74/modules/pending/discord_spellcheck-1.zip: 51%
2024-11-13T19:24:06.380Z [Modules] Streaming discord_spellcheck@1 to /home/arch/.config/discord/0.0.74/modules/pending/discord_spellcheck-1.zip: 52%
2024-11-13T19:24:06.388Z [Modules] Streaming discord_spellcheck@1 to /home/arch/.config/discord/0.0.74/modules/pending/discord_spellcheck-1.zip: 53%
2024-11-13T19:24:06.396Z [Modules] Streaming discord_spellcheck@1 to /home/arch/.config/discord/0.0.74/modules/pending/discord_spellcheck-1.zip: 54%
2024-11-13T19:24:06.404Z [Modules] Streaming discord_spellcheck@1 to /home/arch/.config/discord/0.0.74/modules/pending/discord_spellcheck-1.zip: 55%
2024-11-13T19:24:06.412Z [Modules] Streaming discord_spellcheck@1 to /home/arch/.config/discord/0.0.74/modules/pending/discord_spellcheck-1.zip: 56%
2024-11-13T19:24:06.420Z [Modules] Streaming discord_spellcheck@1 to /home/arch/.config/discord/0.0.74/modules/pending/discord_spellcheck-1.zip: 57%
2024-11-13T19:24:06.428Z [Modules] Streaming discord_spellcheck@1 to /home/arch/.config/discord/0.0.74/modules/pending/discord_spellcheck-1.zip: 58%
2024-11-13T19:24:06.436Z [Modules] Streaming discord_spellcheck@1 to /home/arch/.config/discord/0.0.74/modules/pending/discord_spellcheck-1.zip: 59%
2024-11-13T19:24:06.445Z [Modules] Streaming discord_spellcheck@1 to /home/arch/.config/discord/0.0.74/modules/pending/discord_spellcheck-1.zip: 60%
2024-11-13T19:24:06.452Z [Modules] Streaming discord_spellcheck@1 to /home/arch/.config/discord/0.0.74/modules/pending/discord_spellcheck-1.zip: 61%
2024-11-13T19:24:06.461Z [Modules] Streaming discord_spellcheck@1 to /home/arch/.config/discord/0.0.74/modules/pending/discord_spellcheck-1.zip: 62%
2024-11-13T19:24:06.469Z [Modules] Streaming discord_spellcheck@1 to /home/arch/.config/discord/0.0.74/modules/pending/discord_spellcheck-1.zip: 63%
2024-11-13T19:24:06.478Z [Modules] Streaming discord_spellcheck@1 to /home/arch/.config/discord/0.0.74/modules/pending/discord_spellcheck-1.zip: 64%
2024-11-13T19:24:06.485Z [Modules] Streaming discord_spellcheck@1 to /home/arch/.config/discord/0.0.74/modules/pending/discord_spellcheck-1.zip: 65%
2024-11-13T19:24:06.493Z [Modules] Streaming discord_spellcheck@1 to /home/arch/.config/discord/0.0.74/modules/pending/discord_spellcheck-1.zip: 66%
2024-11-13T19:24:06.501Z [Modules] Streaming discord_spellcheck@1 to /home/arch/.config/discord/0.0.74/modules/pending/discord_spellcheck-1.zip: 67%
2024-11-13T19:24:06.509Z [Modules] Streaming discord_spellcheck@1 to /home/arch/.config/discord/0.0.74/modules/pending/discord_spellcheck-1.zip: 68%
2024-11-13T19:24:06.517Z [Modules] Streaming discord_spellcheck@1 to /home/arch/.config/discord/0.0.74/modules/pending/discord_spellcheck-1.zip: 69%
2024-11-13T19:24:06.525Z [Modules] Streaming discord_spellcheck@1 to /home/arch/.config/discord/0.0.74/modules/pending/discord_spellcheck-1.zip: 70%
2024-11-13T19:24:06.533Z [Modules] Streaming discord_spellcheck@1 to /home/arch/.config/discord/0.0.74/modules/pending/discord_spellcheck-1.zip: 71%
2024-11-13T19:24:06.541Z [Modules] Streaming discord_spellcheck@1 to /home/arch/.config/discord/0.0.74/modules/pending/discord_spellcheck-1.zip: 72%
2024-11-13T19:24:06.549Z [Modules] Streaming discord_spellcheck@1 to /home/arch/.config/discord/0.0.74/modules/pending/discord_spellcheck-1.zip: 73%
2024-11-13T19:24:06.557Z [Modules] Streaming discord_spellcheck@1 to /home/arch/.config/discord/0.0.74/modules/pending/discord_spellcheck-1.zip: 74%
2024-11-13T19:24:06.565Z [Modules] Streaming discord_spellcheck@1 to /home/arch/.config/discord/0.0.74/modules/pending/discord_spellcheck-1.zip: 75%
2024-11-13T19:24:06.574Z [Modules] Streaming discord_spellcheck@1 to /home/arch/.config/discord/0.0.74/modules/pending/discord_spellcheck-1.zip: 76%
2024-11-13T19:24:06.582Z [Modules] Streaming discord_spellcheck@1 to /home/arch/.config/discord/0.0.74/modules/pending/discord_spellcheck-1.zip: 77%
2024-11-13T19:24:06.590Z [Modules] Streaming discord_spellcheck@1 to /home/arch/.config/discord/0.0.74/modules/pending/discord_spellcheck-1.zip: 78%
2024-11-13T19:24:06.598Z [Modules] Streaming discord_spellcheck@1 to /home/arch/.config/discord/0.0.74/modules/pending/discord_spellcheck-1.zip: 79%
2024-11-13T19:24:06.607Z [Modules] Streaming discord_spellcheck@1 to /home/arch/.config/discord/0.0.74/modules/pending/discord_spellcheck-1.zip: 80%
2024-11-13T19:24:06.615Z [Modules] Streaming discord_spellcheck@1 to /home/arch/.config/discord/0.0.74/modules/pending/discord_spellcheck-1.zip: 81%
2024-11-13T19:24:06.622Z [Modules] Streaming discord_spellcheck@1 to /home/arch/.config/discord/0.0.74/modules/pending/discord_spellcheck-1.zip: 82%
2024-11-13T19:24:06.630Z [Modules] Streaming discord_spellcheck@1 to /home/arch/.config/discord/0.0.74/modules/pending/discord_spellcheck-1.zip: 83%
2024-11-13T19:24:06.639Z [Modules] Streaming discord_spellcheck@1 to /home/arch/.config/discord/0.0.74/modules/pending/discord_spellcheck-1.zip: 84%
2024-11-13T19:24:06.646Z [Modules] Streaming discord_spellcheck@1 to /home/arch/.config/discord/0.0.74/modules/pending/discord_spellcheck-1.zip: 85%
2024-11-13T19:24:06.654Z [Modules] Streaming discord_spellcheck@1 to /home/arch/.config/discord/0.0.74/modules/pending/discord_spellcheck-1.zip: 86%
2024-11-13T19:24:06.662Z [Modules] Streaming discord_spellcheck@1 to /home/arch/.config/discord/0.0.74/modules/pending/discord_spellcheck-1.zip: 87%
2024-11-13T19:24:06.671Z [Modules] Streaming discord_spellcheck@1 to /home/arch/.config/discord/0.0.74/modules/pending/discord_spellcheck-1.zip: 88%
2024-11-13T19:24:06.678Z [Modules] Streaming discord_spellcheck@1 to /home/arch/.config/discord/0.0.74/modules/pending/discord_spellcheck-1.zip: 89%
2024-11-13T19:24:06.686Z [Modules] Streaming discord_spellcheck@1 to /home/arch/.config/discord/0.0.74/modules/pending/discord_spellcheck-1.zip: 90%
2024-11-13T19:24:06.694Z [Modules] Streaming discord_spellcheck@1 to /home/arch/.config/discord/0.0.74/modules/pending/discord_spellcheck-1.zip: 91%
2024-11-13T19:24:06.702Z [Modules] Streaming discord_spellcheck@1 to /home/arch/.config/discord/0.0.74/modules/pending/discord_spellcheck-1.zip: 92%
2024-11-13T19:24:06.711Z [Modules] Streaming discord_spellcheck@1 to /home/arch/.config/discord/0.0.74/modules/pending/discord_spellcheck-1.zip: 93%
2024-11-13T19:24:06.719Z [Modules] Streaming discord_spellcheck@1 to /home/arch/.config/discord/0.0.74/modules/pending/discord_spellcheck-1.zip: 94%
2024-11-13T19:24:06.727Z [Modules] Streaming discord_spellcheck@1 to /home/arch/.config/discord/0.0.74/modules/pending/discord_spellcheck-1.zip: 95%
2024-11-13T19:24:06.735Z [Modules] Streaming discord_spellcheck@1 to /home/arch/.config/discord/0.0.74/modules/pending/discord_spellcheck-1.zip: 96%
2024-11-13T19:24:06.743Z [Modules] Streaming discord_spellcheck@1 to /home/arch/.config/discord/0.0.74/modules/pending/discord_spellcheck-1.zip: 97%
2024-11-13T19:24:06.751Z [Modules] Streaming discord_spellcheck@1 to /home/arch/.config/discord/0.0.74/modules/pending/discord_spellcheck-1.zip: 98%
2024-11-13T19:24:06.759Z [Modules] Streaming discord_spellcheck@1 to /home/arch/.config/discord/0.0.74/modules/pending/discord_spellcheck-1.zip: 99%
2024-11-13T19:24:06.767Z [Modules] Streaming discord_spellcheck@1 to /home/arch/.config/discord/0.0.74/modules/pending/discord_spellcheck-1.zip: 100%
2024-11-13T19:24:06.767Z [Modules] Fetching discord_utils@1 from https://discord.com/api/modules/stable/discord_utils/1
2024-11-13T19:24:06.767Z [Modules] Streaming discord_utils@1 to /home/arch/.config/discord/0.0.74/modules/pending/discord_utils-1.zip
2024-11-13T19:24:07.040Z [Modules] Streaming discord_utils@1 to /home/arch/.config/discord/0.0.74/modules/pending/discord_utils-1.zip: 1%
2024-11-13T19:24:07.043Z [Modules] Streaming discord_utils@1 to /home/arch/.config/discord/0.0.74/modules/pending/discord_utils-1.zip: 2%
2024-11-13T19:24:07.046Z [Modules] Streaming discord_utils@1 to /home/arch/.config/discord/0.0.74/modules/pending/discord_utils-1.zip: 3%
2024-11-13T19:24:07.050Z [Modules] Streaming discord_utils@1 to /home/arch/.config/discord/0.0.74/modules/pending/discord_utils-1.zip: 4%
2024-11-13T19:24:07.053Z [Modules] Streaming discord_utils@1 to /home/arch/.config/discord/0.0.74/modules/pending/discord_utils-1.zip: 5%
2024-11-13T19:24:07.057Z [Modules] Streaming discord_utils@1 to /home/arch/.config/discord/0.0.74/modules/pending/discord_utils-1.zip: 6%
2024-11-13T19:24:07.060Z [Modules] Streaming discord_utils@1 to /home/arch/.config/discord/0.0.74/modules/pending/discord_utils-1.zip: 7%
2024-11-13T19:24:07.063Z [Modules] Streaming discord_utils@1 to /home/arch/.config/discord/0.0.74/modules/pending/discord_utils-1.zip: 8%
2024-11-13T19:24:07.067Z [Modules] Streaming discord_utils@1 to /home/arch/.config/discord/0.0.74/modules/pending/discord_utils-1.zip: 9%
2024-11-13T19:24:07.070Z [Modules] Streaming discord_utils@1 to /home/arch/.config/discord/0.0.74/modules/pending/discord_utils-1.zip: 10%
2024-11-13T19:24:07.073Z [Modules] Streaming discord_utils@1 to /home/arch/.config/discord/0.0.74/modules/pending/discord_utils-1.zip: 11%
2024-11-13T19:24:07.076Z [Modules] Streaming discord_utils@1 to /home/arch/.config/discord/0.0.74/modules/pending/discord_utils-1.zip: 12%
2024-11-13T19:24:07.079Z [Modules] Streaming discord_utils@1 to /home/arch/.config/discord/0.0.74/modules/pending/discord_utils-1.zip: 13%
2024-11-13T19:24:07.083Z [Modules] Streaming discord_utils@1 to /home/arch/.config/discord/0.0.74/modules/pending/discord_utils-1.zip: 14%
2024-11-13T19:24:07.086Z [Modules] Streaming discord_utils@1 to /home/arch/.config/discord/0.0.74/modules/pending/discord_utils-1.zip: 15%
2024-11-13T19:24:07.089Z [Modules] Streaming discord_utils@1 to /home/arch/.config/discord/0.0.74/modules/pending/discord_utils-1.zip: 16%
2024-11-13T19:24:07.092Z [Modules] Streaming discord_utils@1 to /home/arch/.config/discord/0.0.74/modules/pending/discord_utils-1.zip: 17%
2024-11-13T19:24:07.095Z [Modules] Streaming discord_utils@1 to /home/arch/.config/discord/0.0.74/modules/pending/discord_utils-1.zip: 18%
2024-11-13T19:24:07.099Z [Modules] Streaming discord_utils@1 to /home/arch/.config/discord/0.0.74/modules/pending/discord_utils-1.zip: 19%
2024-11-13T19:24:07.102Z [Modules] Streaming discord_utils@1 to /home/arch/.config/discord/0.0.74/modules/pending/discord_utils-1.zip: 20%
2024-11-13T19:24:07.105Z [Modules] Streaming discord_utils@1 to /home/arch/.config/discord/0.0.74/modules/pending/discord_utils-1.zip: 21%
2024-11-13T19:24:07.109Z [Modules] Streaming discord_utils@1 to /home/arch/.config/discord/0.0.74/modules/pending/discord_utils-1.zip: 22%
2024-11-13T19:24:07.112Z [Modules] Streaming discord_utils@1 to /home/arch/.config/discord/0.0.74/modules/pending/discord_utils-1.zip: 23%
2024-11-13T19:24:07.115Z [Modules] Streaming discord_utils@1 to /home/arch/.config/discord/0.0.74/modules/pending/discord_utils-1.zip: 24%
2024-11-13T19:24:07.118Z [Modules] Streaming discord_utils@1 to /home/arch/.config/discord/0.0.74/modules/pending/discord_utils-1.zip: 25%
2024-11-13T19:24:07.121Z [Modules] Streaming discord_utils@1 to /home/arch/.config/discord/0.0.74/modules/pending/discord_utils-1.zip: 26%
2024-11-13T19:24:07.124Z [Modules] Streaming discord_utils@1 to /home/arch/.config/discord/0.0.74/modules/pending/discord_utils-1.zip: 27%
2024-11-13T19:24:07.128Z [Modules] Streaming discord_utils@1 to /home/arch/.config/discord/0.0.74/modules/pending/discord_utils-1.zip: 28%
2024-11-13T19:24:07.132Z [Modules] Streaming discord_utils@1 to /home/arch/.config/discord/0.0.74/modules/pending/discord_utils-1.zip: 29%
2024-11-13T19:24:07.135Z [Modules] Streaming discord_utils@1 to /home/arch/.config/discord/0.0.74/modules/pending/discord_utils-1.zip: 30%
2024-11-13T19:24:07.138Z [Modules] Streaming discord_utils@1 to /home/arch/.config/discord/0.0.74/modules/pending/discord_utils-1.zip: 31%
2024-11-13T19:24:07.140Z [Modules] Streaming discord_utils@1 to /home/arch/.config/discord/0.0.74/modules/pending/discord_utils-1.zip: 32%
2024-11-13T19:24:07.143Z [Modules] Streaming discord_utils@1 to /home/arch/.config/discord/0.0.74/modules/pending/discord_utils-1.zip: 33%
2024-11-13T19:24:07.153Z [Modules] Streaming discord_utils@1 to /home/arch/.config/discord/0.0.74/modules/pending/discord_utils-1.zip: 34%
2024-11-13T19:24:07.157Z [Modules] Streaming discord_utils@1 to /home/arch/.config/discord/0.0.74/modules/pending/discord_utils-1.zip: 35%
2024-11-13T19:24:07.160Z [Modules] Streaming discord_utils@1 to /home/arch/.config/discord/0.0.74/modules/pending/discord_utils-1.zip: 36%
2024-11-13T19:24:07.165Z [Modules] Streaming discord_utils@1 to /home/arch/.config/discord/0.0.74/modules/pending/discord_utils-1.zip: 37%
2024-11-13T19:24:07.168Z [Modules] Streaming discord_utils@1 to /home/arch/.config/discord/0.0.74/modules/pending/discord_utils-1.zip: 38%
2024-11-13T19:24:07.172Z [Modules] Streaming discord_utils@1 to /home/arch/.config/discord/0.0.74/modules/pending/discord_utils-1.zip: 39%
2024-11-13T19:24:07.177Z [Modules] Streaming discord_utils@1 to /home/arch/.config/discord/0.0.74/modules/pending/discord_utils-1.zip: 40%
2024-11-13T19:24:07.180Z [Modules] Streaming discord_utils@1 to /home/arch/.config/discord/0.0.74/modules/pending/discord_utils-1.zip: 41%
2024-11-13T19:24:07.184Z [Modules] Streaming discord_utils@1 to /home/arch/.config/discord/0.0.74/modules/pending/discord_utils-1.zip: 42%
2024-11-13T19:24:07.186Z [Modules] Streaming discord_utils@1 to /home/arch/.config/discord/0.0.74/modules/pending/discord_utils-1.zip: 43%
2024-11-13T19:24:07.190Z [Modules] Streaming discord_utils@1 to /home/arch/.config/discord/0.0.74/modules/pending/discord_utils-1.zip: 44%
2024-11-13T19:24:07.193Z [Modules] Streaming discord_utils@1 to /home/arch/.config/discord/0.0.74/modules/pending/discord_utils-1.zip: 45%
2024-11-13T19:24:07.197Z [Modules] Streaming discord_utils@1 to /home/arch/.config/discord/0.0.74/modules/pending/discord_utils-1.zip: 46%
2024-11-13T19:24:07.199Z [Modules] Streaming discord_utils@1 to /home/arch/.config/discord/0.0.74/modules/pending/discord_utils-1.zip: 47%
2024-11-13T19:24:07.202Z [Modules] Streaming discord_utils@1 to /home/arch/.config/discord/0.0.74/modules/pending/discord_utils-1.zip: 48%
2024-11-13T19:24:07.211Z [Modules] Streaming discord_utils@1 to /home/arch/.config/discord/0.0.74/modules/pending/discord_utils-1.zip: 49%
2024-11-13T19:24:07.214Z [Modules] Streaming discord_utils@1 to /home/arch/.config/discord/0.0.74/modules/pending/discord_utils-1.zip: 51%
2024-11-13T19:24:07.219Z [Modules] Streaming discord_utils@1 to /home/arch/.config/discord/0.0.74/modules/pending/discord_utils-1.zip: 52%
2024-11-13T19:24:07.223Z [Modules] Streaming discord_utils@1 to /home/arch/.config/discord/0.0.74/modules/pending/discord_utils-1.zip: 53%
2024-11-13T19:24:07.225Z [Modules] Streaming discord_utils@1 to /home/arch/.config/discord/0.0.74/modules/pending/discord_utils-1.zip: 54%
2024-11-13T19:24:07.231Z [Modules] Streaming discord_utils@1 to /home/arch/.config/discord/0.0.74/modules/pending/discord_utils-1.zip: 55%
2024-11-13T19:24:07.240Z [Modules] Streaming discord_utils@1 to /home/arch/.config/discord/0.0.74/modules/pending/discord_utils-1.zip: 56%
2024-11-13T19:24:07.242Z [Modules] Streaming discord_utils@1 to /home/arch/.config/discord/0.0.74/modules/pending/discord_utils-1.zip: 57%
2024-11-13T19:24:07.245Z [Modules] Streaming discord_utils@1 to /home/arch/.config/discord/0.0.74/modules/pending/discord_utils-1.zip: 58%
2024-11-13T19:24:07.249Z [Modules] Streaming discord_utils@1 to /home/arch/.config/discord/0.0.74/modules/pending/discord_utils-1.zip: 59%
2024-11-13T19:24:07.252Z [Modules] Streaming discord_utils@1 to /home/arch/.config/discord/0.0.74/modules/pending/discord_utils-1.zip: 60%
2024-11-13T19:24:07.256Z [Modules] Streaming discord_utils@1 to /home/arch/.config/discord/0.0.74/modules/pending/discord_utils-1.zip: 61%
2024-11-13T19:24:07.259Z [Modules] Streaming discord_utils@1 to /home/arch/.config/discord/0.0.74/modules/pending/discord_utils-1.zip: 62%
2024-11-13T19:24:07.262Z [Modules] Streaming discord_utils@1 to /home/arch/.config/discord/0.0.74/modules/pending/discord_utils-1.zip: 63%
2024-11-13T19:24:07.265Z [Modules] Streaming discord_utils@1 to /home/arch/.config/discord/0.0.74/modules/pending/discord_utils-1.zip: 64%
2024-11-13T19:24:07.268Z [Modules] Streaming discord_utils@1 to /home/arch/.config/discord/0.0.74/modules/pending/discord_utils-1.zip: 65%
2024-11-13T19:24:07.275Z [Modules] Streaming discord_utils@1 to /home/arch/.config/discord/0.0.74/modules/pending/discord_utils-1.zip: 66%
2024-11-13T19:24:07.278Z [Modules] Streaming discord_utils@1 to /home/arch/.config/discord/0.0.74/modules/pending/discord_utils-1.zip: 67%
2024-11-13T19:24:07.281Z [Modules] Streaming discord_utils@1 to /home/arch/.config/discord/0.0.74/modules/pending/discord_utils-1.zip: 68%
2024-11-13T19:24:07.284Z [Modules] Streaming discord_utils@1 to /home/arch/.config/discord/0.0.74/modules/pending/discord_utils-1.zip: 69%
2024-11-13T19:24:07.287Z [Modules] Streaming discord_utils@1 to /home/arch/.config/discord/0.0.74/modules/pending/discord_utils-1.zip: 70%
2024-11-13T19:24:07.291Z [Modules] Streaming discord_utils@1 to /home/arch/.config/discord/0.0.74/modules/pending/discord_utils-1.zip: 71%
2024-11-13T19:24:07.294Z [Modules] Streaming discord_utils@1 to /home/arch/.config/discord/0.0.74/modules/pending/discord_utils-1.zip: 72%
2024-11-13T19:24:07.297Z [Modules] Streaming discord_utils@1 to /home/arch/.config/discord/0.0.74/modules/pending/discord_utils-1.zip: 73%
2024-11-13T19:24:07.300Z [Modules] Streaming discord_utils@1 to /home/arch/.config/discord/0.0.74/modules/pending/discord_utils-1.zip: 74%
2024-11-13T19:24:07.303Z [Modules] Streaming discord_utils@1 to /home/arch/.config/discord/0.0.74/modules/pending/discord_utils-1.zip: 75%
2024-11-13T19:24:07.307Z [Modules] Streaming discord_utils@1 to /home/arch/.config/discord/0.0.74/modules/pending/discord_utils-1.zip: 76%
2024-11-13T19:24:07.310Z [Modules] Streaming discord_utils@1 to /home/arch/.config/discord/0.0.74/modules/pending/discord_utils-1.zip: 77%
2024-11-13T19:24:07.313Z [Modules] Streaming discord_utils@1 to /home/arch/.config/discord/0.0.74/modules/pending/discord_utils-1.zip: 78%
2024-11-13T19:24:07.317Z [Modules] Streaming discord_utils@1 to /home/arch/.config/discord/0.0.74/modules/pending/discord_utils-1.zip: 79%
2024-11-13T19:24:07.320Z [Modules] Streaming discord_utils@1 to /home/arch/.config/discord/0.0.74/modules/pending/discord_utils-1.zip: 80%
2024-11-13T19:24:07.323Z [Modules] Streaming discord_utils@1 to /home/arch/.config/discord/0.0.74/modules/pending/discord_utils-1.zip: 81%
2024-11-13T19:24:07.326Z [Modules] Streaming discord_utils@1 to /home/arch/.config/discord/0.0.74/modules/pending/discord_utils-1.zip: 82%
2024-11-13T19:24:07.329Z [Modules] Streaming discord_utils@1 to /home/arch/.config/discord/0.0.74/modules/pending/discord_utils-1.zip: 83%
2024-11-13T19:24:07.332Z [Modules] Streaming discord_utils@1 to /home/arch/.config/discord/0.0.74/modules/pending/discord_utils-1.zip: 84%
2024-11-13T19:24:07.335Z [Modules] Streaming discord_utils@1 to /home/arch/.config/discord/0.0.74/modules/pending/discord_utils-1.zip: 85%
2024-11-13T19:24:07.339Z [Modules] Streaming discord_utils@1 to /home/arch/.config/discord/0.0.74/modules/pending/discord_utils-1.zip: 86%
2024-11-13T19:24:07.342Z [Modules] Streaming discord_utils@1 to /home/arch/.config/discord/0.0.74/modules/pending/discord_utils-1.zip: 87%
2024-11-13T19:24:07.345Z [Modules] Streaming discord_utils@1 to /home/arch/.config/discord/0.0.74/modules/pending/discord_utils-1.zip: 88%
2024-11-13T19:24:07.348Z [Modules] Streaming discord_utils@1 to /home/arch/.config/discord/0.0.74/modules/pending/discord_utils-1.zip: 89%
2024-11-13T19:24:07.352Z [Modules] Streaming discord_utils@1 to /home/arch/.config/discord/0.0.74/modules/pending/discord_utils-1.zip: 90%
2024-11-13T19:24:07.355Z [Modules] Streaming discord_utils@1 to /home/arch/.config/discord/0.0.74/modules/pending/discord_utils-1.zip: 91%
2024-11-13T19:24:07.358Z [Modules] Streaming discord_utils@1 to /home/arch/.config/discord/0.0.74/modules/pending/discord_utils-1.zip: 92%
2024-11-13T19:24:07.361Z [Modules] Streaming discord_utils@1 to /home/arch/.config/discord/0.0.74/modules/pending/discord_utils-1.zip: 93%
2024-11-13T19:24:07.364Z [Modules] Streaming discord_utils@1 to /home/arch/.config/discord/0.0.74/modules/pending/discord_utils-1.zip: 94%
2024-11-13T19:24:07.368Z [Modules] Streaming discord_utils@1 to /home/arch/.config/discord/0.0.74/modules/pending/discord_utils-1.zip: 95%
2024-11-13T19:24:07.371Z [Modules] Streaming discord_utils@1 to /home/arch/.config/discord/0.0.74/modules/pending/discord_utils-1.zip: 96%
2024-11-13T19:24:07.374Z [Modules] Streaming discord_utils@1 to /home/arch/.config/discord/0.0.74/modules/pending/discord_utils-1.zip: 97%
2024-11-13T19:24:07.377Z [Modules] Streaming discord_utils@1 to /home/arch/.config/discord/0.0.74/modules/pending/discord_utils-1.zip: 98%
2024-11-13T19:24:07.380Z [Modules] Streaming discord_utils@1 to /home/arch/.config/discord/0.0.74/modules/pending/discord_utils-1.zip: 99%
2024-11-13T19:24:07.384Z [Modules] Streaming discord_utils@1 to /home/arch/.config/discord/0.0.74/modules/pending/discord_utils-1.zip: 100%
2024-11-13T19:24:07.384Z [Modules] Fetching discord_voice@1 from https://discord.com/api/modules/stable/discord_voice/1
2024-11-13T19:24:07.384Z [Modules] Streaming discord_voice@1 to /home/arch/.config/discord/0.0.74/modules/pending/discord_voice-1.zip
2024-11-13T19:24:07.631Z [Modules] Streaming discord_voice@1 to /home/arch/.config/discord/0.0.74/modules/pending/discord_voice-1.zip: 1%
2024-11-13T19:24:07.651Z [Modules] Streaming discord_voice@1 to /home/arch/.config/discord/0.0.74/modules/pending/discord_voice-1.zip: 2%
2024-11-13T19:24:07.670Z [Modules] Streaming discord_voice@1 to /home/arch/.config/discord/0.0.74/modules/pending/discord_voice-1.zip: 3%
2024-11-13T19:24:07.689Z [Modules] Streaming discord_voice@1 to /home/arch/.config/discord/0.0.74/modules/pending/discord_voice-1.zip: 4%
2024-11-13T19:24:07.708Z [Modules] Streaming discord_voice@1 to /home/arch/.config/discord/0.0.74/modules/pending/discord_voice-1.zip: 5%
2024-11-13T19:24:07.728Z [Modules] Streaming discord_voice@1 to /home/arch/.config/discord/0.0.74/modules/pending/discord_voice-1.zip: 6%
2024-11-13T19:24:07.752Z [Modules] Streaming discord_voice@1 to /home/arch/.config/discord/0.0.74/modules/pending/discord_voice-1.zip: 7%
2024-11-13T19:24:07.775Z [Modules] Streaming discord_voice@1 to /home/arch/.config/discord/0.0.74/modules/pending/discord_voice-1.zip: 8%
2024-11-13T19:24:07.827Z [Modules] Streaming discord_voice@1 to /home/arch/.config/discord/0.0.74/modules/pending/discord_voice-1.zip: 9%
2024-11-13T19:24:07.828Z [Modules] Streaming discord_voice@1 to /home/arch/.config/discord/0.0.74/modules/pending/discord_voice-1.zip: 10%
2024-11-13T19:24:07.847Z [Modules] Streaming discord_voice@1 to /home/arch/.config/discord/0.0.74/modules/pending/discord_voice-1.zip: 11%
2024-11-13T19:24:07.866Z [Modules] Streaming discord_voice@1 to /home/arch/.config/discord/0.0.74/modules/pending/discord_voice-1.zip: 12%
2024-11-13T19:24:07.885Z [Modules] Streaming discord_voice@1 to /home/arch/.config/discord/0.0.74/modules/pending/discord_voice-1.zip: 13%
2024-11-13T19:24:07.904Z [Modules] Streaming discord_voice@1 to /home/arch/.config/discord/0.0.74/modules/pending/discord_voice-1.zip: 14%
2024-11-13T19:24:07.924Z [Modules] Streaming discord_voice@1 to /home/arch/.config/discord/0.0.74/modules/pending/discord_voice-1.zip: 15%
2024-11-13T19:24:07.944Z [Modules] Streaming discord_voice@1 to /home/arch/.config/discord/0.0.74/modules/pending/discord_voice-1.zip: 16%
2024-11-13T19:24:07.965Z [Modules] Streaming discord_voice@1 to /home/arch/.config/discord/0.0.74/modules/pending/discord_voice-1.zip: 17%
2024-11-13T19:24:07.996Z [Modules] Streaming discord_voice@1 to /home/arch/.config/discord/0.0.74/modules/pending/discord_voice-1.zip: 18%
2024-11-13T19:24:08.014Z [Modules] Streaming discord_voice@1 to /home/arch/.config/discord/0.0.74/modules/pending/discord_voice-1.zip: 19%
2024-11-13T19:24:08.034Z [Modules] Streaming discord_voice@1 to /home/arch/.config/discord/0.0.74/modules/pending/discord_voice-1.zip: 20%
2024-11-13T19:24:08.060Z [Modules] Streaming discord_voice@1 to /home/arch/.config/discord/0.0.74/modules/pending/discord_voice-1.zip: 21%
2024-11-13T19:24:08.084Z [Modules] Streaming discord_voice@1 to /home/arch/.config/discord/0.0.74/modules/pending/discord_voice-1.zip: 22%
2024-11-13T19:24:08.108Z [Modules] Streaming discord_voice@1 to /home/arch/.config/discord/0.0.74/modules/pending/discord_voice-1.zip: 23%
2024-11-13T19:24:08.128Z [Modules] Streaming discord_voice@1 to /home/arch/.config/discord/0.0.74/modules/pending/discord_voice-1.zip: 24%
2024-11-13T19:24:08.148Z [Modules] Streaming discord_voice@1 to /home/arch/.config/discord/0.0.74/modules/pending/discord_voice-1.zip: 25%
2024-11-13T19:24:08.167Z [Modules] Streaming discord_voice@1 to /home/arch/.config/discord/0.0.74/modules/pending/discord_voice-1.zip: 26%
2024-11-13T19:24:08.186Z [Modules] Streaming discord_voice@1 to /home/arch/.config/discord/0.0.74/modules/pending/discord_voice-1.zip: 27%
2024-11-13T19:24:08.208Z [Modules] Streaming discord_voice@1 to /home/arch/.config/discord/0.0.74/modules/pending/discord_voice-1.zip: 28%
2024-11-13T19:24:08.227Z [Modules] Streaming discord_voice@1 to /home/arch/.config/discord/0.0.74/modules/pending/discord_voice-1.zip: 29%
2024-11-13T19:24:08.246Z [Modules] Streaming discord_voice@1 to /home/arch/.config/discord/0.0.74/modules/pending/discord_voice-1.zip: 30%
2024-11-13T19:24:08.265Z [Modules] Streaming discord_voice@1 to /home/arch/.config/discord/0.0.74/modules/pending/discord_voice-1.zip: 31%
2024-11-13T19:24:08.285Z [Modules] Streaming discord_voice@1 to /home/arch/.config/discord/0.0.74/modules/pending/discord_voice-1.zip: 32%
2024-11-13T19:24:08.304Z [Modules] Streaming discord_voice@1 to /home/arch/.config/discord/0.0.74/modules/pending/discord_voice-1.zip: 33%
2024-11-13T19:24:08.323Z [Modules] Streaming discord_voice@1 to /home/arch/.config/discord/0.0.74/modules/pending/discord_voice-1.zip: 34%
2024-11-13T19:24:08.342Z [Modules] Streaming discord_voice@1 to /home/arch/.config/discord/0.0.74/modules/pending/discord_voice-1.zip: 35%
2024-11-13T19:24:08.362Z [Modules] Streaming discord_voice@1 to /home/arch/.config/discord/0.0.74/modules/pending/discord_voice-1.zip: 36%
2024-11-13T19:24:08.381Z [Modules] Streaming discord_voice@1 to /home/arch/.config/discord/0.0.74/modules/pending/discord_voice-1.zip: 37%
2024-11-13T19:24:08.401Z [Modules] Streaming discord_voice@1 to /home/arch/.config/discord/0.0.74/modules/pending/discord_voice-1.zip: 38%
2024-11-13T19:24:08.420Z [Modules] Streaming discord_voice@1 to /home/arch/.config/discord/0.0.74/modules/pending/discord_voice-1.zip: 39%
2024-11-13T19:24:08.439Z [Modules] Streaming discord_voice@1 to /home/arch/.config/discord/0.0.74/modules/pending/discord_voice-1.zip: 40%
2024-11-13T19:24:08.458Z [Modules] Streaming discord_voice@1 to /home/arch/.config/discord/0.0.74/modules/pending/discord_voice-1.zip: 41%
2024-11-13T19:24:08.477Z [Modules] Streaming discord_voice@1 to /home/arch/.config/discord/0.0.74/modules/pending/discord_voice-1.zip: 42%
2024-11-13T19:24:08.496Z [Modules] Streaming discord_voice@1 to /home/arch/.config/discord/0.0.74/modules/pending/discord_voice-1.zip: 43%
2024-11-13T19:24:08.516Z [Modules] Streaming discord_voice@1 to /home/arch/.config/discord/0.0.74/modules/pending/discord_voice-1.zip: 44%
2024-11-13T19:24:08.535Z [Modules] Streaming discord_voice@1 to /home/arch/.config/discord/0.0.74/modules/pending/discord_voice-1.zip: 45%
2024-11-13T19:24:08.554Z [Modules] Streaming discord_voice@1 to /home/arch/.config/discord/0.0.74/modules/pending/discord_voice-1.zip: 46%
2024-11-13T19:24:08.573Z [Modules] Streaming discord_voice@1 to /home/arch/.config/discord/0.0.74/modules/pending/discord_voice-1.zip: 47%
2024-11-13T19:24:08.592Z [Modules] Streaming discord_voice@1 to /home/arch/.config/discord/0.0.74/modules/pending/discord_voice-1.zip: 48%
2024-11-13T19:24:08.611Z [Modules] Streaming discord_voice@1 to /home/arch/.config/discord/0.0.74/modules/pending/discord_voice-1.zip: 49%
2024-11-13T19:24:08.630Z [Modules] Streaming discord_voice@1 to /home/arch/.config/discord/0.0.74/modules/pending/discord_voice-1.zip: 50%
2024-11-13T19:24:08.650Z [Modules] Streaming discord_voice@1 to /home/arch/.config/discord/0.0.74/modules/pending/discord_voice-1.zip: 51%
2024-11-13T19:24:08.669Z [Modules] Streaming discord_voice@1 to /home/arch/.config/discord/0.0.74/modules/pending/discord_voice-1.zip: 52%
2024-11-13T19:24:08.688Z [Modules] Streaming discord_voice@1 to /home/arch/.config/discord/0.0.74/modules/pending/discord_voice-1.zip: 53%
2024-11-13T19:24:08.707Z [Modules] Streaming discord_voice@1 to /home/arch/.config/discord/0.0.74/modules/pending/discord_voice-1.zip: 54%
2024-11-13T19:24:08.727Z [Modules] Streaming discord_voice@1 to /home/arch/.config/discord/0.0.74/modules/pending/discord_voice-1.zip: 55%
2024-11-13T19:24:08.747Z [Modules] Streaming discord_voice@1 to /home/arch/.config/discord/0.0.74/modules/pending/discord_voice-1.zip: 56%
2024-11-13T19:24:08.766Z [Modules] Streaming discord_voice@1 to /home/arch/.config/discord/0.0.74/modules/pending/discord_voice-1.zip: 57%
2024-11-13T19:24:08.784Z [Modules] Streaming discord_voice@1 to /home/arch/.config/discord/0.0.74/modules/pending/discord_voice-1.zip: 58%
2024-11-13T19:24:08.803Z [Modules] Streaming discord_voice@1 to /home/arch/.config/discord/0.0.74/modules/pending/discord_voice-1.zip: 59%
2024-11-13T19:24:08.822Z [Modules] Streaming discord_voice@1 to /home/arch/.config/discord/0.0.74/modules/pending/discord_voice-1.zip: 60%
2024-11-13T19:24:08.841Z [Modules] Streaming discord_voice@1 to /home/arch/.config/discord/0.0.74/modules/pending/discord_voice-1.zip: 61%
2024-11-13T19:24:08.861Z [Modules] Streaming discord_voice@1 to /home/arch/.config/discord/0.0.74/modules/pending/discord_voice-1.zip: 62%
2024-11-13T19:24:08.880Z [Modules] Streaming discord_voice@1 to /home/arch/.config/discord/0.0.74/modules/pending/discord_voice-1.zip: 63%
2024-11-13T19:24:08.899Z [Modules] Streaming discord_voice@1 to /home/arch/.config/discord/0.0.74/modules/pending/discord_voice-1.zip: 64%
2024-11-13T19:24:08.919Z [Modules] Streaming discord_voice@1 to /home/arch/.config/discord/0.0.74/modules/pending/discord_voice-1.zip: 65%
2024-11-13T19:24:08.943Z [Modules] Streaming discord_voice@1 to /home/arch/.config/discord/0.0.74/modules/pending/discord_voice-1.zip: 66%
2024-11-13T19:24:08.963Z [Modules] Streaming discord_voice@1 to /home/arch/.config/discord/0.0.74/modules/pending/discord_voice-1.zip: 67%
2024-11-13T19:24:08.982Z [Modules] Streaming discord_voice@1 to /home/arch/.config/discord/0.0.74/modules/pending/discord_voice-1.zip: 68%
2024-11-13T19:24:09.002Z [Modules] Streaming discord_voice@1 to /home/arch/.config/discord/0.0.74/modules/pending/discord_voice-1.zip: 69%
2024-11-13T19:24:09.021Z [Modules] Streaming discord_voice@1 to /home/arch/.config/discord/0.0.74/modules/pending/discord_voice-1.zip: 70%
2024-11-13T19:24:09.040Z [Modules] Streaming discord_voice@1 to /home/arch/.config/discord/0.0.74/modules/pending/discord_voice-1.zip: 71%
2024-11-13T19:24:09.059Z [Modules] Streaming discord_voice@1 to /home/arch/.config/discord/0.0.74/modules/pending/discord_voice-1.zip: 72%
2024-11-13T19:24:09.079Z [Modules] Streaming discord_voice@1 to /home/arch/.config/discord/0.0.74/modules/pending/discord_voice-1.zip: 73%
2024-11-13T19:24:09.097Z [Modules] Streaming discord_voice@1 to /home/arch/.config/discord/0.0.74/modules/pending/discord_voice-1.zip: 74%
2024-11-13T19:24:09.117Z [Modules] Streaming discord_voice@1 to /home/arch/.config/discord/0.0.74/modules/pending/discord_voice-1.zip: 75%
2024-11-13T19:24:09.136Z [Modules] Streaming discord_voice@1 to /home/arch/.config/discord/0.0.74/modules/pending/discord_voice-1.zip: 76%
2024-11-13T19:24:09.155Z [Modules] Streaming discord_voice@1 to /home/arch/.config/discord/0.0.74/modules/pending/discord_voice-1.zip: 77%
2024-11-13T19:24:09.174Z [Modules] Streaming discord_voice@1 to /home/arch/.config/discord/0.0.74/modules/pending/discord_voice-1.zip: 78%
2024-11-13T19:24:09.193Z [Modules] Streaming discord_voice@1 to /home/arch/.config/discord/0.0.74/modules/pending/discord_voice-1.zip: 79%
2024-11-13T19:24:09.212Z [Modules] Streaming discord_voice@1 to /home/arch/.config/discord/0.0.74/modules/pending/discord_voice-1.zip: 80%
2024-11-13T19:24:09.231Z [Modules] Streaming discord_voice@1 to /home/arch/.config/discord/0.0.74/modules/pending/discord_voice-1.zip: 81%
2024-11-13T19:24:09.251Z [Modules] Streaming discord_voice@1 to /home/arch/.config/discord/0.0.74/modules/pending/discord_voice-1.zip: 82%
2024-11-13T19:24:09.270Z [Modules] Streaming discord_voice@1 to /home/arch/.config/discord/0.0.74/modules/pending/discord_voice-1.zip: 83%
2024-11-13T19:24:09.289Z [Modules] Streaming discord_voice@1 to /home/arch/.config/discord/0.0.74/modules/pending/discord_voice-1.zip: 84%
2024-11-13T19:24:09.308Z [Modules] Streaming discord_voice@1 to /home/arch/.config/discord/0.0.74/modules/pending/discord_voice-1.zip: 85%
2024-11-13T19:24:09.328Z [Modules] Streaming discord_voice@1 to /home/arch/.config/discord/0.0.74/modules/pending/discord_voice-1.zip: 86%
2024-11-13T19:24:09.347Z [Modules] Streaming discord_voice@1 to /home/arch/.config/discord/0.0.74/modules/pending/discord_voice-1.zip: 87%
2024-11-13T19:24:09.366Z [Modules] Streaming discord_voice@1 to /home/arch/.config/discord/0.0.74/modules/pending/discord_voice-1.zip: 88%
2024-11-13T19:24:09.385Z [Modules] Streaming discord_voice@1 to /home/arch/.config/discord/0.0.74/modules/pending/discord_voice-1.zip: 89%
2024-11-13T19:24:09.405Z [Modules] Streaming discord_voice@1 to /home/arch/.config/discord/0.0.74/modules/pending/discord_voice-1.zip: 90%
2024-11-13T19:24:09.424Z [Modules] Streaming discord_voice@1 to /home/arch/.config/discord/0.0.74/modules/pending/discord_voice-1.zip: 91%
2024-11-13T19:24:09.444Z [Modules] Streaming discord_voice@1 to /home/arch/.config/discord/0.0.74/modules/pending/discord_voice-1.zip: 92%
2024-11-13T19:24:09.462Z [Modules] Streaming discord_voice@1 to /home/arch/.config/discord/0.0.74/modules/pending/discord_voice-1.zip: 93%
2024-11-13T19:24:09.482Z [Modules] Streaming discord_voice@1 to /home/arch/.config/discord/0.0.74/modules/pending/discord_voice-1.zip: 94%
2024-11-13T19:24:09.500Z [Modules] Streaming discord_voice@1 to /home/arch/.config/discord/0.0.74/modules/pending/discord_voice-1.zip: 95%
2024-11-13T19:24:09.519Z [Modules] Streaming discord_voice@1 to /home/arch/.config/discord/0.0.74/modules/pending/discord_voice-1.zip: 96%
2024-11-13T19:24:09.539Z [Modules] Streaming discord_voice@1 to /home/arch/.config/discord/0.0.74/modules/pending/discord_voice-1.zip: 97%
2024-11-13T19:24:09.558Z [Modules] Streaming discord_voice@1 to /home/arch/.config/discord/0.0.74/modules/pending/discord_voice-1.zip: 98%
2024-11-13T19:24:09.586Z [Modules] Streaming discord_voice@1 to /home/arch/.config/discord/0.0.74/modules/pending/discord_voice-1.zip: 99%
2024-11-13T19:24:09.604Z [Modules] Streaming discord_voice@1 to /home/arch/.config/discord/0.0.74/modules/pending/discord_voice-1.zip: 100%
2024-11-13T19:24:09.605Z [Modules] Fetching discord_zstd@1 from https://discord.com/api/modules/stable/discord_zstd/1
2024-11-13T19:24:09.605Z [Modules] Streaming discord_zstd@1 to /home/arch/.config/discord/0.0.74/modules/pending/discord_zstd-1.zip
2024-11-13T19:24:09.842Z [Modules] Streaming discord_zstd@1 to /home/arch/.config/discord/0.0.74/modules/pending/discord_zstd-1.zip: 2%
2024-11-13T19:24:09.842Z [Modules] Streaming discord_zstd@1 to /home/arch/.config/discord/0.0.74/modules/pending/discord_zstd-1.zip: 3%
2024-11-13T19:24:09.842Z [Modules] Streaming discord_zstd@1 to /home/arch/.config/discord/0.0.74/modules/pending/discord_zstd-1.zip: 4%
2024-11-13T19:24:09.842Z [Modules] Streaming discord_zstd@1 to /home/arch/.config/discord/0.0.74/modules/pending/discord_zstd-1.zip: 5%
2024-11-13T19:24:09.843Z [Modules] Streaming discord_zstd@1 to /home/arch/.config/discord/0.0.74/modules/pending/discord_zstd-1.zip: 6%
2024-11-13T19:24:09.843Z [Modules] Streaming discord_zstd@1 to /home/arch/.config/discord/0.0.74/modules/pending/discord_zstd-1.zip: 7%
2024-11-13T19:24:09.844Z [Modules] Streaming discord_zstd@1 to /home/arch/.config/discord/0.0.74/modules/pending/discord_zstd-1.zip: 8%
2024-11-13T19:24:09.844Z [Modules] Streaming discord_zstd@1 to /home/arch/.config/discord/0.0.74/modules/pending/discord_zstd-1.zip: 9%
2024-11-13T19:24:09.844Z [Modules] Streaming discord_zstd@1 to /home/arch/.config/discord/0.0.74/modules/pending/discord_zstd-1.zip: 10%
2024-11-13T19:24:09.844Z [Modules] Streaming discord_zstd@1 to /home/arch/.config/discord/0.0.74/modules/pending/discord_zstd-1.zip: 11%
2024-11-13T19:24:09.845Z [Modules] Streaming discord_zstd@1 to /home/arch/.config/discord/0.0.74/modules/pending/discord_zstd-1.zip: 12%
2024-11-13T19:24:09.845Z [Modules] Streaming discord_zstd@1 to /home/arch/.config/discord/0.0.74/modules/pending/discord_zstd-1.zip: 13%
2024-11-13T19:24:09.845Z [Modules] Streaming discord_zstd@1 to /home/arch/.config/discord/0.0.74/modules/pending/discord_zstd-1.zip: 14%
2024-11-13T19:24:09.845Z [Modules] Streaming discord_zstd@1 to /home/arch/.config/discord/0.0.74/modules/pending/discord_zstd-1.zip: 15%
2024-11-13T19:24:09.846Z [Modules] Streaming discord_zstd@1 to /home/arch/.config/discord/0.0.74/modules/pending/discord_zstd-1.zip: 16%
2024-11-13T19:24:09.846Z [Modules] Streaming discord_zstd@1 to /home/arch/.config/discord/0.0.74/modules/pending/discord_zstd-1.zip: 17%
2024-11-13T19:24:09.847Z [Modules] Streaming discord_zstd@1 to /home/arch/.config/discord/0.0.74/modules/pending/discord_zstd-1.zip: 18%
2024-11-13T19:24:09.848Z [Modules] Streaming discord_zstd@1 to /home/arch/.config/discord/0.0.74/modules/pending/discord_zstd-1.zip: 19%
2024-11-13T19:24:09.848Z [Modules] Streaming discord_zstd@1 to /home/arch/.config/discord/0.0.74/modules/pending/discord_zstd-1.zip: 20%
2024-11-13T19:24:09.848Z [Modules] Streaming discord_zstd@1 to /home/arch/.config/discord/0.0.74/modules/pending/discord_zstd-1.zip: 21%
2024-11-13T19:24:09.848Z [Modules] Streaming discord_zstd@1 to /home/arch/.config/discord/0.0.74/modules/pending/discord_zstd-1.zip: 22%
2024-11-13T19:24:09.849Z [Modules] Streaming discord_zstd@1 to /home/arch/.config/discord/0.0.74/modules/pending/discord_zstd-1.zip: 23%
2024-11-13T19:24:09.849Z [Modules] Streaming discord_zstd@1 to /home/arch/.config/discord/0.0.74/modules/pending/discord_zstd-1.zip: 24%
2024-11-13T19:24:09.849Z [Modules] Streaming discord_zstd@1 to /home/arch/.config/discord/0.0.74/modules/pending/discord_zstd-1.zip: 25%
2024-11-13T19:24:09.850Z [Modules] Streaming discord_zstd@1 to /home/arch/.config/discord/0.0.74/modules/pending/discord_zstd-1.zip: 26%
2024-11-13T19:24:09.850Z [Modules] Streaming discord_zstd@1 to /home/arch/.config/discord/0.0.74/modules/pending/discord_zstd-1.zip: 27%
2024-11-13T19:24:09.851Z [Modules] Streaming discord_zstd@1 to /home/arch/.config/discord/0.0.74/modules/pending/discord_zstd-1.zip: 28%
2024-11-13T19:24:09.851Z [Modules] Streaming discord_zstd@1 to /home/arch/.config/discord/0.0.74/modules/pending/discord_zstd-1.zip: 29%
2024-11-13T19:24:09.851Z [Modules] Streaming discord_zstd@1 to /home/arch/.config/discord/0.0.74/modules/pending/discord_zstd-1.zip: 30%
2024-11-13T19:24:09.851Z [Modules] Streaming discord_zstd@1 to /home/arch/.config/discord/0.0.74/modules/pending/discord_zstd-1.zip: 31%
2024-11-13T19:24:09.852Z [Modules] Streaming discord_zstd@1 to /home/arch/.config/discord/0.0.74/modules/pending/discord_zstd-1.zip: 32%
2024-11-13T19:24:09.852Z [Modules] Streaming discord_zstd@1 to /home/arch/.config/discord/0.0.74/modules/pending/discord_zstd-1.zip: 33%
2024-11-13T19:24:09.852Z [Modules] Streaming discord_zstd@1 to /home/arch/.config/discord/0.0.74/modules/pending/discord_zstd-1.zip: 34%
2024-11-13T19:24:09.853Z [Modules] Streaming discord_zstd@1 to /home/arch/.config/discord/0.0.74/modules/pending/discord_zstd-1.zip: 35%
2024-11-13T19:24:09.853Z [Modules] Streaming discord_zstd@1 to /home/arch/.config/discord/0.0.74/modules/pending/discord_zstd-1.zip: 36%
2024-11-13T19:24:09.854Z [Modules] Streaming discord_zstd@1 to /home/arch/.config/discord/0.0.74/modules/pending/discord_zstd-1.zip: 37%
2024-11-13T19:24:09.854Z [Modules] Streaming discord_zstd@1 to /home/arch/.config/discord/0.0.74/modules/pending/discord_zstd-1.zip: 38%
2024-11-13T19:24:09.854Z [Modules] Streaming discord_zstd@1 to /home/arch/.config/discord/0.0.74/modules/pending/discord_zstd-1.zip: 39%
2024-11-13T19:24:09.854Z [Modules] Streaming discord_zstd@1 to /home/arch/.config/discord/0.0.74/modules/pending/discord_zstd-1.zip: 40%
2024-11-13T19:24:09.855Z [Modules] Streaming discord_zstd@1 to /home/arch/.config/discord/0.0.74/modules/pending/discord_zstd-1.zip: 41%
2024-11-13T19:24:09.859Z [Modules] Streaming discord_zstd@1 to /home/arch/.config/discord/0.0.74/modules/pending/discord_zstd-1.zip: 42%
2024-11-13T19:24:09.860Z [Modules] Streaming discord_zstd@1 to /home/arch/.config/discord/0.0.74/modules/pending/discord_zstd-1.zip: 43%
2024-11-13T19:24:09.860Z [Modules] Streaming discord_zstd@1 to /home/arch/.config/discord/0.0.74/modules/pending/discord_zstd-1.zip: 44%
2024-11-13T19:24:09.860Z [Modules] Streaming discord_zstd@1 to /home/arch/.config/discord/0.0.74/modules/pending/discord_zstd-1.zip: 45%
2024-11-13T19:24:09.860Z [Modules] Streaming discord_zstd@1 to /home/arch/.config/discord/0.0.74/modules/pending/discord_zstd-1.zip: 46%
2024-11-13T19:24:09.861Z [Modules] Streaming discord_zstd@1 to /home/arch/.config/discord/0.0.74/modules/pending/discord_zstd-1.zip: 47%
2024-11-13T19:24:09.861Z [Modules] Streaming discord_zstd@1 to /home/arch/.config/discord/0.0.74/modules/pending/discord_zstd-1.zip: 48%
2024-11-13T19:24:09.861Z [Modules] Streaming discord_zstd@1 to /home/arch/.config/discord/0.0.74/modules/pending/discord_zstd-1.zip: 49%
2024-11-13T19:24:09.862Z [Modules] Streaming discord_zstd@1 to /home/arch/.config/discord/0.0.74/modules/pending/discord_zstd-1.zip: 50%
2024-11-13T19:24:09.862Z [Modules] Streaming discord_zstd@1 to /home/arch/.config/discord/0.0.74/modules/pending/discord_zstd-1.zip: 51%
2024-11-13T19:24:09.862Z [Modules] Streaming discord_zstd@1 to /home/arch/.config/discord/0.0.74/modules/pending/discord_zstd-1.zip: 52%
2024-11-13T19:24:09.862Z [Modules] Streaming discord_zstd@1 to /home/arch/.config/discord/0.0.74/modules/pending/discord_zstd-1.zip: 53%
2024-11-13T19:24:09.863Z [Modules] Streaming discord_zstd@1 to /home/arch/.config/discord/0.0.74/modules/pending/discord_zstd-1.zip: 54%
2024-11-13T19:24:09.863Z [Modules] Streaming discord_zstd@1 to /home/arch/.config/discord/0.0.74/modules/pending/discord_zstd-1.zip: 55%
2024-11-13T19:24:09.863Z [Modules] Streaming discord_zstd@1 to /home/arch/.config/discord/0.0.74/modules/pending/discord_zstd-1.zip: 56%
2024-11-13T19:24:09.865Z [Modules] Streaming discord_zstd@1 to /home/arch/.config/discord/0.0.74/modules/pending/discord_zstd-1.zip: 57%
2024-11-13T19:24:09.865Z [Modules] Streaming discord_zstd@1 to /home/arch/.config/discord/0.0.74/modules/pending/discord_zstd-1.zip: 58%
2024-11-13T19:24:09.865Z [Modules] Streaming discord_zstd@1 to /home/arch/.config/discord/0.0.74/modules/pending/discord_zstd-1.zip: 59%
2024-11-13T19:24:09.865Z [Modules] Streaming discord_zstd@1 to /home/arch/.config/discord/0.0.74/modules/pending/discord_zstd-1.zip: 60%
2024-11-13T19:24:09.866Z [Modules] Streaming discord_zstd@1 to /home/arch/.config/discord/0.0.74/modules/pending/discord_zstd-1.zip: 61%
2024-11-13T19:24:09.866Z [Modules] Streaming discord_zstd@1 to /home/arch/.config/discord/0.0.74/modules/pending/discord_zstd-1.zip: 62%
2024-11-13T19:24:09.866Z [Modules] Streaming discord_zstd@1 to /home/arch/.config/discord/0.0.74/modules/pending/discord_zstd-1.zip: 63%
2024-11-13T19:24:09.867Z [Modules] Streaming discord_zstd@1 to /home/arch/.config/discord/0.0.74/modules/pending/discord_zstd-1.zip: 64%
2024-11-13T19:24:09.867Z [Modules] Streaming discord_zstd@1 to /home/arch/.config/discord/0.0.74/modules/pending/discord_zstd-1.zip: 65%
2024-11-13T19:24:09.867Z [Modules] Streaming discord_zstd@1 to /home/arch/.config/discord/0.0.74/modules/pending/discord_zstd-1.zip: 66%
2024-11-13T19:24:09.867Z [Modules] Streaming discord_zstd@1 to /home/arch/.config/discord/0.0.74/modules/pending/discord_zstd-1.zip: 67%
2024-11-13T19:24:09.868Z [Modules] Streaming discord_zstd@1 to /home/arch/.config/discord/0.0.74/modules/pending/discord_zstd-1.zip: 68%
2024-11-13T19:24:09.868Z [Modules] Streaming discord_zstd@1 to /home/arch/.config/discord/0.0.74/modules/pending/discord_zstd-1.zip: 69%
2024-11-13T19:24:09.868Z [Modules] Streaming discord_zstd@1 to /home/arch/.config/discord/0.0.74/modules/pending/discord_zstd-1.zip: 70%
2024-11-13T19:24:09.869Z [Modules] Streaming discord_zstd@1 to /home/arch/.config/discord/0.0.74/modules/pending/discord_zstd-1.zip: 71%
2024-11-13T19:24:09.869Z [Modules] Streaming discord_zstd@1 to /home/arch/.config/discord/0.0.74/modules/pending/discord_zstd-1.zip: 72%
2024-11-13T19:24:09.869Z [Modules] Streaming discord_zstd@1 to /home/arch/.config/discord/0.0.74/modules/pending/discord_zstd-1.zip: 73%
2024-11-13T19:24:09.869Z [Modules] Streaming discord_zstd@1 to /home/arch/.config/discord/0.0.74/modules/pending/discord_zstd-1.zip: 74%
2024-11-13T19:24:09.870Z [Modules] Streaming discord_zstd@1 to /home/arch/.config/discord/0.0.74/modules/pending/discord_zstd-1.zip: 75%
2024-11-13T19:24:09.870Z [Modules] Streaming discord_zstd@1 to /home/arch/.config/discord/0.0.74/modules/pending/discord_zstd-1.zip: 76%
2024-11-13T19:24:09.870Z [Modules] Streaming discord_zstd@1 to /home/arch/.config/discord/0.0.74/modules/pending/discord_zstd-1.zip: 77%
2024-11-13T19:24:09.871Z [Modules] Streaming discord_zstd@1 to /home/arch/.config/discord/0.0.74/modules/pending/discord_zstd-1.zip: 78%
2024-11-13T19:24:09.871Z [Modules] Streaming discord_zstd@1 to /home/arch/.config/discord/0.0.74/modules/pending/discord_zstd-1.zip: 79%
2024-11-13T19:24:09.871Z [Modules] Streaming discord_zstd@1 to /home/arch/.config/discord/0.0.74/modules/pending/discord_zstd-1.zip: 80%
2024-11-13T19:24:09.872Z [Modules] Streaming discord_zstd@1 to /home/arch/.config/discord/0.0.74/modules/pending/discord_zstd-1.zip: 81%
2024-11-13T19:24:09.872Z [Modules] Streaming discord_zstd@1 to /home/arch/.config/discord/0.0.74/modules/pending/discord_zstd-1.zip: 82%
2024-11-13T19:24:09.872Z [Modules] Streaming discord_zstd@1 to /home/arch/.config/discord/0.0.74/modules/pending/discord_zstd-1.zip: 83%
2024-11-13T19:24:09.872Z [Modules] Streaming discord_zstd@1 to /home/arch/.config/discord/0.0.74/modules/pending/discord_zstd-1.zip: 84%
2024-11-13T19:24:09.873Z [Modules] Streaming discord_zstd@1 to /home/arch/.config/discord/0.0.74/modules/pending/discord_zstd-1.zip: 85%
2024-11-13T19:24:09.873Z [Modules] Streaming discord_zstd@1 to /home/arch/.config/discord/0.0.74/modules/pending/discord_zstd-1.zip: 86%
2024-11-13T19:24:09.873Z [Modules] Streaming discord_zstd@1 to /home/arch/.config/discord/0.0.74/modules/pending/discord_zstd-1.zip: 87%
2024-11-13T19:24:09.874Z [Modules] Streaming discord_zstd@1 to /home/arch/.config/discord/0.0.74/modules/pending/discord_zstd-1.zip: 88%
2024-11-13T19:24:09.874Z [Modules] Streaming discord_zstd@1 to /home/arch/.config/discord/0.0.74/modules/pending/discord_zstd-1.zip: 89%
2024-11-13T19:24:09.874Z [Modules] Streaming discord_zstd@1 to /home/arch/.config/discord/0.0.74/modules/pending/discord_zstd-1.zip: 90%
2024-11-13T19:24:09.876Z [Modules] Streaming discord_zstd@1 to /home/arch/.config/discord/0.0.74/modules/pending/discord_zstd-1.zip: 91%
2024-11-13T19:24:09.876Z [Modules] Streaming discord_zstd@1 to /home/arch/.config/discord/0.0.74/modules/pending/discord_zstd-1.zip: 92%
2024-11-13T19:24:09.876Z [Modules] Streaming discord_zstd@1 to /home/arch/.config/discord/0.0.74/modules/pending/discord_zstd-1.zip: 93%
2024-11-13T19:24:09.877Z [Modules] Streaming discord_zstd@1 to /home/arch/.config/discord/0.0.74/modules/pending/discord_zstd-1.zip: 94%
2024-11-13T19:24:09.877Z [Modules] Streaming discord_zstd@1 to /home/arch/.config/discord/0.0.74/modules/pending/discord_zstd-1.zip: 95%
2024-11-13T19:24:09.877Z [Modules] Streaming discord_zstd@1 to /home/arch/.config/discord/0.0.74/modules/pending/discord_zstd-1.zip: 96%
2024-11-13T19:24:09.877Z [Modules] Streaming discord_zstd@1 to /home/arch/.config/discord/0.0.74/modules/pending/discord_zstd-1.zip: 97%
2024-11-13T19:24:09.878Z [Modules] Streaming discord_zstd@1 to /home/arch/.config/discord/0.0.74/modules/pending/discord_zstd-1.zip: 98%
2024-11-13T19:24:09.878Z [Modules] Streaming discord_zstd@1 to /home/arch/.config/discord/0.0.74/modules/pending/discord_zstd-1.zip: 100%
2024-11-13T19:24:09.879Z [Modules] Finished module downloads. [success: 6] [failure: 0]
2024-11-13T19:24:09.879Z [Modules] Installing updates...
2024-11-13T19:24:09.879Z [Modules] Installing discord_desktop_core@1 from /home/arch/.config/discord/0.0.74/modules/pending/discord_desktop_core-1.zip
2024-11-13T19:24:09.927Z [Modules] Installing discord_erlpack@1 from /home/arch/.config/discord/0.0.74/modules/pending/discord_erlpack-1.zip
2024-11-13T19:24:09.960Z [Modules] Installing discord_spellcheck@1 from /home/arch/.config/discord/0.0.74/modules/pending/discord_spellcheck-1.zip
2024-11-13T19:24:10.354Z [Modules] Installing discord_utils@1 from /home/arch/.config/discord/0.0.74/modules/pending/discord_utils-1.zip
2024-11-13T19:24:10.436Z [Modules] Installing discord_voice@1 from /home/arch/.config/discord/0.0.74/modules/pending/discord_voice-1.zip
2024-11-13T19:24:10.778Z [Modules] Installing discord_zstd@1 from /home/arch/.config/discord/0.0.74/modules/pending/discord_zstd-1.zip
2024-11-13T19:24:10.784Z [Modules] Finished module installations. [success: 6] [failure: 0]
2024-11-13T19:24:10.784Z [Modules] Checking for host updates.
2024-11-13T19:24:10.993Z [Modules] Host is up to date.
2024-11-13T19:24:10.993Z [Modules] Checking for module updates at https://discord.com/api/modules/stable/versions.json
2024-11-13T19:24:10.995Z [Modules] No module updates available.
2024-11-13T19:24:12.569Z [Modules] Starting to install discord_krisp...
2024-11-13T19:24:12.569Z [Modules] Fetching discord_krisp@1 from https://discord.com/api/modules/stable/discord_krisp/1
2024-11-13T19:24:12.569Z [Modules] Streaming discord_krisp@1 to /home/arch/.config/discord/0.0.74/modules/pending/discord_krisp-1.zip
2024-11-13T19:24:12.578Z [Modules] Starting to install discord_game_utils...
2024-11-13T19:24:12.783Z [Modules] Streaming discord_krisp@1 to /home/arch/.config/discord/0.0.74/modules/pending/discord_krisp-1.zip: 1%
2024-11-13T19:24:12.801Z [Modules] Streaming discord_krisp@1 to /home/arch/.config/discord/0.0.74/modules/pending/discord_krisp-1.zip: 2%
2024-11-13T19:24:12.882Z [Modules] Streaming discord_krisp@1 to /home/arch/.config/discord/0.0.74/modules/pending/discord_krisp-1.zip: 3%
2024-11-13T19:24:12.900Z [Modules] Streaming discord_krisp@1 to /home/arch/.config/discord/0.0.74/modules/pending/discord_krisp-1.zip: 4%
2024-11-13T19:24:12.902Z [Modules] Streaming discord_krisp@1 to /home/arch/.config/discord/0.0.74/modules/pending/discord_krisp-1.zip: 5%
2024-11-13T19:24:12.929Z [Modules] Streaming discord_krisp@1 to /home/arch/.config/discord/0.0.74/modules/pending/discord_krisp-1.zip: 6%
2024-11-13T19:24:12.954Z [Modules] Streaming discord_krisp@1 to /home/arch/.config/discord/0.0.74/modules/pending/discord_krisp-1.zip: 7%
2024-11-13T19:24:12.974Z [Modules] Streaming discord_krisp@1 to /home/arch/.config/discord/0.0.74/modules/pending/discord_krisp-1.zip: 8%
2024-11-13T19:24:12.999Z [Modules] Streaming discord_krisp@1 to /home/arch/.config/discord/0.0.74/modules/pending/discord_krisp-1.zip: 9%
2024-11-13T19:24:13.027Z [Modules] Streaming discord_krisp@1 to /home/arch/.config/discord/0.0.74/modules/pending/discord_krisp-1.zip: 10%
2024-11-13T19:24:13.048Z [Modules] Streaming discord_krisp@1 to /home/arch/.config/discord/0.0.74/modules/pending/discord_krisp-1.zip: 11%
2024-11-13T19:24:13.077Z [Modules] Streaming discord_krisp@1 to /home/arch/.config/discord/0.0.74/modules/pending/discord_krisp-1.zip: 12%
2024-11-13T19:24:13.096Z [Modules] Streaming discord_krisp@1 to /home/arch/.config/discord/0.0.74/modules/pending/discord_krisp-1.zip: 13%
2024-11-13T19:24:13.120Z [Modules] Streaming discord_krisp@1 to /home/arch/.config/discord/0.0.74/modules/pending/discord_krisp-1.zip: 14%
2024-11-13T19:24:13.147Z [Modules] Streaming discord_krisp@1 to /home/arch/.config/discord/0.0.74/modules/pending/discord_krisp-1.zip: 15%
2024-11-13T19:24:13.168Z [Modules] Streaming discord_krisp@1 to /home/arch/.config/discord/0.0.74/modules/pending/discord_krisp-1.zip: 16%
2024-11-13T19:24:13.194Z [Modules] Streaming discord_krisp@1 to /home/arch/.config/discord/0.0.74/modules/pending/discord_krisp-1.zip: 17%
2024-11-13T19:24:13.221Z [Modules] Streaming discord_krisp@1 to /home/arch/.config/discord/0.0.74/modules/pending/discord_krisp-1.zip: 18%
2024-11-13T19:24:13.243Z [Modules] Streaming discord_krisp@1 to /home/arch/.config/discord/0.0.74/modules/pending/discord_krisp-1.zip: 19%
2024-11-13T19:24:13.268Z [Modules] Streaming discord_krisp@1 to /home/arch/.config/discord/0.0.74/modules/pending/discord_krisp-1.zip: 20%
2024-11-13T19:24:13.295Z [Modules] Streaming discord_krisp@1 to /home/arch/.config/discord/0.0.74/modules/pending/discord_krisp-1.zip: 21%
2024-11-13T19:24:13.321Z [Modules] Streaming discord_krisp@1 to /home/arch/.config/discord/0.0.74/modules/pending/discord_krisp-1.zip: 22%
2024-11-13T19:24:13.348Z [Modules] Streaming discord_krisp@1 to /home/arch/.config/discord/0.0.74/modules/pending/discord_krisp-1.zip: 23%
2024-11-13T19:24:13.372Z [Modules] Streaming discord_krisp@1 to /home/arch/.config/discord/0.0.74/modules/pending/discord_krisp-1.zip: 24%
2024-11-13T19:24:13.398Z [Modules] Streaming discord_krisp@1 to /home/arch/.config/discord/0.0.74/modules/pending/discord_krisp-1.zip: 25%
2024-11-13T19:24:13.425Z [Modules] Streaming discord_krisp@1 to /home/arch/.config/discord/0.0.74/modules/pending/discord_krisp-1.zip: 26%
2024-11-13T19:24:13.451Z [Modules] Streaming discord_krisp@1 to /home/arch/.config/discord/0.0.74/modules/pending/discord_krisp-1.zip: 27%
2024-11-13T19:24:13.476Z [Modules] Streaming discord_krisp@1 to /home/arch/.config/discord/0.0.74/modules/pending/discord_krisp-1.zip: 28%
2024-11-13T19:24:13.503Z [Modules] Streaming discord_krisp@1 to /home/arch/.config/discord/0.0.74/modules/pending/discord_krisp-1.zip: 29%
2024-11-13T19:24:13.529Z [Modules] Streaming discord_krisp@1 to /home/arch/.config/discord/0.0.74/modules/pending/discord_krisp-1.zip: 30%
2024-11-13T19:24:13.556Z [Modules] Streaming discord_krisp@1 to /home/arch/.config/discord/0.0.74/modules/pending/discord_krisp-1.zip: 31%
2024-11-13T19:24:13.585Z [Modules] Streaming discord_krisp@1 to /home/arch/.config/discord/0.0.74/modules/pending/discord_krisp-1.zip: 32%
2024-11-13T19:24:13.611Z [Modules] Streaming discord_krisp@1 to /home/arch/.config/discord/0.0.74/modules/pending/discord_krisp-1.zip: 33%
2024-11-13T19:24:13.639Z [Modules] Streaming discord_krisp@1 to /home/arch/.config/discord/0.0.74/modules/pending/discord_krisp-1.zip: 34%
2024-11-13T19:24:13.666Z [Modules] Streaming discord_krisp@1 to /home/arch/.config/discord/0.0.74/modules/pending/discord_krisp-1.zip: 35%
2024-11-13T19:24:13.693Z [Modules] Streaming discord_krisp@1 to /home/arch/.config/discord/0.0.74/modules/pending/discord_krisp-1.zip: 36%
2024-11-13T19:24:13.721Z [Modules] Streaming discord_krisp@1 to /home/arch/.config/discord/0.0.74/modules/pending/discord_krisp-1.zip: 37%
2024-11-13T19:24:13.748Z [Modules] Streaming discord_krisp@1 to /home/arch/.config/discord/0.0.74/modules/pending/discord_krisp-1.zip: 38%
2024-11-13T19:24:13.777Z [Modules] Streaming discord_krisp@1 to /home/arch/.config/discord/0.0.74/modules/pending/discord_krisp-1.zip: 39%
2024-11-13T19:24:13.804Z [Modules] Streaming discord_krisp@1 to /home/arch/.config/discord/0.0.74/modules/pending/discord_krisp-1.zip: 40%
2024-11-13T19:24:13.831Z [Modules] Streaming discord_krisp@1 to /home/arch/.config/discord/0.0.74/modules/pending/discord_krisp-1.zip: 41%
2024-11-13T19:24:13.847Z [Modules] Checking for host updates.
2024-11-13T19:24:13.860Z [Modules] Streaming discord_krisp@1 to /home/arch/.config/discord/0.0.74/modules/pending/discord_krisp-1.zip: 42%
2024-11-13T19:24:13.888Z [Modules] Streaming discord_krisp@1 to /home/arch/.config/discord/0.0.74/modules/pending/discord_krisp-1.zip: 43%
2024-11-13T19:24:13.914Z [Modules] Streaming discord_krisp@1 to /home/arch/.config/discord/0.0.74/modules/pending/discord_krisp-1.zip: 44%
2024-11-13T19:24:13.936Z [Modules] Starting to install discord_rpc...
2024-11-13T19:24:13.938Z [Modules] Streaming discord_krisp@1 to /home/arch/.config/discord/0.0.74/modules/pending/discord_krisp-1.zip: 45%
2024-11-13T19:24:13.964Z [Modules] Streaming discord_krisp@1 to /home/arch/.config/discord/0.0.74/modules/pending/discord_krisp-1.zip: 46%
2024-11-13T19:24:13.996Z [Modules] Streaming discord_krisp@1 to /home/arch/.config/discord/0.0.74/modules/pending/discord_krisp-1.zip: 47%
2024-11-13T19:24:14.019Z [Modules] Streaming discord_krisp@1 to /home/arch/.config/discord/0.0.74/modules/pending/discord_krisp-1.zip: 48%
2024-11-13T19:24:14.044Z [Modules] Streaming discord_krisp@1 to /home/arch/.config/discord/0.0.74/modules/pending/discord_krisp-1.zip: 49%
2024-11-13T19:24:14.073Z [Modules] Streaming discord_krisp@1 to /home/arch/.config/discord/0.0.74/modules/pending/discord_krisp-1.zip: 50%
2024-11-13T19:24:14.097Z [Modules] Streaming discord_krisp@1 to /home/arch/.config/discord/0.0.74/modules/pending/discord_krisp-1.zip: 51%
2024-11-13T19:24:14.104Z [Modules] Host is up to date.
2024-11-13T19:24:14.104Z [Modules] Checking for module updates at https://discord.com/api/modules/stable/versions.json
2024-11-13T19:24:14.106Z [Modules] No module updates available.
2024-11-13T19:24:14.117Z [Modules] Streaming discord_krisp@1 to /home/arch/.config/discord/0.0.74/modules/pending/discord_krisp-1.zip: 52%
2024-11-13T19:24:14.143Z [Modules] Streaming discord_krisp@1 to /home/arch/.config/discord/0.0.74/modules/pending/discord_krisp-1.zip: 53%
2024-11-13T19:24:14.170Z [Modules] Streaming discord_krisp@1 to /home/arch/.config/discord/0.0.74/modules/pending/discord_krisp-1.zip: 54%
2024-11-13T19:24:14.183Z [Modules] Streaming discord_krisp@1 to /home/arch/.config/discord/0.0.74/modules/pending/discord_krisp-1.zip: 55%
2024-11-13T19:24:14.204Z [Modules] Streaming discord_krisp@1 to /home/arch/.config/discord/0.0.74/modules/pending/discord_krisp-1.zip: 56%
2024-11-13T19:24:14.223Z [Modules] Streaming discord_krisp@1 to /home/arch/.config/discord/0.0.74/modules/pending/discord_krisp-1.zip: 57%
2024-11-13T19:24:14.244Z [Modules] Streaming discord_krisp@1 to /home/arch/.config/discord/0.0.74/modules/pending/discord_krisp-1.zip: 58%
2024-11-13T19:24:14.264Z [Modules] Streaming discord_krisp@1 to /home/arch/.config/discord/0.0.74/modules/pending/discord_krisp-1.zip: 59%
2024-11-13T19:24:14.285Z [Modules] Streaming discord_krisp@1 to /home/arch/.config/discord/0.0.74/modules/pending/discord_krisp-1.zip: 60%
2024-11-13T19:24:14.304Z [Modules] Streaming discord_krisp@1 to /home/arch/.config/discord/0.0.74/modules/pending/discord_krisp-1.zip: 61%
2024-11-13T19:24:14.326Z [Modules] Streaming discord_krisp@1 to /home/arch/.config/discord/0.0.74/modules/pending/discord_krisp-1.zip: 62%
2024-11-13T19:24:14.346Z [Modules] Streaming discord_krisp@1 to /home/arch/.config/discord/0.0.74/modules/pending/discord_krisp-1.zip: 63%
2024-11-13T19:24:14.364Z [Modules] Streaming discord_krisp@1 to /home/arch/.config/discord/0.0.74/modules/pending/discord_krisp-1.zip: 64%
2024-11-13T19:24:14.385Z [Modules] Streaming discord_krisp@1 to /home/arch/.config/discord/0.0.74/modules/pending/discord_krisp-1.zip: 65%
2024-11-13T19:24:14.418Z [Modules] Streaming discord_krisp@1 to /home/arch/.config/discord/0.0.74/modules/pending/discord_krisp-1.zip: 66%
2024-11-13T19:24:14.431Z [Modules] Streaming discord_krisp@1 to /home/arch/.config/discord/0.0.74/modules/pending/discord_krisp-1.zip: 67%
2024-11-13T19:24:14.451Z [Modules] Streaming discord_krisp@1 to /home/arch/.config/discord/0.0.74/modules/pending/discord_krisp-1.zip: 68%
2024-11-13T19:24:14.473Z [Modules] Streaming discord_krisp@1 to /home/arch/.config/discord/0.0.74/modules/pending/discord_krisp-1.zip: 69%
2024-11-13T19:24:14.499Z [Modules] Streaming discord_krisp@1 to /home/arch/.config/discord/0.0.74/modules/pending/discord_krisp-1.zip: 70%
2024-11-13T19:24:14.527Z [Modules] Streaming discord_krisp@1 to /home/arch/.config/discord/0.0.74/modules/pending/discord_krisp-1.zip: 71%
2024-11-13T19:24:14.548Z [Modules] Streaming discord_krisp@1 to /home/arch/.config/discord/0.0.74/modules/pending/discord_krisp-1.zip: 72%
2024-11-13T19:24:14.575Z [Modules] Streaming discord_krisp@1 to /home/arch/.config/discord/0.0.74/modules/pending/discord_krisp-1.zip: 73%
2024-11-13T19:24:14.602Z [Modules] Streaming discord_krisp@1 to /home/arch/.config/discord/0.0.74/modules/pending/discord_krisp-1.zip: 74%
2024-11-13T19:24:14.626Z [Modules] Streaming discord_krisp@1 to /home/arch/.config/discord/0.0.74/modules/pending/discord_krisp-1.zip: 75%
2024-11-13T19:24:14.648Z [Modules] Streaming discord_krisp@1 to /home/arch/.config/discord/0.0.74/modules/pending/discord_krisp-1.zip: 76%
2024-11-13T19:24:14.668Z [Modules] Streaming discord_krisp@1 to /home/arch/.config/discord/0.0.74/modules/pending/discord_krisp-1.zip: 77%
2024-11-13T19:24:14.688Z [Modules] Streaming discord_krisp@1 to /home/arch/.config/discord/0.0.74/modules/pending/discord_krisp-1.zip: 78%
2024-11-13T19:24:14.708Z [Modules] Streaming discord_krisp@1 to /home/arch/.config/discord/0.0.74/modules/pending/discord_krisp-1.zip: 79%
2024-11-13T19:24:14.728Z [Modules] Streaming discord_krisp@1 to /home/arch/.config/discord/0.0.74/modules/pending/discord_krisp-1.zip: 80%
2024-11-13T19:24:14.748Z [Modules] Streaming discord_krisp@1 to /home/arch/.config/discord/0.0.74/modules/pending/discord_krisp-1.zip: 81%
2024-11-13T19:24:14.768Z [Modules] Streaming discord_krisp@1 to /home/arch/.config/discord/0.0.74/modules/pending/discord_krisp-1.zip: 82%
2024-11-13T19:24:14.788Z [Modules] Streaming discord_krisp@1 to /home/arch/.config/discord/0.0.74/modules/pending/discord_krisp-1.zip: 83%
2024-11-13T19:24:14.808Z [Modules] Streaming discord_krisp@1 to /home/arch/.config/discord/0.0.74/modules/pending/discord_krisp-1.zip: 84%
2024-11-13T19:24:14.828Z [Modules] Streaming discord_krisp@1 to /home/arch/.config/discord/0.0.74/modules/pending/discord_krisp-1.zip: 85%
2024-11-13T19:24:14.849Z [Modules] Streaming discord_krisp@1 to /home/arch/.config/discord/0.0.74/modules/pending/discord_krisp-1.zip: 86%
2024-11-13T19:24:14.871Z [Modules] Streaming discord_krisp@1 to /home/arch/.config/discord/0.0.74/modules/pending/discord_krisp-1.zip: 87%
2024-11-13T19:24:14.890Z [Modules] Streaming discord_krisp@1 to /home/arch/.config/discord/0.0.74/modules/pending/discord_krisp-1.zip: 88%
2024-11-13T19:24:14.910Z [Modules] Streaming discord_krisp@1 to /home/arch/.config/discord/0.0.74/modules/pending/discord_krisp-1.zip: 89%
2024-11-13T19:24:14.930Z [Modules] Streaming discord_krisp@1 to /home/arch/.config/discord/0.0.74/modules/pending/discord_krisp-1.zip: 90%
2024-11-13T19:24:14.950Z [Modules] Streaming discord_krisp@1 to /home/arch/.config/discord/0.0.74/modules/pending/discord_krisp-1.zip: 91%
2024-11-13T19:24:14.970Z [Modules] Streaming discord_krisp@1 to /home/arch/.config/discord/0.0.74/modules/pending/discord_krisp-1.zip: 92%
2024-11-13T19:24:14.990Z [Modules] Streaming discord_krisp@1 to /home/arch/.config/discord/0.0.74/modules/pending/discord_krisp-1.zip: 93%
2024-11-13T19:24:15.011Z [Modules] Streaming discord_krisp@1 to /home/arch/.config/discord/0.0.74/modules/pending/discord_krisp-1.zip: 94%
2024-11-13T19:24:15.029Z [Modules] Streaming discord_krisp@1 to /home/arch/.config/discord/0.0.74/modules/pending/discord_krisp-1.zip: 95%
2024-11-13T19:24:15.049Z [Modules] Streaming discord_krisp@1 to /home/arch/.config/discord/0.0.74/modules/pending/discord_krisp-1.zip: 96%
2024-11-13T19:24:15.069Z [Modules] Streaming discord_krisp@1 to /home/arch/.config/discord/0.0.74/modules/pending/discord_krisp-1.zip: 97%
2024-11-13T19:24:15.089Z [Modules] Streaming discord_krisp@1 to /home/arch/.config/discord/0.0.74/modules/pending/discord_krisp-1.zip: 98%
2024-11-13T19:24:15.109Z [Modules] Streaming discord_krisp@1 to /home/arch/.config/discord/0.0.74/modules/pending/discord_krisp-1.zip: 99%
2024-11-13T19:24:15.129Z [Modules] Streaming discord_krisp@1 to /home/arch/.config/discord/0.0.74/modules/pending/discord_krisp-1.zip: 100%
2024-11-13T19:24:15.130Z [Modules] Fetching discord_game_utils@1 from https://discord.com/api/modules/stable/discord_game_utils/1
2024-11-13T19:24:15.130Z [Modules] Streaming discord_game_utils@1 to /home/arch/.config/discord/0.0.74/modules/pending/discord_game_utils-1.zip
2024-11-13T19:24:15.130Z [Modules] Installing discord_krisp@1 from /home/arch/.config/discord/0.0.74/modules/pending/discord_krisp-1.zip
2024-11-13T19:24:15.360Z [Modules] Finished module installations. [success: 1] [failure: 0]
2024-11-13T19:24:15.431Z [Modules] Streaming discord_game_utils@1 to /home/arch/.config/discord/0.0.74/modules/pending/discord_game_utils-1.zip: 1%
2024-11-13T19:24:15.433Z [Modules] Streaming discord_game_utils@1 to /home/arch/.config/discord/0.0.74/modules/pending/discord_game_utils-1.zip: 2%
2024-11-13T19:24:15.435Z [Modules] Streaming discord_game_utils@1 to /home/arch/.config/discord/0.0.74/modules/pending/discord_game_utils-1.zip: 3%
2024-11-13T19:24:15.438Z [Modules] Streaming discord_game_utils@1 to /home/arch/.config/discord/0.0.74/modules/pending/discord_game_utils-1.zip: 4%
2024-11-13T19:24:15.440Z [Modules] Streaming discord_game_utils@1 to /home/arch/.config/discord/0.0.74/modules/pending/discord_game_utils-1.zip: 5%
2024-11-13T19:24:15.442Z [Modules] Streaming discord_game_utils@1 to /home/arch/.config/discord/0.0.74/modules/pending/discord_game_utils-1.zip: 6%
2024-11-13T19:24:15.444Z [Modules] Streaming discord_game_utils@1 to /home/arch/.config/discord/0.0.74/modules/pending/discord_game_utils-1.zip: 7%
2024-11-13T19:24:15.446Z [Modules] Streaming discord_game_utils@1 to /home/arch/.config/discord/0.0.74/modules/pending/discord_game_utils-1.zip: 8%
2024-11-13T19:24:15.450Z [Modules] Streaming discord_game_utils@1 to /home/arch/.config/discord/0.0.74/modules/pending/discord_game_utils-1.zip: 9%
2024-11-13T19:24:15.452Z [Modules] Streaming discord_game_utils@1 to /home/arch/.config/discord/0.0.74/modules/pending/discord_game_utils-1.zip: 10%
2024-11-13T19:24:15.453Z [Modules] Streaming discord_game_utils@1 to /home/arch/.config/discord/0.0.74/modules/pending/discord_game_utils-1.zip: 11%
2024-11-13T19:24:15.455Z [Modules] Streaming discord_game_utils@1 to /home/arch/.config/discord/0.0.74/modules/pending/discord_game_utils-1.zip: 12%
2024-11-13T19:24:15.457Z [Modules] Streaming discord_game_utils@1 to /home/arch/.config/discord/0.0.74/modules/pending/discord_game_utils-1.zip: 13%
2024-11-13T19:24:15.460Z [Modules] Streaming discord_game_utils@1 to /home/arch/.config/discord/0.0.74/modules/pending/discord_game_utils-1.zip: 14%
2024-11-13T19:24:15.463Z [Modules] Streaming discord_game_utils@1 to /home/arch/.config/discord/0.0.74/modules/pending/discord_game_utils-1.zip: 15%
2024-11-13T19:24:15.465Z [Modules] Streaming discord_game_utils@1 to /home/arch/.config/discord/0.0.74/modules/pending/discord_game_utils-1.zip: 16%
2024-11-13T19:24:15.467Z [Modules] Streaming discord_game_utils@1 to /home/arch/.config/discord/0.0.74/modules/pending/discord_game_utils-1.zip: 17%
2024-11-13T19:24:15.470Z [Modules] Streaming discord_game_utils@1 to /home/arch/.config/discord/0.0.74/modules/pending/discord_game_utils-1.zip: 18%
2024-11-13T19:24:15.472Z [Modules] Streaming discord_game_utils@1 to /home/arch/.config/discord/0.0.74/modules/pending/discord_game_utils-1.zip: 19%
2024-11-13T19:24:15.474Z [Modules] Streaming discord_game_utils@1 to /home/arch/.config/discord/0.0.74/modules/pending/discord_game_utils-1.zip: 20%
2024-11-13T19:24:15.476Z [Modules] Streaming discord_game_utils@1 to /home/arch/.config/discord/0.0.74/modules/pending/discord_game_utils-1.zip: 21%
2024-11-13T19:24:15.478Z [Modules] Streaming discord_game_utils@1 to /home/arch/.config/discord/0.0.74/modules/pending/discord_game_utils-1.zip: 22%
2024-11-13T19:24:15.481Z [Modules] Streaming discord_game_utils@1 to /home/arch/.config/discord/0.0.74/modules/pending/discord_game_utils-1.zip: 23%
2024-11-13T19:24:15.483Z [Modules] Streaming discord_game_utils@1 to /home/arch/.config/discord/0.0.74/modules/pending/discord_game_utils-1.zip: 24%
2024-11-13T19:24:15.485Z [Modules] Streaming discord_game_utils@1 to /home/arch/.config/discord/0.0.74/modules/pending/discord_game_utils-1.zip: 25%
2024-11-13T19:24:15.487Z [Modules] Streaming discord_game_utils@1 to /home/arch/.config/discord/0.0.74/modules/pending/discord_game_utils-1.zip: 26%
2024-11-13T19:24:15.489Z [Modules] Streaming discord_game_utils@1 to /home/arch/.config/discord/0.0.74/modules/pending/discord_game_utils-1.zip: 27%
2024-11-13T19:24:15.491Z [Modules] Streaming discord_game_utils@1 to /home/arch/.config/discord/0.0.74/modules/pending/discord_game_utils-1.zip: 28%
2024-11-13T19:24:15.493Z [Modules] Streaming discord_game_utils@1 to /home/arch/.config/discord/0.0.74/modules/pending/discord_game_utils-1.zip: 29%
2024-11-13T19:24:15.495Z [Modules] Streaming discord_game_utils@1 to /home/arch/.config/discord/0.0.74/modules/pending/discord_game_utils-1.zip: 30%
2024-11-13T19:24:15.497Z [Modules] Streaming discord_game_utils@1 to /home/arch/.config/discord/0.0.74/modules/pending/discord_game_utils-1.zip: 31%
2024-11-13T19:24:15.499Z [Modules] Streaming discord_game_utils@1 to /home/arch/.config/discord/0.0.74/modules/pending/discord_game_utils-1.zip: 32%
2024-11-13T19:24:15.502Z [Modules] Streaming discord_game_utils@1 to /home/arch/.config/discord/0.0.74/modules/pending/discord_game_utils-1.zip: 33%
2024-11-13T19:24:15.504Z [Modules] Streaming discord_game_utils@1 to /home/arch/.config/discord/0.0.74/modules/pending/discord_game_utils-1.zip: 34%
2024-11-13T19:24:15.506Z [Modules] Streaming discord_game_utils@1 to /home/arch/.config/discord/0.0.74/modules/pending/discord_game_utils-1.zip: 35%
2024-11-13T19:24:15.508Z [Modules] Streaming discord_game_utils@1 to /home/arch/.config/discord/0.0.74/modules/pending/discord_game_utils-1.zip: 36%
2024-11-13T19:24:15.512Z [Modules] Streaming discord_game_utils@1 to /home/arch/.config/discord/0.0.74/modules/pending/discord_game_utils-1.zip: 37%
2024-11-13T19:24:15.514Z [Modules] Streaming discord_game_utils@1 to /home/arch/.config/discord/0.0.74/modules/pending/discord_game_utils-1.zip: 38%
2024-11-13T19:24:15.515Z [Modules] Streaming discord_game_utils@1 to /home/arch/.config/discord/0.0.74/modules/pending/discord_game_utils-1.zip: 39%
2024-11-13T19:24:15.517Z [Modules] Streaming discord_game_utils@1 to /home/arch/.config/discord/0.0.74/modules/pending/discord_game_utils-1.zip: 40%
2024-11-13T19:24:15.520Z [Modules] Streaming discord_game_utils@1 to /home/arch/.config/discord/0.0.74/modules/pending/discord_game_utils-1.zip: 41%
2024-11-13T19:24:15.522Z [Modules] Streaming discord_game_utils@1 to /home/arch/.config/discord/0.0.74/modules/pending/discord_game_utils-1.zip: 42%
2024-11-13T19:24:15.524Z [Modules] Streaming discord_game_utils@1 to /home/arch/.config/discord/0.0.74/modules/pending/discord_game_utils-1.zip: 43%
2024-11-13T19:24:15.526Z [Modules] Streaming discord_game_utils@1 to /home/arch/.config/discord/0.0.74/modules/pending/discord_game_utils-1.zip: 44%
2024-11-13T19:24:15.529Z [Modules] Streaming discord_game_utils@1 to /home/arch/.config/discord/0.0.74/modules/pending/discord_game_utils-1.zip: 45%
2024-11-13T19:24:15.531Z [Modules] Streaming discord_game_utils@1 to /home/arch/.config/discord/0.0.74/modules/pending/discord_game_utils-1.zip: 46%
2024-11-13T19:24:15.533Z [Modules] Streaming discord_game_utils@1 to /home/arch/.config/discord/0.0.74/modules/pending/discord_game_utils-1.zip: 47%
2024-11-13T19:24:15.535Z [Modules] Streaming discord_game_utils@1 to /home/arch/.config/discord/0.0.74/modules/pending/discord_game_utils-1.zip: 48%
2024-11-13T19:24:15.537Z [Modules] Streaming discord_game_utils@1 to /home/arch/.config/discord/0.0.74/modules/pending/discord_game_utils-1.zip: 49%
2024-11-13T19:24:15.540Z [Modules] Streaming discord_game_utils@1 to /home/arch/.config/discord/0.0.74/modules/pending/discord_game_utils-1.zip: 50%
2024-11-13T19:24:15.542Z [Modules] Streaming discord_game_utils@1 to /home/arch/.config/discord/0.0.74/modules/pending/discord_game_utils-1.zip: 51%
2024-11-13T19:24:15.544Z [Modules] Streaming discord_game_utils@1 to /home/arch/.config/discord/0.0.74/modules/pending/discord_game_utils-1.zip: 52%
2024-11-13T19:24:15.546Z [Modules] Streaming discord_game_utils@1 to /home/arch/.config/discord/0.0.74/modules/pending/discord_game_utils-1.zip: 53%
2024-11-13T19:24:15.549Z [Modules] Streaming discord_game_utils@1 to /home/arch/.config/discord/0.0.74/modules/pending/discord_game_utils-1.zip: 54%
2024-11-13T19:24:15.551Z [Modules] Streaming discord_game_utils@1 to /home/arch/.config/discord/0.0.74/modules/pending/discord_game_utils-1.zip: 55%
2024-11-13T19:24:15.553Z [Modules] Streaming discord_game_utils@1 to /home/arch/.config/discord/0.0.74/modules/pending/discord_game_utils-1.zip: 56%
2024-11-13T19:24:15.556Z [Modules] Streaming discord_game_utils@1 to /home/arch/.config/discord/0.0.74/modules/pending/discord_game_utils-1.zip: 57%
2024-11-13T19:24:15.558Z [Modules] Streaming discord_game_utils@1 to /home/arch/.config/discord/0.0.74/modules/pending/discord_game_utils-1.zip: 58%
2024-11-13T19:24:15.560Z [Modules] Streaming discord_game_utils@1 to /home/arch/.config/discord/0.0.74/modules/pending/discord_game_utils-1.zip: 59%
2024-11-13T19:24:15.562Z [Modules] Streaming discord_game_utils@1 to /home/arch/.config/discord/0.0.74/modules/pending/discord_game_utils-1.zip: 60%
2024-11-13T19:24:15.565Z [Modules] Streaming discord_game_utils@1 to /home/arch/.config/discord/0.0.74/modules/pending/discord_game_utils-1.zip: 61%
2024-11-13T19:24:15.567Z [Modules] Streaming discord_game_utils@1 to /home/arch/.config/discord/0.0.74/modules/pending/discord_game_utils-1.zip: 62%
2024-11-13T19:24:15.569Z [Modules] Streaming discord_game_utils@1 to /home/arch/.config/discord/0.0.74/modules/pending/discord_game_utils-1.zip: 63%
2024-11-13T19:24:15.571Z [Modules] Streaming discord_game_utils@1 to /home/arch/.config/discord/0.0.74/modules/pending/discord_game_utils-1.zip: 64%
2024-11-13T19:24:15.573Z [Modules] Streaming discord_game_utils@1 to /home/arch/.config/discord/0.0.74/modules/pending/discord_game_utils-1.zip: 65%
2024-11-13T19:24:15.576Z [Modules] Streaming discord_game_utils@1 to /home/arch/.config/discord/0.0.74/modules/pending/discord_game_utils-1.zip: 66%
2024-11-13T19:24:15.578Z [Modules] Streaming discord_game_utils@1 to /home/arch/.config/discord/0.0.74/modules/pending/discord_game_utils-1.zip: 67%
2024-11-13T19:24:15.580Z [Modules] Streaming discord_game_utils@1 to /home/arch/.config/discord/0.0.74/modules/pending/discord_game_utils-1.zip: 68%
2024-11-13T19:24:15.582Z [Modules] Streaming discord_game_utils@1 to /home/arch/.config/discord/0.0.74/modules/pending/discord_game_utils-1.zip: 69%
2024-11-13T19:24:15.584Z [Modules] Streaming discord_game_utils@1 to /home/arch/.config/discord/0.0.74/modules/pending/discord_game_utils-1.zip: 70%
2024-11-13T19:24:15.586Z [Modules] Streaming discord_game_utils@1 to /home/arch/.config/discord/0.0.74/modules/pending/discord_game_utils-1.zip: 71%
2024-11-13T19:24:15.588Z [Modules] Streaming discord_game_utils@1 to /home/arch/.config/discord/0.0.74/modules/pending/discord_game_utils-1.zip: 72%
2024-11-13T19:24:15.591Z [Modules] Streaming discord_game_utils@1 to /home/arch/.config/discord/0.0.74/modules/pending/discord_game_utils-1.zip: 73%
2024-11-13T19:24:15.593Z [Modules] Streaming discord_game_utils@1 to /home/arch/.config/discord/0.0.74/modules/pending/discord_game_utils-1.zip: 74%
2024-11-13T19:24:15.595Z [Modules] Streaming discord_game_utils@1 to /home/arch/.config/discord/0.0.74/modules/pending/discord_game_utils-1.zip: 75%
2024-11-13T19:24:15.597Z [Modules] Streaming discord_game_utils@1 to /home/arch/.config/discord/0.0.74/modules/pending/discord_game_utils-1.zip: 76%
2024-11-13T19:24:15.600Z [Modules] Streaming discord_game_utils@1 to /home/arch/.config/discord/0.0.74/modules/pending/discord_game_utils-1.zip: 77%
2024-11-13T19:24:15.603Z [Modules] Streaming discord_game_utils@1 to /home/arch/.config/discord/0.0.74/modules/pending/discord_game_utils-1.zip: 78%
2024-11-13T19:24:15.605Z [Modules] Streaming discord_game_utils@1 to /home/arch/.config/discord/0.0.74/modules/pending/discord_game_utils-1.zip: 79%
2024-11-13T19:24:15.607Z [Modules] Streaming discord_game_utils@1 to /home/arch/.config/discord/0.0.74/modules/pending/discord_game_utils-1.zip: 80%
2024-11-13T19:24:15.609Z [Modules] Streaming discord_game_utils@1 to /home/arch/.config/discord/0.0.74/modules/pending/discord_game_utils-1.zip: 81%
2024-11-13T19:24:15.611Z [Modules] Streaming discord_game_utils@1 to /home/arch/.config/discord/0.0.74/modules/pending/discord_game_utils-1.zip: 82%
2024-11-13T19:24:15.613Z [Modules] Streaming discord_game_utils@1 to /home/arch/.config/discord/0.0.74/modules/pending/discord_game_utils-1.zip: 83%
2024-11-13T19:24:15.615Z [Modules] Streaming discord_game_utils@1 to /home/arch/.config/discord/0.0.74/modules/pending/discord_game_utils-1.zip: 84%
2024-11-13T19:24:15.617Z [Modules] Streaming discord_game_utils@1 to /home/arch/.config/discord/0.0.74/modules/pending/discord_game_utils-1.zip: 85%
2024-11-13T19:24:15.619Z [Modules] Streaming discord_game_utils@1 to /home/arch/.config/discord/0.0.74/modules/pending/discord_game_utils-1.zip: 86%
2024-11-13T19:24:15.621Z [Modules] Streaming discord_game_utils@1 to /home/arch/.config/discord/0.0.74/modules/pending/discord_game_utils-1.zip: 87%
2024-11-13T19:24:15.624Z [Modules] Streaming discord_game_utils@1 to /home/arch/.config/discord/0.0.74/modules/pending/discord_game_utils-1.zip: 88%
2024-11-13T19:24:15.627Z [Modules] Streaming discord_game_utils@1 to /home/arch/.config/discord/0.0.74/modules/pending/discord_game_utils-1.zip: 89%
2024-11-13T19:24:15.629Z [Modules] Streaming discord_game_utils@1 to /home/arch/.config/discord/0.0.74/modules/pending/discord_game_utils-1.zip: 90%
2024-11-13T19:24:15.631Z [Modules] Streaming discord_game_utils@1 to /home/arch/.config/discord/0.0.74/modules/pending/discord_game_utils-1.zip: 91%
2024-11-13T19:24:15.634Z [Modules] Streaming discord_game_utils@1 to /home/arch/.config/discord/0.0.74/modules/pending/discord_game_utils-1.zip: 92%
2024-11-13T19:24:15.636Z [Modules] Streaming discord_game_utils@1 to /home/arch/.config/discord/0.0.74/modules/pending/discord_game_utils-1.zip: 93%
2024-11-13T19:24:15.638Z [Modules] Streaming discord_game_utils@1 to /home/arch/.config/discord/0.0.74/modules/pending/discord_game_utils-1.zip: 94%
2024-11-13T19:24:15.640Z [Modules] Streaming discord_game_utils@1 to /home/arch/.config/discord/0.0.74/modules/pending/discord_game_utils-1.zip: 95%
2024-11-13T19:24:15.642Z [Modules] Streaming discord_game_utils@1 to /home/arch/.config/discord/0.0.74/modules/pending/discord_game_utils-1.zip: 96%
2024-11-13T19:24:15.644Z [Modules] Streaming discord_game_utils@1 to /home/arch/.config/discord/0.0.74/modules/pending/discord_game_utils-1.zip: 97%
2024-11-13T19:24:15.646Z [Modules] Streaming discord_game_utils@1 to /home/arch/.config/discord/0.0.74/modules/pending/discord_game_utils-1.zip: 98%
2024-11-13T19:24:15.648Z [Modules] Streaming discord_game_utils@1 to /home/arch/.config/discord/0.0.74/modules/pending/discord_game_utils-1.zip: 99%
2024-11-13T19:24:15.650Z [Modules] Streaming discord_game_utils@1 to /home/arch/.config/discord/0.0.74/modules/pending/discord_game_utils-1.zip: 100%
2024-11-13T19:24:15.651Z [Modules] Fetching discord_rpc@1 from https://discord.com/api/modules/stable/discord_rpc/1
2024-11-13T19:24:15.651Z [Modules] Streaming discord_rpc@1 to /home/arch/.config/discord/0.0.74/modules/pending/discord_rpc-1.zip
2024-11-13T19:24:15.651Z [Modules] Installing discord_game_utils@1 from /home/arch/.config/discord/0.0.74/modules/pending/discord_game_utils-1.zip
2024-11-13T19:24:15.691Z [Modules] Finished module installations. [success: 1] [failure: 0]
2024-11-13T19:24:15.837Z [Modules] Streaming discord_rpc@1 to /home/arch/.config/discord/0.0.74/modules/pending/discord_rpc-1.zip: 14%
2024-11-13T19:24:15.837Z [Modules] Streaming discord_rpc@1 to /home/arch/.config/discord/0.0.74/modules/pending/discord_rpc-1.zip: 23%
2024-11-13T19:24:15.838Z [Modules] Streaming discord_rpc@1 to /home/arch/.config/discord/0.0.74/modules/pending/discord_rpc-1.zip: 32%
2024-11-13T19:24:15.838Z [Modules] Streaming discord_rpc@1 to /home/arch/.config/discord/0.0.74/modules/pending/discord_rpc-1.zip: 40%
2024-11-13T19:24:15.838Z [Modules] Streaming discord_rpc@1 to /home/arch/.config/discord/0.0.74/modules/pending/discord_rpc-1.zip: 43%
2024-11-13T19:24:15.838Z [Modules] Streaming discord_rpc@1 to /home/arch/.config/discord/0.0.74/modules/pending/discord_rpc-1.zip: 49%
2024-11-13T19:24:15.838Z [Modules] Streaming discord_rpc@1 to /home/arch/.config/discord/0.0.74/modules/pending/discord_rpc-1.zip: 58%
2024-11-13T19:24:15.838Z [Modules] Streaming discord_rpc@1 to /home/arch/.config/discord/0.0.74/modules/pending/discord_rpc-1.zip: 61%
2024-11-13T19:24:15.839Z [Modules] Streaming discord_rpc@1 to /home/arch/.config/discord/0.0.74/modules/pending/discord_rpc-1.zip: 64%
2024-11-13T19:24:15.839Z [Modules] Streaming discord_rpc@1 to /home/arch/.config/discord/0.0.74/modules/pending/discord_rpc-1.zip: 69%
2024-11-13T19:24:15.839Z [Modules] Streaming discord_rpc@1 to /home/arch/.config/discord/0.0.74/modules/pending/discord_rpc-1.zip: 72%
2024-11-13T19:24:15.839Z [Modules] Streaming discord_rpc@1 to /home/arch/.config/discord/0.0.74/modules/pending/discord_rpc-1.zip: 78%
2024-11-13T19:24:15.839Z [Modules] Streaming discord_rpc@1 to /home/arch/.config/discord/0.0.74/modules/pending/discord_rpc-1.zip: 81%
2024-11-13T19:24:15.839Z [Modules] Streaming discord_rpc@1 to /home/arch/.config/discord/0.0.74/modules/pending/discord_rpc-1.zip: 87%
2024-11-13T19:24:15.839Z [Modules] Streaming discord_rpc@1 to /home/arch/.config/discord/0.0.74/modules/pending/discord_rpc-1.zip: 90%
2024-11-13T19:24:15.840Z [Modules] Streaming discord_rpc@1 to /home/arch/.config/discord/0.0.74/modules/pending/discord_rpc-1.zip: 99%
2024-11-13T19:24:15.840Z [Modules] Streaming discord_rpc@1 to /home/arch/.config/discord/0.0.74/modules/pending/discord_rpc-1.zip: 100%
2024-11-13T19:24:15.841Z [Modules] Finished module downloads. [success: 3] [failure: 0]
2024-11-13T19:24:15.841Z [Modules] Installing discord_rpc@1 from /home/arch/.config/discord/0.0.74/modules/pending/discord_rpc-1.zip
2024-11-13T19:24:15.848Z [Modules] Finished module installations. [success: 1] [failure: 0]
2024-11-13T19:41:36.754Z [Modules] Modules initializing
2024-11-13T19:41:36.754Z [Modules] Distribution: remote
2024-11-13T19:41:36.754Z [Modules] Host updates: enabled
2024-11-13T19:41:36.754Z [Modules] Module updates: enabled
2024-11-13T19:41:36.754Z [Modules] Module install path: /home/arch/.config/discord/0.0.74/modules
2024-11-13T19:41:36.754Z [Modules] Module installed file path: /home/arch/.config/discord/0.0.74/modules/installed.json
2024-11-13T19:41:36.754Z [Modules] Module download path: /home/arch/.config/discord/0.0.74/modules/pending
2024-11-13T19:41:36.898Z [Modules] No updates to install
2024-11-13T19:41:36.898Z [Modules] Checking for host updates.
2024-11-13T19:41:37.204Z [Modules] Host is up to date.
2024-11-13T19:41:37.205Z [Modules] Checking for module updates at https://discord.com/api/modules/stable/versions.json
2024-11-13T19:41:37.243Z [Modules] No module updates available.
2024-11-13T19:41:39.195Z [Modules] Checking for host updates.
2024-11-13T19:41:39.412Z [Modules] Host is up to date.
2024-11-13T19:41:39.412Z [Modules] Checking for module updates at https://discord.com/api/modules/stable/versions.json
2024-11-13T19:41:39.413Z [Modules] No module updates available.
2024-11-21T18:16:26.578Z [Modules] Modules initializing
2024-11-21T18:16:26.578Z [Modules] Distribution: remote
2024-11-21T18:16:26.578Z [Modules] Host updates: enabled
2024-11-21T18:16:26.578Z [Modules] Module updates: enabled
2024-11-21T18:16:26.579Z [Modules] Module install path: /home/arch/.config/discord/0.0.74/modules
2024-11-21T18:16:26.579Z [Modules] Module installed file path: /home/arch/.config/discord/0.0.74/modules/installed.json
2024-11-21T18:16:26.579Z [Modules] Module download path: /home/arch/.config/discord/0.0.74/modules/pending
2024-11-21T18:16:26.756Z [Modules] No updates to install
2024-11-21T18:16:26.757Z [Modules] Checking for host updates.
2024-11-21T18:16:27.085Z [Modules] Host update is available. Manual update required!
2024-11-21T17:18:03.602Z [Modules] Modules initializing
2024-11-21T17:18:03.602Z [Modules] Distribution: remote
2024-11-21T17:18:03.602Z [Modules] Host updates: enabled
2024-11-21T17:18:03.602Z [Modules] Module updates: enabled
2024-11-21T17:18:03.602Z [Modules] Module install path: /home/arch/.config/discord/0.0.75/modules
2024-11-21T17:18:03.602Z [Modules] Module installed file path: /home/arch/.config/discord/0.0.75/modules/installed.json
2024-11-21T17:18:03.602Z [Modules] Module download path: /home/arch/.config/discord/0.0.75/modules/pending
2024-11-21T17:18:03.747Z [Modules] Bootstrapping...
2024-11-21T17:18:03.747Z [Modules] Installing discord_desktop_core@0 from /opt/discord/resources/bootstrap/discord_desktop_core.zip
2024-11-21T17:18:03.748Z [Modules] Failed installing discord_desktop_core@0: Error: ENOENT: no such file or directory, open '/opt/discord/resources/bootstrap/discord_desktop_core.zip'
2024-11-21T17:18:03.748Z [Modules] Installing discord_erlpack@0 from /opt/discord/resources/bootstrap/discord_erlpack.zip
2024-11-21T17:18:03.748Z [Modules] Failed installing discord_erlpack@0: Error: ENOENT: no such file or directory, open '/opt/discord/resources/bootstrap/discord_erlpack.zip'
2024-11-21T17:18:03.749Z [Modules] Installing discord_spellcheck@0 from /opt/discord/resources/bootstrap/discord_spellcheck.zip
2024-11-21T17:18:03.749Z [Modules] Failed installing discord_spellcheck@0: Error: ENOENT: no such file or directory, open '/opt/discord/resources/bootstrap/discord_spellcheck.zip'
2024-11-21T17:18:03.749Z [Modules] Installing discord_utils@0 from /opt/discord/resources/bootstrap/discord_utils.zip
2024-11-21T17:18:03.749Z [Modules] Failed installing discord_utils@0: Error: ENOENT: no such file or directory, open '/opt/discord/resources/bootstrap/discord_utils.zip'
2024-11-21T17:18:03.749Z [Modules] Installing discord_voice@0 from /opt/discord/resources/bootstrap/discord_voice.zip
2024-11-21T17:18:03.750Z [Modules] Failed installing discord_voice@0: Error: ENOENT: no such file or directory, open '/opt/discord/resources/bootstrap/discord_voice.zip'
2024-11-21T17:18:03.750Z [Modules] Installing discord_zstd@0 from /opt/discord/resources/bootstrap/discord_zstd.zip
2024-11-21T17:18:03.750Z [Modules] Failed installing discord_zstd@0: Error: ENOENT: no such file or directory, open '/opt/discord/resources/bootstrap/discord_zstd.zip'
2024-11-21T17:18:03.750Z [Modules] Finished module installations. [success: 0] [failure: 6]
2024-11-21T17:18:03.751Z [Modules] Checking for host updates.
2024-11-21T17:18:04.027Z [Modules] Host is up to date.
2024-11-21T17:18:04.027Z [Modules] Checking for module updates at https://discord.com/api/modules/stable/versions.json
2024-11-21T17:18:04.066Z [Modules] Module update available: discord_desktop_core@1 [installed: 0]
2024-11-21T17:18:04.066Z [Modules] Module update available: discord_erlpack@1 [installed: 0]
2024-11-21T17:18:04.066Z [Modules] Module update available: discord_spellcheck@1 [installed: 0]
2024-11-21T17:18:04.066Z [Modules] Module update available: discord_utils@1 [installed: 0]
2024-11-21T17:18:04.066Z [Modules] Module update available: discord_voice@1 [installed: 0]
2024-11-21T17:18:04.066Z [Modules] Module update available: discord_zstd@1 [installed: 0]
2024-11-21T17:18:04.066Z [Modules] Fetching discord_desktop_core@1 from https://discord.com/api/modules/stable/discord_desktop_core/1
2024-11-21T17:18:04.067Z [Modules] Streaming discord_desktop_core@1 to /home/arch/.config/discord/0.0.75/modules/pending/discord_desktop_core-1.zip
2024-11-21T17:18:04.373Z [Modules] Streaming discord_desktop_core@1 to /home/arch/.config/discord/0.0.75/modules/pending/discord_desktop_core-1.zip: 1%
2024-11-21T17:18:04.380Z [Modules] Streaming discord_desktop_core@1 to /home/arch/.config/discord/0.0.75/modules/pending/discord_desktop_core-1.zip: 2%
2024-11-21T17:18:04.388Z [Modules] Streaming discord_desktop_core@1 to /home/arch/.config/discord/0.0.75/modules/pending/discord_desktop_core-1.zip: 3%
2024-11-21T17:18:04.395Z [Modules] Streaming discord_desktop_core@1 to /home/arch/.config/discord/0.0.75/modules/pending/discord_desktop_core-1.zip: 4%
2024-11-21T17:18:04.401Z [Modules] Streaming discord_desktop_core@1 to /home/arch/.config/discord/0.0.75/modules/pending/discord_desktop_core-1.zip: 5%
2024-11-21T17:18:04.404Z [Modules] Streaming discord_desktop_core@1 to /home/arch/.config/discord/0.0.75/modules/pending/discord_desktop_core-1.zip: 6%
2024-11-21T17:18:04.406Z [Modules] Streaming discord_desktop_core@1 to /home/arch/.config/discord/0.0.75/modules/pending/discord_desktop_core-1.zip: 7%
2024-11-21T17:18:04.411Z [Modules] Streaming discord_desktop_core@1 to /home/arch/.config/discord/0.0.75/modules/pending/discord_desktop_core-1.zip: 8%
2024-11-21T17:18:04.415Z [Modules] Streaming discord_desktop_core@1 to /home/arch/.config/discord/0.0.75/modules/pending/discord_desktop_core-1.zip: 9%
2024-11-21T17:18:04.419Z [Modules] Streaming discord_desktop_core@1 to /home/arch/.config/discord/0.0.75/modules/pending/discord_desktop_core-1.zip: 10%
2024-11-21T17:18:04.421Z [Modules] Streaming discord_desktop_core@1 to /home/arch/.config/discord/0.0.75/modules/pending/discord_desktop_core-1.zip: 11%
2024-11-21T17:18:04.422Z [Modules] Streaming discord_desktop_core@1 to /home/arch/.config/discord/0.0.75/modules/pending/discord_desktop_core-1.zip: 12%
2024-11-21T17:18:04.424Z [Modules] Streaming discord_desktop_core@1 to /home/arch/.config/discord/0.0.75/modules/pending/discord_desktop_core-1.zip: 13%
2024-11-21T17:18:04.427Z [Modules] Streaming discord_desktop_core@1 to /home/arch/.config/discord/0.0.75/modules/pending/discord_desktop_core-1.zip: 14%
2024-11-21T17:18:04.431Z [Modules] Streaming discord_desktop_core@1 to /home/arch/.config/discord/0.0.75/modules/pending/discord_desktop_core-1.zip: 15%
2024-11-21T17:18:04.439Z [Modules] Streaming discord_desktop_core@1 to /home/arch/.config/discord/0.0.75/modules/pending/discord_desktop_core-1.zip: 16%
2024-11-21T17:18:04.440Z [Modules] Streaming discord_desktop_core@1 to /home/arch/.config/discord/0.0.75/modules/pending/discord_desktop_core-1.zip: 17%
2024-11-21T17:18:04.442Z [Modules] Streaming discord_desktop_core@1 to /home/arch/.config/discord/0.0.75/modules/pending/discord_desktop_core-1.zip: 18%
2024-11-21T17:18:04.444Z [Modules] Streaming discord_desktop_core@1 to /home/arch/.config/discord/0.0.75/modules/pending/discord_desktop_core-1.zip: 19%
2024-11-21T17:18:04.446Z [Modules] Streaming discord_desktop_core@1 to /home/arch/.config/discord/0.0.75/modules/pending/discord_desktop_core-1.zip: 20%
2024-11-21T17:18:04.448Z [Modules] Streaming discord_desktop_core@1 to /home/arch/.config/discord/0.0.75/modules/pending/discord_desktop_core-1.zip: 21%
2024-11-21T17:18:04.449Z [Modules] Streaming discord_desktop_core@1 to /home/arch/.config/discord/0.0.75/modules/pending/discord_desktop_core-1.zip: 22%
2024-11-21T17:18:04.451Z [Modules] Streaming discord_desktop_core@1 to /home/arch/.config/discord/0.0.75/modules/pending/discord_desktop_core-1.zip: 23%
2024-11-21T17:18:04.453Z [Modules] Streaming discord_desktop_core@1 to /home/arch/.config/discord/0.0.75/modules/pending/discord_desktop_core-1.zip: 24%
2024-11-21T17:18:04.455Z [Modules] Streaming discord_desktop_core@1 to /home/arch/.config/discord/0.0.75/modules/pending/discord_desktop_core-1.zip: 25%
2024-11-21T17:18:04.459Z [Modules] Streaming discord_desktop_core@1 to /home/arch/.config/discord/0.0.75/modules/pending/discord_desktop_core-1.zip: 26%
2024-11-21T17:18:04.461Z [Modules] Streaming discord_desktop_core@1 to /home/arch/.config/discord/0.0.75/modules/pending/discord_desktop_core-1.zip: 27%
2024-11-21T17:18:04.463Z [Modules] Streaming discord_desktop_core@1 to /home/arch/.config/discord/0.0.75/modules/pending/discord_desktop_core-1.zip: 28%
2024-11-21T17:18:04.465Z [Modules] Streaming discord_desktop_core@1 to /home/arch/.config/discord/0.0.75/modules/pending/discord_desktop_core-1.zip: 29%
2024-11-21T17:18:04.466Z [Modules] Streaming discord_desktop_core@1 to /home/arch/.config/discord/0.0.75/modules/pending/discord_desktop_core-1.zip: 30%
2024-11-21T17:18:04.468Z [Modules] Streaming discord_desktop_core@1 to /home/arch/.config/discord/0.0.75/modules/pending/discord_desktop_core-1.zip: 31%
2024-11-21T17:18:04.470Z [Modules] Streaming discord_desktop_core@1 to /home/arch/.config/discord/0.0.75/modules/pending/discord_desktop_core-1.zip: 32%
2024-11-21T17:18:04.472Z [Modules] Streaming discord_desktop_core@1 to /home/arch/.config/discord/0.0.75/modules/pending/discord_desktop_core-1.zip: 33%
2024-11-21T17:18:04.474Z [Modules] Streaming discord_desktop_core@1 to /home/arch/.config/discord/0.0.75/modules/pending/discord_desktop_core-1.zip: 34%
2024-11-21T17:18:04.475Z [Modules] Streaming discord_desktop_core@1 to /home/arch/.config/discord/0.0.75/modules/pending/discord_desktop_core-1.zip: 35%
2024-11-21T17:18:04.477Z [Modules] Streaming discord_desktop_core@1 to /home/arch/.config/discord/0.0.75/modules/pending/discord_desktop_core-1.zip: 36%
2024-11-21T17:18:04.479Z [Modules] Streaming discord_desktop_core@1 to /home/arch/.config/discord/0.0.75/modules/pending/discord_desktop_core-1.zip: 37%
2024-11-21T17:18:04.481Z [Modules] Streaming discord_desktop_core@1 to /home/arch/.config/discord/0.0.75/modules/pending/discord_desktop_core-1.zip: 38%
2024-11-21T17:18:04.483Z [Modules] Streaming discord_desktop_core@1 to /home/arch/.config/discord/0.0.75/modules/pending/discord_desktop_core-1.zip: 39%
2024-11-21T17:18:04.485Z [Modules] Streaming discord_desktop_core@1 to /home/arch/.config/discord/0.0.75/modules/pending/discord_desktop_core-1.zip: 40%
2024-11-21T17:18:04.489Z [Modules] Streaming discord_desktop_core@1 to /home/arch/.config/discord/0.0.75/modules/pending/discord_desktop_core-1.zip: 41%
2024-11-21T17:18:04.491Z [Modules] Streaming discord_desktop_core@1 to /home/arch/.config/discord/0.0.75/modules/pending/discord_desktop_core-1.zip: 42%
2024-11-21T17:18:04.493Z [Modules] Streaming discord_desktop_core@1 to /home/arch/.config/discord/0.0.75/modules/pending/discord_desktop_core-1.zip: 43%
2024-11-21T17:18:04.494Z [Modules] Streaming discord_desktop_core@1 to /home/arch/.config/discord/0.0.75/modules/pending/discord_desktop_core-1.zip: 44%
2024-11-21T17:18:04.497Z [Modules] Streaming discord_desktop_core@1 to /home/arch/.config/discord/0.0.75/modules/pending/discord_desktop_core-1.zip: 45%
2024-11-21T17:18:04.499Z [Modules] Streaming discord_desktop_core@1 to /home/arch/.config/discord/0.0.75/modules/pending/discord_desktop_core-1.zip: 46%
2024-11-21T17:18:04.500Z [Modules] Streaming discord_desktop_core@1 to /home/arch/.config/discord/0.0.75/modules/pending/discord_desktop_core-1.zip: 47%
2024-11-21T17:18:04.502Z [Modules] Streaming discord_desktop_core@1 to /home/arch/.config/discord/0.0.75/modules/pending/discord_desktop_core-1.zip: 48%
2024-11-21T17:18:04.504Z [Modules] Streaming discord_desktop_core@1 to /home/arch/.config/discord/0.0.75/modules/pending/discord_desktop_core-1.zip: 49%
2024-11-21T17:18:04.505Z [Modules] Streaming discord_desktop_core@1 to /home/arch/.config/discord/0.0.75/modules/pending/discord_desktop_core-1.zip: 50%
2024-11-21T17:18:04.507Z [Modules] Streaming discord_desktop_core@1 to /home/arch/.config/discord/0.0.75/modules/pending/discord_desktop_core-1.zip: 51%
2024-11-21T17:18:04.509Z [Modules] Streaming discord_desktop_core@1 to /home/arch/.config/discord/0.0.75/modules/pending/discord_desktop_core-1.zip: 52%
2024-11-21T17:18:04.511Z [Modules] Streaming discord_desktop_core@1 to /home/arch/.config/discord/0.0.75/modules/pending/discord_desktop_core-1.zip: 53%
2024-11-21T17:18:04.512Z [Modules] Streaming discord_desktop_core@1 to /home/arch/.config/discord/0.0.75/modules/pending/discord_desktop_core-1.zip: 54%
2024-11-21T17:18:04.516Z [Modules] Streaming discord_desktop_core@1 to /home/arch/.config/discord/0.0.75/modules/pending/discord_desktop_core-1.zip: 55%
2024-11-21T17:18:04.517Z [Modules] Streaming discord_desktop_core@1 to /home/arch/.config/discord/0.0.75/modules/pending/discord_desktop_core-1.zip: 56%
2024-11-21T17:18:04.519Z [Modules] Streaming discord_desktop_core@1 to /home/arch/.config/discord/0.0.75/modules/pending/discord_desktop_core-1.zip: 57%
2024-11-21T17:18:04.521Z [Modules] Streaming discord_desktop_core@1 to /home/arch/.config/discord/0.0.75/modules/pending/discord_desktop_core-1.zip: 58%
2024-11-21T17:18:04.522Z [Modules] Streaming discord_desktop_core@1 to /home/arch/.config/discord/0.0.75/modules/pending/discord_desktop_core-1.zip: 59%
2024-11-21T17:18:04.524Z [Modules] Streaming discord_desktop_core@1 to /home/arch/.config/discord/0.0.75/modules/pending/discord_desktop_core-1.zip: 60%
2024-11-21T17:18:04.526Z [Modules] Streaming discord_desktop_core@1 to /home/arch/.config/discord/0.0.75/modules/pending/discord_desktop_core-1.zip: 61%
2024-11-21T17:18:04.528Z [Modules] Streaming discord_desktop_core@1 to /home/arch/.config/discord/0.0.75/modules/pending/discord_desktop_core-1.zip: 62%
2024-11-21T17:18:04.530Z [Modules] Streaming discord_desktop_core@1 to /home/arch/.config/discord/0.0.75/modules/pending/discord_desktop_core-1.zip: 63%
2024-11-21T17:18:04.532Z [Modules] Streaming discord_desktop_core@1 to /home/arch/.config/discord/0.0.75/modules/pending/discord_desktop_core-1.zip: 64%
2024-11-21T17:18:04.533Z [Modules] Streaming discord_desktop_core@1 to /home/arch/.config/discord/0.0.75/modules/pending/discord_desktop_core-1.zip: 65%
2024-11-21T17:18:04.535Z [Modules] Streaming discord_desktop_core@1 to /home/arch/.config/discord/0.0.75/modules/pending/discord_desktop_core-1.zip: 66%
2024-11-21T17:18:04.537Z [Modules] Streaming discord_desktop_core@1 to /home/arch/.config/discord/0.0.75/modules/pending/discord_desktop_core-1.zip: 67%
2024-11-21T17:18:04.539Z [Modules] Streaming discord_desktop_core@1 to /home/arch/.config/discord/0.0.75/modules/pending/discord_desktop_core-1.zip: 68%
2024-11-21T17:18:04.540Z [Modules] Streaming discord_desktop_core@1 to /home/arch/.config/discord/0.0.75/modules/pending/discord_desktop_core-1.zip: 69%
2024-11-21T17:18:04.542Z [Modules] Streaming discord_desktop_core@1 to /home/arch/.config/discord/0.0.75/modules/pending/discord_desktop_core-1.zip: 70%
2024-11-21T17:18:04.545Z [Modules] Streaming discord_desktop_core@1 to /home/arch/.config/discord/0.0.75/modules/pending/discord_desktop_core-1.zip: 71%
2024-11-21T17:18:04.547Z [Modules] Streaming discord_desktop_core@1 to /home/arch/.config/discord/0.0.75/modules/pending/discord_desktop_core-1.zip: 72%
2024-11-21T17:18:04.548Z [Modules] Streaming discord_desktop_core@1 to /home/arch/.config/discord/0.0.75/modules/pending/discord_desktop_core-1.zip: 73%
2024-11-21T17:18:04.550Z [Modules] Streaming discord_desktop_core@1 to /home/arch/.config/discord/0.0.75/modules/pending/discord_desktop_core-1.zip: 74%
2024-11-21T17:18:04.552Z [Modules] Streaming discord_desktop_core@1 to /home/arch/.config/discord/0.0.75/modules/pending/discord_desktop_core-1.zip: 75%
2024-11-21T17:18:04.554Z [Modules] Streaming discord_desktop_core@1 to /home/arch/.config/discord/0.0.75/modules/pending/discord_desktop_core-1.zip: 76%
2024-11-21T17:18:04.556Z [Modules] Streaming discord_desktop_core@1 to /home/arch/.config/discord/0.0.75/modules/pending/discord_desktop_core-1.zip: 77%
2024-11-21T17:18:04.560Z [Modules] Streaming discord_desktop_core@1 to /home/arch/.config/discord/0.0.75/modules/pending/discord_desktop_core-1.zip: 78%
2024-11-21T17:18:04.562Z [Modules] Streaming discord_desktop_core@1 to /home/arch/.config/discord/0.0.75/modules/pending/discord_desktop_core-1.zip: 79%
2024-11-21T17:18:04.564Z [Modules] Streaming discord_desktop_core@1 to /home/arch/.config/discord/0.0.75/modules/pending/discord_desktop_core-1.zip: 80%
2024-11-21T17:18:04.566Z [Modules] Streaming discord_desktop_core@1 to /home/arch/.config/discord/0.0.75/modules/pending/discord_desktop_core-1.zip: 81%
2024-11-21T17:18:04.567Z [Modules] Streaming discord_desktop_core@1 to /home/arch/.config/discord/0.0.75/modules/pending/discord_desktop_core-1.zip: 82%
2024-11-21T17:18:04.569Z [Modules] Streaming discord_desktop_core@1 to /home/arch/.config/discord/0.0.75/modules/pending/discord_desktop_core-1.zip: 83%
2024-11-21T17:18:04.571Z [Modules] Streaming discord_desktop_core@1 to /home/arch/.config/discord/0.0.75/modules/pending/discord_desktop_core-1.zip: 84%
2024-11-21T17:18:04.573Z [Modules] Streaming discord_desktop_core@1 to /home/arch/.config/discord/0.0.75/modules/pending/discord_desktop_core-1.zip: 85%
2024-11-21T17:18:04.576Z [Modules] Streaming discord_desktop_core@1 to /home/arch/.config/discord/0.0.75/modules/pending/discord_desktop_core-1.zip: 86%
2024-11-21T17:18:04.579Z [Modules] Streaming discord_desktop_core@1 to /home/arch/.config/discord/0.0.75/modules/pending/discord_desktop_core-1.zip: 87%
2024-11-21T17:18:04.581Z [Modules] Streaming discord_desktop_core@1 to /home/arch/.config/discord/0.0.75/modules/pending/discord_desktop_core-1.zip: 88%
2024-11-21T17:18:04.585Z [Modules] Streaming discord_desktop_core@1 to /home/arch/.config/discord/0.0.75/modules/pending/discord_desktop_core-1.zip: 89%
2024-11-21T17:18:04.587Z [Modules] Streaming discord_desktop_core@1 to /home/arch/.config/discord/0.0.75/modules/pending/discord_desktop_core-1.zip: 90%
2024-11-21T17:18:04.589Z [Modules] Streaming discord_desktop_core@1 to /home/arch/.config/discord/0.0.75/modules/pending/discord_desktop_core-1.zip: 91%
2024-11-21T17:18:04.590Z [Modules] Streaming discord_desktop_core@1 to /home/arch/.config/discord/0.0.75/modules/pending/discord_desktop_core-1.zip: 92%
2024-11-21T17:18:04.592Z [Modules] Streaming discord_desktop_core@1 to /home/arch/.config/discord/0.0.75/modules/pending/discord_desktop_core-1.zip: 93%
2024-11-21T17:18:04.594Z [Modules] Streaming discord_desktop_core@1 to /home/arch/.config/discord/0.0.75/modules/pending/discord_desktop_core-1.zip: 94%
2024-11-21T17:18:04.596Z [Modules] Streaming discord_desktop_core@1 to /home/arch/.config/discord/0.0.75/modules/pending/discord_desktop_core-1.zip: 95%
2024-11-21T17:18:04.598Z [Modules] Streaming discord_desktop_core@1 to /home/arch/.config/discord/0.0.75/modules/pending/discord_desktop_core-1.zip: 96%
2024-11-21T17:18:04.599Z [Modules] Streaming discord_desktop_core@1 to /home/arch/.config/discord/0.0.75/modules/pending/discord_desktop_core-1.zip: 97%
2024-11-21T17:18:04.601Z [Modules] Streaming discord_desktop_core@1 to /home/arch/.config/discord/0.0.75/modules/pending/discord_desktop_core-1.zip: 98%
2024-11-21T17:18:04.603Z [Modules] Streaming discord_desktop_core@1 to /home/arch/.config/discord/0.0.75/modules/pending/discord_desktop_core-1.zip: 99%
2024-11-21T17:18:04.605Z [Modules] Streaming discord_desktop_core@1 to /home/arch/.config/discord/0.0.75/modules/pending/discord_desktop_core-1.zip: 100%
2024-11-21T17:18:04.606Z [Modules] Fetching discord_erlpack@1 from https://discord.com/api/modules/stable/discord_erlpack/1
2024-11-21T17:18:04.606Z [Modules] Streaming discord_erlpack@1 to /home/arch/.config/discord/0.0.75/modules/pending/discord_erlpack-1.zip
2024-11-21T17:18:04.880Z [Modules] Streaming discord_erlpack@1 to /home/arch/.config/discord/0.0.75/modules/pending/discord_erlpack-1.zip: 1%
2024-11-21T17:18:04.881Z [Modules] Streaming discord_erlpack@1 to /home/arch/.config/discord/0.0.75/modules/pending/discord_erlpack-1.zip: 2%
2024-11-21T17:18:04.884Z [Modules] Streaming discord_erlpack@1 to /home/arch/.config/discord/0.0.75/modules/pending/discord_erlpack-1.zip: 3%
2024-11-21T17:18:04.886Z [Modules] Streaming discord_erlpack@1 to /home/arch/.config/discord/0.0.75/modules/pending/discord_erlpack-1.zip: 4%
2024-11-21T17:18:04.888Z [Modules] Streaming discord_erlpack@1 to /home/arch/.config/discord/0.0.75/modules/pending/discord_erlpack-1.zip: 5%
2024-11-21T17:18:04.890Z [Modules] Streaming discord_erlpack@1 to /home/arch/.config/discord/0.0.75/modules/pending/discord_erlpack-1.zip: 6%
2024-11-21T17:18:04.891Z [Modules] Streaming discord_erlpack@1 to /home/arch/.config/discord/0.0.75/modules/pending/discord_erlpack-1.zip: 7%
2024-11-21T17:18:04.893Z [Modules] Streaming discord_erlpack@1 to /home/arch/.config/discord/0.0.75/modules/pending/discord_erlpack-1.zip: 8%
2024-11-21T17:18:04.894Z [Modules] Streaming discord_erlpack@1 to /home/arch/.config/discord/0.0.75/modules/pending/discord_erlpack-1.zip: 9%
2024-11-21T17:18:04.896Z [Modules] Streaming discord_erlpack@1 to /home/arch/.config/discord/0.0.75/modules/pending/discord_erlpack-1.zip: 10%
2024-11-21T17:18:04.898Z [Modules] Streaming discord_erlpack@1 to /home/arch/.config/discord/0.0.75/modules/pending/discord_erlpack-1.zip: 11%
2024-11-21T17:18:04.900Z [Modules] Streaming discord_erlpack@1 to /home/arch/.config/discord/0.0.75/modules/pending/discord_erlpack-1.zip: 12%
2024-11-21T17:18:04.901Z [Modules] Streaming discord_erlpack@1 to /home/arch/.config/discord/0.0.75/modules/pending/discord_erlpack-1.zip: 13%
2024-11-21T17:18:04.903Z [Modules] Streaming discord_erlpack@1 to /home/arch/.config/discord/0.0.75/modules/pending/discord_erlpack-1.zip: 14%
2024-11-21T17:18:04.907Z [Modules] Streaming discord_erlpack@1 to /home/arch/.config/discord/0.0.75/modules/pending/discord_erlpack-1.zip: 15%
2024-11-21T17:18:04.908Z [Modules] Streaming discord_erlpack@1 to /home/arch/.config/discord/0.0.75/modules/pending/discord_erlpack-1.zip: 16%
2024-11-21T17:18:04.910Z [Modules] Streaming discord_erlpack@1 to /home/arch/.config/discord/0.0.75/modules/pending/discord_erlpack-1.zip: 17%
2024-11-21T17:18:04.912Z [Modules] Streaming discord_erlpack@1 to /home/arch/.config/discord/0.0.75/modules/pending/discord_erlpack-1.zip: 18%
2024-11-21T17:18:04.913Z [Modules] Streaming discord_erlpack@1 to /home/arch/.config/discord/0.0.75/modules/pending/discord_erlpack-1.zip: 19%
2024-11-21T17:18:04.917Z [Modules] Streaming discord_erlpack@1 to /home/arch/.config/discord/0.0.75/modules/pending/discord_erlpack-1.zip: 20%
2024-11-21T17:18:04.919Z [Modules] Streaming discord_erlpack@1 to /home/arch/.config/discord/0.0.75/modules/pending/discord_erlpack-1.zip: 21%
2024-11-21T17:18:04.920Z [Modules] Streaming discord_erlpack@1 to /home/arch/.config/discord/0.0.75/modules/pending/discord_erlpack-1.zip: 22%
2024-11-21T17:18:04.922Z [Modules] Streaming discord_erlpack@1 to /home/arch/.config/discord/0.0.75/modules/pending/discord_erlpack-1.zip: 23%
2024-11-21T17:18:04.924Z [Modules] Streaming discord_erlpack@1 to /home/arch/.config/discord/0.0.75/modules/pending/discord_erlpack-1.zip: 24%
2024-11-21T17:18:04.925Z [Modules] Streaming discord_erlpack@1 to /home/arch/.config/discord/0.0.75/modules/pending/discord_erlpack-1.zip: 25%
2024-11-21T17:18:04.927Z [Modules] Streaming discord_erlpack@1 to /home/arch/.config/discord/0.0.75/modules/pending/discord_erlpack-1.zip: 26%
2024-11-21T17:18:04.929Z [Modules] Streaming discord_erlpack@1 to /home/arch/.config/discord/0.0.75/modules/pending/discord_erlpack-1.zip: 27%
2024-11-21T17:18:04.930Z [Modules] Streaming discord_erlpack@1 to /home/arch/.config/discord/0.0.75/modules/pending/discord_erlpack-1.zip: 28%
2024-11-21T17:18:04.933Z [Modules] Streaming discord_erlpack@1 to /home/arch/.config/discord/0.0.75/modules/pending/discord_erlpack-1.zip: 29%
2024-11-21T17:18:04.935Z [Modules] Streaming discord_erlpack@1 to /home/arch/.config/discord/0.0.75/modules/pending/discord_erlpack-1.zip: 30%
2024-11-21T17:18:04.936Z [Modules] Streaming discord_erlpack@1 to /home/arch/.config/discord/0.0.75/modules/pending/discord_erlpack-1.zip: 31%
2024-11-21T17:18:04.938Z [Modules] Streaming discord_erlpack@1 to /home/arch/.config/discord/0.0.75/modules/pending/discord_erlpack-1.zip: 32%
2024-11-21T17:18:04.939Z [Modules] Streaming discord_erlpack@1 to /home/arch/.config/discord/0.0.75/modules/pending/discord_erlpack-1.zip: 33%
2024-11-21T17:18:04.941Z [Modules] Streaming discord_erlpack@1 to /home/arch/.config/discord/0.0.75/modules/pending/discord_erlpack-1.zip: 34%
2024-11-21T17:18:04.943Z [Modules] Streaming discord_erlpack@1 to /home/arch/.config/discord/0.0.75/modules/pending/discord_erlpack-1.zip: 35%
2024-11-21T17:18:04.944Z [Modules] Streaming discord_erlpack@1 to /home/arch/.config/discord/0.0.75/modules/pending/discord_erlpack-1.zip: 36%
2024-11-21T17:18:04.946Z [Modules] Streaming discord_erlpack@1 to /home/arch/.config/discord/0.0.75/modules/pending/discord_erlpack-1.zip: 37%
2024-11-21T17:18:04.948Z [Modules] Streaming discord_erlpack@1 to /home/arch/.config/discord/0.0.75/modules/pending/discord_erlpack-1.zip: 38%
2024-11-21T17:18:04.950Z [Modules] Streaming discord_erlpack@1 to /home/arch/.config/discord/0.0.75/modules/pending/discord_erlpack-1.zip: 39%
2024-11-21T17:18:04.951Z [Modules] Streaming discord_erlpack@1 to /home/arch/.config/discord/0.0.75/modules/pending/discord_erlpack-1.zip: 40%
2024-11-21T17:18:04.953Z [Modules] Streaming discord_erlpack@1 to /home/arch/.config/discord/0.0.75/modules/pending/discord_erlpack-1.zip: 41%
2024-11-21T17:18:04.955Z [Modules] Streaming discord_erlpack@1 to /home/arch/.config/discord/0.0.75/modules/pending/discord_erlpack-1.zip: 42%
2024-11-21T17:18:04.956Z [Modules] Streaming discord_erlpack@1 to /home/arch/.config/discord/0.0.75/modules/pending/discord_erlpack-1.zip: 43%
2024-11-21T17:18:04.958Z [Modules] Streaming discord_erlpack@1 to /home/arch/.config/discord/0.0.75/modules/pending/discord_erlpack-1.zip: 44%
2024-11-21T17:18:04.960Z [Modules] Streaming discord_erlpack@1 to /home/arch/.config/discord/0.0.75/modules/pending/discord_erlpack-1.zip: 45%
2024-11-21T17:18:04.961Z [Modules] Streaming discord_erlpack@1 to /home/arch/.config/discord/0.0.75/modules/pending/discord_erlpack-1.zip: 46%
2024-11-21T17:18:04.963Z [Modules] Streaming discord_erlpack@1 to /home/arch/.config/discord/0.0.75/modules/pending/discord_erlpack-1.zip: 47%
2024-11-21T17:18:04.965Z [Modules] Streaming discord_erlpack@1 to /home/arch/.config/discord/0.0.75/modules/pending/discord_erlpack-1.zip: 48%
2024-11-21T17:18:04.967Z [Modules] Streaming discord_erlpack@1 to /home/arch/.config/discord/0.0.75/modules/pending/discord_erlpack-1.zip: 49%
2024-11-21T17:18:04.968Z [Modules] Streaming discord_erlpack@1 to /home/arch/.config/discord/0.0.75/modules/pending/discord_erlpack-1.zip: 50%
2024-11-21T17:18:04.970Z [Modules] Streaming discord_erlpack@1 to /home/arch/.config/discord/0.0.75/modules/pending/discord_erlpack-1.zip: 51%
2024-11-21T17:18:04.972Z [Modules] Streaming discord_erlpack@1 to /home/arch/.config/discord/0.0.75/modules/pending/discord_erlpack-1.zip: 52%
2024-11-21T17:18:04.973Z [Modules] Streaming discord_erlpack@1 to /home/arch/.config/discord/0.0.75/modules/pending/discord_erlpack-1.zip: 53%
2024-11-21T17:18:04.975Z [Modules] Streaming discord_erlpack@1 to /home/arch/.config/discord/0.0.75/modules/pending/discord_erlpack-1.zip: 54%
2024-11-21T17:18:04.978Z [Modules] Streaming discord_erlpack@1 to /home/arch/.config/discord/0.0.75/modules/pending/discord_erlpack-1.zip: 55%
2024-11-21T17:18:04.980Z [Modules] Streaming discord_erlpack@1 to /home/arch/.config/discord/0.0.75/modules/pending/discord_erlpack-1.zip: 56%
2024-11-21T17:18:04.981Z [Modules] Streaming discord_erlpack@1 to /home/arch/.config/discord/0.0.75/modules/pending/discord_erlpack-1.zip: 57%
2024-11-21T17:18:04.983Z [Modules] Streaming discord_erlpack@1 to /home/arch/.config/discord/0.0.75/modules/pending/discord_erlpack-1.zip: 58%
2024-11-21T17:18:04.984Z [Modules] Streaming discord_erlpack@1 to /home/arch/.config/discord/0.0.75/modules/pending/discord_erlpack-1.zip: 59%
2024-11-21T17:18:04.986Z [Modules] Streaming discord_erlpack@1 to /home/arch/.config/discord/0.0.75/modules/pending/discord_erlpack-1.zip: 60%
2024-11-21T17:18:04.988Z [Modules] Streaming discord_erlpack@1 to /home/arch/.config/discord/0.0.75/modules/pending/discord_erlpack-1.zip: 61%
2024-11-21T17:18:04.989Z [Modules] Streaming discord_erlpack@1 to /home/arch/.config/discord/0.0.75/modules/pending/discord_erlpack-1.zip: 62%
2024-11-21T17:18:04.991Z [Modules] Streaming discord_erlpack@1 to /home/arch/.config/discord/0.0.75/modules/pending/discord_erlpack-1.zip: 63%
2024-11-21T17:18:04.994Z [Modules] Streaming discord_erlpack@1 to /home/arch/.config/discord/0.0.75/modules/pending/discord_erlpack-1.zip: 64%
2024-11-21T17:18:04.995Z [Modules] Streaming discord_erlpack@1 to /home/arch/.config/discord/0.0.75/modules/pending/discord_erlpack-1.zip: 65%
2024-11-21T17:18:04.997Z [Modules] Streaming discord_erlpack@1 to /home/arch/.config/discord/0.0.75/modules/pending/discord_erlpack-1.zip: 66%
2024-11-21T17:18:04.998Z [Modules] Streaming discord_erlpack@1 to /home/arch/.config/discord/0.0.75/modules/pending/discord_erlpack-1.zip: 67%
2024-11-21T17:18:05.000Z [Modules] Streaming discord_erlpack@1 to /home/arch/.config/discord/0.0.75/modules/pending/discord_erlpack-1.zip: 68%
2024-11-21T17:18:05.002Z [Modules] Streaming discord_erlpack@1 to /home/arch/.config/discord/0.0.75/modules/pending/discord_erlpack-1.zip: 69%
2024-11-21T17:18:05.003Z [Modules] Streaming discord_erlpack@1 to /home/arch/.config/discord/0.0.75/modules/pending/discord_erlpack-1.zip: 70%
2024-11-21T17:18:05.005Z [Modules] Streaming discord_erlpack@1 to /home/arch/.config/discord/0.0.75/modules/pending/discord_erlpack-1.zip: 71%
2024-11-21T17:18:05.007Z [Modules] Streaming discord_erlpack@1 to /home/arch/.config/discord/0.0.75/modules/pending/discord_erlpack-1.zip: 72%
2024-11-21T17:18:05.008Z [Modules] Streaming discord_erlpack@1 to /home/arch/.config/discord/0.0.75/modules/pending/discord_erlpack-1.zip: 73%
2024-11-21T17:18:05.010Z [Modules] Streaming discord_erlpack@1 to /home/arch/.config/discord/0.0.75/modules/pending/discord_erlpack-1.zip: 74%
2024-11-21T17:18:05.012Z [Modules] Streaming discord_erlpack@1 to /home/arch/.config/discord/0.0.75/modules/pending/discord_erlpack-1.zip: 75%
2024-11-21T17:18:05.014Z [Modules] Streaming discord_erlpack@1 to /home/arch/.config/discord/0.0.75/modules/pending/discord_erlpack-1.zip: 76%
2024-11-21T17:18:05.015Z [Modules] Streaming discord_erlpack@1 to /home/arch/.config/discord/0.0.75/modules/pending/discord_erlpack-1.zip: 77%
2024-11-21T17:18:05.017Z [Modules] Streaming discord_erlpack@1 to /home/arch/.config/discord/0.0.75/modules/pending/discord_erlpack-1.zip: 78%
2024-11-21T17:18:05.019Z [Modules] Streaming discord_erlpack@1 to /home/arch/.config/discord/0.0.75/modules/pending/discord_erlpack-1.zip: 79%
2024-11-21T17:18:05.020Z [Modules] Streaming discord_erlpack@1 to /home/arch/.config/discord/0.0.75/modules/pending/discord_erlpack-1.zip: 80%
2024-11-21T17:18:05.022Z [Modules] Streaming discord_erlpack@1 to /home/arch/.config/discord/0.0.75/modules/pending/discord_erlpack-1.zip: 81%
2024-11-21T17:18:05.024Z [Modules] Streaming discord_erlpack@1 to /home/arch/.config/discord/0.0.75/modules/pending/discord_erlpack-1.zip: 82%
2024-11-21T17:18:05.026Z [Modules] Streaming discord_erlpack@1 to /home/arch/.config/discord/0.0.75/modules/pending/discord_erlpack-1.zip: 83%
2024-11-21T17:18:05.028Z [Modules] Streaming discord_erlpack@1 to /home/arch/.config/discord/0.0.75/modules/pending/discord_erlpack-1.zip: 84%
2024-11-21T17:18:05.030Z [Modules] Streaming discord_erlpack@1 to /home/arch/.config/discord/0.0.75/modules/pending/discord_erlpack-1.zip: 85%
2024-11-21T17:18:05.031Z [Modules] Streaming discord_erlpack@1 to /home/arch/.config/discord/0.0.75/modules/pending/discord_erlpack-1.zip: 86%
2024-11-21T17:18:05.033Z [Modules] Streaming discord_erlpack@1 to /home/arch/.config/discord/0.0.75/modules/pending/discord_erlpack-1.zip: 87%
2024-11-21T17:18:05.035Z [Modules] Streaming discord_erlpack@1 to /home/arch/.config/discord/0.0.75/modules/pending/discord_erlpack-1.zip: 88%
2024-11-21T17:18:05.039Z [Modules] Streaming discord_erlpack@1 to /home/arch/.config/discord/0.0.75/modules/pending/discord_erlpack-1.zip: 89%
2024-11-21T17:18:05.041Z [Modules] Streaming discord_erlpack@1 to /home/arch/.config/discord/0.0.75/modules/pending/discord_erlpack-1.zip: 90%
2024-11-21T17:18:05.042Z [Modules] Streaming discord_erlpack@1 to /home/arch/.config/discord/0.0.75/modules/pending/discord_erlpack-1.zip: 91%
2024-11-21T17:18:05.044Z [Modules] Streaming discord_erlpack@1 to /home/arch/.config/discord/0.0.75/modules/pending/discord_erlpack-1.zip: 92%
2024-11-21T17:18:05.045Z [Modules] Streaming discord_erlpack@1 to /home/arch/.config/discord/0.0.75/modules/pending/discord_erlpack-1.zip: 93%
2024-11-21T17:18:05.047Z [Modules] Streaming discord_erlpack@1 to /home/arch/.config/discord/0.0.75/modules/pending/discord_erlpack-1.zip: 94%
2024-11-21T17:18:05.049Z [Modules] Streaming discord_erlpack@1 to /home/arch/.config/discord/0.0.75/modules/pending/discord_erlpack-1.zip: 95%
2024-11-21T17:18:05.051Z [Modules] Streaming discord_erlpack@1 to /home/arch/.config/discord/0.0.75/modules/pending/discord_erlpack-1.zip: 96%
2024-11-21T17:18:05.053Z [Modules] Streaming discord_erlpack@1 to /home/arch/.config/discord/0.0.75/modules/pending/discord_erlpack-1.zip: 97%
2024-11-21T17:18:05.054Z [Modules] Streaming discord_erlpack@1 to /home/arch/.config/discord/0.0.75/modules/pending/discord_erlpack-1.zip: 98%
2024-11-21T17:18:05.056Z [Modules] Streaming discord_erlpack@1 to /home/arch/.config/discord/0.0.75/modules/pending/discord_erlpack-1.zip: 99%
2024-11-21T17:18:05.058Z [Modules] Streaming discord_erlpack@1 to /home/arch/.config/discord/0.0.75/modules/pending/discord_erlpack-1.zip: 100%
2024-11-21T17:18:05.058Z [Modules] Fetching discord_spellcheck@1 from https://discord.com/api/modules/stable/discord_spellcheck/1
2024-11-21T17:18:05.058Z [Modules] Streaming discord_spellcheck@1 to /home/arch/.config/discord/0.0.75/modules/pending/discord_spellcheck-1.zip
2024-11-21T17:18:05.480Z [Modules] Streaming discord_spellcheck@1 to /home/arch/.config/discord/0.0.75/modules/pending/discord_spellcheck-1.zip: 1%
2024-11-21T17:18:05.489Z [Modules] Streaming discord_spellcheck@1 to /home/arch/.config/discord/0.0.75/modules/pending/discord_spellcheck-1.zip: 2%
2024-11-21T17:18:05.496Z [Modules] Streaming discord_spellcheck@1 to /home/arch/.config/discord/0.0.75/modules/pending/discord_spellcheck-1.zip: 3%
2024-11-21T17:18:05.507Z [Modules] Streaming discord_spellcheck@1 to /home/arch/.config/discord/0.0.75/modules/pending/discord_spellcheck-1.zip: 4%
2024-11-21T17:18:05.514Z [Modules] Streaming discord_spellcheck@1 to /home/arch/.config/discord/0.0.75/modules/pending/discord_spellcheck-1.zip: 5%
2024-11-21T17:18:05.522Z [Modules] Streaming discord_spellcheck@1 to /home/arch/.config/discord/0.0.75/modules/pending/discord_spellcheck-1.zip: 6%
2024-11-21T17:18:05.531Z [Modules] Streaming discord_spellcheck@1 to /home/arch/.config/discord/0.0.75/modules/pending/discord_spellcheck-1.zip: 7%
2024-11-21T17:18:05.539Z [Modules] Streaming discord_spellcheck@1 to /home/arch/.config/discord/0.0.75/modules/pending/discord_spellcheck-1.zip: 8%
2024-11-21T17:18:05.547Z [Modules] Streaming discord_spellcheck@1 to /home/arch/.config/discord/0.0.75/modules/pending/discord_spellcheck-1.zip: 9%
2024-11-21T17:18:05.559Z [Modules] Streaming discord_spellcheck@1 to /home/arch/.config/discord/0.0.75/modules/pending/discord_spellcheck-1.zip: 10%
2024-11-21T17:18:05.566Z [Modules] Streaming discord_spellcheck@1 to /home/arch/.config/discord/0.0.75/modules/pending/discord_spellcheck-1.zip: 11%
2024-11-21T17:18:05.573Z [Modules] Streaming discord_spellcheck@1 to /home/arch/.config/discord/0.0.75/modules/pending/discord_spellcheck-1.zip: 12%
2024-11-21T17:18:05.587Z [Modules] Streaming discord_spellcheck@1 to /home/arch/.config/discord/0.0.75/modules/pending/discord_spellcheck-1.zip: 13%
2024-11-21T17:18:05.598Z [Modules] Streaming discord_spellcheck@1 to /home/arch/.config/discord/0.0.75/modules/pending/discord_spellcheck-1.zip: 14%
2024-11-21T17:18:05.606Z [Modules] Streaming discord_spellcheck@1 to /home/arch/.config/discord/0.0.75/modules/pending/discord_spellcheck-1.zip: 15%
2024-11-21T17:18:05.617Z [Modules] Streaming discord_spellcheck@1 to /home/arch/.config/discord/0.0.75/modules/pending/discord_spellcheck-1.zip: 16%
2024-11-21T17:18:05.625Z [Modules] Streaming discord_spellcheck@1 to /home/arch/.config/discord/0.0.75/modules/pending/discord_spellcheck-1.zip: 17%
2024-11-21T17:18:05.633Z [Modules] Streaming discord_spellcheck@1 to /home/arch/.config/discord/0.0.75/modules/pending/discord_spellcheck-1.zip: 18%
2024-11-21T17:18:05.641Z [Modules] Streaming discord_spellcheck@1 to /home/arch/.config/discord/0.0.75/modules/pending/discord_spellcheck-1.zip: 19%
2024-11-21T17:18:05.650Z [Modules] Streaming discord_spellcheck@1 to /home/arch/.config/discord/0.0.75/modules/pending/discord_spellcheck-1.zip: 20%
2024-11-21T17:18:05.658Z [Modules] Streaming discord_spellcheck@1 to /home/arch/.config/discord/0.0.75/modules/pending/discord_spellcheck-1.zip: 21%
2024-11-21T17:18:05.667Z [Modules] Streaming discord_spellcheck@1 to /home/arch/.config/discord/0.0.75/modules/pending/discord_spellcheck-1.zip: 22%
2024-11-21T17:18:05.674Z [Modules] Streaming discord_spellcheck@1 to /home/arch/.config/discord/0.0.75/modules/pending/discord_spellcheck-1.zip: 23%
2024-11-21T17:18:05.682Z [Modules] Streaming discord_spellcheck@1 to /home/arch/.config/discord/0.0.75/modules/pending/discord_spellcheck-1.zip: 24%
2024-11-21T17:18:05.697Z [Modules] Streaming discord_spellcheck@1 to /home/arch/.config/discord/0.0.75/modules/pending/discord_spellcheck-1.zip: 25%
2024-11-21T17:18:05.711Z [Modules] Streaming discord_spellcheck@1 to /home/arch/.config/discord/0.0.75/modules/pending/discord_spellcheck-1.zip: 26%
2024-11-21T17:18:05.712Z [Modules] Streaming discord_spellcheck@1 to /home/arch/.config/discord/0.0.75/modules/pending/discord_spellcheck-1.zip: 27%
2024-11-21T17:18:05.730Z [Modules] Streaming discord_spellcheck@1 to /home/arch/.config/discord/0.0.75/modules/pending/discord_spellcheck-1.zip: 28%
2024-11-21T17:18:05.740Z [Modules] Streaming discord_spellcheck@1 to /home/arch/.config/discord/0.0.75/modules/pending/discord_spellcheck-1.zip: 29%
2024-11-21T17:18:05.748Z [Modules] Streaming discord_spellcheck@1 to /home/arch/.config/discord/0.0.75/modules/pending/discord_spellcheck-1.zip: 30%
2024-11-21T17:18:05.756Z [Modules] Streaming discord_spellcheck@1 to /home/arch/.config/discord/0.0.75/modules/pending/discord_spellcheck-1.zip: 31%
2024-11-21T17:18:05.766Z [Modules] Streaming discord_spellcheck@1 to /home/arch/.config/discord/0.0.75/modules/pending/discord_spellcheck-1.zip: 32%
2024-11-21T17:18:05.775Z [Modules] Streaming discord_spellcheck@1 to /home/arch/.config/discord/0.0.75/modules/pending/discord_spellcheck-1.zip: 33%
2024-11-21T17:18:05.782Z [Modules] Streaming discord_spellcheck@1 to /home/arch/.config/discord/0.0.75/modules/pending/discord_spellcheck-1.zip: 34%
2024-11-21T17:18:05.790Z [Modules] Streaming discord_spellcheck@1 to /home/arch/.config/discord/0.0.75/modules/pending/discord_spellcheck-1.zip: 35%
2024-11-21T17:18:05.798Z [Modules] Streaming discord_spellcheck@1 to /home/arch/.config/discord/0.0.75/modules/pending/discord_spellcheck-1.zip: 36%
2024-11-21T17:18:05.806Z [Modules] Streaming discord_spellcheck@1 to /home/arch/.config/discord/0.0.75/modules/pending/discord_spellcheck-1.zip: 37%
2024-11-21T17:18:05.814Z [Modules] Streaming discord_spellcheck@1 to /home/arch/.config/discord/0.0.75/modules/pending/discord_spellcheck-1.zip: 38%
2024-11-21T17:18:05.823Z [Modules] Streaming discord_spellcheck@1 to /home/arch/.config/discord/0.0.75/modules/pending/discord_spellcheck-1.zip: 39%
2024-11-21T17:18:05.831Z [Modules] Streaming discord_spellcheck@1 to /home/arch/.config/discord/0.0.75/modules/pending/discord_spellcheck-1.zip: 40%
2024-11-21T17:18:05.839Z [Modules] Streaming discord_spellcheck@1 to /home/arch/.config/discord/0.0.75/modules/pending/discord_spellcheck-1.zip: 41%
2024-11-21T17:18:05.848Z [Modules] Streaming discord_spellcheck@1 to /home/arch/.config/discord/0.0.75/modules/pending/discord_spellcheck-1.zip: 42%
2024-11-21T17:18:05.855Z [Modules] Streaming discord_spellcheck@1 to /home/arch/.config/discord/0.0.75/modules/pending/discord_spellcheck-1.zip: 43%
2024-11-21T17:18:05.863Z [Modules] Streaming discord_spellcheck@1 to /home/arch/.config/discord/0.0.75/modules/pending/discord_spellcheck-1.zip: 44%
2024-11-21T17:18:05.871Z [Modules] Streaming discord_spellcheck@1 to /home/arch/.config/discord/0.0.75/modules/pending/discord_spellcheck-1.zip: 45%
2024-11-21T17:18:05.879Z [Modules] Streaming discord_spellcheck@1 to /home/arch/.config/discord/0.0.75/modules/pending/discord_spellcheck-1.zip: 46%
2024-11-21T17:18:05.888Z [Modules] Streaming discord_spellcheck@1 to /home/arch/.config/discord/0.0.75/modules/pending/discord_spellcheck-1.zip: 47%
2024-11-21T17:18:05.895Z [Modules] Streaming discord_spellcheck@1 to /home/arch/.config/discord/0.0.75/modules/pending/discord_spellcheck-1.zip: 48%
2024-11-21T17:18:05.903Z [Modules] Streaming discord_spellcheck@1 to /home/arch/.config/discord/0.0.75/modules/pending/discord_spellcheck-1.zip: 49%
2024-11-21T17:18:05.911Z [Modules] Streaming discord_spellcheck@1 to /home/arch/.config/discord/0.0.75/modules/pending/discord_spellcheck-1.zip: 50%
2024-11-21T17:18:05.919Z [Modules] Streaming discord_spellcheck@1 to /home/arch/.config/discord/0.0.75/modules/pending/discord_spellcheck-1.zip: 51%
2024-11-21T17:18:05.928Z [Modules] Streaming discord_spellcheck@1 to /home/arch/.config/discord/0.0.75/modules/pending/discord_spellcheck-1.zip: 52%
2024-11-21T17:18:05.936Z [Modules] Streaming discord_spellcheck@1 to /home/arch/.config/discord/0.0.75/modules/pending/discord_spellcheck-1.zip: 53%
2024-11-21T17:18:05.945Z [Modules] Streaming discord_spellcheck@1 to /home/arch/.config/discord/0.0.75/modules/pending/discord_spellcheck-1.zip: 54%
2024-11-21T17:18:05.952Z [Modules] Streaming discord_spellcheck@1 to /home/arch/.config/discord/0.0.75/modules/pending/discord_spellcheck-1.zip: 55%
2024-11-21T17:18:05.961Z [Modules] Streaming discord_spellcheck@1 to /home/arch/.config/discord/0.0.75/modules/pending/discord_spellcheck-1.zip: 56%
2024-11-21T17:18:05.969Z [Modules] Streaming discord_spellcheck@1 to /home/arch/.config/discord/0.0.75/modules/pending/discord_spellcheck-1.zip: 57%
2024-11-21T17:18:05.976Z [Modules] Streaming discord_spellcheck@1 to /home/arch/.config/discord/0.0.75/modules/pending/discord_spellcheck-1.zip: 58%
2024-11-21T17:18:05.984Z [Modules] Streaming discord_spellcheck@1 to /home/arch/.config/discord/0.0.75/modules/pending/discord_spellcheck-1.zip: 59%
2024-11-21T17:18:05.995Z [Modules] Streaming discord_spellcheck@1 to /home/arch/.config/discord/0.0.75/modules/pending/discord_spellcheck-1.zip: 60%
2024-11-21T17:18:06.003Z [Modules] Streaming discord_spellcheck@1 to /home/arch/.config/discord/0.0.75/modules/pending/discord_spellcheck-1.zip: 61%
2024-11-21T17:18:06.011Z [Modules] Streaming discord_spellcheck@1 to /home/arch/.config/discord/0.0.75/modules/pending/discord_spellcheck-1.zip: 62%
2024-11-21T17:18:06.019Z [Modules] Streaming discord_spellcheck@1 to /home/arch/.config/discord/0.0.75/modules/pending/discord_spellcheck-1.zip: 63%
2024-11-21T17:18:06.027Z [Modules] Streaming discord_spellcheck@1 to /home/arch/.config/discord/0.0.75/modules/pending/discord_spellcheck-1.zip: 64%
2024-11-21T17:18:06.039Z [Modules] Streaming discord_spellcheck@1 to /home/arch/.config/discord/0.0.75/modules/pending/discord_spellcheck-1.zip: 65%
2024-11-21T17:18:06.047Z [Modules] Streaming discord_spellcheck@1 to /home/arch/.config/discord/0.0.75/modules/pending/discord_spellcheck-1.zip: 66%
2024-11-21T17:18:06.056Z [Modules] Streaming discord_spellcheck@1 to /home/arch/.config/discord/0.0.75/modules/pending/discord_spellcheck-1.zip: 67%
2024-11-21T17:18:06.064Z [Modules] Streaming discord_spellcheck@1 to /home/arch/.config/discord/0.0.75/modules/pending/discord_spellcheck-1.zip: 68%
2024-11-21T17:18:06.071Z [Modules] Streaming discord_spellcheck@1 to /home/arch/.config/discord/0.0.75/modules/pending/discord_spellcheck-1.zip: 69%
2024-11-21T17:18:06.080Z [Modules] Streaming discord_spellcheck@1 to /home/arch/.config/discord/0.0.75/modules/pending/discord_spellcheck-1.zip: 70%
2024-11-21T17:18:06.102Z [Modules] Streaming discord_spellcheck@1 to /home/arch/.config/discord/0.0.75/modules/pending/discord_spellcheck-1.zip: 71%
2024-11-21T17:18:06.109Z [Modules] Streaming discord_spellcheck@1 to /home/arch/.config/discord/0.0.75/modules/pending/discord_spellcheck-1.zip: 72%
2024-11-21T17:18:06.111Z [Modules] Streaming discord_spellcheck@1 to /home/arch/.config/discord/0.0.75/modules/pending/discord_spellcheck-1.zip: 73%
2024-11-21T17:18:06.119Z [Modules] Streaming discord_spellcheck@1 to /home/arch/.config/discord/0.0.75/modules/pending/discord_spellcheck-1.zip: 74%
2024-11-21T17:18:06.128Z [Modules] Streaming discord_spellcheck@1 to /home/arch/.config/discord/0.0.75/modules/pending/discord_spellcheck-1.zip: 75%
2024-11-21T17:18:06.150Z [Modules] Streaming discord_spellcheck@1 to /home/arch/.config/discord/0.0.75/modules/pending/discord_spellcheck-1.zip: 76%
2024-11-21T17:18:06.156Z [Modules] Streaming discord_spellcheck@1 to /home/arch/.config/discord/0.0.75/modules/pending/discord_spellcheck-1.zip: 77%
2024-11-21T17:18:06.162Z [Modules] Streaming discord_spellcheck@1 to /home/arch/.config/discord/0.0.75/modules/pending/discord_spellcheck-1.zip: 78%
2024-11-21T17:18:06.169Z [Modules] Streaming discord_spellcheck@1 to /home/arch/.config/discord/0.0.75/modules/pending/discord_spellcheck-1.zip: 79%
2024-11-21T17:18:06.180Z [Modules] Streaming discord_spellcheck@1 to /home/arch/.config/discord/0.0.75/modules/pending/discord_spellcheck-1.zip: 80%
2024-11-21T17:18:06.195Z [Modules] Streaming discord_spellcheck@1 to /home/arch/.config/discord/0.0.75/modules/pending/discord_spellcheck-1.zip: 81%
2024-11-21T17:18:06.205Z [Modules] Streaming discord_spellcheck@1 to /home/arch/.config/discord/0.0.75/modules/pending/discord_spellcheck-1.zip: 82%
2024-11-21T17:18:06.213Z [Modules] Streaming discord_spellcheck@1 to /home/arch/.config/discord/0.0.75/modules/pending/discord_spellcheck-1.zip: 83%
2024-11-21T17:18:06.222Z [Modules] Streaming discord_spellcheck@1 to /home/arch/.config/discord/0.0.75/modules/pending/discord_spellcheck-1.zip: 84%
2024-11-21T17:18:06.230Z [Modules] Streaming discord_spellcheck@1 to /home/arch/.config/discord/0.0.75/modules/pending/discord_spellcheck-1.zip: 85%
2024-11-21T17:18:06.239Z [Modules] Streaming discord_spellcheck@1 to /home/arch/.config/discord/0.0.75/modules/pending/discord_spellcheck-1.zip: 86%
2024-11-21T17:18:06.246Z [Modules] Streaming discord_spellcheck@1 to /home/arch/.config/discord/0.0.75/modules/pending/discord_spellcheck-1.zip: 87%
2024-11-21T17:18:06.254Z [Modules] Streaming discord_spellcheck@1 to /home/arch/.config/discord/0.0.75/modules/pending/discord_spellcheck-1.zip: 88%
2024-11-21T17:18:06.269Z [Modules] Streaming discord_spellcheck@1 to /home/arch/.config/discord/0.0.75/modules/pending/discord_spellcheck-1.zip: 89%
2024-11-21T17:18:06.277Z [Modules] Streaming discord_spellcheck@1 to /home/arch/.config/discord/0.0.75/modules/pending/discord_spellcheck-1.zip: 90%
2024-11-21T17:18:06.283Z [Modules] Streaming discord_spellcheck@1 to /home/arch/.config/discord/0.0.75/modules/pending/discord_spellcheck-1.zip: 91%
2024-11-21T17:18:06.292Z [Modules] Streaming discord_spellcheck@1 to /home/arch/.config/discord/0.0.75/modules/pending/discord_spellcheck-1.zip: 92%
2024-11-21T17:18:06.301Z [Modules] Streaming discord_spellcheck@1 to /home/arch/.config/discord/0.0.75/modules/pending/discord_spellcheck-1.zip: 93%
2024-11-21T17:18:06.316Z [Modules] Streaming discord_spellcheck@1 to /home/arch/.config/discord/0.0.75/modules/pending/discord_spellcheck-1.zip: 94%
2024-11-21T17:18:06.324Z [Modules] Streaming discord_spellcheck@1 to /home/arch/.config/discord/0.0.75/modules/pending/discord_spellcheck-1.zip: 95%
2024-11-21T17:18:06.332Z [Modules] Streaming discord_spellcheck@1 to /home/arch/.config/discord/0.0.75/modules/pending/discord_spellcheck-1.zip: 96%
2024-11-21T17:18:06.340Z [Modules] Streaming discord_spellcheck@1 to /home/arch/.config/discord/0.0.75/modules/pending/discord_spellcheck-1.zip: 97%
2024-11-21T17:18:06.348Z [Modules] Streaming discord_spellcheck@1 to /home/arch/.config/discord/0.0.75/modules/pending/discord_spellcheck-1.zip: 98%
2024-11-21T17:18:06.363Z [Modules] Streaming discord_spellcheck@1 to /home/arch/.config/discord/0.0.75/modules/pending/discord_spellcheck-1.zip: 99%
2024-11-21T17:18:06.371Z [Modules] Streaming discord_spellcheck@1 to /home/arch/.config/discord/0.0.75/modules/pending/discord_spellcheck-1.zip: 100%
2024-11-21T17:18:06.371Z [Modules] Fetching discord_utils@1 from https://discord.com/api/modules/stable/discord_utils/1
2024-11-21T17:18:06.372Z [Modules] Streaming discord_utils@1 to /home/arch/.config/discord/0.0.75/modules/pending/discord_utils-1.zip
2024-11-21T17:18:06.667Z [Modules] Streaming discord_utils@1 to /home/arch/.config/discord/0.0.75/modules/pending/discord_utils-1.zip: 1%
2024-11-21T17:18:06.671Z [Modules] Streaming discord_utils@1 to /home/arch/.config/discord/0.0.75/modules/pending/discord_utils-1.zip: 2%
2024-11-21T17:18:06.674Z [Modules] Streaming discord_utils@1 to /home/arch/.config/discord/0.0.75/modules/pending/discord_utils-1.zip: 3%
2024-11-21T17:18:06.678Z [Modules] Streaming discord_utils@1 to /home/arch/.config/discord/0.0.75/modules/pending/discord_utils-1.zip: 4%
2024-11-21T17:18:06.681Z [Modules] Streaming discord_utils@1 to /home/arch/.config/discord/0.0.75/modules/pending/discord_utils-1.zip: 5%
2024-11-21T17:18:06.691Z [Modules] Streaming discord_utils@1 to /home/arch/.config/discord/0.0.75/modules/pending/discord_utils-1.zip: 6%
2024-11-21T17:18:06.696Z [Modules] Streaming discord_utils@1 to /home/arch/.config/discord/0.0.75/modules/pending/discord_utils-1.zip: 7%
2024-11-21T17:18:06.699Z [Modules] Streaming discord_utils@1 to /home/arch/.config/discord/0.0.75/modules/pending/discord_utils-1.zip: 8%
2024-11-21T17:18:06.704Z [Modules] Streaming discord_utils@1 to /home/arch/.config/discord/0.0.75/modules/pending/discord_utils-1.zip: 9%
2024-11-21T17:18:06.705Z [Modules] Streaming discord_utils@1 to /home/arch/.config/discord/0.0.75/modules/pending/discord_utils-1.zip: 10%
2024-11-21T17:18:06.709Z [Modules] Streaming discord_utils@1 to /home/arch/.config/discord/0.0.75/modules/pending/discord_utils-1.zip: 11%
2024-11-21T17:18:06.711Z [Modules] Streaming discord_utils@1 to /home/arch/.config/discord/0.0.75/modules/pending/discord_utils-1.zip: 12%
2024-11-21T17:18:06.715Z [Modules] Streaming discord_utils@1 to /home/arch/.config/discord/0.0.75/modules/pending/discord_utils-1.zip: 13%
2024-11-21T17:18:06.723Z [Modules] Streaming discord_utils@1 to /home/arch/.config/discord/0.0.75/modules/pending/discord_utils-1.zip: 14%
2024-11-21T17:18:06.728Z [Modules] Streaming discord_utils@1 to /home/arch/.config/discord/0.0.75/modules/pending/discord_utils-1.zip: 15%
2024-11-21T17:18:06.732Z [Modules] Streaming discord_utils@1 to /home/arch/.config/discord/0.0.75/modules/pending/discord_utils-1.zip: 16%
2024-11-21T17:18:06.738Z [Modules] Streaming discord_utils@1 to /home/arch/.config/discord/0.0.75/modules/pending/discord_utils-1.zip: 17%
2024-11-21T17:18:06.742Z [Modules] Streaming discord_utils@1 to /home/arch/.config/discord/0.0.75/modules/pending/discord_utils-1.zip: 18%
2024-11-21T17:18:06.745Z [Modules] Streaming discord_utils@1 to /home/arch/.config/discord/0.0.75/modules/pending/discord_utils-1.zip: 19%
2024-11-21T17:18:06.748Z [Modules] Streaming discord_utils@1 to /home/arch/.config/discord/0.0.75/modules/pending/discord_utils-1.zip: 20%
2024-11-21T17:18:06.751Z [Modules] Streaming discord_utils@1 to /home/arch/.config/discord/0.0.75/modules/pending/discord_utils-1.zip: 21%
2024-11-21T17:18:06.755Z [Modules] Streaming discord_utils@1 to /home/arch/.config/discord/0.0.75/modules/pending/discord_utils-1.zip: 22%
2024-11-21T17:18:06.760Z [Modules] Streaming discord_utils@1 to /home/arch/.config/discord/0.0.75/modules/pending/discord_utils-1.zip: 23%
2024-11-21T17:18:06.762Z [Modules] Streaming discord_utils@1 to /home/arch/.config/discord/0.0.75/modules/pending/discord_utils-1.zip: 24%
2024-11-21T17:18:06.767Z [Modules] Streaming discord_utils@1 to /home/arch/.config/discord/0.0.75/modules/pending/discord_utils-1.zip: 25%
2024-11-21T17:18:06.769Z [Modules] Streaming discord_utils@1 to /home/arch/.config/discord/0.0.75/modules/pending/discord_utils-1.zip: 26%
2024-11-21T17:18:06.772Z [Modules] Streaming discord_utils@1 to /home/arch/.config/discord/0.0.75/modules/pending/discord_utils-1.zip: 27%
2024-11-21T17:18:06.776Z [Modules] Streaming discord_utils@1 to /home/arch/.config/discord/0.0.75/modules/pending/discord_utils-1.zip: 28%
2024-11-21T17:18:06.779Z [Modules] Streaming discord_utils@1 to /home/arch/.config/discord/0.0.75/modules/pending/discord_utils-1.zip: 29%
2024-11-21T17:18:06.782Z [Modules] Streaming discord_utils@1 to /home/arch/.config/discord/0.0.75/modules/pending/discord_utils-1.zip: 30%
2024-11-21T17:18:06.785Z [Modules] Streaming discord_utils@1 to /home/arch/.config/discord/0.0.75/modules/pending/discord_utils-1.zip: 31%
2024-11-21T17:18:06.788Z [Modules] Streaming discord_utils@1 to /home/arch/.config/discord/0.0.75/modules/pending/discord_utils-1.zip: 32%
2024-11-21T17:18:06.791Z [Modules] Streaming discord_utils@1 to /home/arch/.config/discord/0.0.75/modules/pending/discord_utils-1.zip: 33%
2024-11-21T17:18:06.794Z [Modules] Streaming discord_utils@1 to /home/arch/.config/discord/0.0.75/modules/pending/discord_utils-1.zip: 34%
2024-11-21T17:18:06.797Z [Modules] Streaming discord_utils@1 to /home/arch/.config/discord/0.0.75/modules/pending/discord_utils-1.zip: 35%
2024-11-21T17:18:06.801Z [Modules] Streaming discord_utils@1 to /home/arch/.config/discord/0.0.75/modules/pending/discord_utils-1.zip: 36%
2024-11-21T17:18:06.804Z [Modules] Streaming discord_utils@1 to /home/arch/.config/discord/0.0.75/modules/pending/discord_utils-1.zip: 37%
2024-11-21T17:18:06.808Z [Modules] Streaming discord_utils@1 to /home/arch/.config/discord/0.0.75/modules/pending/discord_utils-1.zip: 38%
2024-11-21T17:18:06.811Z [Modules] Streaming discord_utils@1 to /home/arch/.config/discord/0.0.75/modules/pending/discord_utils-1.zip: 39%
2024-11-21T17:18:06.814Z [Modules] Streaming discord_utils@1 to /home/arch/.config/discord/0.0.75/modules/pending/discord_utils-1.zip: 40%
2024-11-21T17:18:06.817Z [Modules] Streaming discord_utils@1 to /home/arch/.config/discord/0.0.75/modules/pending/discord_utils-1.zip: 41%
2024-11-21T17:18:06.820Z [Modules] Streaming discord_utils@1 to /home/arch/.config/discord/0.0.75/modules/pending/discord_utils-1.zip: 42%
2024-11-21T17:18:06.824Z [Modules] Streaming discord_utils@1 to /home/arch/.config/discord/0.0.75/modules/pending/discord_utils-1.zip: 43%
2024-11-21T17:18:06.827Z [Modules] Streaming discord_utils@1 to /home/arch/.config/discord/0.0.75/modules/pending/discord_utils-1.zip: 44%
2024-11-21T17:18:06.830Z [Modules] Streaming discord_utils@1 to /home/arch/.config/discord/0.0.75/modules/pending/discord_utils-1.zip: 45%
2024-11-21T17:18:06.833Z [Modules] Streaming discord_utils@1 to /home/arch/.config/discord/0.0.75/modules/pending/discord_utils-1.zip: 46%
2024-11-21T17:18:06.836Z [Modules] Streaming discord_utils@1 to /home/arch/.config/discord/0.0.75/modules/pending/discord_utils-1.zip: 47%
2024-11-21T17:18:06.839Z [Modules] Streaming discord_utils@1 to /home/arch/.config/discord/0.0.75/modules/pending/discord_utils-1.zip: 48%
2024-11-21T17:18:06.843Z [Modules] Streaming discord_utils@1 to /home/arch/.config/discord/0.0.75/modules/pending/discord_utils-1.zip: 49%
2024-11-21T17:18:06.846Z [Modules] Streaming discord_utils@1 to /home/arch/.config/discord/0.0.75/modules/pending/discord_utils-1.zip: 50%
2024-11-21T17:18:06.849Z [Modules] Streaming discord_utils@1 to /home/arch/.config/discord/0.0.75/modules/pending/discord_utils-1.zip: 51%
2024-11-21T17:18:06.852Z [Modules] Streaming discord_utils@1 to /home/arch/.config/discord/0.0.75/modules/pending/discord_utils-1.zip: 52%
2024-11-21T17:18:06.855Z [Modules] Streaming discord_utils@1 to /home/arch/.config/discord/0.0.75/modules/pending/discord_utils-1.zip: 53%
2024-11-21T17:18:06.858Z [Modules] Streaming discord_utils@1 to /home/arch/.config/discord/0.0.75/modules/pending/discord_utils-1.zip: 54%
2024-11-21T17:18:06.862Z [Modules] Streaming discord_utils@1 to /home/arch/.config/discord/0.0.75/modules/pending/discord_utils-1.zip: 55%
2024-11-21T17:18:06.865Z [Modules] Streaming discord_utils@1 to /home/arch/.config/discord/0.0.75/modules/pending/discord_utils-1.zip: 56%
2024-11-21T17:18:06.868Z [Modules] Streaming discord_utils@1 to /home/arch/.config/discord/0.0.75/modules/pending/discord_utils-1.zip: 57%
2024-11-21T17:18:06.872Z [Modules] Streaming discord_utils@1 to /home/arch/.config/discord/0.0.75/modules/pending/discord_utils-1.zip: 58%
2024-11-21T17:18:06.875Z [Modules] Streaming discord_utils@1 to /home/arch/.config/discord/0.0.75/modules/pending/discord_utils-1.zip: 59%
2024-11-21T17:18:06.879Z [Modules] Streaming discord_utils@1 to /home/arch/.config/discord/0.0.75/modules/pending/discord_utils-1.zip: 60%
2024-11-21T17:18:06.883Z [Modules] Streaming discord_utils@1 to /home/arch/.config/discord/0.0.75/modules/pending/discord_utils-1.zip: 61%
2024-11-21T17:18:06.886Z [Modules] Streaming discord_utils@1 to /home/arch/.config/discord/0.0.75/modules/pending/discord_utils-1.zip: 62%
2024-11-21T17:18:06.890Z [Modules] Streaming discord_utils@1 to /home/arch/.config/discord/0.0.75/modules/pending/discord_utils-1.zip: 63%
2024-11-21T17:18:06.893Z [Modules] Streaming discord_utils@1 to /home/arch/.config/discord/0.0.75/modules/pending/discord_utils-1.zip: 64%
2024-11-21T17:18:06.896Z [Modules] Streaming discord_utils@1 to /home/arch/.config/discord/0.0.75/modules/pending/discord_utils-1.zip: 65%
2024-11-21T17:18:06.899Z [Modules] Streaming discord_utils@1 to /home/arch/.config/discord/0.0.75/modules/pending/discord_utils-1.zip: 66%
2024-11-21T17:18:06.902Z [Modules] Streaming discord_utils@1 to /home/arch/.config/discord/0.0.75/modules/pending/discord_utils-1.zip: 67%
2024-11-21T17:18:06.905Z [Modules] Streaming discord_utils@1 to /home/arch/.config/discord/0.0.75/modules/pending/discord_utils-1.zip: 68%
2024-11-21T17:18:06.909Z [Modules] Streaming discord_utils@1 to /home/arch/.config/discord/0.0.75/modules/pending/discord_utils-1.zip: 69%
2024-11-21T17:18:06.912Z [Modules] Streaming discord_utils@1 to /home/arch/.config/discord/0.0.75/modules/pending/discord_utils-1.zip: 70%
2024-11-21T17:18:06.915Z [Modules] Streaming discord_utils@1 to /home/arch/.config/discord/0.0.75/modules/pending/discord_utils-1.zip: 71%
2024-11-21T17:18:06.919Z [Modules] Streaming discord_utils@1 to /home/arch/.config/discord/0.0.75/modules/pending/discord_utils-1.zip: 72%
2024-11-21T17:18:06.922Z [Modules] Streaming discord_utils@1 to /home/arch/.config/discord/0.0.75/modules/pending/discord_utils-1.zip: 73%
2024-11-21T17:18:06.925Z [Modules] Streaming discord_utils@1 to /home/arch/.config/discord/0.0.75/modules/pending/discord_utils-1.zip: 74%
2024-11-21T17:18:06.928Z [Modules] Streaming discord_utils@1 to /home/arch/.config/discord/0.0.75/modules/pending/discord_utils-1.zip: 75%
2024-11-21T17:18:06.931Z [Modules] Streaming discord_utils@1 to /home/arch/.config/discord/0.0.75/modules/pending/discord_utils-1.zip: 76%
2024-11-21T17:18:06.935Z [Modules] Streaming discord_utils@1 to /home/arch/.config/discord/0.0.75/modules/pending/discord_utils-1.zip: 77%
2024-11-21T17:18:06.938Z [Modules] Streaming discord_utils@1 to /home/arch/.config/discord/0.0.75/modules/pending/discord_utils-1.zip: 78%
2024-11-21T17:18:06.941Z [Modules] Streaming discord_utils@1 to /home/arch/.config/discord/0.0.75/modules/pending/discord_utils-1.zip: 79%
2024-11-21T17:18:06.944Z [Modules] Streaming discord_utils@1 to /home/arch/.config/discord/0.0.75/modules/pending/discord_utils-1.zip: 80%
2024-11-21T17:18:06.947Z [Modules] Streaming discord_utils@1 to /home/arch/.config/discord/0.0.75/modules/pending/discord_utils-1.zip: 81%
2024-11-21T17:18:06.950Z [Modules] Streaming discord_utils@1 to /home/arch/.config/discord/0.0.75/modules/pending/discord_utils-1.zip: 82%
2024-11-21T17:18:06.953Z [Modules] Streaming discord_utils@1 to /home/arch/.config/discord/0.0.75/modules/pending/discord_utils-1.zip: 83%
2024-11-21T17:18:06.957Z [Modules] Streaming discord_utils@1 to /home/arch/.config/discord/0.0.75/modules/pending/discord_utils-1.zip: 84%
2024-11-21T17:18:06.960Z [Modules] Streaming discord_utils@1 to /home/arch/.config/discord/0.0.75/modules/pending/discord_utils-1.zip: 85%
2024-11-21T17:18:06.963Z [Modules] Streaming discord_utils@1 to /home/arch/.config/discord/0.0.75/modules/pending/discord_utils-1.zip: 86%
2024-11-21T17:18:06.966Z [Modules] Streaming discord_utils@1 to /home/arch/.config/discord/0.0.75/modules/pending/discord_utils-1.zip: 87%
2024-11-21T17:18:06.969Z [Modules] Streaming discord_utils@1 to /home/arch/.config/discord/0.0.75/modules/pending/discord_utils-1.zip: 88%
2024-11-21T17:18:06.975Z [Modules] Streaming discord_utils@1 to /home/arch/.config/discord/0.0.75/modules/pending/discord_utils-1.zip: 89%
2024-11-21T17:18:06.978Z [Modules] Streaming discord_utils@1 to /home/arch/.config/discord/0.0.75/modules/pending/discord_utils-1.zip: 90%
2024-11-21T17:18:06.981Z [Modules] Streaming discord_utils@1 to /home/arch/.config/discord/0.0.75/modules/pending/discord_utils-1.zip: 91%
2024-11-21T17:18:06.984Z [Modules] Streaming discord_utils@1 to /home/arch/.config/discord/0.0.75/modules/pending/discord_utils-1.zip: 92%
2024-11-21T17:18:06.987Z [Modules] Streaming discord_utils@1 to /home/arch/.config/discord/0.0.75/modules/pending/discord_utils-1.zip: 93%
2024-11-21T17:18:06.990Z [Modules] Streaming discord_utils@1 to /home/arch/.config/discord/0.0.75/modules/pending/discord_utils-1.zip: 94%
2024-11-21T17:18:06.997Z [Modules] Streaming discord_utils@1 to /home/arch/.config/discord/0.0.75/modules/pending/discord_utils-1.zip: 95%
2024-11-21T17:18:07.002Z [Modules] Streaming discord_utils@1 to /home/arch/.config/discord/0.0.75/modules/pending/discord_utils-1.zip: 96%
2024-11-21T17:18:07.004Z [Modules] Streaming discord_utils@1 to /home/arch/.config/discord/0.0.75/modules/pending/discord_utils-1.zip: 97%
2024-11-21T17:18:07.008Z [Modules] Streaming discord_utils@1 to /home/arch/.config/discord/0.0.75/modules/pending/discord_utils-1.zip: 98%
2024-11-21T17:18:07.011Z [Modules] Streaming discord_utils@1 to /home/arch/.config/discord/0.0.75/modules/pending/discord_utils-1.zip: 99%
2024-11-21T17:18:07.014Z [Modules] Streaming discord_utils@1 to /home/arch/.config/discord/0.0.75/modules/pending/discord_utils-1.zip: 100%
2024-11-21T17:18:07.014Z [Modules] Fetching discord_voice@1 from https://discord.com/api/modules/stable/discord_voice/1
2024-11-21T17:18:07.014Z [Modules] Streaming discord_voice@1 to /home/arch/.config/discord/0.0.75/modules/pending/discord_voice-1.zip
2024-11-21T17:18:07.259Z [Modules] Streaming discord_voice@1 to /home/arch/.config/discord/0.0.75/modules/pending/discord_voice-1.zip: 1%
2024-11-21T17:18:07.278Z [Modules] Streaming discord_voice@1 to /home/arch/.config/discord/0.0.75/modules/pending/discord_voice-1.zip: 2%
2024-11-21T17:18:07.303Z [Modules] Streaming discord_voice@1 to /home/arch/.config/discord/0.0.75/modules/pending/discord_voice-1.zip: 3%
2024-11-21T17:18:07.327Z [Modules] Streaming discord_voice@1 to /home/arch/.config/discord/0.0.75/modules/pending/discord_voice-1.zip: 4%
2024-11-21T17:18:07.342Z [Modules] Streaming discord_voice@1 to /home/arch/.config/discord/0.0.75/modules/pending/discord_voice-1.zip: 5%
2024-11-21T17:18:07.363Z [Modules] Streaming discord_voice@1 to /home/arch/.config/discord/0.0.75/modules/pending/discord_voice-1.zip: 6%
2024-11-21T17:18:07.381Z [Modules] Streaming discord_voice@1 to /home/arch/.config/discord/0.0.75/modules/pending/discord_voice-1.zip: 7%
2024-11-21T17:18:07.408Z [Modules] Streaming discord_voice@1 to /home/arch/.config/discord/0.0.75/modules/pending/discord_voice-1.zip: 8%
2024-11-21T17:18:07.424Z [Modules] Streaming discord_voice@1 to /home/arch/.config/discord/0.0.75/modules/pending/discord_voice-1.zip: 9%
2024-11-21T17:18:07.445Z [Modules] Streaming discord_voice@1 to /home/arch/.config/discord/0.0.75/modules/pending/discord_voice-1.zip: 10%
2024-11-21T17:18:07.466Z [Modules] Streaming discord_voice@1 to /home/arch/.config/discord/0.0.75/modules/pending/discord_voice-1.zip: 11%
2024-11-21T17:18:07.485Z [Modules] Streaming discord_voice@1 to /home/arch/.config/discord/0.0.75/modules/pending/discord_voice-1.zip: 12%
2024-11-21T17:18:07.504Z [Modules] Streaming discord_voice@1 to /home/arch/.config/discord/0.0.75/modules/pending/discord_voice-1.zip: 13%
2024-11-21T17:18:07.524Z [Modules] Streaming discord_voice@1 to /home/arch/.config/discord/0.0.75/modules/pending/discord_voice-1.zip: 14%
2024-11-21T17:18:07.543Z [Modules] Streaming discord_voice@1 to /home/arch/.config/discord/0.0.75/modules/pending/discord_voice-1.zip: 15%
2024-11-21T17:18:07.580Z [Modules] Streaming discord_voice@1 to /home/arch/.config/discord/0.0.75/modules/pending/discord_voice-1.zip: 16%
2024-11-21T17:18:07.606Z [Modules] Streaming discord_voice@1 to /home/arch/.config/discord/0.0.75/modules/pending/discord_voice-1.zip: 17%
2024-11-21T17:18:07.625Z [Modules] Streaming discord_voice@1 to /home/arch/.config/discord/0.0.75/modules/pending/discord_voice-1.zip: 18%
2024-11-21T17:18:07.655Z [Modules] Streaming discord_voice@1 to /home/arch/.config/discord/0.0.75/modules/pending/discord_voice-1.zip: 19%
2024-11-21T17:18:07.673Z [Modules] Streaming discord_voice@1 to /home/arch/.config/discord/0.0.75/modules/pending/discord_voice-1.zip: 20%
2024-11-21T17:18:07.692Z [Modules] Streaming discord_voice@1 to /home/arch/.config/discord/0.0.75/modules/pending/discord_voice-1.zip: 21%
2024-11-21T17:18:07.711Z [Modules] Streaming discord_voice@1 to /home/arch/.config/discord/0.0.75/modules/pending/discord_voice-1.zip: 22%
2024-11-21T17:18:07.731Z [Modules] Streaming discord_voice@1 to /home/arch/.config/discord/0.0.75/modules/pending/discord_voice-1.zip: 23%
2024-11-21T17:18:07.750Z [Modules] Streaming discord_voice@1 to /home/arch/.config/discord/0.0.75/modules/pending/discord_voice-1.zip: 24%
2024-11-21T17:18:07.770Z [Modules] Streaming discord_voice@1 to /home/arch/.config/discord/0.0.75/modules/pending/discord_voice-1.zip: 25%
2024-11-21T17:18:07.789Z [Modules] Streaming discord_voice@1 to /home/arch/.config/discord/0.0.75/modules/pending/discord_voice-1.zip: 26%
2024-11-21T17:18:07.808Z [Modules] Streaming discord_voice@1 to /home/arch/.config/discord/0.0.75/modules/pending/discord_voice-1.zip: 27%
2024-11-21T17:18:07.827Z [Modules] Streaming discord_voice@1 to /home/arch/.config/discord/0.0.75/modules/pending/discord_voice-1.zip: 28%
2024-11-21T17:18:07.846Z [Modules] Streaming discord_voice@1 to /home/arch/.config/discord/0.0.75/modules/pending/discord_voice-1.zip: 29%
2024-11-21T17:18:07.866Z [Modules] Streaming discord_voice@1 to /home/arch/.config/discord/0.0.75/modules/pending/discord_voice-1.zip: 30%
2024-11-21T17:18:07.885Z [Modules] Streaming discord_voice@1 to /home/arch/.config/discord/0.0.75/modules/pending/discord_voice-1.zip: 31%
2024-11-21T17:18:07.904Z [Modules] Streaming discord_voice@1 to /home/arch/.config/discord/0.0.75/modules/pending/discord_voice-1.zip: 32%
2024-11-21T17:18:07.923Z [Modules] Streaming discord_voice@1 to /home/arch/.config/discord/0.0.75/modules/pending/discord_voice-1.zip: 33%
2024-11-21T17:18:07.943Z [Modules] Streaming discord_voice@1 to /home/arch/.config/discord/0.0.75/modules/pending/discord_voice-1.zip: 34%
2024-11-21T17:18:07.962Z [Modules] Streaming discord_voice@1 to /home/arch/.config/discord/0.0.75/modules/pending/discord_voice-1.zip: 35%
2024-11-21T17:18:07.981Z [Modules] Streaming discord_voice@1 to /home/arch/.config/discord/0.0.75/modules/pending/discord_voice-1.zip: 36%
2024-11-21T17:18:08.000Z [Modules] Streaming discord_voice@1 to /home/arch/.config/discord/0.0.75/modules/pending/discord_voice-1.zip: 37%
2024-11-21T17:18:08.020Z [Modules] Streaming discord_voice@1 to /home/arch/.config/discord/0.0.75/modules/pending/discord_voice-1.zip: 38%
2024-11-21T17:18:08.038Z [Modules] Streaming discord_voice@1 to /home/arch/.config/discord/0.0.75/modules/pending/discord_voice-1.zip: 39%
2024-11-21T17:18:08.059Z [Modules] Streaming discord_voice@1 to /home/arch/.config/discord/0.0.75/modules/pending/discord_voice-1.zip: 40%
2024-11-21T17:18:08.077Z [Modules] Streaming discord_voice@1 to /home/arch/.config/discord/0.0.75/modules/pending/discord_voice-1.zip: 41%
2024-11-21T17:18:08.098Z [Modules] Streaming discord_voice@1 to /home/arch/.config/discord/0.0.75/modules/pending/discord_voice-1.zip: 42%
2024-11-21T17:18:08.117Z [Modules] Streaming discord_voice@1 to /home/arch/.config/discord/0.0.75/modules/pending/discord_voice-1.zip: 43%
2024-11-21T17:18:08.163Z [Modules] Streaming discord_voice@1 to /home/arch/.config/discord/0.0.75/modules/pending/discord_voice-1.zip: 44%
2024-11-21T17:18:08.182Z [Modules] Streaming discord_voice@1 to /home/arch/.config/discord/0.0.75/modules/pending/discord_voice-1.zip: 45%
2024-11-21T17:18:08.201Z [Modules] Streaming discord_voice@1 to /home/arch/.config/discord/0.0.75/modules/pending/discord_voice-1.zip: 46%
2024-11-21T17:18:08.221Z [Modules] Streaming discord_voice@1 to /home/arch/.config/discord/0.0.75/modules/pending/discord_voice-1.zip: 47%
2024-11-21T17:18:08.240Z [Modules] Streaming discord_voice@1 to /home/arch/.config/discord/0.0.75/modules/pending/discord_voice-1.zip: 48%
2024-11-21T17:18:08.259Z [Modules] Streaming discord_voice@1 to /home/arch/.config/discord/0.0.75/modules/pending/discord_voice-1.zip: 49%
2024-11-21T17:18:08.279Z [Modules] Streaming discord_voice@1 to /home/arch/.config/discord/0.0.75/modules/pending/discord_voice-1.zip: 50%
2024-11-21T17:18:08.299Z [Modules] Streaming discord_voice@1 to /home/arch/.config/discord/0.0.75/modules/pending/discord_voice-1.zip: 51%
2024-11-21T17:18:08.318Z [Modules] Streaming discord_voice@1 to /home/arch/.config/discord/0.0.75/modules/pending/discord_voice-1.zip: 52%
2024-11-21T17:18:08.337Z [Modules] Streaming discord_voice@1 to /home/arch/.config/discord/0.0.75/modules/pending/discord_voice-1.zip: 53%
2024-11-21T17:18:08.357Z [Modules] Streaming discord_voice@1 to /home/arch/.config/discord/0.0.75/modules/pending/discord_voice-1.zip: 54%
2024-11-21T17:18:08.377Z [Modules] Streaming discord_voice@1 to /home/arch/.config/discord/0.0.75/modules/pending/discord_voice-1.zip: 55%
2024-11-21T17:18:08.395Z [Modules] Streaming discord_voice@1 to /home/arch/.config/discord/0.0.75/modules/pending/discord_voice-1.zip: 56%
2024-11-21T17:18:08.415Z [Modules] Streaming discord_voice@1 to /home/arch/.config/discord/0.0.75/modules/pending/discord_voice-1.zip: 57%
2024-11-21T17:18:08.433Z [Modules] Streaming discord_voice@1 to /home/arch/.config/discord/0.0.75/modules/pending/discord_voice-1.zip: 58%
2024-11-21T17:18:08.452Z [Modules] Streaming discord_voice@1 to /home/arch/.config/discord/0.0.75/modules/pending/discord_voice-1.zip: 59%
2024-11-21T17:18:08.481Z [Modules] Streaming discord_voice@1 to /home/arch/.config/discord/0.0.75/modules/pending/discord_voice-1.zip: 60%
2024-11-21T17:18:08.496Z [Modules] Streaming discord_voice@1 to /home/arch/.config/discord/0.0.75/modules/pending/discord_voice-1.zip: 61%
2024-11-21T17:18:08.531Z [Modules] Streaming discord_voice@1 to /home/arch/.config/discord/0.0.75/modules/pending/discord_voice-1.zip: 62%
2024-11-21T17:18:08.547Z [Modules] Streaming discord_voice@1 to /home/arch/.config/discord/0.0.75/modules/pending/discord_voice-1.zip: 63%
2024-11-21T17:18:08.566Z [Modules] Streaming discord_voice@1 to /home/arch/.config/discord/0.0.75/modules/pending/discord_voice-1.zip: 64%
2024-11-21T17:18:08.584Z [Modules] Streaming discord_voice@1 to /home/arch/.config/discord/0.0.75/modules/pending/discord_voice-1.zip: 65%
2024-11-21T17:18:08.606Z [Modules] Streaming discord_voice@1 to /home/arch/.config/discord/0.0.75/modules/pending/discord_voice-1.zip: 66%
2024-11-21T17:18:08.626Z [Modules] Streaming discord_voice@1 to /home/arch/.config/discord/0.0.75/modules/pending/discord_voice-1.zip: 67%
2024-11-21T17:18:08.645Z [Modules] Streaming discord_voice@1 to /home/arch/.config/discord/0.0.75/modules/pending/discord_voice-1.zip: 68%
2024-11-21T17:18:08.664Z [Modules] Streaming discord_voice@1 to /home/arch/.config/discord/0.0.75/modules/pending/discord_voice-1.zip: 69%
2024-11-21T17:18:08.683Z [Modules] Streaming discord_voice@1 to /home/arch/.config/discord/0.0.75/modules/pending/discord_voice-1.zip: 70%
2024-11-21T17:18:08.702Z [Modules] Streaming discord_voice@1 to /home/arch/.config/discord/0.0.75/modules/pending/discord_voice-1.zip: 71%
2024-11-21T17:18:08.721Z [Modules] Streaming discord_voice@1 to /home/arch/.config/discord/0.0.75/modules/pending/discord_voice-1.zip: 72%
2024-11-21T17:18:08.742Z [Modules] Streaming discord_voice@1 to /home/arch/.config/discord/0.0.75/modules/pending/discord_voice-1.zip: 73%
2024-11-21T17:18:08.760Z [Modules] Streaming discord_voice@1 to /home/arch/.config/discord/0.0.75/modules/pending/discord_voice-1.zip: 74%
2024-11-21T17:18:08.780Z [Modules] Streaming discord_voice@1 to /home/arch/.config/discord/0.0.75/modules/pending/discord_voice-1.zip: 75%
2024-11-21T17:18:08.799Z [Modules] Streaming discord_voice@1 to /home/arch/.config/discord/0.0.75/modules/pending/discord_voice-1.zip: 76%
2024-11-21T17:18:08.818Z [Modules] Streaming discord_voice@1 to /home/arch/.config/discord/0.0.75/modules/pending/discord_voice-1.zip: 77%
2024-11-21T17:18:08.838Z [Modules] Streaming discord_voice@1 to /home/arch/.config/discord/0.0.75/modules/pending/discord_voice-1.zip: 78%
2024-11-21T17:18:08.929Z [Modules] Streaming discord_voice@1 to /home/arch/.config/discord/0.0.75/modules/pending/discord_voice-1.zip: 79%
2024-11-21T17:18:08.949Z [Modules] Streaming discord_voice@1 to /home/arch/.config/discord/0.0.75/modules/pending/discord_voice-1.zip: 80%
2024-11-21T17:18:08.967Z [Modules] Streaming discord_voice@1 to /home/arch/.config/discord/0.0.75/modules/pending/discord_voice-1.zip: 81%
2024-11-21T17:18:08.986Z [Modules] Streaming discord_voice@1 to /home/arch/.config/discord/0.0.75/modules/pending/discord_voice-1.zip: 82%
2024-11-21T17:18:09.006Z [Modules] Streaming discord_voice@1 to /home/arch/.config/discord/0.0.75/modules/pending/discord_voice-1.zip: 83%
2024-11-21T17:18:09.026Z [Modules] Streaming discord_voice@1 to /home/arch/.config/discord/0.0.75/modules/pending/discord_voice-1.zip: 84%
2024-11-21T17:18:09.044Z [Modules] Streaming discord_voice@1 to /home/arch/.config/discord/0.0.75/modules/pending/discord_voice-1.zip: 85%
2024-11-21T17:18:09.063Z [Modules] Streaming discord_voice@1 to /home/arch/.config/discord/0.0.75/modules/pending/discord_voice-1.zip: 86%
2024-11-21T17:18:09.083Z [Modules] Streaming discord_voice@1 to /home/arch/.config/discord/0.0.75/modules/pending/discord_voice-1.zip: 87%
2024-11-21T17:18:09.102Z [Modules] Streaming discord_voice@1 to /home/arch/.config/discord/0.0.75/modules/pending/discord_voice-1.zip: 88%
2024-11-21T17:18:09.122Z [Modules] Streaming discord_voice@1 to /home/arch/.config/discord/0.0.75/modules/pending/discord_voice-1.zip: 89%
2024-11-21T17:18:09.140Z [Modules] Streaming discord_voice@1 to /home/arch/.config/discord/0.0.75/modules/pending/discord_voice-1.zip: 90%
2024-11-21T17:18:09.173Z [Modules] Streaming discord_voice@1 to /home/arch/.config/discord/0.0.75/modules/pending/discord_voice-1.zip: 91%
2024-11-21T17:18:09.184Z [Modules] Streaming discord_voice@1 to /home/arch/.config/discord/0.0.75/modules/pending/discord_voice-1.zip: 92%
2024-11-21T17:18:09.204Z [Modules] Streaming discord_voice@1 to /home/arch/.config/discord/0.0.75/modules/pending/discord_voice-1.zip: 93%
2024-11-21T17:18:09.225Z [Modules] Streaming discord_voice@1 to /home/arch/.config/discord/0.0.75/modules/pending/discord_voice-1.zip: 94%
2024-11-21T17:18:09.243Z [Modules] Streaming discord_voice@1 to /home/arch/.config/discord/0.0.75/modules/pending/discord_voice-1.zip: 95%
2024-11-21T17:18:09.263Z [Modules] Streaming discord_voice@1 to /home/arch/.config/discord/0.0.75/modules/pending/discord_voice-1.zip: 96%
2024-11-21T17:18:09.282Z [Modules] Streaming discord_voice@1 to /home/arch/.config/discord/0.0.75/modules/pending/discord_voice-1.zip: 97%
2024-11-21T17:18:09.302Z [Modules] Streaming discord_voice@1 to /home/arch/.config/discord/0.0.75/modules/pending/discord_voice-1.zip: 98%
2024-11-21T17:18:09.320Z [Modules] Streaming discord_voice@1 to /home/arch/.config/discord/0.0.75/modules/pending/discord_voice-1.zip: 99%
2024-11-21T17:18:09.339Z [Modules] Streaming discord_voice@1 to /home/arch/.config/discord/0.0.75/modules/pending/discord_voice-1.zip: 100%
2024-11-21T17:18:09.340Z [Modules] Fetching discord_zstd@1 from https://discord.com/api/modules/stable/discord_zstd/1
2024-11-21T17:18:09.340Z [Modules] Streaming discord_zstd@1 to /home/arch/.config/discord/0.0.75/modules/pending/discord_zstd-1.zip
2024-11-21T17:18:09.611Z [Modules] Streaming discord_zstd@1 to /home/arch/.config/discord/0.0.75/modules/pending/discord_zstd-1.zip: 3%
2024-11-21T17:18:09.611Z [Modules] Streaming discord_zstd@1 to /home/arch/.config/discord/0.0.75/modules/pending/discord_zstd-1.zip: 4%
2024-11-21T17:18:09.612Z [Modules] Streaming discord_zstd@1 to /home/arch/.config/discord/0.0.75/modules/pending/discord_zstd-1.zip: 5%
2024-11-21T17:18:09.612Z [Modules] Streaming discord_zstd@1 to /home/arch/.config/discord/0.0.75/modules/pending/discord_zstd-1.zip: 6%
2024-11-21T17:18:09.612Z [Modules] Streaming discord_zstd@1 to /home/arch/.config/discord/0.0.75/modules/pending/discord_zstd-1.zip: 7%
2024-11-21T17:18:09.613Z [Modules] Streaming discord_zstd@1 to /home/arch/.config/discord/0.0.75/modules/pending/discord_zstd-1.zip: 8%
2024-11-21T17:18:09.613Z [Modules] Streaming discord_zstd@1 to /home/arch/.config/discord/0.0.75/modules/pending/discord_zstd-1.zip: 9%
2024-11-21T17:18:09.613Z [Modules] Streaming discord_zstd@1 to /home/arch/.config/discord/0.0.75/modules/pending/discord_zstd-1.zip: 10%
2024-11-21T17:18:09.614Z [Modules] Streaming discord_zstd@1 to /home/arch/.config/discord/0.0.75/modules/pending/discord_zstd-1.zip: 11%
2024-11-21T17:18:09.614Z [Modules] Streaming discord_zstd@1 to /home/arch/.config/discord/0.0.75/modules/pending/discord_zstd-1.zip: 12%
2024-11-21T17:18:09.614Z [Modules] Streaming discord_zstd@1 to /home/arch/.config/discord/0.0.75/modules/pending/discord_zstd-1.zip: 13%
2024-11-21T17:18:09.615Z [Modules] Streaming discord_zstd@1 to /home/arch/.config/discord/0.0.75/modules/pending/discord_zstd-1.zip: 14%
2024-11-21T17:18:09.615Z [Modules] Streaming discord_zstd@1 to /home/arch/.config/discord/0.0.75/modules/pending/discord_zstd-1.zip: 15%
2024-11-21T17:18:09.615Z [Modules] Streaming discord_zstd@1 to /home/arch/.config/discord/0.0.75/modules/pending/discord_zstd-1.zip: 16%
2024-11-21T17:18:09.615Z [Modules] Streaming discord_zstd@1 to /home/arch/.config/discord/0.0.75/modules/pending/discord_zstd-1.zip: 17%
2024-11-21T17:18:09.616Z [Modules] Streaming discord_zstd@1 to /home/arch/.config/discord/0.0.75/modules/pending/discord_zstd-1.zip: 19%
2024-11-21T17:18:09.616Z [Modules] Streaming discord_zstd@1 to /home/arch/.config/discord/0.0.75/modules/pending/discord_zstd-1.zip: 20%
2024-11-21T17:18:09.617Z [Modules] Streaming discord_zstd@1 to /home/arch/.config/discord/0.0.75/modules/pending/discord_zstd-1.zip: 21%
2024-11-21T17:18:09.617Z [Modules] Streaming discord_zstd@1 to /home/arch/.config/discord/0.0.75/modules/pending/discord_zstd-1.zip: 22%
2024-11-21T17:18:09.617Z [Modules] Streaming discord_zstd@1 to /home/arch/.config/discord/0.0.75/modules/pending/discord_zstd-1.zip: 23%
2024-11-21T17:18:09.618Z [Modules] Streaming discord_zstd@1 to /home/arch/.config/discord/0.0.75/modules/pending/discord_zstd-1.zip: 24%
2024-11-21T17:18:09.618Z [Modules] Streaming discord_zstd@1 to /home/arch/.config/discord/0.0.75/modules/pending/discord_zstd-1.zip: 25%
2024-11-21T17:18:09.618Z [Modules] Streaming discord_zstd@1 to /home/arch/.config/discord/0.0.75/modules/pending/discord_zstd-1.zip: 26%
2024-11-21T17:18:09.619Z [Modules] Streaming discord_zstd@1 to /home/arch/.config/discord/0.0.75/modules/pending/discord_zstd-1.zip: 28%
2024-11-21T17:18:09.619Z [Modules] Streaming discord_zstd@1 to /home/arch/.config/discord/0.0.75/modules/pending/discord_zstd-1.zip: 29%
2024-11-21T17:18:09.619Z [Modules] Streaming discord_zstd@1 to /home/arch/.config/discord/0.0.75/modules/pending/discord_zstd-1.zip: 30%
2024-11-21T17:18:09.620Z [Modules] Streaming discord_zstd@1 to /home/arch/.config/discord/0.0.75/modules/pending/discord_zstd-1.zip: 32%
2024-11-21T17:18:09.620Z [Modules] Streaming discord_zstd@1 to /home/arch/.config/discord/0.0.75/modules/pending/discord_zstd-1.zip: 33%
2024-11-21T17:18:09.620Z [Modules] Streaming discord_zstd@1 to /home/arch/.config/discord/0.0.75/modules/pending/discord_zstd-1.zip: 34%
2024-11-21T17:18:09.621Z [Modules] Streaming discord_zstd@1 to /home/arch/.config/discord/0.0.75/modules/pending/discord_zstd-1.zip: 35%
2024-11-21T17:18:09.621Z [Modules] Streaming discord_zstd@1 to /home/arch/.config/discord/0.0.75/modules/pending/discord_zstd-1.zip: 36%
2024-11-21T17:18:09.621Z [Modules] Streaming discord_zstd@1 to /home/arch/.config/discord/0.0.75/modules/pending/discord_zstd-1.zip: 37%
2024-11-21T17:18:09.622Z [Modules] Streaming discord_zstd@1 to /home/arch/.config/discord/0.0.75/modules/pending/discord_zstd-1.zip: 38%
2024-11-21T17:18:09.622Z [Modules] Streaming discord_zstd@1 to /home/arch/.config/discord/0.0.75/modules/pending/discord_zstd-1.zip: 40%
2024-11-21T17:18:09.623Z [Modules] Streaming discord_zstd@1 to /home/arch/.config/discord/0.0.75/modules/pending/discord_zstd-1.zip: 41%
2024-11-21T17:18:09.623Z [Modules] Streaming discord_zstd@1 to /home/arch/.config/discord/0.0.75/modules/pending/discord_zstd-1.zip: 43%
2024-11-21T17:18:09.625Z [Modules] Streaming discord_zstd@1 to /home/arch/.config/discord/0.0.75/modules/pending/discord_zstd-1.zip: 44%
2024-11-21T17:18:09.625Z [Modules] Streaming discord_zstd@1 to /home/arch/.config/discord/0.0.75/modules/pending/discord_zstd-1.zip: 45%
2024-11-21T17:18:09.625Z [Modules] Streaming discord_zstd@1 to /home/arch/.config/discord/0.0.75/modules/pending/discord_zstd-1.zip: 46%
2024-11-21T17:18:09.626Z [Modules] Streaming discord_zstd@1 to /home/arch/.config/discord/0.0.75/modules/pending/discord_zstd-1.zip: 47%
2024-11-21T17:18:09.626Z [Modules] Streaming discord_zstd@1 to /home/arch/.config/discord/0.0.75/modules/pending/discord_zstd-1.zip: 48%
2024-11-21T17:18:09.626Z [Modules] Streaming discord_zstd@1 to /home/arch/.config/discord/0.0.75/modules/pending/discord_zstd-1.zip: 49%
2024-11-21T17:18:09.626Z [Modules] Streaming discord_zstd@1 to /home/arch/.config/discord/0.0.75/modules/pending/discord_zstd-1.zip: 50%
2024-11-21T17:18:09.627Z [Modules] Streaming discord_zstd@1 to /home/arch/.config/discord/0.0.75/modules/pending/discord_zstd-1.zip: 51%
2024-11-21T17:18:09.627Z [Modules] Streaming discord_zstd@1 to /home/arch/.config/discord/0.0.75/modules/pending/discord_zstd-1.zip: 52%
2024-11-21T17:18:09.627Z [Modules] Streaming discord_zstd@1 to /home/arch/.config/discord/0.0.75/modules/pending/discord_zstd-1.zip: 53%
2024-11-21T17:18:09.628Z [Modules] Streaming discord_zstd@1 to /home/arch/.config/discord/0.0.75/modules/pending/discord_zstd-1.zip: 54%
2024-11-21T17:18:09.628Z [Modules] Streaming discord_zstd@1 to /home/arch/.config/discord/0.0.75/modules/pending/discord_zstd-1.zip: 55%
2024-11-21T17:18:09.628Z [Modules] Streaming discord_zstd@1 to /home/arch/.config/discord/0.0.75/modules/pending/discord_zstd-1.zip: 56%
2024-11-21T17:18:09.628Z [Modules] Streaming discord_zstd@1 to /home/arch/.config/discord/0.0.75/modules/pending/discord_zstd-1.zip: 58%
2024-11-21T17:18:09.629Z [Modules] Streaming discord_zstd@1 to /home/arch/.config/discord/0.0.75/modules/pending/discord_zstd-1.zip: 59%
2024-11-21T17:18:09.629Z [Modules] Streaming discord_zstd@1 to /home/arch/.config/discord/0.0.75/modules/pending/discord_zstd-1.zip: 60%
2024-11-21T17:18:09.629Z [Modules] Streaming discord_zstd@1 to /home/arch/.config/discord/0.0.75/modules/pending/discord_zstd-1.zip: 61%
2024-11-21T17:18:09.630Z [Modules] Streaming discord_zstd@1 to /home/arch/.config/discord/0.0.75/modules/pending/discord_zstd-1.zip: 62%
2024-11-21T17:18:09.630Z [Modules] Streaming discord_zstd@1 to /home/arch/.config/discord/0.0.75/modules/pending/discord_zstd-1.zip: 63%
2024-11-21T17:18:09.630Z [Modules] Streaming discord_zstd@1 to /home/arch/.config/discord/0.0.75/modules/pending/discord_zstd-1.zip: 64%
2024-11-21T17:18:09.631Z [Modules] Streaming discord_zstd@1 to /home/arch/.config/discord/0.0.75/modules/pending/discord_zstd-1.zip: 65%
2024-11-21T17:18:09.631Z [Modules] Streaming discord_zstd@1 to /home/arch/.config/discord/0.0.75/modules/pending/discord_zstd-1.zip: 66%
2024-11-21T17:18:09.631Z [Modules] Streaming discord_zstd@1 to /home/arch/.config/discord/0.0.75/modules/pending/discord_zstd-1.zip: 67%
2024-11-21T17:18:09.631Z [Modules] Streaming discord_zstd@1 to /home/arch/.config/discord/0.0.75/modules/pending/discord_zstd-1.zip: 68%
2024-11-21T17:18:09.632Z [Modules] Streaming discord_zstd@1 to /home/arch/.config/discord/0.0.75/modules/pending/discord_zstd-1.zip: 69%
2024-11-21T17:18:09.632Z [Modules] Streaming discord_zstd@1 to /home/arch/.config/discord/0.0.75/modules/pending/discord_zstd-1.zip: 70%
2024-11-21T17:18:09.633Z [Modules] Streaming discord_zstd@1 to /home/arch/.config/discord/0.0.75/modules/pending/discord_zstd-1.zip: 71%
2024-11-21T17:18:09.633Z [Modules] Streaming discord_zstd@1 to /home/arch/.config/discord/0.0.75/modules/pending/discord_zstd-1.zip: 72%
2024-11-21T17:18:09.633Z [Modules] Streaming discord_zstd@1 to /home/arch/.config/discord/0.0.75/modules/pending/discord_zstd-1.zip: 73%
2024-11-21T17:18:09.633Z [Modules] Streaming discord_zstd@1 to /home/arch/.config/discord/0.0.75/modules/pending/discord_zstd-1.zip: 74%
2024-11-21T17:18:09.634Z [Modules] Streaming discord_zstd@1 to /home/arch/.config/discord/0.0.75/modules/pending/discord_zstd-1.zip: 75%
2024-11-21T17:18:09.634Z [Modules] Streaming discord_zstd@1 to /home/arch/.config/discord/0.0.75/modules/pending/discord_zstd-1.zip: 76%
2024-11-21T17:18:09.634Z [Modules] Streaming discord_zstd@1 to /home/arch/.config/discord/0.0.75/modules/pending/discord_zstd-1.zip: 77%
2024-11-21T17:18:09.634Z [Modules] Streaming discord_zstd@1 to /home/arch/.config/discord/0.0.75/modules/pending/discord_zstd-1.zip: 78%
2024-11-21T17:18:09.635Z [Modules] Streaming discord_zstd@1 to /home/arch/.config/discord/0.0.75/modules/pending/discord_zstd-1.zip: 79%
2024-11-21T17:18:09.635Z [Modules] Streaming discord_zstd@1 to /home/arch/.config/discord/0.0.75/modules/pending/discord_zstd-1.zip: 80%
2024-11-21T17:18:09.635Z [Modules] Streaming discord_zstd@1 to /home/arch/.config/discord/0.0.75/modules/pending/discord_zstd-1.zip: 81%
2024-11-21T17:18:09.636Z [Modules] Streaming discord_zstd@1 to /home/arch/.config/discord/0.0.75/modules/pending/discord_zstd-1.zip: 82%
2024-11-21T17:18:09.636Z [Modules] Streaming discord_zstd@1 to /home/arch/.config/discord/0.0.75/modules/pending/discord_zstd-1.zip: 83%
2024-11-21T17:18:09.636Z [Modules] Streaming discord_zstd@1 to /home/arch/.config/discord/0.0.75/modules/pending/discord_zstd-1.zip: 84%
2024-11-21T17:18:09.636Z [Modules] Streaming discord_zstd@1 to /home/arch/.config/discord/0.0.75/modules/pending/discord_zstd-1.zip: 85%
2024-11-21T17:18:09.637Z [Modules] Streaming discord_zstd@1 to /home/arch/.config/discord/0.0.75/modules/pending/discord_zstd-1.zip: 86%
2024-11-21T17:18:09.637Z [Modules] Streaming discord_zstd@1 to /home/arch/.config/discord/0.0.75/modules/pending/discord_zstd-1.zip: 87%
2024-11-21T17:18:09.637Z [Modules] Streaming discord_zstd@1 to /home/arch/.config/discord/0.0.75/modules/pending/discord_zstd-1.zip: 88%
2024-11-21T17:18:09.638Z [Modules] Streaming discord_zstd@1 to /home/arch/.config/discord/0.0.75/modules/pending/discord_zstd-1.zip: 89%
2024-11-21T17:18:09.638Z [Modules] Streaming discord_zstd@1 to /home/arch/.config/discord/0.0.75/modules/pending/discord_zstd-1.zip: 90%
2024-11-21T17:18:09.638Z [Modules] Streaming discord_zstd@1 to /home/arch/.config/discord/0.0.75/modules/pending/discord_zstd-1.zip: 91%
2024-11-21T17:18:09.639Z [Modules] Streaming discord_zstd@1 to /home/arch/.config/discord/0.0.75/modules/pending/discord_zstd-1.zip: 92%
2024-11-21T17:18:09.639Z [Modules] Streaming discord_zstd@1 to /home/arch/.config/discord/0.0.75/modules/pending/discord_zstd-1.zip: 93%
2024-11-21T17:18:09.639Z [Modules] Streaming discord_zstd@1 to /home/arch/.config/discord/0.0.75/modules/pending/discord_zstd-1.zip: 94%
2024-11-21T17:18:09.640Z [Modules] Streaming discord_zstd@1 to /home/arch/.config/discord/0.0.75/modules/pending/discord_zstd-1.zip: 95%
2024-11-21T17:18:09.640Z [Modules] Streaming discord_zstd@1 to /home/arch/.config/discord/0.0.75/modules/pending/discord_zstd-1.zip: 96%
2024-11-21T17:18:09.640Z [Modules] Streaming discord_zstd@1 to /home/arch/.config/discord/0.0.75/modules/pending/discord_zstd-1.zip: 97%
2024-11-21T17:18:09.640Z [Modules] Streaming discord_zstd@1 to /home/arch/.config/discord/0.0.75/modules/pending/discord_zstd-1.zip: 98%
2024-11-21T17:18:09.641Z [Modules] Streaming discord_zstd@1 to /home/arch/.config/discord/0.0.75/modules/pending/discord_zstd-1.zip: 99%
2024-11-21T17:18:09.641Z [Modules] Streaming discord_zstd@1 to /home/arch/.config/discord/0.0.75/modules/pending/discord_zstd-1.zip: 100%
2024-11-21T17:18:09.642Z [Modules] Finished module downloads. [success: 6] [failure: 0]
2024-11-21T17:18:09.642Z [Modules] Installing updates...
2024-11-21T17:18:09.642Z [Modules] Installing discord_desktop_core@1 from /home/arch/.config/discord/0.0.75/modules/pending/discord_desktop_core-1.zip
2024-11-21T17:18:09.691Z [Modules] Installing discord_erlpack@1 from /home/arch/.config/discord/0.0.75/modules/pending/discord_erlpack-1.zip
2024-11-21T17:18:09.723Z [Modules] Installing discord_spellcheck@1 from /home/arch/.config/discord/0.0.75/modules/pending/discord_spellcheck-1.zip
2024-11-21T17:18:10.177Z [Modules] Installing discord_utils@1 from /home/arch/.config/discord/0.0.75/modules/pending/discord_utils-1.zip
2024-11-21T17:18:10.270Z [Modules] Installing discord_voice@1 from /home/arch/.config/discord/0.0.75/modules/pending/discord_voice-1.zip
2024-11-21T17:18:10.588Z [Modules] Installing discord_zstd@1 from /home/arch/.config/discord/0.0.75/modules/pending/discord_zstd-1.zip
2024-11-21T17:18:10.595Z [Modules] Finished module installations. [success: 6] [failure: 0]
2024-11-21T17:18:10.595Z [Modules] Checking for host updates.
2024-11-21T17:18:10.773Z [Modules] Host is up to date.
2024-11-21T17:18:10.773Z [Modules] Checking for module updates at https://discord.com/api/modules/stable/versions.json
2024-11-21T17:18:10.775Z [Modules] No module updates available.
2024-11-21T17:18:12.372Z [Modules] Starting to install discord_krisp...
2024-11-21T17:18:12.372Z [Modules] Fetching discord_krisp@1 from https://discord.com/api/modules/stable/discord_krisp/1
2024-11-21T17:18:12.373Z [Modules] Streaming discord_krisp@1 to /home/arch/.config/discord/0.0.75/modules/pending/discord_krisp-1.zip
2024-11-21T17:18:12.381Z [Modules] Starting to install discord_game_utils...
2024-11-21T17:18:12.699Z [Modules] Streaming discord_krisp@1 to /home/arch/.config/discord/0.0.75/modules/pending/discord_krisp-1.zip: 1%
2024-11-21T17:18:12.721Z [Modules] Streaming discord_krisp@1 to /home/arch/.config/discord/0.0.75/modules/pending/discord_krisp-1.zip: 2%
2024-11-21T17:18:12.730Z [Modules] Streaming discord_krisp@1 to /home/arch/.config/discord/0.0.75/modules/pending/discord_krisp-1.zip: 3%
2024-11-21T17:18:12.755Z [Modules] Streaming discord_krisp@1 to /home/arch/.config/discord/0.0.75/modules/pending/discord_krisp-1.zip: 4%
2024-11-21T17:18:12.778Z [Modules] Streaming discord_krisp@1 to /home/arch/.config/discord/0.0.75/modules/pending/discord_krisp-1.zip: 5%
2024-11-21T17:18:12.803Z [Modules] Streaming discord_krisp@1 to /home/arch/.config/discord/0.0.75/modules/pending/discord_krisp-1.zip: 6%
2024-11-21T17:18:12.824Z [Modules] Streaming discord_krisp@1 to /home/arch/.config/discord/0.0.75/modules/pending/discord_krisp-1.zip: 7%
2024-11-21T17:18:12.850Z [Modules] Streaming discord_krisp@1 to /home/arch/.config/discord/0.0.75/modules/pending/discord_krisp-1.zip: 8%
2024-11-21T17:18:12.875Z [Modules] Streaming discord_krisp@1 to /home/arch/.config/discord/0.0.75/modules/pending/discord_krisp-1.zip: 9%
2024-11-21T17:18:12.898Z [Modules] Streaming discord_krisp@1 to /home/arch/.config/discord/0.0.75/modules/pending/discord_krisp-1.zip: 10%
2024-11-21T17:18:12.922Z [Modules] Streaming discord_krisp@1 to /home/arch/.config/discord/0.0.75/modules/pending/discord_krisp-1.zip: 11%
2024-11-21T17:18:12.945Z [Modules] Streaming discord_krisp@1 to /home/arch/.config/discord/0.0.75/modules/pending/discord_krisp-1.zip: 12%
2024-11-21T17:18:12.971Z [Modules] Streaming discord_krisp@1 to /home/arch/.config/discord/0.0.75/modules/pending/discord_krisp-1.zip: 13%
2024-11-21T17:18:12.993Z [Modules] Streaming discord_krisp@1 to /home/arch/.config/discord/0.0.75/modules/pending/discord_krisp-1.zip: 14%
2024-11-21T17:18:13.018Z [Modules] Streaming discord_krisp@1 to /home/arch/.config/discord/0.0.75/modules/pending/discord_krisp-1.zip: 15%
2024-11-21T17:18:13.043Z [Modules] Streaming discord_krisp@1 to /home/arch/.config/discord/0.0.75/modules/pending/discord_krisp-1.zip: 16%
2024-11-21T17:18:13.065Z [Modules] Streaming discord_krisp@1 to /home/arch/.config/discord/0.0.75/modules/pending/discord_krisp-1.zip: 17%
2024-11-21T17:18:13.090Z [Modules] Streaming discord_krisp@1 to /home/arch/.config/discord/0.0.75/modules/pending/discord_krisp-1.zip: 18%
2024-11-21T17:18:13.114Z [Modules] Streaming discord_krisp@1 to /home/arch/.config/discord/0.0.75/modules/pending/discord_krisp-1.zip: 19%
2024-11-21T17:18:13.138Z [Modules] Streaming discord_krisp@1 to /home/arch/.config/discord/0.0.75/modules/pending/discord_krisp-1.zip: 20%
2024-11-21T17:18:13.164Z [Modules] Streaming discord_krisp@1 to /home/arch/.config/discord/0.0.75/modules/pending/discord_krisp-1.zip: 21%
2024-11-21T17:18:13.188Z [Modules] Streaming discord_krisp@1 to /home/arch/.config/discord/0.0.75/modules/pending/discord_krisp-1.zip: 22%
2024-11-21T17:18:13.214Z [Modules] Streaming discord_krisp@1 to /home/arch/.config/discord/0.0.75/modules/pending/discord_krisp-1.zip: 23%
2024-11-21T17:18:13.241Z [Modules] Streaming discord_krisp@1 to /home/arch/.config/discord/0.0.75/modules/pending/discord_krisp-1.zip: 24%
2024-11-21T17:18:13.269Z [Modules] Streaming discord_krisp@1 to /home/arch/.config/discord/0.0.75/modules/pending/discord_krisp-1.zip: 25%
2024-11-21T17:18:13.295Z [Modules] Streaming discord_krisp@1 to /home/arch/.config/discord/0.0.75/modules/pending/discord_krisp-1.zip: 26%
2024-11-21T17:18:13.322Z [Modules] Streaming discord_krisp@1 to /home/arch/.config/discord/0.0.75/modules/pending/discord_krisp-1.zip: 27%
2024-11-21T17:18:13.348Z [Modules] Streaming discord_krisp@1 to /home/arch/.config/discord/0.0.75/modules/pending/discord_krisp-1.zip: 28%
2024-11-21T17:18:13.375Z [Modules] Streaming discord_krisp@1 to /home/arch/.config/discord/0.0.75/modules/pending/discord_krisp-1.zip: 29%
2024-11-21T17:18:13.402Z [Modules] Streaming discord_krisp@1 to /home/arch/.config/discord/0.0.75/modules/pending/discord_krisp-1.zip: 30%
2024-11-21T17:18:13.422Z [Modules] Streaming discord_krisp@1 to /home/arch/.config/discord/0.0.75/modules/pending/discord_krisp-1.zip: 31%
2024-11-21T17:18:13.442Z [Modules] Streaming discord_krisp@1 to /home/arch/.config/discord/0.0.75/modules/pending/discord_krisp-1.zip: 32%
2024-11-21T17:18:13.463Z [Modules] Streaming discord_krisp@1 to /home/arch/.config/discord/0.0.75/modules/pending/discord_krisp-1.zip: 33%
2024-11-21T17:18:13.485Z [Modules] Streaming discord_krisp@1 to /home/arch/.config/discord/0.0.75/modules/pending/discord_krisp-1.zip: 34%
2024-11-21T17:18:13.503Z [Modules] Checking for host updates.
2024-11-21T17:18:13.505Z [Modules] Streaming discord_krisp@1 to /home/arch/.config/discord/0.0.75/modules/pending/discord_krisp-1.zip: 35%
2024-11-21T17:18:13.526Z [Modules] Streaming discord_krisp@1 to /home/arch/.config/discord/0.0.75/modules/pending/discord_krisp-1.zip: 36%
2024-11-21T17:18:13.545Z [Modules] Streaming discord_krisp@1 to /home/arch/.config/discord/0.0.75/modules/pending/discord_krisp-1.zip: 37%
2024-11-21T17:18:13.566Z [Modules] Streaming discord_krisp@1 to /home/arch/.config/discord/0.0.75/modules/pending/discord_krisp-1.zip: 38%
2024-11-21T17:18:13.576Z [Modules] Starting to install discord_rpc...
2024-11-21T17:18:13.587Z [Modules] Streaming discord_krisp@1 to /home/arch/.config/discord/0.0.75/modules/pending/discord_krisp-1.zip: 39%
2024-11-21T17:18:13.607Z [Modules] Streaming discord_krisp@1 to /home/arch/.config/discord/0.0.75/modules/pending/discord_krisp-1.zip: 40%
2024-11-21T17:18:13.627Z [Modules] Streaming discord_krisp@1 to /home/arch/.config/discord/0.0.75/modules/pending/discord_krisp-1.zip: 41%
2024-11-21T17:18:13.647Z [Modules] Streaming discord_krisp@1 to /home/arch/.config/discord/0.0.75/modules/pending/discord_krisp-1.zip: 42%
2024-11-21T17:18:13.671Z [Modules] Streaming discord_krisp@1 to /home/arch/.config/discord/0.0.75/modules/pending/discord_krisp-1.zip: 43%
2024-11-21T17:18:13.695Z [Modules] Streaming discord_krisp@1 to /home/arch/.config/discord/0.0.75/modules/pending/discord_krisp-1.zip: 44%
2024-11-21T17:18:13.721Z [Modules] Streaming discord_krisp@1 to /home/arch/.config/discord/0.0.75/modules/pending/discord_krisp-1.zip: 45%
2024-11-21T17:18:13.723Z [Modules] Host is up to date.
2024-11-21T17:18:13.723Z [Modules] Checking for module updates at https://discord.com/api/modules/stable/versions.json
2024-11-21T17:18:13.725Z [Modules] No module updates available.
2024-11-21T17:18:13.741Z [Modules] Streaming discord_krisp@1 to /home/arch/.config/discord/0.0.75/modules/pending/discord_krisp-1.zip: 46%
2024-11-21T17:18:13.762Z [Modules] Streaming discord_krisp@1 to /home/arch/.config/discord/0.0.75/modules/pending/discord_krisp-1.zip: 47%
2024-11-21T17:18:13.782Z [Modules] Streaming discord_krisp@1 to /home/arch/.config/discord/0.0.75/modules/pending/discord_krisp-1.zip: 48%
2024-11-21T17:18:13.802Z [Modules] Streaming discord_krisp@1 to /home/arch/.config/discord/0.0.75/modules/pending/discord_krisp-1.zip: 49%
2024-11-21T17:18:13.822Z [Modules] Streaming discord_krisp@1 to /home/arch/.config/discord/0.0.75/modules/pending/discord_krisp-1.zip: 50%
2024-11-21T17:18:13.842Z [Modules] Streaming discord_krisp@1 to /home/arch/.config/discord/0.0.75/modules/pending/discord_krisp-1.zip: 51%
2024-11-21T17:18:13.864Z [Modules] Streaming discord_krisp@1 to /home/arch/.config/discord/0.0.75/modules/pending/discord_krisp-1.zip: 52%
2024-11-21T17:18:13.884Z [Modules] Streaming discord_krisp@1 to /home/arch/.config/discord/0.0.75/modules/pending/discord_krisp-1.zip: 53%
2024-11-21T17:18:13.905Z [Modules] Streaming discord_krisp@1 to /home/arch/.config/discord/0.0.75/modules/pending/discord_krisp-1.zip: 54%
2024-11-21T17:18:13.929Z [Modules] Streaming discord_krisp@1 to /home/arch/.config/discord/0.0.75/modules/pending/discord_krisp-1.zip: 55%
2024-11-21T17:18:13.948Z [Modules] Streaming discord_krisp@1 to /home/arch/.config/discord/0.0.75/modules/pending/discord_krisp-1.zip: 56%
2024-11-21T17:18:13.969Z [Modules] Streaming discord_krisp@1 to /home/arch/.config/discord/0.0.75/modules/pending/discord_krisp-1.zip: 57%
2024-11-21T17:18:13.988Z [Modules] Streaming discord_krisp@1 to /home/arch/.config/discord/0.0.75/modules/pending/discord_krisp-1.zip: 58%
2024-11-21T17:18:14.009Z [Modules] Streaming discord_krisp@1 to /home/arch/.config/discord/0.0.75/modules/pending/discord_krisp-1.zip: 59%
2024-11-21T17:18:14.028Z [Modules] Streaming discord_krisp@1 to /home/arch/.config/discord/0.0.75/modules/pending/discord_krisp-1.zip: 60%
2024-11-21T17:18:14.055Z [Modules] Streaming discord_krisp@1 to /home/arch/.config/discord/0.0.75/modules/pending/discord_krisp-1.zip: 61%
2024-11-21T17:18:14.069Z [Modules] Streaming discord_krisp@1 to /home/arch/.config/discord/0.0.75/modules/pending/discord_krisp-1.zip: 62%
2024-11-21T17:18:14.089Z [Modules] Streaming discord_krisp@1 to /home/arch/.config/discord/0.0.75/modules/pending/discord_krisp-1.zip: 63%
2024-11-21T17:18:14.108Z [Modules] Streaming discord_krisp@1 to /home/arch/.config/discord/0.0.75/modules/pending/discord_krisp-1.zip: 64%
2024-11-21T17:18:14.129Z [Modules] Streaming discord_krisp@1 to /home/arch/.config/discord/0.0.75/modules/pending/discord_krisp-1.zip: 65%
2024-11-21T17:18:14.149Z [Modules] Streaming discord_krisp@1 to /home/arch/.config/discord/0.0.75/modules/pending/discord_krisp-1.zip: 66%
2024-11-21T17:18:14.169Z [Modules] Streaming discord_krisp@1 to /home/arch/.config/discord/0.0.75/modules/pending/discord_krisp-1.zip: 67%
2024-11-21T17:18:14.189Z [Modules] Streaming discord_krisp@1 to /home/arch/.config/discord/0.0.75/modules/pending/discord_krisp-1.zip: 68%
2024-11-21T17:18:14.209Z [Modules] Streaming discord_krisp@1 to /home/arch/.config/discord/0.0.75/modules/pending/discord_krisp-1.zip: 69%
2024-11-21T17:18:14.229Z [Modules] Streaming discord_krisp@1 to /home/arch/.config/discord/0.0.75/modules/pending/discord_krisp-1.zip: 70%
2024-11-21T17:18:14.249Z [Modules] Streaming discord_krisp@1 to /home/arch/.config/discord/0.0.75/modules/pending/discord_krisp-1.zip: 71%
2024-11-21T17:18:14.269Z [Modules] Streaming discord_krisp@1 to /home/arch/.config/discord/0.0.75/modules/pending/discord_krisp-1.zip: 72%
2024-11-21T17:18:14.290Z [Modules] Streaming discord_krisp@1 to /home/arch/.config/discord/0.0.75/modules/pending/discord_krisp-1.zip: 73%
2024-11-21T17:18:14.310Z [Modules] Streaming discord_krisp@1 to /home/arch/.config/discord/0.0.75/modules/pending/discord_krisp-1.zip: 74%
2024-11-21T17:18:14.330Z [Modules] Streaming discord_krisp@1 to /home/arch/.config/discord/0.0.75/modules/pending/discord_krisp-1.zip: 75%
2024-11-21T17:18:14.349Z [Modules] Streaming discord_krisp@1 to /home/arch/.config/discord/0.0.75/modules/pending/discord_krisp-1.zip: 76%
2024-11-21T17:18:14.371Z [Modules] Streaming discord_krisp@1 to /home/arch/.config/discord/0.0.75/modules/pending/discord_krisp-1.zip: 77%
2024-11-21T17:18:14.393Z [Modules] Streaming discord_krisp@1 to /home/arch/.config/discord/0.0.75/modules/pending/discord_krisp-1.zip: 78%
2024-11-21T17:18:14.645Z [Modules] Streaming discord_krisp@1 to /home/arch/.config/discord/0.0.75/modules/pending/discord_krisp-1.zip: 79%
2024-11-21T17:18:14.670Z [Modules] Streaming discord_krisp@1 to /home/arch/.config/discord/0.0.75/modules/pending/discord_krisp-1.zip: 80%
2024-11-21T17:18:14.695Z [Modules] Streaming discord_krisp@1 to /home/arch/.config/discord/0.0.75/modules/pending/discord_krisp-1.zip: 81%
2024-11-21T17:18:14.715Z [Modules] Streaming discord_krisp@1 to /home/arch/.config/discord/0.0.75/modules/pending/discord_krisp-1.zip: 82%
2024-11-21T17:18:14.738Z [Modules] Streaming discord_krisp@1 to /home/arch/.config/discord/0.0.75/modules/pending/discord_krisp-1.zip: 83%
2024-11-21T17:18:14.769Z [Modules] Streaming discord_krisp@1 to /home/arch/.config/discord/0.0.75/modules/pending/discord_krisp-1.zip: 84%
2024-11-21T17:18:14.794Z [Modules] Streaming discord_krisp@1 to /home/arch/.config/discord/0.0.75/modules/pending/discord_krisp-1.zip: 85%
2024-11-21T17:18:14.814Z [Modules] Streaming discord_krisp@1 to /home/arch/.config/discord/0.0.75/modules/pending/discord_krisp-1.zip: 86%
2024-11-21T17:18:14.844Z [Modules] Streaming discord_krisp@1 to /home/arch/.config/discord/0.0.75/modules/pending/discord_krisp-1.zip: 87%
2024-11-21T17:18:14.874Z [Modules] Streaming discord_krisp@1 to /home/arch/.config/discord/0.0.75/modules/pending/discord_krisp-1.zip: 88%
2024-11-21T17:18:14.900Z [Modules] Streaming discord_krisp@1 to /home/arch/.config/discord/0.0.75/modules/pending/discord_krisp-1.zip: 89%
2024-11-21T17:18:14.919Z [Modules] Streaming discord_krisp@1 to /home/arch/.config/discord/0.0.75/modules/pending/discord_krisp-1.zip: 90%
2024-11-21T17:18:14.939Z [Modules] Streaming discord_krisp@1 to /home/arch/.config/discord/0.0.75/modules/pending/discord_krisp-1.zip: 91%
2024-11-21T17:18:14.959Z [Modules] Streaming discord_krisp@1 to /home/arch/.config/discord/0.0.75/modules/pending/discord_krisp-1.zip: 92%
2024-11-21T17:18:14.980Z [Modules] Streaming discord_krisp@1 to /home/arch/.config/discord/0.0.75/modules/pending/discord_krisp-1.zip: 93%
2024-11-21T17:18:15.000Z [Modules] Streaming discord_krisp@1 to /home/arch/.config/discord/0.0.75/modules/pending/discord_krisp-1.zip: 94%
2024-11-21T17:18:15.019Z [Modules] Streaming discord_krisp@1 to /home/arch/.config/discord/0.0.75/modules/pending/discord_krisp-1.zip: 95%
2024-11-21T17:18:15.039Z [Modules] Streaming discord_krisp@1 to /home/arch/.config/discord/0.0.75/modules/pending/discord_krisp-1.zip: 96%
2024-11-21T17:18:15.060Z [Modules] Streaming discord_krisp@1 to /home/arch/.config/discord/0.0.75/modules/pending/discord_krisp-1.zip: 97%
2024-11-21T17:18:15.080Z [Modules] Streaming discord_krisp@1 to /home/arch/.config/discord/0.0.75/modules/pending/discord_krisp-1.zip: 98%
2024-11-21T17:18:15.100Z [Modules] Streaming discord_krisp@1 to /home/arch/.config/discord/0.0.75/modules/pending/discord_krisp-1.zip: 99%
2024-11-21T17:18:15.119Z [Modules] Streaming discord_krisp@1 to /home/arch/.config/discord/0.0.75/modules/pending/discord_krisp-1.zip: 100%
2024-11-21T17:18:15.120Z [Modules] Fetching discord_game_utils@1 from https://discord.com/api/modules/stable/discord_game_utils/1
2024-11-21T17:18:15.120Z [Modules] Streaming discord_game_utils@1 to /home/arch/.config/discord/0.0.75/modules/pending/discord_game_utils-1.zip
2024-11-21T17:18:15.120Z [Modules] Installing discord_krisp@1 from /home/arch/.config/discord/0.0.75/modules/pending/discord_krisp-1.zip
2024-11-21T17:18:15.353Z [Modules] Finished module installations. [success: 1] [failure: 0]
2024-11-21T17:18:15.399Z [Modules] Streaming discord_game_utils@1 to /home/arch/.config/discord/0.0.75/modules/pending/discord_game_utils-1.zip: 1%
2024-11-21T17:18:15.401Z [Modules] Streaming discord_game_utils@1 to /home/arch/.config/discord/0.0.75/modules/pending/discord_game_utils-1.zip: 2%
2024-11-21T17:18:15.403Z [Modules] Streaming discord_game_utils@1 to /home/arch/.config/discord/0.0.75/modules/pending/discord_game_utils-1.zip: 3%
2024-11-21T17:18:15.406Z [Modules] Streaming discord_game_utils@1 to /home/arch/.config/discord/0.0.75/modules/pending/discord_game_utils-1.zip: 4%
2024-11-21T17:18:15.408Z [Modules] Streaming discord_game_utils@1 to /home/arch/.config/discord/0.0.75/modules/pending/discord_game_utils-1.zip: 5%
2024-11-21T17:18:15.411Z [Modules] Streaming discord_game_utils@1 to /home/arch/.config/discord/0.0.75/modules/pending/discord_game_utils-1.zip: 6%
2024-11-21T17:18:15.412Z [Modules] Streaming discord_game_utils@1 to /home/arch/.config/discord/0.0.75/modules/pending/discord_game_utils-1.zip: 7%
2024-11-21T17:18:15.415Z [Modules] Streaming discord_game_utils@1 to /home/arch/.config/discord/0.0.75/modules/pending/discord_game_utils-1.zip: 8%
2024-11-21T17:18:15.417Z [Modules] Streaming discord_game_utils@1 to /home/arch/.config/discord/0.0.75/modules/pending/discord_game_utils-1.zip: 9%
2024-11-21T17:18:15.419Z [Modules] Streaming discord_game_utils@1 to /home/arch/.config/discord/0.0.75/modules/pending/discord_game_utils-1.zip: 10%
2024-11-21T17:18:15.421Z [Modules] Streaming discord_game_utils@1 to /home/arch/.config/discord/0.0.75/modules/pending/discord_game_utils-1.zip: 11%
2024-11-21T17:18:15.424Z [Modules] Streaming discord_game_utils@1 to /home/arch/.config/discord/0.0.75/modules/pending/discord_game_utils-1.zip: 12%
2024-11-21T17:18:15.426Z [Modules] Streaming discord_game_utils@1 to /home/arch/.config/discord/0.0.75/modules/pending/discord_game_utils-1.zip: 13%
2024-11-21T17:18:15.428Z [Modules] Streaming discord_game_utils@1 to /home/arch/.config/discord/0.0.75/modules/pending/discord_game_utils-1.zip: 14%
2024-11-21T17:18:15.430Z [Modules] Streaming discord_game_utils@1 to /home/arch/.config/discord/0.0.75/modules/pending/discord_game_utils-1.zip: 15%
2024-11-21T17:18:15.439Z [Modules] Streaming discord_game_utils@1 to /home/arch/.config/discord/0.0.75/modules/pending/discord_game_utils-1.zip: 16%
2024-11-21T17:18:15.441Z [Modules] Streaming discord_game_utils@1 to /home/arch/.config/discord/0.0.75/modules/pending/discord_game_utils-1.zip: 17%
2024-11-21T17:18:15.450Z [Modules] Streaming discord_game_utils@1 to /home/arch/.config/discord/0.0.75/modules/pending/discord_game_utils-1.zip: 18%
2024-11-21T17:18:15.453Z [Modules] Streaming discord_game_utils@1 to /home/arch/.config/discord/0.0.75/modules/pending/discord_game_utils-1.zip: 21%
2024-11-21T17:18:15.453Z [Modules] Streaming discord_game_utils@1 to /home/arch/.config/discord/0.0.75/modules/pending/discord_game_utils-1.zip: 22%
2024-11-21T17:18:15.454Z [Modules] Streaming discord_game_utils@1 to /home/arch/.config/discord/0.0.75/modules/pending/discord_game_utils-1.zip: 23%
2024-11-21T17:18:15.457Z [Modules] Streaming discord_game_utils@1 to /home/arch/.config/discord/0.0.75/modules/pending/discord_game_utils-1.zip: 24%
2024-11-21T17:18:15.459Z [Modules] Streaming discord_game_utils@1 to /home/arch/.config/discord/0.0.75/modules/pending/discord_game_utils-1.zip: 25%
2024-11-21T17:18:15.461Z [Modules] Streaming discord_game_utils@1 to /home/arch/.config/discord/0.0.75/modules/pending/discord_game_utils-1.zip: 26%
2024-11-21T17:18:15.463Z [Modules] Streaming discord_game_utils@1 to /home/arch/.config/discord/0.0.75/modules/pending/discord_game_utils-1.zip: 27%
2024-11-21T17:18:15.474Z [Modules] Streaming discord_game_utils@1 to /home/arch/.config/discord/0.0.75/modules/pending/discord_game_utils-1.zip: 28%
2024-11-21T17:18:15.476Z [Modules] Streaming discord_game_utils@1 to /home/arch/.config/discord/0.0.75/modules/pending/discord_game_utils-1.zip: 29%
2024-11-21T17:18:15.480Z [Modules] Streaming discord_game_utils@1 to /home/arch/.config/discord/0.0.75/modules/pending/discord_game_utils-1.zip: 30%
2024-11-21T17:18:15.487Z [Modules] Streaming discord_game_utils@1 to /home/arch/.config/discord/0.0.75/modules/pending/discord_game_utils-1.zip: 31%
2024-11-21T17:18:15.496Z [Modules] Streaming discord_game_utils@1 to /home/arch/.config/discord/0.0.75/modules/pending/discord_game_utils-1.zip: 34%
2024-11-21T17:18:15.496Z [Modules] Streaming discord_game_utils@1 to /home/arch/.config/discord/0.0.75/modules/pending/discord_game_utils-1.zip: 35%
2024-11-21T17:18:15.496Z [Modules] Streaming discord_game_utils@1 to /home/arch/.config/discord/0.0.75/modules/pending/discord_game_utils-1.zip: 37%
2024-11-21T17:18:15.496Z [Modules] Streaming discord_game_utils@1 to /home/arch/.config/discord/0.0.75/modules/pending/discord_game_utils-1.zip: 38%
2024-11-21T17:18:15.498Z [Modules] Streaming discord_game_utils@1 to /home/arch/.config/discord/0.0.75/modules/pending/discord_game_utils-1.zip: 39%
2024-11-21T17:18:15.500Z [Modules] Streaming discord_game_utils@1 to /home/arch/.config/discord/0.0.75/modules/pending/discord_game_utils-1.zip: 40%
2024-11-21T17:18:15.503Z [Modules] Streaming discord_game_utils@1 to /home/arch/.config/discord/0.0.75/modules/pending/discord_game_utils-1.zip: 41%
2024-11-21T17:18:15.505Z [Modules] Streaming discord_game_utils@1 to /home/arch/.config/discord/0.0.75/modules/pending/discord_game_utils-1.zip: 42%
2024-11-21T17:18:15.507Z [Modules] Streaming discord_game_utils@1 to /home/arch/.config/discord/0.0.75/modules/pending/discord_game_utils-1.zip: 43%
2024-11-21T17:18:15.513Z [Modules] Streaming discord_game_utils@1 to /home/arch/.config/discord/0.0.75/modules/pending/discord_game_utils-1.zip: 44%
2024-11-21T17:18:15.515Z [Modules] Streaming discord_game_utils@1 to /home/arch/.config/discord/0.0.75/modules/pending/discord_game_utils-1.zip: 45%
2024-11-21T17:18:15.517Z [Modules] Streaming discord_game_utils@1 to /home/arch/.config/discord/0.0.75/modules/pending/discord_game_utils-1.zip: 46%
2024-11-21T17:18:15.519Z [Modules] Streaming discord_game_utils@1 to /home/arch/.config/discord/0.0.75/modules/pending/discord_game_utils-1.zip: 47%
2024-11-21T17:18:15.522Z [Modules] Streaming discord_game_utils@1 to /home/arch/.config/discord/0.0.75/modules/pending/discord_game_utils-1.zip: 48%
2024-11-21T17:18:15.524Z [Modules] Streaming discord_game_utils@1 to /home/arch/.config/discord/0.0.75/modules/pending/discord_game_utils-1.zip: 49%
2024-11-21T17:18:15.526Z [Modules] Streaming discord_game_utils@1 to /home/arch/.config/discord/0.0.75/modules/pending/discord_game_utils-1.zip: 50%
2024-11-21T17:18:15.528Z [Modules] Streaming discord_game_utils@1 to /home/arch/.config/discord/0.0.75/modules/pending/discord_game_utils-1.zip: 51%
2024-11-21T17:18:15.531Z [Modules] Streaming discord_game_utils@1 to /home/arch/.config/discord/0.0.75/modules/pending/discord_game_utils-1.zip: 52%
2024-11-21T17:18:15.533Z [Modules] Streaming discord_game_utils@1 to /home/arch/.config/discord/0.0.75/modules/pending/discord_game_utils-1.zip: 53%
2024-11-21T17:18:15.536Z [Modules] Streaming discord_game_utils@1 to /home/arch/.config/discord/0.0.75/modules/pending/discord_game_utils-1.zip: 54%
2024-11-21T17:18:15.538Z [Modules] Streaming discord_game_utils@1 to /home/arch/.config/discord/0.0.75/modules/pending/discord_game_utils-1.zip: 55%
2024-11-21T17:18:15.540Z [Modules] Streaming discord_game_utils@1 to /home/arch/.config/discord/0.0.75/modules/pending/discord_game_utils-1.zip: 56%
2024-11-21T17:18:15.542Z [Modules] Streaming discord_game_utils@1 to /home/arch/.config/discord/0.0.75/modules/pending/discord_game_utils-1.zip: 57%
2024-11-21T17:18:15.544Z [Modules] Streaming discord_game_utils@1 to /home/arch/.config/discord/0.0.75/modules/pending/discord_game_utils-1.zip: 58%
2024-11-21T17:18:15.546Z [Modules] Streaming discord_game_utils@1 to /home/arch/.config/discord/0.0.75/modules/pending/discord_game_utils-1.zip: 59%
2024-11-21T17:18:15.548Z [Modules] Streaming discord_game_utils@1 to /home/arch/.config/discord/0.0.75/modules/pending/discord_game_utils-1.zip: 60%
2024-11-21T17:18:15.552Z [Modules] Streaming discord_game_utils@1 to /home/arch/.config/discord/0.0.75/modules/pending/discord_game_utils-1.zip: 61%
2024-11-21T17:18:15.554Z [Modules] Streaming discord_game_utils@1 to /home/arch/.config/discord/0.0.75/modules/pending/discord_game_utils-1.zip: 62%
2024-11-21T17:18:15.556Z [Modules] Streaming discord_game_utils@1 to /home/arch/.config/discord/0.0.75/modules/pending/discord_game_utils-1.zip: 63%
2024-11-21T17:18:15.558Z [Modules] Streaming discord_game_utils@1 to /home/arch/.config/discord/0.0.75/modules/pending/discord_game_utils-1.zip: 64%
2024-11-21T17:18:15.560Z [Modules] Streaming discord_game_utils@1 to /home/arch/.config/discord/0.0.75/modules/pending/discord_game_utils-1.zip: 65%
2024-11-21T17:18:15.562Z [Modules] Streaming discord_game_utils@1 to /home/arch/.config/discord/0.0.75/modules/pending/discord_game_utils-1.zip: 66%
2024-11-21T17:18:15.565Z [Modules] Streaming discord_game_utils@1 to /home/arch/.config/discord/0.0.75/modules/pending/discord_game_utils-1.zip: 67%
2024-11-21T17:18:15.567Z [Modules] Streaming discord_game_utils@1 to /home/arch/.config/discord/0.0.75/modules/pending/discord_game_utils-1.zip: 68%
2024-11-21T17:18:15.569Z [Modules] Streaming discord_game_utils@1 to /home/arch/.config/discord/0.0.75/modules/pending/discord_game_utils-1.zip: 69%
2024-11-21T17:18:15.571Z [Modules] Streaming discord_game_utils@1 to /home/arch/.config/discord/0.0.75/modules/pending/discord_game_utils-1.zip: 70%
2024-11-21T17:18:15.573Z [Modules] Streaming discord_game_utils@1 to /home/arch/.config/discord/0.0.75/modules/pending/discord_game_utils-1.zip: 71%
2024-11-21T17:18:15.575Z [Modules] Streaming discord_game_utils@1 to /home/arch/.config/discord/0.0.75/modules/pending/discord_game_utils-1.zip: 72%
2024-11-21T17:18:15.577Z [Modules] Streaming discord_game_utils@1 to /home/arch/.config/discord/0.0.75/modules/pending/discord_game_utils-1.zip: 73%
2024-11-21T17:18:15.581Z [Modules] Streaming discord_game_utils@1 to /home/arch/.config/discord/0.0.75/modules/pending/discord_game_utils-1.zip: 74%
2024-11-21T17:18:15.583Z [Modules] Streaming discord_game_utils@1 to /home/arch/.config/discord/0.0.75/modules/pending/discord_game_utils-1.zip: 75%
2024-11-21T17:18:15.586Z [Modules] Streaming discord_game_utils@1 to /home/arch/.config/discord/0.0.75/modules/pending/discord_game_utils-1.zip: 76%
2024-11-21T17:18:15.588Z [Modules] Streaming discord_game_utils@1 to /home/arch/.config/discord/0.0.75/modules/pending/discord_game_utils-1.zip: 77%
2024-11-21T17:18:15.590Z [Modules] Streaming discord_game_utils@1 to /home/arch/.config/discord/0.0.75/modules/pending/discord_game_utils-1.zip: 78%
2024-11-21T17:18:15.592Z [Modules] Streaming discord_game_utils@1 to /home/arch/.config/discord/0.0.75/modules/pending/discord_game_utils-1.zip: 79%
2024-11-21T17:18:15.595Z [Modules] Streaming discord_game_utils@1 to /home/arch/.config/discord/0.0.75/modules/pending/discord_game_utils-1.zip: 80%
2024-11-21T17:18:15.597Z [Modules] Streaming discord_game_utils@1 to /home/arch/.config/discord/0.0.75/modules/pending/discord_game_utils-1.zip: 81%
2024-11-21T17:18:15.599Z [Modules] Streaming discord_game_utils@1 to /home/arch/.config/discord/0.0.75/modules/pending/discord_game_utils-1.zip: 82%
2024-11-21T17:18:15.601Z [Modules] Streaming discord_game_utils@1 to /home/arch/.config/discord/0.0.75/modules/pending/discord_game_utils-1.zip: 83%
2024-11-21T17:18:15.603Z [Modules] Streaming discord_game_utils@1 to /home/arch/.config/discord/0.0.75/modules/pending/discord_game_utils-1.zip: 84%
2024-11-21T17:18:15.606Z [Modules] Streaming discord_game_utils@1 to /home/arch/.config/discord/0.0.75/modules/pending/discord_game_utils-1.zip: 85%
2024-11-21T17:18:15.608Z [Modules] Streaming discord_game_utils@1 to /home/arch/.config/discord/0.0.75/modules/pending/discord_game_utils-1.zip: 86%
2024-11-21T17:18:15.610Z [Modules] Streaming discord_game_utils@1 to /home/arch/.config/discord/0.0.75/modules/pending/discord_game_utils-1.zip: 87%
2024-11-21T17:18:15.612Z [Modules] Streaming discord_game_utils@1 to /home/arch/.config/discord/0.0.75/modules/pending/discord_game_utils-1.zip: 88%
2024-11-21T17:18:15.614Z [Modules] Streaming discord_game_utils@1 to /home/arch/.config/discord/0.0.75/modules/pending/discord_game_utils-1.zip: 89%
2024-11-21T17:18:15.617Z [Modules] Streaming discord_game_utils@1 to /home/arch/.config/discord/0.0.75/modules/pending/discord_game_utils-1.zip: 90%
2024-11-21T17:18:15.619Z [Modules] Streaming discord_game_utils@1 to /home/arch/.config/discord/0.0.75/modules/pending/discord_game_utils-1.zip: 91%
2024-11-21T17:18:15.622Z [Modules] Streaming discord_game_utils@1 to /home/arch/.config/discord/0.0.75/modules/pending/discord_game_utils-1.zip: 92%
2024-11-21T17:18:15.624Z [Modules] Streaming discord_game_utils@1 to /home/arch/.config/discord/0.0.75/modules/pending/discord_game_utils-1.zip: 93%
2024-11-21T17:18:15.626Z [Modules] Streaming discord_game_utils@1 to /home/arch/.config/discord/0.0.75/modules/pending/discord_game_utils-1.zip: 94%
2024-11-21T17:18:15.629Z [Modules] Streaming discord_game_utils@1 to /home/arch/.config/discord/0.0.75/modules/pending/discord_game_utils-1.zip: 95%
2024-11-21T17:18:15.630Z [Modules] Streaming discord_game_utils@1 to /home/arch/.config/discord/0.0.75/modules/pending/discord_game_utils-1.zip: 96%
2024-11-21T17:18:15.632Z [Modules] Streaming discord_game_utils@1 to /home/arch/.config/discord/0.0.75/modules/pending/discord_game_utils-1.zip: 97%
2024-11-21T17:18:15.635Z [Modules] Streaming discord_game_utils@1 to /home/arch/.config/discord/0.0.75/modules/pending/discord_game_utils-1.zip: 98%
2024-11-21T17:18:15.637Z [Modules] Streaming discord_game_utils@1 to /home/arch/.config/discord/0.0.75/modules/pending/discord_game_utils-1.zip: 99%
2024-11-21T17:18:15.639Z [Modules] Streaming discord_game_utils@1 to /home/arch/.config/discord/0.0.75/modules/pending/discord_game_utils-1.zip: 100%
2024-11-21T17:18:15.640Z [Modules] Fetching discord_rpc@1 from https://discord.com/api/modules/stable/discord_rpc/1
2024-11-21T17:18:15.640Z [Modules] Streaming discord_rpc@1 to /home/arch/.config/discord/0.0.75/modules/pending/discord_rpc-1.zip
2024-11-21T17:18:15.640Z [Modules] Installing discord_game_utils@1 from /home/arch/.config/discord/0.0.75/modules/pending/discord_game_utils-1.zip
2024-11-21T17:18:15.678Z [Modules] Finished module installations. [success: 1] [failure: 0]
2024-11-21T17:18:15.887Z [Modules] Streaming discord_rpc@1 to /home/arch/.config/discord/0.0.75/modules/pending/discord_rpc-1.zip: 26%
2024-11-21T17:18:15.888Z [Modules] Streaming discord_rpc@1 to /home/arch/.config/discord/0.0.75/modules/pending/discord_rpc-1.zip: 35%
2024-11-21T17:18:15.888Z [Modules] Streaming discord_rpc@1 to /home/arch/.config/discord/0.0.75/modules/pending/discord_rpc-1.zip: 43%
2024-11-21T17:18:15.888Z [Modules] Streaming discord_rpc@1 to /home/arch/.config/discord/0.0.75/modules/pending/discord_rpc-1.zip: 46%
2024-11-21T17:18:15.888Z [Modules] Streaming discord_rpc@1 to /home/arch/.config/discord/0.0.75/modules/pending/discord_rpc-1.zip: 52%
2024-11-21T17:18:15.888Z [Modules] Streaming discord_rpc@1 to /home/arch/.config/discord/0.0.75/modules/pending/discord_rpc-1.zip: 58%
2024-11-21T17:18:15.888Z [Modules] Streaming discord_rpc@1 to /home/arch/.config/discord/0.0.75/modules/pending/discord_rpc-1.zip: 61%
2024-11-21T17:18:15.888Z [Modules] Streaming discord_rpc@1 to /home/arch/.config/discord/0.0.75/modules/pending/discord_rpc-1.zip: 67%
2024-11-21T17:18:15.889Z [Modules] Streaming discord_rpc@1 to /home/arch/.config/discord/0.0.75/modules/pending/discord_rpc-1.zip: 69%
2024-11-21T17:18:15.889Z [Modules] Streaming discord_rpc@1 to /home/arch/.config/discord/0.0.75/modules/pending/discord_rpc-1.zip: 75%
2024-11-21T17:18:15.889Z [Modules] Streaming discord_rpc@1 to /home/arch/.config/discord/0.0.75/modules/pending/discord_rpc-1.zip: 78%
2024-11-21T17:18:15.889Z [Modules] Streaming discord_rpc@1 to /home/arch/.config/discord/0.0.75/modules/pending/discord_rpc-1.zip: 81%
2024-11-21T17:18:15.889Z [Modules] Streaming discord_rpc@1 to /home/arch/.config/discord/0.0.75/modules/pending/discord_rpc-1.zip: 84%
2024-11-21T17:18:15.889Z [Modules] Streaming discord_rpc@1 to /home/arch/.config/discord/0.0.75/modules/pending/discord_rpc-1.zip: 87%
2024-11-21T17:18:15.890Z [Modules] Streaming discord_rpc@1 to /home/arch/.config/discord/0.0.75/modules/pending/discord_rpc-1.zip: 90%
2024-11-21T17:18:15.890Z [Modules] Streaming discord_rpc@1 to /home/arch/.config/discord/0.0.75/modules/pending/discord_rpc-1.zip: 96%
2024-11-21T17:18:15.890Z [Modules] Streaming discord_rpc@1 to /home/arch/.config/discord/0.0.75/modules/pending/discord_rpc-1.zip: 100%
2024-11-21T17:18:15.890Z [Modules] Finished module downloads. [success: 3] [failure: 0]
2024-11-21T17:18:15.890Z [Modules] Installing discord_rpc@1 from /home/arch/.config/discord/0.0.75/modules/pending/discord_rpc-1.zip
2024-11-21T17:18:15.898Z [Modules] Finished module installations. [success: 1] [failure: 0]
2024-11-21T18:18:13.505Z [Modules] Checking for host updates.
2024-11-21T18:18:13.695Z [Modules] Host is up to date.
2024-11-21T18:18:13.695Z [Modules] Checking for module updates at https://discord.com/api/modules/stable/versions.json
2024-11-21T18:18:13.735Z [Modules] No module updates available.
2024-11-21T19:18:13.505Z [Modules] Checking for host updates.
2024-11-21T19:18:13.727Z [Modules] Host is up to date.
2024-11-21T19:18:13.727Z [Modules] Checking for module updates at https://discord.com/api/modules/stable/versions.json
2024-11-21T19:18:13.783Z [Modules] No module updates available.
2024-11-26T15:56:29.861Z [Modules] Modules initializing
2024-11-26T15:56:29.861Z [Modules] Distribution: remote
2024-11-26T15:56:29.861Z [Modules] Host updates: enabled
2024-11-26T15:56:29.862Z [Modules] Module updates: enabled
2024-11-26T15:56:29.862Z [Modules] Module install path: /home/arch/.config/discord/0.0.75/modules
2024-11-26T15:56:29.862Z [Modules] Module installed file path: /home/arch/.config/discord/0.0.75/modules/installed.json
2024-11-26T15:56:29.862Z [Modules] Module download path: /home/arch/.config/discord/0.0.75/modules/pending
2024-11-26T15:56:30.038Z [Modules] No updates to install
2024-11-26T15:56:30.039Z [Modules] Checking for host updates.
2024-11-26T15:56:30.287Z [Modules] Host update is available. Manual update required!
