2024-09-16 14:59:51.496 [info] [main] Log level: Info
2024-09-16 14:59:51.496 [info] [main] Validating found git in: "git"
2024-09-16 14:59:51.496 [info] [main] Using git "2.46.0" from "git"
2024-09-16 14:59:51.496 [info] [Model][doInitialScan] Initial repository scan started
2024-09-16 14:59:51.496 [info] > git rev-parse --show-toplevel [6ms]
2024-09-16 14:59:51.496 [info] > git rev-parse --git-dir --git-common-dir [1ms]
2024-09-16 14:59:51.504 [info] [Model][openRepository] Opened repository: /home/arch/Projects/Rust/voice
2024-09-16 14:59:51.514 [info] > git config --get commit.template [4ms]
2024-09-16 14:59:51.514 [info] > git rev-parse --show-toplevel [1ms]
2024-09-16 14:59:51.519 [info] [Git][getRemotes] No remotes found in the git config file
2024-09-16 14:59:51.522 [info] > git for-each-ref --format=%(refname)%00%(upstream:short)%00%(objectname)%00%(upstream:track)%00%(upstream:remotename)%00%(upstream:remoteref) refs/heads/master refs/remotes/master [4ms]
2024-09-16 14:59:51.522 [warning] [Git][getBranch] No such branch: master
2024-09-16 14:59:51.527 [info] > git rev-parse --show-toplevel [5ms]
2024-09-16 14:59:51.531 [info] > git status -z -uall [5ms]
2024-09-16 14:59:51.541 [info] > git for-each-ref --format=%(refname)%00%(upstream:short)%00%(objectname)%00%(upstream:track)%00%(upstream:remotename)%00%(upstream:remoteref) refs/heads/master refs/remotes/master [7ms]
2024-09-16 14:59:51.542 [warning] [Git][getBranch] No such branch: master
2024-09-16 14:59:51.542 [info] > git rev-parse --show-toplevel [12ms]
2024-09-16 14:59:51.546 [info] > git config --get commit.template [5ms]
2024-09-16 14:59:51.547 [info] > git rev-parse --show-toplevel [2ms]
2024-09-16 14:59:51.547 [info] [Model][doInitialScan] Initial repository scan completed - repositories (1), closed repositories (0), parent repositories (0), unsafe repositories (0)
2024-09-16 14:59:51.554 [info] [Git][getRemotes] No remotes found in the git config file
2024-09-16 14:59:51.574 [info] > git for-each-ref --format=%(refname)%00%(upstream:short)%00%(objectname)%00%(upstream:track)%00%(upstream:remotename)%00%(upstream:remoteref) refs/heads/master refs/remotes/master [20ms]
2024-09-16 14:59:51.574 [warning] [Git][getBranch] No such branch: master
2024-09-16 14:59:51.583 [info] > git status -z -uall [6ms]
2024-09-16 14:59:51.596 [info] > git for-each-ref --format=%(refname)%00%(upstream:short)%00%(objectname)%00%(upstream:track)%00%(upstream:remotename)%00%(upstream:remoteref) refs/heads/master refs/remotes/master [9ms]
2024-09-16 14:59:51.596 [warning] [Git][getBranch] No such branch: master
2024-09-16 14:59:52.084 [info] > git check-ignore -v -z --stdin [1ms]
2024-09-16 14:59:53.678 [info] [Git][getRemotes] No remotes found in the git config file
2024-09-16 14:59:53.678 [info] > git config --get commit.template [3ms]
2024-09-16 14:59:53.679 [info] > git for-each-ref --format=%(refname)%00%(upstream:short)%00%(objectname)%00%(upstream:track)%00%(upstream:remotename)%00%(upstream:remoteref) refs/heads/master refs/remotes/master [1ms]
2024-09-16 14:59:53.679 [warning] [Git][getBranch] No such branch: master
2024-09-16 14:59:53.682 [info] > git status -z -uall [1ms]
2024-09-16 14:59:53.687 [info] > git for-each-ref --format=%(refname)%00%(upstream:short)%00%(objectname)%00%(upstream:track)%00%(upstream:remotename)%00%(upstream:remoteref) refs/heads/master refs/remotes/master [1ms]
2024-09-16 14:59:53.687 [warning] [Git][getBranch] No such branch: master
2024-09-16 15:00:01.915 [info] > git show --textconv :Cargo.toml [4ms]
2024-09-16 15:00:01.915 [info] > git ls-files --stage -- /home/arch/Projects/Rust/voice/Cargo.toml [1ms]
2024-09-16 15:00:10.752 [info] [Git][getRemotes] No remotes found in the git config file
2024-09-16 15:00:10.753 [info] > git config --get commit.template [4ms]
2024-09-16 15:00:10.753 [info] > git for-each-ref --format=%(refname)%00%(upstream:short)%00%(objectname)%00%(upstream:track)%00%(upstream:remotename)%00%(upstream:remoteref) refs/heads/master refs/remotes/master [1ms]
2024-09-16 15:00:10.753 [warning] [Git][getBranch] No such branch: master
2024-09-16 15:00:10.757 [info] > git status -z -uall [1ms]
2024-09-16 15:00:10.762 [info] > git for-each-ref --format=%(refname)%00%(upstream:short)%00%(objectname)%00%(upstream:track)%00%(upstream:remotename)%00%(upstream:remoteref) refs/heads/master refs/remotes/master [1ms]
2024-09-16 15:00:10.762 [warning] [Git][getBranch] No such branch: master
2024-09-16 15:00:15.773 [info] [Git][getRemotes] No remotes found in the git config file
2024-09-16 15:00:15.773 [info] > git config --get commit.template [4ms]
2024-09-16 15:00:15.774 [info] > git for-each-ref --format=%(refname)%00%(upstream:short)%00%(objectname)%00%(upstream:track)%00%(upstream:remotename)%00%(upstream:remoteref) refs/heads/master refs/remotes/master [1ms]
2024-09-16 15:00:15.774 [warning] [Git][getBranch] No such branch: master
2024-09-16 15:00:15.777 [info] > git status -z -uall [0ms]
2024-09-16 15:00:15.782 [info] > git for-each-ref --format=%(refname)%00%(upstream:short)%00%(objectname)%00%(upstream:track)%00%(upstream:remotename)%00%(upstream:remoteref) refs/heads/master refs/remotes/master [1ms]
2024-09-16 15:00:15.782 [warning] [Git][getBranch] No such branch: master
2024-09-16 15:00:28.813 [info] > git show --textconv :src/main.rs [4ms]
2024-09-16 15:00:28.814 [info] > git ls-files --stage -- /home/arch/Projects/Rust/voice/src/main.rs [1ms]
2024-09-16 15:00:57.200 [info] > git show --textconv :src/audio.rs [3ms]
2024-09-16 15:00:57.201 [info] > git ls-files --stage -- /home/arch/Projects/Rust/voice/src/audio.rs [1ms]
2024-09-16 15:00:57.485 [info] > git check-ignore -v -z --stdin [1ms]
2024-09-16 15:00:58.411 [info] [Git][getRemotes] No remotes found in the git config file
2024-09-16 15:00:58.411 [info] > git config --get commit.template [5ms]
2024-09-16 15:00:58.411 [info] > git for-each-ref --format=%(refname)%00%(upstream:short)%00%(objectname)%00%(upstream:track)%00%(upstream:remotename)%00%(upstream:remoteref) refs/heads/master refs/remotes/master [1ms]
2024-09-16 15:00:58.411 [warning] [Git][getBranch] No such branch: master
2024-09-16 15:00:58.415 [info] > git status -z -uall [1ms]
2024-09-16 15:00:58.420 [info] > git for-each-ref --format=%(refname)%00%(upstream:short)%00%(objectname)%00%(upstream:track)%00%(upstream:remotename)%00%(upstream:remoteref) refs/heads/master refs/remotes/master [1ms]
2024-09-16 15:00:58.420 [warning] [Git][getBranch] No such branch: master
2024-09-16 15:01:50.145 [info] [Git][getRemotes] No remotes found in the git config file
2024-09-16 15:01:50.145 [info] > git config --get commit.template [5ms]
2024-09-16 15:01:50.146 [info] > git for-each-ref --format=%(refname)%00%(upstream:short)%00%(objectname)%00%(upstream:track)%00%(upstream:remotename)%00%(upstream:remoteref) refs/heads/master refs/remotes/master [1ms]
2024-09-16 15:01:50.146 [warning] [Git][getBranch] No such branch: master
2024-09-16 15:01:50.150 [info] > git status -z -uall [1ms]
2024-09-16 15:01:50.154 [info] > git for-each-ref --format=%(refname)%00%(upstream:short)%00%(objectname)%00%(upstream:track)%00%(upstream:remotename)%00%(upstream:remoteref) refs/heads/master refs/remotes/master [1ms]
2024-09-16 15:01:50.154 [warning] [Git][getBranch] No such branch: master
2024-09-16 15:02:00.710 [info] > git show --textconv :src/main.rs [4ms]
2024-09-16 15:02:00.711 [info] > git ls-files --stage -- /home/arch/Projects/Rust/voice/src/main.rs [1ms]
2024-09-16 15:02:29.991 [info] > git show --textconv :src/audio.rs [4ms]
2024-09-16 15:02:29.991 [info] > git ls-files --stage -- /home/arch/Projects/Rust/voice/src/audio.rs [1ms]
2024-09-16 15:02:41.032 [info] > git show --textconv :src/main.rs [3ms]
2024-09-16 15:02:41.033 [info] > git ls-files --stage -- /home/arch/Projects/Rust/voice/src/main.rs [1ms]
2024-09-16 15:02:53.784 [info] > git show --textconv :src/audio.rs [4ms]
2024-09-16 15:02:53.784 [info] > git ls-files --stage -- /home/arch/Projects/Rust/voice/src/audio.rs [0ms]
2024-09-16 15:02:54.601 [info] [Git][getRemotes] No remotes found in the git config file
2024-09-16 15:02:54.601 [info] > git config --get commit.template [5ms]
2024-09-16 15:02:54.602 [info] > git for-each-ref --format=%(refname)%00%(upstream:short)%00%(objectname)%00%(upstream:track)%00%(upstream:remotename)%00%(upstream:remoteref) refs/heads/master refs/remotes/master [1ms]
2024-09-16 15:02:54.602 [warning] [Git][getBranch] No such branch: master
2024-09-16 15:02:54.606 [info] > git status -z -uall [1ms]
2024-09-16 15:02:54.611 [info] > git for-each-ref --format=%(refname)%00%(upstream:short)%00%(objectname)%00%(upstream:track)%00%(upstream:remotename)%00%(upstream:remoteref) refs/heads/master refs/remotes/master [2ms]
2024-09-16 15:02:54.611 [warning] [Git][getBranch] No such branch: master
2024-09-16 15:02:55.098 [info] > git show --textconv :src/main.rs [4ms]
2024-09-16 15:02:55.098 [info] > git ls-files --stage -- /home/arch/Projects/Rust/voice/src/main.rs [1ms]
2024-09-16 15:02:59.620 [info] [Git][getRemotes] No remotes found in the git config file
2024-09-16 15:02:59.621 [info] > git config --get commit.template [4ms]
2024-09-16 15:02:59.621 [info] > git for-each-ref --format=%(refname)%00%(upstream:short)%00%(objectname)%00%(upstream:track)%00%(upstream:remotename)%00%(upstream:remoteref) refs/heads/master refs/remotes/master [1ms]
2024-09-16 15:02:59.621 [warning] [Git][getBranch] No such branch: master
2024-09-16 15:02:59.625 [info] > git status -z -uall [1ms]
2024-09-16 15:02:59.629 [info] > git for-each-ref --format=%(refname)%00%(upstream:short)%00%(objectname)%00%(upstream:track)%00%(upstream:remotename)%00%(upstream:remoteref) refs/heads/master refs/remotes/master [0ms]
2024-09-16 15:02:59.630 [warning] [Git][getBranch] No such branch: master
2024-09-16 15:03:12.017 [info] > git show --textconv :src/audio.rs [4ms]
2024-09-16 15:03:12.017 [info] > git ls-files --stage -- /home/arch/Projects/Rust/voice/src/audio.rs [0ms]
2024-09-16 15:03:45.994 [info] > git show --textconv :src/main.rs [3ms]
2024-09-16 15:03:45.995 [info] > git ls-files --stage -- /home/arch/Projects/Rust/voice/src/main.rs [1ms]
2024-09-16 15:03:46.247 [info] [Git][getRemotes] No remotes found in the git config file
2024-09-16 15:03:46.247 [info] > git config --get commit.template [4ms]
2024-09-16 15:03:46.247 [info] > git for-each-ref --format=%(refname)%00%(upstream:short)%00%(objectname)%00%(upstream:track)%00%(upstream:remotename)%00%(upstream:remoteref) refs/heads/master refs/remotes/master [0ms]
2024-09-16 15:03:46.247 [warning] [Git][getBranch] No such branch: master
2024-09-16 15:03:46.252 [info] > git status -z -uall [1ms]
2024-09-16 15:03:46.256 [info] > git for-each-ref --format=%(refname)%00%(upstream:short)%00%(objectname)%00%(upstream:track)%00%(upstream:remotename)%00%(upstream:remoteref) refs/heads/master refs/remotes/master [1ms]
2024-09-16 15:03:46.256 [warning] [Git][getBranch] No such branch: master
2024-09-16 15:03:55.787 [info] > git show --textconv :src/audio.rs [4ms]
2024-09-16 15:03:55.788 [info] > git ls-files --stage -- /home/arch/Projects/Rust/voice/src/audio.rs [1ms]
2024-09-16 15:04:02.009 [info] > git show --textconv :src/main.rs [4ms]
2024-09-16 15:04:02.010 [info] > git ls-files --stage -- /home/arch/Projects/Rust/voice/src/main.rs [1ms]
2024-09-16 15:04:02.378 [info] [Git][getRemotes] No remotes found in the git config file
2024-09-16 15:04:02.379 [info] > git config --get commit.template [4ms]
2024-09-16 15:04:02.379 [info] > git for-each-ref --format=%(refname)%00%(upstream:short)%00%(objectname)%00%(upstream:track)%00%(upstream:remotename)%00%(upstream:remoteref) refs/heads/master refs/remotes/master [1ms]
2024-09-16 15:04:02.379 [warning] [Git][getBranch] No such branch: master
2024-09-16 15:04:02.383 [info] > git status -z -uall [1ms]
2024-09-16 15:04:02.388 [info] > git for-each-ref --format=%(refname)%00%(upstream:short)%00%(objectname)%00%(upstream:track)%00%(upstream:remotename)%00%(upstream:remoteref) refs/heads/master refs/remotes/master [1ms]
2024-09-16 15:04:02.388 [warning] [Git][getBranch] No such branch: master
2024-09-16 15:04:14.438 [info] > git show --textconv :src/audio.rs [4ms]
2024-09-16 15:04:14.439 [info] > git ls-files --stage -- /home/arch/Projects/Rust/voice/src/audio.rs [1ms]
2024-09-16 15:04:20.423 [info] > git show --textconv :src/main.rs [4ms]
2024-09-16 15:04:20.424 [info] > git ls-files --stage -- /home/arch/Projects/Rust/voice/src/main.rs [1ms]
2024-09-16 15:04:21.800 [info] > git show --textconv :src/audio.rs [4ms]
2024-09-16 15:04:21.801 [info] > git ls-files --stage -- /home/arch/Projects/Rust/voice/src/audio.rs [1ms]
2024-09-16 15:04:44.407 [info] > git show --textconv :src/main.rs [5ms]
2024-09-16 15:04:44.407 [info] > git ls-files --stage -- /home/arch/Projects/Rust/voice/src/main.rs [1ms]
2024-09-16 15:04:51.721 [info] > git show --textconv :src/audio.rs [4ms]
2024-09-16 15:04:51.721 [info] > git ls-files --stage -- /home/arch/Projects/Rust/voice/src/audio.rs [1ms]
2024-09-16 15:04:52.121 [info] [Git][getRemotes] No remotes found in the git config file
2024-09-16 15:04:52.121 [info] > git config --get commit.template [4ms]
2024-09-16 15:04:52.121 [info] > git for-each-ref --format=%(refname)%00%(upstream:short)%00%(objectname)%00%(upstream:track)%00%(upstream:remotename)%00%(upstream:remoteref) refs/heads/master refs/remotes/master [0ms]
2024-09-16 15:04:52.121 [warning] [Git][getBranch] No such branch: master
2024-09-16 15:04:52.125 [info] > git status -z -uall [1ms]
2024-09-16 15:04:52.130 [info] > git for-each-ref --format=%(refname)%00%(upstream:short)%00%(objectname)%00%(upstream:track)%00%(upstream:remotename)%00%(upstream:remoteref) refs/heads/master refs/remotes/master [1ms]
2024-09-16 15:04:52.130 [warning] [Git][getBranch] No such branch: master
2024-09-16 15:16:32.927 [info] [Git][getRemotes] No remotes found in the git config file
2024-09-16 15:16:32.927 [info] > git config --get commit.template [5ms]
2024-09-16 15:16:32.928 [info] > git for-each-ref --format=%(refname)%00%(upstream:short)%00%(objectname)%00%(upstream:track)%00%(upstream:remotename)%00%(upstream:remoteref) refs/heads/master refs/remotes/master [1ms]
2024-09-16 15:16:32.928 [warning] [Git][getBranch] No such branch: master
2024-09-16 15:16:32.932 [info] > git status -z -uall [1ms]
2024-09-16 15:16:32.936 [info] > git for-each-ref --format=%(refname)%00%(upstream:short)%00%(objectname)%00%(upstream:track)%00%(upstream:remotename)%00%(upstream:remoteref) refs/heads/master refs/remotes/master [0ms]
2024-09-16 15:16:32.936 [warning] [Git][getBranch] No such branch: master
2024-09-16 15:17:09.613 [info] > git rev-parse --show-toplevel [3ms]
2024-09-16 15:17:09.613 [info] fatal: not a git repository (or any of the parent directories): .git
2024-09-16 15:17:11.868 [info] > git show --textconv :src/audio.rs [5ms]
2024-09-16 15:17:11.869 [info] > git ls-files --stage -- /home/arch/Projects/Rust/voice/src/audio.rs [1ms]
2024-09-16 15:17:21.389 [info] [Git][getRemotes] No remotes found in the git config file
2024-09-16 15:17:21.393 [info] > git config --get commit.template [5ms]
2024-09-16 15:17:21.394 [info] > git for-each-ref --format=%(refname)%00%(upstream:short)%00%(objectname)%00%(upstream:track)%00%(upstream:remotename)%00%(upstream:remoteref) refs/heads/master refs/remotes/master [1ms]
2024-09-16 15:17:21.394 [warning] [Git][getBranch] No such branch: master
2024-09-16 15:17:21.398 [info] > git status -z -uall [1ms]
2024-09-16 15:17:21.402 [info] > git for-each-ref --format=%(refname)%00%(upstream:short)%00%(objectname)%00%(upstream:track)%00%(upstream:remotename)%00%(upstream:remoteref) refs/heads/master refs/remotes/master [1ms]
2024-09-16 15:17:21.402 [warning] [Git][getBranch] No such branch: master
2024-09-16 15:17:26.411 [info] [Git][getRemotes] No remotes found in the git config file
2024-09-16 15:17:26.412 [info] > git config --get commit.template [4ms]
2024-09-16 15:17:26.412 [info] > git for-each-ref --format=%(refname)%00%(upstream:short)%00%(objectname)%00%(upstream:track)%00%(upstream:remotename)%00%(upstream:remoteref) refs/heads/master refs/remotes/master [1ms]
2024-09-16 15:17:26.412 [warning] [Git][getBranch] No such branch: master
2024-09-16 15:17:26.417 [info] > git status -z -uall [1ms]
2024-09-16 15:17:26.421 [info] > git for-each-ref --format=%(refname)%00%(upstream:short)%00%(objectname)%00%(upstream:track)%00%(upstream:remotename)%00%(upstream:remoteref) refs/heads/master refs/remotes/master [0ms]
2024-09-16 15:17:26.421 [warning] [Git][getBranch] No such branch: master
2024-09-16 15:18:13.063 [info] [Git][getRemotes] No remotes found in the git config file
2024-09-16 15:18:13.067 [info] > git config --get commit.template [4ms]
2024-09-16 15:18:13.068 [info] > git for-each-ref --format=%(refname)%00%(upstream:short)%00%(objectname)%00%(upstream:track)%00%(upstream:remotename)%00%(upstream:remoteref) refs/heads/master refs/remotes/master [1ms]
2024-09-16 15:18:13.068 [warning] [Git][getBranch] No such branch: master
2024-09-16 15:18:13.072 [info] > git status -z -uall [1ms]
2024-09-16 15:18:13.076 [info] > git for-each-ref --format=%(refname)%00%(upstream:short)%00%(objectname)%00%(upstream:track)%00%(upstream:remotename)%00%(upstream:remoteref) refs/heads/master refs/remotes/master [0ms]
2024-09-16 15:18:13.076 [warning] [Git][getBranch] No such branch: master
2024-09-16 15:18:18.084 [info] [Git][getRemotes] No remotes found in the git config file
2024-09-16 15:18:18.084 [info] > git config --get commit.template [3ms]
2024-09-16 15:18:18.085 [info] > git for-each-ref --format=%(refname)%00%(upstream:short)%00%(objectname)%00%(upstream:track)%00%(upstream:remotename)%00%(upstream:remoteref) refs/heads/master refs/remotes/master [1ms]
2024-09-16 15:18:18.085 [warning] [Git][getBranch] No such branch: master
2024-09-16 15:18:18.090 [info] > git status -z -uall [2ms]
2024-09-16 15:18:18.094 [info] > git for-each-ref --format=%(refname)%00%(upstream:short)%00%(objectname)%00%(upstream:track)%00%(upstream:remotename)%00%(upstream:remoteref) refs/heads/master refs/remotes/master [1ms]
2024-09-16 15:18:18.094 [warning] [Git][getBranch] No such branch: master
2024-09-16 15:22:12.638 [info] > git show --textconv :src/main.rs [4ms]
2024-09-16 15:22:12.638 [info] > git ls-files --stage -- /home/arch/Projects/Rust/voice/src/main.rs [1ms]
2024-09-16 15:22:16.543 [info] > git show --textconv :src/audio.rs [4ms]
2024-09-16 15:22:16.544 [info] > git ls-files --stage -- /home/arch/Projects/Rust/voice/src/audio.rs [1ms]
2024-09-16 15:22:21.407 [info] [Git][getRemotes] No remotes found in the git config file
2024-09-16 15:22:21.408 [info] > git config --get commit.template [4ms]
2024-09-16 15:22:21.408 [info] > git for-each-ref --format=%(refname)%00%(upstream:short)%00%(objectname)%00%(upstream:track)%00%(upstream:remotename)%00%(upstream:remoteref) refs/heads/master refs/remotes/master [1ms]
2024-09-16 15:22:21.408 [warning] [Git][getBranch] No such branch: master
2024-09-16 15:22:21.413 [info] > git status -z -uall [1ms]
2024-09-16 15:22:21.417 [info] > git for-each-ref --format=%(refname)%00%(upstream:short)%00%(objectname)%00%(upstream:track)%00%(upstream:remotename)%00%(upstream:remoteref) refs/heads/master refs/remotes/master [0ms]
2024-09-16 15:22:21.417 [warning] [Git][getBranch] No such branch: master
2024-09-16 15:22:26.430 [info] [Git][getRemotes] No remotes found in the git config file
2024-09-16 15:22:26.430 [info] > git config --get commit.template [5ms]
2024-09-16 15:22:26.431 [info] > git for-each-ref --format=%(refname)%00%(upstream:short)%00%(objectname)%00%(upstream:track)%00%(upstream:remotename)%00%(upstream:remoteref) refs/heads/master refs/remotes/master [1ms]
2024-09-16 15:22:26.431 [warning] [Git][getBranch] No such branch: master
2024-09-16 15:22:26.435 [info] > git status -z -uall [1ms]
2024-09-16 15:22:26.439 [info] > git for-each-ref --format=%(refname)%00%(upstream:short)%00%(objectname)%00%(upstream:track)%00%(upstream:remotename)%00%(upstream:remoteref) refs/heads/master refs/remotes/master [1ms]
2024-09-16 15:22:26.439 [warning] [Git][getBranch] No such branch: master
2024-09-16 15:23:08.064 [info] [Git][getRemotes] No remotes found in the git config file
2024-09-16 15:23:08.064 [info] > git config --get commit.template [4ms]
2024-09-16 15:23:08.065 [info] > git for-each-ref --format=%(refname)%00%(upstream:short)%00%(objectname)%00%(upstream:track)%00%(upstream:remotename)%00%(upstream:remoteref) refs/heads/master refs/remotes/master [1ms]
2024-09-16 15:23:08.065 [warning] [Git][getBranch] No such branch: master
2024-09-16 15:23:08.069 [info] > git status -z -uall [1ms]
2024-09-16 15:23:08.073 [info] > git for-each-ref --format=%(refname)%00%(upstream:short)%00%(objectname)%00%(upstream:track)%00%(upstream:remotename)%00%(upstream:remoteref) refs/heads/master refs/remotes/master [0ms]
2024-09-16 15:23:08.073 [warning] [Git][getBranch] No such branch: master
2024-09-16 15:23:13.083 [info] [Git][getRemotes] No remotes found in the git config file
2024-09-16 15:23:13.087 [info] > git config --get commit.template [5ms]
2024-09-16 15:23:13.087 [info] > git for-each-ref --format=%(refname)%00%(upstream:short)%00%(objectname)%00%(upstream:track)%00%(upstream:remotename)%00%(upstream:remoteref) refs/heads/master refs/remotes/master [1ms]
2024-09-16 15:23:13.087 [warning] [Git][getBranch] No such branch: master
2024-09-16 15:23:13.092 [info] > git status -z -uall [1ms]
2024-09-16 15:23:13.096 [info] > git for-each-ref --format=%(refname)%00%(upstream:short)%00%(objectname)%00%(upstream:track)%00%(upstream:remotename)%00%(upstream:remoteref) refs/heads/master refs/remotes/master [1ms]
2024-09-16 15:23:13.096 [warning] [Git][getBranch] No such branch: master
2024-09-16 15:23:32.247 [info] [Git][getRemotes] No remotes found in the git config file
2024-09-16 15:23:32.247 [info] > git config --get commit.template [4ms]
2024-09-16 15:23:32.247 [info] > git for-each-ref --format=%(refname)%00%(upstream:short)%00%(objectname)%00%(upstream:track)%00%(upstream:remotename)%00%(upstream:remoteref) refs/heads/master refs/remotes/master [1ms]
2024-09-16 15:23:32.247 [warning] [Git][getBranch] No such branch: master
2024-09-16 15:23:32.251 [info] > git status -z -uall [1ms]
2024-09-16 15:23:32.256 [info] > git for-each-ref --format=%(refname)%00%(upstream:short)%00%(objectname)%00%(upstream:track)%00%(upstream:remotename)%00%(upstream:remoteref) refs/heads/master refs/remotes/master [1ms]
2024-09-16 15:23:32.256 [warning] [Git][getBranch] No such branch: master
2024-09-16 15:23:37.266 [info] [Git][getRemotes] No remotes found in the git config file
2024-09-16 15:23:37.266 [info] > git config --get commit.template [5ms]
2024-09-16 15:23:37.266 [info] > git for-each-ref --format=%(refname)%00%(upstream:short)%00%(objectname)%00%(upstream:track)%00%(upstream:remotename)%00%(upstream:remoteref) refs/heads/master refs/remotes/master [0ms]
2024-09-16 15:23:37.266 [warning] [Git][getBranch] No such branch: master
2024-09-16 15:23:37.271 [info] > git status -z -uall [1ms]
2024-09-16 15:23:37.275 [info] > git for-each-ref --format=%(refname)%00%(upstream:short)%00%(objectname)%00%(upstream:track)%00%(upstream:remotename)%00%(upstream:remoteref) refs/heads/master refs/remotes/master [1ms]
2024-09-16 15:23:37.275 [warning] [Git][getBranch] No such branch: master
2024-09-16 15:23:50.673 [info] [Git][getRemotes] No remotes found in the git config file
2024-09-16 15:23:50.673 [info] > git config --get commit.template [5ms]
2024-09-16 15:23:50.674 [info] > git for-each-ref --format=%(refname)%00%(upstream:short)%00%(objectname)%00%(upstream:track)%00%(upstream:remotename)%00%(upstream:remoteref) refs/heads/master refs/remotes/master [1ms]
2024-09-16 15:23:50.674 [warning] [Git][getBranch] No such branch: master
2024-09-16 15:23:50.678 [info] > git status -z -uall [1ms]
2024-09-16 15:23:50.682 [info] > git for-each-ref --format=%(refname)%00%(upstream:short)%00%(objectname)%00%(upstream:track)%00%(upstream:remotename)%00%(upstream:remoteref) refs/heads/master refs/remotes/master [1ms]
2024-09-16 15:23:50.682 [warning] [Git][getBranch] No such branch: master
2024-09-16 15:23:56.243 [info] > git show --textconv :src/main.rs [5ms]
2024-09-16 15:23:56.244 [info] > git ls-files --stage -- /home/arch/Projects/Rust/voice/src/main.rs [1ms]
2024-09-16 15:24:07.175 [info] > git show --textconv :src/audio.rs [5ms]
2024-09-16 15:24:07.175 [info] > git ls-files --stage -- /home/arch/Projects/Rust/voice/src/audio.rs [1ms]
2024-09-16 15:26:46.337 [info] [Git][getRemotes] No remotes found in the git config file
2024-09-16 15:26:46.338 [info] > git config --get commit.template [4ms]
2024-09-16 15:26:46.338 [info] > git for-each-ref --format=%(refname)%00%(upstream:short)%00%(objectname)%00%(upstream:track)%00%(upstream:remotename)%00%(upstream:remoteref) refs/heads/master refs/remotes/master [1ms]
2024-09-16 15:26:46.338 [warning] [Git][getBranch] No such branch: master
2024-09-16 15:26:46.342 [info] > git status -z -uall [1ms]
2024-09-16 15:26:46.347 [info] > git for-each-ref --format=%(refname)%00%(upstream:short)%00%(objectname)%00%(upstream:track)%00%(upstream:remotename)%00%(upstream:remoteref) refs/heads/master refs/remotes/master [1ms]
2024-09-16 15:26:46.347 [warning] [Git][getBranch] No such branch: master
2024-09-16 15:26:51.403 [info] [Git][getRemotes] No remotes found in the git config file
2024-09-16 15:26:51.407 [info] > git config --get commit.template [4ms]
2024-09-16 15:26:51.408 [info] > git for-each-ref --format=%(refname)%00%(upstream:short)%00%(objectname)%00%(upstream:track)%00%(upstream:remotename)%00%(upstream:remoteref) refs/heads/master refs/remotes/master [1ms]
2024-09-16 15:26:51.408 [warning] [Git][getBranch] No such branch: master
2024-09-16 15:26:51.412 [info] > git status -z -uall [1ms]
2024-09-16 15:26:51.416 [info] > git for-each-ref --format=%(refname)%00%(upstream:short)%00%(objectname)%00%(upstream:track)%00%(upstream:remotename)%00%(upstream:remoteref) refs/heads/master refs/remotes/master [1ms]
2024-09-16 15:26:51.416 [warning] [Git][getBranch] No such branch: master
2024-09-16 15:26:56.427 [info] [Git][getRemotes] No remotes found in the git config file
2024-09-16 15:26:56.427 [info] > git config --get commit.template [4ms]
2024-09-16 15:26:56.428 [info] > git for-each-ref --format=%(refname)%00%(upstream:short)%00%(objectname)%00%(upstream:track)%00%(upstream:remotename)%00%(upstream:remoteref) refs/heads/master refs/remotes/master [1ms]
2024-09-16 15:26:56.428 [warning] [Git][getBranch] No such branch: master
2024-09-16 15:26:56.432 [info] > git status -z -uall [1ms]
2024-09-16 15:26:56.436 [info] > git for-each-ref --format=%(refname)%00%(upstream:short)%00%(objectname)%00%(upstream:track)%00%(upstream:remotename)%00%(upstream:remoteref) refs/heads/master refs/remotes/master [1ms]
2024-09-16 15:26:56.436 [warning] [Git][getBranch] No such branch: master
2024-09-16 15:27:19.638 [info] [Git][getRemotes] No remotes found in the git config file
2024-09-16 15:27:19.639 [info] > git config --get commit.template [5ms]
2024-09-16 15:27:19.639 [info] > git for-each-ref --format=%(refname)%00%(upstream:short)%00%(objectname)%00%(upstream:track)%00%(upstream:remotename)%00%(upstream:remoteref) refs/heads/master refs/remotes/master [1ms]
2024-09-16 15:27:19.639 [warning] [Git][getBranch] No such branch: master
2024-09-16 15:27:19.643 [info] > git status -z -uall [0ms]
2024-09-16 15:27:19.649 [info] > git for-each-ref --format=%(refname)%00%(upstream:short)%00%(objectname)%00%(upstream:track)%00%(upstream:remotename)%00%(upstream:remoteref) refs/heads/master refs/remotes/master [1ms]
2024-09-16 15:27:19.649 [warning] [Git][getBranch] No such branch: master
2024-09-16 15:27:24.659 [info] [Git][getRemotes] No remotes found in the git config file
2024-09-16 15:27:24.660 [info] > git config --get commit.template [5ms]
2024-09-16 15:27:24.660 [info] > git for-each-ref --format=%(refname)%00%(upstream:short)%00%(objectname)%00%(upstream:track)%00%(upstream:remotename)%00%(upstream:remoteref) refs/heads/master refs/remotes/master [1ms]
2024-09-16 15:27:24.660 [warning] [Git][getBranch] No such branch: master
2024-09-16 15:27:24.664 [info] > git status -z -uall [0ms]
2024-09-16 15:27:24.669 [info] > git for-each-ref --format=%(refname)%00%(upstream:short)%00%(objectname)%00%(upstream:track)%00%(upstream:remotename)%00%(upstream:remoteref) refs/heads/master refs/remotes/master [1ms]
2024-09-16 15:27:24.669 [warning] [Git][getBranch] No such branch: master
2024-09-16 15:27:31.183 [info] [Git][getRemotes] No remotes found in the git config file
2024-09-16 15:27:31.184 [info] > git config --get commit.template [5ms]
2024-09-16 15:27:31.185 [info] > git for-each-ref --format=%(refname)%00%(upstream:short)%00%(objectname)%00%(upstream:track)%00%(upstream:remotename)%00%(upstream:remoteref) refs/heads/master refs/remotes/master [2ms]
2024-09-16 15:27:31.185 [warning] [Git][getBranch] No such branch: master
2024-09-16 15:27:31.189 [info] > git status -z -uall [1ms]
2024-09-16 15:27:31.193 [info] > git for-each-ref --format=%(refname)%00%(upstream:short)%00%(objectname)%00%(upstream:track)%00%(upstream:remotename)%00%(upstream:remoteref) refs/heads/master refs/remotes/master [1ms]
2024-09-16 15:27:31.193 [warning] [Git][getBranch] No such branch: master
2024-09-16 15:27:36.207 [info] [Git][getRemotes] No remotes found in the git config file
2024-09-16 15:27:36.207 [info] > git config --get commit.template [4ms]
2024-09-16 15:27:36.208 [info] > git for-each-ref --format=%(refname)%00%(upstream:short)%00%(objectname)%00%(upstream:track)%00%(upstream:remotename)%00%(upstream:remoteref) refs/heads/master refs/remotes/master [1ms]
2024-09-16 15:27:36.208 [warning] [Git][getBranch] No such branch: master
2024-09-16 15:27:36.213 [info] > git status -z -uall [2ms]
2024-09-16 15:27:36.217 [info] > git for-each-ref --format=%(refname)%00%(upstream:short)%00%(objectname)%00%(upstream:track)%00%(upstream:remotename)%00%(upstream:remoteref) refs/heads/master refs/remotes/master [1ms]
2024-09-16 15:27:36.217 [warning] [Git][getBranch] No such branch: master
2024-09-16 15:28:04.305 [info] > git show --textconv :src/build.rs [4ms]
2024-09-16 15:28:04.306 [info] > git ls-files --stage -- /home/arch/Projects/Rust/voice/src/build.rs [1ms]
2024-09-16 15:28:15.545 [info] > git show --textconv :src/main.rs [5ms]
2024-09-16 15:28:15.545 [info] > git ls-files --stage -- /home/arch/Projects/Rust/voice/src/main.rs [1ms]
2024-09-16 15:28:15.957 [info] > git show --textconv :src/audio.rs [4ms]
2024-09-16 15:28:15.957 [info] > git ls-files --stage -- /home/arch/Projects/Rust/voice/src/audio.rs [1ms]
2024-09-16 15:28:17.119 [info] > git show --textconv :src/main.rs [4ms]
2024-09-16 15:28:17.119 [info] > git ls-files --stage -- /home/arch/Projects/Rust/voice/src/main.rs [1ms]
2024-09-16 15:28:34.134 [info] [Git][getRemotes] No remotes found in the git config file
2024-09-16 15:28:34.134 [info] > git config --get commit.template [3ms]
2024-09-16 15:28:34.135 [info] > git for-each-ref --format=%(refname)%00%(upstream:short)%00%(objectname)%00%(upstream:track)%00%(upstream:remotename)%00%(upstream:remoteref) refs/heads/master refs/remotes/master [1ms]
2024-09-16 15:28:34.135 [warning] [Git][getBranch] No such branch: master
2024-09-16 15:28:34.140 [info] > git status -z -uall [2ms]
2024-09-16 15:28:34.144 [info] > git for-each-ref --format=%(refname)%00%(upstream:short)%00%(objectname)%00%(upstream:track)%00%(upstream:remotename)%00%(upstream:remoteref) refs/heads/master refs/remotes/master [1ms]
2024-09-16 15:28:34.144 [warning] [Git][getBranch] No such branch: master
2024-09-16 15:28:39.207 [info] > git show --textconv :src/audio.rs [4ms]
2024-09-16 15:28:39.208 [info] > git ls-files --stage -- /home/arch/Projects/Rust/voice/src/audio.rs [1ms]
2024-09-16 15:28:47.130 [info] [Git][getRemotes] No remotes found in the git config file
2024-09-16 15:28:47.130 [info] > git config --get commit.template [4ms]
2024-09-16 15:28:47.130 [info] > git for-each-ref --format=%(refname)%00%(upstream:short)%00%(objectname)%00%(upstream:track)%00%(upstream:remotename)%00%(upstream:remoteref) refs/heads/master refs/remotes/master [1ms]
2024-09-16 15:28:47.130 [warning] [Git][getBranch] No such branch: master
2024-09-16 15:28:47.135 [info] > git status -z -uall [1ms]
2024-09-16 15:28:47.139 [info] > git for-each-ref --format=%(refname)%00%(upstream:short)%00%(objectname)%00%(upstream:track)%00%(upstream:remotename)%00%(upstream:remoteref) refs/heads/master refs/remotes/master [1ms]
2024-09-16 15:28:47.139 [warning] [Git][getBranch] No such branch: master
2024-09-16 15:29:33.757 [info] > git show --textconv :src/build.rs [5ms]
2024-09-16 15:29:33.757 [info] > git ls-files --stage -- /home/arch/Projects/Rust/voice/src/build.rs [1ms]
2024-09-16 15:32:15.730 [info] [Git][getRemotes] No remotes found in the git config file
2024-09-16 15:32:15.730 [info] > git config --get commit.template [3ms]
2024-09-16 15:32:15.731 [info] > git for-each-ref --format=%(refname)%00%(upstream:short)%00%(objectname)%00%(upstream:track)%00%(upstream:remotename)%00%(upstream:remoteref) refs/heads/master refs/remotes/master [1ms]
2024-09-16 15:32:15.731 [warning] [Git][getBranch] No such branch: master
2024-09-16 15:32:15.735 [info] > git status -z -uall [1ms]
2024-09-16 15:32:15.739 [info] > git for-each-ref --format=%(refname)%00%(upstream:short)%00%(objectname)%00%(upstream:track)%00%(upstream:remotename)%00%(upstream:remoteref) refs/heads/master refs/remotes/master [1ms]
2024-09-16 15:32:15.739 [warning] [Git][getBranch] No such branch: master
2024-09-16 15:32:20.752 [info] [Git][getRemotes] No remotes found in the git config file
2024-09-16 15:32:20.752 [info] > git config --get commit.template [5ms]
2024-09-16 15:32:20.753 [info] > git for-each-ref --format=%(refname)%00%(upstream:short)%00%(objectname)%00%(upstream:track)%00%(upstream:remotename)%00%(upstream:remoteref) refs/heads/master refs/remotes/master [1ms]
2024-09-16 15:32:20.753 [warning] [Git][getBranch] No such branch: master
2024-09-16 15:32:20.757 [info] > git status -z -uall [1ms]
2024-09-16 15:32:20.762 [info] > git for-each-ref --format=%(refname)%00%(upstream:short)%00%(objectname)%00%(upstream:track)%00%(upstream:remotename)%00%(upstream:remoteref) refs/heads/master refs/remotes/master [1ms]
2024-09-16 15:32:20.762 [warning] [Git][getBranch] No such branch: master
2024-09-16 15:33:36.106 [info] [Git][getRemotes] No remotes found in the git config file
2024-09-16 15:33:36.106 [info] > git config --get commit.template [4ms]
2024-09-16 15:33:36.107 [info] > git for-each-ref --format=%(refname)%00%(upstream:short)%00%(objectname)%00%(upstream:track)%00%(upstream:remotename)%00%(upstream:remoteref) refs/heads/master refs/remotes/master [1ms]
2024-09-16 15:33:36.107 [warning] [Git][getBranch] No such branch: master
2024-09-16 15:33:36.111 [info] > git status -z -uall [1ms]
2024-09-16 15:33:36.116 [info] > git for-each-ref --format=%(refname)%00%(upstream:short)%00%(objectname)%00%(upstream:track)%00%(upstream:remotename)%00%(upstream:remoteref) refs/heads/master refs/remotes/master [1ms]
2024-09-16 15:33:36.116 [warning] [Git][getBranch] No such branch: master
2024-09-16 15:33:41.125 [info] [Git][getRemotes] No remotes found in the git config file
2024-09-16 15:33:41.125 [info] > git config --get commit.template [4ms]
2024-09-16 15:33:41.125 [info] > git for-each-ref --format=%(refname)%00%(upstream:short)%00%(objectname)%00%(upstream:track)%00%(upstream:remotename)%00%(upstream:remoteref) refs/heads/master refs/remotes/master [0ms]
2024-09-16 15:33:41.125 [warning] [Git][getBranch] No such branch: master
2024-09-16 15:33:41.130 [info] > git status -z -uall [1ms]
2024-09-16 15:33:41.135 [info] > git for-each-ref --format=%(refname)%00%(upstream:short)%00%(objectname)%00%(upstream:track)%00%(upstream:remotename)%00%(upstream:remoteref) refs/heads/master refs/remotes/master [1ms]
2024-09-16 15:33:41.135 [warning] [Git][getBranch] No such branch: master
2024-09-16 15:34:02.805 [info] [Git][getRemotes] No remotes found in the git config file
2024-09-16 15:34:02.805 [info] > git config --get commit.template [4ms]
2024-09-16 15:34:02.806 [info] > git for-each-ref --format=%(refname)%00%(upstream:short)%00%(objectname)%00%(upstream:track)%00%(upstream:remotename)%00%(upstream:remoteref) refs/heads/master refs/remotes/master [1ms]
2024-09-16 15:34:02.806 [warning] [Git][getBranch] No such branch: master
2024-09-16 15:34:02.811 [info] > git status -z -uall [1ms]
2024-09-16 15:34:02.815 [info] > git for-each-ref --format=%(refname)%00%(upstream:short)%00%(objectname)%00%(upstream:track)%00%(upstream:remotename)%00%(upstream:remoteref) refs/heads/master refs/remotes/master [1ms]
2024-09-16 15:34:02.815 [warning] [Git][getBranch] No such branch: master
2024-09-16 15:34:28.720 [info] [Git][getRemotes] No remotes found in the git config file
2024-09-16 15:34:28.721 [info] > git config --get commit.template [5ms]
2024-09-16 15:34:28.721 [info] > git for-each-ref --format=%(refname)%00%(upstream:short)%00%(objectname)%00%(upstream:track)%00%(upstream:remotename)%00%(upstream:remoteref) refs/heads/master refs/remotes/master [1ms]
2024-09-16 15:34:28.721 [warning] [Git][getBranch] No such branch: master
2024-09-16 15:34:28.726 [info] > git status -z -uall [1ms]
2024-09-16 15:34:28.730 [info] > git for-each-ref --format=%(refname)%00%(upstream:short)%00%(objectname)%00%(upstream:track)%00%(upstream:remotename)%00%(upstream:remoteref) refs/heads/master refs/remotes/master [0ms]
2024-09-16 15:34:28.730 [warning] [Git][getBranch] No such branch: master
2024-09-16 15:34:33.744 [info] [Git][getRemotes] No remotes found in the git config file
2024-09-16 15:34:33.744 [info] > git config --get commit.template [4ms]
2024-09-16 15:34:33.745 [info] > git for-each-ref --format=%(refname)%00%(upstream:short)%00%(objectname)%00%(upstream:track)%00%(upstream:remotename)%00%(upstream:remoteref) refs/heads/master refs/remotes/master [1ms]
2024-09-16 15:34:33.745 [warning] [Git][getBranch] No such branch: master
2024-09-16 15:34:33.749 [info] > git status -z -uall [1ms]
2024-09-16 15:34:33.753 [info] > git for-each-ref --format=%(refname)%00%(upstream:short)%00%(objectname)%00%(upstream:track)%00%(upstream:remotename)%00%(upstream:remoteref) refs/heads/master refs/remotes/master [0ms]
2024-09-16 15:34:33.753 [warning] [Git][getBranch] No such branch: master
2024-09-16 15:34:49.879 [info] [Git][getRemotes] No remotes found in the git config file
2024-09-16 15:34:49.879 [info] > git config --get commit.template [4ms]
2024-09-16 15:34:49.879 [info] > git for-each-ref --format=%(refname)%00%(upstream:short)%00%(objectname)%00%(upstream:track)%00%(upstream:remotename)%00%(upstream:remoteref) refs/heads/master refs/remotes/master [1ms]
2024-09-16 15:34:49.879 [warning] [Git][getBranch] No such branch: master
2024-09-16 15:34:49.883 [info] > git status -z -uall [1ms]
2024-09-16 15:34:49.887 [info] > git for-each-ref --format=%(refname)%00%(upstream:short)%00%(objectname)%00%(upstream:track)%00%(upstream:remotename)%00%(upstream:remoteref) refs/heads/master refs/remotes/master [1ms]
2024-09-16 15:34:49.887 [warning] [Git][getBranch] No such branch: master
2024-09-16 15:34:54.900 [info] [Git][getRemotes] No remotes found in the git config file
2024-09-16 15:34:54.901 [info] > git config --get commit.template [5ms]
2024-09-16 15:34:54.901 [info] > git for-each-ref --format=%(refname)%00%(upstream:short)%00%(objectname)%00%(upstream:track)%00%(upstream:remotename)%00%(upstream:remoteref) refs/heads/master refs/remotes/master [1ms]
2024-09-16 15:34:54.901 [warning] [Git][getBranch] No such branch: master
2024-09-16 15:34:54.906 [info] > git status -z -uall [1ms]
2024-09-16 15:34:54.910 [info] > git for-each-ref --format=%(refname)%00%(upstream:short)%00%(objectname)%00%(upstream:track)%00%(upstream:remotename)%00%(upstream:remoteref) refs/heads/master refs/remotes/master [1ms]
2024-09-16 15:34:54.910 [warning] [Git][getBranch] No such branch: master
2024-09-16 15:35:07.562 [info] [Git][getRemotes] No remotes found in the git config file
2024-09-16 15:35:07.562 [info] > git config --get commit.template [4ms]
2024-09-16 15:35:07.563 [info] > git for-each-ref --format=%(refname)%00%(upstream:short)%00%(objectname)%00%(upstream:track)%00%(upstream:remotename)%00%(upstream:remoteref) refs/heads/master refs/remotes/master [1ms]
2024-09-16 15:35:07.563 [warning] [Git][getBranch] No such branch: master
2024-09-16 15:35:07.567 [info] > git status -z -uall [1ms]
2024-09-16 15:35:07.572 [info] > git for-each-ref --format=%(refname)%00%(upstream:short)%00%(objectname)%00%(upstream:track)%00%(upstream:remotename)%00%(upstream:remoteref) refs/heads/master refs/remotes/master [1ms]
2024-09-16 15:35:07.572 [warning] [Git][getBranch] No such branch: master
2024-09-16 15:35:17.983 [info] [Git][getRemotes] No remotes found in the git config file
2024-09-16 15:35:17.983 [info] > git config --get commit.template [5ms]
2024-09-16 15:35:17.984 [info] > git for-each-ref --format=%(refname)%00%(upstream:short)%00%(objectname)%00%(upstream:track)%00%(upstream:remotename)%00%(upstream:remoteref) refs/heads/master refs/remotes/master [1ms]
2024-09-16 15:35:17.984 [warning] [Git][getBranch] No such branch: master
2024-09-16 15:35:17.988 [info] > git status -z -uall [1ms]
2024-09-16 15:35:17.992 [info] > git for-each-ref --format=%(refname)%00%(upstream:short)%00%(objectname)%00%(upstream:track)%00%(upstream:remotename)%00%(upstream:remoteref) refs/heads/master refs/remotes/master [1ms]
2024-09-16 15:35:17.992 [warning] [Git][getBranch] No such branch: master
2024-09-16 15:35:23.003 [info] [Git][getRemotes] No remotes found in the git config file
2024-09-16 15:35:23.003 [info] > git config --get commit.template [4ms]
2024-09-16 15:35:23.004 [info] > git for-each-ref --format=%(refname)%00%(upstream:short)%00%(objectname)%00%(upstream:track)%00%(upstream:remotename)%00%(upstream:remoteref) refs/heads/master refs/remotes/master [1ms]
2024-09-16 15:35:23.004 [warning] [Git][getBranch] No such branch: master
2024-09-16 15:35:23.009 [info] > git status -z -uall [2ms]
2024-09-16 15:35:23.014 [info] > git for-each-ref --format=%(refname)%00%(upstream:short)%00%(objectname)%00%(upstream:track)%00%(upstream:remotename)%00%(upstream:remoteref) refs/heads/master refs/remotes/master [1ms]
2024-09-16 15:35:23.014 [warning] [Git][getBranch] No such branch: master
2024-09-16 15:35:34.478 [info] [Git][getRemotes] No remotes found in the git config file
2024-09-16 15:35:34.478 [info] > git config --get commit.template [4ms]
2024-09-16 15:35:34.479 [info] > git for-each-ref --format=%(refname)%00%(upstream:short)%00%(objectname)%00%(upstream:track)%00%(upstream:remotename)%00%(upstream:remoteref) refs/heads/master refs/remotes/master [1ms]
2024-09-16 15:35:34.479 [warning] [Git][getBranch] No such branch: master
2024-09-16 15:35:34.483 [info] > git status -z -uall [1ms]
2024-09-16 15:35:34.488 [info] > git for-each-ref --format=%(refname)%00%(upstream:short)%00%(objectname)%00%(upstream:track)%00%(upstream:remotename)%00%(upstream:remoteref) refs/heads/master refs/remotes/master [1ms]
2024-09-16 15:35:34.488 [warning] [Git][getBranch] No such branch: master
2024-09-16 15:35:39.498 [info] [Git][getRemotes] No remotes found in the git config file
2024-09-16 15:35:39.499 [info] > git config --get commit.template [5ms]
2024-09-16 15:35:39.499 [info] > git for-each-ref --format=%(refname)%00%(upstream:short)%00%(objectname)%00%(upstream:track)%00%(upstream:remotename)%00%(upstream:remoteref) refs/heads/master refs/remotes/master [1ms]
2024-09-16 15:35:39.500 [warning] [Git][getBranch] No such branch: master
2024-09-16 15:35:39.504 [info] > git status -z -uall [1ms]
2024-09-16 15:35:39.508 [info] > git for-each-ref --format=%(refname)%00%(upstream:short)%00%(objectname)%00%(upstream:track)%00%(upstream:remotename)%00%(upstream:remoteref) refs/heads/master refs/remotes/master [1ms]
2024-09-16 15:35:39.508 [warning] [Git][getBranch] No such branch: master
2024-09-16 15:36:40.326 [info] [Git][getRemotes] No remotes found in the git config file
2024-09-16 15:36:40.331 [info] > git for-each-ref --format=%(refname)%00%(upstream:short)%00%(objectname)%00%(upstream:track)%00%(upstream:remotename)%00%(upstream:remoteref) refs/heads/master refs/remotes/master [5ms]
2024-09-16 15:36:40.331 [warning] [Git][getBranch] No such branch: master
2024-09-16 15:36:40.331 [info] > git config --get commit.template [9ms]
2024-09-16 15:36:40.334 [info] > git check-ignore -v -z --stdin [4ms]
2024-09-16 15:36:40.335 [info] > git status -z -uall [1ms]
2024-09-16 15:36:40.340 [info] > git for-each-ref --format=%(refname)%00%(upstream:short)%00%(objectname)%00%(upstream:track)%00%(upstream:remotename)%00%(upstream:remoteref) refs/heads/master refs/remotes/master [1ms]
2024-09-16 15:36:40.340 [warning] [Git][getBranch] No such branch: master
2024-09-16 15:36:51.112 [info] > git show --textconv :src/audio.rs [4ms]
2024-09-16 15:36:51.113 [info] > git ls-files --stage -- /home/arch/Projects/Rust/voice/src/audio.rs [1ms]
2024-09-16 15:36:58.918 [info] [Git][getRemotes] No remotes found in the git config file
2024-09-16 15:36:58.919 [info] > git config --get commit.template [4ms]
2024-09-16 15:36:58.919 [info] > git for-each-ref --format=%(refname)%00%(upstream:short)%00%(objectname)%00%(upstream:track)%00%(upstream:remotename)%00%(upstream:remoteref) refs/heads/master refs/remotes/master [1ms]
2024-09-16 15:36:58.919 [warning] [Git][getBranch] No such branch: master
2024-09-16 15:36:58.924 [info] > git status -z -uall [1ms]
2024-09-16 15:36:58.928 [info] > git for-each-ref --format=%(refname)%00%(upstream:short)%00%(objectname)%00%(upstream:track)%00%(upstream:remotename)%00%(upstream:remoteref) refs/heads/master refs/remotes/master [1ms]
2024-09-16 15:36:58.928 [warning] [Git][getBranch] No such branch: master
2024-09-16 15:37:05.362 [info] [Git][getRemotes] No remotes found in the git config file
2024-09-16 15:37:05.363 [info] > git config --get commit.template [4ms]
2024-09-16 15:37:05.363 [info] > git for-each-ref --format=%(refname)%00%(upstream:short)%00%(objectname)%00%(upstream:track)%00%(upstream:remotename)%00%(upstream:remoteref) refs/heads/master refs/remotes/master [1ms]
2024-09-16 15:37:05.363 [warning] [Git][getBranch] No such branch: master
2024-09-16 15:37:05.367 [info] > git status -z -uall [1ms]
2024-09-16 15:37:05.371 [info] > git for-each-ref --format=%(refname)%00%(upstream:short)%00%(objectname)%00%(upstream:track)%00%(upstream:remotename)%00%(upstream:remoteref) refs/heads/master refs/remotes/master [1ms]
2024-09-16 15:37:05.371 [warning] [Git][getBranch] No such branch: master
2024-09-16 15:39:28.408 [info] [Git][getRemotes] No remotes found in the git config file
2024-09-16 15:39:28.408 [info] > git config --get commit.template [4ms]
2024-09-16 15:39:28.408 [info] > git for-each-ref --format=%(refname)%00%(upstream:short)%00%(objectname)%00%(upstream:track)%00%(upstream:remotename)%00%(upstream:remoteref) refs/heads/master refs/remotes/master [1ms]
2024-09-16 15:39:28.409 [warning] [Git][getBranch] No such branch: master
2024-09-16 15:39:28.413 [info] > git status -z -uall [1ms]
2024-09-16 15:39:28.417 [info] > git for-each-ref --format=%(refname)%00%(upstream:short)%00%(objectname)%00%(upstream:track)%00%(upstream:remotename)%00%(upstream:remoteref) refs/heads/master refs/remotes/master [1ms]
2024-09-16 15:39:28.417 [warning] [Git][getBranch] No such branch: master
2024-09-16 15:39:28.430 [info] > git ls-files --stage -- /home/arch/Projects/Rust/voice/src/audio.rs [1ms]
2024-09-16 15:39:28.435 [info] > git show --textconv :src/audio.rs [1ms]
2024-09-16 15:39:33.427 [info] [Git][getRemotes] No remotes found in the git config file
2024-09-16 15:39:33.427 [info] > git config --get commit.template [4ms]
2024-09-16 15:39:33.428 [info] > git for-each-ref --format=%(refname)%00%(upstream:short)%00%(objectname)%00%(upstream:track)%00%(upstream:remotename)%00%(upstream:remoteref) refs/heads/master refs/remotes/master [1ms]
2024-09-16 15:39:33.428 [warning] [Git][getBranch] No such branch: master
2024-09-16 15:39:33.432 [info] > git status -z -uall [1ms]
2024-09-16 15:39:33.436 [info] > git for-each-ref --format=%(refname)%00%(upstream:short)%00%(objectname)%00%(upstream:track)%00%(upstream:remotename)%00%(upstream:remoteref) refs/heads/master refs/remotes/master [1ms]
2024-09-16 15:39:33.436 [warning] [Git][getBranch] No such branch: master
2024-09-16 15:39:51.473 [info] [Git][getRemotes] No remotes found in the git config file
2024-09-16 15:39:51.473 [info] > git config --get commit.template [4ms]
2024-09-16 15:39:51.474 [info] > git for-each-ref --format=%(refname)%00%(upstream:short)%00%(objectname)%00%(upstream:track)%00%(upstream:remotename)%00%(upstream:remoteref) refs/heads/master refs/remotes/master [1ms]
2024-09-16 15:39:51.474 [warning] [Git][getBranch] No such branch: master
2024-09-16 15:39:51.478 [info] > git status -z -uall [1ms]
2024-09-16 15:39:51.482 [info] > git for-each-ref --format=%(refname)%00%(upstream:short)%00%(objectname)%00%(upstream:track)%00%(upstream:remotename)%00%(upstream:remoteref) refs/heads/master refs/remotes/master [1ms]
2024-09-16 15:39:51.482 [warning] [Git][getBranch] No such branch: master
2024-09-16 15:40:08.279 [info] > git show --textconv :src/audio.rs [4ms]
2024-09-16 15:40:08.280 [info] > git ls-files --stage -- /home/arch/Projects/Rust/voice/src/audio.rs [1ms]
2024-09-16 15:40:27.410 [info] [Git][getRemotes] No remotes found in the git config file
2024-09-16 15:40:27.410 [info] > git config --get commit.template [4ms]
2024-09-16 15:40:27.411 [info] > git for-each-ref --format=%(refname)%00%(upstream:short)%00%(objectname)%00%(upstream:track)%00%(upstream:remotename)%00%(upstream:remoteref) refs/heads/master refs/remotes/master [1ms]
2024-09-16 15:40:27.411 [warning] [Git][getBranch] No such branch: master
2024-09-16 15:40:27.415 [info] > git status -z -uall [1ms]
2024-09-16 15:40:27.421 [info] > git for-each-ref --format=%(refname)%00%(upstream:short)%00%(objectname)%00%(upstream:track)%00%(upstream:remotename)%00%(upstream:remoteref) refs/heads/master refs/remotes/master [1ms]
2024-09-16 15:40:27.421 [warning] [Git][getBranch] No such branch: master
2024-09-16 15:40:46.438 [info] [Git][getRemotes] No remotes found in the git config file
2024-09-16 15:40:46.438 [info] > git config --get commit.template [4ms]
2024-09-16 15:40:46.439 [info] > git for-each-ref --format=%(refname)%00%(upstream:short)%00%(objectname)%00%(upstream:track)%00%(upstream:remotename)%00%(upstream:remoteref) refs/heads/master refs/remotes/master [1ms]
2024-09-16 15:40:46.439 [warning] [Git][getBranch] No such branch: master
2024-09-16 15:40:46.443 [info] > git status -z -uall [1ms]
2024-09-16 15:40:46.448 [info] > git for-each-ref --format=%(refname)%00%(upstream:short)%00%(objectname)%00%(upstream:track)%00%(upstream:remotename)%00%(upstream:remoteref) refs/heads/master refs/remotes/master [1ms]
2024-09-16 15:40:46.448 [warning] [Git][getBranch] No such branch: master
2024-09-16 15:41:07.838 [info] [Git][getRemotes] No remotes found in the git config file
2024-09-16 15:41:07.839 [info] > git config --get commit.template [5ms]
2024-09-16 15:41:07.839 [info] > git for-each-ref --format=%(refname)%00%(upstream:short)%00%(objectname)%00%(upstream:track)%00%(upstream:remotename)%00%(upstream:remoteref) refs/heads/master refs/remotes/master [1ms]
2024-09-16 15:41:07.839 [warning] [Git][getBranch] No such branch: master
2024-09-16 15:41:07.844 [info] > git status -z -uall [1ms]
2024-09-16 15:41:07.848 [info] > git for-each-ref --format=%(refname)%00%(upstream:short)%00%(objectname)%00%(upstream:track)%00%(upstream:remotename)%00%(upstream:remoteref) refs/heads/master refs/remotes/master [1ms]
2024-09-16 15:41:07.848 [warning] [Git][getBranch] No such branch: master
2024-09-16 15:41:18.683 [info] [Git][getRemotes] No remotes found in the git config file
2024-09-16 15:41:18.684 [info] > git config --get commit.template [5ms]
2024-09-16 15:41:18.684 [info] > git for-each-ref --format=%(refname)%00%(upstream:short)%00%(objectname)%00%(upstream:track)%00%(upstream:remotename)%00%(upstream:remoteref) refs/heads/master refs/remotes/master [1ms]
2024-09-16 15:41:18.684 [warning] [Git][getBranch] No such branch: master
2024-09-16 15:41:18.688 [info] > git status -z -uall [0ms]
2024-09-16 15:41:18.694 [info] > git for-each-ref --format=%(refname)%00%(upstream:short)%00%(objectname)%00%(upstream:track)%00%(upstream:remotename)%00%(upstream:remoteref) refs/heads/master refs/remotes/master [1ms]
2024-09-16 15:41:18.694 [warning] [Git][getBranch] No such branch: master
2024-09-16 15:42:31.571 [info] > git show --textconv :src/audio.rs [4ms]
2024-09-16 15:42:31.572 [info] > git ls-files --stage -- /home/arch/Projects/Rust/voice/src/audio.rs [1ms]
2024-09-16 15:42:32.416 [info] [Git][getRemotes] No remotes found in the git config file
2024-09-16 15:42:32.417 [info] > git config --get commit.template [5ms]
2024-09-16 15:42:32.417 [info] > git for-each-ref --format=%(refname)%00%(upstream:short)%00%(objectname)%00%(upstream:track)%00%(upstream:remotename)%00%(upstream:remoteref) refs/heads/master refs/remotes/master [1ms]
2024-09-16 15:42:32.417 [warning] [Git][getBranch] No such branch: master
2024-09-16 15:42:32.421 [info] > git status -z -uall [1ms]
2024-09-16 15:42:32.427 [info] > git for-each-ref --format=%(refname)%00%(upstream:short)%00%(objectname)%00%(upstream:track)%00%(upstream:remotename)%00%(upstream:remoteref) refs/heads/master refs/remotes/master [2ms]
2024-09-16 15:42:32.427 [warning] [Git][getBranch] No such branch: master
2024-09-16 15:42:40.973 [info] [Git][getRemotes] No remotes found in the git config file
2024-09-16 15:42:40.973 [info] > git config --get commit.template [4ms]
2024-09-16 15:42:40.974 [info] > git for-each-ref --format=%(refname)%00%(upstream:short)%00%(objectname)%00%(upstream:track)%00%(upstream:remotename)%00%(upstream:remoteref) refs/heads/master refs/remotes/master [1ms]
2024-09-16 15:42:40.974 [warning] [Git][getBranch] No such branch: master
2024-09-16 15:42:40.978 [info] > git status -z -uall [1ms]
2024-09-16 15:42:40.982 [info] > git for-each-ref --format=%(refname)%00%(upstream:short)%00%(objectname)%00%(upstream:track)%00%(upstream:remotename)%00%(upstream:remoteref) refs/heads/master refs/remotes/master [1ms]
2024-09-16 15:42:40.982 [warning] [Git][getBranch] No such branch: master
2024-09-16 15:43:05.927 [info] [Git][getRemotes] No remotes found in the git config file
2024-09-16 15:43:05.928 [info] > git config --get commit.template [4ms]
2024-09-16 15:43:05.928 [info] > git for-each-ref --format=%(refname)%00%(upstream:short)%00%(objectname)%00%(upstream:track)%00%(upstream:remotename)%00%(upstream:remoteref) refs/heads/master refs/remotes/master [1ms]
2024-09-16 15:43:05.928 [warning] [Git][getBranch] No such branch: master
2024-09-16 15:43:05.932 [info] > git status -z -uall [1ms]
2024-09-16 15:43:05.936 [info] > git for-each-ref --format=%(refname)%00%(upstream:short)%00%(objectname)%00%(upstream:track)%00%(upstream:remotename)%00%(upstream:remoteref) refs/heads/master refs/remotes/master [1ms]
2024-09-16 15:43:05.936 [warning] [Git][getBranch] No such branch: master
2024-09-16 15:43:25.438 [info] > git show --textconv :src/audio.rs [5ms]
2024-09-16 15:43:25.438 [info] > git ls-files --stage -- /home/arch/Projects/Rust/voice/src/audio.rs [0ms]
2024-09-16 15:43:56.253 [info] > git show --textconv :src/main.rs [4ms]
2024-09-16 15:43:56.253 [info] > git ls-files --stage -- /home/arch/Projects/Rust/voice/src/main.rs [1ms]
2024-09-16 15:44:54.659 [info] [Git][getRemotes] No remotes found in the git config file
2024-09-16 15:44:54.659 [info] > git config --get commit.template [4ms]
2024-09-16 15:44:54.659 [info] > git for-each-ref --format=%(refname)%00%(upstream:short)%00%(objectname)%00%(upstream:track)%00%(upstream:remotename)%00%(upstream:remoteref) refs/heads/master refs/remotes/master [0ms]
2024-09-16 15:44:54.660 [warning] [Git][getBranch] No such branch: master
2024-09-16 15:44:54.663 [info] > git status -z -uall [1ms]
2024-09-16 15:44:54.667 [info] > git for-each-ref --format=%(refname)%00%(upstream:short)%00%(objectname)%00%(upstream:track)%00%(upstream:remotename)%00%(upstream:remoteref) refs/heads/master refs/remotes/master [1ms]
2024-09-16 15:44:54.667 [warning] [Git][getBranch] No such branch: master
2024-09-16 15:45:02.193 [info] [Git][getRemotes] No remotes found in the git config file
2024-09-16 15:45:02.194 [info] > git config --get commit.template [4ms]
2024-09-16 15:45:02.194 [info] > git for-each-ref --format=%(refname)%00%(upstream:short)%00%(objectname)%00%(upstream:track)%00%(upstream:remotename)%00%(upstream:remoteref) refs/heads/master refs/remotes/master [1ms]
2024-09-16 15:45:02.194 [warning] [Git][getBranch] No such branch: master
2024-09-16 15:45:02.198 [info] > git status -z -uall [0ms]
2024-09-16 15:45:02.203 [info] > git for-each-ref --format=%(refname)%00%(upstream:short)%00%(objectname)%00%(upstream:track)%00%(upstream:remotename)%00%(upstream:remoteref) refs/heads/master refs/remotes/master [1ms]
2024-09-16 15:45:02.203 [warning] [Git][getBranch] No such branch: master
2024-09-16 15:45:52.521 [info] > git show --textconv :src/main.rs [5ms]
2024-09-16 15:45:52.521 [info] > git ls-files --stage -- /home/arch/Projects/Rust/voice/src/main.rs [1ms]
2024-09-16 15:46:05.886 [info] > git show --textconv :src/audio.rs [4ms]
2024-09-16 15:46:05.887 [info] > git ls-files --stage -- /home/arch/Projects/Rust/voice/src/audio.rs [1ms]
2024-09-16 15:46:54.263 [info] [Git][getRemotes] No remotes found in the git config file
2024-09-16 15:46:54.263 [info] > git config --get commit.template [5ms]
2024-09-16 15:46:54.264 [info] > git for-each-ref --format=%(refname)%00%(upstream:short)%00%(objectname)%00%(upstream:track)%00%(upstream:remotename)%00%(upstream:remoteref) refs/heads/master refs/remotes/master [2ms]
2024-09-16 15:46:54.264 [warning] [Git][getBranch] No such branch: master
2024-09-16 15:46:54.268 [info] > git status -z -uall [1ms]
2024-09-16 15:46:54.272 [info] > git for-each-ref --format=%(refname)%00%(upstream:short)%00%(objectname)%00%(upstream:track)%00%(upstream:remotename)%00%(upstream:remoteref) refs/heads/master refs/remotes/master [1ms]
2024-09-16 15:46:54.272 [warning] [Git][getBranch] No such branch: master
2024-09-16 15:46:59.284 [info] [Git][getRemotes] No remotes found in the git config file
2024-09-16 15:46:59.284 [info] > git config --get commit.template [4ms]
2024-09-16 15:46:59.285 [info] > git for-each-ref --format=%(refname)%00%(upstream:short)%00%(objectname)%00%(upstream:track)%00%(upstream:remotename)%00%(upstream:remoteref) refs/heads/master refs/remotes/master [1ms]
2024-09-16 15:46:59.285 [warning] [Git][getBranch] No such branch: master
2024-09-16 15:46:59.289 [info] > git status -z -uall [1ms]
2024-09-16 15:46:59.293 [info] > git for-each-ref --format=%(refname)%00%(upstream:short)%00%(objectname)%00%(upstream:track)%00%(upstream:remotename)%00%(upstream:remoteref) refs/heads/master refs/remotes/master [1ms]
2024-09-16 15:46:59.293 [warning] [Git][getBranch] No such branch: master
2024-09-16 15:47:24.364 [info] [Git][getRemotes] No remotes found in the git config file
2024-09-16 15:47:24.364 [info] > git config --get commit.template [4ms]
2024-09-16 15:47:24.364 [info] > git for-each-ref --format=%(refname)%00%(upstream:short)%00%(objectname)%00%(upstream:track)%00%(upstream:remotename)%00%(upstream:remoteref) refs/heads/master refs/remotes/master [1ms]
2024-09-16 15:47:24.364 [warning] [Git][getBranch] No such branch: master
2024-09-16 15:47:24.368 [info] > git status -z -uall [1ms]
2024-09-16 15:47:24.373 [info] > git for-each-ref --format=%(refname)%00%(upstream:short)%00%(objectname)%00%(upstream:track)%00%(upstream:remotename)%00%(upstream:remoteref) refs/heads/master refs/remotes/master [1ms]
2024-09-16 15:47:24.373 [warning] [Git][getBranch] No such branch: master
2024-09-16 15:47:40.518 [info] [Git][getRemotes] No remotes found in the git config file
2024-09-16 15:47:40.519 [info] > git config --get commit.template [5ms]
2024-09-16 15:47:40.519 [info] > git for-each-ref --format=%(refname)%00%(upstream:short)%00%(objectname)%00%(upstream:track)%00%(upstream:remotename)%00%(upstream:remoteref) refs/heads/master refs/remotes/master [1ms]
2024-09-16 15:47:40.519 [warning] [Git][getBranch] No such branch: master
2024-09-16 15:47:40.524 [info] > git status -z -uall [1ms]
2024-09-16 15:47:40.529 [info] > git for-each-ref --format=%(refname)%00%(upstream:short)%00%(objectname)%00%(upstream:track)%00%(upstream:remotename)%00%(upstream:remoteref) refs/heads/master refs/remotes/master [1ms]
2024-09-16 15:47:40.529 [warning] [Git][getBranch] No such branch: master
2024-09-16 15:47:47.310 [info] [Git][getRemotes] No remotes found in the git config file
2024-09-16 15:47:47.310 [info] > git config --get commit.template [4ms]
2024-09-16 15:47:47.311 [info] > git for-each-ref --format=%(refname)%00%(upstream:short)%00%(objectname)%00%(upstream:track)%00%(upstream:remotename)%00%(upstream:remoteref) refs/heads/master refs/remotes/master [1ms]
2024-09-16 15:47:47.311 [warning] [Git][getBranch] No such branch: master
2024-09-16 15:47:47.316 [info] > git status -z -uall [2ms]
2024-09-16 15:47:47.320 [info] > git for-each-ref --format=%(refname)%00%(upstream:short)%00%(objectname)%00%(upstream:track)%00%(upstream:remotename)%00%(upstream:remoteref) refs/heads/master refs/remotes/master [1ms]
2024-09-16 15:47:47.320 [warning] [Git][getBranch] No such branch: master
2024-09-16 15:48:12.318 [info] > git show --textconv :src/audio.rs [4ms]
2024-09-16 15:48:12.319 [info] > git ls-files --stage -- /home/arch/Projects/Rust/voice/src/audio.rs [1ms]
2024-09-16 15:48:12.852 [info] > git show --textconv :Cargo.toml [5ms]
2024-09-16 15:48:12.852 [info] > git ls-files --stage -- /home/arch/Projects/Rust/voice/Cargo.toml [0ms]
2024-09-16 15:48:13.374 [info] > git show --textconv :src/main.rs [4ms]
2024-09-16 15:48:13.374 [info] > git ls-files --stage -- /home/arch/Projects/Rust/voice/src/main.rs [0ms]
2024-09-16 15:48:22.144 [info] [Git][getRemotes] No remotes found in the git config file
2024-09-16 15:48:22.144 [info] > git config --get commit.template [4ms]
2024-09-16 15:48:22.145 [info] > git for-each-ref --format=%(refname)%00%(upstream:short)%00%(objectname)%00%(upstream:track)%00%(upstream:remotename)%00%(upstream:remoteref) refs/heads/master refs/remotes/master [1ms]
2024-09-16 15:48:22.145 [warning] [Git][getBranch] No such branch: master
2024-09-16 15:48:22.149 [info] > git status -z -uall [1ms]
2024-09-16 15:48:22.153 [info] > git for-each-ref --format=%(refname)%00%(upstream:short)%00%(objectname)%00%(upstream:track)%00%(upstream:remotename)%00%(upstream:remoteref) refs/heads/master refs/remotes/master [1ms]
2024-09-16 15:48:22.153 [warning] [Git][getBranch] No such branch: master
2024-09-16 15:48:27.166 [info] [Git][getRemotes] No remotes found in the git config file
2024-09-16 15:48:27.167 [info] > git config --get commit.template [4ms]
2024-09-16 15:48:27.167 [info] > git for-each-ref --format=%(refname)%00%(upstream:short)%00%(objectname)%00%(upstream:track)%00%(upstream:remotename)%00%(upstream:remoteref) refs/heads/master refs/remotes/master [1ms]
2024-09-16 15:48:27.167 [warning] [Git][getBranch] No such branch: master
2024-09-16 15:48:27.172 [info] > git status -z -uall [1ms]
2024-09-16 15:48:27.177 [info] > git for-each-ref --format=%(refname)%00%(upstream:short)%00%(objectname)%00%(upstream:track)%00%(upstream:remotename)%00%(upstream:remoteref) refs/heads/master refs/remotes/master [1ms]
2024-09-16 15:48:27.177 [warning] [Git][getBranch] No such branch: master
2024-09-16 15:49:03.954 [info] [Git][getRemotes] No remotes found in the git config file
2024-09-16 15:49:03.955 [info] > git config --get commit.template [4ms]
2024-09-16 15:49:03.955 [info] > git for-each-ref --format=%(refname)%00%(upstream:short)%00%(objectname)%00%(upstream:track)%00%(upstream:remotename)%00%(upstream:remoteref) refs/heads/master refs/remotes/master [1ms]
2024-09-16 15:49:03.955 [warning] [Git][getBranch] No such branch: master
2024-09-16 15:49:03.959 [info] > git status -z -uall [0ms]
2024-09-16 15:49:03.964 [info] > git for-each-ref --format=%(refname)%00%(upstream:short)%00%(objectname)%00%(upstream:track)%00%(upstream:remotename)%00%(upstream:remoteref) refs/heads/master refs/remotes/master [1ms]
2024-09-16 15:49:03.964 [warning] [Git][getBranch] No such branch: master
2024-09-16 15:49:31.811 [info] [Git][getRemotes] No remotes found in the git config file
2024-09-16 15:49:31.812 [info] > git config --get commit.template [5ms]
2024-09-16 15:49:31.812 [info] > git for-each-ref --format=%(refname)%00%(upstream:short)%00%(objectname)%00%(upstream:track)%00%(upstream:remotename)%00%(upstream:remoteref) refs/heads/master refs/remotes/master [1ms]
2024-09-16 15:49:31.812 [warning] [Git][getBranch] No such branch: master
2024-09-16 15:49:31.817 [info] > git status -z -uall [1ms]
2024-09-16 15:49:31.821 [info] > git for-each-ref --format=%(refname)%00%(upstream:short)%00%(objectname)%00%(upstream:track)%00%(upstream:remotename)%00%(upstream:remoteref) refs/heads/master refs/remotes/master [1ms]
2024-09-16 15:49:31.821 [warning] [Git][getBranch] No such branch: master
2024-09-16 15:49:37.798 [info] > git show --textconv :src/main.rs [4ms]
2024-09-16 15:49:37.798 [info] > git ls-files --stage -- /home/arch/Projects/Rust/voice/src/main.rs [1ms]
2024-09-16 15:50:33.197 [info] > git show --textconv :src/speech_to_text.rs [4ms]
2024-09-16 15:50:33.197 [info] > git ls-files --stage -- /home/arch/Projects/Rust/voice/src/speech_to_text.rs [1ms]
2024-09-16 15:50:33.478 [info] > git check-ignore -v -z --stdin [1ms]
2024-09-16 15:50:34.507 [info] [Git][getRemotes] No remotes found in the git config file
2024-09-16 15:50:34.507 [info] > git config --get commit.template [4ms]
2024-09-16 15:50:34.507 [info] > git for-each-ref --format=%(refname)%00%(upstream:short)%00%(objectname)%00%(upstream:track)%00%(upstream:remotename)%00%(upstream:remoteref) refs/heads/master refs/remotes/master [0ms]
2024-09-16 15:50:34.507 [warning] [Git][getBranch] No such branch: master
2024-09-16 15:50:34.512 [info] > git status -z -uall [1ms]
2024-09-16 15:50:34.516 [info] > git for-each-ref --format=%(refname)%00%(upstream:short)%00%(objectname)%00%(upstream:track)%00%(upstream:remotename)%00%(upstream:remoteref) refs/heads/master refs/remotes/master [1ms]
2024-09-16 15:50:34.516 [warning] [Git][getBranch] No such branch: master
2024-09-16 15:51:23.337 [info] > git show --textconv :src/main.rs [4ms]
2024-09-16 15:51:23.337 [info] > git ls-files --stage -- /home/arch/Projects/Rust/voice/src/main.rs [1ms]
2024-09-16 15:51:23.927 [info] [Git][getRemotes] No remotes found in the git config file
2024-09-16 15:51:23.927 [info] > git config --get commit.template [3ms]
2024-09-16 15:51:23.928 [info] > git for-each-ref --format=%(refname)%00%(upstream:short)%00%(objectname)%00%(upstream:track)%00%(upstream:remotename)%00%(upstream:remoteref) refs/heads/master refs/remotes/master [1ms]
2024-09-16 15:51:23.928 [warning] [Git][getBranch] No such branch: master
2024-09-16 15:51:23.932 [info] > git status -z -uall [1ms]
2024-09-16 15:51:23.936 [info] > git for-each-ref --format=%(refname)%00%(upstream:short)%00%(objectname)%00%(upstream:track)%00%(upstream:remotename)%00%(upstream:remoteref) refs/heads/master refs/remotes/master [1ms]
2024-09-16 15:51:23.936 [warning] [Git][getBranch] No such branch: master
2024-09-16 15:51:30.160 [info] > git show --textconv :src/speech_to_text.rs [4ms]
2024-09-16 15:51:30.161 [info] > git ls-files --stage -- /home/arch/Projects/Rust/voice/src/speech_to_text.rs [1ms]
2024-09-16 15:51:40.282 [info] > git show --textconv :src/main.rs [4ms]
2024-09-16 15:51:40.283 [info] > git ls-files --stage -- /home/arch/Projects/Rust/voice/src/main.rs [1ms]
2024-09-16 15:51:40.657 [info] [Git][getRemotes] No remotes found in the git config file
2024-09-16 15:51:40.657 [info] > git config --get commit.template [4ms]
2024-09-16 15:51:40.658 [info] > git for-each-ref --format=%(refname)%00%(upstream:short)%00%(objectname)%00%(upstream:track)%00%(upstream:remotename)%00%(upstream:remoteref) refs/heads/master refs/remotes/master [1ms]
2024-09-16 15:51:40.658 [warning] [Git][getBranch] No such branch: master
2024-09-16 15:51:40.662 [info] > git status -z -uall [1ms]
2024-09-16 15:51:40.666 [info] > git for-each-ref --format=%(refname)%00%(upstream:short)%00%(objectname)%00%(upstream:track)%00%(upstream:remotename)%00%(upstream:remoteref) refs/heads/master refs/remotes/master [1ms]
2024-09-16 15:51:40.666 [warning] [Git][getBranch] No such branch: master
2024-09-16 15:52:04.833 [info] > git show --textconv :src/speech_to_text.rs [4ms]
2024-09-16 15:52:04.834 [info] > git ls-files --stage -- /home/arch/Projects/Rust/voice/src/speech_to_text.rs [1ms]
2024-09-16 15:52:09.114 [info] > git show --textconv :src/main.rs [4ms]
2024-09-16 15:52:09.114 [info] > git ls-files --stage -- /home/arch/Projects/Rust/voice/src/main.rs [1ms]
2024-09-16 15:52:12.290 [info] > git show --textconv :src/speech_to_text.rs [5ms]
2024-09-16 15:52:12.291 [info] > git ls-files --stage -- /home/arch/Projects/Rust/voice/src/speech_to_text.rs [1ms]
2024-09-16 15:52:20.564 [info] > git show --textconv :src/main.rs [5ms]
2024-09-16 15:52:20.564 [info] > git ls-files --stage -- /home/arch/Projects/Rust/voice/src/main.rs [1ms]
2024-09-16 15:52:21.084 [info] [Git][getRemotes] No remotes found in the git config file
2024-09-16 15:52:21.084 [info] > git config --get commit.template [3ms]
2024-09-16 15:52:21.085 [info] > git for-each-ref --format=%(refname)%00%(upstream:short)%00%(objectname)%00%(upstream:track)%00%(upstream:remotename)%00%(upstream:remoteref) refs/heads/master refs/remotes/master [1ms]
2024-09-16 15:52:21.085 [warning] [Git][getBranch] No such branch: master
2024-09-16 15:52:21.090 [info] > git status -z -uall [1ms]
2024-09-16 15:52:21.094 [info] > git for-each-ref --format=%(refname)%00%(upstream:short)%00%(objectname)%00%(upstream:track)%00%(upstream:remotename)%00%(upstream:remoteref) refs/heads/master refs/remotes/master [1ms]
2024-09-16 15:52:21.094 [warning] [Git][getBranch] No such branch: master
2024-09-16 15:52:25.564 [info] > git show --textconv :src/audio.rs [4ms]
2024-09-16 15:52:25.565 [info] > git ls-files --stage -- /home/arch/Projects/Rust/voice/src/audio.rs [1ms]
2024-09-16 15:52:26.102 [info] [Git][getRemotes] No remotes found in the git config file
2024-09-16 15:52:26.102 [info] > git config --get commit.template [4ms]
2024-09-16 15:52:26.103 [info] > git for-each-ref --format=%(refname)%00%(upstream:short)%00%(objectname)%00%(upstream:track)%00%(upstream:remotename)%00%(upstream:remoteref) refs/heads/master refs/remotes/master [1ms]
2024-09-16 15:52:26.103 [warning] [Git][getBranch] No such branch: master
2024-09-16 15:52:26.107 [info] > git status -z -uall [1ms]
2024-09-16 15:52:26.112 [info] > git for-each-ref --format=%(refname)%00%(upstream:short)%00%(objectname)%00%(upstream:track)%00%(upstream:remotename)%00%(upstream:remoteref) refs/heads/master refs/remotes/master [1ms]
2024-09-16 15:52:26.112 [warning] [Git][getBranch] No such branch: master
2024-09-16 15:55:30.904 [info] > git show --textconv :src/main.rs [4ms]
2024-09-16 15:55:30.905 [info] > git ls-files --stage -- /home/arch/Projects/Rust/voice/src/main.rs [1ms]
2024-09-16 15:55:37.429 [info] [Git][getRemotes] No remotes found in the git config file
2024-09-16 15:55:37.429 [info] > git config --get commit.template [4ms]
2024-09-16 15:55:37.430 [info] > git for-each-ref --format=%(refname)%00%(upstream:short)%00%(objectname)%00%(upstream:track)%00%(upstream:remotename)%00%(upstream:remoteref) refs/heads/master refs/remotes/master [1ms]
2024-09-16 15:55:37.430 [warning] [Git][getBranch] No such branch: master
2024-09-16 15:55:37.434 [info] > git status -z -uall [1ms]
2024-09-16 15:55:37.438 [info] > git for-each-ref --format=%(refname)%00%(upstream:short)%00%(objectname)%00%(upstream:track)%00%(upstream:remotename)%00%(upstream:remoteref) refs/heads/master refs/remotes/master [1ms]
2024-09-16 15:55:37.438 [warning] [Git][getBranch] No such branch: master
2024-09-16 15:55:37.691 [info] > git show --textconv :src/speech_to_text.rs [4ms]
2024-09-16 15:55:37.692 [info] > git ls-files --stage -- /home/arch/Projects/Rust/voice/src/speech_to_text.rs [1ms]
2024-09-16 15:55:53.819 [info] [Git][getRemotes] No remotes found in the git config file
2024-09-16 15:55:53.820 [info] > git config --get commit.template [4ms]
2024-09-16 15:55:53.820 [info] > git for-each-ref --format=%(refname)%00%(upstream:short)%00%(objectname)%00%(upstream:track)%00%(upstream:remotename)%00%(upstream:remoteref) refs/heads/master refs/remotes/master [1ms]
2024-09-16 15:55:53.820 [warning] [Git][getBranch] No such branch: master
2024-09-16 15:55:53.824 [info] > git status -z -uall [1ms]
2024-09-16 15:55:53.829 [info] > git for-each-ref --format=%(refname)%00%(upstream:short)%00%(objectname)%00%(upstream:track)%00%(upstream:remotename)%00%(upstream:remoteref) refs/heads/master refs/remotes/master [1ms]
2024-09-16 15:55:53.829 [warning] [Git][getBranch] No such branch: master
2024-09-16 15:55:59.223 [info] > git show --textconv :src/audio.rs [4ms]
2024-09-16 15:55:59.223 [info] > git ls-files --stage -- /home/arch/Projects/Rust/voice/src/audio.rs [0ms]
2024-09-16 15:56:10.260 [info] [Git][getRemotes] No remotes found in the git config file
2024-09-16 15:56:10.260 [info] > git config --get commit.template [4ms]
2024-09-16 15:56:10.261 [info] > git for-each-ref --format=%(refname)%00%(upstream:short)%00%(objectname)%00%(upstream:track)%00%(upstream:remotename)%00%(upstream:remoteref) refs/heads/master refs/remotes/master [1ms]
2024-09-16 15:56:10.261 [warning] [Git][getBranch] No such branch: master
2024-09-16 15:56:10.265 [info] > git status -z -uall [1ms]
2024-09-16 15:56:10.270 [info] > git for-each-ref --format=%(refname)%00%(upstream:short)%00%(objectname)%00%(upstream:track)%00%(upstream:remotename)%00%(upstream:remoteref) refs/heads/master refs/remotes/master [1ms]
2024-09-16 15:56:10.270 [warning] [Git][getBranch] No such branch: master
2024-09-16 15:56:20.801 [info] [Git][getRemotes] No remotes found in the git config file
2024-09-16 15:56:20.801 [info] > git config --get commit.template [4ms]
2024-09-16 15:56:20.801 [info] > git for-each-ref --format=%(refname)%00%(upstream:short)%00%(objectname)%00%(upstream:track)%00%(upstream:remotename)%00%(upstream:remoteref) refs/heads/master refs/remotes/master [0ms]
2024-09-16 15:56:20.801 [warning] [Git][getBranch] No such branch: master
2024-09-16 15:56:20.806 [info] > git status -z -uall [1ms]
2024-09-16 15:56:20.811 [info] > git for-each-ref --format=%(refname)%00%(upstream:short)%00%(objectname)%00%(upstream:track)%00%(upstream:remotename)%00%(upstream:remoteref) refs/heads/master refs/remotes/master [1ms]
2024-09-16 15:56:20.811 [warning] [Git][getBranch] No such branch: master
2024-09-16 15:56:31.681 [info] [Git][getRemotes] No remotes found in the git config file
2024-09-16 15:56:31.681 [info] > git config --get commit.template [4ms]
2024-09-16 15:56:31.681 [info] > git for-each-ref --format=%(refname)%00%(upstream:short)%00%(objectname)%00%(upstream:track)%00%(upstream:remotename)%00%(upstream:remoteref) refs/heads/master refs/remotes/master [0ms]
2024-09-16 15:56:31.681 [warning] [Git][getBranch] No such branch: master
2024-09-16 15:56:31.686 [info] > git status -z -uall [1ms]
2024-09-16 15:56:31.691 [info] > git for-each-ref --format=%(refname)%00%(upstream:short)%00%(objectname)%00%(upstream:track)%00%(upstream:remotename)%00%(upstream:remoteref) refs/heads/master refs/remotes/master [1ms]
2024-09-16 15:56:31.691 [warning] [Git][getBranch] No such branch: master
2024-09-16 15:57:47.999 [info] [Git][getRemotes] No remotes found in the git config file
2024-09-16 15:57:47.999 [info] > git config --get commit.template [5ms]
2024-09-16 15:57:48.000 [info] > git for-each-ref --format=%(refname)%00%(upstream:short)%00%(objectname)%00%(upstream:track)%00%(upstream:remotename)%00%(upstream:remoteref) refs/heads/master refs/remotes/master [1ms]
2024-09-16 15:57:48.000 [warning] [Git][getBranch] No such branch: master
2024-09-16 15:57:48.005 [info] > git status -z -uall [1ms]
2024-09-16 15:57:48.010 [info] > git for-each-ref --format=%(refname)%00%(upstream:short)%00%(objectname)%00%(upstream:track)%00%(upstream:remotename)%00%(upstream:remoteref) refs/heads/master refs/remotes/master [1ms]
2024-09-16 15:57:48.010 [warning] [Git][getBranch] No such branch: master
2024-09-16 15:58:01.425 [info] > git show --textconv :src/speech_to_text.rs [5ms]
2024-09-16 15:58:01.425 [info] > git ls-files --stage -- /home/arch/Projects/Rust/voice/src/speech_to_text.rs [1ms]
2024-09-16 15:58:12.717 [info] [Git][getRemotes] No remotes found in the git config file
2024-09-16 15:58:12.721 [info] > git config --get commit.template [4ms]
2024-09-16 15:58:12.721 [info] > git for-each-ref --format=%(refname)%00%(upstream:short)%00%(objectname)%00%(upstream:track)%00%(upstream:remotename)%00%(upstream:remoteref) refs/heads/master refs/remotes/master [0ms]
2024-09-16 15:58:12.721 [warning] [Git][getBranch] No such branch: master
2024-09-16 15:58:12.725 [info] > git status -z -uall [0ms]
2024-09-16 15:58:12.730 [info] > git for-each-ref --format=%(refname)%00%(upstream:short)%00%(objectname)%00%(upstream:track)%00%(upstream:remotename)%00%(upstream:remoteref) refs/heads/master refs/remotes/master [1ms]
2024-09-16 15:58:12.730 [warning] [Git][getBranch] No such branch: master
2024-09-16 16:02:49.829 [info] > git show --textconv :src/audio.rs [5ms]
2024-09-16 16:02:49.830 [info] > git ls-files --stage -- /home/arch/Projects/Rust/voice/src/audio.rs [1ms]
2024-09-16 16:04:19.208 [info] > git show --textconv :src/speech_to_text.rs [4ms]
2024-09-16 16:04:19.209 [info] > git ls-files --stage -- /home/arch/Projects/Rust/voice/src/speech_to_text.rs [1ms]
2024-09-16 16:04:25.074 [info] > git show --textconv :src/audio.rs [6ms]
2024-09-16 16:04:25.075 [info] > git ls-files --stage -- /home/arch/Projects/Rust/voice/src/audio.rs [1ms]
2024-09-16 16:04:32.642 [info] > git show --textconv :src/speech_to_text.rs [5ms]
2024-09-16 16:04:32.642 [info] > git ls-files --stage -- /home/arch/Projects/Rust/voice/src/speech_to_text.rs [1ms]
2024-09-16 16:04:45.351 [info] > git show --textconv :src/audio.rs [6ms]
2024-09-16 16:04:45.351 [info] > git ls-files --stage -- /home/arch/Projects/Rust/voice/src/audio.rs [1ms]
2024-09-16 16:06:07.623 [info] [Git][getRemotes] No remotes found in the git config file
2024-09-16 16:06:07.623 [info] > git config --get commit.template [5ms]
2024-09-16 16:06:07.624 [info] > git for-each-ref --format=%(refname)%00%(upstream:short)%00%(objectname)%00%(upstream:track)%00%(upstream:remotename)%00%(upstream:remoteref) refs/heads/master refs/remotes/master [2ms]
2024-09-16 16:06:07.624 [warning] [Git][getBranch] No such branch: master
2024-09-16 16:06:07.628 [info] > git status -z -uall [1ms]
2024-09-16 16:06:07.632 [info] > git for-each-ref --format=%(refname)%00%(upstream:short)%00%(objectname)%00%(upstream:track)%00%(upstream:remotename)%00%(upstream:remoteref) refs/heads/master refs/remotes/master [1ms]
2024-09-16 16:06:07.632 [warning] [Git][getBranch] No such branch: master
2024-09-16 16:06:23.726 [info] > git show --textconv :src/audio.rs [4ms]
2024-09-16 16:06:23.727 [info] > git ls-files --stage -- /home/arch/Projects/Rust/voice/src/audio.rs [1ms]
2024-09-16 16:07:23.080 [info] [Git][getRemotes] No remotes found in the git config file
2024-09-16 16:07:23.080 [info] > git config --get commit.template [4ms]
2024-09-16 16:07:23.080 [info] > git for-each-ref --format=%(refname)%00%(upstream:short)%00%(objectname)%00%(upstream:track)%00%(upstream:remotename)%00%(upstream:remoteref) refs/heads/master refs/remotes/master [0ms]
2024-09-16 16:07:23.081 [warning] [Git][getBranch] No such branch: master
2024-09-16 16:07:23.086 [info] > git status -z -uall [2ms]
2024-09-16 16:07:23.090 [info] > git for-each-ref --format=%(refname)%00%(upstream:short)%00%(objectname)%00%(upstream:track)%00%(upstream:remotename)%00%(upstream:remoteref) refs/heads/master refs/remotes/master [1ms]
2024-09-16 16:07:23.090 [warning] [Git][getBranch] No such branch: master
2024-09-16 16:07:35.624 [info] [Git][getRemotes] No remotes found in the git config file
2024-09-16 16:07:35.625 [info] > git config --get commit.template [5ms]
2024-09-16 16:07:35.625 [info] > git for-each-ref --format=%(refname)%00%(upstream:short)%00%(objectname)%00%(upstream:track)%00%(upstream:remotename)%00%(upstream:remoteref) refs/heads/master refs/remotes/master [1ms]
2024-09-16 16:07:35.625 [warning] [Git][getBranch] No such branch: master
2024-09-16 16:07:35.630 [info] > git status -z -uall [0ms]
2024-09-16 16:07:35.634 [info] > git for-each-ref --format=%(refname)%00%(upstream:short)%00%(objectname)%00%(upstream:track)%00%(upstream:remotename)%00%(upstream:remoteref) refs/heads/master refs/remotes/master [1ms]
2024-09-16 16:07:35.634 [warning] [Git][getBranch] No such branch: master
2024-09-16 16:08:07.653 [info] > git show --textconv :src/audio.rs [4ms]
2024-09-16 16:08:07.654 [info] > git ls-files --stage -- /home/arch/Projects/Rust/voice/src/audio.rs [1ms]
2024-09-16 16:08:30.457 [info] [Git][getRemotes] No remotes found in the git config file
2024-09-16 16:08:30.457 [info] > git config --get commit.template [4ms]
2024-09-16 16:08:30.458 [info] > git for-each-ref --format=%(refname)%00%(upstream:short)%00%(objectname)%00%(upstream:track)%00%(upstream:remotename)%00%(upstream:remoteref) refs/heads/master refs/remotes/master [1ms]
2024-09-16 16:08:30.458 [warning] [Git][getBranch] No such branch: master
2024-09-16 16:08:30.462 [info] > git status -z -uall [1ms]
2024-09-16 16:08:30.466 [info] > git for-each-ref --format=%(refname)%00%(upstream:short)%00%(objectname)%00%(upstream:track)%00%(upstream:remotename)%00%(upstream:remoteref) refs/heads/master refs/remotes/master [1ms]
2024-09-16 16:08:30.466 [warning] [Git][getBranch] No such branch: master
2024-09-16 16:08:38.138 [info] > git show --textconv :src/main.rs [4ms]
2024-09-16 16:08:38.138 [info] > git ls-files --stage -- /home/arch/Projects/Rust/voice/src/main.rs [1ms]
2024-09-16 16:08:48.122 [info] > git show --textconv :src/audio.rs [5ms]
2024-09-16 16:08:48.123 [info] > git ls-files --stage -- /home/arch/Projects/Rust/voice/src/audio.rs [1ms]
2024-09-16 16:08:48.933 [info] [Git][getRemotes] No remotes found in the git config file
2024-09-16 16:08:48.934 [info] > git config --get commit.template [4ms]
2024-09-16 16:08:48.934 [info] > git for-each-ref --format=%(refname)%00%(upstream:short)%00%(objectname)%00%(upstream:track)%00%(upstream:remotename)%00%(upstream:remoteref) refs/heads/master refs/remotes/master [1ms]
2024-09-16 16:08:48.934 [warning] [Git][getBranch] No such branch: master
2024-09-16 16:08:48.938 [info] > git status -z -uall [1ms]
2024-09-16 16:08:48.943 [info] > git for-each-ref --format=%(refname)%00%(upstream:short)%00%(objectname)%00%(upstream:track)%00%(upstream:remotename)%00%(upstream:remoteref) refs/heads/master refs/remotes/master [1ms]
2024-09-16 16:08:48.943 [warning] [Git][getBranch] No such branch: master
2024-09-16 16:08:56.089 [info] > git show --textconv :src/main.rs [4ms]
2024-09-16 16:08:56.089 [info] > git ls-files --stage -- /home/arch/Projects/Rust/voice/src/main.rs [1ms]
2024-09-16 16:08:56.828 [info] [Git][getRemotes] No remotes found in the git config file
2024-09-16 16:08:56.828 [info] > git config --get commit.template [4ms]
2024-09-16 16:08:56.828 [info] > git for-each-ref --format=%(refname)%00%(upstream:short)%00%(objectname)%00%(upstream:track)%00%(upstream:remotename)%00%(upstream:remoteref) refs/heads/master refs/remotes/master [1ms]
2024-09-16 16:08:56.828 [warning] [Git][getBranch] No such branch: master
2024-09-16 16:08:56.833 [info] > git status -z -uall [1ms]
2024-09-16 16:08:56.838 [info] > git for-each-ref --format=%(refname)%00%(upstream:short)%00%(objectname)%00%(upstream:track)%00%(upstream:remotename)%00%(upstream:remoteref) refs/heads/master refs/remotes/master [1ms]
2024-09-16 16:08:56.838 [warning] [Git][getBranch] No such branch: master
2024-09-16 16:09:05.698 [info] [Git][getRemotes] No remotes found in the git config file
2024-09-16 16:09:05.699 [info] > git config --get commit.template [5ms]
2024-09-16 16:09:05.699 [info] > git for-each-ref --format=%(refname)%00%(upstream:short)%00%(objectname)%00%(upstream:track)%00%(upstream:remotename)%00%(upstream:remoteref) refs/heads/master refs/remotes/master [1ms]
2024-09-16 16:09:05.699 [warning] [Git][getBranch] No such branch: master
2024-09-16 16:09:05.704 [info] > git status -z -uall [1ms]
2024-09-16 16:09:05.708 [info] > git for-each-ref --format=%(refname)%00%(upstream:short)%00%(objectname)%00%(upstream:track)%00%(upstream:remotename)%00%(upstream:remoteref) refs/heads/master refs/remotes/master [1ms]
2024-09-16 16:09:05.708 [warning] [Git][getBranch] No such branch: master
2024-09-16 16:09:12.144 [info] > git show --textconv :src/audio.rs [4ms]
2024-09-16 16:09:12.144 [info] > git ls-files --stage -- /home/arch/Projects/Rust/voice/src/audio.rs [0ms]
2024-09-16 16:09:22.781 [info] > git show --textconv :src/main.rs [5ms]
2024-09-16 16:09:22.781 [info] > git ls-files --stage -- /home/arch/Projects/Rust/voice/src/main.rs [1ms]
2024-09-16 16:09:23.223 [info] [Git][getRemotes] No remotes found in the git config file
2024-09-16 16:09:23.224 [info] > git config --get commit.template [4ms]
2024-09-16 16:09:23.224 [info] > git for-each-ref --format=%(refname)%00%(upstream:short)%00%(objectname)%00%(upstream:track)%00%(upstream:remotename)%00%(upstream:remoteref) refs/heads/master refs/remotes/master [1ms]
2024-09-16 16:09:23.224 [warning] [Git][getBranch] No such branch: master
2024-09-16 16:09:23.228 [info] > git status -z -uall [1ms]
2024-09-16 16:09:23.233 [info] > git for-each-ref --format=%(refname)%00%(upstream:short)%00%(objectname)%00%(upstream:track)%00%(upstream:remotename)%00%(upstream:remoteref) refs/heads/master refs/remotes/master [1ms]
2024-09-16 16:09:23.233 [warning] [Git][getBranch] No such branch: master
2024-09-16 16:09:31.965 [info] [Git][getRemotes] No remotes found in the git config file
2024-09-16 16:09:31.969 [info] > git config --get commit.template [5ms]
2024-09-16 16:09:31.969 [info] > git for-each-ref --format=%(refname)%00%(upstream:short)%00%(objectname)%00%(upstream:track)%00%(upstream:remotename)%00%(upstream:remoteref) refs/heads/master refs/remotes/master [1ms]
2024-09-16 16:09:31.969 [warning] [Git][getBranch] No such branch: master
2024-09-16 16:09:31.973 [info] > git status -z -uall [1ms]
2024-09-16 16:09:31.979 [info] > git for-each-ref --format=%(refname)%00%(upstream:short)%00%(objectname)%00%(upstream:track)%00%(upstream:remotename)%00%(upstream:remoteref) refs/heads/master refs/remotes/master [1ms]
2024-09-16 16:09:31.979 [warning] [Git][getBranch] No such branch: master
2024-09-16 16:09:52.390 [info] [Git][getRemotes] No remotes found in the git config file
2024-09-16 16:09:52.394 [info] > git config --get commit.template [4ms]
2024-09-16 16:09:52.394 [info] > git for-each-ref --format=%(refname)%00%(upstream:short)%00%(objectname)%00%(upstream:track)%00%(upstream:remotename)%00%(upstream:remoteref) refs/heads/master refs/remotes/master [0ms]
2024-09-16 16:09:52.394 [warning] [Git][getBranch] No such branch: master
2024-09-16 16:09:52.398 [info] > git status -z -uall [0ms]
2024-09-16 16:09:52.402 [info] > git for-each-ref --format=%(refname)%00%(upstream:short)%00%(objectname)%00%(upstream:track)%00%(upstream:remotename)%00%(upstream:remoteref) refs/heads/master refs/remotes/master [0ms]
2024-09-16 16:09:52.402 [warning] [Git][getBranch] No such branch: master
2024-09-16 16:09:58.235 [info] > git show --textconv :src/speech_to_text.rs [4ms]
2024-09-16 16:09:58.236 [info] > git ls-files --stage -- /home/arch/Projects/Rust/voice/src/speech_to_text.rs [1ms]
2024-09-16 16:10:23.944 [info] > git show --textconv :src/audio.rs [4ms]
2024-09-16 16:10:23.944 [info] > git ls-files --stage -- /home/arch/Projects/Rust/voice/src/audio.rs [0ms]
2024-09-16 16:10:24.543 [info] > git show --textconv :src/main.rs [5ms]
2024-09-16 16:10:24.544 [info] > git ls-files --stage -- /home/arch/Projects/Rust/voice/src/main.rs [0ms]
2024-09-16 16:10:28.452 [info] [Git][getRemotes] No remotes found in the git config file
2024-09-16 16:10:28.452 [info] > git config --get commit.template [5ms]
2024-09-16 16:10:28.453 [info] > git for-each-ref --format=%(refname)%00%(upstream:short)%00%(objectname)%00%(upstream:track)%00%(upstream:remotename)%00%(upstream:remoteref) refs/heads/master refs/remotes/master [1ms]
2024-09-16 16:10:28.453 [warning] [Git][getBranch] No such branch: master
2024-09-16 16:10:28.458 [info] > git status -z -uall [1ms]
2024-09-16 16:10:28.462 [info] > git for-each-ref --format=%(refname)%00%(upstream:short)%00%(objectname)%00%(upstream:track)%00%(upstream:remotename)%00%(upstream:remoteref) refs/heads/master refs/remotes/master [1ms]
2024-09-16 16:10:28.462 [warning] [Git][getBranch] No such branch: master
2024-09-16 16:10:43.171 [info] [Git][getRemotes] No remotes found in the git config file
2024-09-16 16:10:43.172 [info] > git config --get commit.template [4ms]
2024-09-16 16:10:43.172 [info] > git for-each-ref --format=%(refname)%00%(upstream:short)%00%(objectname)%00%(upstream:track)%00%(upstream:remotename)%00%(upstream:remoteref) refs/heads/master refs/remotes/master [1ms]
2024-09-16 16:10:43.172 [warning] [Git][getBranch] No such branch: master
2024-09-16 16:10:43.176 [info] > git status -z -uall [1ms]
2024-09-16 16:10:43.180 [info] > git for-each-ref --format=%(refname)%00%(upstream:short)%00%(objectname)%00%(upstream:track)%00%(upstream:remotename)%00%(upstream:remoteref) refs/heads/master refs/remotes/master [1ms]
2024-09-16 16:10:43.180 [warning] [Git][getBranch] No such branch: master
2024-09-16 16:10:55.593 [info] > git show --textconv :src/speech_to_text.rs [5ms]
2024-09-16 16:10:55.593 [info] > git ls-files --stage -- /home/arch/Projects/Rust/voice/src/speech_to_text.rs [1ms]
2024-09-16 16:10:57.465 [info] > git show --textconv :src/main.rs [5ms]
2024-09-16 16:10:57.466 [info] > git ls-files --stage -- /home/arch/Projects/Rust/voice/src/main.rs [1ms]
2024-09-16 16:11:01.579 [info] [Git][getRemotes] No remotes found in the git config file
2024-09-16 16:11:01.579 [info] > git config --get commit.template [4ms]
2024-09-16 16:11:01.580 [info] > git for-each-ref --format=%(refname)%00%(upstream:short)%00%(objectname)%00%(upstream:track)%00%(upstream:remotename)%00%(upstream:remoteref) refs/heads/master refs/remotes/master [1ms]
2024-09-16 16:11:01.580 [warning] [Git][getBranch] No such branch: master
2024-09-16 16:11:01.586 [info] > git status -z -uall [1ms]
2024-09-16 16:11:01.591 [info] > git for-each-ref --format=%(refname)%00%(upstream:short)%00%(objectname)%00%(upstream:track)%00%(upstream:remotename)%00%(upstream:remoteref) refs/heads/master refs/remotes/master [2ms]
2024-09-16 16:11:01.591 [warning] [Git][getBranch] No such branch: master
2024-09-16 16:11:04.079 [info] > git show --textconv :src/speech_to_text.rs [4ms]
2024-09-16 16:11:04.080 [info] > git ls-files --stage -- /home/arch/Projects/Rust/voice/src/speech_to_text.rs [1ms]
2024-09-16 16:11:29.904 [info] [Git][getRemotes] No remotes found in the git config file
2024-09-16 16:11:29.904 [info] > git config --get commit.template [4ms]
2024-09-16 16:11:29.905 [info] > git for-each-ref --format=%(refname)%00%(upstream:short)%00%(objectname)%00%(upstream:track)%00%(upstream:remotename)%00%(upstream:remoteref) refs/heads/master refs/remotes/master [1ms]
2024-09-16 16:11:29.905 [warning] [Git][getBranch] No such branch: master
2024-09-16 16:11:29.909 [info] > git status -z -uall [1ms]
2024-09-16 16:11:29.914 [info] > git for-each-ref --format=%(refname)%00%(upstream:short)%00%(objectname)%00%(upstream:track)%00%(upstream:remotename)%00%(upstream:remoteref) refs/heads/master refs/remotes/master [1ms]
2024-09-16 16:11:29.914 [warning] [Git][getBranch] No such branch: master
2024-09-16 16:11:44.583 [info] > git show --textconv :src/main.rs [5ms]
2024-09-16 16:11:44.583 [info] > git ls-files --stage -- /home/arch/Projects/Rust/voice/src/main.rs [1ms]
2024-09-16 16:11:45.341 [info] [Git][getRemotes] No remotes found in the git config file
2024-09-16 16:11:45.342 [info] > git config --get commit.template [3ms]
2024-09-16 16:11:45.342 [info] > git for-each-ref --format=%(refname)%00%(upstream:short)%00%(objectname)%00%(upstream:track)%00%(upstream:remotename)%00%(upstream:remoteref) refs/heads/master refs/remotes/master [1ms]
2024-09-16 16:11:45.342 [warning] [Git][getBranch] No such branch: master
2024-09-16 16:11:45.346 [info] > git status -z -uall [1ms]
2024-09-16 16:11:45.350 [info] > git for-each-ref --format=%(refname)%00%(upstream:short)%00%(objectname)%00%(upstream:track)%00%(upstream:remotename)%00%(upstream:remoteref) refs/heads/master refs/remotes/master [1ms]
2024-09-16 16:11:45.350 [warning] [Git][getBranch] No such branch: master
2024-09-16 16:11:56.311 [info] [Git][getRemotes] No remotes found in the git config file
2024-09-16 16:11:56.311 [info] > git config --get commit.template [4ms]
2024-09-16 16:11:56.312 [info] > git for-each-ref --format=%(refname)%00%(upstream:short)%00%(objectname)%00%(upstream:track)%00%(upstream:remotename)%00%(upstream:remoteref) refs/heads/master refs/remotes/master [1ms]
2024-09-16 16:11:56.312 [warning] [Git][getBranch] No such branch: master
2024-09-16 16:11:56.316 [info] > git status -z -uall [1ms]
2024-09-16 16:11:56.320 [info] > git for-each-ref --format=%(refname)%00%(upstream:short)%00%(objectname)%00%(upstream:track)%00%(upstream:remotename)%00%(upstream:remoteref) refs/heads/master refs/remotes/master [0ms]
2024-09-16 16:11:56.320 [warning] [Git][getBranch] No such branch: master
2024-09-16 16:12:08.641 [info] [Git][getRemotes] No remotes found in the git config file
2024-09-16 16:12:08.641 [info] > git config --get commit.template [4ms]
2024-09-16 16:12:08.642 [info] > git for-each-ref --format=%(refname)%00%(upstream:short)%00%(objectname)%00%(upstream:track)%00%(upstream:remotename)%00%(upstream:remoteref) refs/heads/master refs/remotes/master [1ms]
2024-09-16 16:12:08.642 [warning] [Git][getBranch] No such branch: master
2024-09-16 16:12:08.646 [info] > git status -z -uall [1ms]
2024-09-16 16:12:08.650 [info] > git for-each-ref --format=%(refname)%00%(upstream:short)%00%(objectname)%00%(upstream:track)%00%(upstream:remotename)%00%(upstream:remoteref) refs/heads/master refs/remotes/master [1ms]
2024-09-16 16:12:08.650 [warning] [Git][getBranch] No such branch: master
2024-09-16 16:12:22.519 [info] > git show --textconv :src/speech_to_text.rs [4ms]
2024-09-16 16:12:22.520 [info] > git ls-files --stage -- /home/arch/Projects/Rust/voice/src/speech_to_text.rs [1ms]
2024-09-16 16:12:59.294 [info] > git show --textconv :src/speech_to_text.rs [3ms]
2024-09-16 16:12:59.295 [info] > git ls-files --stage -- /home/arch/Projects/Rust/voice/src/speech_to_text.rs [1ms]
2024-09-16 16:13:03.677 [info] > git show --textconv :src/main.rs [4ms]
2024-09-16 16:13:03.677 [info] > git ls-files --stage -- /home/arch/Projects/Rust/voice/src/main.rs [0ms]
2024-09-16 16:13:09.652 [info] [Git][getRemotes] No remotes found in the git config file
2024-09-16 16:13:09.653 [info] > git config --get commit.template [5ms]
2024-09-16 16:13:09.653 [info] > git for-each-ref --format=%(refname)%00%(upstream:short)%00%(objectname)%00%(upstream:track)%00%(upstream:remotename)%00%(upstream:remoteref) refs/heads/master refs/remotes/master [1ms]
2024-09-16 16:13:09.653 [warning] [Git][getBranch] No such branch: master
2024-09-16 16:13:09.657 [info] > git status -z -uall [0ms]
2024-09-16 16:13:09.662 [info] > git for-each-ref --format=%(refname)%00%(upstream:short)%00%(objectname)%00%(upstream:track)%00%(upstream:remotename)%00%(upstream:remoteref) refs/heads/master refs/remotes/master [1ms]
2024-09-16 16:13:09.662 [warning] [Git][getBranch] No such branch: master
2024-09-16 16:13:15.418 [info] [Git][getRemotes] No remotes found in the git config file
2024-09-16 16:13:15.418 [info] > git config --get commit.template [4ms]
2024-09-16 16:13:15.418 [info] > git for-each-ref --format=%(refname)%00%(upstream:short)%00%(objectname)%00%(upstream:track)%00%(upstream:remotename)%00%(upstream:remoteref) refs/heads/master refs/remotes/master [0ms]
2024-09-16 16:13:15.418 [warning] [Git][getBranch] No such branch: master
2024-09-16 16:13:15.423 [info] > git status -z -uall [1ms]
2024-09-16 16:13:15.428 [info] > git for-each-ref --format=%(refname)%00%(upstream:short)%00%(objectname)%00%(upstream:track)%00%(upstream:remotename)%00%(upstream:remoteref) refs/heads/master refs/remotes/master [1ms]
2024-09-16 16:13:15.428 [warning] [Git][getBranch] No such branch: master
2024-09-16 16:13:20.437 [info] [Git][getRemotes] No remotes found in the git config file
2024-09-16 16:13:20.441 [info] > git config --get commit.template [4ms]
2024-09-16 16:13:20.447 [info] > git for-each-ref --format=%(refname)%00%(upstream:short)%00%(objectname)%00%(upstream:track)%00%(upstream:remotename)%00%(upstream:remoteref) refs/heads/master refs/remotes/master [7ms]
2024-09-16 16:13:20.447 [warning] [Git][getBranch] No such branch: master
2024-09-16 16:13:20.451 [info] > git status -z -uall [1ms]
2024-09-16 16:13:20.455 [info] > git for-each-ref --format=%(refname)%00%(upstream:short)%00%(objectname)%00%(upstream:track)%00%(upstream:remotename)%00%(upstream:remoteref) refs/heads/master refs/remotes/master [0ms]
2024-09-16 16:13:20.455 [warning] [Git][getBranch] No such branch: master
2024-09-16 16:13:26.151 [info] [Git][getRemotes] No remotes found in the git config file
2024-09-16 16:13:26.156 [info] > git config --get commit.template [5ms]
2024-09-16 16:13:26.156 [info] > git for-each-ref --format=%(refname)%00%(upstream:short)%00%(objectname)%00%(upstream:track)%00%(upstream:remotename)%00%(upstream:remoteref) refs/heads/master refs/remotes/master [1ms]
2024-09-16 16:13:26.156 [warning] [Git][getBranch] No such branch: master
2024-09-16 16:13:26.161 [info] > git status -z -uall [1ms]
2024-09-16 16:13:26.165 [info] > git for-each-ref --format=%(refname)%00%(upstream:short)%00%(objectname)%00%(upstream:track)%00%(upstream:remotename)%00%(upstream:remoteref) refs/heads/master refs/remotes/master [1ms]
2024-09-16 16:13:26.165 [warning] [Git][getBranch] No such branch: master
2024-09-16 16:13:35.344 [info] > git show --textconv :src/audio.rs [4ms]
2024-09-16 16:13:35.345 [info] > git ls-files --stage -- /home/arch/Projects/Rust/voice/src/audio.rs [1ms]
2024-09-16 16:13:38.398 [info] [Git][getRemotes] No remotes found in the git config file
2024-09-16 16:13:38.399 [info] > git config --get commit.template [3ms]
2024-09-16 16:13:38.399 [info] > git for-each-ref --format=%(refname)%00%(upstream:short)%00%(objectname)%00%(upstream:track)%00%(upstream:remotename)%00%(upstream:remoteref) refs/heads/master refs/remotes/master [1ms]
2024-09-16 16:13:38.399 [warning] [Git][getBranch] No such branch: master
2024-09-16 16:13:38.403 [info] > git status -z -uall [1ms]
2024-09-16 16:13:38.408 [info] > git for-each-ref --format=%(refname)%00%(upstream:short)%00%(objectname)%00%(upstream:track)%00%(upstream:remotename)%00%(upstream:remoteref) refs/heads/master refs/remotes/master [1ms]
2024-09-16 16:13:38.408 [warning] [Git][getBranch] No such branch: master
2024-09-16 16:13:44.113 [info] > git show --textconv :src/main.rs [5ms]
2024-09-16 16:13:44.113 [info] > git ls-files --stage -- /home/arch/Projects/Rust/voice/src/main.rs [1ms]
2024-09-16 16:13:48.843 [info] [Git][getRemotes] No remotes found in the git config file
2024-09-16 16:13:48.843 [info] > git config --get commit.template [4ms]
2024-09-16 16:13:48.844 [info] > git for-each-ref --format=%(refname)%00%(upstream:short)%00%(objectname)%00%(upstream:track)%00%(upstream:remotename)%00%(upstream:remoteref) refs/heads/master refs/remotes/master [1ms]
2024-09-16 16:13:48.844 [warning] [Git][getBranch] No such branch: master
2024-09-16 16:13:48.848 [info] > git status -z -uall [1ms]
2024-09-16 16:13:48.852 [info] > git for-each-ref --format=%(refname)%00%(upstream:short)%00%(objectname)%00%(upstream:track)%00%(upstream:remotename)%00%(upstream:remoteref) refs/heads/master refs/remotes/master [1ms]
2024-09-16 16:13:48.852 [warning] [Git][getBranch] No such branch: master
2024-09-16 16:13:50.397 [info] > git show --textconv :Cargo.toml [4ms]
2024-09-16 16:13:50.397 [info] > git ls-files --stage -- /home/arch/Projects/Rust/voice/Cargo.toml [0ms]
2024-09-16 16:13:53.863 [info] [Git][getRemotes] No remotes found in the git config file
2024-09-16 16:13:53.863 [info] > git config --get commit.template [4ms]
2024-09-16 16:13:53.864 [info] > git for-each-ref --format=%(refname)%00%(upstream:short)%00%(objectname)%00%(upstream:track)%00%(upstream:remotename)%00%(upstream:remoteref) refs/heads/master refs/remotes/master [1ms]
2024-09-16 16:13:53.864 [warning] [Git][getBranch] No such branch: master
2024-09-16 16:13:53.868 [info] > git status -z -uall [1ms]
2024-09-16 16:13:53.873 [info] > git for-each-ref --format=%(refname)%00%(upstream:short)%00%(objectname)%00%(upstream:track)%00%(upstream:remotename)%00%(upstream:remoteref) refs/heads/master refs/remotes/master [1ms]
2024-09-16 16:13:53.873 [warning] [Git][getBranch] No such branch: master
2024-09-16 16:13:59.988 [info] > git show --textconv :Cargo.toml [4ms]
2024-09-16 16:13:59.989 [info] > git ls-files --stage -- /home/arch/Projects/Rust/voice/Cargo.toml [1ms]
2024-09-16 16:14:01.584 [info] > git show --textconv :src/main.rs [4ms]
2024-09-16 16:14:01.584 [info] > git ls-files --stage -- /home/arch/Projects/Rust/voice/src/main.rs [0ms]
2024-09-16 16:14:07.614 [info] [Git][getRemotes] No remotes found in the git config file
2024-09-16 16:14:07.614 [info] > git config --get commit.template [5ms]
2024-09-16 16:14:07.615 [info] > git for-each-ref --format=%(refname)%00%(upstream:short)%00%(objectname)%00%(upstream:track)%00%(upstream:remotename)%00%(upstream:remoteref) refs/heads/master refs/remotes/master [2ms]
2024-09-16 16:14:07.615 [warning] [Git][getBranch] No such branch: master
2024-09-16 16:14:07.619 [info] > git status -z -uall [1ms]
2024-09-16 16:14:07.623 [info] > git for-each-ref --format=%(refname)%00%(upstream:short)%00%(objectname)%00%(upstream:track)%00%(upstream:remotename)%00%(upstream:remoteref) refs/heads/master refs/remotes/master [1ms]
2024-09-16 16:14:07.623 [warning] [Git][getBranch] No such branch: master
2024-09-16 16:14:20.091 [info] [Git][getRemotes] No remotes found in the git config file
2024-09-16 16:14:20.092 [info] > git config --get commit.template [5ms]
2024-09-16 16:14:20.092 [info] > git for-each-ref --format=%(refname)%00%(upstream:short)%00%(objectname)%00%(upstream:track)%00%(upstream:remotename)%00%(upstream:remoteref) refs/heads/master refs/remotes/master [1ms]
2024-09-16 16:14:20.092 [warning] [Git][getBranch] No such branch: master
2024-09-16 16:14:20.096 [info] > git status -z -uall [1ms]
2024-09-16 16:14:20.101 [info] > git for-each-ref --format=%(refname)%00%(upstream:short)%00%(objectname)%00%(upstream:track)%00%(upstream:remotename)%00%(upstream:remoteref) refs/heads/master refs/remotes/master [1ms]
2024-09-16 16:14:20.101 [warning] [Git][getBranch] No such branch: master
2024-09-16 16:14:32.417 [info] [Git][getRemotes] No remotes found in the git config file
2024-09-16 16:14:32.417 [info] > git config --get commit.template [4ms]
2024-09-16 16:14:32.417 [info] > git for-each-ref --format=%(refname)%00%(upstream:short)%00%(objectname)%00%(upstream:track)%00%(upstream:remotename)%00%(upstream:remoteref) refs/heads/master refs/remotes/master [0ms]
2024-09-16 16:14:32.417 [warning] [Git][getBranch] No such branch: master
2024-09-16 16:14:32.421 [info] > git status -z -uall [0ms]
2024-09-16 16:14:32.426 [info] > git for-each-ref --format=%(refname)%00%(upstream:short)%00%(objectname)%00%(upstream:track)%00%(upstream:remotename)%00%(upstream:remoteref) refs/heads/master refs/remotes/master [1ms]
2024-09-16 16:14:32.426 [warning] [Git][getBranch] No such branch: master
2024-09-16 16:14:37.436 [info] [Git][getRemotes] No remotes found in the git config file
2024-09-16 16:14:37.440 [info] > git config --get commit.template [5ms]
2024-09-16 16:14:37.440 [info] > git for-each-ref --format=%(refname)%00%(upstream:short)%00%(objectname)%00%(upstream:track)%00%(upstream:remotename)%00%(upstream:remoteref) refs/heads/master refs/remotes/master [1ms]
2024-09-16 16:14:37.440 [warning] [Git][getBranch] No such branch: master
2024-09-16 16:14:37.444 [info] > git status -z -uall [0ms]
2024-09-16 16:14:37.449 [info] > git for-each-ref --format=%(refname)%00%(upstream:short)%00%(objectname)%00%(upstream:track)%00%(upstream:remotename)%00%(upstream:remoteref) refs/heads/master refs/remotes/master [1ms]
2024-09-16 16:14:37.449 [warning] [Git][getBranch] No such branch: master
2024-09-16 16:14:45.674 [info] [Git][getRemotes] No remotes found in the git config file
2024-09-16 16:14:45.674 [info] > git config --get commit.template [4ms]
2024-09-16 16:14:45.675 [info] > git for-each-ref --format=%(refname)%00%(upstream:short)%00%(objectname)%00%(upstream:track)%00%(upstream:remotename)%00%(upstream:remoteref) refs/heads/master refs/remotes/master [1ms]
2024-09-16 16:14:45.675 [warning] [Git][getBranch] No such branch: master
2024-09-16 16:14:45.679 [info] > git status -z -uall [1ms]
2024-09-16 16:14:45.683 [info] > git for-each-ref --format=%(refname)%00%(upstream:short)%00%(objectname)%00%(upstream:track)%00%(upstream:remotename)%00%(upstream:remoteref) refs/heads/master refs/remotes/master [1ms]
2024-09-16 16:14:45.683 [warning] [Git][getBranch] No such branch: master
2024-09-16 16:15:05.709 [info] [Git][getRemotes] No remotes found in the git config file
2024-09-16 16:15:05.710 [info] > git config --get commit.template [5ms]
2024-09-16 16:15:05.710 [info] > git for-each-ref --format=%(refname)%00%(upstream:short)%00%(objectname)%00%(upstream:track)%00%(upstream:remotename)%00%(upstream:remoteref) refs/heads/master refs/remotes/master [1ms]
2024-09-16 16:15:05.710 [warning] [Git][getBranch] No such branch: master
2024-09-16 16:15:05.715 [info] > git status -z -uall [1ms]
2024-09-16 16:15:05.719 [info] > git for-each-ref --format=%(refname)%00%(upstream:short)%00%(objectname)%00%(upstream:track)%00%(upstream:remotename)%00%(upstream:remoteref) refs/heads/master refs/remotes/master [1ms]
2024-09-16 16:15:05.719 [warning] [Git][getBranch] No such branch: master
2024-09-16 16:15:06.875 [info] > git show --textconv :src/speech_to_text.rs [5ms]
2024-09-16 16:15:06.875 [info] > git ls-files --stage -- /home/arch/Projects/Rust/voice/src/speech_to_text.rs [1ms]
2024-09-16 16:15:12.857 [info] > git show --textconv :src/speech_to_text.rs [4ms]
2024-09-16 16:15:12.857 [info] > git ls-files --stage -- /home/arch/Projects/Rust/voice/src/speech_to_text.rs [0ms]
2024-09-16 16:15:16.220 [info] > git show --textconv :src/audio.rs [5ms]
2024-09-16 16:15:16.220 [info] > git ls-files --stage -- /home/arch/Projects/Rust/voice/src/audio.rs [1ms]
2024-09-16 16:15:44.726 [info] [Git][getRemotes] No remotes found in the git config file
2024-09-16 16:15:44.726 [info] > git config --get commit.template [4ms]
2024-09-16 16:15:44.727 [info] > git for-each-ref --format=%(refname)%00%(upstream:short)%00%(objectname)%00%(upstream:track)%00%(upstream:remotename)%00%(upstream:remoteref) refs/heads/master refs/remotes/master [1ms]
2024-09-16 16:15:44.727 [warning] [Git][getBranch] No such branch: master
2024-09-16 16:15:44.731 [info] > git status -z -uall [1ms]
2024-09-16 16:15:44.735 [info] > git for-each-ref --format=%(refname)%00%(upstream:short)%00%(objectname)%00%(upstream:track)%00%(upstream:remotename)%00%(upstream:remoteref) refs/heads/master refs/remotes/master [0ms]
2024-09-16 16:15:44.735 [warning] [Git][getBranch] No such branch: master
2024-09-16 16:16:08.317 [info] [Git][getRemotes] No remotes found in the git config file
2024-09-16 16:16:08.318 [info] > git config --get commit.template [5ms]
2024-09-16 16:16:08.318 [info] > git for-each-ref --format=%(refname)%00%(upstream:short)%00%(objectname)%00%(upstream:track)%00%(upstream:remotename)%00%(upstream:remoteref) refs/heads/master refs/remotes/master [1ms]
2024-09-16 16:16:08.318 [warning] [Git][getBranch] No such branch: master
2024-09-16 16:16:08.322 [info] > git status -z -uall [1ms]
2024-09-16 16:16:08.327 [info] > git for-each-ref --format=%(refname)%00%(upstream:short)%00%(objectname)%00%(upstream:track)%00%(upstream:remotename)%00%(upstream:remoteref) refs/heads/master refs/remotes/master [0ms]
2024-09-16 16:16:08.327 [warning] [Git][getBranch] No such branch: master
2024-09-16 16:16:13.406 [info] > git show --textconv :src/speech_to_text.rs [4ms]
2024-09-16 16:16:13.407 [info] > git ls-files --stage -- /home/arch/Projects/Rust/voice/src/speech_to_text.rs [1ms]
2024-09-16 16:16:25.923 [info] > git show --textconv :src/audio.rs [5ms]
2024-09-16 16:16:25.923 [info] > git ls-files --stage -- /home/arch/Projects/Rust/voice/src/audio.rs [1ms]
2024-09-16 16:17:02.554 [info] [Git][getRemotes] No remotes found in the git config file
2024-09-16 16:17:02.554 [info] > git config --get commit.template [4ms]
2024-09-16 16:17:02.554 [info] > git for-each-ref --format=%(refname)%00%(upstream:short)%00%(objectname)%00%(upstream:track)%00%(upstream:remotename)%00%(upstream:remoteref) refs/heads/master refs/remotes/master [0ms]
2024-09-16 16:17:02.554 [warning] [Git][getBranch] No such branch: master
2024-09-16 16:17:02.558 [info] > git status -z -uall [1ms]
2024-09-16 16:17:02.562 [info] > git for-each-ref --format=%(refname)%00%(upstream:short)%00%(objectname)%00%(upstream:track)%00%(upstream:remotename)%00%(upstream:remoteref) refs/heads/master refs/remotes/master [1ms]
2024-09-16 16:17:02.562 [warning] [Git][getBranch] No such branch: master
2024-09-16 16:17:09.997 [info] > git show --textconv :src/speech_to_text.rs [5ms]
2024-09-16 16:17:09.997 [info] > git ls-files --stage -- /home/arch/Projects/Rust/voice/src/speech_to_text.rs [1ms]
2024-09-16 16:17:25.843 [info] [Git][getRemotes] No remotes found in the git config file
2024-09-16 16:17:25.843 [info] > git config --get commit.template [4ms]
2024-09-16 16:17:25.844 [info] > git for-each-ref --format=%(refname)%00%(upstream:short)%00%(objectname)%00%(upstream:track)%00%(upstream:remotename)%00%(upstream:remoteref) refs/heads/master refs/remotes/master [1ms]
2024-09-16 16:17:25.844 [warning] [Git][getBranch] No such branch: master
2024-09-16 16:17:25.848 [info] > git status -z -uall [1ms]
2024-09-16 16:17:25.852 [info] > git for-each-ref --format=%(refname)%00%(upstream:short)%00%(objectname)%00%(upstream:track)%00%(upstream:remotename)%00%(upstream:remoteref) refs/heads/master refs/remotes/master [1ms]
2024-09-16 16:17:25.852 [warning] [Git][getBranch] No such branch: master
2024-09-16 16:17:26.832 [info] > git show --textconv :src/main.rs [5ms]
2024-09-16 16:17:26.832 [info] > git ls-files --stage -- /home/arch/Projects/Rust/voice/src/main.rs [0ms]
2024-09-16 16:17:33.866 [info] [Git][getRemotes] No remotes found in the git config file
2024-09-16 16:17:33.867 [info] > git config --get commit.template [5ms]
2024-09-16 16:17:33.867 [info] > git for-each-ref --format=%(refname)%00%(upstream:short)%00%(objectname)%00%(upstream:track)%00%(upstream:remotename)%00%(upstream:remoteref) refs/heads/master refs/remotes/master [1ms]
2024-09-16 16:17:33.867 [warning] [Git][getBranch] No such branch: master
2024-09-16 16:17:33.871 [info] > git status -z -uall [0ms]
2024-09-16 16:17:33.876 [info] > git for-each-ref --format=%(refname)%00%(upstream:short)%00%(objectname)%00%(upstream:track)%00%(upstream:remotename)%00%(upstream:remoteref) refs/heads/master refs/remotes/master [1ms]
2024-09-16 16:17:33.876 [warning] [Git][getBranch] No such branch: master
2024-09-16 16:17:38.884 [info] [Git][getRemotes] No remotes found in the git config file
2024-09-16 16:17:38.887 [info] > git config --get commit.template [4ms]
2024-09-16 16:17:38.888 [info] > git for-each-ref --format=%(refname)%00%(upstream:short)%00%(objectname)%00%(upstream:track)%00%(upstream:remotename)%00%(upstream:remoteref) refs/heads/master refs/remotes/master [1ms]
2024-09-16 16:17:38.888 [warning] [Git][getBranch] No such branch: master
2024-09-16 16:17:38.892 [info] > git status -z -uall [1ms]
2024-09-16 16:17:38.896 [info] > git for-each-ref --format=%(refname)%00%(upstream:short)%00%(objectname)%00%(upstream:track)%00%(upstream:remotename)%00%(upstream:remoteref) refs/heads/master refs/remotes/master [0ms]
2024-09-16 16:17:38.896 [warning] [Git][getBranch] No such branch: master
2024-09-16 16:17:42.931 [info] > git show --textconv :src/speech_to_text.rs [4ms]
2024-09-16 16:17:42.931 [info] > git ls-files --stage -- /home/arch/Projects/Rust/voice/src/speech_to_text.rs [0ms]
2024-09-16 16:20:36.204 [info] [Git][getRemotes] No remotes found in the git config file
2024-09-16 16:20:36.204 [info] > git config --get commit.template [4ms]
2024-09-16 16:20:36.204 [info] > git for-each-ref --format=%(refname)%00%(upstream:short)%00%(objectname)%00%(upstream:track)%00%(upstream:remotename)%00%(upstream:remoteref) refs/heads/master refs/remotes/master [0ms]
2024-09-16 16:20:36.204 [warning] [Git][getBranch] No such branch: master
2024-09-16 16:20:36.209 [info] > git status -z -uall [0ms]
2024-09-16 16:20:36.213 [info] > git for-each-ref --format=%(refname)%00%(upstream:short)%00%(objectname)%00%(upstream:track)%00%(upstream:remotename)%00%(upstream:remoteref) refs/heads/master refs/remotes/master [1ms]
2024-09-16 16:20:36.213 [warning] [Git][getBranch] No such branch: master
2024-09-16 16:20:46.754 [info] > git show --textconv :src/audio.rs [4ms]
2024-09-16 16:20:46.754 [info] > git ls-files --stage -- /home/arch/Projects/Rust/voice/src/audio.rs [0ms]
2024-09-16 16:21:17.569 [info] [Git][getRemotes] No remotes found in the git config file
2024-09-16 16:21:17.569 [info] > git config --get commit.template [4ms]
2024-09-16 16:21:17.570 [info] > git for-each-ref --format=%(refname)%00%(upstream:short)%00%(objectname)%00%(upstream:track)%00%(upstream:remotename)%00%(upstream:remoteref) refs/heads/master refs/remotes/master [1ms]
2024-09-16 16:21:17.570 [warning] [Git][getBranch] No such branch: master
2024-09-16 16:21:17.573 [info] > git status -z -uall [0ms]
2024-09-16 16:21:17.578 [info] > git for-each-ref --format=%(refname)%00%(upstream:short)%00%(objectname)%00%(upstream:track)%00%(upstream:remotename)%00%(upstream:remoteref) refs/heads/master refs/remotes/master [1ms]
2024-09-16 16:21:17.578 [warning] [Git][getBranch] No such branch: master
2024-09-16 16:21:18.646 [info] > git show --textconv :Cargo.toml [5ms]
2024-09-16 16:21:18.647 [info] > git ls-files --stage -- /home/arch/Projects/Rust/voice/Cargo.toml [1ms]
2024-09-16 16:21:19.344 [info] > git show --textconv :src/main.rs [4ms]
2024-09-16 16:21:19.344 [info] > git ls-files --stage -- /home/arch/Projects/Rust/voice/src/main.rs [1ms]
2024-09-16 16:21:23.506 [info] [Git][getRemotes] No remotes found in the git config file
2024-09-16 16:21:23.507 [info] > git config --get commit.template [4ms]
2024-09-16 16:21:23.507 [info] > git for-each-ref --format=%(refname)%00%(upstream:short)%00%(objectname)%00%(upstream:track)%00%(upstream:remotename)%00%(upstream:remoteref) refs/heads/master refs/remotes/master [1ms]
2024-09-16 16:21:23.507 [warning] [Git][getBranch] No such branch: master
2024-09-16 16:21:23.512 [info] > git status -z -uall [1ms]
2024-09-16 16:21:23.516 [info] > git for-each-ref --format=%(refname)%00%(upstream:short)%00%(objectname)%00%(upstream:track)%00%(upstream:remotename)%00%(upstream:remoteref) refs/heads/master refs/remotes/master [0ms]
2024-09-16 16:21:23.516 [warning] [Git][getBranch] No such branch: master
2024-09-16 16:21:26.554 [info] > git show --textconv :src/audio.rs [4ms]
2024-09-16 16:21:26.555 [info] > git ls-files --stage -- /home/arch/Projects/Rust/voice/src/audio.rs [1ms]
2024-09-16 16:21:53.505 [info] [Git][getRemotes] No remotes found in the git config file
2024-09-16 16:21:53.506 [info] > git config --get commit.template [5ms]
2024-09-16 16:21:53.506 [info] > git for-each-ref --format=%(refname)%00%(upstream:short)%00%(objectname)%00%(upstream:track)%00%(upstream:remotename)%00%(upstream:remoteref) refs/heads/master refs/remotes/master [1ms]
2024-09-16 16:21:53.507 [warning] [Git][getBranch] No such branch: master
2024-09-16 16:21:53.510 [info] > git status -z -uall [1ms]
2024-09-16 16:21:53.514 [info] > git for-each-ref --format=%(refname)%00%(upstream:short)%00%(objectname)%00%(upstream:track)%00%(upstream:remotename)%00%(upstream:remoteref) refs/heads/master refs/remotes/master [1ms]
2024-09-16 16:21:53.514 [warning] [Git][getBranch] No such branch: master
2024-09-16 16:22:29.821 [info] [Git][getRemotes] No remotes found in the git config file
2024-09-16 16:22:29.821 [info] > git config --get commit.template [5ms]
2024-09-16 16:22:29.821 [info] > git for-each-ref --format=%(refname)%00%(upstream:short)%00%(objectname)%00%(upstream:track)%00%(upstream:remotename)%00%(upstream:remoteref) refs/heads/master refs/remotes/master [0ms]
2024-09-16 16:22:29.821 [warning] [Git][getBranch] No such branch: master
2024-09-16 16:22:29.826 [info] > git status -z -uall [1ms]
2024-09-16 16:22:29.831 [info] > git for-each-ref --format=%(refname)%00%(upstream:short)%00%(objectname)%00%(upstream:track)%00%(upstream:remotename)%00%(upstream:remoteref) refs/heads/master refs/remotes/master [1ms]
2024-09-16 16:22:29.831 [warning] [Git][getBranch] No such branch: master
2024-09-16 16:22:43.805 [info] [Git][getRemotes] No remotes found in the git config file
2024-09-16 16:22:43.805 [info] > git config --get commit.template [4ms]
2024-09-16 16:22:43.806 [info] > git for-each-ref --format=%(refname)%00%(upstream:short)%00%(objectname)%00%(upstream:track)%00%(upstream:remotename)%00%(upstream:remoteref) refs/heads/master refs/remotes/master [1ms]
2024-09-16 16:22:43.806 [warning] [Git][getBranch] No such branch: master
2024-09-16 16:22:43.810 [info] > git status -z -uall [1ms]
2024-09-16 16:22:43.814 [info] > git for-each-ref --format=%(refname)%00%(upstream:short)%00%(objectname)%00%(upstream:track)%00%(upstream:remotename)%00%(upstream:remoteref) refs/heads/master refs/remotes/master [1ms]
2024-09-16 16:22:43.814 [warning] [Git][getBranch] No such branch: master
2024-09-16 16:23:07.980 [info] [Git][getRemotes] No remotes found in the git config file
2024-09-16 16:23:07.980 [info] > git config --get commit.template [4ms]
2024-09-16 16:23:07.980 [info] > git for-each-ref --format=%(refname)%00%(upstream:short)%00%(objectname)%00%(upstream:track)%00%(upstream:remotename)%00%(upstream:remoteref) refs/heads/master refs/remotes/master [0ms]
2024-09-16 16:23:07.980 [warning] [Git][getBranch] No such branch: master
2024-09-16 16:23:07.984 [info] > git status -z -uall [0ms]
2024-09-16 16:23:07.989 [info] > git for-each-ref --format=%(refname)%00%(upstream:short)%00%(objectname)%00%(upstream:track)%00%(upstream:remotename)%00%(upstream:remoteref) refs/heads/master refs/remotes/master [1ms]
2024-09-16 16:23:07.989 [warning] [Git][getBranch] No such branch: master
2024-09-16 16:23:34.207 [info] [Git][getRemotes] No remotes found in the git config file
2024-09-16 16:23:34.211 [info] > git config --get commit.template [4ms]
2024-09-16 16:23:34.211 [info] > git for-each-ref --format=%(refname)%00%(upstream:short)%00%(objectname)%00%(upstream:track)%00%(upstream:remotename)%00%(upstream:remoteref) refs/heads/master refs/remotes/master [1ms]
2024-09-16 16:23:34.211 [warning] [Git][getBranch] No such branch: master
2024-09-16 16:23:34.215 [info] > git status -z -uall [1ms]
2024-09-16 16:23:34.220 [info] > git for-each-ref --format=%(refname)%00%(upstream:short)%00%(objectname)%00%(upstream:track)%00%(upstream:remotename)%00%(upstream:remoteref) refs/heads/master refs/remotes/master [1ms]
2024-09-16 16:23:34.220 [warning] [Git][getBranch] No such branch: master
2024-09-16 16:23:48.938 [info] [Git][getRemotes] No remotes found in the git config file
2024-09-16 16:23:48.938 [info] > git config --get commit.template [4ms]
2024-09-16 16:23:48.939 [info] > git for-each-ref --format=%(refname)%00%(upstream:short)%00%(objectname)%00%(upstream:track)%00%(upstream:remotename)%00%(upstream:remoteref) refs/heads/master refs/remotes/master [1ms]
2024-09-16 16:23:48.939 [warning] [Git][getBranch] No such branch: master
2024-09-16 16:23:48.943 [info] > git status -z -uall [1ms]
2024-09-16 16:23:48.947 [info] > git for-each-ref --format=%(refname)%00%(upstream:short)%00%(objectname)%00%(upstream:track)%00%(upstream:remotename)%00%(upstream:remoteref) refs/heads/master refs/remotes/master [0ms]
2024-09-16 16:23:48.948 [warning] [Git][getBranch] No such branch: master
2024-09-16 16:25:21.537 [info] > git show --textconv :src/speech_to_text.rs [4ms]
2024-09-16 16:25:21.538 [info] > git ls-files --stage -- /home/arch/Projects/Rust/voice/src/speech_to_text.rs [1ms]
2024-09-16 16:25:21.960 [info] [Git][getRemotes] No remotes found in the git config file
2024-09-16 16:25:21.960 [info] > git config --get commit.template [4ms]
2024-09-16 16:25:21.961 [info] > git for-each-ref --format=%(refname)%00%(upstream:short)%00%(objectname)%00%(upstream:track)%00%(upstream:remotename)%00%(upstream:remoteref) refs/heads/master refs/remotes/master [1ms]
2024-09-16 16:25:21.961 [warning] [Git][getBranch] No such branch: master
2024-09-16 16:25:21.965 [info] > git status -z -uall [1ms]
2024-09-16 16:25:21.970 [info] > git for-each-ref --format=%(refname)%00%(upstream:short)%00%(objectname)%00%(upstream:track)%00%(upstream:remotename)%00%(upstream:remoteref) refs/heads/master refs/remotes/master [1ms]
2024-09-16 16:25:21.970 [warning] [Git][getBranch] No such branch: master
2024-09-16 16:25:22.250 [info] > git show --textconv :src/audio.rs [3ms]
2024-09-16 16:25:22.251 [info] > git ls-files --stage -- /home/arch/Projects/Rust/voice/src/audio.rs [1ms]
2024-09-16 16:25:34.553 [info] [Git][getRemotes] No remotes found in the git config file
2024-09-16 16:25:34.553 [info] > git config --get commit.template [5ms]
2024-09-16 16:25:34.553 [info] > git for-each-ref --format=%(refname)%00%(upstream:short)%00%(objectname)%00%(upstream:track)%00%(upstream:remotename)%00%(upstream:remoteref) refs/heads/master refs/remotes/master [0ms]
2024-09-16 16:25:34.553 [warning] [Git][getBranch] No such branch: master
2024-09-16 16:25:34.558 [info] > git status -z -uall [1ms]
2024-09-16 16:25:34.562 [info] > git for-each-ref --format=%(refname)%00%(upstream:short)%00%(objectname)%00%(upstream:track)%00%(upstream:remotename)%00%(upstream:remoteref) refs/heads/master refs/remotes/master [0ms]
2024-09-16 16:25:34.563 [warning] [Git][getBranch] No such branch: master
2024-09-16 16:25:34.780 [info] > git show --textconv :src/speech_to_text.rs [3ms]
2024-09-16 16:25:34.781 [info] > git ls-files --stage -- /home/arch/Projects/Rust/voice/src/speech_to_text.rs [1ms]
2024-09-16 16:26:45.188 [info] [Git][getRemotes] No remotes found in the git config file
2024-09-16 16:26:45.188 [info] > git config --get commit.template [4ms]
2024-09-16 16:26:45.189 [info] > git for-each-ref --format=%(refname)%00%(upstream:short)%00%(objectname)%00%(upstream:track)%00%(upstream:remotename)%00%(upstream:remoteref) refs/heads/master refs/remotes/master [1ms]
2024-09-16 16:26:45.189 [warning] [Git][getBranch] No such branch: master
2024-09-16 16:26:45.193 [info] > git status -z -uall [1ms]
2024-09-16 16:26:45.198 [info] > git for-each-ref --format=%(refname)%00%(upstream:short)%00%(objectname)%00%(upstream:track)%00%(upstream:remotename)%00%(upstream:remoteref) refs/heads/master refs/remotes/master [1ms]
2024-09-16 16:26:45.198 [warning] [Git][getBranch] No such branch: master
2024-09-16 16:26:51.747 [info] [Git][getRemotes] No remotes found in the git config file
2024-09-16 16:26:51.747 [info] > git config --get commit.template [3ms]
2024-09-16 16:26:51.748 [info] > git for-each-ref --format=%(refname)%00%(upstream:short)%00%(objectname)%00%(upstream:track)%00%(upstream:remotename)%00%(upstream:remoteref) refs/heads/master refs/remotes/master [1ms]
2024-09-16 16:26:51.748 [warning] [Git][getBranch] No such branch: master
2024-09-16 16:26:51.753 [info] > git status -z -uall [2ms]
2024-09-16 16:26:51.757 [info] > git for-each-ref --format=%(refname)%00%(upstream:short)%00%(objectname)%00%(upstream:track)%00%(upstream:remotename)%00%(upstream:remoteref) refs/heads/master refs/remotes/master [1ms]
2024-09-16 16:26:51.757 [warning] [Git][getBranch] No such branch: master
2024-09-16 16:27:05.568 [info] [Git][getRemotes] No remotes found in the git config file
2024-09-16 16:27:05.568 [info] > git config --get commit.template [4ms]
2024-09-16 16:27:05.569 [info] > git for-each-ref --format=%(refname)%00%(upstream:short)%00%(objectname)%00%(upstream:track)%00%(upstream:remotename)%00%(upstream:remoteref) refs/heads/master refs/remotes/master [1ms]
2024-09-16 16:27:05.569 [warning] [Git][getBranch] No such branch: master
2024-09-16 16:27:05.573 [info] > git status -z -uall [1ms]
2024-09-16 16:27:05.579 [info] > git for-each-ref --format=%(refname)%00%(upstream:short)%00%(objectname)%00%(upstream:track)%00%(upstream:remotename)%00%(upstream:remoteref) refs/heads/master refs/remotes/master [1ms]
2024-09-16 16:27:05.579 [warning] [Git][getBranch] No such branch: master
2024-09-16 16:27:34.680 [info] [Git][getRemotes] No remotes found in the git config file
2024-09-16 16:27:34.681 [info] > git config --get commit.template [4ms]
2024-09-16 16:27:34.681 [info] > git for-each-ref --format=%(refname)%00%(upstream:short)%00%(objectname)%00%(upstream:track)%00%(upstream:remotename)%00%(upstream:remoteref) refs/heads/master refs/remotes/master [1ms]
2024-09-16 16:27:34.681 [warning] [Git][getBranch] No such branch: master
2024-09-16 16:27:34.685 [info] > git status -z -uall [1ms]
2024-09-16 16:27:34.690 [info] > git for-each-ref --format=%(refname)%00%(upstream:short)%00%(objectname)%00%(upstream:track)%00%(upstream:remotename)%00%(upstream:remoteref) refs/heads/master refs/remotes/master [1ms]
2024-09-16 16:27:34.690 [warning] [Git][getBranch] No such branch: master
2024-09-16 16:27:40.894 [info] > git show --textconv :src/audio.rs [3ms]
2024-09-16 16:27:40.895 [info] > git ls-files --stage -- /home/arch/Projects/Rust/voice/src/audio.rs [1ms]
2024-09-16 16:27:45.420 [info] > git show --textconv :src/speech_to_text.rs [5ms]
2024-09-16 16:27:45.421 [info] > git ls-files --stage -- /home/arch/Projects/Rust/voice/src/speech_to_text.rs [1ms]
2024-09-16 16:28:11.574 [info] [Git][getRemotes] No remotes found in the git config file
2024-09-16 16:28:11.574 [info] > git config --get commit.template [4ms]
2024-09-16 16:28:11.575 [info] > git for-each-ref --format=%(refname)%00%(upstream:short)%00%(objectname)%00%(upstream:track)%00%(upstream:remotename)%00%(upstream:remoteref) refs/heads/master refs/remotes/master [1ms]
2024-09-16 16:28:11.575 [warning] [Git][getBranch] No such branch: master
2024-09-16 16:28:11.579 [info] > git status -z -uall [0ms]
2024-09-16 16:28:11.584 [info] > git for-each-ref --format=%(refname)%00%(upstream:short)%00%(objectname)%00%(upstream:track)%00%(upstream:remotename)%00%(upstream:remoteref) refs/heads/master refs/remotes/master [1ms]
2024-09-16 16:28:11.584 [warning] [Git][getBranch] No such branch: master
2024-09-16 16:28:16.710 [info] > git show --textconv :src/audio.rs [4ms]
2024-09-16 16:28:16.711 [info] > git ls-files --stage -- /home/arch/Projects/Rust/voice/src/audio.rs [1ms]
2024-09-16 16:28:18.519 [info] > git show --textconv :src/main.rs [5ms]
2024-09-16 16:28:18.520 [info] > git ls-files --stage -- /home/arch/Projects/Rust/voice/src/main.rs [1ms]
2024-09-16 16:28:22.077 [info] > git show --textconv :src/audio.rs [4ms]
2024-09-16 16:28:22.078 [info] > git ls-files --stage -- /home/arch/Projects/Rust/voice/src/audio.rs [2ms]
2024-09-16 16:28:29.053 [info] > git show --textconv :src/main.rs [4ms]
2024-09-16 16:28:29.053 [info] > git ls-files --stage -- /home/arch/Projects/Rust/voice/src/main.rs [0ms]
2024-09-16 16:28:29.563 [info] [Git][getRemotes] No remotes found in the git config file
2024-09-16 16:28:29.563 [info] > git config --get commit.template [5ms]
2024-09-16 16:28:29.564 [info] > git for-each-ref --format=%(refname)%00%(upstream:short)%00%(objectname)%00%(upstream:track)%00%(upstream:remotename)%00%(upstream:remoteref) refs/heads/master refs/remotes/master [0ms]
2024-09-16 16:28:29.564 [warning] [Git][getBranch] No such branch: master
2024-09-16 16:28:29.568 [info] > git status -z -uall [1ms]
2024-09-16 16:28:29.572 [info] > git for-each-ref --format=%(refname)%00%(upstream:short)%00%(objectname)%00%(upstream:track)%00%(upstream:remotename)%00%(upstream:remoteref) refs/heads/master refs/remotes/master [1ms]
2024-09-16 16:28:29.572 [warning] [Git][getBranch] No such branch: master
2024-09-16 16:28:33.340 [info] > git show --textconv :src/audio.rs [4ms]
2024-09-16 16:28:33.341 [info] > git ls-files --stage -- /home/arch/Projects/Rust/voice/src/audio.rs [1ms]
2024-09-16 16:28:54.016 [info] [Git][getRemotes] No remotes found in the git config file
2024-09-16 16:28:54.020 [info] > git config --get commit.template [4ms]
2024-09-16 16:28:54.021 [info] > git for-each-ref --format=%(refname)%00%(upstream:short)%00%(objectname)%00%(upstream:track)%00%(upstream:remotename)%00%(upstream:remoteref) refs/heads/master refs/remotes/master [1ms]
2024-09-16 16:28:54.021 [warning] [Git][getBranch] No such branch: master
2024-09-16 16:28:54.025 [info] > git status -z -uall [0ms]
2024-09-16 16:28:54.030 [info] > git for-each-ref --format=%(refname)%00%(upstream:short)%00%(objectname)%00%(upstream:track)%00%(upstream:remotename)%00%(upstream:remoteref) refs/heads/master refs/remotes/master [1ms]
2024-09-16 16:28:54.030 [warning] [Git][getBranch] No such branch: master
2024-09-16 16:29:08.817 [info] [Git][getRemotes] No remotes found in the git config file
2024-09-16 16:29:08.818 [info] > git config --get commit.template [3ms]
2024-09-16 16:29:08.818 [info] > git for-each-ref --format=%(refname)%00%(upstream:short)%00%(objectname)%00%(upstream:track)%00%(upstream:remotename)%00%(upstream:remoteref) refs/heads/master refs/remotes/master [1ms]
2024-09-16 16:29:08.818 [warning] [Git][getBranch] No such branch: master
2024-09-16 16:29:08.823 [info] > git status -z -uall [1ms]
2024-09-16 16:29:08.827 [info] > git for-each-ref --format=%(refname)%00%(upstream:short)%00%(objectname)%00%(upstream:track)%00%(upstream:remotename)%00%(upstream:remoteref) refs/heads/master refs/remotes/master [0ms]
2024-09-16 16:29:08.827 [warning] [Git][getBranch] No such branch: master
2024-09-16 16:30:29.507 [info] [Git][getRemotes] No remotes found in the git config file
2024-09-16 16:30:29.507 [info] > git config --get commit.template [4ms]
2024-09-16 16:30:29.507 [info] > git for-each-ref --format=%(refname)%00%(upstream:short)%00%(objectname)%00%(upstream:track)%00%(upstream:remotename)%00%(upstream:remoteref) refs/heads/master refs/remotes/master [0ms]
2024-09-16 16:30:29.508 [warning] [Git][getBranch] No such branch: master
2024-09-16 16:30:29.513 [info] > git status -z -uall [2ms]
2024-09-16 16:30:29.517 [info] > git for-each-ref --format=%(refname)%00%(upstream:short)%00%(objectname)%00%(upstream:track)%00%(upstream:remotename)%00%(upstream:remoteref) refs/heads/master refs/remotes/master [0ms]
2024-09-16 16:30:29.517 [warning] [Git][getBranch] No such branch: master
2024-09-16 16:30:37.118 [info] [Git][getRemotes] No remotes found in the git config file
2024-09-16 16:30:37.118 [info] > git config --get commit.template [4ms]
2024-09-16 16:30:37.118 [info] > git for-each-ref --format=%(refname)%00%(upstream:short)%00%(objectname)%00%(upstream:track)%00%(upstream:remotename)%00%(upstream:remoteref) refs/heads/master refs/remotes/master [1ms]
2024-09-16 16:30:37.118 [warning] [Git][getBranch] No such branch: master
2024-09-16 16:30:37.123 [info] > git status -z -uall [1ms]
2024-09-16 16:30:37.127 [info] > git for-each-ref --format=%(refname)%00%(upstream:short)%00%(objectname)%00%(upstream:track)%00%(upstream:remotename)%00%(upstream:remoteref) refs/heads/master refs/remotes/master [0ms]
2024-09-16 16:30:37.127 [warning] [Git][getBranch] No such branch: master
2024-09-16 16:34:55.517 [info] [Git][getRemotes] No remotes found in the git config file
2024-09-16 16:34:55.518 [info] > git config --get commit.template [5ms]
2024-09-16 16:34:55.518 [info] > git for-each-ref --format=%(refname)%00%(upstream:short)%00%(objectname)%00%(upstream:track)%00%(upstream:remotename)%00%(upstream:remoteref) refs/heads/master refs/remotes/master [1ms]
2024-09-16 16:34:55.519 [warning] [Git][getBranch] No such branch: master
2024-09-16 16:34:55.523 [info] > git status -z -uall [1ms]
2024-09-16 16:34:55.528 [info] > git for-each-ref --format=%(refname)%00%(upstream:short)%00%(objectname)%00%(upstream:track)%00%(upstream:remotename)%00%(upstream:remoteref) refs/heads/master refs/remotes/master [0ms]
2024-09-16 16:34:55.528 [warning] [Git][getBranch] No such branch: master
2024-09-16 16:35:01.693 [info] [Git][getRemotes] No remotes found in the git config file
2024-09-16 16:35:01.694 [info] > git config --get commit.template [4ms]
2024-09-16 16:35:01.694 [info] > git for-each-ref --format=%(refname)%00%(upstream:short)%00%(objectname)%00%(upstream:track)%00%(upstream:remotename)%00%(upstream:remoteref) refs/heads/master refs/remotes/master [1ms]
2024-09-16 16:35:01.694 [warning] [Git][getBranch] No such branch: master
2024-09-16 16:35:01.698 [info] > git status -z -uall [1ms]
2024-09-16 16:35:01.702 [info] > git for-each-ref --format=%(refname)%00%(upstream:short)%00%(objectname)%00%(upstream:track)%00%(upstream:remotename)%00%(upstream:remoteref) refs/heads/master refs/remotes/master [1ms]
2024-09-16 16:35:01.702 [warning] [Git][getBranch] No such branch: master
2024-09-16 16:35:06.711 [info] [Git][getRemotes] No remotes found in the git config file
2024-09-16 16:35:06.711 [info] > git config --get commit.template [3ms]
2024-09-16 16:35:06.712 [info] > git for-each-ref --format=%(refname)%00%(upstream:short)%00%(objectname)%00%(upstream:track)%00%(upstream:remotename)%00%(upstream:remoteref) refs/heads/master refs/remotes/master [1ms]
2024-09-16 16:35:06.712 [warning] [Git][getBranch] No such branch: master
2024-09-16 16:35:06.716 [info] > git status -z -uall [1ms]
2024-09-16 16:35:06.720 [info] > git for-each-ref --format=%(refname)%00%(upstream:short)%00%(objectname)%00%(upstream:track)%00%(upstream:remotename)%00%(upstream:remoteref) refs/heads/master refs/remotes/master [1ms]
2024-09-16 16:35:06.720 [warning] [Git][getBranch] No such branch: master
2024-09-16 16:35:12.362 [info] [Git][getRemotes] No remotes found in the git config file
2024-09-16 16:35:12.362 [info] > git config --get commit.template [4ms]
2024-09-16 16:35:12.363 [info] > git for-each-ref --format=%(refname)%00%(upstream:short)%00%(objectname)%00%(upstream:track)%00%(upstream:remotename)%00%(upstream:remoteref) refs/heads/master refs/remotes/master [1ms]
2024-09-16 16:35:12.363 [warning] [Git][getBranch] No such branch: master
2024-09-16 16:35:12.367 [info] > git status -z -uall [1ms]
2024-09-16 16:35:12.372 [info] > git for-each-ref --format=%(refname)%00%(upstream:short)%00%(objectname)%00%(upstream:track)%00%(upstream:remotename)%00%(upstream:remoteref) refs/heads/master refs/remotes/master [1ms]
2024-09-16 16:35:12.372 [warning] [Git][getBranch] No such branch: master
2024-09-16 16:35:17.380 [info] [Git][getRemotes] No remotes found in the git config file
2024-09-16 16:35:17.384 [info] > git config --get commit.template [5ms]
2024-09-16 16:35:17.384 [info] > git for-each-ref --format=%(refname)%00%(upstream:short)%00%(objectname)%00%(upstream:track)%00%(upstream:remotename)%00%(upstream:remoteref) refs/heads/master refs/remotes/master [1ms]
2024-09-16 16:35:17.384 [warning] [Git][getBranch] No such branch: master
2024-09-16 16:35:17.388 [info] > git status -z -uall [1ms]
2024-09-16 16:35:17.393 [info] > git for-each-ref --format=%(refname)%00%(upstream:short)%00%(objectname)%00%(upstream:track)%00%(upstream:remotename)%00%(upstream:remoteref) refs/heads/master refs/remotes/master [0ms]
2024-09-16 16:35:17.393 [warning] [Git][getBranch] No such branch: master
2024-09-16 16:35:21.371 [info] > git show --textconv :src/main.rs [5ms]
2024-09-16 16:35:21.371 [info] > git ls-files --stage -- /home/arch/Projects/Rust/voice/src/main.rs [1ms]
2024-09-16 16:35:25.437 [info] [Git][getRemotes] No remotes found in the git config file
2024-09-16 16:35:25.437 [info] > git config --get commit.template [4ms]
2024-09-16 16:35:25.438 [info] > git for-each-ref --format=%(refname)%00%(upstream:short)%00%(objectname)%00%(upstream:track)%00%(upstream:remotename)%00%(upstream:remoteref) refs/heads/master refs/remotes/master [1ms]
2024-09-16 16:35:25.438 [warning] [Git][getBranch] No such branch: master
2024-09-16 16:35:25.442 [info] > git status -z -uall [1ms]
2024-09-16 16:35:25.447 [info] > git for-each-ref --format=%(refname)%00%(upstream:short)%00%(objectname)%00%(upstream:track)%00%(upstream:remotename)%00%(upstream:remoteref) refs/heads/master refs/remotes/master [1ms]
2024-09-16 16:35:25.447 [warning] [Git][getBranch] No such branch: master
2024-09-16 16:35:30.459 [info] [Git][getRemotes] No remotes found in the git config file
2024-09-16 16:35:30.460 [info] > git config --get commit.template [5ms]
2024-09-16 16:35:30.460 [info] > git for-each-ref --format=%(refname)%00%(upstream:short)%00%(objectname)%00%(upstream:track)%00%(upstream:remotename)%00%(upstream:remoteref) refs/heads/master refs/remotes/master [1ms]
2024-09-16 16:35:30.460 [warning] [Git][getBranch] No such branch: master
2024-09-16 16:35:30.465 [info] > git status -z -uall [1ms]
2024-09-16 16:35:30.470 [info] > git for-each-ref --format=%(refname)%00%(upstream:short)%00%(objectname)%00%(upstream:track)%00%(upstream:remotename)%00%(upstream:remoteref) refs/heads/master refs/remotes/master [1ms]
2024-09-16 16:35:30.470 [warning] [Git][getBranch] No such branch: master
2024-09-16 19:02:43.865 [info] > git show --textconv :src/speech_to_text.rs [4ms]
2024-09-16 19:02:43.866 [info] > git ls-files --stage -- /home/arch/Projects/Rust/voice/src/speech_to_text.rs [1ms]
2024-09-16 19:02:45.489 [info] > git show --textconv :src/audio.rs [4ms]
2024-09-16 19:02:45.490 [info] > git ls-files --stage -- /home/arch/Projects/Rust/voice/src/audio.rs [1ms]
2024-09-16 19:03:37.502 [info] > git show --textconv :src/speech_to_text.rs [4ms]
2024-09-16 19:03:37.503 [info] > git ls-files --stage -- /home/arch/Projects/Rust/voice/src/speech_to_text.rs [1ms]
2024-09-16 19:04:33.087 [info] [Git][getRemotes] No remotes found in the git config file
2024-09-16 19:04:33.087 [info] > git config --get commit.template [5ms]
2024-09-16 19:04:33.088 [info] > git for-each-ref --format=%(refname)%00%(upstream:short)%00%(objectname)%00%(upstream:track)%00%(upstream:remotename)%00%(upstream:remoteref) refs/heads/master refs/remotes/master [1ms]
2024-09-16 19:04:33.088 [warning] [Git][getBranch] No such branch: master
2024-09-16 19:04:33.092 [info] > git status -z -uall [1ms]
2024-09-16 19:04:33.097 [info] > git for-each-ref --format=%(refname)%00%(upstream:short)%00%(objectname)%00%(upstream:track)%00%(upstream:remotename)%00%(upstream:remoteref) refs/heads/master refs/remotes/master [1ms]
2024-09-16 19:04:33.097 [warning] [Git][getBranch] No such branch: master
2024-09-16 19:04:34.190 [info] > git show --textconv :src/audio.rs [5ms]
2024-09-16 19:04:34.190 [info] > git ls-files --stage -- /home/arch/Projects/Rust/voice/src/audio.rs [1ms]
2024-09-16 19:12:57.335 [info] > git show --textconv :src/speech_to_text.rs [4ms]
2024-09-16 19:12:57.336 [info] > git ls-files --stage -- /home/arch/Projects/Rust/voice/src/speech_to_text.rs [1ms]
2024-09-16 19:13:01.537 [info] > git show --textconv :src/audio.rs [4ms]
2024-09-16 19:13:01.538 [info] > git ls-files --stage -- /home/arch/Projects/Rust/voice/src/audio.rs [1ms]
2024-09-16 19:13:25.292 [info] > git show --textconv :src/speech_to_text.rs [5ms]
2024-09-16 19:13:25.292 [info] > git ls-files --stage -- /home/arch/Projects/Rust/voice/src/speech_to_text.rs [0ms]
2024-09-16 19:13:30.956 [info] > git show --textconv :src/audio.rs [4ms]
2024-09-16 19:13:30.956 [info] > git ls-files --stage -- /home/arch/Projects/Rust/voice/src/audio.rs [0ms]
2024-09-16 19:13:42.536 [info] > git show --textconv :src/speech_to_text.rs [4ms]
2024-09-16 19:13:42.536 [info] > git ls-files --stage -- /home/arch/Projects/Rust/voice/src/speech_to_text.rs [0ms]
2024-09-16 19:13:44.532 [info] > git show --textconv :src/audio.rs [4ms]
2024-09-16 19:13:44.533 [info] > git ls-files --stage -- /home/arch/Projects/Rust/voice/src/audio.rs [1ms]
2024-09-16 19:13:46.139 [info] > git show --textconv :src/speech_to_text.rs [4ms]
2024-09-16 19:13:46.139 [info] > git ls-files --stage -- /home/arch/Projects/Rust/voice/src/speech_to_text.rs [0ms]
2024-09-16 19:13:46.738 [info] > git show --textconv :src/audio.rs [5ms]
2024-09-16 19:13:46.738 [info] > git ls-files --stage -- /home/arch/Projects/Rust/voice/src/audio.rs [1ms]
2024-09-16 19:20:16.326 [info] > git show --textconv :src/speech_to_text.rs [4ms]
2024-09-16 19:20:16.326 [info] > git ls-files --stage -- /home/arch/Projects/Rust/voice/src/speech_to_text.rs [0ms]
2024-09-16 19:20:19.710 [info] > git show --textconv :src/audio.rs [4ms]
2024-09-16 19:20:19.710 [info] > git ls-files --stage -- /home/arch/Projects/Rust/voice/src/audio.rs [1ms]
2024-09-16 19:20:28.576 [info] > git show --textconv :src/speech_to_text.rs [4ms]
2024-09-16 19:20:28.577 [info] > git ls-files --stage -- /home/arch/Projects/Rust/voice/src/speech_to_text.rs [1ms]
2024-09-16 19:20:30.691 [info] > git show --textconv :src/audio.rs [5ms]
2024-09-16 19:20:30.692 [info] > git ls-files --stage -- /home/arch/Projects/Rust/voice/src/audio.rs [1ms]
2024-09-16 19:22:09.215 [info] [Git][getRemotes] No remotes found in the git config file
2024-09-16 19:22:09.219 [info] > git config --get commit.template [5ms]
2024-09-16 19:22:09.220 [info] > git for-each-ref --format=%(refname)%00%(upstream:short)%00%(objectname)%00%(upstream:track)%00%(upstream:remotename)%00%(upstream:remoteref) refs/heads/master refs/remotes/master [1ms]
2024-09-16 19:22:09.220 [warning] [Git][getBranch] No such branch: master
2024-09-16 19:22:09.224 [info] > git status -z -uall [1ms]
2024-09-16 19:22:09.229 [info] > git for-each-ref --format=%(refname)%00%(upstream:short)%00%(objectname)%00%(upstream:track)%00%(upstream:remotename)%00%(upstream:remoteref) refs/heads/master refs/remotes/master [1ms]
2024-09-16 19:22:09.229 [warning] [Git][getBranch] No such branch: master
2024-09-16 19:23:47.546 [info] > git show --textconv :src/speech_to_text.rs [4ms]
2024-09-16 19:23:47.547 [info] > git ls-files --stage -- /home/arch/Projects/Rust/voice/src/speech_to_text.rs [1ms]
2024-09-16 19:23:48.575 [info] > git show --textconv :src/audio.rs [4ms]
2024-09-16 19:23:48.576 [info] > git ls-files --stage -- /home/arch/Projects/Rust/voice/src/audio.rs [1ms]
2024-09-16 19:25:04.595 [info] > git show --textconv :src/speech_to_text.rs [4ms]
2024-09-16 19:25:04.596 [info] > git ls-files --stage -- /home/arch/Projects/Rust/voice/src/speech_to_text.rs [1ms]
2024-09-16 19:25:07.681 [info] > git show --textconv :src/audio.rs [5ms]
2024-09-16 19:25:07.682 [info] > git ls-files --stage -- /home/arch/Projects/Rust/voice/src/audio.rs [1ms]
2024-09-16 19:32:12.086 [info] [Git][getRemotes] No remotes found in the git config file
2024-09-16 19:32:12.087 [info] > git config --get commit.template [5ms]
2024-09-16 19:32:12.087 [info] > git for-each-ref --format=%(refname)%00%(upstream:short)%00%(objectname)%00%(upstream:track)%00%(upstream:remotename)%00%(upstream:remoteref) refs/heads/master refs/remotes/master [1ms]
2024-09-16 19:32:12.087 [warning] [Git][getBranch] No such branch: master
2024-09-16 19:32:12.092 [info] > git status -z -uall [1ms]
2024-09-16 19:32:12.096 [info] > git for-each-ref --format=%(refname)%00%(upstream:short)%00%(objectname)%00%(upstream:track)%00%(upstream:remotename)%00%(upstream:remoteref) refs/heads/master refs/remotes/master [1ms]
2024-09-16 19:32:12.096 [warning] [Git][getBranch] No such branch: master
2024-09-16 19:32:22.961 [info] > git show --textconv :src/speech_to_text.rs [4ms]
2024-09-16 19:32:22.962 [info] > git ls-files --stage -- /home/arch/Projects/Rust/voice/src/speech_to_text.rs [1ms]
2024-09-16 19:32:24.918 [info] > git show --textconv :src/audio.rs [5ms]
2024-09-16 19:32:24.919 [info] > git ls-files --stage -- /home/arch/Projects/Rust/voice/src/audio.rs [1ms]
2024-09-16 19:32:34.269 [info] > git show --textconv :src/main.rs [5ms]
2024-09-16 19:32:34.269 [info] > git ls-files --stage -- /home/arch/Projects/Rust/voice/src/main.rs [0ms]
2024-09-16 19:32:34.455 [info] [Git][getRemotes] No remotes found in the git config file
2024-09-16 19:32:34.455 [info] > git config --get commit.template [5ms]
2024-09-16 19:32:34.456 [info] > git for-each-ref --format=%(refname)%00%(upstream:short)%00%(objectname)%00%(upstream:track)%00%(upstream:remotename)%00%(upstream:remoteref) refs/heads/master refs/remotes/master [1ms]
2024-09-16 19:32:34.456 [warning] [Git][getBranch] No such branch: master
2024-09-16 19:32:34.460 [info] > git status -z -uall [1ms]
2024-09-16 19:32:34.464 [info] > git for-each-ref --format=%(refname)%00%(upstream:short)%00%(objectname)%00%(upstream:track)%00%(upstream:remotename)%00%(upstream:remoteref) refs/heads/master refs/remotes/master [1ms]
2024-09-16 19:32:34.464 [warning] [Git][getBranch] No such branch: master
2024-09-16 19:32:35.603 [info] > git show --textconv :src/speech_to_text.rs [4ms]
2024-09-16 19:32:35.603 [info] > git ls-files --stage -- /home/arch/Projects/Rust/voice/src/speech_to_text.rs [1ms]
2024-09-16 19:34:18.355 [info] > git show --textconv :src/audio.rs [5ms]
2024-09-16 19:34:18.355 [info] > git ls-files --stage -- /home/arch/Projects/Rust/voice/src/audio.rs [0ms]
2024-09-16 19:35:47.375 [info] > git show --textconv :src/speech_to_text.rs [4ms]
2024-09-16 19:35:47.376 [info] > git ls-files --stage -- /home/arch/Projects/Rust/voice/src/speech_to_text.rs [1ms]
2024-09-16 19:36:11.056 [info] > git show --textconv :src/audio.rs [4ms]
2024-09-16 19:36:11.057 [info] > git ls-files --stage -- /home/arch/Projects/Rust/voice/src/audio.rs [1ms]
2024-09-16 19:36:15.743 [info] [Git][getRemotes] No remotes found in the git config file
2024-09-16 19:36:15.743 [info] > git config --get commit.template [4ms]
2024-09-16 19:36:15.744 [info] > git for-each-ref --format=%(refname)%00%(upstream:short)%00%(objectname)%00%(upstream:track)%00%(upstream:remotename)%00%(upstream:remoteref) refs/heads/master refs/remotes/master [1ms]
2024-09-16 19:36:15.744 [warning] [Git][getBranch] No such branch: master
2024-09-16 19:36:15.749 [info] > git status -z -uall [1ms]
2024-09-16 19:36:15.753 [info] > git for-each-ref --format=%(refname)%00%(upstream:short)%00%(objectname)%00%(upstream:track)%00%(upstream:remotename)%00%(upstream:remoteref) refs/heads/master refs/remotes/master [1ms]
2024-09-16 19:36:15.753 [warning] [Git][getBranch] No such branch: master
2024-09-16 19:37:59.876 [info] [Git][getRemotes] No remotes found in the git config file
2024-09-16 19:37:59.876 [info] > git config --get commit.template [4ms]
2024-09-16 19:37:59.877 [info] > git for-each-ref --format=%(refname)%00%(upstream:short)%00%(objectname)%00%(upstream:track)%00%(upstream:remotename)%00%(upstream:remoteref) refs/heads/master refs/remotes/master [1ms]
2024-09-16 19:37:59.877 [warning] [Git][getBranch] No such branch: master
2024-09-16 19:37:59.881 [info] > git status -z -uall [1ms]
2024-09-16 19:37:59.884 [info] > git for-each-ref --format=%(refname)%00%(upstream:short)%00%(objectname)%00%(upstream:track)%00%(upstream:remotename)%00%(upstream:remoteref) refs/heads/master refs/remotes/master [0ms]
2024-09-16 19:37:59.884 [warning] [Git][getBranch] No such branch: master
2024-09-16 19:38:11.233 [info] [Git][getRemotes] No remotes found in the git config file
2024-09-16 19:38:11.233 [info] > git config --get commit.template [4ms]
2024-09-16 19:38:11.233 [info] > git for-each-ref --format=%(refname)%00%(upstream:short)%00%(objectname)%00%(upstream:track)%00%(upstream:remotename)%00%(upstream:remoteref) refs/heads/master refs/remotes/master [0ms]
2024-09-16 19:38:11.233 [warning] [Git][getBranch] No such branch: master
2024-09-16 19:38:11.238 [info] > git status -z -uall [1ms]
2024-09-16 19:38:11.243 [info] > git for-each-ref --format=%(refname)%00%(upstream:short)%00%(objectname)%00%(upstream:track)%00%(upstream:remotename)%00%(upstream:remoteref) refs/heads/master refs/remotes/master [1ms]
2024-09-16 19:38:11.243 [warning] [Git][getBranch] No such branch: master
2024-09-16 19:39:18.857 [info] > git show --textconv :src/main.rs [5ms]
2024-09-16 19:39:18.857 [info] > git ls-files --stage -- /home/arch/Projects/Rust/voice/src/main.rs [1ms]
2024-09-16 19:41:24.116 [info] [Git][getRemotes] No remotes found in the git config file
2024-09-16 19:41:24.116 [info] > git config --get commit.template [4ms]
2024-09-16 19:41:24.116 [info] > git for-each-ref --format=%(refname)%00%(upstream:short)%00%(objectname)%00%(upstream:track)%00%(upstream:remotename)%00%(upstream:remoteref) refs/heads/master refs/remotes/master [0ms]
2024-09-16 19:41:24.116 [warning] [Git][getBranch] No such branch: master
2024-09-16 19:41:24.120 [info] > git status -z -uall [0ms]
2024-09-16 19:41:24.125 [info] > git for-each-ref --format=%(refname)%00%(upstream:short)%00%(objectname)%00%(upstream:track)%00%(upstream:remotename)%00%(upstream:remoteref) refs/heads/master refs/remotes/master [1ms]
2024-09-16 19:41:24.125 [warning] [Git][getBranch] No such branch: master
2024-09-16 19:41:29.136 [info] [Git][getRemotes] No remotes found in the git config file
2024-09-16 19:41:29.136 [info] > git config --get commit.template [4ms]
2024-09-16 19:41:29.137 [info] > git for-each-ref --format=%(refname)%00%(upstream:short)%00%(objectname)%00%(upstream:track)%00%(upstream:remotename)%00%(upstream:remoteref) refs/heads/master refs/remotes/master [1ms]
2024-09-16 19:41:29.137 [warning] [Git][getBranch] No such branch: master
2024-09-16 19:41:29.141 [info] > git status -z -uall [1ms]
2024-09-16 19:41:29.145 [info] > git for-each-ref --format=%(refname)%00%(upstream:short)%00%(objectname)%00%(upstream:track)%00%(upstream:remotename)%00%(upstream:remoteref) refs/heads/master refs/remotes/master [1ms]
2024-09-16 19:41:29.145 [warning] [Git][getBranch] No such branch: master
2024-09-16 19:41:32.457 [info] > git show --textconv :src/speech_to_text.rs [3ms]
2024-09-16 19:41:32.458 [info] > git ls-files --stage -- /home/arch/Projects/Rust/voice/src/speech_to_text.rs [1ms]
2024-09-16 19:42:02.590 [info] [Git][getRemotes] No remotes found in the git config file
2024-09-16 19:42:02.590 [info] > git config --get commit.template [4ms]
2024-09-16 19:42:02.591 [info] > git for-each-ref --format=%(refname)%00%(upstream:short)%00%(objectname)%00%(upstream:track)%00%(upstream:remotename)%00%(upstream:remoteref) refs/heads/master refs/remotes/master [1ms]
2024-09-16 19:42:02.591 [warning] [Git][getBranch] No such branch: master
2024-09-16 19:42:02.595 [info] > git status -z -uall [1ms]
2024-09-16 19:42:02.600 [info] > git for-each-ref --format=%(refname)%00%(upstream:short)%00%(objectname)%00%(upstream:track)%00%(upstream:remotename)%00%(upstream:remoteref) refs/heads/master refs/remotes/master [1ms]
2024-09-16 19:42:02.600 [warning] [Git][getBranch] No such branch: master
2024-09-16 19:42:05.433 [info] > git ls-files --stage -- /home/arch/Projects/Rust/voice/src/speech_to_text.rs [1ms]
2024-09-16 19:42:05.437 [info] > git show --textconv :src/speech_to_text.rs [0ms]
2024-09-16 19:42:07.611 [info] [Git][getRemotes] No remotes found in the git config file
2024-09-16 19:42:07.611 [info] > git config --get commit.template [5ms]
2024-09-16 19:42:07.611 [info] > git for-each-ref --format=%(refname)%00%(upstream:short)%00%(objectname)%00%(upstream:track)%00%(upstream:remotename)%00%(upstream:remoteref) refs/heads/master refs/remotes/master [0ms]
2024-09-16 19:42:07.612 [warning] [Git][getBranch] No such branch: master
2024-09-16 19:42:07.617 [info] > git status -z -uall [2ms]
2024-09-16 19:42:07.621 [info] > git for-each-ref --format=%(refname)%00%(upstream:short)%00%(objectname)%00%(upstream:track)%00%(upstream:remotename)%00%(upstream:remoteref) refs/heads/master refs/remotes/master [1ms]
2024-09-16 19:42:07.621 [warning] [Git][getBranch] No such branch: master
2024-09-16 19:42:14.944 [info] [Git][getRemotes] No remotes found in the git config file
2024-09-16 19:42:14.944 [info] > git config --get commit.template [4ms]
2024-09-16 19:42:14.944 [info] > git for-each-ref --format=%(refname)%00%(upstream:short)%00%(objectname)%00%(upstream:track)%00%(upstream:remotename)%00%(upstream:remoteref) refs/heads/master refs/remotes/master [0ms]
2024-09-16 19:42:14.944 [warning] [Git][getBranch] No such branch: master
2024-09-16 19:42:14.948 [info] > git status -z -uall [1ms]
2024-09-16 19:42:14.953 [info] > git for-each-ref --format=%(refname)%00%(upstream:short)%00%(objectname)%00%(upstream:track)%00%(upstream:remotename)%00%(upstream:remoteref) refs/heads/master refs/remotes/master [1ms]
2024-09-16 19:42:14.953 [warning] [Git][getBranch] No such branch: master
2024-09-16 19:42:19.964 [info] [Git][getRemotes] No remotes found in the git config file
2024-09-16 19:42:19.964 [info] > git config --get commit.template [4ms]
2024-09-16 19:42:19.965 [info] > git for-each-ref --format=%(refname)%00%(upstream:short)%00%(objectname)%00%(upstream:track)%00%(upstream:remotename)%00%(upstream:remoteref) refs/heads/master refs/remotes/master [1ms]
2024-09-16 19:42:19.965 [warning] [Git][getBranch] No such branch: master
2024-09-16 19:42:19.970 [info] > git status -z -uall [1ms]
2024-09-16 19:42:19.974 [info] > git for-each-ref --format=%(refname)%00%(upstream:short)%00%(objectname)%00%(upstream:track)%00%(upstream:remotename)%00%(upstream:remoteref) refs/heads/master refs/remotes/master [1ms]
2024-09-16 19:42:19.974 [warning] [Git][getBranch] No such branch: master
2024-09-16 19:42:25.874 [info] > git show --textconv :src/main.rs [4ms]
2024-09-16 19:42:25.875 [info] > git ls-files --stage -- /home/arch/Projects/Rust/voice/src/main.rs [1ms]
2024-09-16 19:42:50.685 [info] [Git][getRemotes] No remotes found in the git config file
2024-09-16 19:42:50.685 [info] > git config --get commit.template [4ms]
2024-09-16 19:42:50.686 [info] > git for-each-ref --format=%(refname)%00%(upstream:short)%00%(objectname)%00%(upstream:track)%00%(upstream:remotename)%00%(upstream:remoteref) refs/heads/master refs/remotes/master [1ms]
2024-09-16 19:42:50.686 [warning] [Git][getBranch] No such branch: master
2024-09-16 19:42:50.689 [info] > git status -z -uall [0ms]
2024-09-16 19:42:50.693 [info] > git for-each-ref --format=%(refname)%00%(upstream:short)%00%(objectname)%00%(upstream:track)%00%(upstream:remotename)%00%(upstream:remoteref) refs/heads/master refs/remotes/master [1ms]
2024-09-16 19:42:50.693 [warning] [Git][getBranch] No such branch: master
2024-09-16 19:42:55.706 [info] [Git][getRemotes] No remotes found in the git config file
2024-09-16 19:42:55.706 [info] > git config --get commit.template [5ms]
2024-09-16 19:42:55.706 [info] > git for-each-ref --format=%(refname)%00%(upstream:short)%00%(objectname)%00%(upstream:track)%00%(upstream:remotename)%00%(upstream:remoteref) refs/heads/master refs/remotes/master [1ms]
2024-09-16 19:42:55.706 [warning] [Git][getBranch] No such branch: master
2024-09-16 19:42:55.710 [info] > git status -z -uall [1ms]
2024-09-16 19:42:55.714 [info] > git for-each-ref --format=%(refname)%00%(upstream:short)%00%(objectname)%00%(upstream:track)%00%(upstream:remotename)%00%(upstream:remoteref) refs/heads/master refs/remotes/master [1ms]
2024-09-16 19:42:55.714 [warning] [Git][getBranch] No such branch: master
2024-09-16 19:43:04.044 [info] > git show --textconv :src/speech_to_text.rs [4ms]
2024-09-16 19:43:04.045 [info] > git ls-files --stage -- /home/arch/Projects/Rust/voice/src/speech_to_text.rs [1ms]
2024-09-16 19:43:12.524 [info] > git show --textconv :src/audio.rs [4ms]
2024-09-16 19:43:12.525 [info] > git ls-files --stage -- /home/arch/Projects/Rust/voice/src/audio.rs [1ms]
2024-09-16 19:44:12.301 [info] > git show --textconv :src/main.rs [4ms]
2024-09-16 19:44:12.302 [info] > git ls-files --stage -- /home/arch/Projects/Rust/voice/src/main.rs [1ms]
2024-09-16 19:44:42.876 [info] [Git][getRemotes] No remotes found in the git config file
2024-09-16 19:44:42.877 [info] > git config --get commit.template [5ms]
2024-09-16 19:44:42.877 [info] > git for-each-ref --format=%(refname)%00%(upstream:short)%00%(objectname)%00%(upstream:track)%00%(upstream:remotename)%00%(upstream:remoteref) refs/heads/master refs/remotes/master [1ms]
2024-09-16 19:44:42.877 [warning] [Git][getBranch] No such branch: master
2024-09-16 19:44:42.882 [info] > git status -z -uall [1ms]
2024-09-16 19:44:42.888 [info] > git for-each-ref --format=%(refname)%00%(upstream:short)%00%(objectname)%00%(upstream:track)%00%(upstream:remotename)%00%(upstream:remoteref) refs/heads/master refs/remotes/master [2ms]
2024-09-16 19:44:42.888 [warning] [Git][getBranch] No such branch: master
2024-09-16 19:44:47.898 [info] [Git][getRemotes] No remotes found in the git config file
2024-09-16 19:44:47.898 [info] > git config --get commit.template [4ms]
2024-09-16 19:44:47.899 [info] > git for-each-ref --format=%(refname)%00%(upstream:short)%00%(objectname)%00%(upstream:track)%00%(upstream:remotename)%00%(upstream:remoteref) refs/heads/master refs/remotes/master [1ms]
2024-09-16 19:44:47.899 [warning] [Git][getBranch] No such branch: master
2024-09-16 19:44:47.904 [info] > git status -z -uall [2ms]
2024-09-16 19:44:47.908 [info] > git for-each-ref --format=%(refname)%00%(upstream:short)%00%(objectname)%00%(upstream:track)%00%(upstream:remotename)%00%(upstream:remoteref) refs/heads/master refs/remotes/master [1ms]
2024-09-16 19:44:47.908 [warning] [Git][getBranch] No such branch: master
2024-09-16 19:45:01.218 [info] [Git][getRemotes] No remotes found in the git config file
2024-09-16 19:45:01.219 [info] > git config --get commit.template [5ms]
2024-09-16 19:45:01.219 [info] > git for-each-ref --format=%(refname)%00%(upstream:short)%00%(objectname)%00%(upstream:track)%00%(upstream:remotename)%00%(upstream:remoteref) refs/heads/master refs/remotes/master [1ms]
2024-09-16 19:45:01.219 [warning] [Git][getBranch] No such branch: master
2024-09-16 19:45:01.223 [info] > git status -z -uall [1ms]
2024-09-16 19:45:01.228 [info] > git for-each-ref --format=%(refname)%00%(upstream:short)%00%(objectname)%00%(upstream:track)%00%(upstream:remotename)%00%(upstream:remoteref) refs/heads/master refs/remotes/master [1ms]
2024-09-16 19:45:01.228 [warning] [Git][getBranch] No such branch: master
2024-09-16 19:45:30.561 [info] > git config --get commit.template [1ms]
2024-09-16 19:45:30.564 [info] [Git][getRemotes] No remotes found in the git config file
2024-09-16 19:45:30.565 [info] > git for-each-ref --format=%(refname)%00%(upstream:short)%00%(objectname)%00%(upstream:track)%00%(upstream:remotename)%00%(upstream:remoteref) refs/heads/master refs/remotes/master [1ms]
2024-09-16 19:45:30.565 [warning] [Git][getBranch] No such branch: master
2024-09-16 19:45:30.569 [info] > git status -z -uall [0ms]
2024-09-16 19:45:30.574 [info] > git for-each-ref --format=%(refname)%00%(upstream:short)%00%(objectname)%00%(upstream:track)%00%(upstream:remotename)%00%(upstream:remoteref) refs/heads/master refs/remotes/master [1ms]
2024-09-16 19:45:30.574 [warning] [Git][getBranch] No such branch: master
2024-09-16 19:45:35.585 [info] [Git][getRemotes] No remotes found in the git config file
2024-09-16 19:45:35.586 [info] > git config --get commit.template [4ms]
2024-09-16 19:45:35.586 [info] > git for-each-ref --format=%(refname)%00%(upstream:short)%00%(objectname)%00%(upstream:track)%00%(upstream:remotename)%00%(upstream:remoteref) refs/heads/master refs/remotes/master [1ms]
2024-09-16 19:45:35.586 [warning] [Git][getBranch] No such branch: master
2024-09-16 19:45:35.591 [info] > git status -z -uall [1ms]
2024-09-16 19:45:35.596 [info] > git for-each-ref --format=%(refname)%00%(upstream:short)%00%(objectname)%00%(upstream:track)%00%(upstream:remotename)%00%(upstream:remoteref) refs/heads/master refs/remotes/master [1ms]
2024-09-16 19:45:35.596 [warning] [Git][getBranch] No such branch: master
2024-09-16 19:46:07.273 [info] > git show --textconv :src/audio.rs [5ms]
2024-09-16 19:46:07.274 [info] > git ls-files --stage -- /home/arch/Projects/Rust/voice/src/audio.rs [2ms]
2024-09-16 19:46:25.775 [info] [Git][getRemotes] No remotes found in the git config file
2024-09-16 19:46:25.775 [info] > git config --get commit.template [4ms]
2024-09-16 19:46:25.776 [info] > git for-each-ref --format=%(refname)%00%(upstream:short)%00%(objectname)%00%(upstream:track)%00%(upstream:remotename)%00%(upstream:remoteref) refs/heads/master refs/remotes/master [1ms]
2024-09-16 19:46:25.776 [warning] [Git][getBranch] No such branch: master
2024-09-16 19:46:25.780 [info] > git status -z -uall [1ms]
2024-09-16 19:46:25.784 [info] > git for-each-ref --format=%(refname)%00%(upstream:short)%00%(objectname)%00%(upstream:track)%00%(upstream:remotename)%00%(upstream:remoteref) refs/heads/master refs/remotes/master [0ms]
2024-09-16 19:46:25.784 [warning] [Git][getBranch] No such branch: master
2024-09-16 19:47:04.573 [info] [Git][getRemotes] No remotes found in the git config file
2024-09-16 19:47:04.573 [info] > git config --get commit.template [4ms]
2024-09-16 19:47:04.573 [info] > git for-each-ref --format=%(refname)%00%(upstream:short)%00%(objectname)%00%(upstream:track)%00%(upstream:remotename)%00%(upstream:remoteref) refs/heads/master refs/remotes/master [1ms]
2024-09-16 19:47:04.573 [warning] [Git][getBranch] No such branch: master
2024-09-16 19:47:04.578 [info] > git status -z -uall [1ms]
2024-09-16 19:47:04.583 [info] > git for-each-ref --format=%(refname)%00%(upstream:short)%00%(objectname)%00%(upstream:track)%00%(upstream:remotename)%00%(upstream:remoteref) refs/heads/master refs/remotes/master [1ms]
2024-09-16 19:47:04.583 [warning] [Git][getBranch] No such branch: master
2024-09-16 19:47:25.421 [info] [Git][getRemotes] No remotes found in the git config file
2024-09-16 19:47:25.421 [info] > git config --get commit.template [4ms]
2024-09-16 19:47:25.421 [info] > git for-each-ref --format=%(refname)%00%(upstream:short)%00%(objectname)%00%(upstream:track)%00%(upstream:remotename)%00%(upstream:remoteref) refs/heads/master refs/remotes/master [0ms]
2024-09-16 19:47:25.422 [warning] [Git][getBranch] No such branch: master
2024-09-16 19:47:25.426 [info] > git status -z -uall [1ms]
2024-09-16 19:47:25.430 [info] > git for-each-ref --format=%(refname)%00%(upstream:short)%00%(objectname)%00%(upstream:track)%00%(upstream:remotename)%00%(upstream:remoteref) refs/heads/master refs/remotes/master [0ms]
2024-09-16 19:47:25.430 [warning] [Git][getBranch] No such branch: master
2024-09-16 19:47:30.440 [info] [Git][getRemotes] No remotes found in the git config file
2024-09-16 19:47:30.440 [info] > git config --get commit.template [4ms]
2024-09-16 19:47:30.440 [info] > git for-each-ref --format=%(refname)%00%(upstream:short)%00%(objectname)%00%(upstream:track)%00%(upstream:remotename)%00%(upstream:remoteref) refs/heads/master refs/remotes/master [0ms]
2024-09-16 19:47:30.440 [warning] [Git][getBranch] No such branch: master
2024-09-16 19:47:30.445 [info] > git status -z -uall [1ms]
2024-09-16 19:47:30.449 [info] > git for-each-ref --format=%(refname)%00%(upstream:short)%00%(objectname)%00%(upstream:track)%00%(upstream:remotename)%00%(upstream:remoteref) refs/heads/master refs/remotes/master [0ms]
2024-09-16 19:47:30.449 [warning] [Git][getBranch] No such branch: master
2024-09-16 19:48:02.298 [info] > git show --textconv :src/speech_to_text.rs [5ms]
2024-09-16 19:48:02.298 [info] > git ls-files --stage -- /home/arch/Projects/Rust/voice/src/speech_to_text.rs [1ms]
2024-09-16 19:48:06.586 [info] > git show --textconv :src/main.rs [4ms]
2024-09-16 19:48:06.587 [info] > git ls-files --stage -- /home/arch/Projects/Rust/voice/src/main.rs [1ms]
2024-09-16 19:48:16.875 [info] [Git][getRemotes] No remotes found in the git config file
2024-09-16 19:48:16.875 [info] > git config --get commit.template [3ms]
2024-09-16 19:48:16.876 [info] > git for-each-ref --format=%(refname)%00%(upstream:short)%00%(objectname)%00%(upstream:track)%00%(upstream:remotename)%00%(upstream:remoteref) refs/heads/master refs/remotes/master [1ms]
2024-09-16 19:48:16.876 [warning] [Git][getBranch] No such branch: master
2024-09-16 19:48:16.881 [info] > git status -z -uall [1ms]
2024-09-16 19:48:16.885 [info] > git for-each-ref --format=%(refname)%00%(upstream:short)%00%(objectname)%00%(upstream:track)%00%(upstream:remotename)%00%(upstream:remoteref) refs/heads/master refs/remotes/master [0ms]
2024-09-16 19:48:16.885 [warning] [Git][getBranch] No such branch: master
2024-09-16 19:48:19.452 [info] > git show --textconv :src/speech_to_text.rs [5ms]
2024-09-16 19:48:19.452 [info] > git ls-files --stage -- /home/arch/Projects/Rust/voice/src/speech_to_text.rs [0ms]
2024-09-16 19:49:12.672 [info] > git show --textconv :src/audio.rs [5ms]
2024-09-16 19:49:12.672 [info] > git ls-files --stage -- /home/arch/Projects/Rust/voice/src/audio.rs [1ms]
2024-09-16 19:49:19.599 [info] > git show --textconv :src/speech_to_text.rs [4ms]
2024-09-16 19:49:19.600 [info] > git ls-files --stage -- /home/arch/Projects/Rust/voice/src/speech_to_text.rs [1ms]
2024-09-16 19:49:20.185 [info] [Git][getRemotes] No remotes found in the git config file
2024-09-16 19:49:20.185 [info] > git config --get commit.template [5ms]
2024-09-16 19:49:20.186 [info] > git for-each-ref --format=%(refname)%00%(upstream:short)%00%(objectname)%00%(upstream:track)%00%(upstream:remotename)%00%(upstream:remoteref) refs/heads/master refs/remotes/master [1ms]
2024-09-16 19:49:20.186 [warning] [Git][getBranch] No such branch: master
2024-09-16 19:49:20.190 [info] > git status -z -uall [1ms]
2024-09-16 19:49:20.194 [info] > git for-each-ref --format=%(refname)%00%(upstream:short)%00%(objectname)%00%(upstream:track)%00%(upstream:remotename)%00%(upstream:remoteref) refs/heads/master refs/remotes/master [0ms]
2024-09-16 19:49:20.194 [warning] [Git][getBranch] No such branch: master
2024-09-16 19:49:22.139 [info] > git show --textconv :src/main.rs [4ms]
2024-09-16 19:49:22.140 [info] > git ls-files --stage -- /home/arch/Projects/Rust/voice/src/main.rs [1ms]
2024-09-16 19:49:41.292 [info] [Git][getRemotes] No remotes found in the git config file
2024-09-16 19:49:41.292 [info] > git config --get commit.template [5ms]
2024-09-16 19:49:41.292 [info] > git for-each-ref --format=%(refname)%00%(upstream:short)%00%(objectname)%00%(upstream:track)%00%(upstream:remotename)%00%(upstream:remoteref) refs/heads/master refs/remotes/master [0ms]
2024-09-16 19:49:41.292 [warning] [Git][getBranch] No such branch: master
2024-09-16 19:49:41.297 [info] > git status -z -uall [1ms]
2024-09-16 19:49:41.301 [info] > git for-each-ref --format=%(refname)%00%(upstream:short)%00%(objectname)%00%(upstream:track)%00%(upstream:remotename)%00%(upstream:remoteref) refs/heads/master refs/remotes/master [1ms]
2024-09-16 19:49:41.301 [warning] [Git][getBranch] No such branch: master
2024-09-16 19:49:46.315 [info] [Git][getRemotes] No remotes found in the git config file
2024-09-16 19:49:46.316 [info] > git config --get commit.template [5ms]
2024-09-16 19:49:46.316 [info] > git for-each-ref --format=%(refname)%00%(upstream:short)%00%(objectname)%00%(upstream:track)%00%(upstream:remotename)%00%(upstream:remoteref) refs/heads/master refs/remotes/master [1ms]
2024-09-16 19:49:46.316 [warning] [Git][getBranch] No such branch: master
2024-09-16 19:49:46.321 [info] > git status -z -uall [1ms]
2024-09-16 19:49:46.326 [info] > git for-each-ref --format=%(refname)%00%(upstream:short)%00%(objectname)%00%(upstream:track)%00%(upstream:remotename)%00%(upstream:remoteref) refs/heads/master refs/remotes/master [1ms]
2024-09-16 19:49:46.326 [warning] [Git][getBranch] No such branch: master
2024-09-16 19:49:58.589 [info] > git show --textconv :src/speech_to_text.rs [5ms]
2024-09-16 19:49:58.589 [info] > git ls-files --stage -- /home/arch/Projects/Rust/voice/src/speech_to_text.rs [1ms]
2024-09-16 19:49:59.859 [info] > git show --textconv :src/audio.rs [4ms]
2024-09-16 19:49:59.860 [info] > git ls-files --stage -- /home/arch/Projects/Rust/voice/src/audio.rs [1ms]
2024-09-16 19:50:24.171 [info] [Git][getRemotes] No remotes found in the git config file
2024-09-16 19:50:24.172 [info] > git config --get commit.template [4ms]
2024-09-16 19:50:24.172 [info] > git for-each-ref --format=%(refname)%00%(upstream:short)%00%(objectname)%00%(upstream:track)%00%(upstream:remotename)%00%(upstream:remoteref) refs/heads/master refs/remotes/master [1ms]
2024-09-16 19:50:24.172 [warning] [Git][getBranch] No such branch: master
2024-09-16 19:50:24.176 [info] > git status -z -uall [0ms]
2024-09-16 19:50:24.181 [info] > git for-each-ref --format=%(refname)%00%(upstream:short)%00%(objectname)%00%(upstream:track)%00%(upstream:remotename)%00%(upstream:remoteref) refs/heads/master refs/remotes/master [1ms]
2024-09-16 19:50:24.181 [warning] [Git][getBranch] No such branch: master
2024-09-16 19:51:10.038 [info] [Git][getRemotes] No remotes found in the git config file
2024-09-16 19:51:10.042 [info] > git config --get commit.template [4ms]
2024-09-16 19:51:10.042 [info] > git for-each-ref --format=%(refname)%00%(upstream:short)%00%(objectname)%00%(upstream:track)%00%(upstream:remotename)%00%(upstream:remoteref) refs/heads/master refs/remotes/master [0ms]
2024-09-16 19:51:10.042 [warning] [Git][getBranch] No such branch: master
2024-09-16 19:51:10.047 [info] > git status -z -uall [1ms]
2024-09-16 19:51:10.051 [info] > git for-each-ref --format=%(refname)%00%(upstream:short)%00%(objectname)%00%(upstream:track)%00%(upstream:remotename)%00%(upstream:remoteref) refs/heads/master refs/remotes/master [1ms]
2024-09-16 19:51:10.051 [warning] [Git][getBranch] No such branch: master
2024-09-16 19:51:13.775 [info] > git show --textconv :src/speech_to_text.rs [5ms]
2024-09-16 19:51:13.776 [info] > git ls-files --stage -- /home/arch/Projects/Rust/voice/src/speech_to_text.rs [1ms]
2024-09-16 19:51:23.831 [info] > git show --textconv :src/audio.rs [4ms]
2024-09-16 19:51:23.831 [info] > git ls-files --stage -- /home/arch/Projects/Rust/voice/src/audio.rs [1ms]
2024-09-16 19:51:44.590 [info] > git show --textconv :src/speech_to_text.rs [5ms]
2024-09-16 19:51:44.591 [info] > git ls-files --stage -- /home/arch/Projects/Rust/voice/src/speech_to_text.rs [1ms]
2024-09-16 19:51:44.681 [info] [Git][getRemotes] No remotes found in the git config file
2024-09-16 19:51:44.681 [info] > git config --get commit.template [5ms]
2024-09-16 19:51:44.681 [info] > git for-each-ref --format=%(refname)%00%(upstream:short)%00%(objectname)%00%(upstream:track)%00%(upstream:remotename)%00%(upstream:remoteref) refs/heads/master refs/remotes/master [1ms]
2024-09-16 19:51:44.682 [warning] [Git][getBranch] No such branch: master
2024-09-16 19:51:44.686 [info] > git status -z -uall [1ms]
2024-09-16 19:51:44.691 [info] > git for-each-ref --format=%(refname)%00%(upstream:short)%00%(objectname)%00%(upstream:track)%00%(upstream:remotename)%00%(upstream:remoteref) refs/heads/master refs/remotes/master [1ms]
2024-09-16 19:51:44.691 [warning] [Git][getBranch] No such branch: master
2024-09-16 19:51:50.540 [info] > git show --textconv :src/main.rs [5ms]
2024-09-16 19:51:50.540 [info] > git ls-files --stage -- /home/arch/Projects/Rust/voice/src/main.rs [1ms]
2024-09-16 19:52:34.280 [info] [Git][getRemotes] No remotes found in the git config file
2024-09-16 19:52:34.280 [info] > git config --get commit.template [4ms]
2024-09-16 19:52:34.280 [info] > git for-each-ref --format=%(refname)%00%(upstream:short)%00%(objectname)%00%(upstream:track)%00%(upstream:remotename)%00%(upstream:remoteref) refs/heads/master refs/remotes/master [0ms]
2024-09-16 19:52:34.280 [warning] [Git][getBranch] No such branch: master
2024-09-16 19:52:34.285 [info] > git status -z -uall [1ms]
2024-09-16 19:52:34.290 [info] > git for-each-ref --format=%(refname)%00%(upstream:short)%00%(objectname)%00%(upstream:track)%00%(upstream:remotename)%00%(upstream:remoteref) refs/heads/master refs/remotes/master [1ms]
2024-09-16 19:52:34.290 [warning] [Git][getBranch] No such branch: master
2024-09-16 19:52:39.303 [info] [Git][getRemotes] No remotes found in the git config file
2024-09-16 19:52:39.303 [info] > git config --get commit.template [4ms]
2024-09-16 19:52:39.304 [info] > git for-each-ref --format=%(refname)%00%(upstream:short)%00%(objectname)%00%(upstream:track)%00%(upstream:remotename)%00%(upstream:remoteref) refs/heads/master refs/remotes/master [1ms]
2024-09-16 19:52:39.304 [warning] [Git][getBranch] No such branch: master
2024-09-16 19:52:39.309 [info] > git status -z -uall [1ms]
2024-09-16 19:52:39.314 [info] > git for-each-ref --format=%(refname)%00%(upstream:short)%00%(objectname)%00%(upstream:track)%00%(upstream:remotename)%00%(upstream:remoteref) refs/heads/master refs/remotes/master [1ms]
2024-09-16 19:52:39.314 [warning] [Git][getBranch] No such branch: master
2024-09-16 19:54:50.243 [info] > git show --textconv :src/audio.rs [4ms]
2024-09-16 19:54:50.244 [info] > git ls-files --stage -- /home/arch/Projects/Rust/voice/src/audio.rs [1ms]
2024-09-16 19:54:52.211 [info] > git show --textconv :src/build.rs [4ms]
2024-09-16 19:54:52.212 [info] > git ls-files --stage -- /home/arch/Projects/Rust/voice/src/build.rs [1ms]
2024-09-16 19:54:53.638 [info] > git show --textconv :src/audio.rs [4ms]
2024-09-16 19:54:53.638 [info] > git ls-files --stage -- /home/arch/Projects/Rust/voice/src/audio.rs [1ms]
2024-09-16 19:57:36.289 [info] > git show --textconv :src/main.rs [4ms]
2024-09-16 19:57:36.290 [info] > git ls-files --stage -- /home/arch/Projects/Rust/voice/src/main.rs [1ms]
2024-09-16 19:58:28.633 [info] [Git][getRemotes] No remotes found in the git config file
2024-09-16 19:58:28.633 [info] > git config --get commit.template [5ms]
2024-09-16 19:58:28.634 [info] > git for-each-ref --format=%(refname)%00%(upstream:short)%00%(objectname)%00%(upstream:track)%00%(upstream:remotename)%00%(upstream:remoteref) refs/heads/master refs/remotes/master [2ms]
2024-09-16 19:58:28.634 [warning] [Git][getBranch] No such branch: master
2024-09-16 19:58:28.638 [info] > git status -z -uall [1ms]
2024-09-16 19:58:28.642 [info] > git for-each-ref --format=%(refname)%00%(upstream:short)%00%(objectname)%00%(upstream:track)%00%(upstream:remotename)%00%(upstream:remoteref) refs/heads/master refs/remotes/master [0ms]
2024-09-16 19:58:28.642 [warning] [Git][getBranch] No such branch: master
2024-09-16 19:58:33.654 [info] [Git][getRemotes] No remotes found in the git config file
2024-09-16 19:58:33.654 [info] > git config --get commit.template [4ms]
2024-09-16 19:58:33.655 [info] > git for-each-ref --format=%(refname)%00%(upstream:short)%00%(objectname)%00%(upstream:track)%00%(upstream:remotename)%00%(upstream:remoteref) refs/heads/master refs/remotes/master [1ms]
2024-09-16 19:58:33.655 [warning] [Git][getBranch] No such branch: master
2024-09-16 19:58:33.660 [info] > git status -z -uall [1ms]
2024-09-16 19:58:33.665 [info] > git for-each-ref --format=%(refname)%00%(upstream:short)%00%(objectname)%00%(upstream:track)%00%(upstream:remotename)%00%(upstream:remoteref) refs/heads/master refs/remotes/master [1ms]
2024-09-16 19:58:33.665 [warning] [Git][getBranch] No such branch: master
2024-09-16 20:01:13.342 [info] > git show --textconv :src/speech_to_text.rs [4ms]
2024-09-16 20:01:13.342 [info] > git ls-files --stage -- /home/arch/Projects/Rust/voice/src/speech_to_text.rs [1ms]
2024-09-16 20:01:21.627 [info] > git show --textconv :src/main.rs [4ms]
2024-09-16 20:01:21.627 [info] > git ls-files --stage -- /home/arch/Projects/Rust/voice/src/main.rs [1ms]
2024-09-16 20:01:26.575 [info] [Git][getRemotes] No remotes found in the git config file
2024-09-16 20:01:26.575 [info] > git config --get commit.template [4ms]
2024-09-16 20:01:26.576 [info] > git for-each-ref --format=%(refname)%00%(upstream:short)%00%(objectname)%00%(upstream:track)%00%(upstream:remotename)%00%(upstream:remoteref) refs/heads/master refs/remotes/master [1ms]
2024-09-16 20:01:26.576 [warning] [Git][getBranch] No such branch: master
2024-09-16 20:01:26.580 [info] > git status -z -uall [1ms]
2024-09-16 20:01:26.585 [info] > git for-each-ref --format=%(refname)%00%(upstream:short)%00%(objectname)%00%(upstream:track)%00%(upstream:remotename)%00%(upstream:remoteref) refs/heads/master refs/remotes/master [1ms]
2024-09-16 20:01:26.585 [warning] [Git][getBranch] No such branch: master
2024-09-16 20:01:31.590 [info] [Git][getRemotes] No remotes found in the git config file
2024-09-16 20:01:31.594 [info] > git config --get commit.template [4ms]
2024-09-16 20:01:31.595 [info] > git for-each-ref --format=%(refname)%00%(upstream:short)%00%(objectname)%00%(upstream:track)%00%(upstream:remotename)%00%(upstream:remoteref) refs/heads/master refs/remotes/master [1ms]
2024-09-16 20:01:31.595 [warning] [Git][getBranch] No such branch: master
2024-09-16 20:01:31.599 [info] > git status -z -uall [1ms]
2024-09-16 20:01:31.603 [info] > git for-each-ref --format=%(refname)%00%(upstream:short)%00%(objectname)%00%(upstream:track)%00%(upstream:remotename)%00%(upstream:remoteref) refs/heads/master refs/remotes/master [0ms]
2024-09-16 20:01:31.603 [warning] [Git][getBranch] No such branch: master
2024-09-16 20:03:47.332 [info] [Git][getRemotes] No remotes found in the git config file
2024-09-16 20:03:47.332 [info] > git config --get commit.template [4ms]
2024-09-16 20:03:47.333 [info] > git for-each-ref --format=%(refname)%00%(upstream:short)%00%(objectname)%00%(upstream:track)%00%(upstream:remotename)%00%(upstream:remoteref) refs/heads/master refs/remotes/master [1ms]
2024-09-16 20:03:47.333 [warning] [Git][getBranch] No such branch: master
2024-09-16 20:03:47.337 [info] > git status -z -uall [1ms]
2024-09-16 20:03:47.342 [info] > git for-each-ref --format=%(refname)%00%(upstream:short)%00%(objectname)%00%(upstream:track)%00%(upstream:remotename)%00%(upstream:remoteref) refs/heads/master refs/remotes/master [1ms]
2024-09-16 20:03:47.342 [warning] [Git][getBranch] No such branch: master
2024-09-16 20:03:52.350 [info] [Git][getRemotes] No remotes found in the git config file
2024-09-16 20:03:52.351 [info] > git config --get commit.template [4ms]
2024-09-16 20:03:52.351 [info] > git for-each-ref --format=%(refname)%00%(upstream:short)%00%(objectname)%00%(upstream:track)%00%(upstream:remotename)%00%(upstream:remoteref) refs/heads/master refs/remotes/master [1ms]
2024-09-16 20:03:52.351 [warning] [Git][getBranch] No such branch: master
2024-09-16 20:03:52.355 [info] > git status -z -uall [0ms]
2024-09-16 20:03:52.360 [info] > git for-each-ref --format=%(refname)%00%(upstream:short)%00%(objectname)%00%(upstream:track)%00%(upstream:remotename)%00%(upstream:remoteref) refs/heads/master refs/remotes/master [1ms]
2024-09-16 20:03:52.360 [warning] [Git][getBranch] No such branch: master
2024-09-16 20:04:19.869 [info] [Git][getRemotes] No remotes found in the git config file
2024-09-16 20:04:19.873 [info] > git config --get commit.template [4ms]
2024-09-16 20:04:19.873 [info] > git for-each-ref --format=%(refname)%00%(upstream:short)%00%(objectname)%00%(upstream:track)%00%(upstream:remotename)%00%(upstream:remoteref) refs/heads/master refs/remotes/master [0ms]
2024-09-16 20:04:19.873 [warning] [Git][getBranch] No such branch: master
2024-09-16 20:04:19.878 [info] > git status -z -uall [1ms]
2024-09-16 20:04:19.883 [info] > git for-each-ref --format=%(refname)%00%(upstream:short)%00%(objectname)%00%(upstream:track)%00%(upstream:remotename)%00%(upstream:remoteref) refs/heads/master refs/remotes/master [1ms]
2024-09-16 20:04:19.883 [warning] [Git][getBranch] No such branch: master
2024-09-16 20:04:24.892 [info] [Git][getRemotes] No remotes found in the git config file
2024-09-16 20:04:24.895 [info] > git config --get commit.template [4ms]
2024-09-16 20:04:24.896 [info] > git for-each-ref --format=%(refname)%00%(upstream:short)%00%(objectname)%00%(upstream:track)%00%(upstream:remotename)%00%(upstream:remoteref) refs/heads/master refs/remotes/master [1ms]
2024-09-16 20:04:24.896 [warning] [Git][getBranch] No such branch: master
2024-09-16 20:04:24.901 [info] > git status -z -uall [1ms]
2024-09-16 20:04:24.906 [info] > git for-each-ref --format=%(refname)%00%(upstream:short)%00%(objectname)%00%(upstream:track)%00%(upstream:remotename)%00%(upstream:remoteref) refs/heads/master refs/remotes/master [1ms]
2024-09-16 20:04:24.906 [warning] [Git][getBranch] No such branch: master
2024-09-16 20:05:14.495 [info] [Git][getRemotes] No remotes found in the git config file
2024-09-16 20:05:14.496 [info] > git config --get commit.template [5ms]
2024-09-16 20:05:14.496 [info] > git for-each-ref --format=%(refname)%00%(upstream:short)%00%(objectname)%00%(upstream:track)%00%(upstream:remotename)%00%(upstream:remoteref) refs/heads/master refs/remotes/master [1ms]
2024-09-16 20:05:14.496 [warning] [Git][getBranch] No such branch: master
2024-09-16 20:05:14.500 [info] > git status -z -uall [0ms]
2024-09-16 20:05:14.505 [info] > git for-each-ref --format=%(refname)%00%(upstream:short)%00%(objectname)%00%(upstream:track)%00%(upstream:remotename)%00%(upstream:remoteref) refs/heads/master refs/remotes/master [1ms]
2024-09-16 20:05:14.505 [warning] [Git][getBranch] No such branch: master
2024-09-16 20:05:19.515 [info] [Git][getRemotes] No remotes found in the git config file
2024-09-16 20:05:19.515 [info] > git config --get commit.template [5ms]
2024-09-16 20:05:19.516 [info] > git for-each-ref --format=%(refname)%00%(upstream:short)%00%(objectname)%00%(upstream:track)%00%(upstream:remotename)%00%(upstream:remoteref) refs/heads/master refs/remotes/master [1ms]
2024-09-16 20:05:19.516 [warning] [Git][getBranch] No such branch: master
2024-09-16 20:05:19.520 [info] > git status -z -uall [1ms]
2024-09-16 20:05:19.524 [info] > git for-each-ref --format=%(refname)%00%(upstream:short)%00%(objectname)%00%(upstream:track)%00%(upstream:remotename)%00%(upstream:remoteref) refs/heads/master refs/remotes/master [0ms]
2024-09-16 20:05:19.524 [warning] [Git][getBranch] No such branch: master
2024-09-16 20:05:24.537 [info] [Git][getRemotes] No remotes found in the git config file
2024-09-16 20:05:24.538 [info] > git config --get commit.template [6ms]
2024-09-16 20:05:24.538 [info] > git for-each-ref --format=%(refname)%00%(upstream:short)%00%(objectname)%00%(upstream:track)%00%(upstream:remotename)%00%(upstream:remoteref) refs/heads/master refs/remotes/master [1ms]
2024-09-16 20:05:24.538 [warning] [Git][getBranch] No such branch: master
2024-09-16 20:05:24.544 [info] > git status -z -uall [2ms]
2024-09-16 20:05:24.548 [info] > git for-each-ref --format=%(refname)%00%(upstream:short)%00%(objectname)%00%(upstream:track)%00%(upstream:remotename)%00%(upstream:remoteref) refs/heads/master refs/remotes/master [1ms]
2024-09-16 20:05:24.548 [warning] [Git][getBranch] No such branch: master
2024-09-16 20:05:49.303 [info] [Git][getRemotes] No remotes found in the git config file
2024-09-16 20:05:49.303 [info] > git config --get commit.template [4ms]
2024-09-16 20:05:49.304 [info] > git for-each-ref --format=%(refname)%00%(upstream:short)%00%(objectname)%00%(upstream:track)%00%(upstream:remotename)%00%(upstream:remoteref) refs/heads/master refs/remotes/master [1ms]
2024-09-16 20:05:49.304 [warning] [Git][getBranch] No such branch: master
2024-09-16 20:05:49.309 [info] > git status -z -uall [1ms]
2024-09-16 20:05:49.314 [info] > git for-each-ref --format=%(refname)%00%(upstream:short)%00%(objectname)%00%(upstream:track)%00%(upstream:remotename)%00%(upstream:remoteref) refs/heads/master refs/remotes/master [1ms]
2024-09-16 20:05:49.314 [warning] [Git][getBranch] No such branch: master
2024-09-16 20:05:54.321 [info] [Git][getRemotes] No remotes found in the git config file
2024-09-16 20:05:54.325 [info] > git config --get commit.template [4ms]
2024-09-16 20:05:54.325 [info] > git for-each-ref --format=%(refname)%00%(upstream:short)%00%(objectname)%00%(upstream:track)%00%(upstream:remotename)%00%(upstream:remoteref) refs/heads/master refs/remotes/master [0ms]
2024-09-16 20:05:54.325 [warning] [Git][getBranch] No such branch: master
2024-09-16 20:05:54.330 [info] > git status -z -uall [1ms]
2024-09-16 20:05:54.334 [info] > git for-each-ref --format=%(refname)%00%(upstream:short)%00%(objectname)%00%(upstream:track)%00%(upstream:remotename)%00%(upstream:remoteref) refs/heads/master refs/remotes/master [1ms]
2024-09-16 20:05:54.334 [warning] [Git][getBranch] No such branch: master
2024-09-16 20:06:14.946 [info] [Git][getRemotes] No remotes found in the git config file
2024-09-16 20:06:14.946 [info] > git config --get commit.template [4ms]
2024-09-16 20:06:14.946 [info] > git for-each-ref --format=%(refname)%00%(upstream:short)%00%(objectname)%00%(upstream:track)%00%(upstream:remotename)%00%(upstream:remoteref) refs/heads/master refs/remotes/master [0ms]
2024-09-16 20:06:14.946 [warning] [Git][getBranch] No such branch: master
2024-09-16 20:06:14.951 [info] > git status -z -uall [1ms]
2024-09-16 20:06:14.955 [info] > git for-each-ref --format=%(refname)%00%(upstream:short)%00%(objectname)%00%(upstream:track)%00%(upstream:remotename)%00%(upstream:remoteref) refs/heads/master refs/remotes/master [1ms]
2024-09-16 20:06:14.955 [warning] [Git][getBranch] No such branch: master
2024-09-16 20:06:19.964 [info] [Git][getRemotes] No remotes found in the git config file
2024-09-16 20:06:19.968 [info] > git config --get commit.template [4ms]
2024-09-16 20:06:19.969 [info] > git for-each-ref --format=%(refname)%00%(upstream:short)%00%(objectname)%00%(upstream:track)%00%(upstream:remotename)%00%(upstream:remoteref) refs/heads/master refs/remotes/master [1ms]
2024-09-16 20:06:19.969 [warning] [Git][getBranch] No such branch: master
2024-09-16 20:06:19.973 [info] > git status -z -uall [1ms]
2024-09-16 20:06:19.977 [info] > git for-each-ref --format=%(refname)%00%(upstream:short)%00%(objectname)%00%(upstream:track)%00%(upstream:remotename)%00%(upstream:remoteref) refs/heads/master refs/remotes/master [0ms]
2024-09-16 20:06:19.977 [warning] [Git][getBranch] No such branch: master
2024-09-16 20:07:58.032 [info] [Git][getRemotes] No remotes found in the git config file
2024-09-16 20:07:58.032 [info] > git config --get commit.template [4ms]
2024-09-16 20:07:58.032 [info] > git for-each-ref --format=%(refname)%00%(upstream:short)%00%(objectname)%00%(upstream:track)%00%(upstream:remotename)%00%(upstream:remoteref) refs/heads/master refs/remotes/master [0ms]
2024-09-16 20:07:58.032 [warning] [Git][getBranch] No such branch: master
2024-09-16 20:07:58.036 [info] > git status -z -uall [0ms]
2024-09-16 20:07:58.041 [info] > git for-each-ref --format=%(refname)%00%(upstream:short)%00%(objectname)%00%(upstream:track)%00%(upstream:remotename)%00%(upstream:remoteref) refs/heads/master refs/remotes/master [1ms]
2024-09-16 20:07:58.041 [warning] [Git][getBranch] No such branch: master
2024-09-16 20:08:03.050 [info] [Git][getRemotes] No remotes found in the git config file
2024-09-16 20:08:03.051 [info] > git config --get commit.template [5ms]
2024-09-16 20:08:03.051 [info] > git for-each-ref --format=%(refname)%00%(upstream:short)%00%(objectname)%00%(upstream:track)%00%(upstream:remotename)%00%(upstream:remoteref) refs/heads/master refs/remotes/master [1ms]
2024-09-16 20:08:03.051 [warning] [Git][getBranch] No such branch: master
2024-09-16 20:08:03.056 [info] > git status -z -uall [1ms]
2024-09-16 20:08:03.060 [info] > git for-each-ref --format=%(refname)%00%(upstream:short)%00%(objectname)%00%(upstream:track)%00%(upstream:remotename)%00%(upstream:remoteref) refs/heads/master refs/remotes/master [1ms]
2024-09-16 20:08:03.060 [warning] [Git][getBranch] No such branch: master
2024-09-16 20:14:39.399 [info] > git show --textconv :src/main.rs [4ms]
2024-09-16 20:14:39.399 [info] > git ls-files --stage -- /home/arch/Projects/Rust/voice/src/main.rs [0ms]
2024-09-16 20:14:40.253 [info] [Git][getRemotes] No remotes found in the git config file
2024-09-16 20:14:40.253 [info] > git config --get commit.template [4ms]
2024-09-16 20:14:40.253 [info] > git for-each-ref --format=%(refname)%00%(upstream:short)%00%(objectname)%00%(upstream:track)%00%(upstream:remotename)%00%(upstream:remoteref) refs/heads/master refs/remotes/master [0ms]
2024-09-16 20:14:40.253 [warning] [Git][getBranch] No such branch: master
2024-09-16 20:14:40.259 [info] > git status -z -uall [2ms]
2024-09-16 20:14:40.262 [info] > git for-each-ref --format=%(refname)%00%(upstream:short)%00%(objectname)%00%(upstream:track)%00%(upstream:remotename)%00%(upstream:remoteref) refs/heads/master refs/remotes/master [0ms]
2024-09-16 20:14:40.262 [warning] [Git][getBranch] No such branch: master
2024-09-16 20:14:45.273 [info] [Git][getRemotes] No remotes found in the git config file
2024-09-16 20:14:45.273 [info] > git config --get commit.template [5ms]
2024-09-16 20:14:45.274 [info] > git for-each-ref --format=%(refname)%00%(upstream:short)%00%(objectname)%00%(upstream:track)%00%(upstream:remotename)%00%(upstream:remoteref) refs/heads/master refs/remotes/master [2ms]
2024-09-16 20:14:45.274 [warning] [Git][getBranch] No such branch: master
2024-09-16 20:14:45.278 [info] > git status -z -uall [1ms]
2024-09-16 20:14:45.283 [info] > git for-each-ref --format=%(refname)%00%(upstream:short)%00%(objectname)%00%(upstream:track)%00%(upstream:remotename)%00%(upstream:remoteref) refs/heads/master refs/remotes/master [1ms]
2024-09-16 20:14:45.283 [warning] [Git][getBranch] No such branch: master
2024-09-16 20:14:45.620 [info] > git check-ignore -v -z --stdin [1ms]
2024-09-16 20:16:40.013 [info] > git check-ignore -v -z --stdin [1ms]
2024-09-16 20:16:57.155 [info] > git check-ignore -v -z --stdin [1ms]
2024-09-16 20:19:12.758 [info] [Git][getRemotes] No remotes found in the git config file
2024-09-16 20:19:12.758 [info] > git config --get commit.template [4ms]
2024-09-16 20:19:12.759 [info] > git for-each-ref --format=%(refname)%00%(upstream:short)%00%(objectname)%00%(upstream:track)%00%(upstream:remotename)%00%(upstream:remoteref) refs/heads/master refs/remotes/master [1ms]
2024-09-16 20:19:12.759 [warning] [Git][getBranch] No such branch: master
2024-09-16 20:19:12.763 [info] > git status -z -uall [1ms]
2024-09-16 20:19:12.767 [info] > git for-each-ref --format=%(refname)%00%(upstream:short)%00%(objectname)%00%(upstream:track)%00%(upstream:remotename)%00%(upstream:remoteref) refs/heads/master refs/remotes/master [1ms]
2024-09-16 20:19:12.767 [warning] [Git][getBranch] No such branch: master
2024-09-16 20:19:30.410 [info] > git check-ignore -v -z --stdin [1ms]
2024-09-16 20:19:46.826 [info] [Git][getRemotes] No remotes found in the git config file
2024-09-16 20:19:46.826 [info] > git config --get commit.template [4ms]
2024-09-16 20:19:46.827 [info] > git for-each-ref --format=%(refname)%00%(upstream:short)%00%(objectname)%00%(upstream:track)%00%(upstream:remotename)%00%(upstream:remoteref) refs/heads/master refs/remotes/master [1ms]
2024-09-16 20:19:46.827 [warning] [Git][getBranch] No such branch: master
2024-09-16 20:19:46.831 [info] > git status -z -uall [1ms]
2024-09-16 20:19:46.837 [info] > git for-each-ref --format=%(refname)%00%(upstream:short)%00%(objectname)%00%(upstream:track)%00%(upstream:remotename)%00%(upstream:remoteref) refs/heads/master refs/remotes/master [2ms]
2024-09-16 20:19:46.837 [warning] [Git][getBranch] No such branch: master
2024-09-16 20:19:57.459 [info] [Git][getRemotes] No remotes found in the git config file
2024-09-16 20:19:57.460 [info] > git config --get commit.template [4ms]
2024-09-16 20:19:57.461 [info] > git for-each-ref --format=%(refname)%00%(upstream:short)%00%(objectname)%00%(upstream:track)%00%(upstream:remotename)%00%(upstream:remoteref) refs/heads/master refs/remotes/master [1ms]
2024-09-16 20:19:57.461 [warning] [Git][getBranch] No such branch: master
2024-09-16 20:19:57.465 [info] > git status -z -uall [1ms]
2024-09-16 20:19:57.471 [info] > git for-each-ref --format=%(refname)%00%(upstream:short)%00%(objectname)%00%(upstream:track)%00%(upstream:remotename)%00%(upstream:remoteref) refs/heads/master refs/remotes/master [1ms]
2024-09-16 20:19:57.471 [warning] [Git][getBranch] No such branch: master
2024-09-16 20:21:56.402 [info] > git show --textconv :src/speech_to_text.rs [3ms]
2024-09-16 20:21:56.403 [info] > git ls-files --stage -- /home/arch/Projects/Rust/voice/src/speech_to_text.rs [1ms]
2024-09-16 20:21:58.275 [info] > git show --textconv :src/main.rs [5ms]
2024-09-16 20:21:58.275 [info] > git ls-files --stage -- /home/arch/Projects/Rust/voice/src/main.rs [1ms]
2024-09-16 20:23:02.190 [info] [Git][getRemotes] No remotes found in the git config file
2024-09-16 20:23:02.191 [info] > git config --get commit.template [5ms]
2024-09-16 20:23:02.191 [info] > git for-each-ref --format=%(refname)%00%(upstream:short)%00%(objectname)%00%(upstream:track)%00%(upstream:remotename)%00%(upstream:remoteref) refs/heads/master refs/remotes/master [1ms]
2024-09-16 20:23:02.191 [warning] [Git][getBranch] No such branch: master
2024-09-16 20:23:02.196 [info] > git status -z -uall [1ms]
2024-09-16 20:23:02.201 [info] > git for-each-ref --format=%(refname)%00%(upstream:short)%00%(objectname)%00%(upstream:track)%00%(upstream:remotename)%00%(upstream:remoteref) refs/heads/master refs/remotes/master [1ms]
2024-09-16 20:23:02.201 [warning] [Git][getBranch] No such branch: master
2024-09-16 20:23:07.207 [info] [Git][getRemotes] No remotes found in the git config file
2024-09-16 20:23:07.211 [info] > git config --get commit.template [4ms]
2024-09-16 20:23:07.212 [info] > git for-each-ref --format=%(refname)%00%(upstream:short)%00%(objectname)%00%(upstream:track)%00%(upstream:remotename)%00%(upstream:remoteref) refs/heads/master refs/remotes/master [1ms]
2024-09-16 20:23:07.212 [warning] [Git][getBranch] No such branch: master
2024-09-16 20:23:07.216 [info] > git status -z -uall [1ms]
2024-09-16 20:23:07.221 [info] > git for-each-ref --format=%(refname)%00%(upstream:short)%00%(objectname)%00%(upstream:track)%00%(upstream:remotename)%00%(upstream:remoteref) refs/heads/master refs/remotes/master [1ms]
2024-09-16 20:23:07.221 [warning] [Git][getBranch] No such branch: master
2024-09-16 20:27:58.423 [info] > git show --textconv :src/speech_to_text.rs [4ms]
2024-09-16 20:27:58.423 [info] > git ls-files --stage -- /home/arch/Projects/Rust/voice/src/speech_to_text.rs [1ms]
2024-09-16 20:28:04.910 [info] [Git][getRemotes] No remotes found in the git config file
2024-09-16 20:28:04.910 [info] > git config --get commit.template [4ms]
2024-09-16 20:28:04.911 [info] > git for-each-ref --format=%(refname)%00%(upstream:short)%00%(objectname)%00%(upstream:track)%00%(upstream:remotename)%00%(upstream:remoteref) refs/heads/master refs/remotes/master [1ms]
2024-09-16 20:28:04.911 [warning] [Git][getBranch] No such branch: master
2024-09-16 20:28:04.915 [info] > git status -z -uall [1ms]
2024-09-16 20:28:04.919 [info] > git for-each-ref --format=%(refname)%00%(upstream:short)%00%(objectname)%00%(upstream:track)%00%(upstream:remotename)%00%(upstream:remoteref) refs/heads/master refs/remotes/master [0ms]
2024-09-16 20:28:04.919 [warning] [Git][getBranch] No such branch: master
2024-09-16 20:28:09.934 [info] [Git][getRemotes] No remotes found in the git config file
2024-09-16 20:28:09.934 [info] > git config --get commit.template [5ms]
2024-09-16 20:28:09.934 [info] > git for-each-ref --format=%(refname)%00%(upstream:short)%00%(objectname)%00%(upstream:track)%00%(upstream:remotename)%00%(upstream:remoteref) refs/heads/master refs/remotes/master [0ms]
2024-09-16 20:28:09.934 [warning] [Git][getBranch] No such branch: master
2024-09-16 20:28:09.939 [info] > git status -z -uall [1ms]
2024-09-16 20:28:09.943 [info] > git for-each-ref --format=%(refname)%00%(upstream:short)%00%(objectname)%00%(upstream:track)%00%(upstream:remotename)%00%(upstream:remoteref) refs/heads/master refs/remotes/master [0ms]
2024-09-16 20:28:09.944 [warning] [Git][getBranch] No such branch: master
2024-09-16 20:28:21.762 [info] > git show --textconv :src/main.rs [5ms]
2024-09-16 20:28:21.762 [info] > git ls-files --stage -- /home/arch/Projects/Rust/voice/src/main.rs [0ms]
2024-09-16 20:28:35.315 [info] [Git][getRemotes] No remotes found in the git config file
2024-09-16 20:28:35.315 [info] > git config --get commit.template [5ms]
2024-09-16 20:28:35.315 [info] > git for-each-ref --format=%(refname)%00%(upstream:short)%00%(objectname)%00%(upstream:track)%00%(upstream:remotename)%00%(upstream:remoteref) refs/heads/master refs/remotes/master [1ms]
2024-09-16 20:28:35.315 [warning] [Git][getBranch] No such branch: master
2024-09-16 20:28:35.320 [info] > git status -z -uall [1ms]
2024-09-16 20:28:35.324 [info] > git for-each-ref --format=%(refname)%00%(upstream:short)%00%(objectname)%00%(upstream:track)%00%(upstream:remotename)%00%(upstream:remoteref) refs/heads/master refs/remotes/master [1ms]
2024-09-16 20:28:35.324 [warning] [Git][getBranch] No such branch: master
2024-09-16 20:28:40.334 [info] [Git][getRemotes] No remotes found in the git config file
2024-09-16 20:28:40.334 [info] > git config --get commit.template [4ms]
2024-09-16 20:28:40.335 [info] > git for-each-ref --format=%(refname)%00%(upstream:short)%00%(objectname)%00%(upstream:track)%00%(upstream:remotename)%00%(upstream:remoteref) refs/heads/master refs/remotes/master [1ms]
2024-09-16 20:28:40.335 [warning] [Git][getBranch] No such branch: master
2024-09-16 20:28:40.339 [info] > git status -z -uall [1ms]
2024-09-16 20:28:40.344 [info] > git for-each-ref --format=%(refname)%00%(upstream:short)%00%(objectname)%00%(upstream:track)%00%(upstream:remotename)%00%(upstream:remoteref) refs/heads/master refs/remotes/master [1ms]
2024-09-16 20:28:40.344 [warning] [Git][getBranch] No such branch: master
2024-09-16 20:29:02.171 [info] [Git][getRemotes] No remotes found in the git config file
2024-09-16 20:29:02.171 [info] > git config --get commit.template [5ms]
2024-09-16 20:29:02.172 [info] > git for-each-ref --format=%(refname)%00%(upstream:short)%00%(objectname)%00%(upstream:track)%00%(upstream:remotename)%00%(upstream:remoteref) refs/heads/master refs/remotes/master [1ms]
2024-09-16 20:29:02.172 [warning] [Git][getBranch] No such branch: master
2024-09-16 20:29:02.176 [info] > git status -z -uall [1ms]
2024-09-16 20:29:02.180 [info] > git for-each-ref --format=%(refname)%00%(upstream:short)%00%(objectname)%00%(upstream:track)%00%(upstream:remotename)%00%(upstream:remoteref) refs/heads/master refs/remotes/master [0ms]
2024-09-16 20:29:02.180 [warning] [Git][getBranch] No such branch: master
2024-09-16 20:29:07.191 [info] [Git][getRemotes] No remotes found in the git config file
2024-09-16 20:29:07.191 [info] > git config --get commit.template [4ms]
2024-09-16 20:29:07.192 [info] > git for-each-ref --format=%(refname)%00%(upstream:short)%00%(objectname)%00%(upstream:track)%00%(upstream:remotename)%00%(upstream:remoteref) refs/heads/master refs/remotes/master [1ms]
2024-09-16 20:29:07.192 [warning] [Git][getBranch] No such branch: master
2024-09-16 20:29:07.196 [info] > git status -z -uall [1ms]
2024-09-16 20:29:07.200 [info] > git for-each-ref --format=%(refname)%00%(upstream:short)%00%(objectname)%00%(upstream:track)%00%(upstream:remotename)%00%(upstream:remoteref) refs/heads/master refs/remotes/master [1ms]
2024-09-16 20:29:07.200 [warning] [Git][getBranch] No such branch: master
2024-09-16 20:31:20.061 [info] > git show --textconv :src/speech_to_text.rs [4ms]
2024-09-16 20:31:20.062 [info] > git ls-files --stage -- /home/arch/Projects/Rust/voice/src/speech_to_text.rs [1ms]
2024-09-16 20:31:21.759 [info] > git show --textconv :src/main.rs [4ms]
2024-09-16 20:31:21.759 [info] > git ls-files --stage -- /home/arch/Projects/Rust/voice/src/main.rs [0ms]
2024-09-16 20:31:33.662 [info] > git show --textconv :src/speech_to_text.rs [4ms]
2024-09-16 20:31:33.663 [info] > git ls-files --stage -- /home/arch/Projects/Rust/voice/src/speech_to_text.rs [1ms]
2024-09-16 20:31:34.442 [info] [Git][getRemotes] No remotes found in the git config file
2024-09-16 20:31:34.442 [info] > git config --get commit.template [4ms]
2024-09-16 20:31:34.443 [info] > git for-each-ref --format=%(refname)%00%(upstream:short)%00%(objectname)%00%(upstream:track)%00%(upstream:remotename)%00%(upstream:remoteref) refs/heads/master refs/remotes/master [1ms]
2024-09-16 20:31:34.443 [warning] [Git][getBranch] No such branch: master
2024-09-16 20:31:34.447 [info] > git status -z -uall [1ms]
2024-09-16 20:31:34.452 [info] > git for-each-ref --format=%(refname)%00%(upstream:short)%00%(objectname)%00%(upstream:track)%00%(upstream:remotename)%00%(upstream:remoteref) refs/heads/master refs/remotes/master [1ms]
2024-09-16 20:31:34.452 [warning] [Git][getBranch] No such branch: master
2024-09-16 20:31:40.977 [info] [Git][getRemotes] No remotes found in the git config file
2024-09-16 20:31:40.981 [info] > git config --get commit.template [4ms]
2024-09-16 20:31:40.981 [info] > git for-each-ref --format=%(refname)%00%(upstream:short)%00%(objectname)%00%(upstream:track)%00%(upstream:remotename)%00%(upstream:remoteref) refs/heads/master refs/remotes/master [0ms]
2024-09-16 20:31:40.981 [warning] [Git][getBranch] No such branch: master
2024-09-16 20:31:40.986 [info] > git status -z -uall [1ms]
2024-09-16 20:31:40.991 [info] > git for-each-ref --format=%(refname)%00%(upstream:short)%00%(objectname)%00%(upstream:track)%00%(upstream:remotename)%00%(upstream:remoteref) refs/heads/master refs/remotes/master [1ms]
2024-09-16 20:31:40.991 [warning] [Git][getBranch] No such branch: master
2024-09-16 20:32:26.456 [info] [Git][getRemotes] No remotes found in the git config file
2024-09-16 20:32:26.456 [info] > git config --get commit.template [4ms]
2024-09-16 20:32:26.456 [info] > git for-each-ref --format=%(refname)%00%(upstream:short)%00%(objectname)%00%(upstream:track)%00%(upstream:remotename)%00%(upstream:remoteref) refs/heads/master refs/remotes/master [0ms]
2024-09-16 20:32:26.456 [warning] [Git][getBranch] No such branch: master
2024-09-16 20:32:26.461 [info] > git status -z -uall [1ms]
2024-09-16 20:32:26.466 [info] > git for-each-ref --format=%(refname)%00%(upstream:short)%00%(objectname)%00%(upstream:track)%00%(upstream:remotename)%00%(upstream:remoteref) refs/heads/master refs/remotes/master [1ms]
2024-09-16 20:32:26.466 [warning] [Git][getBranch] No such branch: master
2024-09-16 20:34:36.921 [info] [Git][getRemotes] No remotes found in the git config file
2024-09-16 20:34:36.921 [info] > git config --get commit.template [4ms]
2024-09-16 20:34:36.922 [info] > git for-each-ref --format=%(refname)%00%(upstream:short)%00%(objectname)%00%(upstream:track)%00%(upstream:remotename)%00%(upstream:remoteref) refs/heads/master refs/remotes/master [1ms]
2024-09-16 20:34:36.922 [warning] [Git][getBranch] No such branch: master
2024-09-16 20:34:36.926 [info] > git status -z -uall [1ms]
2024-09-16 20:34:36.931 [info] > git for-each-ref --format=%(refname)%00%(upstream:short)%00%(objectname)%00%(upstream:track)%00%(upstream:remotename)%00%(upstream:remoteref) refs/heads/master refs/remotes/master [1ms]
2024-09-16 20:34:36.931 [warning] [Git][getBranch] No such branch: master
2024-09-16 20:34:49.951 [info] > git show --textconv :src/main.rs [5ms]
2024-09-16 20:34:49.951 [info] > git ls-files --stage -- /home/arch/Projects/Rust/voice/src/main.rs [1ms]
2024-09-16 20:35:00.555 [info] > git show --textconv :src/speech_to_text.rs [6ms]
2024-09-16 20:35:00.556 [info] > git ls-files --stage -- /home/arch/Projects/Rust/voice/src/speech_to_text.rs [1ms]
2024-09-16 20:35:03.433 [info] > git show --textconv :src/main.rs [4ms]
2024-09-16 20:35:03.434 [info] > git ls-files --stage -- /home/arch/Projects/Rust/voice/src/main.rs [1ms]
2024-09-16 20:38:41.750 [info] [Git][getRemotes] No remotes found in the git config file
2024-09-16 20:38:41.750 [info] > git config --get commit.template [4ms]
2024-09-16 20:38:41.751 [info] > git for-each-ref --format=%(refname)%00%(upstream:short)%00%(objectname)%00%(upstream:track)%00%(upstream:remotename)%00%(upstream:remoteref) refs/heads/master refs/remotes/master [1ms]
2024-09-16 20:38:41.751 [warning] [Git][getBranch] No such branch: master
2024-09-16 20:38:41.755 [info] > git status -z -uall [1ms]
2024-09-16 20:38:41.759 [info] > git for-each-ref --format=%(refname)%00%(upstream:short)%00%(objectname)%00%(upstream:track)%00%(upstream:remotename)%00%(upstream:remoteref) refs/heads/master refs/remotes/master [0ms]
2024-09-16 20:38:41.759 [warning] [Git][getBranch] No such branch: master
2024-09-16 20:38:46.773 [info] [Git][getRemotes] No remotes found in the git config file
2024-09-16 20:38:46.774 [info] > git config --get commit.template [5ms]
2024-09-16 20:38:46.774 [info] > git for-each-ref --format=%(refname)%00%(upstream:short)%00%(objectname)%00%(upstream:track)%00%(upstream:remotename)%00%(upstream:remoteref) refs/heads/master refs/remotes/master [1ms]
2024-09-16 20:38:46.774 [warning] [Git][getBranch] No such branch: master
2024-09-16 20:38:46.779 [info] > git status -z -uall [1ms]
2024-09-16 20:38:46.783 [info] > git for-each-ref --format=%(refname)%00%(upstream:short)%00%(objectname)%00%(upstream:track)%00%(upstream:remotename)%00%(upstream:remoteref) refs/heads/master refs/remotes/master [0ms]
2024-09-16 20:38:46.783 [warning] [Git][getBranch] No such branch: master
2024-09-16 20:39:05.425 [info] [Git][getRemotes] No remotes found in the git config file
2024-09-16 20:39:05.425 [info] > git config --get commit.template [4ms]
2024-09-16 20:39:05.426 [info] > git for-each-ref --format=%(refname)%00%(upstream:short)%00%(objectname)%00%(upstream:track)%00%(upstream:remotename)%00%(upstream:remoteref) refs/heads/master refs/remotes/master [1ms]
2024-09-16 20:39:05.426 [warning] [Git][getBranch] No such branch: master
2024-09-16 20:39:05.430 [info] > git status -z -uall [1ms]
2024-09-16 20:39:05.435 [info] > git for-each-ref --format=%(refname)%00%(upstream:short)%00%(objectname)%00%(upstream:track)%00%(upstream:remotename)%00%(upstream:remoteref) refs/heads/master refs/remotes/master [1ms]
2024-09-16 20:39:05.435 [warning] [Git][getBranch] No such branch: master
2024-09-16 20:39:10.446 [info] [Git][getRemotes] No remotes found in the git config file
2024-09-16 20:39:10.446 [info] > git config --get commit.template [4ms]
2024-09-16 20:39:10.447 [info] > git for-each-ref --format=%(refname)%00%(upstream:short)%00%(objectname)%00%(upstream:track)%00%(upstream:remotename)%00%(upstream:remoteref) refs/heads/master refs/remotes/master [1ms]
2024-09-16 20:39:10.447 [warning] [Git][getBranch] No such branch: master
2024-09-16 20:39:10.452 [info] > git status -z -uall [2ms]
2024-09-16 20:39:10.456 [info] > git for-each-ref --format=%(refname)%00%(upstream:short)%00%(objectname)%00%(upstream:track)%00%(upstream:remotename)%00%(upstream:remoteref) refs/heads/master refs/remotes/master [1ms]
2024-09-16 20:39:10.456 [warning] [Git][getBranch] No such branch: master
2024-09-16 20:39:43.153 [info] [Git][getRemotes] No remotes found in the git config file
2024-09-16 20:39:43.157 [info] > git config --get commit.template [4ms]
2024-09-16 20:39:43.157 [info] > git for-each-ref --format=%(refname)%00%(upstream:short)%00%(objectname)%00%(upstream:track)%00%(upstream:remotename)%00%(upstream:remoteref) refs/heads/master refs/remotes/master [1ms]
2024-09-16 20:39:43.157 [warning] [Git][getBranch] No such branch: master
2024-09-16 20:39:43.161 [info] > git status -z -uall [1ms]
2024-09-16 20:39:43.167 [info] > git for-each-ref --format=%(refname)%00%(upstream:short)%00%(objectname)%00%(upstream:track)%00%(upstream:remotename)%00%(upstream:remoteref) refs/heads/master refs/remotes/master [2ms]
2024-09-16 20:39:43.167 [warning] [Git][getBranch] No such branch: master
2024-09-16 20:39:48.172 [info] [Git][getRemotes] No remotes found in the git config file
2024-09-16 20:39:48.176 [info] > git config --get commit.template [4ms]
2024-09-16 20:39:48.177 [info] > git for-each-ref --format=%(refname)%00%(upstream:short)%00%(objectname)%00%(upstream:track)%00%(upstream:remotename)%00%(upstream:remoteref) refs/heads/master refs/remotes/master [1ms]
2024-09-16 20:39:48.177 [warning] [Git][getBranch] No such branch: master
2024-09-16 20:39:48.181 [info] > git status -z -uall [1ms]
2024-09-16 20:39:48.185 [info] > git for-each-ref --format=%(refname)%00%(upstream:short)%00%(objectname)%00%(upstream:track)%00%(upstream:remotename)%00%(upstream:remoteref) refs/heads/master refs/remotes/master [0ms]
2024-09-16 20:39:48.185 [warning] [Git][getBranch] No such branch: master
2024-09-16 20:40:30.206 [info] > git check-ignore -v -z --stdin [1ms]
2024-09-16 20:40:31.348 [info] > git check-ignore -v -z --stdin [1ms]
2024-09-16 20:40:32.475 [info] > git show --textconv :model-en-light/conf/mfcc.conf [4ms]
2024-09-16 20:40:32.475 [info] > git ls-files --stage -- /home/arch/Projects/Rust/voice/model-en-light/conf/mfcc.conf [1ms]
2024-09-16 20:40:34.349 [info] > git show --textconv :model-en-light/conf/model.conf [4ms]
2024-09-16 20:40:34.350 [info] > git ls-files --stage -- /home/arch/Projects/Rust/voice/model-en-light/conf/model.conf [1ms]
2024-09-16 20:40:38.107 [info] > git check-ignore -v -z --stdin [1ms]
2024-09-16 20:40:39.549 [info] > git check-ignore -v -z --stdin [1ms]
2024-09-16 20:40:41.733 [info] > git check-ignore -v -z --stdin [1ms]
2024-09-16 20:40:48.472 [info] > git show --textconv :src/main.rs [5ms]
2024-09-16 20:40:48.472 [info] > git ls-files --stage -- /home/arch/Projects/Rust/voice/src/main.rs [1ms]
2024-09-16 20:40:49.916 [info] > git show --textconv :model-en-light/README [4ms]
2024-09-16 20:40:49.916 [info] > git ls-files --stage -- /home/arch/Projects/Rust/voice/model-en-light/README [0ms]
2024-09-16 20:40:57.155 [info] > git show --textconv :src/main.rs [4ms]
2024-09-16 20:40:57.155 [info] > git ls-files --stage -- /home/arch/Projects/Rust/voice/src/main.rs [1ms]
2024-09-16 20:40:59.693 [info] > git check-ignore -v -z --stdin [1ms]
2024-09-16 20:41:01.410 [info] > git show --textconv :src/main.rs [4ms]
2024-09-16 20:41:01.411 [info] > git ls-files --stage -- /home/arch/Projects/Rust/voice/src/main.rs [1ms]
2024-09-16 20:41:02.308 [info] > git show --textconv :model-en-light/conf/model.conf [5ms]
2024-09-16 20:41:02.309 [info] > git ls-files --stage -- /home/arch/Projects/Rust/voice/model-en-light/conf/model.conf [1ms]
2024-09-16 20:41:02.761 [info] > git show --textconv :model-en-light/conf/mfcc.conf [4ms]
2024-09-16 20:41:02.762 [info] > git ls-files --stage -- /home/arch/Projects/Rust/voice/model-en-light/conf/mfcc.conf [1ms]
2024-09-16 20:41:06.522 [info] > git show --textconv :model-en-light/conf/model.conf [4ms]
2024-09-16 20:41:06.522 [info] > git ls-files --stage -- /home/arch/Projects/Rust/voice/model-en-light/conf/model.conf [0ms]
2024-09-16 20:41:11.041 [info] > git show --textconv :model-en-light/ivector/online_cmvn.conf [5ms]
2024-09-16 20:41:11.041 [info] > git ls-files --stage -- /home/arch/Projects/Rust/voice/model-en-light/ivector/online_cmvn.conf [1ms]
2024-09-16 20:41:13.895 [info] > git show --textconv :model-en-light/ivector/splice.conf [4ms]
2024-09-16 20:41:13.896 [info] > git ls-files --stage -- /home/arch/Projects/Rust/voice/model-en-light/ivector/splice.conf [1ms]
2024-09-16 20:41:15.775 [info] > git show --textconv :model-en-light/README [4ms]
2024-09-16 20:41:15.776 [info] > git ls-files --stage -- /home/arch/Projects/Rust/voice/model-en-light/README [1ms]
2024-09-16 20:41:17.625 [info] > git show --textconv :src/main.rs [4ms]
2024-09-16 20:41:17.626 [info] > git ls-files --stage -- /home/arch/Projects/Rust/voice/src/main.rs [1ms]
2024-09-16 20:44:32.212 [info] > git show --textconv :src/speech_to_text.rs [4ms]
2024-09-16 20:44:32.213 [info] > git ls-files --stage -- /home/arch/Projects/Rust/voice/src/speech_to_text.rs [1ms]
2024-09-16 20:45:39.669 [info] [Git][getRemotes] No remotes found in the git config file
2024-09-16 20:45:39.669 [info] > git config --get commit.template [4ms]
2024-09-16 20:45:39.670 [info] > git for-each-ref --format=%(refname)%00%(upstream:short)%00%(objectname)%00%(upstream:track)%00%(upstream:remotename)%00%(upstream:remoteref) refs/heads/master refs/remotes/master [1ms]
2024-09-16 20:45:39.670 [warning] [Git][getBranch] No such branch: master
2024-09-16 20:45:39.675 [info] > git status -z -uall [1ms]
2024-09-16 20:45:39.679 [info] > git for-each-ref --format=%(refname)%00%(upstream:short)%00%(objectname)%00%(upstream:track)%00%(upstream:remotename)%00%(upstream:remoteref) refs/heads/master refs/remotes/master [0ms]
2024-09-16 20:45:39.679 [warning] [Git][getBranch] No such branch: master
2024-09-16 20:45:44.692 [info] [Git][getRemotes] No remotes found in the git config file
2024-09-16 20:45:44.693 [info] > git config --get commit.template [5ms]
2024-09-16 20:45:44.693 [info] > git for-each-ref --format=%(refname)%00%(upstream:short)%00%(objectname)%00%(upstream:track)%00%(upstream:remotename)%00%(upstream:remoteref) refs/heads/master refs/remotes/master [1ms]
2024-09-16 20:45:44.693 [warning] [Git][getBranch] No such branch: master
2024-09-16 20:45:44.697 [info] > git status -z -uall [1ms]
2024-09-16 20:45:44.702 [info] > git for-each-ref --format=%(refname)%00%(upstream:short)%00%(objectname)%00%(upstream:track)%00%(upstream:remotename)%00%(upstream:remoteref) refs/heads/master refs/remotes/master [1ms]
2024-09-16 20:45:44.702 [warning] [Git][getBranch] No such branch: master
2024-09-16 20:46:20.746 [info] [Git][getRemotes] No remotes found in the git config file
2024-09-16 20:46:20.746 [info] > git config --get commit.template [4ms]
2024-09-16 20:46:20.747 [info] > git for-each-ref --format=%(refname)%00%(upstream:short)%00%(objectname)%00%(upstream:track)%00%(upstream:remotename)%00%(upstream:remoteref) refs/heads/master refs/remotes/master [1ms]
2024-09-16 20:46:20.747 [warning] [Git][getBranch] No such branch: master
2024-09-16 20:46:20.751 [info] > git status -z -uall [1ms]
2024-09-16 20:46:20.756 [info] > git for-each-ref --format=%(refname)%00%(upstream:short)%00%(objectname)%00%(upstream:track)%00%(upstream:remotename)%00%(upstream:remoteref) refs/heads/master refs/remotes/master [1ms]
2024-09-16 20:46:20.756 [warning] [Git][getBranch] No such branch: master
2024-09-16 20:46:25.768 [info] [Git][getRemotes] No remotes found in the git config file
2024-09-16 20:46:25.769 [info] > git config --get commit.template [5ms]
2024-09-16 20:46:25.769 [info] > git for-each-ref --format=%(refname)%00%(upstream:short)%00%(objectname)%00%(upstream:track)%00%(upstream:remotename)%00%(upstream:remoteref) refs/heads/master refs/remotes/master [1ms]
2024-09-16 20:46:25.769 [warning] [Git][getBranch] No such branch: master
2024-09-16 20:46:25.773 [info] > git status -z -uall [1ms]
2024-09-16 20:46:25.778 [info] > git for-each-ref --format=%(refname)%00%(upstream:short)%00%(objectname)%00%(upstream:track)%00%(upstream:remotename)%00%(upstream:remoteref) refs/heads/master refs/remotes/master [1ms]
2024-09-16 20:46:25.778 [warning] [Git][getBranch] No such branch: master
2024-09-16 20:47:05.026 [info] [Git][getRemotes] No remotes found in the git config file
2024-09-16 20:47:05.027 [info] > git config --get commit.template [4ms]
2024-09-16 20:47:05.027 [info] > git for-each-ref --format=%(refname)%00%(upstream:short)%00%(objectname)%00%(upstream:track)%00%(upstream:remotename)%00%(upstream:remoteref) refs/heads/master refs/remotes/master [1ms]
2024-09-16 20:47:05.027 [warning] [Git][getBranch] No such branch: master
2024-09-16 20:47:05.032 [info] > git status -z -uall [1ms]
2024-09-16 20:47:05.037 [info] > git for-each-ref --format=%(refname)%00%(upstream:short)%00%(objectname)%00%(upstream:track)%00%(upstream:remotename)%00%(upstream:remoteref) refs/heads/master refs/remotes/master [1ms]
2024-09-16 20:47:05.037 [warning] [Git][getBranch] No such branch: master
2024-09-16 20:47:11.338 [info] [Git][getRemotes] No remotes found in the git config file
2024-09-16 20:47:11.338 [info] > git config --get commit.template [4ms]
2024-09-16 20:47:11.339 [info] > git for-each-ref --format=%(refname)%00%(upstream:short)%00%(objectname)%00%(upstream:track)%00%(upstream:remotename)%00%(upstream:remoteref) refs/heads/master refs/remotes/master [1ms]
2024-09-16 20:47:11.339 [warning] [Git][getBranch] No such branch: master
2024-09-16 20:47:11.343 [info] > git status -z -uall [1ms]
2024-09-16 20:47:11.349 [info] > git for-each-ref --format=%(refname)%00%(upstream:short)%00%(objectname)%00%(upstream:track)%00%(upstream:remotename)%00%(upstream:remoteref) refs/heads/master refs/remotes/master [1ms]
2024-09-16 20:47:11.349 [warning] [Git][getBranch] No such branch: master
2024-09-16 20:47:16.362 [info] [Git][getRemotes] No remotes found in the git config file
2024-09-16 20:47:16.362 [info] > git config --get commit.template [4ms]
2024-09-16 20:47:16.362 [info] > git for-each-ref --format=%(refname)%00%(upstream:short)%00%(objectname)%00%(upstream:track)%00%(upstream:remotename)%00%(upstream:remoteref) refs/heads/master refs/remotes/master [0ms]
2024-09-16 20:47:16.362 [warning] [Git][getBranch] No such branch: master
2024-09-16 20:47:16.367 [info] > git status -z -uall [1ms]
2024-09-16 20:47:16.371 [info] > git for-each-ref --format=%(refname)%00%(upstream:short)%00%(objectname)%00%(upstream:track)%00%(upstream:remotename)%00%(upstream:remoteref) refs/heads/master refs/remotes/master [0ms]
2024-09-16 20:47:16.371 [warning] [Git][getBranch] No such branch: master
2024-09-16 20:47:53.296 [info] [Git][getRemotes] No remotes found in the git config file
2024-09-16 20:47:53.296 [info] > git config --get commit.template [4ms]
2024-09-16 20:47:53.296 [info] > git for-each-ref --format=%(refname)%00%(upstream:short)%00%(objectname)%00%(upstream:track)%00%(upstream:remotename)%00%(upstream:remoteref) refs/heads/master refs/remotes/master [0ms]
2024-09-16 20:47:53.296 [warning] [Git][getBranch] No such branch: master
2024-09-16 20:47:53.301 [info] > git status -z -uall [1ms]
2024-09-16 20:47:53.306 [info] > git for-each-ref --format=%(refname)%00%(upstream:short)%00%(objectname)%00%(upstream:track)%00%(upstream:remotename)%00%(upstream:remoteref) refs/heads/master refs/remotes/master [1ms]
2024-09-16 20:47:53.306 [warning] [Git][getBranch] No such branch: master
2024-09-16 20:47:58.314 [info] [Git][getRemotes] No remotes found in the git config file
2024-09-16 20:47:58.318 [info] > git config --get commit.template [4ms]
2024-09-16 20:47:58.318 [info] > git for-each-ref --format=%(refname)%00%(upstream:short)%00%(objectname)%00%(upstream:track)%00%(upstream:remotename)%00%(upstream:remoteref) refs/heads/master refs/remotes/master [0ms]
2024-09-16 20:47:58.319 [warning] [Git][getBranch] No such branch: master
2024-09-16 20:47:58.323 [info] > git status -z -uall [1ms]
2024-09-16 20:47:58.327 [info] > git for-each-ref --format=%(refname)%00%(upstream:short)%00%(objectname)%00%(upstream:track)%00%(upstream:remotename)%00%(upstream:remoteref) refs/heads/master refs/remotes/master [0ms]
2024-09-16 20:47:58.327 [warning] [Git][getBranch] No such branch: master
2024-09-16 20:48:37.721 [info] [Git][getRemotes] No remotes found in the git config file
2024-09-16 20:48:37.721 [info] > git config --get commit.template [5ms]
2024-09-16 20:48:37.722 [info] > git for-each-ref --format=%(refname)%00%(upstream:short)%00%(objectname)%00%(upstream:track)%00%(upstream:remotename)%00%(upstream:remoteref) refs/heads/master refs/remotes/master [1ms]
2024-09-16 20:48:37.722 [warning] [Git][getBranch] No such branch: master
2024-09-16 20:48:37.726 [info] > git status -z -uall [1ms]
2024-09-16 20:48:37.731 [info] > git for-each-ref --format=%(refname)%00%(upstream:short)%00%(objectname)%00%(upstream:track)%00%(upstream:remotename)%00%(upstream:remoteref) refs/heads/master refs/remotes/master [1ms]
2024-09-16 20:48:37.731 [warning] [Git][getBranch] No such branch: master
2024-09-16 20:48:42.745 [info] [Git][getRemotes] No remotes found in the git config file
2024-09-16 20:48:42.745 [info] > git config --get commit.template [4ms]
2024-09-16 20:48:42.746 [info] > git for-each-ref --format=%(refname)%00%(upstream:short)%00%(objectname)%00%(upstream:track)%00%(upstream:remotename)%00%(upstream:remoteref) refs/heads/master refs/remotes/master [1ms]
2024-09-16 20:48:42.746 [warning] [Git][getBranch] No such branch: master
2024-09-16 20:48:42.750 [info] > git status -z -uall [1ms]
2024-09-16 20:48:42.755 [info] > git for-each-ref --format=%(refname)%00%(upstream:short)%00%(objectname)%00%(upstream:track)%00%(upstream:remotename)%00%(upstream:remoteref) refs/heads/master refs/remotes/master [1ms]
2024-09-16 20:48:42.755 [warning] [Git][getBranch] No such branch: master
2024-09-16 20:49:34.352 [info] [Git][getRemotes] No remotes found in the git config file
2024-09-16 20:49:34.352 [info] > git config --get commit.template [4ms]
2024-09-16 20:49:34.353 [info] > git for-each-ref --format=%(refname)%00%(upstream:short)%00%(objectname)%00%(upstream:track)%00%(upstream:remotename)%00%(upstream:remoteref) refs/heads/master refs/remotes/master [1ms]
2024-09-16 20:49:34.353 [warning] [Git][getBranch] No such branch: master
2024-09-16 20:49:34.358 [info] > git status -z -uall [1ms]
2024-09-16 20:49:34.362 [info] > git for-each-ref --format=%(refname)%00%(upstream:short)%00%(objectname)%00%(upstream:track)%00%(upstream:remotename)%00%(upstream:remoteref) refs/heads/master refs/remotes/master [1ms]
2024-09-16 20:49:34.362 [warning] [Git][getBranch] No such branch: master
2024-09-16 20:49:37.196 [info] > git show --textconv :src/main.rs [5ms]
2024-09-16 20:49:37.196 [info] > git ls-files --stage -- /home/arch/Projects/Rust/voice/src/main.rs [1ms]
2024-09-16 20:52:02.646 [info] [Git][getRemotes] No remotes found in the git config file
2024-09-16 20:52:02.646 [info] > git config --get commit.template [4ms]
2024-09-16 20:52:02.647 [info] > git for-each-ref --format=%(refname)%00%(upstream:short)%00%(objectname)%00%(upstream:track)%00%(upstream:remotename)%00%(upstream:remoteref) refs/heads/master refs/remotes/master [1ms]
2024-09-16 20:52:02.647 [warning] [Git][getBranch] No such branch: master
2024-09-16 20:52:02.651 [info] > git status -z -uall [1ms]
2024-09-16 20:52:02.656 [info] > git for-each-ref --format=%(refname)%00%(upstream:short)%00%(objectname)%00%(upstream:track)%00%(upstream:remotename)%00%(upstream:remoteref) refs/heads/master refs/remotes/master [1ms]
2024-09-16 20:52:02.656 [warning] [Git][getBranch] No such branch: master
2024-09-16 20:52:16.786 [info] [Git][getRemotes] No remotes found in the git config file
2024-09-16 20:52:16.786 [info] > git config --get commit.template [4ms]
2024-09-16 20:52:16.787 [info] > git for-each-ref --format=%(refname)%00%(upstream:short)%00%(objectname)%00%(upstream:track)%00%(upstream:remotename)%00%(upstream:remoteref) refs/heads/master refs/remotes/master [1ms]
2024-09-16 20:52:16.787 [warning] [Git][getBranch] No such branch: master
2024-09-16 20:52:16.792 [info] > git status -z -uall [1ms]
2024-09-16 20:52:16.796 [info] > git for-each-ref --format=%(refname)%00%(upstream:short)%00%(objectname)%00%(upstream:track)%00%(upstream:remotename)%00%(upstream:remoteref) refs/heads/master refs/remotes/master [1ms]
2024-09-16 20:52:16.796 [warning] [Git][getBranch] No such branch: master
2024-09-16 20:52:21.803 [info] [Git][getRemotes] No remotes found in the git config file
2024-09-16 20:52:21.807 [info] > git config --get commit.template [4ms]
2024-09-16 20:52:21.808 [info] > git for-each-ref --format=%(refname)%00%(upstream:short)%00%(objectname)%00%(upstream:track)%00%(upstream:remotename)%00%(upstream:remoteref) refs/heads/master refs/remotes/master [1ms]
2024-09-16 20:52:21.808 [warning] [Git][getBranch] No such branch: master
2024-09-16 20:52:21.812 [info] > git status -z -uall [1ms]
2024-09-16 20:52:21.817 [info] > git for-each-ref --format=%(refname)%00%(upstream:short)%00%(objectname)%00%(upstream:track)%00%(upstream:remotename)%00%(upstream:remoteref) refs/heads/master refs/remotes/master [1ms]
2024-09-16 20:52:21.817 [warning] [Git][getBranch] No such branch: master
2024-09-16 20:52:51.169 [info] [Git][getRemotes] No remotes found in the git config file
2024-09-16 20:52:51.169 [info] > git config --get commit.template [5ms]
2024-09-16 20:52:51.170 [info] > git for-each-ref --format=%(refname)%00%(upstream:short)%00%(objectname)%00%(upstream:track)%00%(upstream:remotename)%00%(upstream:remoteref) refs/heads/master refs/remotes/master [1ms]
2024-09-16 20:52:51.170 [warning] [Git][getBranch] No such branch: master
2024-09-16 20:52:51.175 [info] > git status -z -uall [2ms]
2024-09-16 20:52:51.179 [info] > git for-each-ref --format=%(refname)%00%(upstream:short)%00%(objectname)%00%(upstream:track)%00%(upstream:remotename)%00%(upstream:remoteref) refs/heads/master refs/remotes/master [1ms]
2024-09-16 20:52:51.179 [warning] [Git][getBranch] No such branch: master
2024-09-16 20:52:56.192 [info] [Git][getRemotes] No remotes found in the git config file
2024-09-16 20:52:56.192 [info] > git config --get commit.template [5ms]
2024-09-16 20:52:56.193 [info] > git for-each-ref --format=%(refname)%00%(upstream:short)%00%(objectname)%00%(upstream:track)%00%(upstream:remotename)%00%(upstream:remoteref) refs/heads/master refs/remotes/master [1ms]
2024-09-16 20:52:56.193 [warning] [Git][getBranch] No such branch: master
2024-09-16 20:52:56.198 [info] > git status -z -uall [1ms]
2024-09-16 20:52:56.204 [info] > git for-each-ref --format=%(refname)%00%(upstream:short)%00%(objectname)%00%(upstream:track)%00%(upstream:remotename)%00%(upstream:remoteref) refs/heads/master refs/remotes/master [1ms]
2024-09-16 20:52:56.204 [warning] [Git][getBranch] No such branch: master
2024-09-16 20:55:18.695 [info] [Git][getRemotes] No remotes found in the git config file
2024-09-16 20:55:18.699 [info] > git config --get commit.template [4ms]
2024-09-16 20:55:18.699 [info] > git for-each-ref --format=%(refname)%00%(upstream:short)%00%(objectname)%00%(upstream:track)%00%(upstream:remotename)%00%(upstream:remoteref) refs/heads/master refs/remotes/master [0ms]
2024-09-16 20:55:18.699 [warning] [Git][getBranch] No such branch: master
2024-09-16 20:55:18.705 [info] > git status -z -uall [2ms]
2024-09-16 20:55:18.710 [info] > git for-each-ref --format=%(refname)%00%(upstream:short)%00%(objectname)%00%(upstream:track)%00%(upstream:remotename)%00%(upstream:remoteref) refs/heads/master refs/remotes/master [1ms]
2024-09-16 20:55:18.710 [warning] [Git][getBranch] No such branch: master
2024-09-16 20:55:23.719 [info] [Git][getRemotes] No remotes found in the git config file
2024-09-16 20:55:23.724 [info] > git config --get commit.template [4ms]
2024-09-16 20:55:23.724 [info] > git for-each-ref --format=%(refname)%00%(upstream:short)%00%(objectname)%00%(upstream:track)%00%(upstream:remotename)%00%(upstream:remoteref) refs/heads/master refs/remotes/master [1ms]
2024-09-16 20:55:23.724 [warning] [Git][getBranch] No such branch: master
2024-09-16 20:55:23.729 [info] > git status -z -uall [1ms]
2024-09-16 20:55:23.733 [info] > git for-each-ref --format=%(refname)%00%(upstream:short)%00%(objectname)%00%(upstream:track)%00%(upstream:remotename)%00%(upstream:remoteref) refs/heads/master refs/remotes/master [1ms]
2024-09-16 20:55:23.734 [warning] [Git][getBranch] No such branch: master
2024-09-16 20:56:05.214 [info] [Git][getRemotes] No remotes found in the git config file
2024-09-16 20:56:05.214 [info] > git config --get commit.template [5ms]
2024-09-16 20:56:05.215 [info] > git for-each-ref --format=%(refname)%00%(upstream:short)%00%(objectname)%00%(upstream:track)%00%(upstream:remotename)%00%(upstream:remoteref) refs/heads/master refs/remotes/master [1ms]
2024-09-16 20:56:05.215 [warning] [Git][getBranch] No such branch: master
2024-09-16 20:56:05.219 [info] > git status -z -uall [1ms]
2024-09-16 20:56:05.223 [info] > git for-each-ref --format=%(refname)%00%(upstream:short)%00%(objectname)%00%(upstream:track)%00%(upstream:remotename)%00%(upstream:remoteref) refs/heads/master refs/remotes/master [0ms]
2024-09-16 20:56:05.223 [warning] [Git][getBranch] No such branch: master
2024-09-16 20:56:10.238 [info] [Git][getRemotes] No remotes found in the git config file
2024-09-16 20:56:10.239 [info] > git config --get commit.template [4ms]
2024-09-16 20:56:10.239 [info] > git for-each-ref --format=%(refname)%00%(upstream:short)%00%(objectname)%00%(upstream:track)%00%(upstream:remotename)%00%(upstream:remoteref) refs/heads/master refs/remotes/master [1ms]
2024-09-16 20:56:10.239 [warning] [Git][getBranch] No such branch: master
2024-09-16 20:56:10.244 [info] > git status -z -uall [1ms]
2024-09-16 20:56:10.248 [info] > git for-each-ref --format=%(refname)%00%(upstream:short)%00%(objectname)%00%(upstream:track)%00%(upstream:remotename)%00%(upstream:remoteref) refs/heads/master refs/remotes/master [1ms]
2024-09-16 20:56:10.248 [warning] [Git][getBranch] No such branch: master
2024-09-16 20:56:29.935 [info] > git show --textconv :src/speech_to_text.rs [5ms]
2024-09-16 20:56:29.935 [info] > git ls-files --stage -- /home/arch/Projects/Rust/voice/src/speech_to_text.rs [1ms]
2024-09-16 20:56:35.843 [info] [Git][getRemotes] No remotes found in the git config file
2024-09-16 20:56:35.843 [info] > git config --get commit.template [4ms]
2024-09-16 20:56:35.844 [info] > git for-each-ref --format=%(refname)%00%(upstream:short)%00%(objectname)%00%(upstream:track)%00%(upstream:remotename)%00%(upstream:remoteref) refs/heads/master refs/remotes/master [1ms]
2024-09-16 20:56:35.844 [warning] [Git][getBranch] No such branch: master
2024-09-16 20:56:35.849 [info] > git status -z -uall [1ms]
2024-09-16 20:56:35.853 [info] > git for-each-ref --format=%(refname)%00%(upstream:short)%00%(objectname)%00%(upstream:track)%00%(upstream:remotename)%00%(upstream:remoteref) refs/heads/master refs/remotes/master [0ms]
2024-09-16 20:56:35.853 [warning] [Git][getBranch] No such branch: master
2024-09-16 20:56:40.866 [info] [Git][getRemotes] No remotes found in the git config file
2024-09-16 20:56:40.867 [info] > git config --get commit.template [5ms]
2024-09-16 20:56:40.867 [info] > git for-each-ref --format=%(refname)%00%(upstream:short)%00%(objectname)%00%(upstream:track)%00%(upstream:remotename)%00%(upstream:remoteref) refs/heads/master refs/remotes/master [1ms]
2024-09-16 20:56:40.867 [warning] [Git][getBranch] No such branch: master
2024-09-16 20:56:40.872 [info] > git status -z -uall [1ms]
2024-09-16 20:56:40.877 [info] > git for-each-ref --format=%(refname)%00%(upstream:short)%00%(objectname)%00%(upstream:track)%00%(upstream:remotename)%00%(upstream:remoteref) refs/heads/master refs/remotes/master [1ms]
2024-09-16 20:56:40.877 [warning] [Git][getBranch] No such branch: master
2024-09-16 20:57:06.191 [info] > git show --textconv :src/main.rs [4ms]
2024-09-16 20:57:06.192 [info] > git ls-files --stage -- /home/arch/Projects/Rust/voice/src/main.rs [1ms]
2024-09-16 20:57:39.646 [info] [Git][getRemotes] No remotes found in the git config file
2024-09-16 20:57:39.646 [info] > git config --get commit.template [5ms]
2024-09-16 20:57:39.647 [info] > git for-each-ref --format=%(refname)%00%(upstream:short)%00%(objectname)%00%(upstream:track)%00%(upstream:remotename)%00%(upstream:remoteref) refs/heads/master refs/remotes/master [1ms]
2024-09-16 20:57:39.647 [warning] [Git][getBranch] No such branch: master
2024-09-16 20:57:39.652 [info] > git status -z -uall [1ms]
2024-09-16 20:57:39.656 [info] > git for-each-ref --format=%(refname)%00%(upstream:short)%00%(objectname)%00%(upstream:track)%00%(upstream:remotename)%00%(upstream:remoteref) refs/heads/master refs/remotes/master [1ms]
2024-09-16 20:57:39.656 [warning] [Git][getBranch] No such branch: master
2024-09-16 20:57:44.664 [info] [Git][getRemotes] No remotes found in the git config file
2024-09-16 20:57:44.667 [info] > git config --get commit.template [4ms]
2024-09-16 20:57:44.668 [info] > git for-each-ref --format=%(refname)%00%(upstream:short)%00%(objectname)%00%(upstream:track)%00%(upstream:remotename)%00%(upstream:remoteref) refs/heads/master refs/remotes/master [1ms]
2024-09-16 20:57:44.668 [warning] [Git][getBranch] No such branch: master
2024-09-16 20:57:44.673 [info] > git status -z -uall [2ms]
2024-09-16 20:57:44.677 [info] > git for-each-ref --format=%(refname)%00%(upstream:short)%00%(objectname)%00%(upstream:track)%00%(upstream:remotename)%00%(upstream:remoteref) refs/heads/master refs/remotes/master [1ms]
2024-09-16 20:57:44.678 [warning] [Git][getBranch] No such branch: master
2024-09-16 20:58:33.150 [info] [Git][getRemotes] No remotes found in the git config file
2024-09-16 20:58:33.151 [info] > git config --get commit.template [5ms]
2024-09-16 20:58:33.151 [info] > git for-each-ref --format=%(refname)%00%(upstream:short)%00%(objectname)%00%(upstream:track)%00%(upstream:remotename)%00%(upstream:remoteref) refs/heads/master refs/remotes/master [1ms]
2024-09-16 20:58:33.151 [warning] [Git][getBranch] No such branch: master
2024-09-16 20:58:33.156 [info] > git status -z -uall [1ms]
2024-09-16 20:58:33.160 [info] > git for-each-ref --format=%(refname)%00%(upstream:short)%00%(objectname)%00%(upstream:track)%00%(upstream:remotename)%00%(upstream:remoteref) refs/heads/master refs/remotes/master [1ms]
2024-09-16 20:58:33.160 [warning] [Git][getBranch] No such branch: master
2024-09-16 20:58:38.168 [info] [Git][getRemotes] No remotes found in the git config file
2024-09-16 20:58:38.169 [info] > git config --get commit.template [4ms]
2024-09-16 20:58:38.169 [info] > git for-each-ref --format=%(refname)%00%(upstream:short)%00%(objectname)%00%(upstream:track)%00%(upstream:remotename)%00%(upstream:remoteref) refs/heads/master refs/remotes/master [1ms]
2024-09-16 20:58:38.169 [warning] [Git][getBranch] No such branch: master
2024-09-16 20:58:38.173 [info] > git status -z -uall [1ms]
2024-09-16 20:58:38.178 [info] > git for-each-ref --format=%(refname)%00%(upstream:short)%00%(objectname)%00%(upstream:track)%00%(upstream:remotename)%00%(upstream:remoteref) refs/heads/master refs/remotes/master [1ms]
2024-09-16 20:58:38.178 [warning] [Git][getBranch] No such branch: master
2024-09-16 20:59:06.918 [info] [Git][getRemotes] No remotes found in the git config file
2024-09-16 20:59:06.918 [info] > git config --get commit.template [5ms]
2024-09-16 20:59:06.919 [info] > git for-each-ref --format=%(refname)%00%(upstream:short)%00%(objectname)%00%(upstream:track)%00%(upstream:remotename)%00%(upstream:remoteref) refs/heads/master refs/remotes/master [1ms]
2024-09-16 20:59:06.919 [warning] [Git][getBranch] No such branch: master
2024-09-16 20:59:06.925 [info] > git status -z -uall [2ms]
2024-09-16 20:59:06.931 [info] > git for-each-ref --format=%(refname)%00%(upstream:short)%00%(objectname)%00%(upstream:track)%00%(upstream:remotename)%00%(upstream:remoteref) refs/heads/master refs/remotes/master [2ms]
2024-09-16 20:59:06.931 [warning] [Git][getBranch] No such branch: master
2024-09-16 21:22:42.381 [info] [Git][getRemotes] No remotes found in the git config file
2024-09-16 21:22:42.381 [info] > git config --get commit.template [5ms]
2024-09-16 21:22:42.382 [info] > git for-each-ref --format=%(refname)%00%(upstream:short)%00%(objectname)%00%(upstream:track)%00%(upstream:remotename)%00%(upstream:remoteref) refs/heads/master refs/remotes/master [1ms]
2024-09-16 21:22:42.382 [warning] [Git][getBranch] No such branch: master
2024-09-16 21:22:42.386 [info] > git status -z -uall [1ms]
2024-09-16 21:22:42.391 [info] > git for-each-ref --format=%(refname)%00%(upstream:short)%00%(objectname)%00%(upstream:track)%00%(upstream:remotename)%00%(upstream:remoteref) refs/heads/master refs/remotes/master [1ms]
2024-09-16 21:22:42.391 [warning] [Git][getBranch] No such branch: master
2024-09-16 21:22:47.405 [info] [Git][getRemotes] No remotes found in the git config file
2024-09-16 21:22:47.406 [info] > git config --get commit.template [5ms]
2024-09-16 21:22:47.406 [info] > git for-each-ref --format=%(refname)%00%(upstream:short)%00%(objectname)%00%(upstream:track)%00%(upstream:remotename)%00%(upstream:remoteref) refs/heads/master refs/remotes/master [1ms]
2024-09-16 21:22:47.406 [warning] [Git][getBranch] No such branch: master
2024-09-16 21:22:47.410 [info] > git status -z -uall [1ms]
2024-09-16 21:22:47.415 [info] > git for-each-ref --format=%(refname)%00%(upstream:short)%00%(objectname)%00%(upstream:track)%00%(upstream:remotename)%00%(upstream:remoteref) refs/heads/master refs/remotes/master [1ms]
2024-09-16 21:22:47.415 [warning] [Git][getBranch] No such branch: master
2024-09-16 21:23:25.735 [info] > git show --textconv :src/build.rs [5ms]
2024-09-16 21:23:25.735 [info] > git ls-files --stage -- /home/arch/Projects/Rust/voice/src/build.rs [1ms]
2024-09-16 21:23:33.336 [info] > git show --textconv :src/main.rs [4ms]
2024-09-16 21:23:33.337 [info] > git ls-files --stage -- /home/arch/Projects/Rust/voice/src/main.rs [1ms]
2024-09-16 21:23:57.025 [info] [Git][getRemotes] No remotes found in the git config file
2024-09-16 21:23:57.025 [info] > git config --get commit.template [4ms]
2024-09-16 21:23:57.026 [info] > git for-each-ref --format=%(refname)%00%(upstream:short)%00%(objectname)%00%(upstream:track)%00%(upstream:remotename)%00%(upstream:remoteref) refs/heads/master refs/remotes/master [1ms]
2024-09-16 21:23:57.026 [warning] [Git][getBranch] No such branch: master
2024-09-16 21:23:57.030 [info] > git status -z -uall [1ms]
2024-09-16 21:23:57.035 [info] > git for-each-ref --format=%(refname)%00%(upstream:short)%00%(objectname)%00%(upstream:track)%00%(upstream:remotename)%00%(upstream:remoteref) refs/heads/master refs/remotes/master [1ms]
2024-09-16 21:23:57.035 [warning] [Git][getBranch] No such branch: master
2024-09-16 21:24:20.518 [info] [Git][getRemotes] No remotes found in the git config file
2024-09-16 21:24:20.521 [info] > git config --get commit.template [5ms]
2024-09-16 21:24:20.522 [info] > git for-each-ref --format=%(refname)%00%(upstream:short)%00%(objectname)%00%(upstream:track)%00%(upstream:remotename)%00%(upstream:remoteref) refs/heads/master refs/remotes/master [1ms]
2024-09-16 21:24:20.522 [warning] [Git][getBranch] No such branch: master
2024-09-16 21:24:20.526 [info] > git status -z -uall [1ms]
2024-09-16 21:24:20.530 [info] > git for-each-ref --format=%(refname)%00%(upstream:short)%00%(objectname)%00%(upstream:track)%00%(upstream:remotename)%00%(upstream:remoteref) refs/heads/master refs/remotes/master [1ms]
2024-09-16 21:24:20.530 [warning] [Git][getBranch] No such branch: master
2024-09-16 21:24:40.418 [info] [Git][getRemotes] No remotes found in the git config file
2024-09-16 21:24:40.418 [info] > git config --get commit.template [5ms]
2024-09-16 21:24:40.419 [info] > git for-each-ref --format=%(refname)%00%(upstream:short)%00%(objectname)%00%(upstream:track)%00%(upstream:remotename)%00%(upstream:remoteref) refs/heads/master refs/remotes/master [1ms]
2024-09-16 21:24:40.419 [warning] [Git][getBranch] No such branch: master
2024-09-16 21:24:40.424 [info] > git status -z -uall [2ms]
2024-09-16 21:24:40.429 [info] > git for-each-ref --format=%(refname)%00%(upstream:short)%00%(objectname)%00%(upstream:track)%00%(upstream:remotename)%00%(upstream:remoteref) refs/heads/master refs/remotes/master [0ms]
2024-09-16 21:24:40.429 [warning] [Git][getBranch] No such branch: master
2024-09-16 21:24:45.441 [info] [Git][getRemotes] No remotes found in the git config file
2024-09-16 21:24:45.441 [info] > git config --get commit.template [5ms]
2024-09-16 21:24:45.442 [info] > git for-each-ref --format=%(refname)%00%(upstream:short)%00%(objectname)%00%(upstream:track)%00%(upstream:remotename)%00%(upstream:remoteref) refs/heads/master refs/remotes/master [1ms]
2024-09-16 21:24:45.442 [warning] [Git][getBranch] No such branch: master
2024-09-16 21:24:45.446 [info] > git status -z -uall [1ms]
2024-09-16 21:24:45.451 [info] > git for-each-ref --format=%(refname)%00%(upstream:short)%00%(objectname)%00%(upstream:track)%00%(upstream:remotename)%00%(upstream:remoteref) refs/heads/master refs/remotes/master [1ms]
2024-09-16 21:24:45.451 [warning] [Git][getBranch] No such branch: master
2024-09-16 21:25:02.948 [info] [Git][getRemotes] No remotes found in the git config file
2024-09-16 21:25:02.948 [info] > git config --get commit.template [5ms]
2024-09-16 21:25:02.948 [info] > git for-each-ref --format=%(refname)%00%(upstream:short)%00%(objectname)%00%(upstream:track)%00%(upstream:remotename)%00%(upstream:remoteref) refs/heads/master refs/remotes/master [0ms]
2024-09-16 21:25:02.948 [warning] [Git][getBranch] No such branch: master
2024-09-16 21:25:02.953 [info] > git status -z -uall [1ms]
2024-09-16 21:25:02.958 [info] > git for-each-ref --format=%(refname)%00%(upstream:short)%00%(objectname)%00%(upstream:track)%00%(upstream:remotename)%00%(upstream:remoteref) refs/heads/master refs/remotes/master [1ms]
2024-09-16 21:25:02.958 [warning] [Git][getBranch] No such branch: master
2024-09-16 21:25:14.545 [info] [Git][getRemotes] No remotes found in the git config file
2024-09-16 21:25:14.546 [info] > git config --get commit.template [5ms]
2024-09-16 21:25:14.546 [info] > git for-each-ref --format=%(refname)%00%(upstream:short)%00%(objectname)%00%(upstream:track)%00%(upstream:remotename)%00%(upstream:remoteref) refs/heads/master refs/remotes/master [1ms]
2024-09-16 21:25:14.546 [warning] [Git][getBranch] No such branch: master
2024-09-16 21:25:14.551 [info] > git status -z -uall [1ms]
2024-09-16 21:25:14.556 [info] > git for-each-ref --format=%(refname)%00%(upstream:short)%00%(objectname)%00%(upstream:track)%00%(upstream:remotename)%00%(upstream:remoteref) refs/heads/master refs/remotes/master [1ms]
2024-09-16 21:25:14.556 [warning] [Git][getBranch] No such branch: master
2024-09-16 21:25:33.098 [info] [Git][getRemotes] No remotes found in the git config file
2024-09-16 21:25:33.098 [info] > git config --get commit.template [4ms]
2024-09-16 21:25:33.098 [info] > git for-each-ref --format=%(refname)%00%(upstream:short)%00%(objectname)%00%(upstream:track)%00%(upstream:remotename)%00%(upstream:remoteref) refs/heads/master refs/remotes/master [0ms]
2024-09-16 21:25:33.099 [warning] [Git][getBranch] No such branch: master
2024-09-16 21:25:33.103 [info] > git status -z -uall [1ms]
2024-09-16 21:25:33.109 [info] > git for-each-ref --format=%(refname)%00%(upstream:short)%00%(objectname)%00%(upstream:track)%00%(upstream:remotename)%00%(upstream:remoteref) refs/heads/master refs/remotes/master [2ms]
2024-09-16 21:25:33.109 [warning] [Git][getBranch] No such branch: master
2024-09-16 21:25:38.118 [info] [Git][getRemotes] No remotes found in the git config file
2024-09-16 21:25:38.119 [info] > git config --get commit.template [4ms]
2024-09-16 21:25:38.119 [info] > git for-each-ref --format=%(refname)%00%(upstream:short)%00%(objectname)%00%(upstream:track)%00%(upstream:remotename)%00%(upstream:remoteref) refs/heads/master refs/remotes/master [1ms]
2024-09-16 21:25:38.119 [warning] [Git][getBranch] No such branch: master
2024-09-16 21:25:38.123 [info] > git status -z -uall [1ms]
2024-09-16 21:25:38.128 [info] > git for-each-ref --format=%(refname)%00%(upstream:short)%00%(objectname)%00%(upstream:track)%00%(upstream:remotename)%00%(upstream:remoteref) refs/heads/master refs/remotes/master [1ms]
2024-09-16 21:25:38.128 [warning] [Git][getBranch] No such branch: master
2024-09-16 21:25:53.950 [info] [Git][getRemotes] No remotes found in the git config file
2024-09-16 21:25:53.951 [info] > git config --get commit.template [4ms]
2024-09-16 21:25:53.951 [info] > git for-each-ref --format=%(refname)%00%(upstream:short)%00%(objectname)%00%(upstream:track)%00%(upstream:remotename)%00%(upstream:remoteref) refs/heads/master refs/remotes/master [1ms]
2024-09-16 21:25:53.951 [warning] [Git][getBranch] No such branch: master
2024-09-16 21:25:53.955 [info] > git status -z -uall [1ms]
2024-09-16 21:25:53.960 [info] > git for-each-ref --format=%(refname)%00%(upstream:short)%00%(objectname)%00%(upstream:track)%00%(upstream:remotename)%00%(upstream:remoteref) refs/heads/master refs/remotes/master [1ms]
2024-09-16 21:25:53.960 [warning] [Git][getBranch] No such branch: master
2024-09-16 21:27:28.072 [info] [Git][getRemotes] No remotes found in the git config file
2024-09-16 21:27:28.072 [info] > git config --get commit.template [4ms]
2024-09-16 21:27:28.073 [info] > git for-each-ref --format=%(refname)%00%(upstream:short)%00%(objectname)%00%(upstream:track)%00%(upstream:remotename)%00%(upstream:remoteref) refs/heads/master refs/remotes/master [1ms]
2024-09-16 21:27:28.073 [warning] [Git][getBranch] No such branch: master
2024-09-16 21:27:28.078 [info] > git status -z -uall [1ms]
2024-09-16 21:27:28.083 [info] > git for-each-ref --format=%(refname)%00%(upstream:short)%00%(objectname)%00%(upstream:track)%00%(upstream:remotename)%00%(upstream:remoteref) refs/heads/master refs/remotes/master [1ms]
2024-09-16 21:27:28.083 [warning] [Git][getBranch] No such branch: master
2024-09-16 21:27:52.157 [info] [Git][getRemotes] No remotes found in the git config file
2024-09-16 21:27:52.158 [info] > git config --get commit.template [5ms]
2024-09-16 21:27:52.158 [info] > git for-each-ref --format=%(refname)%00%(upstream:short)%00%(objectname)%00%(upstream:track)%00%(upstream:remotename)%00%(upstream:remoteref) refs/heads/master refs/remotes/master [1ms]
2024-09-16 21:27:52.158 [warning] [Git][getBranch] No such branch: master
2024-09-16 21:27:52.163 [info] > git status -z -uall [1ms]
2024-09-16 21:27:52.167 [info] > git for-each-ref --format=%(refname)%00%(upstream:short)%00%(objectname)%00%(upstream:track)%00%(upstream:remotename)%00%(upstream:remoteref) refs/heads/master refs/remotes/master [1ms]
2024-09-16 21:27:52.167 [warning] [Git][getBranch] No such branch: master
2024-09-16 21:28:16.252 [info] [Git][getRemotes] No remotes found in the git config file
2024-09-16 21:28:16.253 [info] > git config --get commit.template [5ms]
2024-09-16 21:28:16.253 [info] > git for-each-ref --format=%(refname)%00%(upstream:short)%00%(objectname)%00%(upstream:track)%00%(upstream:remotename)%00%(upstream:remoteref) refs/heads/master refs/remotes/master [1ms]
2024-09-16 21:28:16.253 [warning] [Git][getBranch] No such branch: master
2024-09-16 21:28:16.258 [info] > git status -z -uall [1ms]
2024-09-16 21:28:16.263 [info] > git for-each-ref --format=%(refname)%00%(upstream:short)%00%(objectname)%00%(upstream:track)%00%(upstream:remotename)%00%(upstream:remoteref) refs/heads/master refs/remotes/master [1ms]
2024-09-16 21:28:16.263 [warning] [Git][getBranch] No such branch: master
2024-09-16 21:28:21.278 [info] [Git][getRemotes] No remotes found in the git config file
2024-09-16 21:28:21.278 [info] > git config --get commit.template [5ms]
2024-09-16 21:28:21.279 [info] > git for-each-ref --format=%(refname)%00%(upstream:short)%00%(objectname)%00%(upstream:track)%00%(upstream:remotename)%00%(upstream:remoteref) refs/heads/master refs/remotes/master [1ms]
2024-09-16 21:28:21.279 [warning] [Git][getBranch] No such branch: master
2024-09-16 21:28:21.283 [info] > git status -z -uall [1ms]
2024-09-16 21:28:21.287 [info] > git for-each-ref --format=%(refname)%00%(upstream:short)%00%(objectname)%00%(upstream:track)%00%(upstream:remotename)%00%(upstream:remoteref) refs/heads/master refs/remotes/master [0ms]
2024-09-16 21:28:21.287 [warning] [Git][getBranch] No such branch: master
2024-09-16 21:28:45.611 [info] [Git][getRemotes] No remotes found in the git config file
2024-09-16 21:28:45.611 [info] > git config --get commit.template [4ms]
2024-09-16 21:28:45.611 [info] > git for-each-ref --format=%(refname)%00%(upstream:short)%00%(objectname)%00%(upstream:track)%00%(upstream:remotename)%00%(upstream:remoteref) refs/heads/master refs/remotes/master [0ms]
2024-09-16 21:28:45.611 [warning] [Git][getBranch] No such branch: master
2024-09-16 21:28:45.617 [info] > git status -z -uall [2ms]
2024-09-16 21:28:45.621 [info] > git for-each-ref --format=%(refname)%00%(upstream:short)%00%(objectname)%00%(upstream:track)%00%(upstream:remotename)%00%(upstream:remoteref) refs/heads/master refs/remotes/master [0ms]
2024-09-16 21:28:45.621 [warning] [Git][getBranch] No such branch: master
2024-09-16 21:28:50.633 [info] [Git][getRemotes] No remotes found in the git config file
2024-09-16 21:28:50.634 [info] > git config --get commit.template [4ms]
2024-09-16 21:28:50.634 [info] > git for-each-ref --format=%(refname)%00%(upstream:short)%00%(objectname)%00%(upstream:track)%00%(upstream:remotename)%00%(upstream:remoteref) refs/heads/master refs/remotes/master [1ms]
2024-09-16 21:28:50.634 [warning] [Git][getBranch] No such branch: master
2024-09-16 21:28:50.639 [info] > git status -z -uall [1ms]
2024-09-16 21:28:50.643 [info] > git for-each-ref --format=%(refname)%00%(upstream:short)%00%(objectname)%00%(upstream:track)%00%(upstream:remotename)%00%(upstream:remoteref) refs/heads/master refs/remotes/master [1ms]
2024-09-16 21:28:50.643 [warning] [Git][getBranch] No such branch: master
2024-09-16 21:29:29.575 [info] [Git][getRemotes] No remotes found in the git config file
2024-09-16 21:29:29.575 [info] > git config --get commit.template [4ms]
2024-09-16 21:29:29.575 [info] > git for-each-ref --format=%(refname)%00%(upstream:short)%00%(objectname)%00%(upstream:track)%00%(upstream:remotename)%00%(upstream:remoteref) refs/heads/master refs/remotes/master [0ms]
2024-09-16 21:29:29.575 [warning] [Git][getBranch] No such branch: master
2024-09-16 21:29:29.580 [info] > git status -z -uall [1ms]
2024-09-16 21:29:29.584 [info] > git for-each-ref --format=%(refname)%00%(upstream:short)%00%(objectname)%00%(upstream:track)%00%(upstream:remotename)%00%(upstream:remoteref) refs/heads/master refs/remotes/master [1ms]
2024-09-16 21:29:29.584 [warning] [Git][getBranch] No such branch: master
2024-09-16 21:31:43.627 [info] [Git][getRemotes] No remotes found in the git config file
2024-09-16 21:31:43.627 [info] > git config --get commit.template [4ms]
2024-09-16 21:31:43.627 [info] > git for-each-ref --format=%(refname)%00%(upstream:short)%00%(objectname)%00%(upstream:track)%00%(upstream:remotename)%00%(upstream:remoteref) refs/heads/master refs/remotes/master [1ms]
2024-09-16 21:31:43.627 [warning] [Git][getBranch] No such branch: master
2024-09-16 21:31:43.633 [info] > git status -z -uall [2ms]
2024-09-16 21:31:43.638 [info] > git for-each-ref --format=%(refname)%00%(upstream:short)%00%(objectname)%00%(upstream:track)%00%(upstream:remotename)%00%(upstream:remoteref) refs/heads/master refs/remotes/master [1ms]
2024-09-16 21:31:43.638 [warning] [Git][getBranch] No such branch: master
2024-09-16 21:31:48.651 [info] [Git][getRemotes] No remotes found in the git config file
2024-09-16 21:31:48.651 [info] > git config --get commit.template [5ms]
2024-09-16 21:31:48.652 [info] > git for-each-ref --format=%(refname)%00%(upstream:short)%00%(objectname)%00%(upstream:track)%00%(upstream:remotename)%00%(upstream:remoteref) refs/heads/master refs/remotes/master [1ms]
2024-09-16 21:31:48.652 [warning] [Git][getBranch] No such branch: master
2024-09-16 21:31:48.657 [info] > git status -z -uall [1ms]
2024-09-16 21:31:48.663 [info] > git for-each-ref --format=%(refname)%00%(upstream:short)%00%(objectname)%00%(upstream:track)%00%(upstream:remotename)%00%(upstream:remoteref) refs/heads/master refs/remotes/master [1ms]
2024-09-16 21:31:48.663 [warning] [Git][getBranch] No such branch: master
2024-09-16 21:32:21.272 [info] [Git][getRemotes] No remotes found in the git config file
2024-09-16 21:32:21.272 [info] > git config --get commit.template [4ms]
2024-09-16 21:32:21.272 [info] > git for-each-ref --format=%(refname)%00%(upstream:short)%00%(objectname)%00%(upstream:track)%00%(upstream:remotename)%00%(upstream:remoteref) refs/heads/master refs/remotes/master [0ms]
2024-09-16 21:32:21.272 [warning] [Git][getBranch] No such branch: master
2024-09-16 21:32:21.277 [info] > git status -z -uall [1ms]
2024-09-16 21:32:21.281 [info] > git for-each-ref --format=%(refname)%00%(upstream:short)%00%(objectname)%00%(upstream:track)%00%(upstream:remotename)%00%(upstream:remoteref) refs/heads/master refs/remotes/master [1ms]
2024-09-16 21:32:21.281 [warning] [Git][getBranch] No such branch: master
2024-09-16 21:32:39.194 [info] [Git][getRemotes] No remotes found in the git config file
2024-09-16 21:32:39.194 [info] > git config --get commit.template [4ms]
2024-09-16 21:32:39.195 [info] > git for-each-ref --format=%(refname)%00%(upstream:short)%00%(objectname)%00%(upstream:track)%00%(upstream:remotename)%00%(upstream:remoteref) refs/heads/master refs/remotes/master [1ms]
2024-09-16 21:32:39.195 [warning] [Git][getBranch] No such branch: master
2024-09-16 21:32:39.199 [info] > git status -z -uall [1ms]
2024-09-16 21:32:39.204 [info] > git for-each-ref --format=%(refname)%00%(upstream:short)%00%(objectname)%00%(upstream:track)%00%(upstream:remotename)%00%(upstream:remoteref) refs/heads/master refs/remotes/master [1ms]
2024-09-16 21:32:39.204 [warning] [Git][getBranch] No such branch: master
2024-09-16 21:32:44.215 [info] [Git][getRemotes] No remotes found in the git config file
2024-09-16 21:32:44.215 [info] > git config --get commit.template [4ms]
2024-09-16 21:32:44.216 [info] > git for-each-ref --format=%(refname)%00%(upstream:short)%00%(objectname)%00%(upstream:track)%00%(upstream:remotename)%00%(upstream:remoteref) refs/heads/master refs/remotes/master [1ms]
2024-09-16 21:32:44.216 [warning] [Git][getBranch] No such branch: master
2024-09-16 21:32:44.220 [info] > git status -z -uall [1ms]
2024-09-16 21:32:44.225 [info] > git for-each-ref --format=%(refname)%00%(upstream:short)%00%(objectname)%00%(upstream:track)%00%(upstream:remotename)%00%(upstream:remoteref) refs/heads/master refs/remotes/master [1ms]
2024-09-16 21:32:44.225 [warning] [Git][getBranch] No such branch: master
2024-09-16 21:33:13.316 [info] [Git][getRemotes] No remotes found in the git config file
2024-09-16 21:33:13.316 [info] > git config --get commit.template [4ms]
2024-09-16 21:33:13.316 [info] > git for-each-ref --format=%(refname)%00%(upstream:short)%00%(objectname)%00%(upstream:track)%00%(upstream:remotename)%00%(upstream:remoteref) refs/heads/master refs/remotes/master [0ms]
2024-09-16 21:33:13.316 [warning] [Git][getBranch] No such branch: master
2024-09-16 21:33:13.320 [info] > git status -z -uall [1ms]
2024-09-16 21:33:13.325 [info] > git for-each-ref --format=%(refname)%00%(upstream:short)%00%(objectname)%00%(upstream:track)%00%(upstream:remotename)%00%(upstream:remoteref) refs/heads/master refs/remotes/master [1ms]
2024-09-16 21:33:13.325 [warning] [Git][getBranch] No such branch: master
2024-09-16 21:33:20.592 [info] [Git][getRemotes] No remotes found in the git config file
2024-09-16 21:33:20.592 [info] > git config --get commit.template [3ms]
2024-09-16 21:33:20.593 [info] > git for-each-ref --format=%(refname)%00%(upstream:short)%00%(objectname)%00%(upstream:track)%00%(upstream:remotename)%00%(upstream:remoteref) refs/heads/master refs/remotes/master [1ms]
2024-09-16 21:33:20.593 [warning] [Git][getBranch] No such branch: master
2024-09-16 21:33:20.597 [info] > git status -z -uall [1ms]
2024-09-16 21:33:20.602 [info] > git for-each-ref --format=%(refname)%00%(upstream:short)%00%(objectname)%00%(upstream:track)%00%(upstream:remotename)%00%(upstream:remoteref) refs/heads/master refs/remotes/master [1ms]
2024-09-16 21:33:20.602 [warning] [Git][getBranch] No such branch: master
2024-09-16 21:33:46.651 [info] [Git][getRemotes] No remotes found in the git config file
2024-09-16 21:33:46.651 [info] > git config --get commit.template [3ms]
2024-09-16 21:33:46.652 [info] > git for-each-ref --format=%(refname)%00%(upstream:short)%00%(objectname)%00%(upstream:track)%00%(upstream:remotename)%00%(upstream:remoteref) refs/heads/master refs/remotes/master [1ms]
2024-09-16 21:33:46.652 [warning] [Git][getBranch] No such branch: master
2024-09-16 21:33:46.656 [info] > git status -z -uall [1ms]
2024-09-16 21:33:46.660 [info] > git for-each-ref --format=%(refname)%00%(upstream:short)%00%(objectname)%00%(upstream:track)%00%(upstream:remotename)%00%(upstream:remoteref) refs/heads/master refs/remotes/master [0ms]
2024-09-16 21:33:46.660 [warning] [Git][getBranch] No such branch: master
2024-09-16 21:33:51.671 [info] [Git][getRemotes] No remotes found in the git config file
2024-09-16 21:33:51.672 [info] > git config --get commit.template [5ms]
2024-09-16 21:33:51.672 [info] > git for-each-ref --format=%(refname)%00%(upstream:short)%00%(objectname)%00%(upstream:track)%00%(upstream:remotename)%00%(upstream:remoteref) refs/heads/master refs/remotes/master [1ms]
2024-09-16 21:33:51.672 [warning] [Git][getBranch] No such branch: master
2024-09-16 21:33:51.677 [info] > git status -z -uall [1ms]
2024-09-16 21:33:51.682 [info] > git for-each-ref --format=%(refname)%00%(upstream:short)%00%(objectname)%00%(upstream:track)%00%(upstream:remotename)%00%(upstream:remoteref) refs/heads/master refs/remotes/master [1ms]
2024-09-16 21:33:51.682 [warning] [Git][getBranch] No such branch: master
2024-09-16 21:39:15.912 [info] > git show --textconv :src/speech_to_text.rs [4ms]
2024-09-16 21:39:15.913 [info] > git ls-files --stage -- /home/arch/Projects/Rust/voice/src/speech_to_text.rs [1ms]
2024-09-16 21:39:17.521 [info] > git show --textconv :src/audio.rs [5ms]
2024-09-16 21:39:17.521 [info] > git ls-files --stage -- /home/arch/Projects/Rust/voice/src/audio.rs [0ms]
2024-09-16 21:40:28.911 [info] > git show --textconv :src/main.rs [5ms]
2024-09-16 21:40:28.912 [info] > git ls-files --stage -- /home/arch/Projects/Rust/voice/src/main.rs [1ms]
2024-09-16 21:40:29.058 [info] [Git][getRemotes] No remotes found in the git config file
2024-09-16 21:40:29.058 [info] > git config --get commit.template [4ms]
2024-09-16 21:40:29.058 [info] > git for-each-ref --format=%(refname)%00%(upstream:short)%00%(objectname)%00%(upstream:track)%00%(upstream:remotename)%00%(upstream:remoteref) refs/heads/master refs/remotes/master [0ms]
2024-09-16 21:40:29.058 [warning] [Git][getBranch] No such branch: master
2024-09-16 21:40:29.063 [info] > git status -z -uall [1ms]
2024-09-16 21:40:29.068 [info] > git for-each-ref --format=%(refname)%00%(upstream:short)%00%(objectname)%00%(upstream:track)%00%(upstream:remotename)%00%(upstream:remoteref) refs/heads/master refs/remotes/master [2ms]
2024-09-16 21:40:29.068 [warning] [Git][getBranch] No such branch: master
2024-09-16 21:40:29.619 [info] > git show --textconv :src/audio.rs [5ms]
2024-09-16 21:40:29.619 [info] > git ls-files --stage -- /home/arch/Projects/Rust/voice/src/audio.rs [1ms]
2024-09-16 21:40:43.069 [info] [Git][getRemotes] No remotes found in the git config file
2024-09-16 21:40:43.069 [info] > git config --get commit.template [4ms]
2024-09-16 21:40:43.069 [info] > git for-each-ref --format=%(refname)%00%(upstream:short)%00%(objectname)%00%(upstream:track)%00%(upstream:remotename)%00%(upstream:remoteref) refs/heads/master refs/remotes/master [1ms]
2024-09-16 21:40:43.069 [warning] [Git][getBranch] No such branch: master
2024-09-16 21:40:43.073 [info] > git status -z -uall [1ms]
2024-09-16 21:40:43.078 [info] > git for-each-ref --format=%(refname)%00%(upstream:short)%00%(objectname)%00%(upstream:track)%00%(upstream:remotename)%00%(upstream:remoteref) refs/heads/master refs/remotes/master [1ms]
2024-09-16 21:40:43.078 [warning] [Git][getBranch] No such branch: master
2024-09-16 21:41:12.301 [info] [Git][getRemotes] No remotes found in the git config file
2024-09-16 21:41:12.301 [info] > git config --get commit.template [3ms]
2024-09-16 21:41:12.302 [info] > git for-each-ref --format=%(refname)%00%(upstream:short)%00%(objectname)%00%(upstream:track)%00%(upstream:remotename)%00%(upstream:remoteref) refs/heads/master refs/remotes/master [1ms]
2024-09-16 21:41:12.302 [warning] [Git][getBranch] No such branch: master
2024-09-16 21:41:12.306 [info] > git status -z -uall [1ms]
2024-09-16 21:41:12.311 [info] > git for-each-ref --format=%(refname)%00%(upstream:short)%00%(objectname)%00%(upstream:track)%00%(upstream:remotename)%00%(upstream:remoteref) refs/heads/master refs/remotes/master [1ms]
2024-09-16 21:41:12.311 [warning] [Git][getBranch] No such branch: master
2024-09-16 21:41:39.511 [info] [Git][getRemotes] No remotes found in the git config file
2024-09-16 21:41:39.511 [info] > git config --get commit.template [5ms]
2024-09-16 21:41:39.512 [info] > git for-each-ref --format=%(refname)%00%(upstream:short)%00%(objectname)%00%(upstream:track)%00%(upstream:remotename)%00%(upstream:remoteref) refs/heads/master refs/remotes/master [1ms]
2024-09-16 21:41:39.512 [warning] [Git][getBranch] No such branch: master
2024-09-16 21:41:39.517 [info] > git status -z -uall [1ms]
2024-09-16 21:41:39.523 [info] > git for-each-ref --format=%(refname)%00%(upstream:short)%00%(objectname)%00%(upstream:track)%00%(upstream:remotename)%00%(upstream:remoteref) refs/heads/master refs/remotes/master [1ms]
2024-09-16 21:41:39.523 [warning] [Git][getBranch] No such branch: master
2024-09-16 21:42:00.350 [info] [Git][getRemotes] No remotes found in the git config file
2024-09-16 21:42:00.351 [info] > git config --get commit.template [5ms]
2024-09-16 21:42:00.351 [info] > git for-each-ref --format=%(refname)%00%(upstream:short)%00%(objectname)%00%(upstream:track)%00%(upstream:remotename)%00%(upstream:remoteref) refs/heads/master refs/remotes/master [1ms]
2024-09-16 21:42:00.351 [warning] [Git][getBranch] No such branch: master
2024-09-16 21:42:00.356 [info] > git status -z -uall [1ms]
2024-09-16 21:42:00.361 [info] > git for-each-ref --format=%(refname)%00%(upstream:short)%00%(objectname)%00%(upstream:track)%00%(upstream:remotename)%00%(upstream:remoteref) refs/heads/master refs/remotes/master [1ms]
2024-09-16 21:42:00.361 [warning] [Git][getBranch] No such branch: master
2024-09-16 21:42:04.012 [info] > git show --textconv :src/main.rs [5ms]
2024-09-16 21:42:04.012 [info] > git ls-files --stage -- /home/arch/Projects/Rust/voice/src/main.rs [1ms]
2024-09-16 21:42:14.802 [info] > git show --textconv :src/speech_to_text.rs [5ms]
2024-09-16 21:42:14.803 [info] > git ls-files --stage -- /home/arch/Projects/Rust/voice/src/speech_to_text.rs [1ms]
2024-09-16 21:42:15.966 [info] > git show --textconv :src/audio.rs [4ms]
2024-09-16 21:42:15.967 [info] > git ls-files --stage -- /home/arch/Projects/Rust/voice/src/audio.rs [1ms]
2024-09-16 21:42:21.782 [info] [Git][getRemotes] No remotes found in the git config file
2024-09-16 21:42:21.783 [info] > git config --get commit.template [3ms]
2024-09-16 21:42:21.783 [info] > git for-each-ref --format=%(refname)%00%(upstream:short)%00%(objectname)%00%(upstream:track)%00%(upstream:remotename)%00%(upstream:remoteref) refs/heads/master refs/remotes/master [1ms]
2024-09-16 21:42:21.783 [warning] [Git][getBranch] No such branch: master
2024-09-16 21:42:21.787 [info] > git status -z -uall [1ms]
2024-09-16 21:42:21.794 [info] > git for-each-ref --format=%(refname)%00%(upstream:short)%00%(objectname)%00%(upstream:track)%00%(upstream:remotename)%00%(upstream:remoteref) refs/heads/master refs/remotes/master [1ms]
2024-09-16 21:42:21.794 [warning] [Git][getBranch] No such branch: master
2024-09-16 21:42:21.804 [info] > git show --textconv :src/main.rs [5ms]
2024-09-16 21:42:21.805 [info] > git ls-files --stage -- /home/arch/Projects/Rust/voice/src/main.rs [1ms]
2024-09-16 21:42:55.728 [info] [Git][getRemotes] No remotes found in the git config file
2024-09-16 21:42:55.728 [info] > git config --get commit.template [4ms]
2024-09-16 21:42:55.729 [info] > git for-each-ref --format=%(refname)%00%(upstream:short)%00%(objectname)%00%(upstream:track)%00%(upstream:remotename)%00%(upstream:remoteref) refs/heads/master refs/remotes/master [1ms]
2024-09-16 21:42:55.729 [warning] [Git][getBranch] No such branch: master
2024-09-16 21:42:55.733 [info] > git status -z -uall [1ms]
2024-09-16 21:42:55.738 [info] > git for-each-ref --format=%(refname)%00%(upstream:short)%00%(objectname)%00%(upstream:track)%00%(upstream:remotename)%00%(upstream:remoteref) refs/heads/master refs/remotes/master [1ms]
2024-09-16 21:42:55.738 [warning] [Git][getBranch] No such branch: master
2024-09-16 21:43:30.496 [info] [Git][getRemotes] No remotes found in the git config file
2024-09-16 21:43:30.496 [info] > git config --get commit.template [5ms]
2024-09-16 21:43:30.497 [info] > git for-each-ref --format=%(refname)%00%(upstream:short)%00%(objectname)%00%(upstream:track)%00%(upstream:remotename)%00%(upstream:remoteref) refs/heads/master refs/remotes/master [2ms]
2024-09-16 21:43:30.497 [warning] [Git][getBranch] No such branch: master
2024-09-16 21:43:30.501 [info] > git status -z -uall [1ms]
2024-09-16 21:43:30.507 [info] > git for-each-ref --format=%(refname)%00%(upstream:short)%00%(objectname)%00%(upstream:track)%00%(upstream:remotename)%00%(upstream:remoteref) refs/heads/master refs/remotes/master [1ms]
2024-09-16 21:43:30.507 [warning] [Git][getBranch] No such branch: master
2024-09-16 21:43:35.518 [info] [Git][getRemotes] No remotes found in the git config file
2024-09-16 21:43:35.518 [info] > git config --get commit.template [4ms]
2024-09-16 21:43:35.519 [info] > git for-each-ref --format=%(refname)%00%(upstream:short)%00%(objectname)%00%(upstream:track)%00%(upstream:remotename)%00%(upstream:remoteref) refs/heads/master refs/remotes/master [1ms]
2024-09-16 21:43:35.519 [warning] [Git][getBranch] No such branch: master
2024-09-16 21:43:35.523 [info] > git status -z -uall [1ms]
2024-09-16 21:43:35.528 [info] > git for-each-ref --format=%(refname)%00%(upstream:short)%00%(objectname)%00%(upstream:track)%00%(upstream:remotename)%00%(upstream:remoteref) refs/heads/master refs/remotes/master [1ms]
2024-09-16 21:43:35.528 [warning] [Git][getBranch] No such branch: master
2024-09-16 21:43:45.763 [info] [Git][getRemotes] No remotes found in the git config file
2024-09-16 21:43:45.763 [info] > git config --get commit.template [5ms]
2024-09-16 21:43:45.763 [info] > git for-each-ref --format=%(refname)%00%(upstream:short)%00%(objectname)%00%(upstream:track)%00%(upstream:remotename)%00%(upstream:remoteref) refs/heads/master refs/remotes/master [0ms]
2024-09-16 21:43:45.763 [warning] [Git][getBranch] No such branch: master
2024-09-16 21:43:45.768 [info] > git status -z -uall [1ms]
2024-09-16 21:43:45.773 [info] > git for-each-ref --format=%(refname)%00%(upstream:short)%00%(objectname)%00%(upstream:track)%00%(upstream:remotename)%00%(upstream:remoteref) refs/heads/master refs/remotes/master [1ms]
2024-09-16 21:43:45.773 [warning] [Git][getBranch] No such branch: master
2024-09-16 21:43:50.785 [info] [Git][getRemotes] No remotes found in the git config file
2024-09-16 21:43:50.785 [info] > git config --get commit.template [5ms]
2024-09-16 21:43:50.786 [info] > git for-each-ref --format=%(refname)%00%(upstream:short)%00%(objectname)%00%(upstream:track)%00%(upstream:remotename)%00%(upstream:remoteref) refs/heads/master refs/remotes/master [1ms]
2024-09-16 21:43:50.786 [warning] [Git][getBranch] No such branch: master
2024-09-16 21:43:50.790 [info] > git status -z -uall [1ms]
2024-09-16 21:43:50.795 [info] > git for-each-ref --format=%(refname)%00%(upstream:short)%00%(objectname)%00%(upstream:track)%00%(upstream:remotename)%00%(upstream:remoteref) refs/heads/master refs/remotes/master [1ms]
2024-09-16 21:43:50.795 [warning] [Git][getBranch] No such branch: master
2024-09-16 21:43:57.486 [info] [Git][getRemotes] No remotes found in the git config file
2024-09-16 21:43:57.486 [info] > git config --get commit.template [4ms]
2024-09-16 21:43:57.487 [info] > git for-each-ref --format=%(refname)%00%(upstream:short)%00%(objectname)%00%(upstream:track)%00%(upstream:remotename)%00%(upstream:remoteref) refs/heads/master refs/remotes/master [1ms]
2024-09-16 21:43:57.487 [warning] [Git][getBranch] No such branch: master
2024-09-16 21:43:57.492 [info] > git status -z -uall [0ms]
2024-09-16 21:43:57.496 [info] > git for-each-ref --format=%(refname)%00%(upstream:short)%00%(objectname)%00%(upstream:track)%00%(upstream:remotename)%00%(upstream:remoteref) refs/heads/master refs/remotes/master [1ms]
2024-09-16 21:43:57.496 [warning] [Git][getBranch] No such branch: master
2024-09-16 21:44:02.507 [info] [Git][getRemotes] No remotes found in the git config file
2024-09-16 21:44:02.508 [info] > git config --get commit.template [6ms]
2024-09-16 21:44:02.508 [info] > git for-each-ref --format=%(refname)%00%(upstream:short)%00%(objectname)%00%(upstream:track)%00%(upstream:remotename)%00%(upstream:remoteref) refs/heads/master refs/remotes/master [1ms]
2024-09-16 21:44:02.508 [warning] [Git][getBranch] No such branch: master
2024-09-16 21:44:02.513 [info] > git status -z -uall [1ms]
2024-09-16 21:44:02.517 [info] > git for-each-ref --format=%(refname)%00%(upstream:short)%00%(objectname)%00%(upstream:track)%00%(upstream:remotename)%00%(upstream:remoteref) refs/heads/master refs/remotes/master [1ms]
2024-09-16 21:44:02.517 [warning] [Git][getBranch] No such branch: master
2024-09-16 21:45:27.460 [info] [Git][getRemotes] No remotes found in the git config file
2024-09-16 21:45:27.461 [info] > git config --get commit.template [6ms]
2024-09-16 21:45:27.461 [info] > git for-each-ref --format=%(refname)%00%(upstream:short)%00%(objectname)%00%(upstream:track)%00%(upstream:remotename)%00%(upstream:remoteref) refs/heads/master refs/remotes/master [1ms]
2024-09-16 21:45:27.461 [warning] [Git][getBranch] No such branch: master
2024-09-16 21:45:27.466 [info] > git status -z -uall [1ms]
2024-09-16 21:45:27.471 [info] > git for-each-ref --format=%(refname)%00%(upstream:short)%00%(objectname)%00%(upstream:track)%00%(upstream:remotename)%00%(upstream:remoteref) refs/heads/master refs/remotes/master [1ms]
2024-09-16 21:45:27.471 [warning] [Git][getBranch] No such branch: master
2024-09-16 21:45:32.485 [info] [Git][getRemotes] No remotes found in the git config file
2024-09-16 21:45:32.485 [info] > git config --get commit.template [5ms]
2024-09-16 21:45:32.485 [info] > git for-each-ref --format=%(refname)%00%(upstream:short)%00%(objectname)%00%(upstream:track)%00%(upstream:remotename)%00%(upstream:remoteref) refs/heads/master refs/remotes/master [0ms]
2024-09-16 21:45:32.485 [warning] [Git][getBranch] No such branch: master
2024-09-16 21:45:32.490 [info] > git status -z -uall [1ms]
2024-09-16 21:45:32.494 [info] > git for-each-ref --format=%(refname)%00%(upstream:short)%00%(objectname)%00%(upstream:track)%00%(upstream:remotename)%00%(upstream:remoteref) refs/heads/master refs/remotes/master [1ms]
2024-09-16 21:45:32.494 [warning] [Git][getBranch] No such branch: master
2024-09-16 21:46:56.103 [info] [Git][getRemotes] No remotes found in the git config file
2024-09-16 21:46:56.103 [info] > git config --get commit.template [4ms]
2024-09-16 21:46:56.103 [info] > git for-each-ref --format=%(refname)%00%(upstream:short)%00%(objectname)%00%(upstream:track)%00%(upstream:remotename)%00%(upstream:remoteref) refs/heads/master refs/remotes/master [0ms]
2024-09-16 21:46:56.103 [warning] [Git][getBranch] No such branch: master
2024-09-16 21:46:56.108 [info] > git status -z -uall [1ms]
2024-09-16 21:46:56.113 [info] > git for-each-ref --format=%(refname)%00%(upstream:short)%00%(objectname)%00%(upstream:track)%00%(upstream:remotename)%00%(upstream:remoteref) refs/heads/master refs/remotes/master [1ms]
2024-09-16 21:46:56.113 [warning] [Git][getBranch] No such branch: master
2024-09-16 21:47:03.007 [info] [Git][getRemotes] No remotes found in the git config file
2024-09-16 21:47:03.011 [info] > git config --get commit.template [4ms]
2024-09-16 21:47:03.012 [info] > git for-each-ref --format=%(refname)%00%(upstream:short)%00%(objectname)%00%(upstream:track)%00%(upstream:remotename)%00%(upstream:remoteref) refs/heads/master refs/remotes/master [1ms]
2024-09-16 21:47:03.012 [warning] [Git][getBranch] No such branch: master
2024-09-16 21:47:03.016 [info] > git status -z -uall [1ms]
2024-09-16 21:47:03.020 [info] > git for-each-ref --format=%(refname)%00%(upstream:short)%00%(objectname)%00%(upstream:track)%00%(upstream:remotename)%00%(upstream:remoteref) refs/heads/master refs/remotes/master [1ms]
2024-09-16 21:47:03.020 [warning] [Git][getBranch] No such branch: master
2024-09-16 21:48:18.497 [info] [Git][getRemotes] No remotes found in the git config file
2024-09-16 21:48:18.497 [info] > git config --get commit.template [4ms]
2024-09-16 21:48:18.498 [info] > git for-each-ref --format=%(refname)%00%(upstream:short)%00%(objectname)%00%(upstream:track)%00%(upstream:remotename)%00%(upstream:remoteref) refs/heads/master refs/remotes/master [1ms]
2024-09-16 21:48:18.498 [warning] [Git][getBranch] No such branch: master
2024-09-16 21:48:18.501 [info] > git status -z -uall [1ms]
2024-09-16 21:48:18.505 [info] > git for-each-ref --format=%(refname)%00%(upstream:short)%00%(objectname)%00%(upstream:track)%00%(upstream:remotename)%00%(upstream:remoteref) refs/heads/master refs/remotes/master [0ms]
2024-09-16 21:48:18.505 [warning] [Git][getBranch] No such branch: master
2024-09-16 21:48:23.518 [info] [Git][getRemotes] No remotes found in the git config file
2024-09-16 21:48:23.519 [info] > git config --get commit.template [6ms]
2024-09-16 21:48:23.519 [info] > git for-each-ref --format=%(refname)%00%(upstream:short)%00%(objectname)%00%(upstream:track)%00%(upstream:remotename)%00%(upstream:remoteref) refs/heads/master refs/remotes/master [1ms]
2024-09-16 21:48:23.519 [warning] [Git][getBranch] No such branch: master
2024-09-16 21:48:23.525 [info] > git status -z -uall [1ms]
2024-09-16 21:48:23.532 [info] > git for-each-ref --format=%(refname)%00%(upstream:short)%00%(objectname)%00%(upstream:track)%00%(upstream:remotename)%00%(upstream:remoteref) refs/heads/master refs/remotes/master [1ms]
2024-09-16 21:48:23.532 [warning] [Git][getBranch] No such branch: master
2024-09-16 21:48:51.495 [info] [Git][getRemotes] No remotes found in the git config file
2024-09-16 21:48:51.496 [info] > git config --get commit.template [4ms]
2024-09-16 21:48:51.496 [info] > git for-each-ref --format=%(refname)%00%(upstream:short)%00%(objectname)%00%(upstream:track)%00%(upstream:remotename)%00%(upstream:remoteref) refs/heads/master refs/remotes/master [1ms]
2024-09-16 21:48:51.496 [warning] [Git][getBranch] No such branch: master
2024-09-16 21:48:51.500 [info] > git status -z -uall [1ms]
2024-09-16 21:48:51.506 [info] > git for-each-ref --format=%(refname)%00%(upstream:short)%00%(objectname)%00%(upstream:track)%00%(upstream:remotename)%00%(upstream:remoteref) refs/heads/master refs/remotes/master [1ms]
2024-09-16 21:48:51.506 [warning] [Git][getBranch] No such branch: master
2024-09-16 21:48:56.511 [info] [Git][getRemotes] No remotes found in the git config file
2024-09-16 21:48:56.515 [info] > git config --get commit.template [5ms]
2024-09-16 21:48:56.515 [info] > git for-each-ref --format=%(refname)%00%(upstream:short)%00%(objectname)%00%(upstream:track)%00%(upstream:remotename)%00%(upstream:remoteref) refs/heads/master refs/remotes/master [1ms]
2024-09-16 21:48:56.515 [warning] [Git][getBranch] No such branch: master
2024-09-16 21:48:56.519 [info] > git status -z -uall [1ms]
2024-09-16 21:48:56.524 [info] > git for-each-ref --format=%(refname)%00%(upstream:short)%00%(objectname)%00%(upstream:track)%00%(upstream:remotename)%00%(upstream:remoteref) refs/heads/master refs/remotes/master [1ms]
2024-09-16 21:48:56.524 [warning] [Git][getBranch] No such branch: master
2024-09-16 21:50:30.114 [info] > git show --textconv :src/audio.rs [5ms]
2024-09-16 21:50:30.115 [info] > git ls-files --stage -- /home/arch/Projects/Rust/voice/src/audio.rs [1ms]
2024-09-16 21:53:03.608 [info] > git show --textconv :src/main.rs [4ms]
2024-09-16 21:53:03.609 [info] > git ls-files --stage -- /home/arch/Projects/Rust/voice/src/main.rs [1ms]
2024-09-16 22:37:11.850 [info] [Git][getRemotes] No remotes found in the git config file
2024-09-16 22:37:11.850 [info] > git config --get commit.template [4ms]
2024-09-16 22:37:11.851 [info] > git for-each-ref --format=%(refname)%00%(upstream:short)%00%(objectname)%00%(upstream:track)%00%(upstream:remotename)%00%(upstream:remoteref) refs/heads/master refs/remotes/master [1ms]
2024-09-16 22:37:11.851 [warning] [Git][getBranch] No such branch: master
2024-09-16 22:37:11.855 [info] > git status -z -uall [1ms]
2024-09-16 22:37:11.860 [info] > git for-each-ref --format=%(refname)%00%(upstream:short)%00%(objectname)%00%(upstream:track)%00%(upstream:remotename)%00%(upstream:remoteref) refs/heads/master refs/remotes/master [1ms]
2024-09-16 22:37:11.860 [warning] [Git][getBranch] No such branch: master
2024-09-16 22:37:16.869 [info] [Git][getRemotes] No remotes found in the git config file
2024-09-16 22:37:16.873 [info] > git config --get commit.template [5ms]
2024-09-16 22:37:16.874 [info] > git for-each-ref --format=%(refname)%00%(upstream:short)%00%(objectname)%00%(upstream:track)%00%(upstream:remotename)%00%(upstream:remoteref) refs/heads/master refs/remotes/master [1ms]
2024-09-16 22:37:16.874 [warning] [Git][getBranch] No such branch: master
2024-09-16 22:37:16.879 [info] > git status -z -uall [2ms]
2024-09-16 22:37:16.883 [info] > git for-each-ref --format=%(refname)%00%(upstream:short)%00%(objectname)%00%(upstream:track)%00%(upstream:remotename)%00%(upstream:remoteref) refs/heads/master refs/remotes/master [1ms]
2024-09-16 22:37:16.883 [warning] [Git][getBranch] No such branch: master
2024-09-16 22:38:05.257 [info] [Git][getRemotes] No remotes found in the git config file
2024-09-16 22:38:05.257 [info] > git config --get commit.template [5ms]
2024-09-16 22:38:05.258 [info] > git for-each-ref --format=%(refname)%00%(upstream:short)%00%(objectname)%00%(upstream:track)%00%(upstream:remotename)%00%(upstream:remoteref) refs/heads/master refs/remotes/master [1ms]
2024-09-16 22:38:05.258 [warning] [Git][getBranch] No such branch: master
2024-09-16 22:38:05.262 [info] > git status -z -uall [1ms]
2024-09-16 22:38:05.267 [info] > git for-each-ref --format=%(refname)%00%(upstream:short)%00%(objectname)%00%(upstream:track)%00%(upstream:remotename)%00%(upstream:remoteref) refs/heads/master refs/remotes/master [1ms]
2024-09-16 22:38:05.267 [warning] [Git][getBranch] No such branch: master
2024-09-16 22:38:10.282 [info] [Git][getRemotes] No remotes found in the git config file
2024-09-16 22:38:10.282 [info] > git config --get commit.template [6ms]
2024-09-16 22:38:10.282 [info] > git for-each-ref --format=%(refname)%00%(upstream:short)%00%(objectname)%00%(upstream:track)%00%(upstream:remotename)%00%(upstream:remoteref) refs/heads/master refs/remotes/master [1ms]
2024-09-16 22:38:10.282 [warning] [Git][getBranch] No such branch: master
2024-09-16 22:38:10.289 [info] > git status -z -uall [2ms]
2024-09-16 22:38:10.295 [info] > git for-each-ref --format=%(refname)%00%(upstream:short)%00%(objectname)%00%(upstream:track)%00%(upstream:remotename)%00%(upstream:remoteref) refs/heads/master refs/remotes/master [1ms]
2024-09-16 22:38:10.295 [warning] [Git][getBranch] No such branch: master
2024-09-16 22:38:29.448 [info] > git show --textconv :src/build.rs [5ms]
2024-09-16 22:38:29.449 [info] > git ls-files --stage -- /home/arch/Projects/Rust/voice/src/build.rs [1ms]
2024-09-16 22:39:07.079 [info] [Git][getRemotes] No remotes found in the git config file
2024-09-16 22:39:07.079 [info] > git config --get commit.template [4ms]
2024-09-16 22:39:07.080 [info] > git for-each-ref --format=%(refname)%00%(upstream:short)%00%(objectname)%00%(upstream:track)%00%(upstream:remotename)%00%(upstream:remoteref) refs/heads/master refs/remotes/master [1ms]
2024-09-16 22:39:07.080 [warning] [Git][getBranch] No such branch: master
2024-09-16 22:39:07.084 [info] > git status -z -uall [1ms]
2024-09-16 22:39:07.089 [info] > git for-each-ref --format=%(refname)%00%(upstream:short)%00%(objectname)%00%(upstream:track)%00%(upstream:remotename)%00%(upstream:remoteref) refs/heads/master refs/remotes/master [1ms]
2024-09-16 22:39:07.089 [warning] [Git][getBranch] No such branch: master
2024-09-16 22:39:15.475 [info] [Git][getRemotes] No remotes found in the git config file
2024-09-16 22:39:15.475 [info] > git config --get commit.template [4ms]
2024-09-16 22:39:15.476 [info] > git for-each-ref --format=%(refname)%00%(upstream:short)%00%(objectname)%00%(upstream:track)%00%(upstream:remotename)%00%(upstream:remoteref) refs/heads/master refs/remotes/master [1ms]
2024-09-16 22:39:15.476 [warning] [Git][getBranch] No such branch: master
2024-09-16 22:39:15.481 [info] > git status -z -uall [1ms]
2024-09-16 22:39:15.486 [info] > git for-each-ref --format=%(refname)%00%(upstream:short)%00%(objectname)%00%(upstream:track)%00%(upstream:remotename)%00%(upstream:remoteref) refs/heads/master refs/remotes/master [1ms]
2024-09-16 22:39:15.486 [warning] [Git][getBranch] No such branch: master
2024-09-16 22:39:25.037 [info] [Git][getRemotes] No remotes found in the git config file
2024-09-16 22:39:25.038 [info] > git config --get commit.template [5ms]
2024-09-16 22:39:25.038 [info] > git for-each-ref --format=%(refname)%00%(upstream:short)%00%(objectname)%00%(upstream:track)%00%(upstream:remotename)%00%(upstream:remoteref) refs/heads/master refs/remotes/master [1ms]
2024-09-16 22:39:25.038 [warning] [Git][getBranch] No such branch: master
2024-09-16 22:39:25.043 [info] > git status -z -uall [1ms]
2024-09-16 22:39:25.048 [info] > git for-each-ref --format=%(refname)%00%(upstream:short)%00%(objectname)%00%(upstream:track)%00%(upstream:remotename)%00%(upstream:remoteref) refs/heads/master refs/remotes/master [1ms]
2024-09-16 22:39:25.048 [warning] [Git][getBranch] No such branch: master
2024-09-16 22:39:30.062 [info] [Git][getRemotes] No remotes found in the git config file
2024-09-16 22:39:30.063 [info] > git config --get commit.template [6ms]
2024-09-16 22:39:30.063 [info] > git for-each-ref --format=%(refname)%00%(upstream:short)%00%(objectname)%00%(upstream:track)%00%(upstream:remotename)%00%(upstream:remoteref) refs/heads/master refs/remotes/master [1ms]
2024-09-16 22:39:30.063 [warning] [Git][getBranch] No such branch: master
2024-09-16 22:39:30.069 [info] > git status -z -uall [1ms]
2024-09-16 22:39:30.076 [info] > git for-each-ref --format=%(refname)%00%(upstream:short)%00%(objectname)%00%(upstream:track)%00%(upstream:remotename)%00%(upstream:remoteref) refs/heads/master refs/remotes/master [1ms]
2024-09-16 22:39:30.076 [warning] [Git][getBranch] No such branch: master
2024-09-16 22:40:15.824 [info] [Git][getRemotes] No remotes found in the git config file
2024-09-16 22:40:15.828 [info] > git config --get commit.template [5ms]
2024-09-16 22:40:15.829 [info] > git for-each-ref --format=%(refname)%00%(upstream:short)%00%(objectname)%00%(upstream:track)%00%(upstream:remotename)%00%(upstream:remoteref) refs/heads/master refs/remotes/master [1ms]
2024-09-16 22:40:15.829 [warning] [Git][getBranch] No such branch: master
2024-09-16 22:40:15.833 [info] > git status -z -uall [1ms]
2024-09-16 22:40:15.838 [info] > git for-each-ref --format=%(refname)%00%(upstream:short)%00%(objectname)%00%(upstream:track)%00%(upstream:remotename)%00%(upstream:remoteref) refs/heads/master refs/remotes/master [1ms]
2024-09-16 22:40:15.838 [warning] [Git][getBranch] No such branch: master
2024-09-16 22:40:20.851 [info] [Git][getRemotes] No remotes found in the git config file
2024-09-16 22:40:20.852 [info] > git config --get commit.template [5ms]
2024-09-16 22:40:20.852 [info] > git for-each-ref --format=%(refname)%00%(upstream:short)%00%(objectname)%00%(upstream:track)%00%(upstream:remotename)%00%(upstream:remoteref) refs/heads/master refs/remotes/master [1ms]
2024-09-16 22:40:20.852 [warning] [Git][getBranch] No such branch: master
2024-09-16 22:40:20.857 [info] > git status -z -uall [1ms]
2024-09-16 22:40:20.862 [info] > git for-each-ref --format=%(refname)%00%(upstream:short)%00%(objectname)%00%(upstream:track)%00%(upstream:remotename)%00%(upstream:remoteref) refs/heads/master refs/remotes/master [1ms]
2024-09-16 22:40:20.862 [warning] [Git][getBranch] No such branch: master
2024-09-16 22:41:07.070 [info] > git show --textconv :src/audio.rs [4ms]
2024-09-16 22:41:07.071 [info] > git ls-files --stage -- /home/arch/Projects/Rust/voice/src/audio.rs [1ms]
2024-09-16 22:41:47.598 [info] [Git][getRemotes] No remotes found in the git config file
2024-09-16 22:41:47.598 [info] > git config --get commit.template [4ms]
2024-09-16 22:41:47.598 [info] > git for-each-ref --format=%(refname)%00%(upstream:short)%00%(objectname)%00%(upstream:track)%00%(upstream:remotename)%00%(upstream:remoteref) refs/heads/master refs/remotes/master [0ms]
2024-09-16 22:41:47.598 [warning] [Git][getBranch] No such branch: master
2024-09-16 22:41:47.603 [info] > git status -z -uall [1ms]
2024-09-16 22:41:47.608 [info] > git for-each-ref --format=%(refname)%00%(upstream:short)%00%(objectname)%00%(upstream:track)%00%(upstream:remotename)%00%(upstream:remoteref) refs/heads/master refs/remotes/master [1ms]
2024-09-16 22:41:47.608 [warning] [Git][getBranch] No such branch: master
2024-09-16 22:41:52.619 [info] [Git][getRemotes] No remotes found in the git config file
2024-09-16 22:41:52.620 [info] > git config --get commit.template [4ms]
2024-09-16 22:41:52.620 [info] > git for-each-ref --format=%(refname)%00%(upstream:short)%00%(objectname)%00%(upstream:track)%00%(upstream:remotename)%00%(upstream:remoteref) refs/heads/master refs/remotes/master [1ms]
2024-09-16 22:41:52.620 [warning] [Git][getBranch] No such branch: master
2024-09-16 22:41:52.625 [info] > git status -z -uall [1ms]
2024-09-16 22:41:52.629 [info] > git for-each-ref --format=%(refname)%00%(upstream:short)%00%(objectname)%00%(upstream:track)%00%(upstream:remotename)%00%(upstream:remoteref) refs/heads/master refs/remotes/master [0ms]
2024-09-16 22:41:52.630 [warning] [Git][getBranch] No such branch: master
2024-09-16 22:42:41.395 [info] > git show --textconv :src/main.rs [4ms]
2024-09-16 22:42:41.396 [info] > git ls-files --stage -- /home/arch/Projects/Rust/voice/src/main.rs [1ms]
2024-09-16 22:42:48.504 [info] [Git][getRemotes] No remotes found in the git config file
2024-09-16 22:42:48.505 [info] > git config --get commit.template [4ms]
2024-09-16 22:42:48.505 [info] > git for-each-ref --format=%(refname)%00%(upstream:short)%00%(objectname)%00%(upstream:track)%00%(upstream:remotename)%00%(upstream:remoteref) refs/heads/master refs/remotes/master [1ms]
2024-09-16 22:42:48.505 [warning] [Git][getBranch] No such branch: master
2024-09-16 22:42:48.510 [info] > git status -z -uall [1ms]
2024-09-16 22:42:48.514 [info] > git for-each-ref --format=%(refname)%00%(upstream:short)%00%(objectname)%00%(upstream:track)%00%(upstream:remotename)%00%(upstream:remoteref) refs/heads/master refs/remotes/master [1ms]
2024-09-16 22:42:48.514 [warning] [Git][getBranch] No such branch: master
2024-09-16 22:42:53.525 [info] [Git][getRemotes] No remotes found in the git config file
2024-09-16 22:42:53.525 [info] > git config --get commit.template [4ms]
2024-09-16 22:42:53.526 [info] > git for-each-ref --format=%(refname)%00%(upstream:short)%00%(objectname)%00%(upstream:track)%00%(upstream:remotename)%00%(upstream:remoteref) refs/heads/master refs/remotes/master [1ms]
2024-09-16 22:42:53.526 [warning] [Git][getBranch] No such branch: master
2024-09-16 22:42:53.530 [info] > git status -z -uall [1ms]
2024-09-16 22:42:53.535 [info] > git for-each-ref --format=%(refname)%00%(upstream:short)%00%(objectname)%00%(upstream:track)%00%(upstream:remotename)%00%(upstream:remoteref) refs/heads/master refs/remotes/master [1ms]
2024-09-16 22:42:53.535 [warning] [Git][getBranch] No such branch: master
2024-09-16 22:44:10.941 [info] [Git][getRemotes] No remotes found in the git config file
2024-09-16 22:44:10.942 [info] > git config --get commit.template [4ms]
2024-09-16 22:44:10.942 [info] > git for-each-ref --format=%(refname)%00%(upstream:short)%00%(objectname)%00%(upstream:track)%00%(upstream:remotename)%00%(upstream:remoteref) refs/heads/master refs/remotes/master [1ms]
2024-09-16 22:44:10.942 [warning] [Git][getBranch] No such branch: master
2024-09-16 22:44:10.947 [info] > git status -z -uall [1ms]
2024-09-16 22:44:10.951 [info] > git for-each-ref --format=%(refname)%00%(upstream:short)%00%(objectname)%00%(upstream:track)%00%(upstream:remotename)%00%(upstream:remoteref) refs/heads/master refs/remotes/master [1ms]
2024-09-16 22:44:10.951 [warning] [Git][getBranch] No such branch: master
2024-09-16 22:44:15.962 [info] [Git][getRemotes] No remotes found in the git config file
2024-09-16 22:44:15.962 [info] > git config --get commit.template [4ms]
2024-09-16 22:44:15.962 [info] > git for-each-ref --format=%(refname)%00%(upstream:short)%00%(objectname)%00%(upstream:track)%00%(upstream:remotename)%00%(upstream:remoteref) refs/heads/master refs/remotes/master [0ms]
2024-09-16 22:44:15.962 [warning] [Git][getBranch] No such branch: master
2024-09-16 22:44:15.968 [info] > git status -z -uall [2ms]
2024-09-16 22:44:15.972 [info] > git for-each-ref --format=%(refname)%00%(upstream:short)%00%(objectname)%00%(upstream:track)%00%(upstream:remotename)%00%(upstream:remoteref) refs/heads/master refs/remotes/master [1ms]
2024-09-16 22:44:15.972 [warning] [Git][getBranch] No such branch: master
2024-09-16 22:44:36.062 [info] > git show --textconv :src/audio.rs [4ms]
2024-09-16 22:44:36.062 [info] > git ls-files --stage -- /home/arch/Projects/Rust/voice/src/audio.rs [1ms]
2024-09-16 22:45:30.884 [info] [Git][getRemotes] No remotes found in the git config file
2024-09-16 22:45:30.884 [info] > git config --get commit.template [4ms]
2024-09-16 22:45:30.884 [info] > git for-each-ref --format=%(refname)%00%(upstream:short)%00%(objectname)%00%(upstream:track)%00%(upstream:remotename)%00%(upstream:remoteref) refs/heads/master refs/remotes/master [1ms]
2024-09-16 22:45:30.884 [warning] [Git][getBranch] No such branch: master
2024-09-16 22:45:30.889 [info] > git status -z -uall [1ms]
2024-09-16 22:45:30.894 [info] > git for-each-ref --format=%(refname)%00%(upstream:short)%00%(objectname)%00%(upstream:track)%00%(upstream:remotename)%00%(upstream:remoteref) refs/heads/master refs/remotes/master [1ms]
2024-09-16 22:45:30.894 [warning] [Git][getBranch] No such branch: master
2024-09-16 22:45:45.563 [info] [Git][getRemotes] No remotes found in the git config file
2024-09-16 22:45:45.568 [info] > git config --get commit.template [5ms]
2024-09-16 22:45:45.568 [info] > git for-each-ref --format=%(refname)%00%(upstream:short)%00%(objectname)%00%(upstream:track)%00%(upstream:remotename)%00%(upstream:remoteref) refs/heads/master refs/remotes/master [1ms]
2024-09-16 22:45:45.568 [warning] [Git][getBranch] No such branch: master
2024-09-16 22:45:45.574 [info] > git status -z -uall [2ms]
2024-09-16 22:45:45.578 [info] > git for-each-ref --format=%(refname)%00%(upstream:short)%00%(objectname)%00%(upstream:track)%00%(upstream:remotename)%00%(upstream:remoteref) refs/heads/master refs/remotes/master [0ms]
2024-09-16 22:45:45.578 [warning] [Git][getBranch] No such branch: master
2024-09-16 22:45:51.864 [info] [Git][getRemotes] No remotes found in the git config file
2024-09-16 22:45:51.865 [info] > git config --get commit.template [4ms]
2024-09-16 22:45:51.865 [info] > git for-each-ref --format=%(refname)%00%(upstream:short)%00%(objectname)%00%(upstream:track)%00%(upstream:remotename)%00%(upstream:remoteref) refs/heads/master refs/remotes/master [1ms]
2024-09-16 22:45:51.865 [warning] [Git][getBranch] No such branch: master
2024-09-16 22:45:51.870 [info] > git status -z -uall [2ms]
2024-09-16 22:45:51.874 [info] > git for-each-ref --format=%(refname)%00%(upstream:short)%00%(objectname)%00%(upstream:track)%00%(upstream:remotename)%00%(upstream:remoteref) refs/heads/master refs/remotes/master [1ms]
2024-09-16 22:45:51.874 [warning] [Git][getBranch] No such branch: master
