2024-11-26T15:58:54.016Z [Modules] Modules initializing
2024-11-26T15:58:54.016Z [Modules] Distribution: remote
2024-11-26T15:58:54.016Z [Modules] Host updates: enabled
2024-11-26T15:58:54.016Z [Modules] Module updates: enabled
2024-11-26T15:58:54.016Z [Modules] Module install path: /home/arch/.config/discord/0.0.76/modules
2024-11-26T15:58:54.016Z [Modules] Module installed file path: /home/arch/.config/discord/0.0.76/modules/installed.json
2024-11-26T15:58:54.016Z [Modules] Module download path: /home/arch/.config/discord/0.0.76/modules/pending
2024-11-26T15:58:54.155Z [Modules] Bootstrapping...
2024-11-26T15:58:54.156Z [Modules] Installing discord_desktop_core@0 from /opt/discord/resources/bootstrap/discord_desktop_core.zip
2024-11-26T15:58:54.156Z [Modules] Failed installing discord_desktop_core@0: Error: ENOENT: no such file or directory, open '/opt/discord/resources/bootstrap/discord_desktop_core.zip'
2024-11-26T15:58:54.157Z [Modules] Installing discord_erlpack@0 from /opt/discord/resources/bootstrap/discord_erlpack.zip
2024-11-26T15:58:54.157Z [Modules] Failed installing discord_erlpack@0: Error: ENOENT: no such file or directory, open '/opt/discord/resources/bootstrap/discord_erlpack.zip'
2024-11-26T15:58:54.157Z [Modules] Installing discord_spellcheck@0 from /opt/discord/resources/bootstrap/discord_spellcheck.zip
2024-11-26T15:58:54.158Z [Modules] Failed installing discord_spellcheck@0: Error: ENOENT: no such file or directory, open '/opt/discord/resources/bootstrap/discord_spellcheck.zip'
2024-11-26T15:58:54.158Z [Modules] Installing discord_utils@0 from /opt/discord/resources/bootstrap/discord_utils.zip
2024-11-26T15:58:54.158Z [Modules] Failed installing discord_utils@0: Error: ENOENT: no such file or directory, open '/opt/discord/resources/bootstrap/discord_utils.zip'
2024-11-26T15:58:54.158Z [Modules] Installing discord_voice@0 from /opt/discord/resources/bootstrap/discord_voice.zip
2024-11-26T15:58:54.159Z [Modules] Failed installing discord_voice@0: Error: ENOENT: no such file or directory, open '/opt/discord/resources/bootstrap/discord_voice.zip'
2024-11-26T15:58:54.159Z [Modules] Installing discord_zstd@0 from /opt/discord/resources/bootstrap/discord_zstd.zip
2024-11-26T15:58:54.159Z [Modules] Failed installing discord_zstd@0: Error: ENOENT: no such file or directory, open '/opt/discord/resources/bootstrap/discord_zstd.zip'
2024-11-26T15:58:54.159Z [Modules] Finished module installations. [success: 0] [failure: 6]
2024-11-26T15:58:54.159Z [Modules] Checking for host updates.
2024-11-26T15:58:54.457Z [Modules] Host is up to date.
2024-11-26T15:58:54.457Z [Modules] Checking for module updates at https://discord.com/api/modules/stable/versions.json
2024-11-26T15:58:54.488Z [Modules] Module update available: discord_desktop_core@1 [installed: 0]
2024-11-26T15:58:54.489Z [Modules] Module update available: discord_erlpack@1 [installed: 0]
2024-11-26T15:58:54.489Z [Modules] Module update available: discord_spellcheck@1 [installed: 0]
2024-11-26T15:58:54.489Z [Modules] Module update available: discord_utils@1 [installed: 0]
2024-11-26T15:58:54.489Z [Modules] Module update available: discord_voice@1 [installed: 0]
2024-11-26T15:58:54.489Z [Modules] Module update available: discord_zstd@1 [installed: 0]
2024-11-26T15:58:54.489Z [Modules] Fetching discord_desktop_core@1 from https://discord.com/api/modules/stable/discord_desktop_core/1
2024-11-26T15:58:54.489Z [Modules] Streaming discord_desktop_core@1 to /home/arch/.config/discord/0.0.76/modules/pending/discord_desktop_core-1.zip
2024-11-26T15:58:54.849Z [Modules] Streaming discord_desktop_core@1 to /home/arch/.config/discord/0.0.76/modules/pending/discord_desktop_core-1.zip: 1%
2024-11-26T15:58:54.855Z [Modules] Streaming discord_desktop_core@1 to /home/arch/.config/discord/0.0.76/modules/pending/discord_desktop_core-1.zip: 2%
2024-11-26T15:58:54.867Z [Modules] Streaming discord_desktop_core@1 to /home/arch/.config/discord/0.0.76/modules/pending/discord_desktop_core-1.zip: 3%
2024-11-26T15:58:54.871Z [Modules] Streaming discord_desktop_core@1 to /home/arch/.config/discord/0.0.76/modules/pending/discord_desktop_core-1.zip: 4%
2024-11-26T15:58:54.874Z [Modules] Streaming discord_desktop_core@1 to /home/arch/.config/discord/0.0.76/modules/pending/discord_desktop_core-1.zip: 5%
2024-11-26T15:58:54.879Z [Modules] Streaming discord_desktop_core@1 to /home/arch/.config/discord/0.0.76/modules/pending/discord_desktop_core-1.zip: 6%
2024-11-26T15:58:54.885Z [Modules] Streaming discord_desktop_core@1 to /home/arch/.config/discord/0.0.76/modules/pending/discord_desktop_core-1.zip: 7%
2024-11-26T15:58:54.888Z [Modules] Streaming discord_desktop_core@1 to /home/arch/.config/discord/0.0.76/modules/pending/discord_desktop_core-1.zip: 8%
2024-11-26T15:58:54.890Z [Modules] Streaming discord_desktop_core@1 to /home/arch/.config/discord/0.0.76/modules/pending/discord_desktop_core-1.zip: 9%
2024-11-26T15:58:54.893Z [Modules] Streaming discord_desktop_core@1 to /home/arch/.config/discord/0.0.76/modules/pending/discord_desktop_core-1.zip: 10%
2024-11-26T15:58:54.896Z [Modules] Streaming discord_desktop_core@1 to /home/arch/.config/discord/0.0.76/modules/pending/discord_desktop_core-1.zip: 11%
2024-11-26T15:58:54.899Z [Modules] Streaming discord_desktop_core@1 to /home/arch/.config/discord/0.0.76/modules/pending/discord_desktop_core-1.zip: 12%
2024-11-26T15:58:54.902Z [Modules] Streaming discord_desktop_core@1 to /home/arch/.config/discord/0.0.76/modules/pending/discord_desktop_core-1.zip: 13%
2024-11-26T15:58:54.904Z [Modules] Streaming discord_desktop_core@1 to /home/arch/.config/discord/0.0.76/modules/pending/discord_desktop_core-1.zip: 14%
2024-11-26T15:58:54.907Z [Modules] Streaming discord_desktop_core@1 to /home/arch/.config/discord/0.0.76/modules/pending/discord_desktop_core-1.zip: 15%
2024-11-26T15:58:54.908Z [Modules] Streaming discord_desktop_core@1 to /home/arch/.config/discord/0.0.76/modules/pending/discord_desktop_core-1.zip: 16%
2024-11-26T15:58:54.911Z [Modules] Streaming discord_desktop_core@1 to /home/arch/.config/discord/0.0.76/modules/pending/discord_desktop_core-1.zip: 17%
2024-11-26T15:58:54.912Z [Modules] Streaming discord_desktop_core@1 to /home/arch/.config/discord/0.0.76/modules/pending/discord_desktop_core-1.zip: 18%
2024-11-26T15:58:54.914Z [Modules] Streaming discord_desktop_core@1 to /home/arch/.config/discord/0.0.76/modules/pending/discord_desktop_core-1.zip: 19%
2024-11-26T15:58:54.916Z [Modules] Streaming discord_desktop_core@1 to /home/arch/.config/discord/0.0.76/modules/pending/discord_desktop_core-1.zip: 20%
2024-11-26T15:58:54.918Z [Modules] Streaming discord_desktop_core@1 to /home/arch/.config/discord/0.0.76/modules/pending/discord_desktop_core-1.zip: 21%
2024-11-26T15:58:54.920Z [Modules] Streaming discord_desktop_core@1 to /home/arch/.config/discord/0.0.76/modules/pending/discord_desktop_core-1.zip: 22%
2024-11-26T15:58:54.922Z [Modules] Streaming discord_desktop_core@1 to /home/arch/.config/discord/0.0.76/modules/pending/discord_desktop_core-1.zip: 23%
2024-11-26T15:58:54.924Z [Modules] Streaming discord_desktop_core@1 to /home/arch/.config/discord/0.0.76/modules/pending/discord_desktop_core-1.zip: 24%
2024-11-26T15:58:54.926Z [Modules] Streaming discord_desktop_core@1 to /home/arch/.config/discord/0.0.76/modules/pending/discord_desktop_core-1.zip: 25%
2024-11-26T15:58:54.927Z [Modules] Streaming discord_desktop_core@1 to /home/arch/.config/discord/0.0.76/modules/pending/discord_desktop_core-1.zip: 26%
2024-11-26T15:58:54.929Z [Modules] Streaming discord_desktop_core@1 to /home/arch/.config/discord/0.0.76/modules/pending/discord_desktop_core-1.zip: 27%
2024-11-26T15:58:54.931Z [Modules] Streaming discord_desktop_core@1 to /home/arch/.config/discord/0.0.76/modules/pending/discord_desktop_core-1.zip: 28%
2024-11-26T15:58:54.933Z [Modules] Streaming discord_desktop_core@1 to /home/arch/.config/discord/0.0.76/modules/pending/discord_desktop_core-1.zip: 29%
2024-11-26T15:58:54.934Z [Modules] Streaming discord_desktop_core@1 to /home/arch/.config/discord/0.0.76/modules/pending/discord_desktop_core-1.zip: 30%
2024-11-26T15:58:54.936Z [Modules] Streaming discord_desktop_core@1 to /home/arch/.config/discord/0.0.76/modules/pending/discord_desktop_core-1.zip: 31%
2024-11-26T15:58:54.938Z [Modules] Streaming discord_desktop_core@1 to /home/arch/.config/discord/0.0.76/modules/pending/discord_desktop_core-1.zip: 32%
2024-11-26T15:58:54.940Z [Modules] Streaming discord_desktop_core@1 to /home/arch/.config/discord/0.0.76/modules/pending/discord_desktop_core-1.zip: 33%
2024-11-26T15:58:54.942Z [Modules] Streaming discord_desktop_core@1 to /home/arch/.config/discord/0.0.76/modules/pending/discord_desktop_core-1.zip: 34%
2024-11-26T15:58:54.944Z [Modules] Streaming discord_desktop_core@1 to /home/arch/.config/discord/0.0.76/modules/pending/discord_desktop_core-1.zip: 35%
2024-11-26T15:58:54.951Z [Modules] Streaming discord_desktop_core@1 to /home/arch/.config/discord/0.0.76/modules/pending/discord_desktop_core-1.zip: 36%
2024-11-26T15:58:54.952Z [Modules] Streaming discord_desktop_core@1 to /home/arch/.config/discord/0.0.76/modules/pending/discord_desktop_core-1.zip: 37%
2024-11-26T15:58:54.955Z [Modules] Streaming discord_desktop_core@1 to /home/arch/.config/discord/0.0.76/modules/pending/discord_desktop_core-1.zip: 38%
2024-11-26T15:58:54.957Z [Modules] Streaming discord_desktop_core@1 to /home/arch/.config/discord/0.0.76/modules/pending/discord_desktop_core-1.zip: 39%
2024-11-26T15:58:54.959Z [Modules] Streaming discord_desktop_core@1 to /home/arch/.config/discord/0.0.76/modules/pending/discord_desktop_core-1.zip: 40%
2024-11-26T15:58:54.961Z [Modules] Streaming discord_desktop_core@1 to /home/arch/.config/discord/0.0.76/modules/pending/discord_desktop_core-1.zip: 41%
2024-11-26T15:58:54.962Z [Modules] Streaming discord_desktop_core@1 to /home/arch/.config/discord/0.0.76/modules/pending/discord_desktop_core-1.zip: 42%
2024-11-26T15:58:54.964Z [Modules] Streaming discord_desktop_core@1 to /home/arch/.config/discord/0.0.76/modules/pending/discord_desktop_core-1.zip: 43%
2024-11-26T15:58:54.966Z [Modules] Streaming discord_desktop_core@1 to /home/arch/.config/discord/0.0.76/modules/pending/discord_desktop_core-1.zip: 44%
2024-11-26T15:58:54.967Z [Modules] Streaming discord_desktop_core@1 to /home/arch/.config/discord/0.0.76/modules/pending/discord_desktop_core-1.zip: 45%
2024-11-26T15:58:54.969Z [Modules] Streaming discord_desktop_core@1 to /home/arch/.config/discord/0.0.76/modules/pending/discord_desktop_core-1.zip: 46%
2024-11-26T15:58:54.971Z [Modules] Streaming discord_desktop_core@1 to /home/arch/.config/discord/0.0.76/modules/pending/discord_desktop_core-1.zip: 47%
2024-11-26T15:58:54.973Z [Modules] Streaming discord_desktop_core@1 to /home/arch/.config/discord/0.0.76/modules/pending/discord_desktop_core-1.zip: 48%
2024-11-26T15:58:54.974Z [Modules] Streaming discord_desktop_core@1 to /home/arch/.config/discord/0.0.76/modules/pending/discord_desktop_core-1.zip: 49%
2024-11-26T15:58:54.976Z [Modules] Streaming discord_desktop_core@1 to /home/arch/.config/discord/0.0.76/modules/pending/discord_desktop_core-1.zip: 50%
2024-11-26T15:58:54.984Z [Modules] Streaming discord_desktop_core@1 to /home/arch/.config/discord/0.0.76/modules/pending/discord_desktop_core-1.zip: 51%
2024-11-26T15:58:54.986Z [Modules] Streaming discord_desktop_core@1 to /home/arch/.config/discord/0.0.76/modules/pending/discord_desktop_core-1.zip: 52%
2024-11-26T15:58:54.987Z [Modules] Streaming discord_desktop_core@1 to /home/arch/.config/discord/0.0.76/modules/pending/discord_desktop_core-1.zip: 53%
2024-11-26T15:58:54.989Z [Modules] Streaming discord_desktop_core@1 to /home/arch/.config/discord/0.0.76/modules/pending/discord_desktop_core-1.zip: 54%
2024-11-26T15:58:54.991Z [Modules] Streaming discord_desktop_core@1 to /home/arch/.config/discord/0.0.76/modules/pending/discord_desktop_core-1.zip: 55%
2024-11-26T15:58:54.993Z [Modules] Streaming discord_desktop_core@1 to /home/arch/.config/discord/0.0.76/modules/pending/discord_desktop_core-1.zip: 56%
2024-11-26T15:58:54.995Z [Modules] Streaming discord_desktop_core@1 to /home/arch/.config/discord/0.0.76/modules/pending/discord_desktop_core-1.zip: 57%
2024-11-26T15:58:54.997Z [Modules] Streaming discord_desktop_core@1 to /home/arch/.config/discord/0.0.76/modules/pending/discord_desktop_core-1.zip: 58%
2024-11-26T15:58:54.998Z [Modules] Streaming discord_desktop_core@1 to /home/arch/.config/discord/0.0.76/modules/pending/discord_desktop_core-1.zip: 59%
2024-11-26T15:58:55.000Z [Modules] Streaming discord_desktop_core@1 to /home/arch/.config/discord/0.0.76/modules/pending/discord_desktop_core-1.zip: 60%
2024-11-26T15:58:55.002Z [Modules] Streaming discord_desktop_core@1 to /home/arch/.config/discord/0.0.76/modules/pending/discord_desktop_core-1.zip: 61%
2024-11-26T15:58:55.004Z [Modules] Streaming discord_desktop_core@1 to /home/arch/.config/discord/0.0.76/modules/pending/discord_desktop_core-1.zip: 62%
2024-11-26T15:58:55.006Z [Modules] Streaming discord_desktop_core@1 to /home/arch/.config/discord/0.0.76/modules/pending/discord_desktop_core-1.zip: 63%
2024-11-26T15:58:55.007Z [Modules] Streaming discord_desktop_core@1 to /home/arch/.config/discord/0.0.76/modules/pending/discord_desktop_core-1.zip: 64%
2024-11-26T15:58:55.010Z [Modules] Streaming discord_desktop_core@1 to /home/arch/.config/discord/0.0.76/modules/pending/discord_desktop_core-1.zip: 65%
2024-11-26T15:58:55.012Z [Modules] Streaming discord_desktop_core@1 to /home/arch/.config/discord/0.0.76/modules/pending/discord_desktop_core-1.zip: 66%
2024-11-26T15:58:55.013Z [Modules] Streaming discord_desktop_core@1 to /home/arch/.config/discord/0.0.76/modules/pending/discord_desktop_core-1.zip: 67%
2024-11-26T15:58:55.015Z [Modules] Streaming discord_desktop_core@1 to /home/arch/.config/discord/0.0.76/modules/pending/discord_desktop_core-1.zip: 68%
2024-11-26T15:58:55.017Z [Modules] Streaming discord_desktop_core@1 to /home/arch/.config/discord/0.0.76/modules/pending/discord_desktop_core-1.zip: 69%
2024-11-26T15:58:55.019Z [Modules] Streaming discord_desktop_core@1 to /home/arch/.config/discord/0.0.76/modules/pending/discord_desktop_core-1.zip: 70%
2024-11-26T15:58:55.021Z [Modules] Streaming discord_desktop_core@1 to /home/arch/.config/discord/0.0.76/modules/pending/discord_desktop_core-1.zip: 71%
2024-11-26T15:58:55.023Z [Modules] Streaming discord_desktop_core@1 to /home/arch/.config/discord/0.0.76/modules/pending/discord_desktop_core-1.zip: 72%
2024-11-26T15:58:55.026Z [Modules] Streaming discord_desktop_core@1 to /home/arch/.config/discord/0.0.76/modules/pending/discord_desktop_core-1.zip: 73%
2024-11-26T15:58:55.028Z [Modules] Streaming discord_desktop_core@1 to /home/arch/.config/discord/0.0.76/modules/pending/discord_desktop_core-1.zip: 74%
2024-11-26T15:58:55.030Z [Modules] Streaming discord_desktop_core@1 to /home/arch/.config/discord/0.0.76/modules/pending/discord_desktop_core-1.zip: 75%
2024-11-26T15:58:55.032Z [Modules] Streaming discord_desktop_core@1 to /home/arch/.config/discord/0.0.76/modules/pending/discord_desktop_core-1.zip: 76%
2024-11-26T15:58:55.034Z [Modules] Streaming discord_desktop_core@1 to /home/arch/.config/discord/0.0.76/modules/pending/discord_desktop_core-1.zip: 77%
2024-11-26T15:58:55.035Z [Modules] Streaming discord_desktop_core@1 to /home/arch/.config/discord/0.0.76/modules/pending/discord_desktop_core-1.zip: 78%
2024-11-26T15:58:55.037Z [Modules] Streaming discord_desktop_core@1 to /home/arch/.config/discord/0.0.76/modules/pending/discord_desktop_core-1.zip: 79%
2024-11-26T15:58:55.039Z [Modules] Streaming discord_desktop_core@1 to /home/arch/.config/discord/0.0.76/modules/pending/discord_desktop_core-1.zip: 80%
2024-11-26T15:58:55.041Z [Modules] Streaming discord_desktop_core@1 to /home/arch/.config/discord/0.0.76/modules/pending/discord_desktop_core-1.zip: 81%
2024-11-26T15:58:55.043Z [Modules] Streaming discord_desktop_core@1 to /home/arch/.config/discord/0.0.76/modules/pending/discord_desktop_core-1.zip: 82%
2024-11-26T15:58:55.044Z [Modules] Streaming discord_desktop_core@1 to /home/arch/.config/discord/0.0.76/modules/pending/discord_desktop_core-1.zip: 83%
2024-11-26T15:58:55.046Z [Modules] Streaming discord_desktop_core@1 to /home/arch/.config/discord/0.0.76/modules/pending/discord_desktop_core-1.zip: 84%
2024-11-26T15:58:55.048Z [Modules] Streaming discord_desktop_core@1 to /home/arch/.config/discord/0.0.76/modules/pending/discord_desktop_core-1.zip: 85%
2024-11-26T15:58:55.050Z [Modules] Streaming discord_desktop_core@1 to /home/arch/.config/discord/0.0.76/modules/pending/discord_desktop_core-1.zip: 86%
2024-11-26T15:58:55.052Z [Modules] Streaming discord_desktop_core@1 to /home/arch/.config/discord/0.0.76/modules/pending/discord_desktop_core-1.zip: 87%
2024-11-26T15:58:55.053Z [Modules] Streaming discord_desktop_core@1 to /home/arch/.config/discord/0.0.76/modules/pending/discord_desktop_core-1.zip: 88%
2024-11-26T15:58:55.056Z [Modules] Streaming discord_desktop_core@1 to /home/arch/.config/discord/0.0.76/modules/pending/discord_desktop_core-1.zip: 89%
2024-11-26T15:58:55.057Z [Modules] Streaming discord_desktop_core@1 to /home/arch/.config/discord/0.0.76/modules/pending/discord_desktop_core-1.zip: 90%
2024-11-26T15:58:55.059Z [Modules] Streaming discord_desktop_core@1 to /home/arch/.config/discord/0.0.76/modules/pending/discord_desktop_core-1.zip: 91%
2024-11-26T15:58:55.061Z [Modules] Streaming discord_desktop_core@1 to /home/arch/.config/discord/0.0.76/modules/pending/discord_desktop_core-1.zip: 92%
2024-11-26T15:58:55.063Z [Modules] Streaming discord_desktop_core@1 to /home/arch/.config/discord/0.0.76/modules/pending/discord_desktop_core-1.zip: 93%
2024-11-26T15:58:55.065Z [Modules] Streaming discord_desktop_core@1 to /home/arch/.config/discord/0.0.76/modules/pending/discord_desktop_core-1.zip: 94%
2024-11-26T15:58:55.067Z [Modules] Streaming discord_desktop_core@1 to /home/arch/.config/discord/0.0.76/modules/pending/discord_desktop_core-1.zip: 95%
2024-11-26T15:58:55.068Z [Modules] Streaming discord_desktop_core@1 to /home/arch/.config/discord/0.0.76/modules/pending/discord_desktop_core-1.zip: 96%
2024-11-26T15:58:55.070Z [Modules] Streaming discord_desktop_core@1 to /home/arch/.config/discord/0.0.76/modules/pending/discord_desktop_core-1.zip: 97%
2024-11-26T15:58:55.072Z [Modules] Streaming discord_desktop_core@1 to /home/arch/.config/discord/0.0.76/modules/pending/discord_desktop_core-1.zip: 98%
2024-11-26T15:58:55.074Z [Modules] Streaming discord_desktop_core@1 to /home/arch/.config/discord/0.0.76/modules/pending/discord_desktop_core-1.zip: 99%
2024-11-26T15:58:55.075Z [Modules] Streaming discord_desktop_core@1 to /home/arch/.config/discord/0.0.76/modules/pending/discord_desktop_core-1.zip: 100%
2024-11-26T15:58:55.076Z [Modules] Fetching discord_erlpack@1 from https://discord.com/api/modules/stable/discord_erlpack/1
2024-11-26T15:58:55.076Z [Modules] Streaming discord_erlpack@1 to /home/arch/.config/discord/0.0.76/modules/pending/discord_erlpack-1.zip
2024-11-26T15:58:55.354Z [Modules] Streaming discord_erlpack@1 to /home/arch/.config/discord/0.0.76/modules/pending/discord_erlpack-1.zip: 1%
2024-11-26T15:58:55.357Z [Modules] Streaming discord_erlpack@1 to /home/arch/.config/discord/0.0.76/modules/pending/discord_erlpack-1.zip: 2%
2024-11-26T15:58:55.358Z [Modules] Streaming discord_erlpack@1 to /home/arch/.config/discord/0.0.76/modules/pending/discord_erlpack-1.zip: 3%
2024-11-26T15:58:55.360Z [Modules] Streaming discord_erlpack@1 to /home/arch/.config/discord/0.0.76/modules/pending/discord_erlpack-1.zip: 4%
2024-11-26T15:58:55.362Z [Modules] Streaming discord_erlpack@1 to /home/arch/.config/discord/0.0.76/modules/pending/discord_erlpack-1.zip: 5%
2024-11-26T15:58:55.364Z [Modules] Streaming discord_erlpack@1 to /home/arch/.config/discord/0.0.76/modules/pending/discord_erlpack-1.zip: 6%
2024-11-26T15:58:55.365Z [Modules] Streaming discord_erlpack@1 to /home/arch/.config/discord/0.0.76/modules/pending/discord_erlpack-1.zip: 7%
2024-11-26T15:58:55.367Z [Modules] Streaming discord_erlpack@1 to /home/arch/.config/discord/0.0.76/modules/pending/discord_erlpack-1.zip: 8%
2024-11-26T15:58:55.369Z [Modules] Streaming discord_erlpack@1 to /home/arch/.config/discord/0.0.76/modules/pending/discord_erlpack-1.zip: 9%
2024-11-26T15:58:55.370Z [Modules] Streaming discord_erlpack@1 to /home/arch/.config/discord/0.0.76/modules/pending/discord_erlpack-1.zip: 10%
2024-11-26T15:58:55.372Z [Modules] Streaming discord_erlpack@1 to /home/arch/.config/discord/0.0.76/modules/pending/discord_erlpack-1.zip: 11%
2024-11-26T15:58:55.374Z [Modules] Streaming discord_erlpack@1 to /home/arch/.config/discord/0.0.76/modules/pending/discord_erlpack-1.zip: 12%
2024-11-26T15:58:55.375Z [Modules] Streaming discord_erlpack@1 to /home/arch/.config/discord/0.0.76/modules/pending/discord_erlpack-1.zip: 13%
2024-11-26T15:58:55.377Z [Modules] Streaming discord_erlpack@1 to /home/arch/.config/discord/0.0.76/modules/pending/discord_erlpack-1.zip: 14%
2024-11-26T15:58:55.382Z [Modules] Streaming discord_erlpack@1 to /home/arch/.config/discord/0.0.76/modules/pending/discord_erlpack-1.zip: 15%
2024-11-26T15:58:55.384Z [Modules] Streaming discord_erlpack@1 to /home/arch/.config/discord/0.0.76/modules/pending/discord_erlpack-1.zip: 16%
2024-11-26T15:58:55.385Z [Modules] Streaming discord_erlpack@1 to /home/arch/.config/discord/0.0.76/modules/pending/discord_erlpack-1.zip: 17%
2024-11-26T15:58:55.387Z [Modules] Streaming discord_erlpack@1 to /home/arch/.config/discord/0.0.76/modules/pending/discord_erlpack-1.zip: 18%
2024-11-26T15:58:55.388Z [Modules] Streaming discord_erlpack@1 to /home/arch/.config/discord/0.0.76/modules/pending/discord_erlpack-1.zip: 19%
2024-11-26T15:58:55.390Z [Modules] Streaming discord_erlpack@1 to /home/arch/.config/discord/0.0.76/modules/pending/discord_erlpack-1.zip: 20%
2024-11-26T15:58:55.393Z [Modules] Streaming discord_erlpack@1 to /home/arch/.config/discord/0.0.76/modules/pending/discord_erlpack-1.zip: 21%
2024-11-26T15:58:55.394Z [Modules] Streaming discord_erlpack@1 to /home/arch/.config/discord/0.0.76/modules/pending/discord_erlpack-1.zip: 22%
2024-11-26T15:58:55.396Z [Modules] Streaming discord_erlpack@1 to /home/arch/.config/discord/0.0.76/modules/pending/discord_erlpack-1.zip: 23%
2024-11-26T15:58:55.397Z [Modules] Streaming discord_erlpack@1 to /home/arch/.config/discord/0.0.76/modules/pending/discord_erlpack-1.zip: 24%
2024-11-26T15:58:55.399Z [Modules] Streaming discord_erlpack@1 to /home/arch/.config/discord/0.0.76/modules/pending/discord_erlpack-1.zip: 25%
2024-11-26T15:58:55.400Z [Modules] Streaming discord_erlpack@1 to /home/arch/.config/discord/0.0.76/modules/pending/discord_erlpack-1.zip: 26%
2024-11-26T15:58:55.402Z [Modules] Streaming discord_erlpack@1 to /home/arch/.config/discord/0.0.76/modules/pending/discord_erlpack-1.zip: 27%
2024-11-26T15:58:55.404Z [Modules] Streaming discord_erlpack@1 to /home/arch/.config/discord/0.0.76/modules/pending/discord_erlpack-1.zip: 28%
2024-11-26T15:58:55.406Z [Modules] Streaming discord_erlpack@1 to /home/arch/.config/discord/0.0.76/modules/pending/discord_erlpack-1.zip: 29%
2024-11-26T15:58:55.407Z [Modules] Streaming discord_erlpack@1 to /home/arch/.config/discord/0.0.76/modules/pending/discord_erlpack-1.zip: 30%
2024-11-26T15:58:55.409Z [Modules] Streaming discord_erlpack@1 to /home/arch/.config/discord/0.0.76/modules/pending/discord_erlpack-1.zip: 31%
2024-11-26T15:58:55.411Z [Modules] Streaming discord_erlpack@1 to /home/arch/.config/discord/0.0.76/modules/pending/discord_erlpack-1.zip: 32%
2024-11-26T15:58:55.413Z [Modules] Streaming discord_erlpack@1 to /home/arch/.config/discord/0.0.76/modules/pending/discord_erlpack-1.zip: 33%
2024-11-26T15:58:55.414Z [Modules] Streaming discord_erlpack@1 to /home/arch/.config/discord/0.0.76/modules/pending/discord_erlpack-1.zip: 34%
2024-11-26T15:58:55.416Z [Modules] Streaming discord_erlpack@1 to /home/arch/.config/discord/0.0.76/modules/pending/discord_erlpack-1.zip: 35%
2024-11-26T15:58:55.418Z [Modules] Streaming discord_erlpack@1 to /home/arch/.config/discord/0.0.76/modules/pending/discord_erlpack-1.zip: 36%
2024-11-26T15:58:55.419Z [Modules] Streaming discord_erlpack@1 to /home/arch/.config/discord/0.0.76/modules/pending/discord_erlpack-1.zip: 37%
2024-11-26T15:58:55.421Z [Modules] Streaming discord_erlpack@1 to /home/arch/.config/discord/0.0.76/modules/pending/discord_erlpack-1.zip: 38%
2024-11-26T15:58:55.423Z [Modules] Streaming discord_erlpack@1 to /home/arch/.config/discord/0.0.76/modules/pending/discord_erlpack-1.zip: 39%
2024-11-26T15:58:55.425Z [Modules] Streaming discord_erlpack@1 to /home/arch/.config/discord/0.0.76/modules/pending/discord_erlpack-1.zip: 40%
2024-11-26T15:58:55.426Z [Modules] Streaming discord_erlpack@1 to /home/arch/.config/discord/0.0.76/modules/pending/discord_erlpack-1.zip: 41%
2024-11-26T15:58:55.428Z [Modules] Streaming discord_erlpack@1 to /home/arch/.config/discord/0.0.76/modules/pending/discord_erlpack-1.zip: 42%
2024-11-26T15:58:55.430Z [Modules] Streaming discord_erlpack@1 to /home/arch/.config/discord/0.0.76/modules/pending/discord_erlpack-1.zip: 43%
2024-11-26T15:58:55.432Z [Modules] Streaming discord_erlpack@1 to /home/arch/.config/discord/0.0.76/modules/pending/discord_erlpack-1.zip: 44%
2024-11-26T15:58:55.433Z [Modules] Streaming discord_erlpack@1 to /home/arch/.config/discord/0.0.76/modules/pending/discord_erlpack-1.zip: 45%
2024-11-26T15:58:55.435Z [Modules] Streaming discord_erlpack@1 to /home/arch/.config/discord/0.0.76/modules/pending/discord_erlpack-1.zip: 46%
2024-11-26T15:58:55.437Z [Modules] Streaming discord_erlpack@1 to /home/arch/.config/discord/0.0.76/modules/pending/discord_erlpack-1.zip: 47%
2024-11-26T15:58:55.438Z [Modules] Streaming discord_erlpack@1 to /home/arch/.config/discord/0.0.76/modules/pending/discord_erlpack-1.zip: 48%
2024-11-26T15:58:55.440Z [Modules] Streaming discord_erlpack@1 to /home/arch/.config/discord/0.0.76/modules/pending/discord_erlpack-1.zip: 49%
2024-11-26T15:58:55.442Z [Modules] Streaming discord_erlpack@1 to /home/arch/.config/discord/0.0.76/modules/pending/discord_erlpack-1.zip: 50%
2024-11-26T15:58:55.444Z [Modules] Streaming discord_erlpack@1 to /home/arch/.config/discord/0.0.76/modules/pending/discord_erlpack-1.zip: 51%
2024-11-26T15:58:55.445Z [Modules] Streaming discord_erlpack@1 to /home/arch/.config/discord/0.0.76/modules/pending/discord_erlpack-1.zip: 52%
2024-11-26T15:58:55.447Z [Modules] Streaming discord_erlpack@1 to /home/arch/.config/discord/0.0.76/modules/pending/discord_erlpack-1.zip: 53%
2024-11-26T15:58:55.449Z [Modules] Streaming discord_erlpack@1 to /home/arch/.config/discord/0.0.76/modules/pending/discord_erlpack-1.zip: 54%
2024-11-26T15:58:55.450Z [Modules] Streaming discord_erlpack@1 to /home/arch/.config/discord/0.0.76/modules/pending/discord_erlpack-1.zip: 55%
2024-11-26T15:58:55.452Z [Modules] Streaming discord_erlpack@1 to /home/arch/.config/discord/0.0.76/modules/pending/discord_erlpack-1.zip: 56%
2024-11-26T15:58:55.454Z [Modules] Streaming discord_erlpack@1 to /home/arch/.config/discord/0.0.76/modules/pending/discord_erlpack-1.zip: 57%
2024-11-26T15:58:55.456Z [Modules] Streaming discord_erlpack@1 to /home/arch/.config/discord/0.0.76/modules/pending/discord_erlpack-1.zip: 58%
2024-11-26T15:58:55.458Z [Modules] Streaming discord_erlpack@1 to /home/arch/.config/discord/0.0.76/modules/pending/discord_erlpack-1.zip: 59%
2024-11-26T15:58:55.459Z [Modules] Streaming discord_erlpack@1 to /home/arch/.config/discord/0.0.76/modules/pending/discord_erlpack-1.zip: 60%
2024-11-26T15:58:55.461Z [Modules] Streaming discord_erlpack@1 to /home/arch/.config/discord/0.0.76/modules/pending/discord_erlpack-1.zip: 61%
2024-11-26T15:58:55.463Z [Modules] Streaming discord_erlpack@1 to /home/arch/.config/discord/0.0.76/modules/pending/discord_erlpack-1.zip: 62%
2024-11-26T15:58:55.464Z [Modules] Streaming discord_erlpack@1 to /home/arch/.config/discord/0.0.76/modules/pending/discord_erlpack-1.zip: 63%
2024-11-26T15:58:55.467Z [Modules] Streaming discord_erlpack@1 to /home/arch/.config/discord/0.0.76/modules/pending/discord_erlpack-1.zip: 64%
2024-11-26T15:58:55.469Z [Modules] Streaming discord_erlpack@1 to /home/arch/.config/discord/0.0.76/modules/pending/discord_erlpack-1.zip: 65%
2024-11-26T15:58:55.470Z [Modules] Streaming discord_erlpack@1 to /home/arch/.config/discord/0.0.76/modules/pending/discord_erlpack-1.zip: 66%
2024-11-26T15:58:55.471Z [Modules] Streaming discord_erlpack@1 to /home/arch/.config/discord/0.0.76/modules/pending/discord_erlpack-1.zip: 67%
2024-11-26T15:58:55.473Z [Modules] Streaming discord_erlpack@1 to /home/arch/.config/discord/0.0.76/modules/pending/discord_erlpack-1.zip: 68%
2024-11-26T15:58:55.475Z [Modules] Streaming discord_erlpack@1 to /home/arch/.config/discord/0.0.76/modules/pending/discord_erlpack-1.zip: 69%
2024-11-26T15:58:55.476Z [Modules] Streaming discord_erlpack@1 to /home/arch/.config/discord/0.0.76/modules/pending/discord_erlpack-1.zip: 70%
2024-11-26T15:58:55.478Z [Modules] Streaming discord_erlpack@1 to /home/arch/.config/discord/0.0.76/modules/pending/discord_erlpack-1.zip: 71%
2024-11-26T15:58:55.480Z [Modules] Streaming discord_erlpack@1 to /home/arch/.config/discord/0.0.76/modules/pending/discord_erlpack-1.zip: 72%
2024-11-26T15:58:55.481Z [Modules] Streaming discord_erlpack@1 to /home/arch/.config/discord/0.0.76/modules/pending/discord_erlpack-1.zip: 73%
2024-11-26T15:58:55.483Z [Modules] Streaming discord_erlpack@1 to /home/arch/.config/discord/0.0.76/modules/pending/discord_erlpack-1.zip: 74%
2024-11-26T15:58:55.485Z [Modules] Streaming discord_erlpack@1 to /home/arch/.config/discord/0.0.76/modules/pending/discord_erlpack-1.zip: 75%
2024-11-26T15:58:55.487Z [Modules] Streaming discord_erlpack@1 to /home/arch/.config/discord/0.0.76/modules/pending/discord_erlpack-1.zip: 76%
2024-11-26T15:58:55.488Z [Modules] Streaming discord_erlpack@1 to /home/arch/.config/discord/0.0.76/modules/pending/discord_erlpack-1.zip: 77%
2024-11-26T15:58:55.490Z [Modules] Streaming discord_erlpack@1 to /home/arch/.config/discord/0.0.76/modules/pending/discord_erlpack-1.zip: 78%
2024-11-26T15:58:55.492Z [Modules] Streaming discord_erlpack@1 to /home/arch/.config/discord/0.0.76/modules/pending/discord_erlpack-1.zip: 79%
2024-11-26T15:58:55.494Z [Modules] Streaming discord_erlpack@1 to /home/arch/.config/discord/0.0.76/modules/pending/discord_erlpack-1.zip: 80%
2024-11-26T15:58:55.496Z [Modules] Streaming discord_erlpack@1 to /home/arch/.config/discord/0.0.76/modules/pending/discord_erlpack-1.zip: 81%
2024-11-26T15:58:55.497Z [Modules] Streaming discord_erlpack@1 to /home/arch/.config/discord/0.0.76/modules/pending/discord_erlpack-1.zip: 82%
2024-11-26T15:58:55.499Z [Modules] Streaming discord_erlpack@1 to /home/arch/.config/discord/0.0.76/modules/pending/discord_erlpack-1.zip: 83%
2024-11-26T15:58:55.501Z [Modules] Streaming discord_erlpack@1 to /home/arch/.config/discord/0.0.76/modules/pending/discord_erlpack-1.zip: 84%
2024-11-26T15:58:55.503Z [Modules] Streaming discord_erlpack@1 to /home/arch/.config/discord/0.0.76/modules/pending/discord_erlpack-1.zip: 85%
2024-11-26T15:58:55.505Z [Modules] Streaming discord_erlpack@1 to /home/arch/.config/discord/0.0.76/modules/pending/discord_erlpack-1.zip: 86%
2024-11-26T15:58:55.506Z [Modules] Streaming discord_erlpack@1 to /home/arch/.config/discord/0.0.76/modules/pending/discord_erlpack-1.zip: 87%
2024-11-26T15:58:55.508Z [Modules] Streaming discord_erlpack@1 to /home/arch/.config/discord/0.0.76/modules/pending/discord_erlpack-1.zip: 88%
2024-11-26T15:58:55.509Z [Modules] Streaming discord_erlpack@1 to /home/arch/.config/discord/0.0.76/modules/pending/discord_erlpack-1.zip: 89%
2024-11-26T15:58:55.511Z [Modules] Streaming discord_erlpack@1 to /home/arch/.config/discord/0.0.76/modules/pending/discord_erlpack-1.zip: 90%
2024-11-26T15:58:55.513Z [Modules] Streaming discord_erlpack@1 to /home/arch/.config/discord/0.0.76/modules/pending/discord_erlpack-1.zip: 91%
2024-11-26T15:58:55.514Z [Modules] Streaming discord_erlpack@1 to /home/arch/.config/discord/0.0.76/modules/pending/discord_erlpack-1.zip: 92%
2024-11-26T15:58:55.516Z [Modules] Streaming discord_erlpack@1 to /home/arch/.config/discord/0.0.76/modules/pending/discord_erlpack-1.zip: 93%
2024-11-26T15:58:55.518Z [Modules] Streaming discord_erlpack@1 to /home/arch/.config/discord/0.0.76/modules/pending/discord_erlpack-1.zip: 94%
2024-11-26T15:58:55.520Z [Modules] Streaming discord_erlpack@1 to /home/arch/.config/discord/0.0.76/modules/pending/discord_erlpack-1.zip: 95%
2024-11-26T15:58:55.521Z [Modules] Streaming discord_erlpack@1 to /home/arch/.config/discord/0.0.76/modules/pending/discord_erlpack-1.zip: 96%
2024-11-26T15:58:55.523Z [Modules] Streaming discord_erlpack@1 to /home/arch/.config/discord/0.0.76/modules/pending/discord_erlpack-1.zip: 97%
2024-11-26T15:58:55.525Z [Modules] Streaming discord_erlpack@1 to /home/arch/.config/discord/0.0.76/modules/pending/discord_erlpack-1.zip: 98%
2024-11-26T15:58:55.526Z [Modules] Streaming discord_erlpack@1 to /home/arch/.config/discord/0.0.76/modules/pending/discord_erlpack-1.zip: 99%
2024-11-26T15:58:55.528Z [Modules] Streaming discord_erlpack@1 to /home/arch/.config/discord/0.0.76/modules/pending/discord_erlpack-1.zip: 100%
2024-11-26T15:58:55.529Z [Modules] Fetching discord_spellcheck@1 from https://discord.com/api/modules/stable/discord_spellcheck/1
2024-11-26T15:58:55.529Z [Modules] Streaming discord_spellcheck@1 to /home/arch/.config/discord/0.0.76/modules/pending/discord_spellcheck-1.zip
2024-11-26T15:58:55.780Z [Modules] Streaming discord_spellcheck@1 to /home/arch/.config/discord/0.0.76/modules/pending/discord_spellcheck-1.zip: 1%
2024-11-26T15:58:55.789Z [Modules] Streaming discord_spellcheck@1 to /home/arch/.config/discord/0.0.76/modules/pending/discord_spellcheck-1.zip: 2%
2024-11-26T15:58:55.800Z [Modules] Streaming discord_spellcheck@1 to /home/arch/.config/discord/0.0.76/modules/pending/discord_spellcheck-1.zip: 3%
2024-11-26T15:58:55.808Z [Modules] Streaming discord_spellcheck@1 to /home/arch/.config/discord/0.0.76/modules/pending/discord_spellcheck-1.zip: 4%
2024-11-26T15:58:55.816Z [Modules] Streaming discord_spellcheck@1 to /home/arch/.config/discord/0.0.76/modules/pending/discord_spellcheck-1.zip: 5%
2024-11-26T15:58:55.824Z [Modules] Streaming discord_spellcheck@1 to /home/arch/.config/discord/0.0.76/modules/pending/discord_spellcheck-1.zip: 6%
2024-11-26T15:58:55.832Z [Modules] Streaming discord_spellcheck@1 to /home/arch/.config/discord/0.0.76/modules/pending/discord_spellcheck-1.zip: 7%
2024-11-26T15:58:55.841Z [Modules] Streaming discord_spellcheck@1 to /home/arch/.config/discord/0.0.76/modules/pending/discord_spellcheck-1.zip: 8%
2024-11-26T15:58:55.850Z [Modules] Streaming discord_spellcheck@1 to /home/arch/.config/discord/0.0.76/modules/pending/discord_spellcheck-1.zip: 9%
2024-11-26T15:58:55.857Z [Modules] Streaming discord_spellcheck@1 to /home/arch/.config/discord/0.0.76/modules/pending/discord_spellcheck-1.zip: 10%
2024-11-26T15:58:55.865Z [Modules] Streaming discord_spellcheck@1 to /home/arch/.config/discord/0.0.76/modules/pending/discord_spellcheck-1.zip: 11%
2024-11-26T15:58:55.873Z [Modules] Streaming discord_spellcheck@1 to /home/arch/.config/discord/0.0.76/modules/pending/discord_spellcheck-1.zip: 12%
2024-11-26T15:58:55.881Z [Modules] Streaming discord_spellcheck@1 to /home/arch/.config/discord/0.0.76/modules/pending/discord_spellcheck-1.zip: 13%
2024-11-26T15:58:55.889Z [Modules] Streaming discord_spellcheck@1 to /home/arch/.config/discord/0.0.76/modules/pending/discord_spellcheck-1.zip: 14%
2024-11-26T15:58:55.897Z [Modules] Streaming discord_spellcheck@1 to /home/arch/.config/discord/0.0.76/modules/pending/discord_spellcheck-1.zip: 15%
2024-11-26T15:58:55.905Z [Modules] Streaming discord_spellcheck@1 to /home/arch/.config/discord/0.0.76/modules/pending/discord_spellcheck-1.zip: 16%
2024-11-26T15:58:55.914Z [Modules] Streaming discord_spellcheck@1 to /home/arch/.config/discord/0.0.76/modules/pending/discord_spellcheck-1.zip: 17%
2024-11-26T15:58:55.921Z [Modules] Streaming discord_spellcheck@1 to /home/arch/.config/discord/0.0.76/modules/pending/discord_spellcheck-1.zip: 18%
2024-11-26T15:58:55.929Z [Modules] Streaming discord_spellcheck@1 to /home/arch/.config/discord/0.0.76/modules/pending/discord_spellcheck-1.zip: 19%
2024-11-26T15:58:55.937Z [Modules] Streaming discord_spellcheck@1 to /home/arch/.config/discord/0.0.76/modules/pending/discord_spellcheck-1.zip: 20%
2024-11-26T15:58:55.945Z [Modules] Streaming discord_spellcheck@1 to /home/arch/.config/discord/0.0.76/modules/pending/discord_spellcheck-1.zip: 21%
2024-11-26T15:58:55.953Z [Modules] Streaming discord_spellcheck@1 to /home/arch/.config/discord/0.0.76/modules/pending/discord_spellcheck-1.zip: 22%
2024-11-26T15:58:55.961Z [Modules] Streaming discord_spellcheck@1 to /home/arch/.config/discord/0.0.76/modules/pending/discord_spellcheck-1.zip: 23%
2024-11-26T15:58:55.970Z [Modules] Streaming discord_spellcheck@1 to /home/arch/.config/discord/0.0.76/modules/pending/discord_spellcheck-1.zip: 24%
2024-11-26T15:58:55.977Z [Modules] Streaming discord_spellcheck@1 to /home/arch/.config/discord/0.0.76/modules/pending/discord_spellcheck-1.zip: 25%
2024-11-26T15:58:55.986Z [Modules] Streaming discord_spellcheck@1 to /home/arch/.config/discord/0.0.76/modules/pending/discord_spellcheck-1.zip: 26%
2024-11-26T15:58:55.994Z [Modules] Streaming discord_spellcheck@1 to /home/arch/.config/discord/0.0.76/modules/pending/discord_spellcheck-1.zip: 27%
2024-11-26T15:58:56.002Z [Modules] Streaming discord_spellcheck@1 to /home/arch/.config/discord/0.0.76/modules/pending/discord_spellcheck-1.zip: 28%
2024-11-26T15:58:56.010Z [Modules] Streaming discord_spellcheck@1 to /home/arch/.config/discord/0.0.76/modules/pending/discord_spellcheck-1.zip: 29%
2024-11-26T15:58:56.018Z [Modules] Streaming discord_spellcheck@1 to /home/arch/.config/discord/0.0.76/modules/pending/discord_spellcheck-1.zip: 30%
2024-11-26T15:58:56.026Z [Modules] Streaming discord_spellcheck@1 to /home/arch/.config/discord/0.0.76/modules/pending/discord_spellcheck-1.zip: 31%
2024-11-26T15:58:56.035Z [Modules] Streaming discord_spellcheck@1 to /home/arch/.config/discord/0.0.76/modules/pending/discord_spellcheck-1.zip: 32%
2024-11-26T15:58:56.042Z [Modules] Streaming discord_spellcheck@1 to /home/arch/.config/discord/0.0.76/modules/pending/discord_spellcheck-1.zip: 33%
2024-11-26T15:58:56.050Z [Modules] Streaming discord_spellcheck@1 to /home/arch/.config/discord/0.0.76/modules/pending/discord_spellcheck-1.zip: 34%
2024-11-26T15:58:56.059Z [Modules] Streaming discord_spellcheck@1 to /home/arch/.config/discord/0.0.76/modules/pending/discord_spellcheck-1.zip: 35%
2024-11-26T15:58:56.067Z [Modules] Streaming discord_spellcheck@1 to /home/arch/.config/discord/0.0.76/modules/pending/discord_spellcheck-1.zip: 36%
2024-11-26T15:58:56.075Z [Modules] Streaming discord_spellcheck@1 to /home/arch/.config/discord/0.0.76/modules/pending/discord_spellcheck-1.zip: 37%
2024-11-26T15:58:56.083Z [Modules] Streaming discord_spellcheck@1 to /home/arch/.config/discord/0.0.76/modules/pending/discord_spellcheck-1.zip: 38%
2024-11-26T15:58:56.091Z [Modules] Streaming discord_spellcheck@1 to /home/arch/.config/discord/0.0.76/modules/pending/discord_spellcheck-1.zip: 39%
2024-11-26T15:58:56.103Z [Modules] Streaming discord_spellcheck@1 to /home/arch/.config/discord/0.0.76/modules/pending/discord_spellcheck-1.zip: 40%
2024-11-26T15:58:56.112Z [Modules] Streaming discord_spellcheck@1 to /home/arch/.config/discord/0.0.76/modules/pending/discord_spellcheck-1.zip: 41%
2024-11-26T15:58:56.119Z [Modules] Streaming discord_spellcheck@1 to /home/arch/.config/discord/0.0.76/modules/pending/discord_spellcheck-1.zip: 42%
2024-11-26T15:58:56.127Z [Modules] Streaming discord_spellcheck@1 to /home/arch/.config/discord/0.0.76/modules/pending/discord_spellcheck-1.zip: 43%
2024-11-26T15:58:56.135Z [Modules] Streaming discord_spellcheck@1 to /home/arch/.config/discord/0.0.76/modules/pending/discord_spellcheck-1.zip: 44%
2024-11-26T15:58:56.143Z [Modules] Streaming discord_spellcheck@1 to /home/arch/.config/discord/0.0.76/modules/pending/discord_spellcheck-1.zip: 45%
2024-11-26T15:58:56.154Z [Modules] Streaming discord_spellcheck@1 to /home/arch/.config/discord/0.0.76/modules/pending/discord_spellcheck-1.zip: 46%
2024-11-26T15:58:56.162Z [Modules] Streaming discord_spellcheck@1 to /home/arch/.config/discord/0.0.76/modules/pending/discord_spellcheck-1.zip: 47%
2024-11-26T15:58:56.170Z [Modules] Streaming discord_spellcheck@1 to /home/arch/.config/discord/0.0.76/modules/pending/discord_spellcheck-1.zip: 48%
2024-11-26T15:58:56.178Z [Modules] Streaming discord_spellcheck@1 to /home/arch/.config/discord/0.0.76/modules/pending/discord_spellcheck-1.zip: 49%
2024-11-26T15:58:56.186Z [Modules] Streaming discord_spellcheck@1 to /home/arch/.config/discord/0.0.76/modules/pending/discord_spellcheck-1.zip: 50%
2024-11-26T15:58:56.195Z [Modules] Streaming discord_spellcheck@1 to /home/arch/.config/discord/0.0.76/modules/pending/discord_spellcheck-1.zip: 51%
2024-11-26T15:58:56.202Z [Modules] Streaming discord_spellcheck@1 to /home/arch/.config/discord/0.0.76/modules/pending/discord_spellcheck-1.zip: 52%
2024-11-26T15:58:56.211Z [Modules] Streaming discord_spellcheck@1 to /home/arch/.config/discord/0.0.76/modules/pending/discord_spellcheck-1.zip: 53%
2024-11-26T15:58:56.218Z [Modules] Streaming discord_spellcheck@1 to /home/arch/.config/discord/0.0.76/modules/pending/discord_spellcheck-1.zip: 54%
2024-11-26T15:58:56.227Z [Modules] Streaming discord_spellcheck@1 to /home/arch/.config/discord/0.0.76/modules/pending/discord_spellcheck-1.zip: 55%
2024-11-26T15:58:56.235Z [Modules] Streaming discord_spellcheck@1 to /home/arch/.config/discord/0.0.76/modules/pending/discord_spellcheck-1.zip: 56%
2024-11-26T15:58:56.243Z [Modules] Streaming discord_spellcheck@1 to /home/arch/.config/discord/0.0.76/modules/pending/discord_spellcheck-1.zip: 57%
2024-11-26T15:58:56.251Z [Modules] Streaming discord_spellcheck@1 to /home/arch/.config/discord/0.0.76/modules/pending/discord_spellcheck-1.zip: 58%
2024-11-26T15:58:56.260Z [Modules] Streaming discord_spellcheck@1 to /home/arch/.config/discord/0.0.76/modules/pending/discord_spellcheck-1.zip: 59%
2024-11-26T15:58:56.267Z [Modules] Streaming discord_spellcheck@1 to /home/arch/.config/discord/0.0.76/modules/pending/discord_spellcheck-1.zip: 60%
2024-11-26T15:58:56.275Z [Modules] Streaming discord_spellcheck@1 to /home/arch/.config/discord/0.0.76/modules/pending/discord_spellcheck-1.zip: 61%
2024-11-26T15:58:56.283Z [Modules] Streaming discord_spellcheck@1 to /home/arch/.config/discord/0.0.76/modules/pending/discord_spellcheck-1.zip: 62%
2024-11-26T15:58:56.291Z [Modules] Streaming discord_spellcheck@1 to /home/arch/.config/discord/0.0.76/modules/pending/discord_spellcheck-1.zip: 63%
2024-11-26T15:58:56.299Z [Modules] Streaming discord_spellcheck@1 to /home/arch/.config/discord/0.0.76/modules/pending/discord_spellcheck-1.zip: 64%
2024-11-26T15:58:56.309Z [Modules] Streaming discord_spellcheck@1 to /home/arch/.config/discord/0.0.76/modules/pending/discord_spellcheck-1.zip: 65%
2024-11-26T15:58:56.316Z [Modules] Streaming discord_spellcheck@1 to /home/arch/.config/discord/0.0.76/modules/pending/discord_spellcheck-1.zip: 66%
2024-11-26T15:58:56.324Z [Modules] Streaming discord_spellcheck@1 to /home/arch/.config/discord/0.0.76/modules/pending/discord_spellcheck-1.zip: 67%
2024-11-26T15:58:56.333Z [Modules] Streaming discord_spellcheck@1 to /home/arch/.config/discord/0.0.76/modules/pending/discord_spellcheck-1.zip: 68%
2024-11-26T15:58:56.341Z [Modules] Streaming discord_spellcheck@1 to /home/arch/.config/discord/0.0.76/modules/pending/discord_spellcheck-1.zip: 69%
2024-11-26T15:58:56.348Z [Modules] Streaming discord_spellcheck@1 to /home/arch/.config/discord/0.0.76/modules/pending/discord_spellcheck-1.zip: 70%
2024-11-26T15:58:56.356Z [Modules] Streaming discord_spellcheck@1 to /home/arch/.config/discord/0.0.76/modules/pending/discord_spellcheck-1.zip: 71%
2024-11-26T15:58:56.364Z [Modules] Streaming discord_spellcheck@1 to /home/arch/.config/discord/0.0.76/modules/pending/discord_spellcheck-1.zip: 72%
2024-11-26T15:58:56.372Z [Modules] Streaming discord_spellcheck@1 to /home/arch/.config/discord/0.0.76/modules/pending/discord_spellcheck-1.zip: 73%
2024-11-26T15:58:56.380Z [Modules] Streaming discord_spellcheck@1 to /home/arch/.config/discord/0.0.76/modules/pending/discord_spellcheck-1.zip: 74%
2024-11-26T15:58:56.388Z [Modules] Streaming discord_spellcheck@1 to /home/arch/.config/discord/0.0.76/modules/pending/discord_spellcheck-1.zip: 75%
2024-11-26T15:58:56.396Z [Modules] Streaming discord_spellcheck@1 to /home/arch/.config/discord/0.0.76/modules/pending/discord_spellcheck-1.zip: 76%
2024-11-26T15:58:56.404Z [Modules] Streaming discord_spellcheck@1 to /home/arch/.config/discord/0.0.76/modules/pending/discord_spellcheck-1.zip: 77%
2024-11-26T15:58:56.413Z [Modules] Streaming discord_spellcheck@1 to /home/arch/.config/discord/0.0.76/modules/pending/discord_spellcheck-1.zip: 78%
2024-11-26T15:58:56.421Z [Modules] Streaming discord_spellcheck@1 to /home/arch/.config/discord/0.0.76/modules/pending/discord_spellcheck-1.zip: 79%
2024-11-26T15:58:56.430Z [Modules] Streaming discord_spellcheck@1 to /home/arch/.config/discord/0.0.76/modules/pending/discord_spellcheck-1.zip: 80%
2024-11-26T15:58:56.437Z [Modules] Streaming discord_spellcheck@1 to /home/arch/.config/discord/0.0.76/modules/pending/discord_spellcheck-1.zip: 81%
2024-11-26T15:58:56.446Z [Modules] Streaming discord_spellcheck@1 to /home/arch/.config/discord/0.0.76/modules/pending/discord_spellcheck-1.zip: 82%
2024-11-26T15:58:56.453Z [Modules] Streaming discord_spellcheck@1 to /home/arch/.config/discord/0.0.76/modules/pending/discord_spellcheck-1.zip: 83%
2024-11-26T15:58:56.461Z [Modules] Streaming discord_spellcheck@1 to /home/arch/.config/discord/0.0.76/modules/pending/discord_spellcheck-1.zip: 84%
2024-11-26T15:58:56.470Z [Modules] Streaming discord_spellcheck@1 to /home/arch/.config/discord/0.0.76/modules/pending/discord_spellcheck-1.zip: 85%
2024-11-26T15:58:56.477Z [Modules] Streaming discord_spellcheck@1 to /home/arch/.config/discord/0.0.76/modules/pending/discord_spellcheck-1.zip: 86%
2024-11-26T15:58:56.486Z [Modules] Streaming discord_spellcheck@1 to /home/arch/.config/discord/0.0.76/modules/pending/discord_spellcheck-1.zip: 87%
2024-11-26T15:58:56.494Z [Modules] Streaming discord_spellcheck@1 to /home/arch/.config/discord/0.0.76/modules/pending/discord_spellcheck-1.zip: 88%
2024-11-26T15:58:56.503Z [Modules] Streaming discord_spellcheck@1 to /home/arch/.config/discord/0.0.76/modules/pending/discord_spellcheck-1.zip: 89%
2024-11-26T15:58:56.511Z [Modules] Streaming discord_spellcheck@1 to /home/arch/.config/discord/0.0.76/modules/pending/discord_spellcheck-1.zip: 90%
2024-11-26T15:58:56.518Z [Modules] Streaming discord_spellcheck@1 to /home/arch/.config/discord/0.0.76/modules/pending/discord_spellcheck-1.zip: 91%
2024-11-26T15:58:56.526Z [Modules] Streaming discord_spellcheck@1 to /home/arch/.config/discord/0.0.76/modules/pending/discord_spellcheck-1.zip: 92%
2024-11-26T15:58:56.541Z [Modules] Streaming discord_spellcheck@1 to /home/arch/.config/discord/0.0.76/modules/pending/discord_spellcheck-1.zip: 93%
2024-11-26T15:58:56.550Z [Modules] Streaming discord_spellcheck@1 to /home/arch/.config/discord/0.0.76/modules/pending/discord_spellcheck-1.zip: 94%
2024-11-26T15:58:56.558Z [Modules] Streaming discord_spellcheck@1 to /home/arch/.config/discord/0.0.76/modules/pending/discord_spellcheck-1.zip: 95%
2024-11-26T15:58:56.565Z [Modules] Streaming discord_spellcheck@1 to /home/arch/.config/discord/0.0.76/modules/pending/discord_spellcheck-1.zip: 96%
2024-11-26T15:58:56.574Z [Modules] Streaming discord_spellcheck@1 to /home/arch/.config/discord/0.0.76/modules/pending/discord_spellcheck-1.zip: 97%
2024-11-26T15:58:56.582Z [Modules] Streaming discord_spellcheck@1 to /home/arch/.config/discord/0.0.76/modules/pending/discord_spellcheck-1.zip: 98%
2024-11-26T15:58:56.589Z [Modules] Streaming discord_spellcheck@1 to /home/arch/.config/discord/0.0.76/modules/pending/discord_spellcheck-1.zip: 99%
2024-11-26T15:58:56.598Z [Modules] Streaming discord_spellcheck@1 to /home/arch/.config/discord/0.0.76/modules/pending/discord_spellcheck-1.zip: 100%
2024-11-26T15:58:56.598Z [Modules] Fetching discord_utils@1 from https://discord.com/api/modules/stable/discord_utils/1
2024-11-26T15:58:56.598Z [Modules] Streaming discord_utils@1 to /home/arch/.config/discord/0.0.76/modules/pending/discord_utils-1.zip
2024-11-26T15:58:56.901Z [Modules] Streaming discord_utils@1 to /home/arch/.config/discord/0.0.76/modules/pending/discord_utils-1.zip: 1%
2024-11-26T15:58:56.905Z [Modules] Streaming discord_utils@1 to /home/arch/.config/discord/0.0.76/modules/pending/discord_utils-1.zip: 2%
2024-11-26T15:58:56.908Z [Modules] Streaming discord_utils@1 to /home/arch/.config/discord/0.0.76/modules/pending/discord_utils-1.zip: 3%
2024-11-26T15:58:56.911Z [Modules] Streaming discord_utils@1 to /home/arch/.config/discord/0.0.76/modules/pending/discord_utils-1.zip: 4%
2024-11-26T15:58:56.914Z [Modules] Streaming discord_utils@1 to /home/arch/.config/discord/0.0.76/modules/pending/discord_utils-1.zip: 5%
2024-11-26T15:58:56.918Z [Modules] Streaming discord_utils@1 to /home/arch/.config/discord/0.0.76/modules/pending/discord_utils-1.zip: 6%
2024-11-26T15:58:56.921Z [Modules] Streaming discord_utils@1 to /home/arch/.config/discord/0.0.76/modules/pending/discord_utils-1.zip: 7%
2024-11-26T15:58:56.930Z [Modules] Streaming discord_utils@1 to /home/arch/.config/discord/0.0.76/modules/pending/discord_utils-1.zip: 8%
2024-11-26T15:58:56.933Z [Modules] Streaming discord_utils@1 to /home/arch/.config/discord/0.0.76/modules/pending/discord_utils-1.zip: 9%
2024-11-26T15:58:56.936Z [Modules] Streaming discord_utils@1 to /home/arch/.config/discord/0.0.76/modules/pending/discord_utils-1.zip: 10%
2024-11-26T15:58:56.939Z [Modules] Streaming discord_utils@1 to /home/arch/.config/discord/0.0.76/modules/pending/discord_utils-1.zip: 11%
2024-11-26T15:58:56.942Z [Modules] Streaming discord_utils@1 to /home/arch/.config/discord/0.0.76/modules/pending/discord_utils-1.zip: 12%
2024-11-26T15:58:56.945Z [Modules] Streaming discord_utils@1 to /home/arch/.config/discord/0.0.76/modules/pending/discord_utils-1.zip: 13%
2024-11-26T15:58:56.948Z [Modules] Streaming discord_utils@1 to /home/arch/.config/discord/0.0.76/modules/pending/discord_utils-1.zip: 14%
2024-11-26T15:58:56.952Z [Modules] Streaming discord_utils@1 to /home/arch/.config/discord/0.0.76/modules/pending/discord_utils-1.zip: 15%
2024-11-26T15:58:56.955Z [Modules] Streaming discord_utils@1 to /home/arch/.config/discord/0.0.76/modules/pending/discord_utils-1.zip: 16%
2024-11-26T15:58:56.958Z [Modules] Streaming discord_utils@1 to /home/arch/.config/discord/0.0.76/modules/pending/discord_utils-1.zip: 17%
2024-11-26T15:58:56.961Z [Modules] Streaming discord_utils@1 to /home/arch/.config/discord/0.0.76/modules/pending/discord_utils-1.zip: 18%
2024-11-26T15:58:56.964Z [Modules] Streaming discord_utils@1 to /home/arch/.config/discord/0.0.76/modules/pending/discord_utils-1.zip: 19%
2024-11-26T15:58:56.967Z [Modules] Streaming discord_utils@1 to /home/arch/.config/discord/0.0.76/modules/pending/discord_utils-1.zip: 20%
2024-11-26T15:58:56.971Z [Modules] Streaming discord_utils@1 to /home/arch/.config/discord/0.0.76/modules/pending/discord_utils-1.zip: 21%
2024-11-26T15:58:56.974Z [Modules] Streaming discord_utils@1 to /home/arch/.config/discord/0.0.76/modules/pending/discord_utils-1.zip: 22%
2024-11-26T15:58:56.978Z [Modules] Streaming discord_utils@1 to /home/arch/.config/discord/0.0.76/modules/pending/discord_utils-1.zip: 23%
2024-11-26T15:58:56.980Z [Modules] Streaming discord_utils@1 to /home/arch/.config/discord/0.0.76/modules/pending/discord_utils-1.zip: 24%
2024-11-26T15:58:56.984Z [Modules] Streaming discord_utils@1 to /home/arch/.config/discord/0.0.76/modules/pending/discord_utils-1.zip: 25%
2024-11-26T15:58:56.987Z [Modules] Streaming discord_utils@1 to /home/arch/.config/discord/0.0.76/modules/pending/discord_utils-1.zip: 26%
2024-11-26T15:58:56.990Z [Modules] Streaming discord_utils@1 to /home/arch/.config/discord/0.0.76/modules/pending/discord_utils-1.zip: 27%
2024-11-26T15:58:56.996Z [Modules] Streaming discord_utils@1 to /home/arch/.config/discord/0.0.76/modules/pending/discord_utils-1.zip: 28%
2024-11-26T15:58:57.000Z [Modules] Streaming discord_utils@1 to /home/arch/.config/discord/0.0.76/modules/pending/discord_utils-1.zip: 29%
2024-11-26T15:58:57.003Z [Modules] Streaming discord_utils@1 to /home/arch/.config/discord/0.0.76/modules/pending/discord_utils-1.zip: 30%
2024-11-26T15:58:57.006Z [Modules] Streaming discord_utils@1 to /home/arch/.config/discord/0.0.76/modules/pending/discord_utils-1.zip: 31%
2024-11-26T15:58:57.009Z [Modules] Streaming discord_utils@1 to /home/arch/.config/discord/0.0.76/modules/pending/discord_utils-1.zip: 32%
2024-11-26T15:58:57.012Z [Modules] Streaming discord_utils@1 to /home/arch/.config/discord/0.0.76/modules/pending/discord_utils-1.zip: 33%
2024-11-26T15:58:57.015Z [Modules] Streaming discord_utils@1 to /home/arch/.config/discord/0.0.76/modules/pending/discord_utils-1.zip: 34%
2024-11-26T15:58:57.018Z [Modules] Streaming discord_utils@1 to /home/arch/.config/discord/0.0.76/modules/pending/discord_utils-1.zip: 35%
2024-11-26T15:58:57.021Z [Modules] Streaming discord_utils@1 to /home/arch/.config/discord/0.0.76/modules/pending/discord_utils-1.zip: 36%
2024-11-26T15:58:57.033Z [Modules] Streaming discord_utils@1 to /home/arch/.config/discord/0.0.76/modules/pending/discord_utils-1.zip: 37%
2024-11-26T15:58:57.036Z [Modules] Streaming discord_utils@1 to /home/arch/.config/discord/0.0.76/modules/pending/discord_utils-1.zip: 38%
2024-11-26T15:58:57.039Z [Modules] Streaming discord_utils@1 to /home/arch/.config/discord/0.0.76/modules/pending/discord_utils-1.zip: 39%
2024-11-26T15:58:57.042Z [Modules] Streaming discord_utils@1 to /home/arch/.config/discord/0.0.76/modules/pending/discord_utils-1.zip: 40%
2024-11-26T15:58:57.045Z [Modules] Streaming discord_utils@1 to /home/arch/.config/discord/0.0.76/modules/pending/discord_utils-1.zip: 41%
2024-11-26T15:58:57.049Z [Modules] Streaming discord_utils@1 to /home/arch/.config/discord/0.0.76/modules/pending/discord_utils-1.zip: 42%
2024-11-26T15:58:57.053Z [Modules] Streaming discord_utils@1 to /home/arch/.config/discord/0.0.76/modules/pending/discord_utils-1.zip: 43%
2024-11-26T15:58:57.057Z [Modules] Streaming discord_utils@1 to /home/arch/.config/discord/0.0.76/modules/pending/discord_utils-1.zip: 44%
2024-11-26T15:58:57.060Z [Modules] Streaming discord_utils@1 to /home/arch/.config/discord/0.0.76/modules/pending/discord_utils-1.zip: 45%
2024-11-26T15:58:57.063Z [Modules] Streaming discord_utils@1 to /home/arch/.config/discord/0.0.76/modules/pending/discord_utils-1.zip: 46%
2024-11-26T15:58:57.066Z [Modules] Streaming discord_utils@1 to /home/arch/.config/discord/0.0.76/modules/pending/discord_utils-1.zip: 47%
2024-11-26T15:58:57.069Z [Modules] Streaming discord_utils@1 to /home/arch/.config/discord/0.0.76/modules/pending/discord_utils-1.zip: 48%
2024-11-26T15:58:57.072Z [Modules] Streaming discord_utils@1 to /home/arch/.config/discord/0.0.76/modules/pending/discord_utils-1.zip: 49%
2024-11-26T15:58:57.075Z [Modules] Streaming discord_utils@1 to /home/arch/.config/discord/0.0.76/modules/pending/discord_utils-1.zip: 50%
2024-11-26T15:58:57.078Z [Modules] Streaming discord_utils@1 to /home/arch/.config/discord/0.0.76/modules/pending/discord_utils-1.zip: 51%
2024-11-26T15:58:57.085Z [Modules] Streaming discord_utils@1 to /home/arch/.config/discord/0.0.76/modules/pending/discord_utils-1.zip: 52%
2024-11-26T15:58:57.088Z [Modules] Streaming discord_utils@1 to /home/arch/.config/discord/0.0.76/modules/pending/discord_utils-1.zip: 53%
2024-11-26T15:58:57.092Z [Modules] Streaming discord_utils@1 to /home/arch/.config/discord/0.0.76/modules/pending/discord_utils-1.zip: 54%
2024-11-26T15:58:57.095Z [Modules] Streaming discord_utils@1 to /home/arch/.config/discord/0.0.76/modules/pending/discord_utils-1.zip: 55%
2024-11-26T15:58:57.098Z [Modules] Streaming discord_utils@1 to /home/arch/.config/discord/0.0.76/modules/pending/discord_utils-1.zip: 56%
2024-11-26T15:58:57.101Z [Modules] Streaming discord_utils@1 to /home/arch/.config/discord/0.0.76/modules/pending/discord_utils-1.zip: 57%
2024-11-26T15:58:57.104Z [Modules] Streaming discord_utils@1 to /home/arch/.config/discord/0.0.76/modules/pending/discord_utils-1.zip: 58%
2024-11-26T15:58:57.107Z [Modules] Streaming discord_utils@1 to /home/arch/.config/discord/0.0.76/modules/pending/discord_utils-1.zip: 59%
2024-11-26T15:58:57.110Z [Modules] Streaming discord_utils@1 to /home/arch/.config/discord/0.0.76/modules/pending/discord_utils-1.zip: 60%
2024-11-26T15:58:57.114Z [Modules] Streaming discord_utils@1 to /home/arch/.config/discord/0.0.76/modules/pending/discord_utils-1.zip: 61%
2024-11-26T15:58:57.116Z [Modules] Streaming discord_utils@1 to /home/arch/.config/discord/0.0.76/modules/pending/discord_utils-1.zip: 62%
2024-11-26T15:58:57.120Z [Modules] Streaming discord_utils@1 to /home/arch/.config/discord/0.0.76/modules/pending/discord_utils-1.zip: 63%
2024-11-26T15:58:57.123Z [Modules] Streaming discord_utils@1 to /home/arch/.config/discord/0.0.76/modules/pending/discord_utils-1.zip: 64%
2024-11-26T15:58:57.126Z [Modules] Streaming discord_utils@1 to /home/arch/.config/discord/0.0.76/modules/pending/discord_utils-1.zip: 65%
2024-11-26T15:58:57.129Z [Modules] Streaming discord_utils@1 to /home/arch/.config/discord/0.0.76/modules/pending/discord_utils-1.zip: 66%
2024-11-26T15:58:57.132Z [Modules] Streaming discord_utils@1 to /home/arch/.config/discord/0.0.76/modules/pending/discord_utils-1.zip: 67%
2024-11-26T15:58:57.136Z [Modules] Streaming discord_utils@1 to /home/arch/.config/discord/0.0.76/modules/pending/discord_utils-1.zip: 68%
2024-11-26T15:58:57.139Z [Modules] Streaming discord_utils@1 to /home/arch/.config/discord/0.0.76/modules/pending/discord_utils-1.zip: 69%
2024-11-26T15:58:57.142Z [Modules] Streaming discord_utils@1 to /home/arch/.config/discord/0.0.76/modules/pending/discord_utils-1.zip: 70%
2024-11-26T15:58:57.145Z [Modules] Streaming discord_utils@1 to /home/arch/.config/discord/0.0.76/modules/pending/discord_utils-1.zip: 71%
2024-11-26T15:58:57.150Z [Modules] Streaming discord_utils@1 to /home/arch/.config/discord/0.0.76/modules/pending/discord_utils-1.zip: 72%
2024-11-26T15:58:57.153Z [Modules] Streaming discord_utils@1 to /home/arch/.config/discord/0.0.76/modules/pending/discord_utils-1.zip: 73%
2024-11-26T15:58:57.155Z [Modules] Streaming discord_utils@1 to /home/arch/.config/discord/0.0.76/modules/pending/discord_utils-1.zip: 74%
2024-11-26T15:58:57.159Z [Modules] Streaming discord_utils@1 to /home/arch/.config/discord/0.0.76/modules/pending/discord_utils-1.zip: 75%
2024-11-26T15:58:57.162Z [Modules] Streaming discord_utils@1 to /home/arch/.config/discord/0.0.76/modules/pending/discord_utils-1.zip: 76%
2024-11-26T15:58:57.165Z [Modules] Streaming discord_utils@1 to /home/arch/.config/discord/0.0.76/modules/pending/discord_utils-1.zip: 77%
2024-11-26T15:58:57.168Z [Modules] Streaming discord_utils@1 to /home/arch/.config/discord/0.0.76/modules/pending/discord_utils-1.zip: 78%
2024-11-26T15:58:57.171Z [Modules] Streaming discord_utils@1 to /home/arch/.config/discord/0.0.76/modules/pending/discord_utils-1.zip: 79%
2024-11-26T15:58:57.175Z [Modules] Streaming discord_utils@1 to /home/arch/.config/discord/0.0.76/modules/pending/discord_utils-1.zip: 80%
2024-11-26T15:58:57.178Z [Modules] Streaming discord_utils@1 to /home/arch/.config/discord/0.0.76/modules/pending/discord_utils-1.zip: 81%
2024-11-26T15:58:57.181Z [Modules] Streaming discord_utils@1 to /home/arch/.config/discord/0.0.76/modules/pending/discord_utils-1.zip: 82%
2024-11-26T15:58:57.184Z [Modules] Streaming discord_utils@1 to /home/arch/.config/discord/0.0.76/modules/pending/discord_utils-1.zip: 83%
2024-11-26T15:58:57.187Z [Modules] Streaming discord_utils@1 to /home/arch/.config/discord/0.0.76/modules/pending/discord_utils-1.zip: 84%
2024-11-26T15:58:57.190Z [Modules] Streaming discord_utils@1 to /home/arch/.config/discord/0.0.76/modules/pending/discord_utils-1.zip: 85%
2024-11-26T15:58:57.193Z [Modules] Streaming discord_utils@1 to /home/arch/.config/discord/0.0.76/modules/pending/discord_utils-1.zip: 86%
2024-11-26T15:58:57.196Z [Modules] Streaming discord_utils@1 to /home/arch/.config/discord/0.0.76/modules/pending/discord_utils-1.zip: 87%
2024-11-26T15:58:57.200Z [Modules] Streaming discord_utils@1 to /home/arch/.config/discord/0.0.76/modules/pending/discord_utils-1.zip: 88%
2024-11-26T15:58:57.203Z [Modules] Streaming discord_utils@1 to /home/arch/.config/discord/0.0.76/modules/pending/discord_utils-1.zip: 89%
2024-11-26T15:58:57.206Z [Modules] Streaming discord_utils@1 to /home/arch/.config/discord/0.0.76/modules/pending/discord_utils-1.zip: 90%
2024-11-26T15:58:57.209Z [Modules] Streaming discord_utils@1 to /home/arch/.config/discord/0.0.76/modules/pending/discord_utils-1.zip: 91%
2024-11-26T15:58:57.213Z [Modules] Streaming discord_utils@1 to /home/arch/.config/discord/0.0.76/modules/pending/discord_utils-1.zip: 92%
2024-11-26T15:58:57.216Z [Modules] Streaming discord_utils@1 to /home/arch/.config/discord/0.0.76/modules/pending/discord_utils-1.zip: 93%
2024-11-26T15:58:57.219Z [Modules] Streaming discord_utils@1 to /home/arch/.config/discord/0.0.76/modules/pending/discord_utils-1.zip: 94%
2024-11-26T15:58:57.222Z [Modules] Streaming discord_utils@1 to /home/arch/.config/discord/0.0.76/modules/pending/discord_utils-1.zip: 95%
2024-11-26T15:58:57.225Z [Modules] Streaming discord_utils@1 to /home/arch/.config/discord/0.0.76/modules/pending/discord_utils-1.zip: 96%
2024-11-26T15:58:57.229Z [Modules] Streaming discord_utils@1 to /home/arch/.config/discord/0.0.76/modules/pending/discord_utils-1.zip: 97%
2024-11-26T15:58:57.232Z [Modules] Streaming discord_utils@1 to /home/arch/.config/discord/0.0.76/modules/pending/discord_utils-1.zip: 98%
2024-11-26T15:58:57.235Z [Modules] Streaming discord_utils@1 to /home/arch/.config/discord/0.0.76/modules/pending/discord_utils-1.zip: 99%
2024-11-26T15:58:57.238Z [Modules] Streaming discord_utils@1 to /home/arch/.config/discord/0.0.76/modules/pending/discord_utils-1.zip: 100%
2024-11-26T15:58:57.239Z [Modules] Fetching discord_voice@1 from https://discord.com/api/modules/stable/discord_voice/1
2024-11-26T15:58:57.239Z [Modules] Streaming discord_voice@1 to /home/arch/.config/discord/0.0.76/modules/pending/discord_voice-1.zip
2024-11-26T15:58:57.512Z [Modules] Streaming discord_voice@1 to /home/arch/.config/discord/0.0.76/modules/pending/discord_voice-1.zip: 1%
2024-11-26T15:58:57.535Z [Modules] Streaming discord_voice@1 to /home/arch/.config/discord/0.0.76/modules/pending/discord_voice-1.zip: 2%
2024-11-26T15:58:57.556Z [Modules] Streaming discord_voice@1 to /home/arch/.config/discord/0.0.76/modules/pending/discord_voice-1.zip: 3%
2024-11-26T15:58:57.587Z [Modules] Streaming discord_voice@1 to /home/arch/.config/discord/0.0.76/modules/pending/discord_voice-1.zip: 4%
2024-11-26T15:58:57.608Z [Modules] Streaming discord_voice@1 to /home/arch/.config/discord/0.0.76/modules/pending/discord_voice-1.zip: 5%
2024-11-26T15:58:57.627Z [Modules] Streaming discord_voice@1 to /home/arch/.config/discord/0.0.76/modules/pending/discord_voice-1.zip: 6%
2024-11-26T15:58:57.646Z [Modules] Streaming discord_voice@1 to /home/arch/.config/discord/0.0.76/modules/pending/discord_voice-1.zip: 7%
2024-11-26T15:58:57.666Z [Modules] Streaming discord_voice@1 to /home/arch/.config/discord/0.0.76/modules/pending/discord_voice-1.zip: 8%
2024-11-26T15:58:57.693Z [Modules] Streaming discord_voice@1 to /home/arch/.config/discord/0.0.76/modules/pending/discord_voice-1.zip: 9%
2024-11-26T15:58:57.711Z [Modules] Streaming discord_voice@1 to /home/arch/.config/discord/0.0.76/modules/pending/discord_voice-1.zip: 10%
2024-11-26T15:58:57.731Z [Modules] Streaming discord_voice@1 to /home/arch/.config/discord/0.0.76/modules/pending/discord_voice-1.zip: 11%
2024-11-26T15:58:57.750Z [Modules] Streaming discord_voice@1 to /home/arch/.config/discord/0.0.76/modules/pending/discord_voice-1.zip: 12%
2024-11-26T15:58:57.769Z [Modules] Streaming discord_voice@1 to /home/arch/.config/discord/0.0.76/modules/pending/discord_voice-1.zip: 13%
2024-11-26T15:58:57.791Z [Modules] Streaming discord_voice@1 to /home/arch/.config/discord/0.0.76/modules/pending/discord_voice-1.zip: 14%
2024-11-26T15:58:57.810Z [Modules] Streaming discord_voice@1 to /home/arch/.config/discord/0.0.76/modules/pending/discord_voice-1.zip: 15%
2024-11-26T15:58:57.831Z [Modules] Streaming discord_voice@1 to /home/arch/.config/discord/0.0.76/modules/pending/discord_voice-1.zip: 16%
2024-11-26T15:58:57.850Z [Modules] Streaming discord_voice@1 to /home/arch/.config/discord/0.0.76/modules/pending/discord_voice-1.zip: 17%
2024-11-26T15:58:57.870Z [Modules] Streaming discord_voice@1 to /home/arch/.config/discord/0.0.76/modules/pending/discord_voice-1.zip: 18%
2024-11-26T15:58:57.889Z [Modules] Streaming discord_voice@1 to /home/arch/.config/discord/0.0.76/modules/pending/discord_voice-1.zip: 19%
2024-11-26T15:58:57.909Z [Modules] Streaming discord_voice@1 to /home/arch/.config/discord/0.0.76/modules/pending/discord_voice-1.zip: 20%
2024-11-26T15:58:57.927Z [Modules] Streaming discord_voice@1 to /home/arch/.config/discord/0.0.76/modules/pending/discord_voice-1.zip: 21%
2024-11-26T15:58:57.948Z [Modules] Streaming discord_voice@1 to /home/arch/.config/discord/0.0.76/modules/pending/discord_voice-1.zip: 22%
2024-11-26T15:58:57.967Z [Modules] Streaming discord_voice@1 to /home/arch/.config/discord/0.0.76/modules/pending/discord_voice-1.zip: 23%
2024-11-26T15:58:57.985Z [Modules] Streaming discord_voice@1 to /home/arch/.config/discord/0.0.76/modules/pending/discord_voice-1.zip: 24%
2024-11-26T15:58:58.015Z [Modules] Streaming discord_voice@1 to /home/arch/.config/discord/0.0.76/modules/pending/discord_voice-1.zip: 25%
2024-11-26T15:58:58.027Z [Modules] Streaming discord_voice@1 to /home/arch/.config/discord/0.0.76/modules/pending/discord_voice-1.zip: 26%
2024-11-26T15:58:58.064Z [Modules] Streaming discord_voice@1 to /home/arch/.config/discord/0.0.76/modules/pending/discord_voice-1.zip: 27%
2024-11-26T15:58:58.087Z [Modules] Streaming discord_voice@1 to /home/arch/.config/discord/0.0.76/modules/pending/discord_voice-1.zip: 28%
2024-11-26T15:58:58.106Z [Modules] Streaming discord_voice@1 to /home/arch/.config/discord/0.0.76/modules/pending/discord_voice-1.zip: 29%
2024-11-26T15:58:58.126Z [Modules] Streaming discord_voice@1 to /home/arch/.config/discord/0.0.76/modules/pending/discord_voice-1.zip: 30%
2024-11-26T15:58:58.150Z [Modules] Streaming discord_voice@1 to /home/arch/.config/discord/0.0.76/modules/pending/discord_voice-1.zip: 31%
2024-11-26T15:58:58.168Z [Modules] Streaming discord_voice@1 to /home/arch/.config/discord/0.0.76/modules/pending/discord_voice-1.zip: 32%
2024-11-26T15:58:58.187Z [Modules] Streaming discord_voice@1 to /home/arch/.config/discord/0.0.76/modules/pending/discord_voice-1.zip: 33%
2024-11-26T15:58:58.209Z [Modules] Streaming discord_voice@1 to /home/arch/.config/discord/0.0.76/modules/pending/discord_voice-1.zip: 34%
2024-11-26T15:58:58.241Z [Modules] Streaming discord_voice@1 to /home/arch/.config/discord/0.0.76/modules/pending/discord_voice-1.zip: 35%
2024-11-26T15:58:58.264Z [Modules] Streaming discord_voice@1 to /home/arch/.config/discord/0.0.76/modules/pending/discord_voice-1.zip: 36%
2024-11-26T15:58:58.285Z [Modules] Streaming discord_voice@1 to /home/arch/.config/discord/0.0.76/modules/pending/discord_voice-1.zip: 37%
2024-11-26T15:58:58.305Z [Modules] Streaming discord_voice@1 to /home/arch/.config/discord/0.0.76/modules/pending/discord_voice-1.zip: 38%
2024-11-26T15:58:58.324Z [Modules] Streaming discord_voice@1 to /home/arch/.config/discord/0.0.76/modules/pending/discord_voice-1.zip: 39%
2024-11-26T15:58:58.343Z [Modules] Streaming discord_voice@1 to /home/arch/.config/discord/0.0.76/modules/pending/discord_voice-1.zip: 40%
2024-11-26T15:58:58.363Z [Modules] Streaming discord_voice@1 to /home/arch/.config/discord/0.0.76/modules/pending/discord_voice-1.zip: 41%
2024-11-26T15:58:58.383Z [Modules] Streaming discord_voice@1 to /home/arch/.config/discord/0.0.76/modules/pending/discord_voice-1.zip: 42%
2024-11-26T15:58:58.401Z [Modules] Streaming discord_voice@1 to /home/arch/.config/discord/0.0.76/modules/pending/discord_voice-1.zip: 43%
2024-11-26T15:58:58.429Z [Modules] Streaming discord_voice@1 to /home/arch/.config/discord/0.0.76/modules/pending/discord_voice-1.zip: 44%
2024-11-26T15:58:58.448Z [Modules] Streaming discord_voice@1 to /home/arch/.config/discord/0.0.76/modules/pending/discord_voice-1.zip: 45%
2024-11-26T15:58:58.470Z [Modules] Streaming discord_voice@1 to /home/arch/.config/discord/0.0.76/modules/pending/discord_voice-1.zip: 46%
2024-11-26T15:58:58.498Z [Modules] Streaming discord_voice@1 to /home/arch/.config/discord/0.0.76/modules/pending/discord_voice-1.zip: 47%
2024-11-26T15:58:58.531Z [Modules] Streaming discord_voice@1 to /home/arch/.config/discord/0.0.76/modules/pending/discord_voice-1.zip: 48%
2024-11-26T15:58:58.547Z [Modules] Streaming discord_voice@1 to /home/arch/.config/discord/0.0.76/modules/pending/discord_voice-1.zip: 49%
2024-11-26T15:58:58.576Z [Modules] Streaming discord_voice@1 to /home/arch/.config/discord/0.0.76/modules/pending/discord_voice-1.zip: 50%
2024-11-26T15:58:58.596Z [Modules] Streaming discord_voice@1 to /home/arch/.config/discord/0.0.76/modules/pending/discord_voice-1.zip: 51%
2024-11-26T15:58:58.615Z [Modules] Streaming discord_voice@1 to /home/arch/.config/discord/0.0.76/modules/pending/discord_voice-1.zip: 52%
2024-11-26T15:58:58.635Z [Modules] Streaming discord_voice@1 to /home/arch/.config/discord/0.0.76/modules/pending/discord_voice-1.zip: 53%
2024-11-26T15:58:58.654Z [Modules] Streaming discord_voice@1 to /home/arch/.config/discord/0.0.76/modules/pending/discord_voice-1.zip: 54%
2024-11-26T15:58:58.673Z [Modules] Streaming discord_voice@1 to /home/arch/.config/discord/0.0.76/modules/pending/discord_voice-1.zip: 55%
2024-11-26T15:58:58.707Z [Modules] Streaming discord_voice@1 to /home/arch/.config/discord/0.0.76/modules/pending/discord_voice-1.zip: 56%
2024-11-26T15:58:58.730Z [Modules] Streaming discord_voice@1 to /home/arch/.config/discord/0.0.76/modules/pending/discord_voice-1.zip: 57%
2024-11-26T15:58:58.758Z [Modules] Streaming discord_voice@1 to /home/arch/.config/discord/0.0.76/modules/pending/discord_voice-1.zip: 58%
2024-11-26T15:58:58.780Z [Modules] Streaming discord_voice@1 to /home/arch/.config/discord/0.0.76/modules/pending/discord_voice-1.zip: 59%
2024-11-26T15:58:58.803Z [Modules] Streaming discord_voice@1 to /home/arch/.config/discord/0.0.76/modules/pending/discord_voice-1.zip: 60%
2024-11-26T15:58:58.823Z [Modules] Streaming discord_voice@1 to /home/arch/.config/discord/0.0.76/modules/pending/discord_voice-1.zip: 61%
2024-11-26T15:58:58.843Z [Modules] Streaming discord_voice@1 to /home/arch/.config/discord/0.0.76/modules/pending/discord_voice-1.zip: 62%
2024-11-26T15:58:58.861Z [Modules] Streaming discord_voice@1 to /home/arch/.config/discord/0.0.76/modules/pending/discord_voice-1.zip: 63%
2024-11-26T15:58:58.880Z [Modules] Streaming discord_voice@1 to /home/arch/.config/discord/0.0.76/modules/pending/discord_voice-1.zip: 64%
2024-11-26T15:58:58.900Z [Modules] Streaming discord_voice@1 to /home/arch/.config/discord/0.0.76/modules/pending/discord_voice-1.zip: 65%
2024-11-26T15:58:58.919Z [Modules] Streaming discord_voice@1 to /home/arch/.config/discord/0.0.76/modules/pending/discord_voice-1.zip: 66%
2024-11-26T15:58:58.938Z [Modules] Streaming discord_voice@1 to /home/arch/.config/discord/0.0.76/modules/pending/discord_voice-1.zip: 67%
2024-11-26T15:58:58.958Z [Modules] Streaming discord_voice@1 to /home/arch/.config/discord/0.0.76/modules/pending/discord_voice-1.zip: 68%
2024-11-26T15:58:58.977Z [Modules] Streaming discord_voice@1 to /home/arch/.config/discord/0.0.76/modules/pending/discord_voice-1.zip: 69%
2024-11-26T15:58:58.996Z [Modules] Streaming discord_voice@1 to /home/arch/.config/discord/0.0.76/modules/pending/discord_voice-1.zip: 70%
2024-11-26T15:58:59.017Z [Modules] Streaming discord_voice@1 to /home/arch/.config/discord/0.0.76/modules/pending/discord_voice-1.zip: 71%
2024-11-26T15:58:59.040Z [Modules] Streaming discord_voice@1 to /home/arch/.config/discord/0.0.76/modules/pending/discord_voice-1.zip: 72%
2024-11-26T15:58:59.058Z [Modules] Streaming discord_voice@1 to /home/arch/.config/discord/0.0.76/modules/pending/discord_voice-1.zip: 73%
2024-11-26T15:58:59.086Z [Modules] Streaming discord_voice@1 to /home/arch/.config/discord/0.0.76/modules/pending/discord_voice-1.zip: 74%
2024-11-26T15:58:59.106Z [Modules] Streaming discord_voice@1 to /home/arch/.config/discord/0.0.76/modules/pending/discord_voice-1.zip: 75%
2024-11-26T15:58:59.127Z [Modules] Streaming discord_voice@1 to /home/arch/.config/discord/0.0.76/modules/pending/discord_voice-1.zip: 76%
2024-11-26T15:58:59.146Z [Modules] Streaming discord_voice@1 to /home/arch/.config/discord/0.0.76/modules/pending/discord_voice-1.zip: 77%
2024-11-26T15:58:59.165Z [Modules] Streaming discord_voice@1 to /home/arch/.config/discord/0.0.76/modules/pending/discord_voice-1.zip: 78%
2024-11-26T15:58:59.185Z [Modules] Streaming discord_voice@1 to /home/arch/.config/discord/0.0.76/modules/pending/discord_voice-1.zip: 79%
2024-11-26T15:58:59.204Z [Modules] Streaming discord_voice@1 to /home/arch/.config/discord/0.0.76/modules/pending/discord_voice-1.zip: 80%
2024-11-26T15:58:59.224Z [Modules] Streaming discord_voice@1 to /home/arch/.config/discord/0.0.76/modules/pending/discord_voice-1.zip: 81%
2024-11-26T15:58:59.244Z [Modules] Streaming discord_voice@1 to /home/arch/.config/discord/0.0.76/modules/pending/discord_voice-1.zip: 82%
2024-11-26T15:58:59.283Z [Modules] Streaming discord_voice@1 to /home/arch/.config/discord/0.0.76/modules/pending/discord_voice-1.zip: 83%
2024-11-26T15:58:59.294Z [Modules] Streaming discord_voice@1 to /home/arch/.config/discord/0.0.76/modules/pending/discord_voice-1.zip: 84%
2024-11-26T15:58:59.329Z [Modules] Streaming discord_voice@1 to /home/arch/.config/discord/0.0.76/modules/pending/discord_voice-1.zip: 85%
2024-11-26T15:58:59.348Z [Modules] Streaming discord_voice@1 to /home/arch/.config/discord/0.0.76/modules/pending/discord_voice-1.zip: 86%
2024-11-26T15:58:59.382Z [Modules] Streaming discord_voice@1 to /home/arch/.config/discord/0.0.76/modules/pending/discord_voice-1.zip: 87%
2024-11-26T15:58:59.401Z [Modules] Streaming discord_voice@1 to /home/arch/.config/discord/0.0.76/modules/pending/discord_voice-1.zip: 88%
2024-11-26T15:58:59.423Z [Modules] Streaming discord_voice@1 to /home/arch/.config/discord/0.0.76/modules/pending/discord_voice-1.zip: 89%
2024-11-26T15:58:59.446Z [Modules] Streaming discord_voice@1 to /home/arch/.config/discord/0.0.76/modules/pending/discord_voice-1.zip: 90%
2024-11-26T15:58:59.466Z [Modules] Streaming discord_voice@1 to /home/arch/.config/discord/0.0.76/modules/pending/discord_voice-1.zip: 91%
2024-11-26T15:58:59.486Z [Modules] Streaming discord_voice@1 to /home/arch/.config/discord/0.0.76/modules/pending/discord_voice-1.zip: 92%
2024-11-26T15:58:59.506Z [Modules] Streaming discord_voice@1 to /home/arch/.config/discord/0.0.76/modules/pending/discord_voice-1.zip: 93%
2024-11-26T15:58:59.525Z [Modules] Streaming discord_voice@1 to /home/arch/.config/discord/0.0.76/modules/pending/discord_voice-1.zip: 94%
2024-11-26T15:58:59.544Z [Modules] Streaming discord_voice@1 to /home/arch/.config/discord/0.0.76/modules/pending/discord_voice-1.zip: 95%
2024-11-26T15:58:59.564Z [Modules] Streaming discord_voice@1 to /home/arch/.config/discord/0.0.76/modules/pending/discord_voice-1.zip: 96%
2024-11-26T15:58:59.583Z [Modules] Streaming discord_voice@1 to /home/arch/.config/discord/0.0.76/modules/pending/discord_voice-1.zip: 97%
2024-11-26T15:58:59.603Z [Modules] Streaming discord_voice@1 to /home/arch/.config/discord/0.0.76/modules/pending/discord_voice-1.zip: 98%
2024-11-26T15:58:59.621Z [Modules] Streaming discord_voice@1 to /home/arch/.config/discord/0.0.76/modules/pending/discord_voice-1.zip: 99%
2024-11-26T15:58:59.640Z [Modules] Streaming discord_voice@1 to /home/arch/.config/discord/0.0.76/modules/pending/discord_voice-1.zip: 100%
2024-11-26T15:58:59.641Z [Modules] Fetching discord_zstd@1 from https://discord.com/api/modules/stable/discord_zstd/1
2024-11-26T15:58:59.641Z [Modules] Streaming discord_zstd@1 to /home/arch/.config/discord/0.0.76/modules/pending/discord_zstd-1.zip
2024-11-26T15:58:59.818Z [Modules] Streaming discord_zstd@1 to /home/arch/.config/discord/0.0.76/modules/pending/discord_zstd-1.zip: 2%
2024-11-26T15:58:59.818Z [Modules] Streaming discord_zstd@1 to /home/arch/.config/discord/0.0.76/modules/pending/discord_zstd-1.zip: 3%
2024-11-26T15:58:59.818Z [Modules] Streaming discord_zstd@1 to /home/arch/.config/discord/0.0.76/modules/pending/discord_zstd-1.zip: 4%
2024-11-26T15:58:59.819Z [Modules] Streaming discord_zstd@1 to /home/arch/.config/discord/0.0.76/modules/pending/discord_zstd-1.zip: 6%
2024-11-26T15:58:59.820Z [Modules] Streaming discord_zstd@1 to /home/arch/.config/discord/0.0.76/modules/pending/discord_zstd-1.zip: 11%
2024-11-26T15:58:59.821Z [Modules] Streaming discord_zstd@1 to /home/arch/.config/discord/0.0.76/modules/pending/discord_zstd-1.zip: 13%
2024-11-26T15:58:59.821Z [Modules] Streaming discord_zstd@1 to /home/arch/.config/discord/0.0.76/modules/pending/discord_zstd-1.zip: 14%
2024-11-26T15:58:59.822Z [Modules] Streaming discord_zstd@1 to /home/arch/.config/discord/0.0.76/modules/pending/discord_zstd-1.zip: 16%
2024-11-26T15:58:59.822Z [Modules] Streaming discord_zstd@1 to /home/arch/.config/discord/0.0.76/modules/pending/discord_zstd-1.zip: 17%
2024-11-26T15:58:59.822Z [Modules] Streaming discord_zstd@1 to /home/arch/.config/discord/0.0.76/modules/pending/discord_zstd-1.zip: 18%
2024-11-26T15:58:59.823Z [Modules] Streaming discord_zstd@1 to /home/arch/.config/discord/0.0.76/modules/pending/discord_zstd-1.zip: 19%
2024-11-26T15:58:59.823Z [Modules] Streaming discord_zstd@1 to /home/arch/.config/discord/0.0.76/modules/pending/discord_zstd-1.zip: 20%
2024-11-26T15:58:59.823Z [Modules] Streaming discord_zstd@1 to /home/arch/.config/discord/0.0.76/modules/pending/discord_zstd-1.zip: 21%
2024-11-26T15:58:59.824Z [Modules] Streaming discord_zstd@1 to /home/arch/.config/discord/0.0.76/modules/pending/discord_zstd-1.zip: 22%
2024-11-26T15:58:59.824Z [Modules] Streaming discord_zstd@1 to /home/arch/.config/discord/0.0.76/modules/pending/discord_zstd-1.zip: 23%
2024-11-26T15:58:59.824Z [Modules] Streaming discord_zstd@1 to /home/arch/.config/discord/0.0.76/modules/pending/discord_zstd-1.zip: 24%
2024-11-26T15:58:59.825Z [Modules] Streaming discord_zstd@1 to /home/arch/.config/discord/0.0.76/modules/pending/discord_zstd-1.zip: 25%
2024-11-26T15:58:59.825Z [Modules] Streaming discord_zstd@1 to /home/arch/.config/discord/0.0.76/modules/pending/discord_zstd-1.zip: 26%
2024-11-26T15:58:59.825Z [Modules] Streaming discord_zstd@1 to /home/arch/.config/discord/0.0.76/modules/pending/discord_zstd-1.zip: 28%
2024-11-26T15:58:59.826Z [Modules] Streaming discord_zstd@1 to /home/arch/.config/discord/0.0.76/modules/pending/discord_zstd-1.zip: 30%
2024-11-26T15:58:59.826Z [Modules] Streaming discord_zstd@1 to /home/arch/.config/discord/0.0.76/modules/pending/discord_zstd-1.zip: 31%
2024-11-26T15:58:59.826Z [Modules] Streaming discord_zstd@1 to /home/arch/.config/discord/0.0.76/modules/pending/discord_zstd-1.zip: 32%
2024-11-26T15:58:59.827Z [Modules] Streaming discord_zstd@1 to /home/arch/.config/discord/0.0.76/modules/pending/discord_zstd-1.zip: 33%
2024-11-26T15:58:59.828Z [Modules] Streaming discord_zstd@1 to /home/arch/.config/discord/0.0.76/modules/pending/discord_zstd-1.zip: 35%
2024-11-26T15:58:59.828Z [Modules] Streaming discord_zstd@1 to /home/arch/.config/discord/0.0.76/modules/pending/discord_zstd-1.zip: 37%
2024-11-26T15:58:59.828Z [Modules] Streaming discord_zstd@1 to /home/arch/.config/discord/0.0.76/modules/pending/discord_zstd-1.zip: 38%
2024-11-26T15:58:59.829Z [Modules] Streaming discord_zstd@1 to /home/arch/.config/discord/0.0.76/modules/pending/discord_zstd-1.zip: 39%
2024-11-26T15:58:59.829Z [Modules] Streaming discord_zstd@1 to /home/arch/.config/discord/0.0.76/modules/pending/discord_zstd-1.zip: 40%
2024-11-26T15:58:59.830Z [Modules] Streaming discord_zstd@1 to /home/arch/.config/discord/0.0.76/modules/pending/discord_zstd-1.zip: 42%
2024-11-26T15:58:59.830Z [Modules] Streaming discord_zstd@1 to /home/arch/.config/discord/0.0.76/modules/pending/discord_zstd-1.zip: 43%
2024-11-26T15:58:59.830Z [Modules] Streaming discord_zstd@1 to /home/arch/.config/discord/0.0.76/modules/pending/discord_zstd-1.zip: 44%
2024-11-26T15:58:59.831Z [Modules] Streaming discord_zstd@1 to /home/arch/.config/discord/0.0.76/modules/pending/discord_zstd-1.zip: 45%
2024-11-26T15:58:59.831Z [Modules] Streaming discord_zstd@1 to /home/arch/.config/discord/0.0.76/modules/pending/discord_zstd-1.zip: 46%
2024-11-26T15:58:59.831Z [Modules] Streaming discord_zstd@1 to /home/arch/.config/discord/0.0.76/modules/pending/discord_zstd-1.zip: 47%
2024-11-26T15:58:59.832Z [Modules] Streaming discord_zstd@1 to /home/arch/.config/discord/0.0.76/modules/pending/discord_zstd-1.zip: 48%
2024-11-26T15:58:59.832Z [Modules] Streaming discord_zstd@1 to /home/arch/.config/discord/0.0.76/modules/pending/discord_zstd-1.zip: 49%
2024-11-26T15:58:59.832Z [Modules] Streaming discord_zstd@1 to /home/arch/.config/discord/0.0.76/modules/pending/discord_zstd-1.zip: 50%
2024-11-26T15:58:59.832Z [Modules] Streaming discord_zstd@1 to /home/arch/.config/discord/0.0.76/modules/pending/discord_zstd-1.zip: 51%
2024-11-26T15:58:59.833Z [Modules] Streaming discord_zstd@1 to /home/arch/.config/discord/0.0.76/modules/pending/discord_zstd-1.zip: 52%
2024-11-26T15:58:59.833Z [Modules] Streaming discord_zstd@1 to /home/arch/.config/discord/0.0.76/modules/pending/discord_zstd-1.zip: 53%
2024-11-26T15:58:59.833Z [Modules] Streaming discord_zstd@1 to /home/arch/.config/discord/0.0.76/modules/pending/discord_zstd-1.zip: 54%
2024-11-26T15:58:59.834Z [Modules] Streaming discord_zstd@1 to /home/arch/.config/discord/0.0.76/modules/pending/discord_zstd-1.zip: 55%
2024-11-26T15:58:59.834Z [Modules] Streaming discord_zstd@1 to /home/arch/.config/discord/0.0.76/modules/pending/discord_zstd-1.zip: 56%
2024-11-26T15:58:59.834Z [Modules] Streaming discord_zstd@1 to /home/arch/.config/discord/0.0.76/modules/pending/discord_zstd-1.zip: 57%
2024-11-26T15:58:59.835Z [Modules] Streaming discord_zstd@1 to /home/arch/.config/discord/0.0.76/modules/pending/discord_zstd-1.zip: 58%
2024-11-26T15:58:59.835Z [Modules] Streaming discord_zstd@1 to /home/arch/.config/discord/0.0.76/modules/pending/discord_zstd-1.zip: 59%
2024-11-26T15:58:59.835Z [Modules] Streaming discord_zstd@1 to /home/arch/.config/discord/0.0.76/modules/pending/discord_zstd-1.zip: 60%
2024-11-26T15:58:59.835Z [Modules] Streaming discord_zstd@1 to /home/arch/.config/discord/0.0.76/modules/pending/discord_zstd-1.zip: 61%
2024-11-26T15:58:59.836Z [Modules] Streaming discord_zstd@1 to /home/arch/.config/discord/0.0.76/modules/pending/discord_zstd-1.zip: 62%
2024-11-26T15:58:59.837Z [Modules] Streaming discord_zstd@1 to /home/arch/.config/discord/0.0.76/modules/pending/discord_zstd-1.zip: 63%
2024-11-26T15:58:59.837Z [Modules] Streaming discord_zstd@1 to /home/arch/.config/discord/0.0.76/modules/pending/discord_zstd-1.zip: 64%
2024-11-26T15:58:59.837Z [Modules] Streaming discord_zstd@1 to /home/arch/.config/discord/0.0.76/modules/pending/discord_zstd-1.zip: 65%
2024-11-26T15:58:59.838Z [Modules] Streaming discord_zstd@1 to /home/arch/.config/discord/0.0.76/modules/pending/discord_zstd-1.zip: 66%
2024-11-26T15:58:59.838Z [Modules] Streaming discord_zstd@1 to /home/arch/.config/discord/0.0.76/modules/pending/discord_zstd-1.zip: 67%
2024-11-26T15:58:59.838Z [Modules] Streaming discord_zstd@1 to /home/arch/.config/discord/0.0.76/modules/pending/discord_zstd-1.zip: 68%
2024-11-26T15:58:59.838Z [Modules] Streaming discord_zstd@1 to /home/arch/.config/discord/0.0.76/modules/pending/discord_zstd-1.zip: 69%
2024-11-26T15:58:59.839Z [Modules] Streaming discord_zstd@1 to /home/arch/.config/discord/0.0.76/modules/pending/discord_zstd-1.zip: 70%
2024-11-26T15:58:59.839Z [Modules] Streaming discord_zstd@1 to /home/arch/.config/discord/0.0.76/modules/pending/discord_zstd-1.zip: 71%
2024-11-26T15:58:59.839Z [Modules] Streaming discord_zstd@1 to /home/arch/.config/discord/0.0.76/modules/pending/discord_zstd-1.zip: 72%
2024-11-26T15:58:59.840Z [Modules] Streaming discord_zstd@1 to /home/arch/.config/discord/0.0.76/modules/pending/discord_zstd-1.zip: 73%
2024-11-26T15:58:59.840Z [Modules] Streaming discord_zstd@1 to /home/arch/.config/discord/0.0.76/modules/pending/discord_zstd-1.zip: 74%
2024-11-26T15:58:59.840Z [Modules] Streaming discord_zstd@1 to /home/arch/.config/discord/0.0.76/modules/pending/discord_zstd-1.zip: 75%
2024-11-26T15:58:59.841Z [Modules] Streaming discord_zstd@1 to /home/arch/.config/discord/0.0.76/modules/pending/discord_zstd-1.zip: 76%
2024-11-26T15:58:59.841Z [Modules] Streaming discord_zstd@1 to /home/arch/.config/discord/0.0.76/modules/pending/discord_zstd-1.zip: 77%
2024-11-26T15:58:59.841Z [Modules] Streaming discord_zstd@1 to /home/arch/.config/discord/0.0.76/modules/pending/discord_zstd-1.zip: 78%
2024-11-26T15:58:59.842Z [Modules] Streaming discord_zstd@1 to /home/arch/.config/discord/0.0.76/modules/pending/discord_zstd-1.zip: 79%
2024-11-26T15:58:59.842Z [Modules] Streaming discord_zstd@1 to /home/arch/.config/discord/0.0.76/modules/pending/discord_zstd-1.zip: 80%
2024-11-26T15:58:59.842Z [Modules] Streaming discord_zstd@1 to /home/arch/.config/discord/0.0.76/modules/pending/discord_zstd-1.zip: 82%
2024-11-26T15:58:59.843Z [Modules] Streaming discord_zstd@1 to /home/arch/.config/discord/0.0.76/modules/pending/discord_zstd-1.zip: 83%
2024-11-26T15:58:59.843Z [Modules] Streaming discord_zstd@1 to /home/arch/.config/discord/0.0.76/modules/pending/discord_zstd-1.zip: 84%
2024-11-26T15:58:59.843Z [Modules] Streaming discord_zstd@1 to /home/arch/.config/discord/0.0.76/modules/pending/discord_zstd-1.zip: 85%
2024-11-26T15:58:59.843Z [Modules] Streaming discord_zstd@1 to /home/arch/.config/discord/0.0.76/modules/pending/discord_zstd-1.zip: 86%
2024-11-26T15:58:59.844Z [Modules] Streaming discord_zstd@1 to /home/arch/.config/discord/0.0.76/modules/pending/discord_zstd-1.zip: 87%
2024-11-26T15:58:59.844Z [Modules] Streaming discord_zstd@1 to /home/arch/.config/discord/0.0.76/modules/pending/discord_zstd-1.zip: 88%
2024-11-26T15:58:59.844Z [Modules] Streaming discord_zstd@1 to /home/arch/.config/discord/0.0.76/modules/pending/discord_zstd-1.zip: 89%
2024-11-26T15:58:59.845Z [Modules] Streaming discord_zstd@1 to /home/arch/.config/discord/0.0.76/modules/pending/discord_zstd-1.zip: 90%
2024-11-26T15:58:59.845Z [Modules] Streaming discord_zstd@1 to /home/arch/.config/discord/0.0.76/modules/pending/discord_zstd-1.zip: 91%
2024-11-26T15:58:59.845Z [Modules] Streaming discord_zstd@1 to /home/arch/.config/discord/0.0.76/modules/pending/discord_zstd-1.zip: 92%
2024-11-26T15:58:59.846Z [Modules] Streaming discord_zstd@1 to /home/arch/.config/discord/0.0.76/modules/pending/discord_zstd-1.zip: 93%
2024-11-26T15:58:59.846Z [Modules] Streaming discord_zstd@1 to /home/arch/.config/discord/0.0.76/modules/pending/discord_zstd-1.zip: 94%
2024-11-26T15:58:59.846Z [Modules] Streaming discord_zstd@1 to /home/arch/.config/discord/0.0.76/modules/pending/discord_zstd-1.zip: 95%
2024-11-26T15:58:59.846Z [Modules] Streaming discord_zstd@1 to /home/arch/.config/discord/0.0.76/modules/pending/discord_zstd-1.zip: 96%
2024-11-26T15:58:59.847Z [Modules] Streaming discord_zstd@1 to /home/arch/.config/discord/0.0.76/modules/pending/discord_zstd-1.zip: 97%
2024-11-26T15:58:59.847Z [Modules] Streaming discord_zstd@1 to /home/arch/.config/discord/0.0.76/modules/pending/discord_zstd-1.zip: 98%
2024-11-26T15:58:59.847Z [Modules] Streaming discord_zstd@1 to /home/arch/.config/discord/0.0.76/modules/pending/discord_zstd-1.zip: 99%
2024-11-26T15:58:59.848Z [Modules] Streaming discord_zstd@1 to /home/arch/.config/discord/0.0.76/modules/pending/discord_zstd-1.zip: 100%
2024-11-26T15:58:59.848Z [Modules] Finished module downloads. [success: 6] [failure: 0]
2024-11-26T15:58:59.849Z [Modules] Installing updates...
2024-11-26T15:58:59.849Z [Modules] Installing discord_desktop_core@1 from /home/arch/.config/discord/0.0.76/modules/pending/discord_desktop_core-1.zip
2024-11-26T15:58:59.897Z [Modules] Installing discord_erlpack@1 from /home/arch/.config/discord/0.0.76/modules/pending/discord_erlpack-1.zip
2024-11-26T15:58:59.930Z [Modules] Installing discord_spellcheck@1 from /home/arch/.config/discord/0.0.76/modules/pending/discord_spellcheck-1.zip
2024-11-26T15:59:00.381Z [Modules] Installing discord_utils@1 from /home/arch/.config/discord/0.0.76/modules/pending/discord_utils-1.zip
2024-11-26T15:59:00.467Z [Modules] Installing discord_voice@1 from /home/arch/.config/discord/0.0.76/modules/pending/discord_voice-1.zip
2024-11-26T15:59:00.794Z [Modules] Installing discord_zstd@1 from /home/arch/.config/discord/0.0.76/modules/pending/discord_zstd-1.zip
2024-11-26T15:59:00.801Z [Modules] Finished module installations. [success: 6] [failure: 0]
2024-11-26T15:59:00.801Z [Modules] Checking for host updates.
2024-11-26T15:59:00.994Z [Modules] Host is up to date.
2024-11-26T15:59:00.994Z [Modules] Checking for module updates at https://discord.com/api/modules/stable/versions.json
2024-11-26T15:59:00.995Z [Modules] No module updates available.
2024-11-26T15:59:02.262Z [Modules] Starting to install discord_krisp...
2024-11-26T15:59:02.262Z [Modules] Fetching discord_krisp@1 from https://discord.com/api/modules/stable/discord_krisp/1
2024-11-26T15:59:02.262Z [Modules] Streaming discord_krisp@1 to /home/arch/.config/discord/0.0.76/modules/pending/discord_krisp-1.zip
2024-11-26T15:59:02.270Z [Modules] Starting to install discord_game_utils...
2024-11-26T15:59:02.575Z [Modules] Streaming discord_krisp@1 to /home/arch/.config/discord/0.0.76/modules/pending/discord_krisp-1.zip: 1%
2024-11-26T15:59:02.604Z [Modules] Streaming discord_krisp@1 to /home/arch/.config/discord/0.0.76/modules/pending/discord_krisp-1.zip: 2%
2024-11-26T15:59:02.632Z [Modules] Streaming discord_krisp@1 to /home/arch/.config/discord/0.0.76/modules/pending/discord_krisp-1.zip: 3%
2024-11-26T15:59:02.657Z [Modules] Streaming discord_krisp@1 to /home/arch/.config/discord/0.0.76/modules/pending/discord_krisp-1.zip: 4%
2024-11-26T15:59:02.681Z [Modules] Streaming discord_krisp@1 to /home/arch/.config/discord/0.0.76/modules/pending/discord_krisp-1.zip: 5%
2024-11-26T15:59:02.708Z [Modules] Streaming discord_krisp@1 to /home/arch/.config/discord/0.0.76/modules/pending/discord_krisp-1.zip: 6%
2024-11-26T15:59:02.734Z [Modules] Streaming discord_krisp@1 to /home/arch/.config/discord/0.0.76/modules/pending/discord_krisp-1.zip: 7%
2024-11-26T15:59:02.760Z [Modules] Streaming discord_krisp@1 to /home/arch/.config/discord/0.0.76/modules/pending/discord_krisp-1.zip: 8%
2024-11-26T15:59:02.787Z [Modules] Streaming discord_krisp@1 to /home/arch/.config/discord/0.0.76/modules/pending/discord_krisp-1.zip: 9%
2024-11-26T15:59:02.812Z [Modules] Streaming discord_krisp@1 to /home/arch/.config/discord/0.0.76/modules/pending/discord_krisp-1.zip: 10%
2024-11-26T15:59:02.839Z [Modules] Streaming discord_krisp@1 to /home/arch/.config/discord/0.0.76/modules/pending/discord_krisp-1.zip: 11%
2024-11-26T15:59:02.865Z [Modules] Streaming discord_krisp@1 to /home/arch/.config/discord/0.0.76/modules/pending/discord_krisp-1.zip: 12%
2024-11-26T15:59:02.892Z [Modules] Streaming discord_krisp@1 to /home/arch/.config/discord/0.0.76/modules/pending/discord_krisp-1.zip: 13%
2024-11-26T15:59:02.919Z [Modules] Streaming discord_krisp@1 to /home/arch/.config/discord/0.0.76/modules/pending/discord_krisp-1.zip: 14%
2024-11-26T15:59:02.943Z [Modules] Streaming discord_krisp@1 to /home/arch/.config/discord/0.0.76/modules/pending/discord_krisp-1.zip: 15%
2024-11-26T15:59:02.971Z [Modules] Streaming discord_krisp@1 to /home/arch/.config/discord/0.0.76/modules/pending/discord_krisp-1.zip: 16%
2024-11-26T15:59:02.997Z [Modules] Streaming discord_krisp@1 to /home/arch/.config/discord/0.0.76/modules/pending/discord_krisp-1.zip: 17%
2024-11-26T15:59:03.023Z [Modules] Streaming discord_krisp@1 to /home/arch/.config/discord/0.0.76/modules/pending/discord_krisp-1.zip: 18%
2024-11-26T15:59:03.052Z [Modules] Streaming discord_krisp@1 to /home/arch/.config/discord/0.0.76/modules/pending/discord_krisp-1.zip: 19%
2024-11-26T15:59:03.081Z [Modules] Streaming discord_krisp@1 to /home/arch/.config/discord/0.0.76/modules/pending/discord_krisp-1.zip: 20%
2024-11-26T15:59:03.112Z [Modules] Streaming discord_krisp@1 to /home/arch/.config/discord/0.0.76/modules/pending/discord_krisp-1.zip: 21%
2024-11-26T15:59:03.141Z [Modules] Streaming discord_krisp@1 to /home/arch/.config/discord/0.0.76/modules/pending/discord_krisp-1.zip: 22%
2024-11-26T15:59:03.172Z [Modules] Streaming discord_krisp@1 to /home/arch/.config/discord/0.0.76/modules/pending/discord_krisp-1.zip: 23%
2024-11-26T15:59:03.194Z [Modules] Streaming discord_krisp@1 to /home/arch/.config/discord/0.0.76/modules/pending/discord_krisp-1.zip: 24%
2024-11-26T15:59:03.218Z [Modules] Streaming discord_krisp@1 to /home/arch/.config/discord/0.0.76/modules/pending/discord_krisp-1.zip: 25%
2024-11-26T15:59:03.239Z [Modules] Streaming discord_krisp@1 to /home/arch/.config/discord/0.0.76/modules/pending/discord_krisp-1.zip: 26%
2024-11-26T15:59:03.255Z [Modules] Checking for host updates.
2024-11-26T15:59:03.259Z [Modules] Streaming discord_krisp@1 to /home/arch/.config/discord/0.0.76/modules/pending/discord_krisp-1.zip: 27%
2024-11-26T15:59:03.281Z [Modules] Streaming discord_krisp@1 to /home/arch/.config/discord/0.0.76/modules/pending/discord_krisp-1.zip: 28%
2024-11-26T15:59:03.301Z [Modules] Streaming discord_krisp@1 to /home/arch/.config/discord/0.0.76/modules/pending/discord_krisp-1.zip: 29%
2024-11-26T15:59:03.322Z [Modules] Streaming discord_krisp@1 to /home/arch/.config/discord/0.0.76/modules/pending/discord_krisp-1.zip: 30%
2024-11-26T15:59:03.326Z [Modules] Starting to install discord_rpc...
2024-11-26T15:59:03.341Z [Modules] Streaming discord_krisp@1 to /home/arch/.config/discord/0.0.76/modules/pending/discord_krisp-1.zip: 31%
2024-11-26T15:59:03.361Z [Modules] Streaming discord_krisp@1 to /home/arch/.config/discord/0.0.76/modules/pending/discord_krisp-1.zip: 32%
2024-11-26T15:59:03.380Z [Modules] Streaming discord_krisp@1 to /home/arch/.config/discord/0.0.76/modules/pending/discord_krisp-1.zip: 33%
2024-11-26T15:59:03.400Z [Modules] Streaming discord_krisp@1 to /home/arch/.config/discord/0.0.76/modules/pending/discord_krisp-1.zip: 34%
2024-11-26T15:59:03.420Z [Modules] Streaming discord_krisp@1 to /home/arch/.config/discord/0.0.76/modules/pending/discord_krisp-1.zip: 35%
2024-11-26T15:59:03.440Z [Modules] Streaming discord_krisp@1 to /home/arch/.config/discord/0.0.76/modules/pending/discord_krisp-1.zip: 36%
2024-11-26T15:59:03.460Z [Modules] Streaming discord_krisp@1 to /home/arch/.config/discord/0.0.76/modules/pending/discord_krisp-1.zip: 37%
2024-11-26T15:59:03.482Z [Modules] Streaming discord_krisp@1 to /home/arch/.config/discord/0.0.76/modules/pending/discord_krisp-1.zip: 38%
2024-11-26T15:59:03.500Z [Modules] Streaming discord_krisp@1 to /home/arch/.config/discord/0.0.76/modules/pending/discord_krisp-1.zip: 39%
2024-11-26T15:59:03.511Z [Modules] Host is up to date.
2024-11-26T15:59:03.511Z [Modules] Checking for module updates at https://discord.com/api/modules/stable/versions.json
2024-11-26T15:59:03.514Z [Modules] No module updates available.
2024-11-26T15:59:03.520Z [Modules] Streaming discord_krisp@1 to /home/arch/.config/discord/0.0.76/modules/pending/discord_krisp-1.zip: 40%
2024-11-26T15:59:03.540Z [Modules] Streaming discord_krisp@1 to /home/arch/.config/discord/0.0.76/modules/pending/discord_krisp-1.zip: 41%
2024-11-26T15:59:03.560Z [Modules] Streaming discord_krisp@1 to /home/arch/.config/discord/0.0.76/modules/pending/discord_krisp-1.zip: 42%
2024-11-26T15:59:03.587Z [Modules] Streaming discord_krisp@1 to /home/arch/.config/discord/0.0.76/modules/pending/discord_krisp-1.zip: 43%
2024-11-26T15:59:03.604Z [Modules] Streaming discord_krisp@1 to /home/arch/.config/discord/0.0.76/modules/pending/discord_krisp-1.zip: 44%
2024-11-26T15:59:03.626Z [Modules] Streaming discord_krisp@1 to /home/arch/.config/discord/0.0.76/modules/pending/discord_krisp-1.zip: 45%
2024-11-26T15:59:03.650Z [Modules] Streaming discord_krisp@1 to /home/arch/.config/discord/0.0.76/modules/pending/discord_krisp-1.zip: 46%
2024-11-26T15:59:03.675Z [Modules] Streaming discord_krisp@1 to /home/arch/.config/discord/0.0.76/modules/pending/discord_krisp-1.zip: 47%
2024-11-26T15:59:03.695Z [Modules] Streaming discord_krisp@1 to /home/arch/.config/discord/0.0.76/modules/pending/discord_krisp-1.zip: 48%
2024-11-26T15:59:03.715Z [Modules] Streaming discord_krisp@1 to /home/arch/.config/discord/0.0.76/modules/pending/discord_krisp-1.zip: 49%
2024-11-26T15:59:03.736Z [Modules] Streaming discord_krisp@1 to /home/arch/.config/discord/0.0.76/modules/pending/discord_krisp-1.zip: 50%
2024-11-26T15:59:03.760Z [Modules] Streaming discord_krisp@1 to /home/arch/.config/discord/0.0.76/modules/pending/discord_krisp-1.zip: 51%
2024-11-26T15:59:03.780Z [Modules] Streaming discord_krisp@1 to /home/arch/.config/discord/0.0.76/modules/pending/discord_krisp-1.zip: 52%
2024-11-26T15:59:03.800Z [Modules] Streaming discord_krisp@1 to /home/arch/.config/discord/0.0.76/modules/pending/discord_krisp-1.zip: 53%
2024-11-26T15:59:03.820Z [Modules] Streaming discord_krisp@1 to /home/arch/.config/discord/0.0.76/modules/pending/discord_krisp-1.zip: 54%
2024-11-26T15:59:03.840Z [Modules] Streaming discord_krisp@1 to /home/arch/.config/discord/0.0.76/modules/pending/discord_krisp-1.zip: 55%
2024-11-26T15:59:03.860Z [Modules] Streaming discord_krisp@1 to /home/arch/.config/discord/0.0.76/modules/pending/discord_krisp-1.zip: 56%
2024-11-26T15:59:03.880Z [Modules] Streaming discord_krisp@1 to /home/arch/.config/discord/0.0.76/modules/pending/discord_krisp-1.zip: 57%
2024-11-26T15:59:03.901Z [Modules] Streaming discord_krisp@1 to /home/arch/.config/discord/0.0.76/modules/pending/discord_krisp-1.zip: 58%
2024-11-26T15:59:03.922Z [Modules] Streaming discord_krisp@1 to /home/arch/.config/discord/0.0.76/modules/pending/discord_krisp-1.zip: 59%
2024-11-26T15:59:03.942Z [Modules] Streaming discord_krisp@1 to /home/arch/.config/discord/0.0.76/modules/pending/discord_krisp-1.zip: 60%
2024-11-26T15:59:03.961Z [Modules] Streaming discord_krisp@1 to /home/arch/.config/discord/0.0.76/modules/pending/discord_krisp-1.zip: 61%
2024-11-26T15:59:03.981Z [Modules] Streaming discord_krisp@1 to /home/arch/.config/discord/0.0.76/modules/pending/discord_krisp-1.zip: 62%
2024-11-26T15:59:04.001Z [Modules] Streaming discord_krisp@1 to /home/arch/.config/discord/0.0.76/modules/pending/discord_krisp-1.zip: 63%
2024-11-26T15:59:04.021Z [Modules] Streaming discord_krisp@1 to /home/arch/.config/discord/0.0.76/modules/pending/discord_krisp-1.zip: 64%
2024-11-26T15:59:04.041Z [Modules] Streaming discord_krisp@1 to /home/arch/.config/discord/0.0.76/modules/pending/discord_krisp-1.zip: 65%
2024-11-26T15:59:04.065Z [Modules] Streaming discord_krisp@1 to /home/arch/.config/discord/0.0.76/modules/pending/discord_krisp-1.zip: 66%
2024-11-26T15:59:04.089Z [Modules] Streaming discord_krisp@1 to /home/arch/.config/discord/0.0.76/modules/pending/discord_krisp-1.zip: 67%
2024-11-26T15:59:04.128Z [Modules] Streaming discord_krisp@1 to /home/arch/.config/discord/0.0.76/modules/pending/discord_krisp-1.zip: 68%
2024-11-26T15:59:04.140Z [Modules] Streaming discord_krisp@1 to /home/arch/.config/discord/0.0.76/modules/pending/discord_krisp-1.zip: 69%
2024-11-26T15:59:04.164Z [Modules] Streaming discord_krisp@1 to /home/arch/.config/discord/0.0.76/modules/pending/discord_krisp-1.zip: 70%
2024-11-26T15:59:04.184Z [Modules] Streaming discord_krisp@1 to /home/arch/.config/discord/0.0.76/modules/pending/discord_krisp-1.zip: 71%
2024-11-26T15:59:04.205Z [Modules] Streaming discord_krisp@1 to /home/arch/.config/discord/0.0.76/modules/pending/discord_krisp-1.zip: 72%
2024-11-26T15:59:04.236Z [Modules] Streaming discord_krisp@1 to /home/arch/.config/discord/0.0.76/modules/pending/discord_krisp-1.zip: 73%
2024-11-26T15:59:04.260Z [Modules] Streaming discord_krisp@1 to /home/arch/.config/discord/0.0.76/modules/pending/discord_krisp-1.zip: 74%
2024-11-26T15:59:04.280Z [Modules] Streaming discord_krisp@1 to /home/arch/.config/discord/0.0.76/modules/pending/discord_krisp-1.zip: 75%
2024-11-26T15:59:04.309Z [Modules] Streaming discord_krisp@1 to /home/arch/.config/discord/0.0.76/modules/pending/discord_krisp-1.zip: 76%
2024-11-26T15:59:04.338Z [Modules] Streaming discord_krisp@1 to /home/arch/.config/discord/0.0.76/modules/pending/discord_krisp-1.zip: 77%
2024-11-26T15:59:04.356Z [Modules] Streaming discord_krisp@1 to /home/arch/.config/discord/0.0.76/modules/pending/discord_krisp-1.zip: 78%
2024-11-26T15:59:04.395Z [Modules] Streaming discord_krisp@1 to /home/arch/.config/discord/0.0.76/modules/pending/discord_krisp-1.zip: 79%
2024-11-26T15:59:04.407Z [Modules] Streaming discord_krisp@1 to /home/arch/.config/discord/0.0.76/modules/pending/discord_krisp-1.zip: 80%
2024-11-26T15:59:04.429Z [Modules] Streaming discord_krisp@1 to /home/arch/.config/discord/0.0.76/modules/pending/discord_krisp-1.zip: 81%
2024-11-26T15:59:04.459Z [Modules] Streaming discord_krisp@1 to /home/arch/.config/discord/0.0.76/modules/pending/discord_krisp-1.zip: 82%
2024-11-26T15:59:04.484Z [Modules] Streaming discord_krisp@1 to /home/arch/.config/discord/0.0.76/modules/pending/discord_krisp-1.zip: 83%
2024-11-26T15:59:04.513Z [Modules] Streaming discord_krisp@1 to /home/arch/.config/discord/0.0.76/modules/pending/discord_krisp-1.zip: 84%
2024-11-26T15:59:04.538Z [Modules] Streaming discord_krisp@1 to /home/arch/.config/discord/0.0.76/modules/pending/discord_krisp-1.zip: 85%
2024-11-26T15:59:04.558Z [Modules] Streaming discord_krisp@1 to /home/arch/.config/discord/0.0.76/modules/pending/discord_krisp-1.zip: 86%
2024-11-26T15:59:04.578Z [Modules] Streaming discord_krisp@1 to /home/arch/.config/discord/0.0.76/modules/pending/discord_krisp-1.zip: 87%
2024-11-26T15:59:04.600Z [Modules] Streaming discord_krisp@1 to /home/arch/.config/discord/0.0.76/modules/pending/discord_krisp-1.zip: 88%
2024-11-26T15:59:04.620Z [Modules] Streaming discord_krisp@1 to /home/arch/.config/discord/0.0.76/modules/pending/discord_krisp-1.zip: 89%
2024-11-26T15:59:04.642Z [Modules] Streaming discord_krisp@1 to /home/arch/.config/discord/0.0.76/modules/pending/discord_krisp-1.zip: 90%
2024-11-26T15:59:04.662Z [Modules] Streaming discord_krisp@1 to /home/arch/.config/discord/0.0.76/modules/pending/discord_krisp-1.zip: 91%
2024-11-26T15:59:04.683Z [Modules] Streaming discord_krisp@1 to /home/arch/.config/discord/0.0.76/modules/pending/discord_krisp-1.zip: 92%
2024-11-26T15:59:04.705Z [Modules] Streaming discord_krisp@1 to /home/arch/.config/discord/0.0.76/modules/pending/discord_krisp-1.zip: 93%
2024-11-26T15:59:04.723Z [Modules] Streaming discord_krisp@1 to /home/arch/.config/discord/0.0.76/modules/pending/discord_krisp-1.zip: 94%
2024-11-26T15:59:04.751Z [Modules] Streaming discord_krisp@1 to /home/arch/.config/discord/0.0.76/modules/pending/discord_krisp-1.zip: 95%
2024-11-26T15:59:04.771Z [Modules] Streaming discord_krisp@1 to /home/arch/.config/discord/0.0.76/modules/pending/discord_krisp-1.zip: 96%
2024-11-26T15:59:04.792Z [Modules] Streaming discord_krisp@1 to /home/arch/.config/discord/0.0.76/modules/pending/discord_krisp-1.zip: 97%
2024-11-26T15:59:04.813Z [Modules] Streaming discord_krisp@1 to /home/arch/.config/discord/0.0.76/modules/pending/discord_krisp-1.zip: 98%
2024-11-26T15:59:04.840Z [Modules] Streaming discord_krisp@1 to /home/arch/.config/discord/0.0.76/modules/pending/discord_krisp-1.zip: 99%
2024-11-26T15:59:04.860Z [Modules] Streaming discord_krisp@1 to /home/arch/.config/discord/0.0.76/modules/pending/discord_krisp-1.zip: 100%
2024-11-26T15:59:04.861Z [Modules] Fetching discord_game_utils@1 from https://discord.com/api/modules/stable/discord_game_utils/1
2024-11-26T15:59:04.861Z [Modules] Streaming discord_game_utils@1 to /home/arch/.config/discord/0.0.76/modules/pending/discord_game_utils-1.zip
2024-11-26T15:59:04.861Z [Modules] Installing discord_krisp@1 from /home/arch/.config/discord/0.0.76/modules/pending/discord_krisp-1.zip
2024-11-26T15:59:05.097Z [Modules] Finished module installations. [success: 1] [failure: 0]
2024-11-26T15:59:05.163Z [Modules] Streaming discord_game_utils@1 to /home/arch/.config/discord/0.0.76/modules/pending/discord_game_utils-1.zip: 1%
2024-11-26T15:59:05.165Z [Modules] Streaming discord_game_utils@1 to /home/arch/.config/discord/0.0.76/modules/pending/discord_game_utils-1.zip: 2%
2024-11-26T15:59:05.168Z [Modules] Streaming discord_game_utils@1 to /home/arch/.config/discord/0.0.76/modules/pending/discord_game_utils-1.zip: 3%
2024-11-26T15:59:05.170Z [Modules] Streaming discord_game_utils@1 to /home/arch/.config/discord/0.0.76/modules/pending/discord_game_utils-1.zip: 4%
2024-11-26T15:59:05.172Z [Modules] Streaming discord_game_utils@1 to /home/arch/.config/discord/0.0.76/modules/pending/discord_game_utils-1.zip: 5%
2024-11-26T15:59:05.179Z [Modules] Streaming discord_game_utils@1 to /home/arch/.config/discord/0.0.76/modules/pending/discord_game_utils-1.zip: 6%
2024-11-26T15:59:05.181Z [Modules] Streaming discord_game_utils@1 to /home/arch/.config/discord/0.0.76/modules/pending/discord_game_utils-1.zip: 7%
2024-11-26T15:59:05.183Z [Modules] Streaming discord_game_utils@1 to /home/arch/.config/discord/0.0.76/modules/pending/discord_game_utils-1.zip: 8%
2024-11-26T15:59:05.185Z [Modules] Streaming discord_game_utils@1 to /home/arch/.config/discord/0.0.76/modules/pending/discord_game_utils-1.zip: 9%
2024-11-26T15:59:05.187Z [Modules] Streaming discord_game_utils@1 to /home/arch/.config/discord/0.0.76/modules/pending/discord_game_utils-1.zip: 10%
2024-11-26T15:59:05.189Z [Modules] Streaming discord_game_utils@1 to /home/arch/.config/discord/0.0.76/modules/pending/discord_game_utils-1.zip: 11%
2024-11-26T15:59:05.191Z [Modules] Streaming discord_game_utils@1 to /home/arch/.config/discord/0.0.76/modules/pending/discord_game_utils-1.zip: 12%
2024-11-26T15:59:05.193Z [Modules] Streaming discord_game_utils@1 to /home/arch/.config/discord/0.0.76/modules/pending/discord_game_utils-1.zip: 13%
2024-11-26T15:59:05.197Z [Modules] Streaming discord_game_utils@1 to /home/arch/.config/discord/0.0.76/modules/pending/discord_game_utils-1.zip: 14%
2024-11-26T15:59:05.199Z [Modules] Streaming discord_game_utils@1 to /home/arch/.config/discord/0.0.76/modules/pending/discord_game_utils-1.zip: 15%
2024-11-26T15:59:05.201Z [Modules] Streaming discord_game_utils@1 to /home/arch/.config/discord/0.0.76/modules/pending/discord_game_utils-1.zip: 16%
2024-11-26T15:59:05.203Z [Modules] Streaming discord_game_utils@1 to /home/arch/.config/discord/0.0.76/modules/pending/discord_game_utils-1.zip: 17%
2024-11-26T15:59:05.205Z [Modules] Streaming discord_game_utils@1 to /home/arch/.config/discord/0.0.76/modules/pending/discord_game_utils-1.zip: 18%
2024-11-26T15:59:05.207Z [Modules] Streaming discord_game_utils@1 to /home/arch/.config/discord/0.0.76/modules/pending/discord_game_utils-1.zip: 19%
2024-11-26T15:59:05.209Z [Modules] Streaming discord_game_utils@1 to /home/arch/.config/discord/0.0.76/modules/pending/discord_game_utils-1.zip: 20%
2024-11-26T15:59:05.211Z [Modules] Streaming discord_game_utils@1 to /home/arch/.config/discord/0.0.76/modules/pending/discord_game_utils-1.zip: 21%
2024-11-26T15:59:05.213Z [Modules] Streaming discord_game_utils@1 to /home/arch/.config/discord/0.0.76/modules/pending/discord_game_utils-1.zip: 22%
2024-11-26T15:59:05.216Z [Modules] Streaming discord_game_utils@1 to /home/arch/.config/discord/0.0.76/modules/pending/discord_game_utils-1.zip: 23%
2024-11-26T15:59:05.218Z [Modules] Streaming discord_game_utils@1 to /home/arch/.config/discord/0.0.76/modules/pending/discord_game_utils-1.zip: 24%
2024-11-26T15:59:05.220Z [Modules] Streaming discord_game_utils@1 to /home/arch/.config/discord/0.0.76/modules/pending/discord_game_utils-1.zip: 25%
2024-11-26T15:59:05.222Z [Modules] Streaming discord_game_utils@1 to /home/arch/.config/discord/0.0.76/modules/pending/discord_game_utils-1.zip: 26%
2024-11-26T15:59:05.225Z [Modules] Streaming discord_game_utils@1 to /home/arch/.config/discord/0.0.76/modules/pending/discord_game_utils-1.zip: 27%
2024-11-26T15:59:05.227Z [Modules] Streaming discord_game_utils@1 to /home/arch/.config/discord/0.0.76/modules/pending/discord_game_utils-1.zip: 28%
2024-11-26T15:59:05.230Z [Modules] Streaming discord_game_utils@1 to /home/arch/.config/discord/0.0.76/modules/pending/discord_game_utils-1.zip: 29%
2024-11-26T15:59:05.232Z [Modules] Streaming discord_game_utils@1 to /home/arch/.config/discord/0.0.76/modules/pending/discord_game_utils-1.zip: 30%
2024-11-26T15:59:05.234Z [Modules] Streaming discord_game_utils@1 to /home/arch/.config/discord/0.0.76/modules/pending/discord_game_utils-1.zip: 31%
2024-11-26T15:59:05.236Z [Modules] Streaming discord_game_utils@1 to /home/arch/.config/discord/0.0.76/modules/pending/discord_game_utils-1.zip: 32%
2024-11-26T15:59:05.238Z [Modules] Streaming discord_game_utils@1 to /home/arch/.config/discord/0.0.76/modules/pending/discord_game_utils-1.zip: 33%
2024-11-26T15:59:05.240Z [Modules] Streaming discord_game_utils@1 to /home/arch/.config/discord/0.0.76/modules/pending/discord_game_utils-1.zip: 34%
2024-11-26T15:59:05.242Z [Modules] Streaming discord_game_utils@1 to /home/arch/.config/discord/0.0.76/modules/pending/discord_game_utils-1.zip: 35%
2024-11-26T15:59:05.245Z [Modules] Streaming discord_game_utils@1 to /home/arch/.config/discord/0.0.76/modules/pending/discord_game_utils-1.zip: 36%
2024-11-26T15:59:05.247Z [Modules] Streaming discord_game_utils@1 to /home/arch/.config/discord/0.0.76/modules/pending/discord_game_utils-1.zip: 37%
2024-11-26T15:59:05.249Z [Modules] Streaming discord_game_utils@1 to /home/arch/.config/discord/0.0.76/modules/pending/discord_game_utils-1.zip: 38%
2024-11-26T15:59:05.251Z [Modules] Streaming discord_game_utils@1 to /home/arch/.config/discord/0.0.76/modules/pending/discord_game_utils-1.zip: 39%
2024-11-26T15:59:05.253Z [Modules] Streaming discord_game_utils@1 to /home/arch/.config/discord/0.0.76/modules/pending/discord_game_utils-1.zip: 40%
2024-11-26T15:59:05.255Z [Modules] Streaming discord_game_utils@1 to /home/arch/.config/discord/0.0.76/modules/pending/discord_game_utils-1.zip: 41%
2024-11-26T15:59:05.258Z [Modules] Streaming discord_game_utils@1 to /home/arch/.config/discord/0.0.76/modules/pending/discord_game_utils-1.zip: 42%
2024-11-26T15:59:05.260Z [Modules] Streaming discord_game_utils@1 to /home/arch/.config/discord/0.0.76/modules/pending/discord_game_utils-1.zip: 43%
2024-11-26T15:59:05.262Z [Modules] Streaming discord_game_utils@1 to /home/arch/.config/discord/0.0.76/modules/pending/discord_game_utils-1.zip: 44%
2024-11-26T15:59:05.264Z [Modules] Streaming discord_game_utils@1 to /home/arch/.config/discord/0.0.76/modules/pending/discord_game_utils-1.zip: 45%
2024-11-26T15:59:05.267Z [Modules] Streaming discord_game_utils@1 to /home/arch/.config/discord/0.0.76/modules/pending/discord_game_utils-1.zip: 46%
2024-11-26T15:59:05.270Z [Modules] Streaming discord_game_utils@1 to /home/arch/.config/discord/0.0.76/modules/pending/discord_game_utils-1.zip: 47%
2024-11-26T15:59:05.272Z [Modules] Streaming discord_game_utils@1 to /home/arch/.config/discord/0.0.76/modules/pending/discord_game_utils-1.zip: 48%
2024-11-26T15:59:05.274Z [Modules] Streaming discord_game_utils@1 to /home/arch/.config/discord/0.0.76/modules/pending/discord_game_utils-1.zip: 49%
2024-11-26T15:59:05.276Z [Modules] Streaming discord_game_utils@1 to /home/arch/.config/discord/0.0.76/modules/pending/discord_game_utils-1.zip: 50%
2024-11-26T15:59:05.278Z [Modules] Streaming discord_game_utils@1 to /home/arch/.config/discord/0.0.76/modules/pending/discord_game_utils-1.zip: 51%
2024-11-26T15:59:05.280Z [Modules] Streaming discord_game_utils@1 to /home/arch/.config/discord/0.0.76/modules/pending/discord_game_utils-1.zip: 52%
2024-11-26T15:59:05.282Z [Modules] Streaming discord_game_utils@1 to /home/arch/.config/discord/0.0.76/modules/pending/discord_game_utils-1.zip: 53%
2024-11-26T15:59:05.284Z [Modules] Streaming discord_game_utils@1 to /home/arch/.config/discord/0.0.76/modules/pending/discord_game_utils-1.zip: 54%
2024-11-26T15:59:05.287Z [Modules] Streaming discord_game_utils@1 to /home/arch/.config/discord/0.0.76/modules/pending/discord_game_utils-1.zip: 55%
2024-11-26T15:59:05.289Z [Modules] Streaming discord_game_utils@1 to /home/arch/.config/discord/0.0.76/modules/pending/discord_game_utils-1.zip: 56%
2024-11-26T15:59:05.291Z [Modules] Streaming discord_game_utils@1 to /home/arch/.config/discord/0.0.76/modules/pending/discord_game_utils-1.zip: 57%
2024-11-26T15:59:05.293Z [Modules] Streaming discord_game_utils@1 to /home/arch/.config/discord/0.0.76/modules/pending/discord_game_utils-1.zip: 58%
2024-11-26T15:59:05.296Z [Modules] Streaming discord_game_utils@1 to /home/arch/.config/discord/0.0.76/modules/pending/discord_game_utils-1.zip: 59%
2024-11-26T15:59:05.298Z [Modules] Streaming discord_game_utils@1 to /home/arch/.config/discord/0.0.76/modules/pending/discord_game_utils-1.zip: 60%
2024-11-26T15:59:05.300Z [Modules] Streaming discord_game_utils@1 to /home/arch/.config/discord/0.0.76/modules/pending/discord_game_utils-1.zip: 61%
2024-11-26T15:59:05.302Z [Modules] Streaming discord_game_utils@1 to /home/arch/.config/discord/0.0.76/modules/pending/discord_game_utils-1.zip: 62%
2024-11-26T15:59:05.304Z [Modules] Streaming discord_game_utils@1 to /home/arch/.config/discord/0.0.76/modules/pending/discord_game_utils-1.zip: 63%
2024-11-26T15:59:05.307Z [Modules] Streaming discord_game_utils@1 to /home/arch/.config/discord/0.0.76/modules/pending/discord_game_utils-1.zip: 64%
2024-11-26T15:59:05.309Z [Modules] Streaming discord_game_utils@1 to /home/arch/.config/discord/0.0.76/modules/pending/discord_game_utils-1.zip: 65%
2024-11-26T15:59:05.311Z [Modules] Streaming discord_game_utils@1 to /home/arch/.config/discord/0.0.76/modules/pending/discord_game_utils-1.zip: 66%
2024-11-26T15:59:05.313Z [Modules] Streaming discord_game_utils@1 to /home/arch/.config/discord/0.0.76/modules/pending/discord_game_utils-1.zip: 67%
2024-11-26T15:59:05.315Z [Modules] Streaming discord_game_utils@1 to /home/arch/.config/discord/0.0.76/modules/pending/discord_game_utils-1.zip: 68%
2024-11-26T15:59:05.318Z [Modules] Streaming discord_game_utils@1 to /home/arch/.config/discord/0.0.76/modules/pending/discord_game_utils-1.zip: 69%
2024-11-26T15:59:05.320Z [Modules] Streaming discord_game_utils@1 to /home/arch/.config/discord/0.0.76/modules/pending/discord_game_utils-1.zip: 70%
2024-11-26T15:59:05.322Z [Modules] Streaming discord_game_utils@1 to /home/arch/.config/discord/0.0.76/modules/pending/discord_game_utils-1.zip: 71%
2024-11-26T15:59:05.324Z [Modules] Streaming discord_game_utils@1 to /home/arch/.config/discord/0.0.76/modules/pending/discord_game_utils-1.zip: 72%
2024-11-26T15:59:05.327Z [Modules] Streaming discord_game_utils@1 to /home/arch/.config/discord/0.0.76/modules/pending/discord_game_utils-1.zip: 73%
2024-11-26T15:59:05.329Z [Modules] Streaming discord_game_utils@1 to /home/arch/.config/discord/0.0.76/modules/pending/discord_game_utils-1.zip: 74%
2024-11-26T15:59:05.331Z [Modules] Streaming discord_game_utils@1 to /home/arch/.config/discord/0.0.76/modules/pending/discord_game_utils-1.zip: 75%
2024-11-26T15:59:05.333Z [Modules] Streaming discord_game_utils@1 to /home/arch/.config/discord/0.0.76/modules/pending/discord_game_utils-1.zip: 76%
2024-11-26T15:59:05.335Z [Modules] Streaming discord_game_utils@1 to /home/arch/.config/discord/0.0.76/modules/pending/discord_game_utils-1.zip: 77%
2024-11-26T15:59:05.337Z [Modules] Streaming discord_game_utils@1 to /home/arch/.config/discord/0.0.76/modules/pending/discord_game_utils-1.zip: 78%
2024-11-26T15:59:05.340Z [Modules] Streaming discord_game_utils@1 to /home/arch/.config/discord/0.0.76/modules/pending/discord_game_utils-1.zip: 79%
2024-11-26T15:59:05.342Z [Modules] Streaming discord_game_utils@1 to /home/arch/.config/discord/0.0.76/modules/pending/discord_game_utils-1.zip: 80%
2024-11-26T15:59:05.344Z [Modules] Streaming discord_game_utils@1 to /home/arch/.config/discord/0.0.76/modules/pending/discord_game_utils-1.zip: 81%
2024-11-26T15:59:05.346Z [Modules] Streaming discord_game_utils@1 to /home/arch/.config/discord/0.0.76/modules/pending/discord_game_utils-1.zip: 82%
2024-11-26T15:59:05.349Z [Modules] Streaming discord_game_utils@1 to /home/arch/.config/discord/0.0.76/modules/pending/discord_game_utils-1.zip: 83%
2024-11-26T15:59:05.351Z [Modules] Streaming discord_game_utils@1 to /home/arch/.config/discord/0.0.76/modules/pending/discord_game_utils-1.zip: 84%
2024-11-26T15:59:05.353Z [Modules] Streaming discord_game_utils@1 to /home/arch/.config/discord/0.0.76/modules/pending/discord_game_utils-1.zip: 85%
2024-11-26T15:59:05.355Z [Modules] Streaming discord_game_utils@1 to /home/arch/.config/discord/0.0.76/modules/pending/discord_game_utils-1.zip: 86%
2024-11-26T15:59:05.358Z [Modules] Streaming discord_game_utils@1 to /home/arch/.config/discord/0.0.76/modules/pending/discord_game_utils-1.zip: 87%
2024-11-26T15:59:05.360Z [Modules] Streaming discord_game_utils@1 to /home/arch/.config/discord/0.0.76/modules/pending/discord_game_utils-1.zip: 88%
2024-11-26T15:59:05.362Z [Modules] Streaming discord_game_utils@1 to /home/arch/.config/discord/0.0.76/modules/pending/discord_game_utils-1.zip: 89%
2024-11-26T15:59:05.364Z [Modules] Streaming discord_game_utils@1 to /home/arch/.config/discord/0.0.76/modules/pending/discord_game_utils-1.zip: 90%
2024-11-26T15:59:05.366Z [Modules] Streaming discord_game_utils@1 to /home/arch/.config/discord/0.0.76/modules/pending/discord_game_utils-1.zip: 91%
2024-11-26T15:59:05.369Z [Modules] Streaming discord_game_utils@1 to /home/arch/.config/discord/0.0.76/modules/pending/discord_game_utils-1.zip: 92%
2024-11-26T15:59:05.371Z [Modules] Streaming discord_game_utils@1 to /home/arch/.config/discord/0.0.76/modules/pending/discord_game_utils-1.zip: 93%
2024-11-26T15:59:05.373Z [Modules] Streaming discord_game_utils@1 to /home/arch/.config/discord/0.0.76/modules/pending/discord_game_utils-1.zip: 94%
2024-11-26T15:59:05.376Z [Modules] Streaming discord_game_utils@1 to /home/arch/.config/discord/0.0.76/modules/pending/discord_game_utils-1.zip: 95%
2024-11-26T15:59:05.378Z [Modules] Streaming discord_game_utils@1 to /home/arch/.config/discord/0.0.76/modules/pending/discord_game_utils-1.zip: 96%
2024-11-26T15:59:05.380Z [Modules] Streaming discord_game_utils@1 to /home/arch/.config/discord/0.0.76/modules/pending/discord_game_utils-1.zip: 97%
2024-11-26T15:59:05.383Z [Modules] Streaming discord_game_utils@1 to /home/arch/.config/discord/0.0.76/modules/pending/discord_game_utils-1.zip: 98%
2024-11-26T15:59:05.385Z [Modules] Streaming discord_game_utils@1 to /home/arch/.config/discord/0.0.76/modules/pending/discord_game_utils-1.zip: 99%
2024-11-26T15:59:05.387Z [Modules] Streaming discord_game_utils@1 to /home/arch/.config/discord/0.0.76/modules/pending/discord_game_utils-1.zip: 100%
2024-11-26T15:59:05.388Z [Modules] Fetching discord_rpc@1 from https://discord.com/api/modules/stable/discord_rpc/1
2024-11-26T15:59:05.388Z [Modules] Streaming discord_rpc@1 to /home/arch/.config/discord/0.0.76/modules/pending/discord_rpc-1.zip
2024-11-26T15:59:05.388Z [Modules] Installing discord_game_utils@1 from /home/arch/.config/discord/0.0.76/modules/pending/discord_game_utils-1.zip
2024-11-26T15:59:05.426Z [Modules] Finished module installations. [success: 1] [failure: 0]
2024-11-26T15:59:05.582Z [Modules] Streaming discord_rpc@1 to /home/arch/.config/discord/0.0.76/modules/pending/discord_rpc-1.zip: 23%
2024-11-26T15:59:05.582Z [Modules] Streaming discord_rpc@1 to /home/arch/.config/discord/0.0.76/modules/pending/discord_rpc-1.zip: 32%
2024-11-26T15:59:05.582Z [Modules] Streaming discord_rpc@1 to /home/arch/.config/discord/0.0.76/modules/pending/discord_rpc-1.zip: 37%
2024-11-26T15:59:05.582Z [Modules] Streaming discord_rpc@1 to /home/arch/.config/discord/0.0.76/modules/pending/discord_rpc-1.zip: 40%
2024-11-26T15:59:05.583Z [Modules] Streaming discord_rpc@1 to /home/arch/.config/discord/0.0.76/modules/pending/discord_rpc-1.zip: 49%
2024-11-26T15:59:05.583Z [Modules] Streaming discord_rpc@1 to /home/arch/.config/discord/0.0.76/modules/pending/discord_rpc-1.zip: 55%
2024-11-26T15:59:05.583Z [Modules] Streaming discord_rpc@1 to /home/arch/.config/discord/0.0.76/modules/pending/discord_rpc-1.zip: 58%
2024-11-26T15:59:05.583Z [Modules] Streaming discord_rpc@1 to /home/arch/.config/discord/0.0.76/modules/pending/discord_rpc-1.zip: 61%
2024-11-26T15:59:05.583Z [Modules] Streaming discord_rpc@1 to /home/arch/.config/discord/0.0.76/modules/pending/discord_rpc-1.zip: 64%
2024-11-26T15:59:05.583Z [Modules] Streaming discord_rpc@1 to /home/arch/.config/discord/0.0.76/modules/pending/discord_rpc-1.zip: 67%
2024-11-26T15:59:05.583Z [Modules] Streaming discord_rpc@1 to /home/arch/.config/discord/0.0.76/modules/pending/discord_rpc-1.zip: 70%
2024-11-26T15:59:05.583Z [Modules] Streaming discord_rpc@1 to /home/arch/.config/discord/0.0.76/modules/pending/discord_rpc-1.zip: 72%
2024-11-26T15:59:05.584Z [Modules] Streaming discord_rpc@1 to /home/arch/.config/discord/0.0.76/modules/pending/discord_rpc-1.zip: 78%
2024-11-26T15:59:05.584Z [Modules] Streaming discord_rpc@1 to /home/arch/.config/discord/0.0.76/modules/pending/discord_rpc-1.zip: 81%
2024-11-26T15:59:05.584Z [Modules] Streaming discord_rpc@1 to /home/arch/.config/discord/0.0.76/modules/pending/discord_rpc-1.zip: 87%
2024-11-26T15:59:05.584Z [Modules] Streaming discord_rpc@1 to /home/arch/.config/discord/0.0.76/modules/pending/discord_rpc-1.zip: 90%
2024-11-26T15:59:05.584Z [Modules] Streaming discord_rpc@1 to /home/arch/.config/discord/0.0.76/modules/pending/discord_rpc-1.zip: 93%
2024-11-26T15:59:05.584Z [Modules] Streaming discord_rpc@1 to /home/arch/.config/discord/0.0.76/modules/pending/discord_rpc-1.zip: 96%
2024-11-26T15:59:05.584Z [Modules] Streaming discord_rpc@1 to /home/arch/.config/discord/0.0.76/modules/pending/discord_rpc-1.zip: 100%
2024-11-26T15:59:05.585Z [Modules] Finished module downloads. [success: 3] [failure: 0]
2024-11-26T15:59:05.585Z [Modules] Installing discord_rpc@1 from /home/arch/.config/discord/0.0.76/modules/pending/discord_rpc-1.zip
2024-11-26T15:59:05.593Z [Modules] Finished module installations. [success: 1] [failure: 0]
2024-11-27T18:56:47.034Z [Modules] Modules initializing
2024-11-27T18:56:47.035Z [Modules] Distribution: remote
2024-11-27T18:56:47.035Z [Modules] Host updates: enabled
2024-11-27T18:56:47.035Z [Modules] Module updates: enabled
2024-11-27T18:56:47.035Z [Modules] Module install path: /home/arch/.config/discord/0.0.76/modules
2024-11-27T18:56:47.035Z [Modules] Module installed file path: /home/arch/.config/discord/0.0.76/modules/installed.json
2024-11-27T18:56:47.035Z [Modules] Module download path: /home/arch/.config/discord/0.0.76/modules/pending
2024-11-27T18:56:47.214Z [Modules] No updates to install
2024-11-27T18:56:47.214Z [Modules] Checking for host updates.
2024-11-27T18:56:47.497Z [Modules] Host is up to date.
2024-11-27T18:56:47.497Z [Modules] Checking for module updates at https://discord.com/api/modules/stable/versions.json
2024-11-27T18:56:47.535Z [Modules] No module updates available.
2024-11-27T18:56:49.577Z [Modules] Checking for host updates.
2024-11-27T18:56:49.754Z [Modules] Host is up to date.
2024-11-27T18:56:49.754Z [Modules] Checking for module updates at https://discord.com/api/modules/stable/versions.json
2024-11-27T18:56:49.756Z [Modules] No module updates available.
2024-11-27T19:56:47.426Z [Modules] Checking for host updates.
2024-11-27T19:56:47.675Z [Modules] Host is up to date.
2024-11-27T19:56:47.675Z [Modules] Checking for module updates at https://discord.com/api/modules/stable/versions.json
2024-11-27T19:56:47.709Z [Modules] No module updates available.
2024-12-04T18:44:24.468Z [Modules] Modules initializing
2024-12-04T18:44:24.468Z [Modules] Distribution: remote
2024-12-04T18:44:24.468Z [Modules] Host updates: enabled
2024-12-04T18:44:24.468Z [Modules] Module updates: enabled
2024-12-04T18:44:24.468Z [Modules] Module install path: /home/arch/.config/discord/0.0.76/modules
2024-12-04T18:44:24.468Z [Modules] Module installed file path: /home/arch/.config/discord/0.0.76/modules/installed.json
2024-12-04T18:44:24.468Z [Modules] Module download path: /home/arch/.config/discord/0.0.76/modules/pending
2024-12-04T18:44:24.647Z [Modules] No updates to install
2024-12-04T18:44:24.647Z [Modules] Checking for host updates.
2024-12-04T18:44:24.941Z [Modules] Host is up to date.
2024-12-04T18:44:24.942Z [Modules] Checking for module updates at https://discord.com/api/modules/stable/versions.json
2024-12-04T18:44:24.989Z [Modules] No module updates available.
2024-12-04T18:44:27.049Z [Modules] Checking for host updates.
2024-12-04T18:44:27.217Z [Modules] Host is up to date.
2024-12-04T18:44:27.217Z [Modules] Checking for module updates at https://discord.com/api/modules/stable/versions.json
2024-12-04T18:44:27.219Z [Modules] No module updates available.
2024-12-04T19:44:27.051Z [Modules] Checking for host updates.
2024-12-04T19:44:27.233Z [Modules] Host is up to date.
2024-12-04T19:44:27.233Z [Modules] Checking for module updates at https://discord.com/api/modules/stable/versions.json
2024-12-04T19:44:27.263Z [Modules] No module updates available.
1/5/2025, 8:32:03 PM GMT+1 [Modules] Modules initializing
1/5/2025, 8:32:03 PM GMT+1 [Modules] Distribution: remote
1/5/2025, 8:32:03 PM GMT+1 [Modules] Host updates: enabled
1/5/2025, 8:32:03 PM GMT+1 [Modules] Module updates: enabled
1/5/2025, 8:32:03 PM GMT+1 [Modules] Module install path: /home/arch/.config/discord/0.0.78/modules
1/5/2025, 8:32:03 PM GMT+1 [Modules] Module installed file path: /home/arch/.config/discord/0.0.78/modules/installed.json
1/5/2025, 8:32:03 PM GMT+1 [Modules] Module download path: /home/arch/.config/discord/0.0.78/modules/pending
1/5/2025, 8:32:03 PM GMT+1 [Modules] Bootstrapping...
1/5/2025, 8:32:03 PM GMT+1 [Modules] Installing discord_desktop_core@0 from /opt/discord/resources/bootstrap/discord_desktop_core.zip
1/5/2025, 8:32:03 PM GMT+1 [Modules] Failed installing discord_desktop_core@0: Error: ENOENT: no such file or directory, open '/opt/discord/resources/bootstrap/discord_desktop_core.zip'
1/5/2025, 8:32:03 PM GMT+1 [Modules] Installing discord_erlpack@0 from /opt/discord/resources/bootstrap/discord_erlpack.zip
1/5/2025, 8:32:03 PM GMT+1 [Modules] Failed installing discord_erlpack@0: Error: ENOENT: no such file or directory, open '/opt/discord/resources/bootstrap/discord_erlpack.zip'
1/5/2025, 8:32:03 PM GMT+1 [Modules] Installing discord_spellcheck@0 from /opt/discord/resources/bootstrap/discord_spellcheck.zip
1/5/2025, 8:32:03 PM GMT+1 [Modules] Failed installing discord_spellcheck@0: Error: ENOENT: no such file or directory, open '/opt/discord/resources/bootstrap/discord_spellcheck.zip'
1/5/2025, 8:32:03 PM GMT+1 [Modules] Installing discord_utils@0 from /opt/discord/resources/bootstrap/discord_utils.zip
1/5/2025, 8:32:03 PM GMT+1 [Modules] Failed installing discord_utils@0: Error: ENOENT: no such file or directory, open '/opt/discord/resources/bootstrap/discord_utils.zip'
1/5/2025, 8:32:03 PM GMT+1 [Modules] Installing discord_voice@0 from /opt/discord/resources/bootstrap/discord_voice.zip
1/5/2025, 8:32:03 PM GMT+1 [Modules] Failed installing discord_voice@0: Error: ENOENT: no such file or directory, open '/opt/discord/resources/bootstrap/discord_voice.zip'
1/5/2025, 8:32:03 PM GMT+1 [Modules] Installing discord_zstd@0 from /opt/discord/resources/bootstrap/discord_zstd.zip
1/5/2025, 8:32:03 PM GMT+1 [Modules] Failed installing discord_zstd@0: Error: ENOENT: no such file or directory, open '/opt/discord/resources/bootstrap/discord_zstd.zip'
1/5/2025, 8:32:03 PM GMT+1 [Modules] Finished module installations. [success: 0] [failure: 6]
1/5/2025, 8:32:03 PM GMT+1 [Modules] Checking for host updates.
1/5/2025, 8:32:04 PM GMT+1 [Modules] Host is up to date.
1/5/2025, 8:32:04 PM GMT+1 [Modules] Checking for module updates at https://discord.com/api/modules/stable/versions.json
1/5/2025, 8:32:04 PM GMT+1 [Modules] Module update available: discord_desktop_core@1 [installed: 0]
1/5/2025, 8:32:04 PM GMT+1 [Modules] Module update available: discord_erlpack@1 [installed: 0]
1/5/2025, 8:32:04 PM GMT+1 [Modules] Module update available: discord_spellcheck@1 [installed: 0]
1/5/2025, 8:32:04 PM GMT+1 [Modules] Module update available: discord_utils@1 [installed: 0]
1/5/2025, 8:32:04 PM GMT+1 [Modules] Module update available: discord_voice@1 [installed: 0]
1/5/2025, 8:32:04 PM GMT+1 [Modules] Module update available: discord_zstd@1 [installed: 0]
1/5/2025, 8:32:04 PM GMT+1 [Modules] Fetching discord_desktop_core@1 from https://discord.com/api/modules/stable/discord_desktop_core/1
1/5/2025, 8:32:04 PM GMT+1 [Modules] Streaming discord_desktop_core@1 to /home/arch/.config/discord/0.0.78/modules/pending/discord_desktop_core-1.zip
1/5/2025, 8:32:04 PM GMT+1 [Modules] Streaming discord_desktop_core@1 to /home/arch/.config/discord/0.0.78/modules/pending/discord_desktop_core-1.zip: 1%
1/5/2025, 8:32:04 PM GMT+1 [Modules] Streaming discord_desktop_core@1 to /home/arch/.config/discord/0.0.78/modules/pending/discord_desktop_core-1.zip: 2%
1/5/2025, 8:32:04 PM GMT+1 [Modules] Streaming discord_desktop_core@1 to /home/arch/.config/discord/0.0.78/modules/pending/discord_desktop_core-1.zip: 3%
1/5/2025, 8:32:04 PM GMT+1 [Modules] Streaming discord_desktop_core@1 to /home/arch/.config/discord/0.0.78/modules/pending/discord_desktop_core-1.zip: 4%
1/5/2025, 8:32:04 PM GMT+1 [Modules] Streaming discord_desktop_core@1 to /home/arch/.config/discord/0.0.78/modules/pending/discord_desktop_core-1.zip: 5%
1/5/2025, 8:32:04 PM GMT+1 [Modules] Streaming discord_desktop_core@1 to /home/arch/.config/discord/0.0.78/modules/pending/discord_desktop_core-1.zip: 6%
1/5/2025, 8:32:04 PM GMT+1 [Modules] Streaming discord_desktop_core@1 to /home/arch/.config/discord/0.0.78/modules/pending/discord_desktop_core-1.zip: 7%
1/5/2025, 8:32:04 PM GMT+1 [Modules] Streaming discord_desktop_core@1 to /home/arch/.config/discord/0.0.78/modules/pending/discord_desktop_core-1.zip: 8%
1/5/2025, 8:32:04 PM GMT+1 [Modules] Streaming discord_desktop_core@1 to /home/arch/.config/discord/0.0.78/modules/pending/discord_desktop_core-1.zip: 9%
1/5/2025, 8:32:04 PM GMT+1 [Modules] Streaming discord_desktop_core@1 to /home/arch/.config/discord/0.0.78/modules/pending/discord_desktop_core-1.zip: 10%
1/5/2025, 8:32:04 PM GMT+1 [Modules] Streaming discord_desktop_core@1 to /home/arch/.config/discord/0.0.78/modules/pending/discord_desktop_core-1.zip: 12%
1/5/2025, 8:32:04 PM GMT+1 [Modules] Streaming discord_desktop_core@1 to /home/arch/.config/discord/0.0.78/modules/pending/discord_desktop_core-1.zip: 13%
1/5/2025, 8:32:04 PM GMT+1 [Modules] Streaming discord_desktop_core@1 to /home/arch/.config/discord/0.0.78/modules/pending/discord_desktop_core-1.zip: 16%
1/5/2025, 8:32:04 PM GMT+1 [Modules] Streaming discord_desktop_core@1 to /home/arch/.config/discord/0.0.78/modules/pending/discord_desktop_core-1.zip: 18%
1/5/2025, 8:32:04 PM GMT+1 [Modules] Streaming discord_desktop_core@1 to /home/arch/.config/discord/0.0.78/modules/pending/discord_desktop_core-1.zip: 20%
1/5/2025, 8:32:04 PM GMT+1 [Modules] Streaming discord_desktop_core@1 to /home/arch/.config/discord/0.0.78/modules/pending/discord_desktop_core-1.zip: 21%
1/5/2025, 8:32:04 PM GMT+1 [Modules] Streaming discord_desktop_core@1 to /home/arch/.config/discord/0.0.78/modules/pending/discord_desktop_core-1.zip: 23%
1/5/2025, 8:32:04 PM GMT+1 [Modules] Streaming discord_desktop_core@1 to /home/arch/.config/discord/0.0.78/modules/pending/discord_desktop_core-1.zip: 24%
1/5/2025, 8:32:04 PM GMT+1 [Modules] Streaming discord_desktop_core@1 to /home/arch/.config/discord/0.0.78/modules/pending/discord_desktop_core-1.zip: 25%
1/5/2025, 8:32:04 PM GMT+1 [Modules] Streaming discord_desktop_core@1 to /home/arch/.config/discord/0.0.78/modules/pending/discord_desktop_core-1.zip: 26%
1/5/2025, 8:32:04 PM GMT+1 [Modules] Streaming discord_desktop_core@1 to /home/arch/.config/discord/0.0.78/modules/pending/discord_desktop_core-1.zip: 27%
1/5/2025, 8:32:04 PM GMT+1 [Modules] Streaming discord_desktop_core@1 to /home/arch/.config/discord/0.0.78/modules/pending/discord_desktop_core-1.zip: 28%
1/5/2025, 8:32:04 PM GMT+1 [Modules] Streaming discord_desktop_core@1 to /home/arch/.config/discord/0.0.78/modules/pending/discord_desktop_core-1.zip: 29%
1/5/2025, 8:32:04 PM GMT+1 [Modules] Streaming discord_desktop_core@1 to /home/arch/.config/discord/0.0.78/modules/pending/discord_desktop_core-1.zip: 30%
1/5/2025, 8:32:04 PM GMT+1 [Modules] Streaming discord_desktop_core@1 to /home/arch/.config/discord/0.0.78/modules/pending/discord_desktop_core-1.zip: 31%
1/5/2025, 8:32:04 PM GMT+1 [Modules] Streaming discord_desktop_core@1 to /home/arch/.config/discord/0.0.78/modules/pending/discord_desktop_core-1.zip: 32%
1/5/2025, 8:32:04 PM GMT+1 [Modules] Streaming discord_desktop_core@1 to /home/arch/.config/discord/0.0.78/modules/pending/discord_desktop_core-1.zip: 33%
1/5/2025, 8:32:04 PM GMT+1 [Modules] Streaming discord_desktop_core@1 to /home/arch/.config/discord/0.0.78/modules/pending/discord_desktop_core-1.zip: 34%
1/5/2025, 8:32:04 PM GMT+1 [Modules] Streaming discord_desktop_core@1 to /home/arch/.config/discord/0.0.78/modules/pending/discord_desktop_core-1.zip: 35%
1/5/2025, 8:32:04 PM GMT+1 [Modules] Streaming discord_desktop_core@1 to /home/arch/.config/discord/0.0.78/modules/pending/discord_desktop_core-1.zip: 36%
1/5/2025, 8:32:04 PM GMT+1 [Modules] Streaming discord_desktop_core@1 to /home/arch/.config/discord/0.0.78/modules/pending/discord_desktop_core-1.zip: 38%
1/5/2025, 8:32:04 PM GMT+1 [Modules] Streaming discord_desktop_core@1 to /home/arch/.config/discord/0.0.78/modules/pending/discord_desktop_core-1.zip: 40%
1/5/2025, 8:32:04 PM GMT+1 [Modules] Streaming discord_desktop_core@1 to /home/arch/.config/discord/0.0.78/modules/pending/discord_desktop_core-1.zip: 41%
1/5/2025, 8:32:04 PM GMT+1 [Modules] Streaming discord_desktop_core@1 to /home/arch/.config/discord/0.0.78/modules/pending/discord_desktop_core-1.zip: 42%
1/5/2025, 8:32:04 PM GMT+1 [Modules] Streaming discord_desktop_core@1 to /home/arch/.config/discord/0.0.78/modules/pending/discord_desktop_core-1.zip: 43%
1/5/2025, 8:32:04 PM GMT+1 [Modules] Streaming discord_desktop_core@1 to /home/arch/.config/discord/0.0.78/modules/pending/discord_desktop_core-1.zip: 44%
1/5/2025, 8:32:04 PM GMT+1 [Modules] Streaming discord_desktop_core@1 to /home/arch/.config/discord/0.0.78/modules/pending/discord_desktop_core-1.zip: 46%
1/5/2025, 8:32:04 PM GMT+1 [Modules] Streaming discord_desktop_core@1 to /home/arch/.config/discord/0.0.78/modules/pending/discord_desktop_core-1.zip: 47%
1/5/2025, 8:32:04 PM GMT+1 [Modules] Streaming discord_desktop_core@1 to /home/arch/.config/discord/0.0.78/modules/pending/discord_desktop_core-1.zip: 49%
1/5/2025, 8:32:04 PM GMT+1 [Modules] Streaming discord_desktop_core@1 to /home/arch/.config/discord/0.0.78/modules/pending/discord_desktop_core-1.zip: 51%
1/5/2025, 8:32:04 PM GMT+1 [Modules] Streaming discord_desktop_core@1 to /home/arch/.config/discord/0.0.78/modules/pending/discord_desktop_core-1.zip: 54%
1/5/2025, 8:32:04 PM GMT+1 [Modules] Streaming discord_desktop_core@1 to /home/arch/.config/discord/0.0.78/modules/pending/discord_desktop_core-1.zip: 56%
1/5/2025, 8:32:04 PM GMT+1 [Modules] Streaming discord_desktop_core@1 to /home/arch/.config/discord/0.0.78/modules/pending/discord_desktop_core-1.zip: 57%
1/5/2025, 8:32:04 PM GMT+1 [Modules] Streaming discord_desktop_core@1 to /home/arch/.config/discord/0.0.78/modules/pending/discord_desktop_core-1.zip: 58%
1/5/2025, 8:32:04 PM GMT+1 [Modules] Streaming discord_desktop_core@1 to /home/arch/.config/discord/0.0.78/modules/pending/discord_desktop_core-1.zip: 59%
1/5/2025, 8:32:04 PM GMT+1 [Modules] Streaming discord_desktop_core@1 to /home/arch/.config/discord/0.0.78/modules/pending/discord_desktop_core-1.zip: 60%
1/5/2025, 8:32:04 PM GMT+1 [Modules] Streaming discord_desktop_core@1 to /home/arch/.config/discord/0.0.78/modules/pending/discord_desktop_core-1.zip: 61%
1/5/2025, 8:32:04 PM GMT+1 [Modules] Streaming discord_desktop_core@1 to /home/arch/.config/discord/0.0.78/modules/pending/discord_desktop_core-1.zip: 62%
1/5/2025, 8:32:04 PM GMT+1 [Modules] Streaming discord_desktop_core@1 to /home/arch/.config/discord/0.0.78/modules/pending/discord_desktop_core-1.zip: 64%
1/5/2025, 8:32:04 PM GMT+1 [Modules] Streaming discord_desktop_core@1 to /home/arch/.config/discord/0.0.78/modules/pending/discord_desktop_core-1.zip: 67%
1/5/2025, 8:32:04 PM GMT+1 [Modules] Streaming discord_desktop_core@1 to /home/arch/.config/discord/0.0.78/modules/pending/discord_desktop_core-1.zip: 69%
1/5/2025, 8:32:04 PM GMT+1 [Modules] Streaming discord_desktop_core@1 to /home/arch/.config/discord/0.0.78/modules/pending/discord_desktop_core-1.zip: 71%
1/5/2025, 8:32:04 PM GMT+1 [Modules] Streaming discord_desktop_core@1 to /home/arch/.config/discord/0.0.78/modules/pending/discord_desktop_core-1.zip: 72%
1/5/2025, 8:32:04 PM GMT+1 [Modules] Streaming discord_desktop_core@1 to /home/arch/.config/discord/0.0.78/modules/pending/discord_desktop_core-1.zip: 73%
1/5/2025, 8:32:04 PM GMT+1 [Modules] Streaming discord_desktop_core@1 to /home/arch/.config/discord/0.0.78/modules/pending/discord_desktop_core-1.zip: 76%
1/5/2025, 8:32:04 PM GMT+1 [Modules] Streaming discord_desktop_core@1 to /home/arch/.config/discord/0.0.78/modules/pending/discord_desktop_core-1.zip: 77%
1/5/2025, 8:32:04 PM GMT+1 [Modules] Streaming discord_desktop_core@1 to /home/arch/.config/discord/0.0.78/modules/pending/discord_desktop_core-1.zip: 78%
1/5/2025, 8:32:04 PM GMT+1 [Modules] Streaming discord_desktop_core@1 to /home/arch/.config/discord/0.0.78/modules/pending/discord_desktop_core-1.zip: 79%
1/5/2025, 8:32:04 PM GMT+1 [Modules] Streaming discord_desktop_core@1 to /home/arch/.config/discord/0.0.78/modules/pending/discord_desktop_core-1.zip: 80%
1/5/2025, 8:32:04 PM GMT+1 [Modules] Streaming discord_desktop_core@1 to /home/arch/.config/discord/0.0.78/modules/pending/discord_desktop_core-1.zip: 81%
1/5/2025, 8:32:04 PM GMT+1 [Modules] Streaming discord_desktop_core@1 to /home/arch/.config/discord/0.0.78/modules/pending/discord_desktop_core-1.zip: 82%
1/5/2025, 8:32:04 PM GMT+1 [Modules] Streaming discord_desktop_core@1 to /home/arch/.config/discord/0.0.78/modules/pending/discord_desktop_core-1.zip: 83%
1/5/2025, 8:32:04 PM GMT+1 [Modules] Streaming discord_desktop_core@1 to /home/arch/.config/discord/0.0.78/modules/pending/discord_desktop_core-1.zip: 85%
1/5/2025, 8:32:04 PM GMT+1 [Modules] Streaming discord_desktop_core@1 to /home/arch/.config/discord/0.0.78/modules/pending/discord_desktop_core-1.zip: 86%
1/5/2025, 8:32:04 PM GMT+1 [Modules] Streaming discord_desktop_core@1 to /home/arch/.config/discord/0.0.78/modules/pending/discord_desktop_core-1.zip: 87%
1/5/2025, 8:32:04 PM GMT+1 [Modules] Streaming discord_desktop_core@1 to /home/arch/.config/discord/0.0.78/modules/pending/discord_desktop_core-1.zip: 88%
1/5/2025, 8:32:04 PM GMT+1 [Modules] Streaming discord_desktop_core@1 to /home/arch/.config/discord/0.0.78/modules/pending/discord_desktop_core-1.zip: 90%
1/5/2025, 8:32:04 PM GMT+1 [Modules] Streaming discord_desktop_core@1 to /home/arch/.config/discord/0.0.78/modules/pending/discord_desktop_core-1.zip: 91%
1/5/2025, 8:32:04 PM GMT+1 [Modules] Streaming discord_desktop_core@1 to /home/arch/.config/discord/0.0.78/modules/pending/discord_desktop_core-1.zip: 92%
1/5/2025, 8:32:04 PM GMT+1 [Modules] Streaming discord_desktop_core@1 to /home/arch/.config/discord/0.0.78/modules/pending/discord_desktop_core-1.zip: 93%
1/5/2025, 8:32:04 PM GMT+1 [Modules] Streaming discord_desktop_core@1 to /home/arch/.config/discord/0.0.78/modules/pending/discord_desktop_core-1.zip: 94%
1/5/2025, 8:32:04 PM GMT+1 [Modules] Streaming discord_desktop_core@1 to /home/arch/.config/discord/0.0.78/modules/pending/discord_desktop_core-1.zip: 95%
1/5/2025, 8:32:04 PM GMT+1 [Modules] Streaming discord_desktop_core@1 to /home/arch/.config/discord/0.0.78/modules/pending/discord_desktop_core-1.zip: 96%
1/5/2025, 8:32:04 PM GMT+1 [Modules] Streaming discord_desktop_core@1 to /home/arch/.config/discord/0.0.78/modules/pending/discord_desktop_core-1.zip: 97%
1/5/2025, 8:32:04 PM GMT+1 [Modules] Streaming discord_desktop_core@1 to /home/arch/.config/discord/0.0.78/modules/pending/discord_desktop_core-1.zip: 98%
1/5/2025, 8:32:04 PM GMT+1 [Modules] Streaming discord_desktop_core@1 to /home/arch/.config/discord/0.0.78/modules/pending/discord_desktop_core-1.zip: 100%
1/5/2025, 8:32:04 PM GMT+1 [Modules] Fetching discord_erlpack@1 from https://discord.com/api/modules/stable/discord_erlpack/1
1/5/2025, 8:32:04 PM GMT+1 [Modules] Streaming discord_erlpack@1 to /home/arch/.config/discord/0.0.78/modules/pending/discord_erlpack-1.zip
1/5/2025, 8:32:04 PM GMT+1 [Modules] Streaming discord_erlpack@1 to /home/arch/.config/discord/0.0.78/modules/pending/discord_erlpack-1.zip: 2%
1/5/2025, 8:32:04 PM GMT+1 [Modules] Streaming discord_erlpack@1 to /home/arch/.config/discord/0.0.78/modules/pending/discord_erlpack-1.zip: 3%
1/5/2025, 8:32:04 PM GMT+1 [Modules] Streaming discord_erlpack@1 to /home/arch/.config/discord/0.0.78/modules/pending/discord_erlpack-1.zip: 4%
1/5/2025, 8:32:04 PM GMT+1 [Modules] Streaming discord_erlpack@1 to /home/arch/.config/discord/0.0.78/modules/pending/discord_erlpack-1.zip: 5%
1/5/2025, 8:32:04 PM GMT+1 [Modules] Streaming discord_erlpack@1 to /home/arch/.config/discord/0.0.78/modules/pending/discord_erlpack-1.zip: 6%
1/5/2025, 8:32:04 PM GMT+1 [Modules] Streaming discord_erlpack@1 to /home/arch/.config/discord/0.0.78/modules/pending/discord_erlpack-1.zip: 8%
1/5/2025, 8:32:04 PM GMT+1 [Modules] Streaming discord_erlpack@1 to /home/arch/.config/discord/0.0.78/modules/pending/discord_erlpack-1.zip: 9%
1/5/2025, 8:32:04 PM GMT+1 [Modules] Streaming discord_erlpack@1 to /home/arch/.config/discord/0.0.78/modules/pending/discord_erlpack-1.zip: 12%
1/5/2025, 8:32:04 PM GMT+1 [Modules] Streaming discord_erlpack@1 to /home/arch/.config/discord/0.0.78/modules/pending/discord_erlpack-1.zip: 13%
1/5/2025, 8:32:04 PM GMT+1 [Modules] Streaming discord_erlpack@1 to /home/arch/.config/discord/0.0.78/modules/pending/discord_erlpack-1.zip: 15%
1/5/2025, 8:32:04 PM GMT+1 [Modules] Streaming discord_erlpack@1 to /home/arch/.config/discord/0.0.78/modules/pending/discord_erlpack-1.zip: 16%
1/5/2025, 8:32:04 PM GMT+1 [Modules] Streaming discord_erlpack@1 to /home/arch/.config/discord/0.0.78/modules/pending/discord_erlpack-1.zip: 17%
1/5/2025, 8:32:04 PM GMT+1 [Modules] Streaming discord_erlpack@1 to /home/arch/.config/discord/0.0.78/modules/pending/discord_erlpack-1.zip: 18%
1/5/2025, 8:32:04 PM GMT+1 [Modules] Streaming discord_erlpack@1 to /home/arch/.config/discord/0.0.78/modules/pending/discord_erlpack-1.zip: 19%
1/5/2025, 8:32:04 PM GMT+1 [Modules] Streaming discord_erlpack@1 to /home/arch/.config/discord/0.0.78/modules/pending/discord_erlpack-1.zip: 20%
1/5/2025, 8:32:04 PM GMT+1 [Modules] Streaming discord_erlpack@1 to /home/arch/.config/discord/0.0.78/modules/pending/discord_erlpack-1.zip: 23%
1/5/2025, 8:32:04 PM GMT+1 [Modules] Streaming discord_erlpack@1 to /home/arch/.config/discord/0.0.78/modules/pending/discord_erlpack-1.zip: 24%
1/5/2025, 8:32:04 PM GMT+1 [Modules] Streaming discord_erlpack@1 to /home/arch/.config/discord/0.0.78/modules/pending/discord_erlpack-1.zip: 25%
1/5/2025, 8:32:04 PM GMT+1 [Modules] Streaming discord_erlpack@1 to /home/arch/.config/discord/0.0.78/modules/pending/discord_erlpack-1.zip: 26%
1/5/2025, 8:32:04 PM GMT+1 [Modules] Streaming discord_erlpack@1 to /home/arch/.config/discord/0.0.78/modules/pending/discord_erlpack-1.zip: 27%
1/5/2025, 8:32:04 PM GMT+1 [Modules] Streaming discord_erlpack@1 to /home/arch/.config/discord/0.0.78/modules/pending/discord_erlpack-1.zip: 28%
1/5/2025, 8:32:04 PM GMT+1 [Modules] Streaming discord_erlpack@1 to /home/arch/.config/discord/0.0.78/modules/pending/discord_erlpack-1.zip: 29%
1/5/2025, 8:32:04 PM GMT+1 [Modules] Streaming discord_erlpack@1 to /home/arch/.config/discord/0.0.78/modules/pending/discord_erlpack-1.zip: 30%
1/5/2025, 8:32:04 PM GMT+1 [Modules] Streaming discord_erlpack@1 to /home/arch/.config/discord/0.0.78/modules/pending/discord_erlpack-1.zip: 31%
1/5/2025, 8:32:04 PM GMT+1 [Modules] Streaming discord_erlpack@1 to /home/arch/.config/discord/0.0.78/modules/pending/discord_erlpack-1.zip: 32%
1/5/2025, 8:32:04 PM GMT+1 [Modules] Streaming discord_erlpack@1 to /home/arch/.config/discord/0.0.78/modules/pending/discord_erlpack-1.zip: 33%
1/5/2025, 8:32:04 PM GMT+1 [Modules] Streaming discord_erlpack@1 to /home/arch/.config/discord/0.0.78/modules/pending/discord_erlpack-1.zip: 34%
1/5/2025, 8:32:04 PM GMT+1 [Modules] Streaming discord_erlpack@1 to /home/arch/.config/discord/0.0.78/modules/pending/discord_erlpack-1.zip: 36%
1/5/2025, 8:32:04 PM GMT+1 [Modules] Streaming discord_erlpack@1 to /home/arch/.config/discord/0.0.78/modules/pending/discord_erlpack-1.zip: 37%
1/5/2025, 8:32:04 PM GMT+1 [Modules] Streaming discord_erlpack@1 to /home/arch/.config/discord/0.0.78/modules/pending/discord_erlpack-1.zip: 39%
1/5/2025, 8:32:04 PM GMT+1 [Modules] Streaming discord_erlpack@1 to /home/arch/.config/discord/0.0.78/modules/pending/discord_erlpack-1.zip: 40%
1/5/2025, 8:32:04 PM GMT+1 [Modules] Streaming discord_erlpack@1 to /home/arch/.config/discord/0.0.78/modules/pending/discord_erlpack-1.zip: 43%
1/5/2025, 8:32:04 PM GMT+1 [Modules] Streaming discord_erlpack@1 to /home/arch/.config/discord/0.0.78/modules/pending/discord_erlpack-1.zip: 44%
1/5/2025, 8:32:04 PM GMT+1 [Modules] Streaming discord_erlpack@1 to /home/arch/.config/discord/0.0.78/modules/pending/discord_erlpack-1.zip: 45%
1/5/2025, 8:32:04 PM GMT+1 [Modules] Streaming discord_erlpack@1 to /home/arch/.config/discord/0.0.78/modules/pending/discord_erlpack-1.zip: 47%
1/5/2025, 8:32:04 PM GMT+1 [Modules] Streaming discord_erlpack@1 to /home/arch/.config/discord/0.0.78/modules/pending/discord_erlpack-1.zip: 49%
1/5/2025, 8:32:04 PM GMT+1 [Modules] Streaming discord_erlpack@1 to /home/arch/.config/discord/0.0.78/modules/pending/discord_erlpack-1.zip: 51%
1/5/2025, 8:32:04 PM GMT+1 [Modules] Streaming discord_erlpack@1 to /home/arch/.config/discord/0.0.78/modules/pending/discord_erlpack-1.zip: 52%
1/5/2025, 8:32:04 PM GMT+1 [Modules] Streaming discord_erlpack@1 to /home/arch/.config/discord/0.0.78/modules/pending/discord_erlpack-1.zip: 54%
1/5/2025, 8:32:04 PM GMT+1 [Modules] Streaming discord_erlpack@1 to /home/arch/.config/discord/0.0.78/modules/pending/discord_erlpack-1.zip: 55%
1/5/2025, 8:32:04 PM GMT+1 [Modules] Streaming discord_erlpack@1 to /home/arch/.config/discord/0.0.78/modules/pending/discord_erlpack-1.zip: 56%
1/5/2025, 8:32:04 PM GMT+1 [Modules] Streaming discord_erlpack@1 to /home/arch/.config/discord/0.0.78/modules/pending/discord_erlpack-1.zip: 58%
1/5/2025, 8:32:04 PM GMT+1 [Modules] Streaming discord_erlpack@1 to /home/arch/.config/discord/0.0.78/modules/pending/discord_erlpack-1.zip: 60%
1/5/2025, 8:32:04 PM GMT+1 [Modules] Streaming discord_erlpack@1 to /home/arch/.config/discord/0.0.78/modules/pending/discord_erlpack-1.zip: 61%
1/5/2025, 8:32:04 PM GMT+1 [Modules] Streaming discord_erlpack@1 to /home/arch/.config/discord/0.0.78/modules/pending/discord_erlpack-1.zip: 62%
1/5/2025, 8:32:04 PM GMT+1 [Modules] Streaming discord_erlpack@1 to /home/arch/.config/discord/0.0.78/modules/pending/discord_erlpack-1.zip: 64%
1/5/2025, 8:32:04 PM GMT+1 [Modules] Streaming discord_erlpack@1 to /home/arch/.config/discord/0.0.78/modules/pending/discord_erlpack-1.zip: 65%
1/5/2025, 8:32:04 PM GMT+1 [Modules] Streaming discord_erlpack@1 to /home/arch/.config/discord/0.0.78/modules/pending/discord_erlpack-1.zip: 66%
1/5/2025, 8:32:04 PM GMT+1 [Modules] Streaming discord_erlpack@1 to /home/arch/.config/discord/0.0.78/modules/pending/discord_erlpack-1.zip: 68%
1/5/2025, 8:32:04 PM GMT+1 [Modules] Streaming discord_erlpack@1 to /home/arch/.config/discord/0.0.78/modules/pending/discord_erlpack-1.zip: 70%
1/5/2025, 8:32:04 PM GMT+1 [Modules] Streaming discord_erlpack@1 to /home/arch/.config/discord/0.0.78/modules/pending/discord_erlpack-1.zip: 71%
1/5/2025, 8:32:04 PM GMT+1 [Modules] Streaming discord_erlpack@1 to /home/arch/.config/discord/0.0.78/modules/pending/discord_erlpack-1.zip: 73%
1/5/2025, 8:32:04 PM GMT+1 [Modules] Streaming discord_erlpack@1 to /home/arch/.config/discord/0.0.78/modules/pending/discord_erlpack-1.zip: 74%
1/5/2025, 8:32:04 PM GMT+1 [Modules] Streaming discord_erlpack@1 to /home/arch/.config/discord/0.0.78/modules/pending/discord_erlpack-1.zip: 75%
1/5/2025, 8:32:04 PM GMT+1 [Modules] Streaming discord_erlpack@1 to /home/arch/.config/discord/0.0.78/modules/pending/discord_erlpack-1.zip: 76%
1/5/2025, 8:32:04 PM GMT+1 [Modules] Streaming discord_erlpack@1 to /home/arch/.config/discord/0.0.78/modules/pending/discord_erlpack-1.zip: 77%
1/5/2025, 8:32:04 PM GMT+1 [Modules] Streaming discord_erlpack@1 to /home/arch/.config/discord/0.0.78/modules/pending/discord_erlpack-1.zip: 79%
1/5/2025, 8:32:04 PM GMT+1 [Modules] Streaming discord_erlpack@1 to /home/arch/.config/discord/0.0.78/modules/pending/discord_erlpack-1.zip: 80%
1/5/2025, 8:32:04 PM GMT+1 [Modules] Streaming discord_erlpack@1 to /home/arch/.config/discord/0.0.78/modules/pending/discord_erlpack-1.zip: 82%
1/5/2025, 8:32:05 PM GMT+1 [Modules] Streaming discord_erlpack@1 to /home/arch/.config/discord/0.0.78/modules/pending/discord_erlpack-1.zip: 83%
1/5/2025, 8:32:05 PM GMT+1 [Modules] Streaming discord_erlpack@1 to /home/arch/.config/discord/0.0.78/modules/pending/discord_erlpack-1.zip: 84%
1/5/2025, 8:32:05 PM GMT+1 [Modules] Streaming discord_erlpack@1 to /home/arch/.config/discord/0.0.78/modules/pending/discord_erlpack-1.zip: 85%
1/5/2025, 8:32:05 PM GMT+1 [Modules] Streaming discord_erlpack@1 to /home/arch/.config/discord/0.0.78/modules/pending/discord_erlpack-1.zip: 86%
1/5/2025, 8:32:05 PM GMT+1 [Modules] Streaming discord_erlpack@1 to /home/arch/.config/discord/0.0.78/modules/pending/discord_erlpack-1.zip: 87%
1/5/2025, 8:32:05 PM GMT+1 [Modules] Streaming discord_erlpack@1 to /home/arch/.config/discord/0.0.78/modules/pending/discord_erlpack-1.zip: 88%
1/5/2025, 8:32:05 PM GMT+1 [Modules] Streaming discord_erlpack@1 to /home/arch/.config/discord/0.0.78/modules/pending/discord_erlpack-1.zip: 90%
1/5/2025, 8:32:05 PM GMT+1 [Modules] Streaming discord_erlpack@1 to /home/arch/.config/discord/0.0.78/modules/pending/discord_erlpack-1.zip: 92%
1/5/2025, 8:32:05 PM GMT+1 [Modules] Streaming discord_erlpack@1 to /home/arch/.config/discord/0.0.78/modules/pending/discord_erlpack-1.zip: 93%
1/5/2025, 8:32:05 PM GMT+1 [Modules] Streaming discord_erlpack@1 to /home/arch/.config/discord/0.0.78/modules/pending/discord_erlpack-1.zip: 94%
1/5/2025, 8:32:05 PM GMT+1 [Modules] Streaming discord_erlpack@1 to /home/arch/.config/discord/0.0.78/modules/pending/discord_erlpack-1.zip: 95%
1/5/2025, 8:32:05 PM GMT+1 [Modules] Streaming discord_erlpack@1 to /home/arch/.config/discord/0.0.78/modules/pending/discord_erlpack-1.zip: 96%
1/5/2025, 8:32:05 PM GMT+1 [Modules] Streaming discord_erlpack@1 to /home/arch/.config/discord/0.0.78/modules/pending/discord_erlpack-1.zip: 97%
1/5/2025, 8:32:05 PM GMT+1 [Modules] Streaming discord_erlpack@1 to /home/arch/.config/discord/0.0.78/modules/pending/discord_erlpack-1.zip: 98%
1/5/2025, 8:32:05 PM GMT+1 [Modules] Streaming discord_erlpack@1 to /home/arch/.config/discord/0.0.78/modules/pending/discord_erlpack-1.zip: 99%
1/5/2025, 8:32:05 PM GMT+1 [Modules] Streaming discord_erlpack@1 to /home/arch/.config/discord/0.0.78/modules/pending/discord_erlpack-1.zip: 100%
1/5/2025, 8:32:05 PM GMT+1 [Modules] Fetching discord_spellcheck@1 from https://discord.com/api/modules/stable/discord_spellcheck/1
1/5/2025, 8:32:05 PM GMT+1 [Modules] Streaming discord_spellcheck@1 to /home/arch/.config/discord/0.0.78/modules/pending/discord_spellcheck-1.zip
1/5/2025, 8:32:05 PM GMT+1 [Modules] Streaming discord_spellcheck@1 to /home/arch/.config/discord/0.0.78/modules/pending/discord_spellcheck-1.zip: 1%
1/5/2025, 8:32:05 PM GMT+1 [Modules] Streaming discord_spellcheck@1 to /home/arch/.config/discord/0.0.78/modules/pending/discord_spellcheck-1.zip: 2%
1/5/2025, 8:32:05 PM GMT+1 [Modules] Streaming discord_spellcheck@1 to /home/arch/.config/discord/0.0.78/modules/pending/discord_spellcheck-1.zip: 3%
1/5/2025, 8:32:05 PM GMT+1 [Modules] Streaming discord_spellcheck@1 to /home/arch/.config/discord/0.0.78/modules/pending/discord_spellcheck-1.zip: 4%
1/5/2025, 8:32:05 PM GMT+1 [Modules] Streaming discord_spellcheck@1 to /home/arch/.config/discord/0.0.78/modules/pending/discord_spellcheck-1.zip: 5%
1/5/2025, 8:32:05 PM GMT+1 [Modules] Streaming discord_spellcheck@1 to /home/arch/.config/discord/0.0.78/modules/pending/discord_spellcheck-1.zip: 6%
1/5/2025, 8:32:05 PM GMT+1 [Modules] Streaming discord_spellcheck@1 to /home/arch/.config/discord/0.0.78/modules/pending/discord_spellcheck-1.zip: 7%
1/5/2025, 8:32:05 PM GMT+1 [Modules] Streaming discord_spellcheck@1 to /home/arch/.config/discord/0.0.78/modules/pending/discord_spellcheck-1.zip: 8%
1/5/2025, 8:32:05 PM GMT+1 [Modules] Streaming discord_spellcheck@1 to /home/arch/.config/discord/0.0.78/modules/pending/discord_spellcheck-1.zip: 9%
1/5/2025, 8:32:05 PM GMT+1 [Modules] Streaming discord_spellcheck@1 to /home/arch/.config/discord/0.0.78/modules/pending/discord_spellcheck-1.zip: 10%
1/5/2025, 8:32:05 PM GMT+1 [Modules] Streaming discord_spellcheck@1 to /home/arch/.config/discord/0.0.78/modules/pending/discord_spellcheck-1.zip: 11%
1/5/2025, 8:32:05 PM GMT+1 [Modules] Streaming discord_spellcheck@1 to /home/arch/.config/discord/0.0.78/modules/pending/discord_spellcheck-1.zip: 12%
1/5/2025, 8:32:05 PM GMT+1 [Modules] Streaming discord_spellcheck@1 to /home/arch/.config/discord/0.0.78/modules/pending/discord_spellcheck-1.zip: 13%
1/5/2025, 8:32:05 PM GMT+1 [Modules] Streaming discord_spellcheck@1 to /home/arch/.config/discord/0.0.78/modules/pending/discord_spellcheck-1.zip: 14%
1/5/2025, 8:32:05 PM GMT+1 [Modules] Streaming discord_spellcheck@1 to /home/arch/.config/discord/0.0.78/modules/pending/discord_spellcheck-1.zip: 15%
1/5/2025, 8:32:05 PM GMT+1 [Modules] Streaming discord_spellcheck@1 to /home/arch/.config/discord/0.0.78/modules/pending/discord_spellcheck-1.zip: 16%
1/5/2025, 8:32:05 PM GMT+1 [Modules] Streaming discord_spellcheck@1 to /home/arch/.config/discord/0.0.78/modules/pending/discord_spellcheck-1.zip: 17%
1/5/2025, 8:32:05 PM GMT+1 [Modules] Streaming discord_spellcheck@1 to /home/arch/.config/discord/0.0.78/modules/pending/discord_spellcheck-1.zip: 18%
1/5/2025, 8:32:05 PM GMT+1 [Modules] Streaming discord_spellcheck@1 to /home/arch/.config/discord/0.0.78/modules/pending/discord_spellcheck-1.zip: 19%
1/5/2025, 8:32:05 PM GMT+1 [Modules] Streaming discord_spellcheck@1 to /home/arch/.config/discord/0.0.78/modules/pending/discord_spellcheck-1.zip: 20%
1/5/2025, 8:32:05 PM GMT+1 [Modules] Streaming discord_spellcheck@1 to /home/arch/.config/discord/0.0.78/modules/pending/discord_spellcheck-1.zip: 21%
1/5/2025, 8:32:05 PM GMT+1 [Modules] Streaming discord_spellcheck@1 to /home/arch/.config/discord/0.0.78/modules/pending/discord_spellcheck-1.zip: 22%
1/5/2025, 8:32:05 PM GMT+1 [Modules] Streaming discord_spellcheck@1 to /home/arch/.config/discord/0.0.78/modules/pending/discord_spellcheck-1.zip: 23%
1/5/2025, 8:32:05 PM GMT+1 [Modules] Streaming discord_spellcheck@1 to /home/arch/.config/discord/0.0.78/modules/pending/discord_spellcheck-1.zip: 24%
1/5/2025, 8:32:05 PM GMT+1 [Modules] Streaming discord_spellcheck@1 to /home/arch/.config/discord/0.0.78/modules/pending/discord_spellcheck-1.zip: 25%
1/5/2025, 8:32:05 PM GMT+1 [Modules] Streaming discord_spellcheck@1 to /home/arch/.config/discord/0.0.78/modules/pending/discord_spellcheck-1.zip: 26%
1/5/2025, 8:32:05 PM GMT+1 [Modules] Streaming discord_spellcheck@1 to /home/arch/.config/discord/0.0.78/modules/pending/discord_spellcheck-1.zip: 27%
1/5/2025, 8:32:05 PM GMT+1 [Modules] Streaming discord_spellcheck@1 to /home/arch/.config/discord/0.0.78/modules/pending/discord_spellcheck-1.zip: 28%
1/5/2025, 8:32:05 PM GMT+1 [Modules] Streaming discord_spellcheck@1 to /home/arch/.config/discord/0.0.78/modules/pending/discord_spellcheck-1.zip: 29%
1/5/2025, 8:32:05 PM GMT+1 [Modules] Streaming discord_spellcheck@1 to /home/arch/.config/discord/0.0.78/modules/pending/discord_spellcheck-1.zip: 30%
1/5/2025, 8:32:05 PM GMT+1 [Modules] Streaming discord_spellcheck@1 to /home/arch/.config/discord/0.0.78/modules/pending/discord_spellcheck-1.zip: 31%
1/5/2025, 8:32:05 PM GMT+1 [Modules] Streaming discord_spellcheck@1 to /home/arch/.config/discord/0.0.78/modules/pending/discord_spellcheck-1.zip: 32%
1/5/2025, 8:32:05 PM GMT+1 [Modules] Streaming discord_spellcheck@1 to /home/arch/.config/discord/0.0.78/modules/pending/discord_spellcheck-1.zip: 33%
1/5/2025, 8:32:05 PM GMT+1 [Modules] Streaming discord_spellcheck@1 to /home/arch/.config/discord/0.0.78/modules/pending/discord_spellcheck-1.zip: 34%
1/5/2025, 8:32:05 PM GMT+1 [Modules] Streaming discord_spellcheck@1 to /home/arch/.config/discord/0.0.78/modules/pending/discord_spellcheck-1.zip: 35%
1/5/2025, 8:32:05 PM GMT+1 [Modules] Streaming discord_spellcheck@1 to /home/arch/.config/discord/0.0.78/modules/pending/discord_spellcheck-1.zip: 36%
1/5/2025, 8:32:05 PM GMT+1 [Modules] Streaming discord_spellcheck@1 to /home/arch/.config/discord/0.0.78/modules/pending/discord_spellcheck-1.zip: 37%
1/5/2025, 8:32:05 PM GMT+1 [Modules] Streaming discord_spellcheck@1 to /home/arch/.config/discord/0.0.78/modules/pending/discord_spellcheck-1.zip: 38%
1/5/2025, 8:32:05 PM GMT+1 [Modules] Streaming discord_spellcheck@1 to /home/arch/.config/discord/0.0.78/modules/pending/discord_spellcheck-1.zip: 39%
1/5/2025, 8:32:05 PM GMT+1 [Modules] Streaming discord_spellcheck@1 to /home/arch/.config/discord/0.0.78/modules/pending/discord_spellcheck-1.zip: 40%
1/5/2025, 8:32:05 PM GMT+1 [Modules] Streaming discord_spellcheck@1 to /home/arch/.config/discord/0.0.78/modules/pending/discord_spellcheck-1.zip: 41%
1/5/2025, 8:32:05 PM GMT+1 [Modules] Streaming discord_spellcheck@1 to /home/arch/.config/discord/0.0.78/modules/pending/discord_spellcheck-1.zip: 42%
1/5/2025, 8:32:05 PM GMT+1 [Modules] Streaming discord_spellcheck@1 to /home/arch/.config/discord/0.0.78/modules/pending/discord_spellcheck-1.zip: 43%
1/5/2025, 8:32:05 PM GMT+1 [Modules] Streaming discord_spellcheck@1 to /home/arch/.config/discord/0.0.78/modules/pending/discord_spellcheck-1.zip: 44%
1/5/2025, 8:32:05 PM GMT+1 [Modules] Streaming discord_spellcheck@1 to /home/arch/.config/discord/0.0.78/modules/pending/discord_spellcheck-1.zip: 45%
1/5/2025, 8:32:05 PM GMT+1 [Modules] Streaming discord_spellcheck@1 to /home/arch/.config/discord/0.0.78/modules/pending/discord_spellcheck-1.zip: 46%
1/5/2025, 8:32:05 PM GMT+1 [Modules] Streaming discord_spellcheck@1 to /home/arch/.config/discord/0.0.78/modules/pending/discord_spellcheck-1.zip: 47%
1/5/2025, 8:32:05 PM GMT+1 [Modules] Streaming discord_spellcheck@1 to /home/arch/.config/discord/0.0.78/modules/pending/discord_spellcheck-1.zip: 48%
1/5/2025, 8:32:05 PM GMT+1 [Modules] Streaming discord_spellcheck@1 to /home/arch/.config/discord/0.0.78/modules/pending/discord_spellcheck-1.zip: 49%
1/5/2025, 8:32:05 PM GMT+1 [Modules] Streaming discord_spellcheck@1 to /home/arch/.config/discord/0.0.78/modules/pending/discord_spellcheck-1.zip: 50%
1/5/2025, 8:32:05 PM GMT+1 [Modules] Streaming discord_spellcheck@1 to /home/arch/.config/discord/0.0.78/modules/pending/discord_spellcheck-1.zip: 51%
1/5/2025, 8:32:05 PM GMT+1 [Modules] Streaming discord_spellcheck@1 to /home/arch/.config/discord/0.0.78/modules/pending/discord_spellcheck-1.zip: 52%
1/5/2025, 8:32:05 PM GMT+1 [Modules] Streaming discord_spellcheck@1 to /home/arch/.config/discord/0.0.78/modules/pending/discord_spellcheck-1.zip: 53%
1/5/2025, 8:32:05 PM GMT+1 [Modules] Streaming discord_spellcheck@1 to /home/arch/.config/discord/0.0.78/modules/pending/discord_spellcheck-1.zip: 54%
1/5/2025, 8:32:05 PM GMT+1 [Modules] Streaming discord_spellcheck@1 to /home/arch/.config/discord/0.0.78/modules/pending/discord_spellcheck-1.zip: 55%
1/5/2025, 8:32:05 PM GMT+1 [Modules] Streaming discord_spellcheck@1 to /home/arch/.config/discord/0.0.78/modules/pending/discord_spellcheck-1.zip: 56%
1/5/2025, 8:32:05 PM GMT+1 [Modules] Streaming discord_spellcheck@1 to /home/arch/.config/discord/0.0.78/modules/pending/discord_spellcheck-1.zip: 57%
1/5/2025, 8:32:05 PM GMT+1 [Modules] Streaming discord_spellcheck@1 to /home/arch/.config/discord/0.0.78/modules/pending/discord_spellcheck-1.zip: 58%
1/5/2025, 8:32:05 PM GMT+1 [Modules] Streaming discord_spellcheck@1 to /home/arch/.config/discord/0.0.78/modules/pending/discord_spellcheck-1.zip: 59%
1/5/2025, 8:32:05 PM GMT+1 [Modules] Streaming discord_spellcheck@1 to /home/arch/.config/discord/0.0.78/modules/pending/discord_spellcheck-1.zip: 60%
1/5/2025, 8:32:05 PM GMT+1 [Modules] Streaming discord_spellcheck@1 to /home/arch/.config/discord/0.0.78/modules/pending/discord_spellcheck-1.zip: 61%
1/5/2025, 8:32:05 PM GMT+1 [Modules] Streaming discord_spellcheck@1 to /home/arch/.config/discord/0.0.78/modules/pending/discord_spellcheck-1.zip: 62%
1/5/2025, 8:32:05 PM GMT+1 [Modules] Streaming discord_spellcheck@1 to /home/arch/.config/discord/0.0.78/modules/pending/discord_spellcheck-1.zip: 63%
1/5/2025, 8:32:05 PM GMT+1 [Modules] Streaming discord_spellcheck@1 to /home/arch/.config/discord/0.0.78/modules/pending/discord_spellcheck-1.zip: 64%
1/5/2025, 8:32:05 PM GMT+1 [Modules] Streaming discord_spellcheck@1 to /home/arch/.config/discord/0.0.78/modules/pending/discord_spellcheck-1.zip: 65%
1/5/2025, 8:32:05 PM GMT+1 [Modules] Streaming discord_spellcheck@1 to /home/arch/.config/discord/0.0.78/modules/pending/discord_spellcheck-1.zip: 66%
1/5/2025, 8:32:05 PM GMT+1 [Modules] Streaming discord_spellcheck@1 to /home/arch/.config/discord/0.0.78/modules/pending/discord_spellcheck-1.zip: 67%
1/5/2025, 8:32:05 PM GMT+1 [Modules] Streaming discord_spellcheck@1 to /home/arch/.config/discord/0.0.78/modules/pending/discord_spellcheck-1.zip: 68%
1/5/2025, 8:32:05 PM GMT+1 [Modules] Streaming discord_spellcheck@1 to /home/arch/.config/discord/0.0.78/modules/pending/discord_spellcheck-1.zip: 69%
1/5/2025, 8:32:05 PM GMT+1 [Modules] Streaming discord_spellcheck@1 to /home/arch/.config/discord/0.0.78/modules/pending/discord_spellcheck-1.zip: 70%
1/5/2025, 8:32:05 PM GMT+1 [Modules] Streaming discord_spellcheck@1 to /home/arch/.config/discord/0.0.78/modules/pending/discord_spellcheck-1.zip: 71%
1/5/2025, 8:32:05 PM GMT+1 [Modules] Streaming discord_spellcheck@1 to /home/arch/.config/discord/0.0.78/modules/pending/discord_spellcheck-1.zip: 72%
1/5/2025, 8:32:05 PM GMT+1 [Modules] Streaming discord_spellcheck@1 to /home/arch/.config/discord/0.0.78/modules/pending/discord_spellcheck-1.zip: 73%
1/5/2025, 8:32:05 PM GMT+1 [Modules] Streaming discord_spellcheck@1 to /home/arch/.config/discord/0.0.78/modules/pending/discord_spellcheck-1.zip: 74%
1/5/2025, 8:32:05 PM GMT+1 [Modules] Streaming discord_spellcheck@1 to /home/arch/.config/discord/0.0.78/modules/pending/discord_spellcheck-1.zip: 75%
1/5/2025, 8:32:05 PM GMT+1 [Modules] Streaming discord_spellcheck@1 to /home/arch/.config/discord/0.0.78/modules/pending/discord_spellcheck-1.zip: 76%
1/5/2025, 8:32:05 PM GMT+1 [Modules] Streaming discord_spellcheck@1 to /home/arch/.config/discord/0.0.78/modules/pending/discord_spellcheck-1.zip: 77%
1/5/2025, 8:32:05 PM GMT+1 [Modules] Streaming discord_spellcheck@1 to /home/arch/.config/discord/0.0.78/modules/pending/discord_spellcheck-1.zip: 78%
1/5/2025, 8:32:05 PM GMT+1 [Modules] Streaming discord_spellcheck@1 to /home/arch/.config/discord/0.0.78/modules/pending/discord_spellcheck-1.zip: 79%
1/5/2025, 8:32:05 PM GMT+1 [Modules] Streaming discord_spellcheck@1 to /home/arch/.config/discord/0.0.78/modules/pending/discord_spellcheck-1.zip: 80%
1/5/2025, 8:32:05 PM GMT+1 [Modules] Streaming discord_spellcheck@1 to /home/arch/.config/discord/0.0.78/modules/pending/discord_spellcheck-1.zip: 81%
1/5/2025, 8:32:05 PM GMT+1 [Modules] Streaming discord_spellcheck@1 to /home/arch/.config/discord/0.0.78/modules/pending/discord_spellcheck-1.zip: 82%
1/5/2025, 8:32:05 PM GMT+1 [Modules] Streaming discord_spellcheck@1 to /home/arch/.config/discord/0.0.78/modules/pending/discord_spellcheck-1.zip: 83%
1/5/2025, 8:32:06 PM GMT+1 [Modules] Streaming discord_spellcheck@1 to /home/arch/.config/discord/0.0.78/modules/pending/discord_spellcheck-1.zip: 84%
1/5/2025, 8:32:06 PM GMT+1 [Modules] Streaming discord_spellcheck@1 to /home/arch/.config/discord/0.0.78/modules/pending/discord_spellcheck-1.zip: 85%
1/5/2025, 8:32:06 PM GMT+1 [Modules] Streaming discord_spellcheck@1 to /home/arch/.config/discord/0.0.78/modules/pending/discord_spellcheck-1.zip: 86%
1/5/2025, 8:32:06 PM GMT+1 [Modules] Streaming discord_spellcheck@1 to /home/arch/.config/discord/0.0.78/modules/pending/discord_spellcheck-1.zip: 87%
1/5/2025, 8:32:06 PM GMT+1 [Modules] Streaming discord_spellcheck@1 to /home/arch/.config/discord/0.0.78/modules/pending/discord_spellcheck-1.zip: 88%
1/5/2025, 8:32:06 PM GMT+1 [Modules] Streaming discord_spellcheck@1 to /home/arch/.config/discord/0.0.78/modules/pending/discord_spellcheck-1.zip: 89%
1/5/2025, 8:32:06 PM GMT+1 [Modules] Streaming discord_spellcheck@1 to /home/arch/.config/discord/0.0.78/modules/pending/discord_spellcheck-1.zip: 90%
1/5/2025, 8:32:06 PM GMT+1 [Modules] Streaming discord_spellcheck@1 to /home/arch/.config/discord/0.0.78/modules/pending/discord_spellcheck-1.zip: 91%
1/5/2025, 8:32:06 PM GMT+1 [Modules] Streaming discord_spellcheck@1 to /home/arch/.config/discord/0.0.78/modules/pending/discord_spellcheck-1.zip: 92%
1/5/2025, 8:32:06 PM GMT+1 [Modules] Streaming discord_spellcheck@1 to /home/arch/.config/discord/0.0.78/modules/pending/discord_spellcheck-1.zip: 93%
1/5/2025, 8:32:06 PM GMT+1 [Modules] Streaming discord_spellcheck@1 to /home/arch/.config/discord/0.0.78/modules/pending/discord_spellcheck-1.zip: 94%
1/5/2025, 8:32:06 PM GMT+1 [Modules] Streaming discord_spellcheck@1 to /home/arch/.config/discord/0.0.78/modules/pending/discord_spellcheck-1.zip: 95%
1/5/2025, 8:32:06 PM GMT+1 [Modules] Streaming discord_spellcheck@1 to /home/arch/.config/discord/0.0.78/modules/pending/discord_spellcheck-1.zip: 96%
1/5/2025, 8:32:06 PM GMT+1 [Modules] Streaming discord_spellcheck@1 to /home/arch/.config/discord/0.0.78/modules/pending/discord_spellcheck-1.zip: 97%
1/5/2025, 8:32:06 PM GMT+1 [Modules] Streaming discord_spellcheck@1 to /home/arch/.config/discord/0.0.78/modules/pending/discord_spellcheck-1.zip: 98%
1/5/2025, 8:32:06 PM GMT+1 [Modules] Streaming discord_spellcheck@1 to /home/arch/.config/discord/0.0.78/modules/pending/discord_spellcheck-1.zip: 99%
1/5/2025, 8:32:06 PM GMT+1 [Modules] Streaming discord_spellcheck@1 to /home/arch/.config/discord/0.0.78/modules/pending/discord_spellcheck-1.zip: 100%
1/5/2025, 8:32:06 PM GMT+1 [Modules] Fetching discord_utils@1 from https://discord.com/api/modules/stable/discord_utils/1
1/5/2025, 8:32:06 PM GMT+1 [Modules] Streaming discord_utils@1 to /home/arch/.config/discord/0.0.78/modules/pending/discord_utils-1.zip
1/5/2025, 8:32:06 PM GMT+1 [Modules] Streaming discord_utils@1 to /home/arch/.config/discord/0.0.78/modules/pending/discord_utils-1.zip: 1%
1/5/2025, 8:32:06 PM GMT+1 [Modules] Streaming discord_utils@1 to /home/arch/.config/discord/0.0.78/modules/pending/discord_utils-1.zip: 2%
1/5/2025, 8:32:06 PM GMT+1 [Modules] Streaming discord_utils@1 to /home/arch/.config/discord/0.0.78/modules/pending/discord_utils-1.zip: 3%
1/5/2025, 8:32:06 PM GMT+1 [Modules] Streaming discord_utils@1 to /home/arch/.config/discord/0.0.78/modules/pending/discord_utils-1.zip: 4%
1/5/2025, 8:32:06 PM GMT+1 [Modules] Streaming discord_utils@1 to /home/arch/.config/discord/0.0.78/modules/pending/discord_utils-1.zip: 5%
1/5/2025, 8:32:06 PM GMT+1 [Modules] Streaming discord_utils@1 to /home/arch/.config/discord/0.0.78/modules/pending/discord_utils-1.zip: 6%
1/5/2025, 8:32:06 PM GMT+1 [Modules] Streaming discord_utils@1 to /home/arch/.config/discord/0.0.78/modules/pending/discord_utils-1.zip: 7%
1/5/2025, 8:32:06 PM GMT+1 [Modules] Streaming discord_utils@1 to /home/arch/.config/discord/0.0.78/modules/pending/discord_utils-1.zip: 8%
1/5/2025, 8:32:06 PM GMT+1 [Modules] Streaming discord_utils@1 to /home/arch/.config/discord/0.0.78/modules/pending/discord_utils-1.zip: 9%
1/5/2025, 8:32:06 PM GMT+1 [Modules] Streaming discord_utils@1 to /home/arch/.config/discord/0.0.78/modules/pending/discord_utils-1.zip: 10%
1/5/2025, 8:32:06 PM GMT+1 [Modules] Streaming discord_utils@1 to /home/arch/.config/discord/0.0.78/modules/pending/discord_utils-1.zip: 11%
1/5/2025, 8:32:06 PM GMT+1 [Modules] Streaming discord_utils@1 to /home/arch/.config/discord/0.0.78/modules/pending/discord_utils-1.zip: 12%
1/5/2025, 8:32:06 PM GMT+1 [Modules] Streaming discord_utils@1 to /home/arch/.config/discord/0.0.78/modules/pending/discord_utils-1.zip: 13%
1/5/2025, 8:32:06 PM GMT+1 [Modules] Streaming discord_utils@1 to /home/arch/.config/discord/0.0.78/modules/pending/discord_utils-1.zip: 14%
1/5/2025, 8:32:06 PM GMT+1 [Modules] Streaming discord_utils@1 to /home/arch/.config/discord/0.0.78/modules/pending/discord_utils-1.zip: 15%
1/5/2025, 8:32:06 PM GMT+1 [Modules] Streaming discord_utils@1 to /home/arch/.config/discord/0.0.78/modules/pending/discord_utils-1.zip: 16%
1/5/2025, 8:32:06 PM GMT+1 [Modules] Streaming discord_utils@1 to /home/arch/.config/discord/0.0.78/modules/pending/discord_utils-1.zip: 17%
1/5/2025, 8:32:06 PM GMT+1 [Modules] Streaming discord_utils@1 to /home/arch/.config/discord/0.0.78/modules/pending/discord_utils-1.zip: 18%
1/5/2025, 8:32:06 PM GMT+1 [Modules] Streaming discord_utils@1 to /home/arch/.config/discord/0.0.78/modules/pending/discord_utils-1.zip: 19%
1/5/2025, 8:32:06 PM GMT+1 [Modules] Streaming discord_utils@1 to /home/arch/.config/discord/0.0.78/modules/pending/discord_utils-1.zip: 20%
1/5/2025, 8:32:06 PM GMT+1 [Modules] Streaming discord_utils@1 to /home/arch/.config/discord/0.0.78/modules/pending/discord_utils-1.zip: 21%
1/5/2025, 8:32:06 PM GMT+1 [Modules] Streaming discord_utils@1 to /home/arch/.config/discord/0.0.78/modules/pending/discord_utils-1.zip: 22%
1/5/2025, 8:32:06 PM GMT+1 [Modules] Streaming discord_utils@1 to /home/arch/.config/discord/0.0.78/modules/pending/discord_utils-1.zip: 23%
1/5/2025, 8:32:06 PM GMT+1 [Modules] Streaming discord_utils@1 to /home/arch/.config/discord/0.0.78/modules/pending/discord_utils-1.zip: 24%
1/5/2025, 8:32:06 PM GMT+1 [Modules] Streaming discord_utils@1 to /home/arch/.config/discord/0.0.78/modules/pending/discord_utils-1.zip: 25%
1/5/2025, 8:32:06 PM GMT+1 [Modules] Streaming discord_utils@1 to /home/arch/.config/discord/0.0.78/modules/pending/discord_utils-1.zip: 26%
1/5/2025, 8:32:06 PM GMT+1 [Modules] Streaming discord_utils@1 to /home/arch/.config/discord/0.0.78/modules/pending/discord_utils-1.zip: 27%
1/5/2025, 8:32:06 PM GMT+1 [Modules] Streaming discord_utils@1 to /home/arch/.config/discord/0.0.78/modules/pending/discord_utils-1.zip: 28%
1/5/2025, 8:32:06 PM GMT+1 [Modules] Streaming discord_utils@1 to /home/arch/.config/discord/0.0.78/modules/pending/discord_utils-1.zip: 29%
1/5/2025, 8:32:06 PM GMT+1 [Modules] Streaming discord_utils@1 to /home/arch/.config/discord/0.0.78/modules/pending/discord_utils-1.zip: 30%
1/5/2025, 8:32:06 PM GMT+1 [Modules] Streaming discord_utils@1 to /home/arch/.config/discord/0.0.78/modules/pending/discord_utils-1.zip: 31%
1/5/2025, 8:32:06 PM GMT+1 [Modules] Streaming discord_utils@1 to /home/arch/.config/discord/0.0.78/modules/pending/discord_utils-1.zip: 32%
1/5/2025, 8:32:06 PM GMT+1 [Modules] Streaming discord_utils@1 to /home/arch/.config/discord/0.0.78/modules/pending/discord_utils-1.zip: 33%
1/5/2025, 8:32:06 PM GMT+1 [Modules] Streaming discord_utils@1 to /home/arch/.config/discord/0.0.78/modules/pending/discord_utils-1.zip: 34%
1/5/2025, 8:32:06 PM GMT+1 [Modules] Streaming discord_utils@1 to /home/arch/.config/discord/0.0.78/modules/pending/discord_utils-1.zip: 35%
1/5/2025, 8:32:06 PM GMT+1 [Modules] Streaming discord_utils@1 to /home/arch/.config/discord/0.0.78/modules/pending/discord_utils-1.zip: 36%
1/5/2025, 8:32:06 PM GMT+1 [Modules] Streaming discord_utils@1 to /home/arch/.config/discord/0.0.78/modules/pending/discord_utils-1.zip: 37%
1/5/2025, 8:32:06 PM GMT+1 [Modules] Streaming discord_utils@1 to /home/arch/.config/discord/0.0.78/modules/pending/discord_utils-1.zip: 38%
1/5/2025, 8:32:06 PM GMT+1 [Modules] Streaming discord_utils@1 to /home/arch/.config/discord/0.0.78/modules/pending/discord_utils-1.zip: 39%
1/5/2025, 8:32:06 PM GMT+1 [Modules] Streaming discord_utils@1 to /home/arch/.config/discord/0.0.78/modules/pending/discord_utils-1.zip: 40%
1/5/2025, 8:32:06 PM GMT+1 [Modules] Streaming discord_utils@1 to /home/arch/.config/discord/0.0.78/modules/pending/discord_utils-1.zip: 41%
1/5/2025, 8:32:06 PM GMT+1 [Modules] Streaming discord_utils@1 to /home/arch/.config/discord/0.0.78/modules/pending/discord_utils-1.zip: 42%
1/5/2025, 8:32:06 PM GMT+1 [Modules] Streaming discord_utils@1 to /home/arch/.config/discord/0.0.78/modules/pending/discord_utils-1.zip: 43%
1/5/2025, 8:32:06 PM GMT+1 [Modules] Streaming discord_utils@1 to /home/arch/.config/discord/0.0.78/modules/pending/discord_utils-1.zip: 44%
1/5/2025, 8:32:06 PM GMT+1 [Modules] Streaming discord_utils@1 to /home/arch/.config/discord/0.0.78/modules/pending/discord_utils-1.zip: 45%
1/5/2025, 8:32:06 PM GMT+1 [Modules] Streaming discord_utils@1 to /home/arch/.config/discord/0.0.78/modules/pending/discord_utils-1.zip: 46%
1/5/2025, 8:32:06 PM GMT+1 [Modules] Streaming discord_utils@1 to /home/arch/.config/discord/0.0.78/modules/pending/discord_utils-1.zip: 47%
1/5/2025, 8:32:06 PM GMT+1 [Modules] Streaming discord_utils@1 to /home/arch/.config/discord/0.0.78/modules/pending/discord_utils-1.zip: 48%
1/5/2025, 8:32:06 PM GMT+1 [Modules] Streaming discord_utils@1 to /home/arch/.config/discord/0.0.78/modules/pending/discord_utils-1.zip: 49%
1/5/2025, 8:32:06 PM GMT+1 [Modules] Streaming discord_utils@1 to /home/arch/.config/discord/0.0.78/modules/pending/discord_utils-1.zip: 50%
1/5/2025, 8:32:06 PM GMT+1 [Modules] Streaming discord_utils@1 to /home/arch/.config/discord/0.0.78/modules/pending/discord_utils-1.zip: 51%
1/5/2025, 8:32:06 PM GMT+1 [Modules] Streaming discord_utils@1 to /home/arch/.config/discord/0.0.78/modules/pending/discord_utils-1.zip: 52%
1/5/2025, 8:32:06 PM GMT+1 [Modules] Streaming discord_utils@1 to /home/arch/.config/discord/0.0.78/modules/pending/discord_utils-1.zip: 53%
1/5/2025, 8:32:06 PM GMT+1 [Modules] Streaming discord_utils@1 to /home/arch/.config/discord/0.0.78/modules/pending/discord_utils-1.zip: 54%
1/5/2025, 8:32:06 PM GMT+1 [Modules] Streaming discord_utils@1 to /home/arch/.config/discord/0.0.78/modules/pending/discord_utils-1.zip: 55%
1/5/2025, 8:32:06 PM GMT+1 [Modules] Streaming discord_utils@1 to /home/arch/.config/discord/0.0.78/modules/pending/discord_utils-1.zip: 56%
1/5/2025, 8:32:06 PM GMT+1 [Modules] Streaming discord_utils@1 to /home/arch/.config/discord/0.0.78/modules/pending/discord_utils-1.zip: 57%
1/5/2025, 8:32:06 PM GMT+1 [Modules] Streaming discord_utils@1 to /home/arch/.config/discord/0.0.78/modules/pending/discord_utils-1.zip: 58%
1/5/2025, 8:32:06 PM GMT+1 [Modules] Streaming discord_utils@1 to /home/arch/.config/discord/0.0.78/modules/pending/discord_utils-1.zip: 59%
1/5/2025, 8:32:06 PM GMT+1 [Modules] Streaming discord_utils@1 to /home/arch/.config/discord/0.0.78/modules/pending/discord_utils-1.zip: 60%
1/5/2025, 8:32:06 PM GMT+1 [Modules] Streaming discord_utils@1 to /home/arch/.config/discord/0.0.78/modules/pending/discord_utils-1.zip: 61%
1/5/2025, 8:32:06 PM GMT+1 [Modules] Streaming discord_utils@1 to /home/arch/.config/discord/0.0.78/modules/pending/discord_utils-1.zip: 62%
1/5/2025, 8:32:06 PM GMT+1 [Modules] Streaming discord_utils@1 to /home/arch/.config/discord/0.0.78/modules/pending/discord_utils-1.zip: 63%
1/5/2025, 8:32:06 PM GMT+1 [Modules] Streaming discord_utils@1 to /home/arch/.config/discord/0.0.78/modules/pending/discord_utils-1.zip: 64%
1/5/2025, 8:32:06 PM GMT+1 [Modules] Streaming discord_utils@1 to /home/arch/.config/discord/0.0.78/modules/pending/discord_utils-1.zip: 65%
1/5/2025, 8:32:06 PM GMT+1 [Modules] Streaming discord_utils@1 to /home/arch/.config/discord/0.0.78/modules/pending/discord_utils-1.zip: 66%
1/5/2025, 8:32:06 PM GMT+1 [Modules] Streaming discord_utils@1 to /home/arch/.config/discord/0.0.78/modules/pending/discord_utils-1.zip: 67%
1/5/2025, 8:32:06 PM GMT+1 [Modules] Streaming discord_utils@1 to /home/arch/.config/discord/0.0.78/modules/pending/discord_utils-1.zip: 68%
1/5/2025, 8:32:06 PM GMT+1 [Modules] Streaming discord_utils@1 to /home/arch/.config/discord/0.0.78/modules/pending/discord_utils-1.zip: 69%
1/5/2025, 8:32:06 PM GMT+1 [Modules] Streaming discord_utils@1 to /home/arch/.config/discord/0.0.78/modules/pending/discord_utils-1.zip: 70%
1/5/2025, 8:32:06 PM GMT+1 [Modules] Streaming discord_utils@1 to /home/arch/.config/discord/0.0.78/modules/pending/discord_utils-1.zip: 71%
1/5/2025, 8:32:06 PM GMT+1 [Modules] Streaming discord_utils@1 to /home/arch/.config/discord/0.0.78/modules/pending/discord_utils-1.zip: 72%
1/5/2025, 8:32:06 PM GMT+1 [Modules] Streaming discord_utils@1 to /home/arch/.config/discord/0.0.78/modules/pending/discord_utils-1.zip: 73%
1/5/2025, 8:32:06 PM GMT+1 [Modules] Streaming discord_utils@1 to /home/arch/.config/discord/0.0.78/modules/pending/discord_utils-1.zip: 74%
1/5/2025, 8:32:06 PM GMT+1 [Modules] Streaming discord_utils@1 to /home/arch/.config/discord/0.0.78/modules/pending/discord_utils-1.zip: 75%
1/5/2025, 8:32:06 PM GMT+1 [Modules] Streaming discord_utils@1 to /home/arch/.config/discord/0.0.78/modules/pending/discord_utils-1.zip: 76%
1/5/2025, 8:32:06 PM GMT+1 [Modules] Streaming discord_utils@1 to /home/arch/.config/discord/0.0.78/modules/pending/discord_utils-1.zip: 77%
1/5/2025, 8:32:06 PM GMT+1 [Modules] Streaming discord_utils@1 to /home/arch/.config/discord/0.0.78/modules/pending/discord_utils-1.zip: 78%
1/5/2025, 8:32:06 PM GMT+1 [Modules] Streaming discord_utils@1 to /home/arch/.config/discord/0.0.78/modules/pending/discord_utils-1.zip: 79%
1/5/2025, 8:32:06 PM GMT+1 [Modules] Streaming discord_utils@1 to /home/arch/.config/discord/0.0.78/modules/pending/discord_utils-1.zip: 80%
1/5/2025, 8:32:06 PM GMT+1 [Modules] Streaming discord_utils@1 to /home/arch/.config/discord/0.0.78/modules/pending/discord_utils-1.zip: 81%
1/5/2025, 8:32:06 PM GMT+1 [Modules] Streaming discord_utils@1 to /home/arch/.config/discord/0.0.78/modules/pending/discord_utils-1.zip: 82%
1/5/2025, 8:32:06 PM GMT+1 [Modules] Streaming discord_utils@1 to /home/arch/.config/discord/0.0.78/modules/pending/discord_utils-1.zip: 83%
1/5/2025, 8:32:06 PM GMT+1 [Modules] Streaming discord_utils@1 to /home/arch/.config/discord/0.0.78/modules/pending/discord_utils-1.zip: 84%
1/5/2025, 8:32:06 PM GMT+1 [Modules] Streaming discord_utils@1 to /home/arch/.config/discord/0.0.78/modules/pending/discord_utils-1.zip: 85%
1/5/2025, 8:32:06 PM GMT+1 [Modules] Streaming discord_utils@1 to /home/arch/.config/discord/0.0.78/modules/pending/discord_utils-1.zip: 86%
1/5/2025, 8:32:06 PM GMT+1 [Modules] Streaming discord_utils@1 to /home/arch/.config/discord/0.0.78/modules/pending/discord_utils-1.zip: 87%
1/5/2025, 8:32:06 PM GMT+1 [Modules] Streaming discord_utils@1 to /home/arch/.config/discord/0.0.78/modules/pending/discord_utils-1.zip: 88%
1/5/2025, 8:32:06 PM GMT+1 [Modules] Streaming discord_utils@1 to /home/arch/.config/discord/0.0.78/modules/pending/discord_utils-1.zip: 89%
1/5/2025, 8:32:06 PM GMT+1 [Modules] Streaming discord_utils@1 to /home/arch/.config/discord/0.0.78/modules/pending/discord_utils-1.zip: 90%
1/5/2025, 8:32:06 PM GMT+1 [Modules] Streaming discord_utils@1 to /home/arch/.config/discord/0.0.78/modules/pending/discord_utils-1.zip: 91%
1/5/2025, 8:32:06 PM GMT+1 [Modules] Streaming discord_utils@1 to /home/arch/.config/discord/0.0.78/modules/pending/discord_utils-1.zip: 92%
1/5/2025, 8:32:06 PM GMT+1 [Modules] Streaming discord_utils@1 to /home/arch/.config/discord/0.0.78/modules/pending/discord_utils-1.zip: 93%
1/5/2025, 8:32:06 PM GMT+1 [Modules] Streaming discord_utils@1 to /home/arch/.config/discord/0.0.78/modules/pending/discord_utils-1.zip: 94%
1/5/2025, 8:32:06 PM GMT+1 [Modules] Streaming discord_utils@1 to /home/arch/.config/discord/0.0.78/modules/pending/discord_utils-1.zip: 95%
1/5/2025, 8:32:06 PM GMT+1 [Modules] Streaming discord_utils@1 to /home/arch/.config/discord/0.0.78/modules/pending/discord_utils-1.zip: 96%
1/5/2025, 8:32:06 PM GMT+1 [Modules] Streaming discord_utils@1 to /home/arch/.config/discord/0.0.78/modules/pending/discord_utils-1.zip: 97%
1/5/2025, 8:32:06 PM GMT+1 [Modules] Streaming discord_utils@1 to /home/arch/.config/discord/0.0.78/modules/pending/discord_utils-1.zip: 98%
1/5/2025, 8:32:06 PM GMT+1 [Modules] Streaming discord_utils@1 to /home/arch/.config/discord/0.0.78/modules/pending/discord_utils-1.zip: 99%
1/5/2025, 8:32:06 PM GMT+1 [Modules] Streaming discord_utils@1 to /home/arch/.config/discord/0.0.78/modules/pending/discord_utils-1.zip: 100%
1/5/2025, 8:32:06 PM GMT+1 [Modules] Fetching discord_voice@1 from https://discord.com/api/modules/stable/discord_voice/1
1/5/2025, 8:32:06 PM GMT+1 [Modules] Streaming discord_voice@1 to /home/arch/.config/discord/0.0.78/modules/pending/discord_voice-1.zip
1/5/2025, 8:32:06 PM GMT+1 [Modules] Streaming discord_voice@1 to /home/arch/.config/discord/0.0.78/modules/pending/discord_voice-1.zip: 1%
1/5/2025, 8:32:06 PM GMT+1 [Modules] Streaming discord_voice@1 to /home/arch/.config/discord/0.0.78/modules/pending/discord_voice-1.zip: 2%
1/5/2025, 8:32:06 PM GMT+1 [Modules] Streaming discord_voice@1 to /home/arch/.config/discord/0.0.78/modules/pending/discord_voice-1.zip: 3%
1/5/2025, 8:32:07 PM GMT+1 [Modules] Streaming discord_voice@1 to /home/arch/.config/discord/0.0.78/modules/pending/discord_voice-1.zip: 4%
1/5/2025, 8:32:07 PM GMT+1 [Modules] Streaming discord_voice@1 to /home/arch/.config/discord/0.0.78/modules/pending/discord_voice-1.zip: 5%
1/5/2025, 8:32:07 PM GMT+1 [Modules] Streaming discord_voice@1 to /home/arch/.config/discord/0.0.78/modules/pending/discord_voice-1.zip: 6%
1/5/2025, 8:32:07 PM GMT+1 [Modules] Streaming discord_voice@1 to /home/arch/.config/discord/0.0.78/modules/pending/discord_voice-1.zip: 7%
1/5/2025, 8:32:07 PM GMT+1 [Modules] Streaming discord_voice@1 to /home/arch/.config/discord/0.0.78/modules/pending/discord_voice-1.zip: 8%
1/5/2025, 8:32:07 PM GMT+1 [Modules] Streaming discord_voice@1 to /home/arch/.config/discord/0.0.78/modules/pending/discord_voice-1.zip: 9%
1/5/2025, 8:32:07 PM GMT+1 [Modules] Streaming discord_voice@1 to /home/arch/.config/discord/0.0.78/modules/pending/discord_voice-1.zip: 10%
1/5/2025, 8:32:07 PM GMT+1 [Modules] Streaming discord_voice@1 to /home/arch/.config/discord/0.0.78/modules/pending/discord_voice-1.zip: 11%
1/5/2025, 8:32:07 PM GMT+1 [Modules] Streaming discord_voice@1 to /home/arch/.config/discord/0.0.78/modules/pending/discord_voice-1.zip: 12%
1/5/2025, 8:32:07 PM GMT+1 [Modules] Streaming discord_voice@1 to /home/arch/.config/discord/0.0.78/modules/pending/discord_voice-1.zip: 13%
1/5/2025, 8:32:07 PM GMT+1 [Modules] Streaming discord_voice@1 to /home/arch/.config/discord/0.0.78/modules/pending/discord_voice-1.zip: 14%
1/5/2025, 8:32:07 PM GMT+1 [Modules] Streaming discord_voice@1 to /home/arch/.config/discord/0.0.78/modules/pending/discord_voice-1.zip: 15%
1/5/2025, 8:32:07 PM GMT+1 [Modules] Streaming discord_voice@1 to /home/arch/.config/discord/0.0.78/modules/pending/discord_voice-1.zip: 16%
1/5/2025, 8:32:07 PM GMT+1 [Modules] Streaming discord_voice@1 to /home/arch/.config/discord/0.0.78/modules/pending/discord_voice-1.zip: 17%
1/5/2025, 8:32:07 PM GMT+1 [Modules] Streaming discord_voice@1 to /home/arch/.config/discord/0.0.78/modules/pending/discord_voice-1.zip: 18%
1/5/2025, 8:32:07 PM GMT+1 [Modules] Streaming discord_voice@1 to /home/arch/.config/discord/0.0.78/modules/pending/discord_voice-1.zip: 19%
1/5/2025, 8:32:07 PM GMT+1 [Modules] Streaming discord_voice@1 to /home/arch/.config/discord/0.0.78/modules/pending/discord_voice-1.zip: 20%
1/5/2025, 8:32:07 PM GMT+1 [Modules] Streaming discord_voice@1 to /home/arch/.config/discord/0.0.78/modules/pending/discord_voice-1.zip: 21%
1/5/2025, 8:32:07 PM GMT+1 [Modules] Streaming discord_voice@1 to /home/arch/.config/discord/0.0.78/modules/pending/discord_voice-1.zip: 22%
1/5/2025, 8:32:07 PM GMT+1 [Modules] Streaming discord_voice@1 to /home/arch/.config/discord/0.0.78/modules/pending/discord_voice-1.zip: 23%
1/5/2025, 8:32:07 PM GMT+1 [Modules] Streaming discord_voice@1 to /home/arch/.config/discord/0.0.78/modules/pending/discord_voice-1.zip: 24%
1/5/2025, 8:32:07 PM GMT+1 [Modules] Streaming discord_voice@1 to /home/arch/.config/discord/0.0.78/modules/pending/discord_voice-1.zip: 25%
1/5/2025, 8:32:07 PM GMT+1 [Modules] Streaming discord_voice@1 to /home/arch/.config/discord/0.0.78/modules/pending/discord_voice-1.zip: 26%
1/5/2025, 8:32:07 PM GMT+1 [Modules] Streaming discord_voice@1 to /home/arch/.config/discord/0.0.78/modules/pending/discord_voice-1.zip: 27%
1/5/2025, 8:32:07 PM GMT+1 [Modules] Streaming discord_voice@1 to /home/arch/.config/discord/0.0.78/modules/pending/discord_voice-1.zip: 28%
1/5/2025, 8:32:07 PM GMT+1 [Modules] Streaming discord_voice@1 to /home/arch/.config/discord/0.0.78/modules/pending/discord_voice-1.zip: 29%
1/5/2025, 8:32:07 PM GMT+1 [Modules] Streaming discord_voice@1 to /home/arch/.config/discord/0.0.78/modules/pending/discord_voice-1.zip: 30%
1/5/2025, 8:32:07 PM GMT+1 [Modules] Streaming discord_voice@1 to /home/arch/.config/discord/0.0.78/modules/pending/discord_voice-1.zip: 31%
1/5/2025, 8:32:07 PM GMT+1 [Modules] Streaming discord_voice@1 to /home/arch/.config/discord/0.0.78/modules/pending/discord_voice-1.zip: 32%
1/5/2025, 8:32:07 PM GMT+1 [Modules] Streaming discord_voice@1 to /home/arch/.config/discord/0.0.78/modules/pending/discord_voice-1.zip: 33%
1/5/2025, 8:32:07 PM GMT+1 [Modules] Streaming discord_voice@1 to /home/arch/.config/discord/0.0.78/modules/pending/discord_voice-1.zip: 34%
1/5/2025, 8:32:07 PM GMT+1 [Modules] Streaming discord_voice@1 to /home/arch/.config/discord/0.0.78/modules/pending/discord_voice-1.zip: 35%
1/5/2025, 8:32:07 PM GMT+1 [Modules] Streaming discord_voice@1 to /home/arch/.config/discord/0.0.78/modules/pending/discord_voice-1.zip: 36%
1/5/2025, 8:32:07 PM GMT+1 [Modules] Streaming discord_voice@1 to /home/arch/.config/discord/0.0.78/modules/pending/discord_voice-1.zip: 37%
1/5/2025, 8:32:07 PM GMT+1 [Modules] Streaming discord_voice@1 to /home/arch/.config/discord/0.0.78/modules/pending/discord_voice-1.zip: 38%
1/5/2025, 8:32:07 PM GMT+1 [Modules] Streaming discord_voice@1 to /home/arch/.config/discord/0.0.78/modules/pending/discord_voice-1.zip: 39%
1/5/2025, 8:32:07 PM GMT+1 [Modules] Streaming discord_voice@1 to /home/arch/.config/discord/0.0.78/modules/pending/discord_voice-1.zip: 40%
1/5/2025, 8:32:07 PM GMT+1 [Modules] Streaming discord_voice@1 to /home/arch/.config/discord/0.0.78/modules/pending/discord_voice-1.zip: 41%
1/5/2025, 8:32:07 PM GMT+1 [Modules] Streaming discord_voice@1 to /home/arch/.config/discord/0.0.78/modules/pending/discord_voice-1.zip: 42%
1/5/2025, 8:32:07 PM GMT+1 [Modules] Streaming discord_voice@1 to /home/arch/.config/discord/0.0.78/modules/pending/discord_voice-1.zip: 43%
1/5/2025, 8:32:07 PM GMT+1 [Modules] Streaming discord_voice@1 to /home/arch/.config/discord/0.0.78/modules/pending/discord_voice-1.zip: 44%
1/5/2025, 8:32:07 PM GMT+1 [Modules] Streaming discord_voice@1 to /home/arch/.config/discord/0.0.78/modules/pending/discord_voice-1.zip: 45%
1/5/2025, 8:32:07 PM GMT+1 [Modules] Streaming discord_voice@1 to /home/arch/.config/discord/0.0.78/modules/pending/discord_voice-1.zip: 46%
1/5/2025, 8:32:07 PM GMT+1 [Modules] Streaming discord_voice@1 to /home/arch/.config/discord/0.0.78/modules/pending/discord_voice-1.zip: 47%
1/5/2025, 8:32:07 PM GMT+1 [Modules] Streaming discord_voice@1 to /home/arch/.config/discord/0.0.78/modules/pending/discord_voice-1.zip: 48%
1/5/2025, 8:32:07 PM GMT+1 [Modules] Streaming discord_voice@1 to /home/arch/.config/discord/0.0.78/modules/pending/discord_voice-1.zip: 49%
1/5/2025, 8:32:07 PM GMT+1 [Modules] Streaming discord_voice@1 to /home/arch/.config/discord/0.0.78/modules/pending/discord_voice-1.zip: 50%
1/5/2025, 8:32:07 PM GMT+1 [Modules] Streaming discord_voice@1 to /home/arch/.config/discord/0.0.78/modules/pending/discord_voice-1.zip: 51%
1/5/2025, 8:32:07 PM GMT+1 [Modules] Streaming discord_voice@1 to /home/arch/.config/discord/0.0.78/modules/pending/discord_voice-1.zip: 52%
1/5/2025, 8:32:07 PM GMT+1 [Modules] Streaming discord_voice@1 to /home/arch/.config/discord/0.0.78/modules/pending/discord_voice-1.zip: 53%
1/5/2025, 8:32:07 PM GMT+1 [Modules] Streaming discord_voice@1 to /home/arch/.config/discord/0.0.78/modules/pending/discord_voice-1.zip: 54%
1/5/2025, 8:32:08 PM GMT+1 [Modules] Streaming discord_voice@1 to /home/arch/.config/discord/0.0.78/modules/pending/discord_voice-1.zip: 55%
1/5/2025, 8:32:08 PM GMT+1 [Modules] Streaming discord_voice@1 to /home/arch/.config/discord/0.0.78/modules/pending/discord_voice-1.zip: 56%
1/5/2025, 8:32:08 PM GMT+1 [Modules] Streaming discord_voice@1 to /home/arch/.config/discord/0.0.78/modules/pending/discord_voice-1.zip: 57%
1/5/2025, 8:32:08 PM GMT+1 [Modules] Streaming discord_voice@1 to /home/arch/.config/discord/0.0.78/modules/pending/discord_voice-1.zip: 58%
1/5/2025, 8:32:08 PM GMT+1 [Modules] Streaming discord_voice@1 to /home/arch/.config/discord/0.0.78/modules/pending/discord_voice-1.zip: 59%
1/5/2025, 8:32:08 PM GMT+1 [Modules] Streaming discord_voice@1 to /home/arch/.config/discord/0.0.78/modules/pending/discord_voice-1.zip: 60%
1/5/2025, 8:32:08 PM GMT+1 [Modules] Streaming discord_voice@1 to /home/arch/.config/discord/0.0.78/modules/pending/discord_voice-1.zip: 61%
1/5/2025, 8:32:08 PM GMT+1 [Modules] Streaming discord_voice@1 to /home/arch/.config/discord/0.0.78/modules/pending/discord_voice-1.zip: 62%
1/5/2025, 8:32:08 PM GMT+1 [Modules] Streaming discord_voice@1 to /home/arch/.config/discord/0.0.78/modules/pending/discord_voice-1.zip: 63%
1/5/2025, 8:32:08 PM GMT+1 [Modules] Streaming discord_voice@1 to /home/arch/.config/discord/0.0.78/modules/pending/discord_voice-1.zip: 64%
1/5/2025, 8:32:08 PM GMT+1 [Modules] Streaming discord_voice@1 to /home/arch/.config/discord/0.0.78/modules/pending/discord_voice-1.zip: 65%
1/5/2025, 8:32:08 PM GMT+1 [Modules] Streaming discord_voice@1 to /home/arch/.config/discord/0.0.78/modules/pending/discord_voice-1.zip: 66%
1/5/2025, 8:32:08 PM GMT+1 [Modules] Streaming discord_voice@1 to /home/arch/.config/discord/0.0.78/modules/pending/discord_voice-1.zip: 67%
1/5/2025, 8:32:08 PM GMT+1 [Modules] Streaming discord_voice@1 to /home/arch/.config/discord/0.0.78/modules/pending/discord_voice-1.zip: 68%
1/5/2025, 8:32:08 PM GMT+1 [Modules] Streaming discord_voice@1 to /home/arch/.config/discord/0.0.78/modules/pending/discord_voice-1.zip: 69%
1/5/2025, 8:32:08 PM GMT+1 [Modules] Streaming discord_voice@1 to /home/arch/.config/discord/0.0.78/modules/pending/discord_voice-1.zip: 70%
1/5/2025, 8:32:08 PM GMT+1 [Modules] Streaming discord_voice@1 to /home/arch/.config/discord/0.0.78/modules/pending/discord_voice-1.zip: 71%
1/5/2025, 8:32:08 PM GMT+1 [Modules] Streaming discord_voice@1 to /home/arch/.config/discord/0.0.78/modules/pending/discord_voice-1.zip: 72%
1/5/2025, 8:32:08 PM GMT+1 [Modules] Streaming discord_voice@1 to /home/arch/.config/discord/0.0.78/modules/pending/discord_voice-1.zip: 73%
1/5/2025, 8:32:08 PM GMT+1 [Modules] Streaming discord_voice@1 to /home/arch/.config/discord/0.0.78/modules/pending/discord_voice-1.zip: 74%
1/5/2025, 8:32:08 PM GMT+1 [Modules] Streaming discord_voice@1 to /home/arch/.config/discord/0.0.78/modules/pending/discord_voice-1.zip: 75%
1/5/2025, 8:32:08 PM GMT+1 [Modules] Streaming discord_voice@1 to /home/arch/.config/discord/0.0.78/modules/pending/discord_voice-1.zip: 76%
1/5/2025, 8:32:08 PM GMT+1 [Modules] Streaming discord_voice@1 to /home/arch/.config/discord/0.0.78/modules/pending/discord_voice-1.zip: 77%
1/5/2025, 8:32:08 PM GMT+1 [Modules] Streaming discord_voice@1 to /home/arch/.config/discord/0.0.78/modules/pending/discord_voice-1.zip: 78%
1/5/2025, 8:32:08 PM GMT+1 [Modules] Streaming discord_voice@1 to /home/arch/.config/discord/0.0.78/modules/pending/discord_voice-1.zip: 79%
1/5/2025, 8:32:08 PM GMT+1 [Modules] Streaming discord_voice@1 to /home/arch/.config/discord/0.0.78/modules/pending/discord_voice-1.zip: 80%
1/5/2025, 8:32:08 PM GMT+1 [Modules] Streaming discord_voice@1 to /home/arch/.config/discord/0.0.78/modules/pending/discord_voice-1.zip: 81%
1/5/2025, 8:32:08 PM GMT+1 [Modules] Streaming discord_voice@1 to /home/arch/.config/discord/0.0.78/modules/pending/discord_voice-1.zip: 82%
1/5/2025, 8:32:08 PM GMT+1 [Modules] Streaming discord_voice@1 to /home/arch/.config/discord/0.0.78/modules/pending/discord_voice-1.zip: 83%
1/5/2025, 8:32:08 PM GMT+1 [Modules] Streaming discord_voice@1 to /home/arch/.config/discord/0.0.78/modules/pending/discord_voice-1.zip: 84%
1/5/2025, 8:32:08 PM GMT+1 [Modules] Streaming discord_voice@1 to /home/arch/.config/discord/0.0.78/modules/pending/discord_voice-1.zip: 85%
1/5/2025, 8:32:08 PM GMT+1 [Modules] Streaming discord_voice@1 to /home/arch/.config/discord/0.0.78/modules/pending/discord_voice-1.zip: 86%
1/5/2025, 8:32:08 PM GMT+1 [Modules] Streaming discord_voice@1 to /home/arch/.config/discord/0.0.78/modules/pending/discord_voice-1.zip: 87%
1/5/2025, 8:32:08 PM GMT+1 [Modules] Streaming discord_voice@1 to /home/arch/.config/discord/0.0.78/modules/pending/discord_voice-1.zip: 88%
1/5/2025, 8:32:08 PM GMT+1 [Modules] Streaming discord_voice@1 to /home/arch/.config/discord/0.0.78/modules/pending/discord_voice-1.zip: 89%
1/5/2025, 8:32:08 PM GMT+1 [Modules] Streaming discord_voice@1 to /home/arch/.config/discord/0.0.78/modules/pending/discord_voice-1.zip: 90%
1/5/2025, 8:32:08 PM GMT+1 [Modules] Streaming discord_voice@1 to /home/arch/.config/discord/0.0.78/modules/pending/discord_voice-1.zip: 91%
1/5/2025, 8:32:08 PM GMT+1 [Modules] Streaming discord_voice@1 to /home/arch/.config/discord/0.0.78/modules/pending/discord_voice-1.zip: 92%
1/5/2025, 8:32:08 PM GMT+1 [Modules] Streaming discord_voice@1 to /home/arch/.config/discord/0.0.78/modules/pending/discord_voice-1.zip: 93%
1/5/2025, 8:32:08 PM GMT+1 [Modules] Streaming discord_voice@1 to /home/arch/.config/discord/0.0.78/modules/pending/discord_voice-1.zip: 94%
1/5/2025, 8:32:08 PM GMT+1 [Modules] Streaming discord_voice@1 to /home/arch/.config/discord/0.0.78/modules/pending/discord_voice-1.zip: 95%
1/5/2025, 8:32:08 PM GMT+1 [Modules] Streaming discord_voice@1 to /home/arch/.config/discord/0.0.78/modules/pending/discord_voice-1.zip: 96%
1/5/2025, 8:32:08 PM GMT+1 [Modules] Streaming discord_voice@1 to /home/arch/.config/discord/0.0.78/modules/pending/discord_voice-1.zip: 97%
1/5/2025, 8:32:08 PM GMT+1 [Modules] Streaming discord_voice@1 to /home/arch/.config/discord/0.0.78/modules/pending/discord_voice-1.zip: 98%
1/5/2025, 8:32:08 PM GMT+1 [Modules] Streaming discord_voice@1 to /home/arch/.config/discord/0.0.78/modules/pending/discord_voice-1.zip: 99%
1/5/2025, 8:32:08 PM GMT+1 [Modules] Streaming discord_voice@1 to /home/arch/.config/discord/0.0.78/modules/pending/discord_voice-1.zip: 100%
1/5/2025, 8:32:08 PM GMT+1 [Modules] Fetching discord_zstd@1 from https://discord.com/api/modules/stable/discord_zstd/1
1/5/2025, 8:32:08 PM GMT+1 [Modules] Streaming discord_zstd@1 to /home/arch/.config/discord/0.0.78/modules/pending/discord_zstd-1.zip
1/5/2025, 8:32:09 PM GMT+1 [Modules] Streaming discord_zstd@1 to /home/arch/.config/discord/0.0.78/modules/pending/discord_zstd-1.zip: 1%
1/5/2025, 8:32:09 PM GMT+1 [Modules] Streaming discord_zstd@1 to /home/arch/.config/discord/0.0.78/modules/pending/discord_zstd-1.zip: 3%
1/5/2025, 8:32:09 PM GMT+1 [Modules] Streaming discord_zstd@1 to /home/arch/.config/discord/0.0.78/modules/pending/discord_zstd-1.zip: 5%
1/5/2025, 8:32:09 PM GMT+1 [Modules] Streaming discord_zstd@1 to /home/arch/.config/discord/0.0.78/modules/pending/discord_zstd-1.zip: 6%
1/5/2025, 8:32:09 PM GMT+1 [Modules] Streaming discord_zstd@1 to /home/arch/.config/discord/0.0.78/modules/pending/discord_zstd-1.zip: 7%
1/5/2025, 8:32:09 PM GMT+1 [Modules] Streaming discord_zstd@1 to /home/arch/.config/discord/0.0.78/modules/pending/discord_zstd-1.zip: 8%
1/5/2025, 8:32:09 PM GMT+1 [Modules] Streaming discord_zstd@1 to /home/arch/.config/discord/0.0.78/modules/pending/discord_zstd-1.zip: 9%
1/5/2025, 8:32:09 PM GMT+1 [Modules] Streaming discord_zstd@1 to /home/arch/.config/discord/0.0.78/modules/pending/discord_zstd-1.zip: 10%
1/5/2025, 8:32:09 PM GMT+1 [Modules] Streaming discord_zstd@1 to /home/arch/.config/discord/0.0.78/modules/pending/discord_zstd-1.zip: 13%
1/5/2025, 8:32:09 PM GMT+1 [Modules] Streaming discord_zstd@1 to /home/arch/.config/discord/0.0.78/modules/pending/discord_zstd-1.zip: 14%
1/5/2025, 8:32:09 PM GMT+1 [Modules] Streaming discord_zstd@1 to /home/arch/.config/discord/0.0.78/modules/pending/discord_zstd-1.zip: 16%
1/5/2025, 8:32:09 PM GMT+1 [Modules] Streaming discord_zstd@1 to /home/arch/.config/discord/0.0.78/modules/pending/discord_zstd-1.zip: 17%
1/5/2025, 8:32:09 PM GMT+1 [Modules] Streaming discord_zstd@1 to /home/arch/.config/discord/0.0.78/modules/pending/discord_zstd-1.zip: 18%
1/5/2025, 8:32:09 PM GMT+1 [Modules] Streaming discord_zstd@1 to /home/arch/.config/discord/0.0.78/modules/pending/discord_zstd-1.zip: 20%
1/5/2025, 8:32:09 PM GMT+1 [Modules] Streaming discord_zstd@1 to /home/arch/.config/discord/0.0.78/modules/pending/discord_zstd-1.zip: 21%
1/5/2025, 8:32:09 PM GMT+1 [Modules] Streaming discord_zstd@1 to /home/arch/.config/discord/0.0.78/modules/pending/discord_zstd-1.zip: 22%
1/5/2025, 8:32:09 PM GMT+1 [Modules] Streaming discord_zstd@1 to /home/arch/.config/discord/0.0.78/modules/pending/discord_zstd-1.zip: 23%
1/5/2025, 8:32:09 PM GMT+1 [Modules] Streaming discord_zstd@1 to /home/arch/.config/discord/0.0.78/modules/pending/discord_zstd-1.zip: 24%
1/5/2025, 8:32:09 PM GMT+1 [Modules] Streaming discord_zstd@1 to /home/arch/.config/discord/0.0.78/modules/pending/discord_zstd-1.zip: 25%
1/5/2025, 8:32:09 PM GMT+1 [Modules] Streaming discord_zstd@1 to /home/arch/.config/discord/0.0.78/modules/pending/discord_zstd-1.zip: 27%
1/5/2025, 8:32:09 PM GMT+1 [Modules] Streaming discord_zstd@1 to /home/arch/.config/discord/0.0.78/modules/pending/discord_zstd-1.zip: 28%
1/5/2025, 8:32:09 PM GMT+1 [Modules] Streaming discord_zstd@1 to /home/arch/.config/discord/0.0.78/modules/pending/discord_zstd-1.zip: 29%
1/5/2025, 8:32:09 PM GMT+1 [Modules] Streaming discord_zstd@1 to /home/arch/.config/discord/0.0.78/modules/pending/discord_zstd-1.zip: 31%
1/5/2025, 8:32:09 PM GMT+1 [Modules] Streaming discord_zstd@1 to /home/arch/.config/discord/0.0.78/modules/pending/discord_zstd-1.zip: 32%
1/5/2025, 8:32:09 PM GMT+1 [Modules] Streaming discord_zstd@1 to /home/arch/.config/discord/0.0.78/modules/pending/discord_zstd-1.zip: 33%
1/5/2025, 8:32:09 PM GMT+1 [Modules] Streaming discord_zstd@1 to /home/arch/.config/discord/0.0.78/modules/pending/discord_zstd-1.zip: 35%
1/5/2025, 8:32:09 PM GMT+1 [Modules] Streaming discord_zstd@1 to /home/arch/.config/discord/0.0.78/modules/pending/discord_zstd-1.zip: 36%
1/5/2025, 8:32:09 PM GMT+1 [Modules] Streaming discord_zstd@1 to /home/arch/.config/discord/0.0.78/modules/pending/discord_zstd-1.zip: 37%
1/5/2025, 8:32:09 PM GMT+1 [Modules] Streaming discord_zstd@1 to /home/arch/.config/discord/0.0.78/modules/pending/discord_zstd-1.zip: 39%
1/5/2025, 8:32:09 PM GMT+1 [Modules] Streaming discord_zstd@1 to /home/arch/.config/discord/0.0.78/modules/pending/discord_zstd-1.zip: 40%
1/5/2025, 8:32:09 PM GMT+1 [Modules] Streaming discord_zstd@1 to /home/arch/.config/discord/0.0.78/modules/pending/discord_zstd-1.zip: 41%
1/5/2025, 8:32:09 PM GMT+1 [Modules] Streaming discord_zstd@1 to /home/arch/.config/discord/0.0.78/modules/pending/discord_zstd-1.zip: 43%
1/5/2025, 8:32:09 PM GMT+1 [Modules] Streaming discord_zstd@1 to /home/arch/.config/discord/0.0.78/modules/pending/discord_zstd-1.zip: 44%
1/5/2025, 8:32:09 PM GMT+1 [Modules] Streaming discord_zstd@1 to /home/arch/.config/discord/0.0.78/modules/pending/discord_zstd-1.zip: 45%
1/5/2025, 8:32:09 PM GMT+1 [Modules] Streaming discord_zstd@1 to /home/arch/.config/discord/0.0.78/modules/pending/discord_zstd-1.zip: 46%
1/5/2025, 8:32:09 PM GMT+1 [Modules] Streaming discord_zstd@1 to /home/arch/.config/discord/0.0.78/modules/pending/discord_zstd-1.zip: 48%
1/5/2025, 8:32:09 PM GMT+1 [Modules] Streaming discord_zstd@1 to /home/arch/.config/discord/0.0.78/modules/pending/discord_zstd-1.zip: 50%
1/5/2025, 8:32:09 PM GMT+1 [Modules] Streaming discord_zstd@1 to /home/arch/.config/discord/0.0.78/modules/pending/discord_zstd-1.zip: 51%
1/5/2025, 8:32:09 PM GMT+1 [Modules] Streaming discord_zstd@1 to /home/arch/.config/discord/0.0.78/modules/pending/discord_zstd-1.zip: 52%
1/5/2025, 8:32:09 PM GMT+1 [Modules] Streaming discord_zstd@1 to /home/arch/.config/discord/0.0.78/modules/pending/discord_zstd-1.zip: 54%
1/5/2025, 8:32:09 PM GMT+1 [Modules] Streaming discord_zstd@1 to /home/arch/.config/discord/0.0.78/modules/pending/discord_zstd-1.zip: 56%
1/5/2025, 8:32:09 PM GMT+1 [Modules] Streaming discord_zstd@1 to /home/arch/.config/discord/0.0.78/modules/pending/discord_zstd-1.zip: 57%
1/5/2025, 8:32:09 PM GMT+1 [Modules] Streaming discord_zstd@1 to /home/arch/.config/discord/0.0.78/modules/pending/discord_zstd-1.zip: 58%
1/5/2025, 8:32:09 PM GMT+1 [Modules] Streaming discord_zstd@1 to /home/arch/.config/discord/0.0.78/modules/pending/discord_zstd-1.zip: 59%
1/5/2025, 8:32:09 PM GMT+1 [Modules] Streaming discord_zstd@1 to /home/arch/.config/discord/0.0.78/modules/pending/discord_zstd-1.zip: 61%
1/5/2025, 8:32:09 PM GMT+1 [Modules] Streaming discord_zstd@1 to /home/arch/.config/discord/0.0.78/modules/pending/discord_zstd-1.zip: 62%
1/5/2025, 8:32:09 PM GMT+1 [Modules] Streaming discord_zstd@1 to /home/arch/.config/discord/0.0.78/modules/pending/discord_zstd-1.zip: 63%
1/5/2025, 8:32:09 PM GMT+1 [Modules] Streaming discord_zstd@1 to /home/arch/.config/discord/0.0.78/modules/pending/discord_zstd-1.zip: 65%
1/5/2025, 8:32:09 PM GMT+1 [Modules] Streaming discord_zstd@1 to /home/arch/.config/discord/0.0.78/modules/pending/discord_zstd-1.zip: 67%
1/5/2025, 8:32:09 PM GMT+1 [Modules] Streaming discord_zstd@1 to /home/arch/.config/discord/0.0.78/modules/pending/discord_zstd-1.zip: 69%
1/5/2025, 8:32:09 PM GMT+1 [Modules] Streaming discord_zstd@1 to /home/arch/.config/discord/0.0.78/modules/pending/discord_zstd-1.zip: 70%
1/5/2025, 8:32:09 PM GMT+1 [Modules] Streaming discord_zstd@1 to /home/arch/.config/discord/0.0.78/modules/pending/discord_zstd-1.zip: 72%
1/5/2025, 8:32:09 PM GMT+1 [Modules] Streaming discord_zstd@1 to /home/arch/.config/discord/0.0.78/modules/pending/discord_zstd-1.zip: 74%
1/5/2025, 8:32:09 PM GMT+1 [Modules] Streaming discord_zstd@1 to /home/arch/.config/discord/0.0.78/modules/pending/discord_zstd-1.zip: 76%
1/5/2025, 8:32:09 PM GMT+1 [Modules] Streaming discord_zstd@1 to /home/arch/.config/discord/0.0.78/modules/pending/discord_zstd-1.zip: 78%
1/5/2025, 8:32:09 PM GMT+1 [Modules] Streaming discord_zstd@1 to /home/arch/.config/discord/0.0.78/modules/pending/discord_zstd-1.zip: 79%
1/5/2025, 8:32:09 PM GMT+1 [Modules] Streaming discord_zstd@1 to /home/arch/.config/discord/0.0.78/modules/pending/discord_zstd-1.zip: 82%
1/5/2025, 8:32:09 PM GMT+1 [Modules] Streaming discord_zstd@1 to /home/arch/.config/discord/0.0.78/modules/pending/discord_zstd-1.zip: 83%
1/5/2025, 8:32:09 PM GMT+1 [Modules] Streaming discord_zstd@1 to /home/arch/.config/discord/0.0.78/modules/pending/discord_zstd-1.zip: 85%
1/5/2025, 8:32:09 PM GMT+1 [Modules] Streaming discord_zstd@1 to /home/arch/.config/discord/0.0.78/modules/pending/discord_zstd-1.zip: 86%
1/5/2025, 8:32:09 PM GMT+1 [Modules] Streaming discord_zstd@1 to /home/arch/.config/discord/0.0.78/modules/pending/discord_zstd-1.zip: 87%
1/5/2025, 8:32:09 PM GMT+1 [Modules] Streaming discord_zstd@1 to /home/arch/.config/discord/0.0.78/modules/pending/discord_zstd-1.zip: 88%
1/5/2025, 8:32:09 PM GMT+1 [Modules] Streaming discord_zstd@1 to /home/arch/.config/discord/0.0.78/modules/pending/discord_zstd-1.zip: 90%
1/5/2025, 8:32:09 PM GMT+1 [Modules] Streaming discord_zstd@1 to /home/arch/.config/discord/0.0.78/modules/pending/discord_zstd-1.zip: 91%
1/5/2025, 8:32:09 PM GMT+1 [Modules] Streaming discord_zstd@1 to /home/arch/.config/discord/0.0.78/modules/pending/discord_zstd-1.zip: 93%
1/5/2025, 8:32:09 PM GMT+1 [Modules] Streaming discord_zstd@1 to /home/arch/.config/discord/0.0.78/modules/pending/discord_zstd-1.zip: 94%
1/5/2025, 8:32:09 PM GMT+1 [Modules] Streaming discord_zstd@1 to /home/arch/.config/discord/0.0.78/modules/pending/discord_zstd-1.zip: 95%
1/5/2025, 8:32:09 PM GMT+1 [Modules] Streaming discord_zstd@1 to /home/arch/.config/discord/0.0.78/modules/pending/discord_zstd-1.zip: 97%
1/5/2025, 8:32:09 PM GMT+1 [Modules] Streaming discord_zstd@1 to /home/arch/.config/discord/0.0.78/modules/pending/discord_zstd-1.zip: 99%
1/5/2025, 8:32:09 PM GMT+1 [Modules] Streaming discord_zstd@1 to /home/arch/.config/discord/0.0.78/modules/pending/discord_zstd-1.zip: 100%
1/5/2025, 8:32:09 PM GMT+1 [Modules] Finished module downloads. [success: 6] [failure: 0]
1/5/2025, 8:32:09 PM GMT+1 [Modules] Installing updates...
1/5/2025, 8:32:09 PM GMT+1 [Modules] Installing discord_desktop_core@1 from /home/arch/.config/discord/0.0.78/modules/pending/discord_desktop_core-1.zip
1/5/2025, 8:32:09 PM GMT+1 [Modules] Installing discord_erlpack@1 from /home/arch/.config/discord/0.0.78/modules/pending/discord_erlpack-1.zip
1/5/2025, 8:32:09 PM GMT+1 [Modules] Installing discord_spellcheck@1 from /home/arch/.config/discord/0.0.78/modules/pending/discord_spellcheck-1.zip
1/5/2025, 8:32:09 PM GMT+1 [Modules] Installing discord_utils@1 from /home/arch/.config/discord/0.0.78/modules/pending/discord_utils-1.zip
1/5/2025, 8:32:09 PM GMT+1 [Modules] Installing discord_voice@1 from /home/arch/.config/discord/0.0.78/modules/pending/discord_voice-1.zip
1/5/2025, 8:32:10 PM GMT+1 [Modules] Installing discord_zstd@1 from /home/arch/.config/discord/0.0.78/modules/pending/discord_zstd-1.zip
1/5/2025, 8:32:10 PM GMT+1 [Modules] Finished module installations. [success: 6] [failure: 0]
1/5/2025, 8:32:10 PM GMT+1 [Modules] Checking for host updates.
1/5/2025, 8:32:10 PM GMT+1 [Modules] Host is up to date.
1/5/2025, 8:32:10 PM GMT+1 [Modules] Checking for module updates at https://discord.com/api/modules/stable/versions.json
1/5/2025, 8:32:10 PM GMT+1 [Modules] No module updates available.
1/5/2025, 8:32:12 PM GMT+1 [Modules] Starting to install discord_krisp...
1/5/2025, 8:32:12 PM GMT+1 [Modules] Fetching discord_krisp@1 from https://discord.com/api/modules/stable/discord_krisp/1
1/5/2025, 8:32:12 PM GMT+1 [Modules] Streaming discord_krisp@1 to /home/arch/.config/discord/0.0.78/modules/pending/discord_krisp-1.zip
1/5/2025, 8:32:12 PM GMT+1 [Modules] Starting to install discord_game_utils...
1/5/2025, 8:32:12 PM GMT+1 [Modules] Streaming discord_krisp@1 to /home/arch/.config/discord/0.0.78/modules/pending/discord_krisp-1.zip: 1%
1/5/2025, 8:32:12 PM GMT+1 [Modules] Streaming discord_krisp@1 to /home/arch/.config/discord/0.0.78/modules/pending/discord_krisp-1.zip: 2%
1/5/2025, 8:32:12 PM GMT+1 [Modules] Streaming discord_krisp@1 to /home/arch/.config/discord/0.0.78/modules/pending/discord_krisp-1.zip: 3%
1/5/2025, 8:32:12 PM GMT+1 [Modules] Streaming discord_krisp@1 to /home/arch/.config/discord/0.0.78/modules/pending/discord_krisp-1.zip: 4%
1/5/2025, 8:32:12 PM GMT+1 [Modules] Streaming discord_krisp@1 to /home/arch/.config/discord/0.0.78/modules/pending/discord_krisp-1.zip: 5%
1/5/2025, 8:32:12 PM GMT+1 [Modules] Streaming discord_krisp@1 to /home/arch/.config/discord/0.0.78/modules/pending/discord_krisp-1.zip: 6%
1/5/2025, 8:32:12 PM GMT+1 [Modules] Streaming discord_krisp@1 to /home/arch/.config/discord/0.0.78/modules/pending/discord_krisp-1.zip: 7%
1/5/2025, 8:32:12 PM GMT+1 [Modules] Streaming discord_krisp@1 to /home/arch/.config/discord/0.0.78/modules/pending/discord_krisp-1.zip: 8%
1/5/2025, 8:32:12 PM GMT+1 [Modules] Streaming discord_krisp@1 to /home/arch/.config/discord/0.0.78/modules/pending/discord_krisp-1.zip: 9%
1/5/2025, 8:32:12 PM GMT+1 [Modules] Streaming discord_krisp@1 to /home/arch/.config/discord/0.0.78/modules/pending/discord_krisp-1.zip: 10%
1/5/2025, 8:32:12 PM GMT+1 [Modules] Streaming discord_krisp@1 to /home/arch/.config/discord/0.0.78/modules/pending/discord_krisp-1.zip: 11%
1/5/2025, 8:32:12 PM GMT+1 [Modules] Streaming discord_krisp@1 to /home/arch/.config/discord/0.0.78/modules/pending/discord_krisp-1.zip: 12%
1/5/2025, 8:32:12 PM GMT+1 [Modules] Streaming discord_krisp@1 to /home/arch/.config/discord/0.0.78/modules/pending/discord_krisp-1.zip: 13%
1/5/2025, 8:32:12 PM GMT+1 [Modules] Streaming discord_krisp@1 to /home/arch/.config/discord/0.0.78/modules/pending/discord_krisp-1.zip: 14%
1/5/2025, 8:32:12 PM GMT+1 [Modules] Streaming discord_krisp@1 to /home/arch/.config/discord/0.0.78/modules/pending/discord_krisp-1.zip: 15%
1/5/2025, 8:32:12 PM GMT+1 [Modules] Streaming discord_krisp@1 to /home/arch/.config/discord/0.0.78/modules/pending/discord_krisp-1.zip: 16%
1/5/2025, 8:32:12 PM GMT+1 [Modules] Streaming discord_krisp@1 to /home/arch/.config/discord/0.0.78/modules/pending/discord_krisp-1.zip: 17%
1/5/2025, 8:32:12 PM GMT+1 [Modules] Streaming discord_krisp@1 to /home/arch/.config/discord/0.0.78/modules/pending/discord_krisp-1.zip: 18%
1/5/2025, 8:32:12 PM GMT+1 [Modules] Streaming discord_krisp@1 to /home/arch/.config/discord/0.0.78/modules/pending/discord_krisp-1.zip: 19%
1/5/2025, 8:32:12 PM GMT+1 [Modules] Streaming discord_krisp@1 to /home/arch/.config/discord/0.0.78/modules/pending/discord_krisp-1.zip: 20%
1/5/2025, 8:32:12 PM GMT+1 [Modules] Streaming discord_krisp@1 to /home/arch/.config/discord/0.0.78/modules/pending/discord_krisp-1.zip: 21%
1/5/2025, 8:32:12 PM GMT+1 [Modules] Streaming discord_krisp@1 to /home/arch/.config/discord/0.0.78/modules/pending/discord_krisp-1.zip: 22%
1/5/2025, 8:32:12 PM GMT+1 [Modules] Streaming discord_krisp@1 to /home/arch/.config/discord/0.0.78/modules/pending/discord_krisp-1.zip: 23%
1/5/2025, 8:32:12 PM GMT+1 [Modules] Streaming discord_krisp@1 to /home/arch/.config/discord/0.0.78/modules/pending/discord_krisp-1.zip: 24%
1/5/2025, 8:32:12 PM GMT+1 [Modules] Streaming discord_krisp@1 to /home/arch/.config/discord/0.0.78/modules/pending/discord_krisp-1.zip: 25%
1/5/2025, 8:32:12 PM GMT+1 [Modules] Streaming discord_krisp@1 to /home/arch/.config/discord/0.0.78/modules/pending/discord_krisp-1.zip: 26%
1/5/2025, 8:32:12 PM GMT+1 [Modules] Streaming discord_krisp@1 to /home/arch/.config/discord/0.0.78/modules/pending/discord_krisp-1.zip: 27%
1/5/2025, 8:32:12 PM GMT+1 [Modules] Streaming discord_krisp@1 to /home/arch/.config/discord/0.0.78/modules/pending/discord_krisp-1.zip: 28%
1/5/2025, 8:32:12 PM GMT+1 [Modules] Streaming discord_krisp@1 to /home/arch/.config/discord/0.0.78/modules/pending/discord_krisp-1.zip: 29%
1/5/2025, 8:32:12 PM GMT+1 [Modules] Streaming discord_krisp@1 to /home/arch/.config/discord/0.0.78/modules/pending/discord_krisp-1.zip: 30%
1/5/2025, 8:32:13 PM GMT+1 [Modules] Streaming discord_krisp@1 to /home/arch/.config/discord/0.0.78/modules/pending/discord_krisp-1.zip: 31%
1/5/2025, 8:32:13 PM GMT+1 [Modules] Streaming discord_krisp@1 to /home/arch/.config/discord/0.0.78/modules/pending/discord_krisp-1.zip: 32%
1/5/2025, 8:32:13 PM GMT+1 [Modules] Streaming discord_krisp@1 to /home/arch/.config/discord/0.0.78/modules/pending/discord_krisp-1.zip: 33%
1/5/2025, 8:32:13 PM GMT+1 [Modules] Streaming discord_krisp@1 to /home/arch/.config/discord/0.0.78/modules/pending/discord_krisp-1.zip: 34%
1/5/2025, 8:32:13 PM GMT+1 [Modules] Streaming discord_krisp@1 to /home/arch/.config/discord/0.0.78/modules/pending/discord_krisp-1.zip: 35%
1/5/2025, 8:32:13 PM GMT+1 [Modules] Streaming discord_krisp@1 to /home/arch/.config/discord/0.0.78/modules/pending/discord_krisp-1.zip: 36%
1/5/2025, 8:32:13 PM GMT+1 [Modules] Streaming discord_krisp@1 to /home/arch/.config/discord/0.0.78/modules/pending/discord_krisp-1.zip: 37%
1/5/2025, 8:32:13 PM GMT+1 [Modules] Streaming discord_krisp@1 to /home/arch/.config/discord/0.0.78/modules/pending/discord_krisp-1.zip: 38%
1/5/2025, 8:32:13 PM GMT+1 [Modules] Streaming discord_krisp@1 to /home/arch/.config/discord/0.0.78/modules/pending/discord_krisp-1.zip: 39%
1/5/2025, 8:32:13 PM GMT+1 [Modules] Streaming discord_krisp@1 to /home/arch/.config/discord/0.0.78/modules/pending/discord_krisp-1.zip: 40%
1/5/2025, 8:32:13 PM GMT+1 [Modules] Streaming discord_krisp@1 to /home/arch/.config/discord/0.0.78/modules/pending/discord_krisp-1.zip: 41%
1/5/2025, 8:32:13 PM GMT+1 [Modules] Streaming discord_krisp@1 to /home/arch/.config/discord/0.0.78/modules/pending/discord_krisp-1.zip: 42%
1/5/2025, 8:32:13 PM GMT+1 [Modules] Streaming discord_krisp@1 to /home/arch/.config/discord/0.0.78/modules/pending/discord_krisp-1.zip: 43%
1/5/2025, 8:32:13 PM GMT+1 [Modules] Streaming discord_krisp@1 to /home/arch/.config/discord/0.0.78/modules/pending/discord_krisp-1.zip: 44%
1/5/2025, 8:32:13 PM GMT+1 [Modules] Streaming discord_krisp@1 to /home/arch/.config/discord/0.0.78/modules/pending/discord_krisp-1.zip: 45%
1/5/2025, 8:32:13 PM GMT+1 [Modules] Streaming discord_krisp@1 to /home/arch/.config/discord/0.0.78/modules/pending/discord_krisp-1.zip: 46%
1/5/2025, 8:32:13 PM GMT+1 [Modules] Streaming discord_krisp@1 to /home/arch/.config/discord/0.0.78/modules/pending/discord_krisp-1.zip: 47%
1/5/2025, 8:32:13 PM GMT+1 [Modules] Streaming discord_krisp@1 to /home/arch/.config/discord/0.0.78/modules/pending/discord_krisp-1.zip: 48%
1/5/2025, 8:32:13 PM GMT+1 [Modules] Streaming discord_krisp@1 to /home/arch/.config/discord/0.0.78/modules/pending/discord_krisp-1.zip: 49%
1/5/2025, 8:32:13 PM GMT+1 [Modules] Streaming discord_krisp@1 to /home/arch/.config/discord/0.0.78/modules/pending/discord_krisp-1.zip: 50%
1/5/2025, 8:32:13 PM GMT+1 [Modules] Streaming discord_krisp@1 to /home/arch/.config/discord/0.0.78/modules/pending/discord_krisp-1.zip: 51%
1/5/2025, 8:32:13 PM GMT+1 [Modules] Checking for host updates.
1/5/2025, 8:32:13 PM GMT+1 [Modules] Streaming discord_krisp@1 to /home/arch/.config/discord/0.0.78/modules/pending/discord_krisp-1.zip: 52%
1/5/2025, 8:32:13 PM GMT+1 [Modules] Streaming discord_krisp@1 to /home/arch/.config/discord/0.0.78/modules/pending/discord_krisp-1.zip: 53%
1/5/2025, 8:32:13 PM GMT+1 [Modules] Streaming discord_krisp@1 to /home/arch/.config/discord/0.0.78/modules/pending/discord_krisp-1.zip: 54%
1/5/2025, 8:32:13 PM GMT+1 [Modules] Starting to install discord_rpc...
1/5/2025, 8:32:13 PM GMT+1 [Modules] Streaming discord_krisp@1 to /home/arch/.config/discord/0.0.78/modules/pending/discord_krisp-1.zip: 55%
1/5/2025, 8:32:13 PM GMT+1 [Modules] Streaming discord_krisp@1 to /home/arch/.config/discord/0.0.78/modules/pending/discord_krisp-1.zip: 56%
1/5/2025, 8:32:13 PM GMT+1 [Modules] Streaming discord_krisp@1 to /home/arch/.config/discord/0.0.78/modules/pending/discord_krisp-1.zip: 57%
1/5/2025, 8:32:13 PM GMT+1 [Modules] Streaming discord_krisp@1 to /home/arch/.config/discord/0.0.78/modules/pending/discord_krisp-1.zip: 58%
1/5/2025, 8:32:13 PM GMT+1 [Modules] Streaming discord_krisp@1 to /home/arch/.config/discord/0.0.78/modules/pending/discord_krisp-1.zip: 59%
1/5/2025, 8:32:13 PM GMT+1 [Modules] Streaming discord_krisp@1 to /home/arch/.config/discord/0.0.78/modules/pending/discord_krisp-1.zip: 60%
1/5/2025, 8:32:13 PM GMT+1 [Modules] Streaming discord_krisp@1 to /home/arch/.config/discord/0.0.78/modules/pending/discord_krisp-1.zip: 61%
1/5/2025, 8:32:13 PM GMT+1 [Modules] Host is up to date.
1/5/2025, 8:32:13 PM GMT+1 [Modules] Checking for module updates at https://discord.com/api/modules/stable/versions.json
1/5/2025, 8:32:13 PM GMT+1 [Modules] No module updates available.
1/5/2025, 8:32:13 PM GMT+1 [Modules] Streaming discord_krisp@1 to /home/arch/.config/discord/0.0.78/modules/pending/discord_krisp-1.zip: 62%
1/5/2025, 8:32:13 PM GMT+1 [Modules] Streaming discord_krisp@1 to /home/arch/.config/discord/0.0.78/modules/pending/discord_krisp-1.zip: 63%
1/5/2025, 8:32:13 PM GMT+1 [Modules] Streaming discord_krisp@1 to /home/arch/.config/discord/0.0.78/modules/pending/discord_krisp-1.zip: 64%
1/5/2025, 8:32:13 PM GMT+1 [Modules] Streaming discord_krisp@1 to /home/arch/.config/discord/0.0.78/modules/pending/discord_krisp-1.zip: 65%
1/5/2025, 8:32:13 PM GMT+1 [Modules] Streaming discord_krisp@1 to /home/arch/.config/discord/0.0.78/modules/pending/discord_krisp-1.zip: 66%
1/5/2025, 8:32:13 PM GMT+1 [Modules] Streaming discord_krisp@1 to /home/arch/.config/discord/0.0.78/modules/pending/discord_krisp-1.zip: 67%
1/5/2025, 8:32:13 PM GMT+1 [Modules] Streaming discord_krisp@1 to /home/arch/.config/discord/0.0.78/modules/pending/discord_krisp-1.zip: 68%
1/5/2025, 8:32:13 PM GMT+1 [Modules] Streaming discord_krisp@1 to /home/arch/.config/discord/0.0.78/modules/pending/discord_krisp-1.zip: 69%
1/5/2025, 8:32:13 PM GMT+1 [Modules] Streaming discord_krisp@1 to /home/arch/.config/discord/0.0.78/modules/pending/discord_krisp-1.zip: 70%
1/5/2025, 8:32:13 PM GMT+1 [Modules] Streaming discord_krisp@1 to /home/arch/.config/discord/0.0.78/modules/pending/discord_krisp-1.zip: 71%
1/5/2025, 8:32:13 PM GMT+1 [Modules] Streaming discord_krisp@1 to /home/arch/.config/discord/0.0.78/modules/pending/discord_krisp-1.zip: 72%
1/5/2025, 8:32:13 PM GMT+1 [Modules] Streaming discord_krisp@1 to /home/arch/.config/discord/0.0.78/modules/pending/discord_krisp-1.zip: 73%
1/5/2025, 8:32:14 PM GMT+1 [Modules] Streaming discord_krisp@1 to /home/arch/.config/discord/0.0.78/modules/pending/discord_krisp-1.zip: 74%
1/5/2025, 8:32:14 PM GMT+1 [Modules] Streaming discord_krisp@1 to /home/arch/.config/discord/0.0.78/modules/pending/discord_krisp-1.zip: 75%
1/5/2025, 8:32:14 PM GMT+1 [Modules] Streaming discord_krisp@1 to /home/arch/.config/discord/0.0.78/modules/pending/discord_krisp-1.zip: 76%
1/5/2025, 8:32:14 PM GMT+1 [Modules] Streaming discord_krisp@1 to /home/arch/.config/discord/0.0.78/modules/pending/discord_krisp-1.zip: 77%
1/5/2025, 8:32:14 PM GMT+1 [Modules] Streaming discord_krisp@1 to /home/arch/.config/discord/0.0.78/modules/pending/discord_krisp-1.zip: 78%
1/5/2025, 8:32:14 PM GMT+1 [Modules] Streaming discord_krisp@1 to /home/arch/.config/discord/0.0.78/modules/pending/discord_krisp-1.zip: 79%
1/5/2025, 8:32:14 PM GMT+1 [Modules] Streaming discord_krisp@1 to /home/arch/.config/discord/0.0.78/modules/pending/discord_krisp-1.zip: 80%
1/5/2025, 8:32:14 PM GMT+1 [Modules] Streaming discord_krisp@1 to /home/arch/.config/discord/0.0.78/modules/pending/discord_krisp-1.zip: 81%
1/5/2025, 8:32:14 PM GMT+1 [Modules] Streaming discord_krisp@1 to /home/arch/.config/discord/0.0.78/modules/pending/discord_krisp-1.zip: 82%
1/5/2025, 8:32:14 PM GMT+1 [Modules] Streaming discord_krisp@1 to /home/arch/.config/discord/0.0.78/modules/pending/discord_krisp-1.zip: 83%
1/5/2025, 8:32:14 PM GMT+1 [Modules] Streaming discord_krisp@1 to /home/arch/.config/discord/0.0.78/modules/pending/discord_krisp-1.zip: 84%
1/5/2025, 8:32:14 PM GMT+1 [Modules] Streaming discord_krisp@1 to /home/arch/.config/discord/0.0.78/modules/pending/discord_krisp-1.zip: 85%
1/5/2025, 8:32:14 PM GMT+1 [Modules] Streaming discord_krisp@1 to /home/arch/.config/discord/0.0.78/modules/pending/discord_krisp-1.zip: 86%
1/5/2025, 8:32:14 PM GMT+1 [Modules] Streaming discord_krisp@1 to /home/arch/.config/discord/0.0.78/modules/pending/discord_krisp-1.zip: 87%
1/5/2025, 8:32:14 PM GMT+1 [Modules] Streaming discord_krisp@1 to /home/arch/.config/discord/0.0.78/modules/pending/discord_krisp-1.zip: 88%
1/5/2025, 8:32:14 PM GMT+1 [Modules] Streaming discord_krisp@1 to /home/arch/.config/discord/0.0.78/modules/pending/discord_krisp-1.zip: 89%
1/5/2025, 8:32:14 PM GMT+1 [Modules] Streaming discord_krisp@1 to /home/arch/.config/discord/0.0.78/modules/pending/discord_krisp-1.zip: 90%
1/5/2025, 8:32:14 PM GMT+1 [Modules] Streaming discord_krisp@1 to /home/arch/.config/discord/0.0.78/modules/pending/discord_krisp-1.zip: 91%
1/5/2025, 8:32:14 PM GMT+1 [Modules] Streaming discord_krisp@1 to /home/arch/.config/discord/0.0.78/modules/pending/discord_krisp-1.zip: 92%
1/5/2025, 8:32:14 PM GMT+1 [Modules] Streaming discord_krisp@1 to /home/arch/.config/discord/0.0.78/modules/pending/discord_krisp-1.zip: 93%
1/5/2025, 8:32:14 PM GMT+1 [Modules] Streaming discord_krisp@1 to /home/arch/.config/discord/0.0.78/modules/pending/discord_krisp-1.zip: 94%
1/5/2025, 8:32:14 PM GMT+1 [Modules] Streaming discord_krisp@1 to /home/arch/.config/discord/0.0.78/modules/pending/discord_krisp-1.zip: 95%
1/5/2025, 8:32:14 PM GMT+1 [Modules] Streaming discord_krisp@1 to /home/arch/.config/discord/0.0.78/modules/pending/discord_krisp-1.zip: 96%
1/5/2025, 8:32:14 PM GMT+1 [Modules] Streaming discord_krisp@1 to /home/arch/.config/discord/0.0.78/modules/pending/discord_krisp-1.zip: 97%
1/5/2025, 8:32:14 PM GMT+1 [Modules] Streaming discord_krisp@1 to /home/arch/.config/discord/0.0.78/modules/pending/discord_krisp-1.zip: 98%
1/5/2025, 8:32:14 PM GMT+1 [Modules] Streaming discord_krisp@1 to /home/arch/.config/discord/0.0.78/modules/pending/discord_krisp-1.zip: 99%
1/5/2025, 8:32:14 PM GMT+1 [Modules] Streaming discord_krisp@1 to /home/arch/.config/discord/0.0.78/modules/pending/discord_krisp-1.zip: 100%
1/5/2025, 8:32:14 PM GMT+1 [Modules] Fetching discord_game_utils@1 from https://discord.com/api/modules/stable/discord_game_utils/1
1/5/2025, 8:32:14 PM GMT+1 [Modules] Streaming discord_game_utils@1 to /home/arch/.config/discord/0.0.78/modules/pending/discord_game_utils-1.zip
1/5/2025, 8:32:14 PM GMT+1 [Modules] Installing discord_krisp@1 from /home/arch/.config/discord/0.0.78/modules/pending/discord_krisp-1.zip
1/5/2025, 8:32:14 PM GMT+1 [Modules] Finished module installations. [success: 1] [failure: 0]
1/5/2025, 8:32:14 PM GMT+1 [Modules] Streaming discord_game_utils@1 to /home/arch/.config/discord/0.0.78/modules/pending/discord_game_utils-1.zip: 1%
1/5/2025, 8:32:14 PM GMT+1 [Modules] Streaming discord_game_utils@1 to /home/arch/.config/discord/0.0.78/modules/pending/discord_game_utils-1.zip: 2%
1/5/2025, 8:32:14 PM GMT+1 [Modules] Streaming discord_game_utils@1 to /home/arch/.config/discord/0.0.78/modules/pending/discord_game_utils-1.zip: 3%
1/5/2025, 8:32:14 PM GMT+1 [Modules] Streaming discord_game_utils@1 to /home/arch/.config/discord/0.0.78/modules/pending/discord_game_utils-1.zip: 4%
1/5/2025, 8:32:14 PM GMT+1 [Modules] Streaming discord_game_utils@1 to /home/arch/.config/discord/0.0.78/modules/pending/discord_game_utils-1.zip: 5%
1/5/2025, 8:32:14 PM GMT+1 [Modules] Streaming discord_game_utils@1 to /home/arch/.config/discord/0.0.78/modules/pending/discord_game_utils-1.zip: 6%
1/5/2025, 8:32:14 PM GMT+1 [Modules] Streaming discord_game_utils@1 to /home/arch/.config/discord/0.0.78/modules/pending/discord_game_utils-1.zip: 7%
1/5/2025, 8:32:14 PM GMT+1 [Modules] Streaming discord_game_utils@1 to /home/arch/.config/discord/0.0.78/modules/pending/discord_game_utils-1.zip: 8%
1/5/2025, 8:32:14 PM GMT+1 [Modules] Streaming discord_game_utils@1 to /home/arch/.config/discord/0.0.78/modules/pending/discord_game_utils-1.zip: 9%
1/5/2025, 8:32:14 PM GMT+1 [Modules] Streaming discord_game_utils@1 to /home/arch/.config/discord/0.0.78/modules/pending/discord_game_utils-1.zip: 10%
1/5/2025, 8:32:14 PM GMT+1 [Modules] Streaming discord_game_utils@1 to /home/arch/.config/discord/0.0.78/modules/pending/discord_game_utils-1.zip: 11%
1/5/2025, 8:32:14 PM GMT+1 [Modules] Streaming discord_game_utils@1 to /home/arch/.config/discord/0.0.78/modules/pending/discord_game_utils-1.zip: 12%
1/5/2025, 8:32:14 PM GMT+1 [Modules] Streaming discord_game_utils@1 to /home/arch/.config/discord/0.0.78/modules/pending/discord_game_utils-1.zip: 13%
1/5/2025, 8:32:14 PM GMT+1 [Modules] Streaming discord_game_utils@1 to /home/arch/.config/discord/0.0.78/modules/pending/discord_game_utils-1.zip: 14%
1/5/2025, 8:32:14 PM GMT+1 [Modules] Streaming discord_game_utils@1 to /home/arch/.config/discord/0.0.78/modules/pending/discord_game_utils-1.zip: 15%
1/5/2025, 8:32:14 PM GMT+1 [Modules] Streaming discord_game_utils@1 to /home/arch/.config/discord/0.0.78/modules/pending/discord_game_utils-1.zip: 16%
1/5/2025, 8:32:14 PM GMT+1 [Modules] Streaming discord_game_utils@1 to /home/arch/.config/discord/0.0.78/modules/pending/discord_game_utils-1.zip: 17%
1/5/2025, 8:32:14 PM GMT+1 [Modules] Streaming discord_game_utils@1 to /home/arch/.config/discord/0.0.78/modules/pending/discord_game_utils-1.zip: 18%
1/5/2025, 8:32:14 PM GMT+1 [Modules] Streaming discord_game_utils@1 to /home/arch/.config/discord/0.0.78/modules/pending/discord_game_utils-1.zip: 19%
1/5/2025, 8:32:14 PM GMT+1 [Modules] Streaming discord_game_utils@1 to /home/arch/.config/discord/0.0.78/modules/pending/discord_game_utils-1.zip: 20%
1/5/2025, 8:32:14 PM GMT+1 [Modules] Streaming discord_game_utils@1 to /home/arch/.config/discord/0.0.78/modules/pending/discord_game_utils-1.zip: 21%
1/5/2025, 8:32:14 PM GMT+1 [Modules] Streaming discord_game_utils@1 to /home/arch/.config/discord/0.0.78/modules/pending/discord_game_utils-1.zip: 22%
1/5/2025, 8:32:14 PM GMT+1 [Modules] Streaming discord_game_utils@1 to /home/arch/.config/discord/0.0.78/modules/pending/discord_game_utils-1.zip: 23%
1/5/2025, 8:32:14 PM GMT+1 [Modules] Streaming discord_game_utils@1 to /home/arch/.config/discord/0.0.78/modules/pending/discord_game_utils-1.zip: 24%
1/5/2025, 8:32:14 PM GMT+1 [Modules] Streaming discord_game_utils@1 to /home/arch/.config/discord/0.0.78/modules/pending/discord_game_utils-1.zip: 25%
1/5/2025, 8:32:14 PM GMT+1 [Modules] Streaming discord_game_utils@1 to /home/arch/.config/discord/0.0.78/modules/pending/discord_game_utils-1.zip: 26%
1/5/2025, 8:32:14 PM GMT+1 [Modules] Streaming discord_game_utils@1 to /home/arch/.config/discord/0.0.78/modules/pending/discord_game_utils-1.zip: 27%
1/5/2025, 8:32:14 PM GMT+1 [Modules] Streaming discord_game_utils@1 to /home/arch/.config/discord/0.0.78/modules/pending/discord_game_utils-1.zip: 28%
1/5/2025, 8:32:14 PM GMT+1 [Modules] Streaming discord_game_utils@1 to /home/arch/.config/discord/0.0.78/modules/pending/discord_game_utils-1.zip: 29%
1/5/2025, 8:32:14 PM GMT+1 [Modules] Streaming discord_game_utils@1 to /home/arch/.config/discord/0.0.78/modules/pending/discord_game_utils-1.zip: 30%
1/5/2025, 8:32:14 PM GMT+1 [Modules] Streaming discord_game_utils@1 to /home/arch/.config/discord/0.0.78/modules/pending/discord_game_utils-1.zip: 31%
1/5/2025, 8:32:14 PM GMT+1 [Modules] Streaming discord_game_utils@1 to /home/arch/.config/discord/0.0.78/modules/pending/discord_game_utils-1.zip: 32%
1/5/2025, 8:32:14 PM GMT+1 [Modules] Streaming discord_game_utils@1 to /home/arch/.config/discord/0.0.78/modules/pending/discord_game_utils-1.zip: 33%
1/5/2025, 8:32:14 PM GMT+1 [Modules] Streaming discord_game_utils@1 to /home/arch/.config/discord/0.0.78/modules/pending/discord_game_utils-1.zip: 34%
1/5/2025, 8:32:14 PM GMT+1 [Modules] Streaming discord_game_utils@1 to /home/arch/.config/discord/0.0.78/modules/pending/discord_game_utils-1.zip: 35%
1/5/2025, 8:32:14 PM GMT+1 [Modules] Streaming discord_game_utils@1 to /home/arch/.config/discord/0.0.78/modules/pending/discord_game_utils-1.zip: 36%
1/5/2025, 8:32:14 PM GMT+1 [Modules] Streaming discord_game_utils@1 to /home/arch/.config/discord/0.0.78/modules/pending/discord_game_utils-1.zip: 37%
1/5/2025, 8:32:14 PM GMT+1 [Modules] Streaming discord_game_utils@1 to /home/arch/.config/discord/0.0.78/modules/pending/discord_game_utils-1.zip: 38%
1/5/2025, 8:32:14 PM GMT+1 [Modules] Streaming discord_game_utils@1 to /home/arch/.config/discord/0.0.78/modules/pending/discord_game_utils-1.zip: 39%
1/5/2025, 8:32:14 PM GMT+1 [Modules] Streaming discord_game_utils@1 to /home/arch/.config/discord/0.0.78/modules/pending/discord_game_utils-1.zip: 40%
1/5/2025, 8:32:14 PM GMT+1 [Modules] Streaming discord_game_utils@1 to /home/arch/.config/discord/0.0.78/modules/pending/discord_game_utils-1.zip: 41%
1/5/2025, 8:32:14 PM GMT+1 [Modules] Streaming discord_game_utils@1 to /home/arch/.config/discord/0.0.78/modules/pending/discord_game_utils-1.zip: 42%
1/5/2025, 8:32:14 PM GMT+1 [Modules] Streaming discord_game_utils@1 to /home/arch/.config/discord/0.0.78/modules/pending/discord_game_utils-1.zip: 43%
1/5/2025, 8:32:14 PM GMT+1 [Modules] Streaming discord_game_utils@1 to /home/arch/.config/discord/0.0.78/modules/pending/discord_game_utils-1.zip: 44%
1/5/2025, 8:32:14 PM GMT+1 [Modules] Streaming discord_game_utils@1 to /home/arch/.config/discord/0.0.78/modules/pending/discord_game_utils-1.zip: 45%
1/5/2025, 8:32:14 PM GMT+1 [Modules] Streaming discord_game_utils@1 to /home/arch/.config/discord/0.0.78/modules/pending/discord_game_utils-1.zip: 46%
1/5/2025, 8:32:14 PM GMT+1 [Modules] Streaming discord_game_utils@1 to /home/arch/.config/discord/0.0.78/modules/pending/discord_game_utils-1.zip: 47%
1/5/2025, 8:32:14 PM GMT+1 [Modules] Streaming discord_game_utils@1 to /home/arch/.config/discord/0.0.78/modules/pending/discord_game_utils-1.zip: 48%
1/5/2025, 8:32:14 PM GMT+1 [Modules] Streaming discord_game_utils@1 to /home/arch/.config/discord/0.0.78/modules/pending/discord_game_utils-1.zip: 49%
1/5/2025, 8:32:14 PM GMT+1 [Modules] Streaming discord_game_utils@1 to /home/arch/.config/discord/0.0.78/modules/pending/discord_game_utils-1.zip: 50%
1/5/2025, 8:32:14 PM GMT+1 [Modules] Streaming discord_game_utils@1 to /home/arch/.config/discord/0.0.78/modules/pending/discord_game_utils-1.zip: 51%
1/5/2025, 8:32:14 PM GMT+1 [Modules] Streaming discord_game_utils@1 to /home/arch/.config/discord/0.0.78/modules/pending/discord_game_utils-1.zip: 52%
1/5/2025, 8:32:14 PM GMT+1 [Modules] Streaming discord_game_utils@1 to /home/arch/.config/discord/0.0.78/modules/pending/discord_game_utils-1.zip: 53%
1/5/2025, 8:32:14 PM GMT+1 [Modules] Streaming discord_game_utils@1 to /home/arch/.config/discord/0.0.78/modules/pending/discord_game_utils-1.zip: 54%
1/5/2025, 8:32:14 PM GMT+1 [Modules] Streaming discord_game_utils@1 to /home/arch/.config/discord/0.0.78/modules/pending/discord_game_utils-1.zip: 55%
1/5/2025, 8:32:14 PM GMT+1 [Modules] Streaming discord_game_utils@1 to /home/arch/.config/discord/0.0.78/modules/pending/discord_game_utils-1.zip: 56%
1/5/2025, 8:32:14 PM GMT+1 [Modules] Streaming discord_game_utils@1 to /home/arch/.config/discord/0.0.78/modules/pending/discord_game_utils-1.zip: 57%
1/5/2025, 8:32:14 PM GMT+1 [Modules] Streaming discord_game_utils@1 to /home/arch/.config/discord/0.0.78/modules/pending/discord_game_utils-1.zip: 58%
1/5/2025, 8:32:14 PM GMT+1 [Modules] Streaming discord_game_utils@1 to /home/arch/.config/discord/0.0.78/modules/pending/discord_game_utils-1.zip: 59%
1/5/2025, 8:32:14 PM GMT+1 [Modules] Streaming discord_game_utils@1 to /home/arch/.config/discord/0.0.78/modules/pending/discord_game_utils-1.zip: 60%
1/5/2025, 8:32:14 PM GMT+1 [Modules] Streaming discord_game_utils@1 to /home/arch/.config/discord/0.0.78/modules/pending/discord_game_utils-1.zip: 61%
1/5/2025, 8:32:14 PM GMT+1 [Modules] Streaming discord_game_utils@1 to /home/arch/.config/discord/0.0.78/modules/pending/discord_game_utils-1.zip: 62%
1/5/2025, 8:32:14 PM GMT+1 [Modules] Streaming discord_game_utils@1 to /home/arch/.config/discord/0.0.78/modules/pending/discord_game_utils-1.zip: 63%
1/5/2025, 8:32:14 PM GMT+1 [Modules] Streaming discord_game_utils@1 to /home/arch/.config/discord/0.0.78/modules/pending/discord_game_utils-1.zip: 64%
1/5/2025, 8:32:14 PM GMT+1 [Modules] Streaming discord_game_utils@1 to /home/arch/.config/discord/0.0.78/modules/pending/discord_game_utils-1.zip: 65%
1/5/2025, 8:32:15 PM GMT+1 [Modules] Streaming discord_game_utils@1 to /home/arch/.config/discord/0.0.78/modules/pending/discord_game_utils-1.zip: 66%
1/5/2025, 8:32:15 PM GMT+1 [Modules] Streaming discord_game_utils@1 to /home/arch/.config/discord/0.0.78/modules/pending/discord_game_utils-1.zip: 67%
1/5/2025, 8:32:15 PM GMT+1 [Modules] Streaming discord_game_utils@1 to /home/arch/.config/discord/0.0.78/modules/pending/discord_game_utils-1.zip: 68%
1/5/2025, 8:32:15 PM GMT+1 [Modules] Streaming discord_game_utils@1 to /home/arch/.config/discord/0.0.78/modules/pending/discord_game_utils-1.zip: 69%
1/5/2025, 8:32:15 PM GMT+1 [Modules] Streaming discord_game_utils@1 to /home/arch/.config/discord/0.0.78/modules/pending/discord_game_utils-1.zip: 70%
1/5/2025, 8:32:15 PM GMT+1 [Modules] Streaming discord_game_utils@1 to /home/arch/.config/discord/0.0.78/modules/pending/discord_game_utils-1.zip: 71%
1/5/2025, 8:32:15 PM GMT+1 [Modules] Streaming discord_game_utils@1 to /home/arch/.config/discord/0.0.78/modules/pending/discord_game_utils-1.zip: 72%
1/5/2025, 8:32:15 PM GMT+1 [Modules] Streaming discord_game_utils@1 to /home/arch/.config/discord/0.0.78/modules/pending/discord_game_utils-1.zip: 73%
1/5/2025, 8:32:15 PM GMT+1 [Modules] Streaming discord_game_utils@1 to /home/arch/.config/discord/0.0.78/modules/pending/discord_game_utils-1.zip: 74%
1/5/2025, 8:32:15 PM GMT+1 [Modules] Streaming discord_game_utils@1 to /home/arch/.config/discord/0.0.78/modules/pending/discord_game_utils-1.zip: 75%
1/5/2025, 8:32:15 PM GMT+1 [Modules] Streaming discord_game_utils@1 to /home/arch/.config/discord/0.0.78/modules/pending/discord_game_utils-1.zip: 76%
1/5/2025, 8:32:15 PM GMT+1 [Modules] Streaming discord_game_utils@1 to /home/arch/.config/discord/0.0.78/modules/pending/discord_game_utils-1.zip: 77%
1/5/2025, 8:32:15 PM GMT+1 [Modules] Streaming discord_game_utils@1 to /home/arch/.config/discord/0.0.78/modules/pending/discord_game_utils-1.zip: 78%
1/5/2025, 8:32:15 PM GMT+1 [Modules] Streaming discord_game_utils@1 to /home/arch/.config/discord/0.0.78/modules/pending/discord_game_utils-1.zip: 79%
1/5/2025, 8:32:15 PM GMT+1 [Modules] Streaming discord_game_utils@1 to /home/arch/.config/discord/0.0.78/modules/pending/discord_game_utils-1.zip: 80%
1/5/2025, 8:32:15 PM GMT+1 [Modules] Streaming discord_game_utils@1 to /home/arch/.config/discord/0.0.78/modules/pending/discord_game_utils-1.zip: 81%
1/5/2025, 8:32:15 PM GMT+1 [Modules] Streaming discord_game_utils@1 to /home/arch/.config/discord/0.0.78/modules/pending/discord_game_utils-1.zip: 82%
1/5/2025, 8:32:15 PM GMT+1 [Modules] Streaming discord_game_utils@1 to /home/arch/.config/discord/0.0.78/modules/pending/discord_game_utils-1.zip: 83%
1/5/2025, 8:32:15 PM GMT+1 [Modules] Streaming discord_game_utils@1 to /home/arch/.config/discord/0.0.78/modules/pending/discord_game_utils-1.zip: 84%
1/5/2025, 8:32:15 PM GMT+1 [Modules] Streaming discord_game_utils@1 to /home/arch/.config/discord/0.0.78/modules/pending/discord_game_utils-1.zip: 85%
1/5/2025, 8:32:15 PM GMT+1 [Modules] Streaming discord_game_utils@1 to /home/arch/.config/discord/0.0.78/modules/pending/discord_game_utils-1.zip: 86%
1/5/2025, 8:32:15 PM GMT+1 [Modules] Streaming discord_game_utils@1 to /home/arch/.config/discord/0.0.78/modules/pending/discord_game_utils-1.zip: 87%
1/5/2025, 8:32:15 PM GMT+1 [Modules] Streaming discord_game_utils@1 to /home/arch/.config/discord/0.0.78/modules/pending/discord_game_utils-1.zip: 88%
1/5/2025, 8:32:15 PM GMT+1 [Modules] Streaming discord_game_utils@1 to /home/arch/.config/discord/0.0.78/modules/pending/discord_game_utils-1.zip: 89%
1/5/2025, 8:32:15 PM GMT+1 [Modules] Streaming discord_game_utils@1 to /home/arch/.config/discord/0.0.78/modules/pending/discord_game_utils-1.zip: 90%
1/5/2025, 8:32:15 PM GMT+1 [Modules] Streaming discord_game_utils@1 to /home/arch/.config/discord/0.0.78/modules/pending/discord_game_utils-1.zip: 91%
1/5/2025, 8:32:15 PM GMT+1 [Modules] Streaming discord_game_utils@1 to /home/arch/.config/discord/0.0.78/modules/pending/discord_game_utils-1.zip: 92%
1/5/2025, 8:32:15 PM GMT+1 [Modules] Streaming discord_game_utils@1 to /home/arch/.config/discord/0.0.78/modules/pending/discord_game_utils-1.zip: 93%
1/5/2025, 8:32:15 PM GMT+1 [Modules] Streaming discord_game_utils@1 to /home/arch/.config/discord/0.0.78/modules/pending/discord_game_utils-1.zip: 94%
1/5/2025, 8:32:15 PM GMT+1 [Modules] Streaming discord_game_utils@1 to /home/arch/.config/discord/0.0.78/modules/pending/discord_game_utils-1.zip: 95%
1/5/2025, 8:32:15 PM GMT+1 [Modules] Streaming discord_game_utils@1 to /home/arch/.config/discord/0.0.78/modules/pending/discord_game_utils-1.zip: 96%
1/5/2025, 8:32:15 PM GMT+1 [Modules] Streaming discord_game_utils@1 to /home/arch/.config/discord/0.0.78/modules/pending/discord_game_utils-1.zip: 97%
1/5/2025, 8:32:15 PM GMT+1 [Modules] Streaming discord_game_utils@1 to /home/arch/.config/discord/0.0.78/modules/pending/discord_game_utils-1.zip: 98%
1/5/2025, 8:32:15 PM GMT+1 [Modules] Streaming discord_game_utils@1 to /home/arch/.config/discord/0.0.78/modules/pending/discord_game_utils-1.zip: 99%
1/5/2025, 8:32:15 PM GMT+1 [Modules] Streaming discord_game_utils@1 to /home/arch/.config/discord/0.0.78/modules/pending/discord_game_utils-1.zip: 100%
1/5/2025, 8:32:15 PM GMT+1 [Modules] Fetching discord_rpc@1 from https://discord.com/api/modules/stable/discord_rpc/1
1/5/2025, 8:32:15 PM GMT+1 [Modules] Streaming discord_rpc@1 to /home/arch/.config/discord/0.0.78/modules/pending/discord_rpc-1.zip
1/5/2025, 8:32:15 PM GMT+1 [Modules] Installing discord_game_utils@1 from /home/arch/.config/discord/0.0.78/modules/pending/discord_game_utils-1.zip
1/5/2025, 8:32:15 PM GMT+1 [Modules] Finished module installations. [success: 1] [failure: 0]
1/5/2025, 8:32:15 PM GMT+1 [Modules] Streaming discord_rpc@1 to /home/arch/.config/discord/0.0.78/modules/pending/discord_rpc-1.zip: 23%
1/5/2025, 8:32:15 PM GMT+1 [Modules] Streaming discord_rpc@1 to /home/arch/.config/discord/0.0.78/modules/pending/discord_rpc-1.zip: 38%
1/5/2025, 8:32:15 PM GMT+1 [Modules] Streaming discord_rpc@1 to /home/arch/.config/discord/0.0.78/modules/pending/discord_rpc-1.zip: 47%
1/5/2025, 8:32:15 PM GMT+1 [Modules] Streaming discord_rpc@1 to /home/arch/.config/discord/0.0.78/modules/pending/discord_rpc-1.zip: 56%
1/5/2025, 8:32:15 PM GMT+1 [Modules] Streaming discord_rpc@1 to /home/arch/.config/discord/0.0.78/modules/pending/discord_rpc-1.zip: 65%
1/5/2025, 8:32:15 PM GMT+1 [Modules] Streaming discord_rpc@1 to /home/arch/.config/discord/0.0.78/modules/pending/discord_rpc-1.zip: 71%
1/5/2025, 8:32:15 PM GMT+1 [Modules] Streaming discord_rpc@1 to /home/arch/.config/discord/0.0.78/modules/pending/discord_rpc-1.zip: 76%
1/5/2025, 8:32:15 PM GMT+1 [Modules] Streaming discord_rpc@1 to /home/arch/.config/discord/0.0.78/modules/pending/discord_rpc-1.zip: 85%
1/5/2025, 8:32:15 PM GMT+1 [Modules] Streaming discord_rpc@1 to /home/arch/.config/discord/0.0.78/modules/pending/discord_rpc-1.zip: 91%
1/5/2025, 8:32:15 PM GMT+1 [Modules] Streaming discord_rpc@1 to /home/arch/.config/discord/0.0.78/modules/pending/discord_rpc-1.zip: 100%
1/5/2025, 8:32:15 PM GMT+1 [Modules] Finished module downloads. [success: 3] [failure: 0]
1/5/2025, 8:32:15 PM GMT+1 [Modules] Installing discord_rpc@1 from /home/arch/.config/discord/0.0.78/modules/pending/discord_rpc-1.zip
1/5/2025, 8:32:15 PM GMT+1 [Modules] Finished module installations. [success: 1] [failure: 0]
1/7/2025, 4:03:19 PM GMT+1 [Modules] Modules initializing
1/7/2025, 4:03:19 PM GMT+1 [Modules] Distribution: remote
1/7/2025, 4:03:19 PM GMT+1 [Modules] Host updates: enabled
1/7/2025, 4:03:19 PM GMT+1 [Modules] Module updates: enabled
1/7/2025, 4:03:19 PM GMT+1 [Modules] Module install path: /home/arch/.config/discord/0.0.78/modules
1/7/2025, 4:03:19 PM GMT+1 [Modules] Module installed file path: /home/arch/.config/discord/0.0.78/modules/installed.json
1/7/2025, 4:03:19 PM GMT+1 [Modules] Module download path: /home/arch/.config/discord/0.0.78/modules/pending
1/7/2025, 4:03:19 PM GMT+1 [Modules] No updates to install
1/7/2025, 4:03:19 PM GMT+1 [Modules] Checking for host updates.
1/7/2025, 4:03:19 PM GMT+1 [Modules] Host update is available. Manual update required!
1/7/2025, 4:03:45 PM GMT+1 [Modules] Modules initializing
1/7/2025, 4:03:45 PM GMT+1 [Modules] Distribution: remote
1/7/2025, 4:03:45 PM GMT+1 [Modules] Host updates: enabled
1/7/2025, 4:03:45 PM GMT+1 [Modules] Module updates: enabled
1/7/2025, 4:03:45 PM GMT+1 [Modules] Module install path: /home/arch/.config/discord/0.0.78/modules
1/7/2025, 4:03:45 PM GMT+1 [Modules] Module installed file path: /home/arch/.config/discord/0.0.78/modules/installed.json
1/7/2025, 4:03:45 PM GMT+1 [Modules] Module download path: /home/arch/.config/discord/0.0.78/modules/pending
1/7/2025, 4:03:45 PM GMT+1 [Modules] No updates to install
1/7/2025, 4:03:45 PM GMT+1 [Modules] Checking for host updates.
1/7/2025, 4:03:45 PM GMT+1 [Modules] Host update is available. Manual update required!
1/7/2025, 4:04:11 PM GMT+1 [Modules] Modules initializing
1/7/2025, 4:04:11 PM GMT+1 [Modules] Distribution: remote
1/7/2025, 4:04:11 PM GMT+1 [Modules] Host updates: enabled
1/7/2025, 4:04:11 PM GMT+1 [Modules] Module updates: enabled
1/7/2025, 4:04:11 PM GMT+1 [Modules] Module install path: /home/arch/.config/discord/0.0.78/modules
1/7/2025, 4:04:11 PM GMT+1 [Modules] Module installed file path: /home/arch/.config/discord/0.0.78/modules/installed.json
1/7/2025, 4:04:11 PM GMT+1 [Modules] Module download path: /home/arch/.config/discord/0.0.78/modules/pending
1/7/2025, 4:04:11 PM GMT+1 [Modules] No updates to install
1/7/2025, 4:04:11 PM GMT+1 [Modules] Checking for host updates.
1/7/2025, 4:04:12 PM GMT+1 [Modules] Host update is available. Manual update required!
1/7/2025, 4:05:06 PM GMT+1 [Modules] Modules initializing
1/7/2025, 4:05:06 PM GMT+1 [Modules] Distribution: remote
1/7/2025, 4:05:06 PM GMT+1 [Modules] Host updates: enabled
1/7/2025, 4:05:06 PM GMT+1 [Modules] Module updates: enabled
1/7/2025, 4:05:06 PM GMT+1 [Modules] Module install path: /home/arch/.config/discord/0.0.78/modules
1/7/2025, 4:05:06 PM GMT+1 [Modules] Module installed file path: /home/arch/.config/discord/0.0.78/modules/installed.json
1/7/2025, 4:05:06 PM GMT+1 [Modules] Module download path: /home/arch/.config/discord/0.0.78/modules/pending
1/7/2025, 4:05:07 PM GMT+1 [Modules] No updates to install
1/7/2025, 4:05:07 PM GMT+1 [Modules] Checking for host updates.
1/7/2025, 4:05:07 PM GMT+1 [Modules] Host update is available. Manual update required!
1/7/2025, 5:07:28 PM GMT+1 [Modules] Modules initializing
1/7/2025, 5:07:28 PM GMT+1 [Modules] Distribution: remote
1/7/2025, 5:07:28 PM GMT+1 [Modules] Host updates: enabled
1/7/2025, 5:07:28 PM GMT+1 [Modules] Module updates: enabled
1/7/2025, 5:07:28 PM GMT+1 [Modules] Module install path: /home/arch/.config/discord/0.0.78/modules
1/7/2025, 5:07:28 PM GMT+1 [Modules] Module installed file path: /home/arch/.config/discord/0.0.78/modules/installed.json
1/7/2025, 5:07:28 PM GMT+1 [Modules] Module download path: /home/arch/.config/discord/0.0.78/modules/pending
1/7/2025, 5:07:28 PM GMT+1 [Modules] No updates to install
1/7/2025, 5:07:28 PM GMT+1 [Modules] Checking for host updates.
1/7/2025, 5:07:28 PM GMT+1 [Modules] Host update is available. Manual update required!
1/7/2025, 5:08:58 PM GMT+1 [Modules] Modules initializing
1/7/2025, 5:08:58 PM GMT+1 [Modules] Distribution: remote
1/7/2025, 5:08:58 PM GMT+1 [Modules] Host updates: enabled
1/7/2025, 5:08:58 PM GMT+1 [Modules] Module updates: enabled
1/7/2025, 5:08:58 PM GMT+1 [Modules] Module install path: /home/arch/.config/discord/0.0.78/modules
1/7/2025, 5:08:58 PM GMT+1 [Modules] Module installed file path: /home/arch/.config/discord/0.0.78/modules/installed.json
1/7/2025, 5:08:58 PM GMT+1 [Modules] Module download path: /home/arch/.config/discord/0.0.78/modules/pending
1/7/2025, 5:08:58 PM GMT+1 [Modules] No updates to install
1/7/2025, 5:08:58 PM GMT+1 [Modules] Checking for host updates.
1/7/2025, 5:08:58 PM GMT+1 [Modules] Host update is available. Manual update required!
1/9/2025, 7:35:47 PM GMT+1 [Modules] Modules initializing
1/9/2025, 7:35:47 PM GMT+1 [Modules] Distribution: remote
1/9/2025, 7:35:47 PM GMT+1 [Modules] Host updates: enabled
1/9/2025, 7:35:47 PM GMT+1 [Modules] Module updates: enabled
1/9/2025, 7:35:47 PM GMT+1 [Modules] Module install path: /home/arch/.config/discord/0.0.79/modules
1/9/2025, 7:35:47 PM GMT+1 [Modules] Module installed file path: /home/arch/.config/discord/0.0.79/modules/installed.json
1/9/2025, 7:35:47 PM GMT+1 [Modules] Module download path: /home/arch/.config/discord/0.0.79/modules/pending
1/9/2025, 7:35:47 PM GMT+1 [Modules] Bootstrapping...
1/9/2025, 7:35:47 PM GMT+1 [Modules] Installing discord_desktop_core@0 from /opt/discord/resources/bootstrap/discord_desktop_core.zip
1/9/2025, 7:35:47 PM GMT+1 [Modules] Failed installing discord_desktop_core@0: Error: ENOENT: no such file or directory, open '/opt/discord/resources/bootstrap/discord_desktop_core.zip'
1/9/2025, 7:35:47 PM GMT+1 [Modules] Installing discord_erlpack@0 from /opt/discord/resources/bootstrap/discord_erlpack.zip
1/9/2025, 7:35:47 PM GMT+1 [Modules] Failed installing discord_erlpack@0: Error: ENOENT: no such file or directory, open '/opt/discord/resources/bootstrap/discord_erlpack.zip'
1/9/2025, 7:35:47 PM GMT+1 [Modules] Installing discord_spellcheck@0 from /opt/discord/resources/bootstrap/discord_spellcheck.zip
1/9/2025, 7:35:47 PM GMT+1 [Modules] Failed installing discord_spellcheck@0: Error: ENOENT: no such file or directory, open '/opt/discord/resources/bootstrap/discord_spellcheck.zip'
1/9/2025, 7:35:47 PM GMT+1 [Modules] Installing discord_utils@0 from /opt/discord/resources/bootstrap/discord_utils.zip
1/9/2025, 7:35:47 PM GMT+1 [Modules] Failed installing discord_utils@0: Error: ENOENT: no such file or directory, open '/opt/discord/resources/bootstrap/discord_utils.zip'
1/9/2025, 7:35:47 PM GMT+1 [Modules] Installing discord_voice@0 from /opt/discord/resources/bootstrap/discord_voice.zip
1/9/2025, 7:35:47 PM GMT+1 [Modules] Failed installing discord_voice@0: Error: ENOENT: no such file or directory, open '/opt/discord/resources/bootstrap/discord_voice.zip'
1/9/2025, 7:35:47 PM GMT+1 [Modules] Installing discord_zstd@0 from /opt/discord/resources/bootstrap/discord_zstd.zip
1/9/2025, 7:35:47 PM GMT+1 [Modules] Failed installing discord_zstd@0: Error: ENOENT: no such file or directory, open '/opt/discord/resources/bootstrap/discord_zstd.zip'
1/9/2025, 7:35:47 PM GMT+1 [Modules] Finished module installations. [success: 0] [failure: 6]
1/9/2025, 7:35:47 PM GMT+1 [Modules] Checking for host updates.
1/9/2025, 7:35:47 PM GMT+1 [Modules] Host is up to date.
1/9/2025, 7:35:47 PM GMT+1 [Modules] Checking for module updates at https://discord.com/api/modules/stable/versions.json
1/9/2025, 7:35:47 PM GMT+1 [Modules] Module update available: discord_desktop_core@1 [installed: 0]
1/9/2025, 7:35:47 PM GMT+1 [Modules] Module update available: discord_erlpack@1 [installed: 0]
1/9/2025, 7:35:47 PM GMT+1 [Modules] Module update available: discord_spellcheck@1 [installed: 0]
1/9/2025, 7:35:47 PM GMT+1 [Modules] Module update available: discord_utils@1 [installed: 0]
1/9/2025, 7:35:47 PM GMT+1 [Modules] Module update available: discord_voice@1 [installed: 0]
1/9/2025, 7:35:47 PM GMT+1 [Modules] Module update available: discord_zstd@1 [installed: 0]
1/9/2025, 7:35:47 PM GMT+1 [Modules] Fetching discord_desktop_core@1 from https://discord.com/api/modules/stable/discord_desktop_core/1
1/9/2025, 7:35:47 PM GMT+1 [Modules] Streaming discord_desktop_core@1 to /home/arch/.config/discord/0.0.79/modules/pending/discord_desktop_core-1.zip
1/9/2025, 7:35:48 PM GMT+1 [Modules] Streaming discord_desktop_core@1 to /home/arch/.config/discord/0.0.79/modules/pending/discord_desktop_core-1.zip: 1%
1/9/2025, 7:35:48 PM GMT+1 [Modules] Streaming discord_desktop_core@1 to /home/arch/.config/discord/0.0.79/modules/pending/discord_desktop_core-1.zip: 2%
1/9/2025, 7:35:48 PM GMT+1 [Modules] Streaming discord_desktop_core@1 to /home/arch/.config/discord/0.0.79/modules/pending/discord_desktop_core-1.zip: 3%
1/9/2025, 7:35:48 PM GMT+1 [Modules] Streaming discord_desktop_core@1 to /home/arch/.config/discord/0.0.79/modules/pending/discord_desktop_core-1.zip: 4%
1/9/2025, 7:35:48 PM GMT+1 [Modules] Streaming discord_desktop_core@1 to /home/arch/.config/discord/0.0.79/modules/pending/discord_desktop_core-1.zip: 5%
1/9/2025, 7:35:48 PM GMT+1 [Modules] Streaming discord_desktop_core@1 to /home/arch/.config/discord/0.0.79/modules/pending/discord_desktop_core-1.zip: 6%
1/9/2025, 7:35:48 PM GMT+1 [Modules] Streaming discord_desktop_core@1 to /home/arch/.config/discord/0.0.79/modules/pending/discord_desktop_core-1.zip: 7%
1/9/2025, 7:35:48 PM GMT+1 [Modules] Streaming discord_desktop_core@1 to /home/arch/.config/discord/0.0.79/modules/pending/discord_desktop_core-1.zip: 8%
1/9/2025, 7:35:48 PM GMT+1 [Modules] Streaming discord_desktop_core@1 to /home/arch/.config/discord/0.0.79/modules/pending/discord_desktop_core-1.zip: 9%
1/9/2025, 7:35:48 PM GMT+1 [Modules] Streaming discord_desktop_core@1 to /home/arch/.config/discord/0.0.79/modules/pending/discord_desktop_core-1.zip: 10%
1/9/2025, 7:35:48 PM GMT+1 [Modules] Streaming discord_desktop_core@1 to /home/arch/.config/discord/0.0.79/modules/pending/discord_desktop_core-1.zip: 11%
1/9/2025, 7:35:48 PM GMT+1 [Modules] Streaming discord_desktop_core@1 to /home/arch/.config/discord/0.0.79/modules/pending/discord_desktop_core-1.zip: 12%
1/9/2025, 7:35:48 PM GMT+1 [Modules] Streaming discord_desktop_core@1 to /home/arch/.config/discord/0.0.79/modules/pending/discord_desktop_core-1.zip: 13%
1/9/2025, 7:35:48 PM GMT+1 [Modules] Streaming discord_desktop_core@1 to /home/arch/.config/discord/0.0.79/modules/pending/discord_desktop_core-1.zip: 14%
1/9/2025, 7:35:48 PM GMT+1 [Modules] Streaming discord_desktop_core@1 to /home/arch/.config/discord/0.0.79/modules/pending/discord_desktop_core-1.zip: 15%
1/9/2025, 7:35:48 PM GMT+1 [Modules] Streaming discord_desktop_core@1 to /home/arch/.config/discord/0.0.79/modules/pending/discord_desktop_core-1.zip: 16%
1/9/2025, 7:35:48 PM GMT+1 [Modules] Streaming discord_desktop_core@1 to /home/arch/.config/discord/0.0.79/modules/pending/discord_desktop_core-1.zip: 17%
1/9/2025, 7:35:48 PM GMT+1 [Modules] Streaming discord_desktop_core@1 to /home/arch/.config/discord/0.0.79/modules/pending/discord_desktop_core-1.zip: 18%
1/9/2025, 7:35:48 PM GMT+1 [Modules] Streaming discord_desktop_core@1 to /home/arch/.config/discord/0.0.79/modules/pending/discord_desktop_core-1.zip: 19%
1/9/2025, 7:35:48 PM GMT+1 [Modules] Streaming discord_desktop_core@1 to /home/arch/.config/discord/0.0.79/modules/pending/discord_desktop_core-1.zip: 20%
1/9/2025, 7:35:48 PM GMT+1 [Modules] Streaming discord_desktop_core@1 to /home/arch/.config/discord/0.0.79/modules/pending/discord_desktop_core-1.zip: 21%
1/9/2025, 7:35:48 PM GMT+1 [Modules] Streaming discord_desktop_core@1 to /home/arch/.config/discord/0.0.79/modules/pending/discord_desktop_core-1.zip: 22%
1/9/2025, 7:35:48 PM GMT+1 [Modules] Streaming discord_desktop_core@1 to /home/arch/.config/discord/0.0.79/modules/pending/discord_desktop_core-1.zip: 23%
1/9/2025, 7:35:48 PM GMT+1 [Modules] Streaming discord_desktop_core@1 to /home/arch/.config/discord/0.0.79/modules/pending/discord_desktop_core-1.zip: 24%
1/9/2025, 7:35:48 PM GMT+1 [Modules] Streaming discord_desktop_core@1 to /home/arch/.config/discord/0.0.79/modules/pending/discord_desktop_core-1.zip: 25%
1/9/2025, 7:35:48 PM GMT+1 [Modules] Streaming discord_desktop_core@1 to /home/arch/.config/discord/0.0.79/modules/pending/discord_desktop_core-1.zip: 26%
1/9/2025, 7:35:48 PM GMT+1 [Modules] Streaming discord_desktop_core@1 to /home/arch/.config/discord/0.0.79/modules/pending/discord_desktop_core-1.zip: 29%
1/9/2025, 7:35:48 PM GMT+1 [Modules] Streaming discord_desktop_core@1 to /home/arch/.config/discord/0.0.79/modules/pending/discord_desktop_core-1.zip: 30%
1/9/2025, 7:35:48 PM GMT+1 [Modules] Streaming discord_desktop_core@1 to /home/arch/.config/discord/0.0.79/modules/pending/discord_desktop_core-1.zip: 31%
1/9/2025, 7:35:48 PM GMT+1 [Modules] Streaming discord_desktop_core@1 to /home/arch/.config/discord/0.0.79/modules/pending/discord_desktop_core-1.zip: 32%
1/9/2025, 7:35:48 PM GMT+1 [Modules] Streaming discord_desktop_core@1 to /home/arch/.config/discord/0.0.79/modules/pending/discord_desktop_core-1.zip: 33%
1/9/2025, 7:35:48 PM GMT+1 [Modules] Streaming discord_desktop_core@1 to /home/arch/.config/discord/0.0.79/modules/pending/discord_desktop_core-1.zip: 34%
1/9/2025, 7:35:48 PM GMT+1 [Modules] Streaming discord_desktop_core@1 to /home/arch/.config/discord/0.0.79/modules/pending/discord_desktop_core-1.zip: 35%
1/9/2025, 7:35:48 PM GMT+1 [Modules] Streaming discord_desktop_core@1 to /home/arch/.config/discord/0.0.79/modules/pending/discord_desktop_core-1.zip: 36%
1/9/2025, 7:35:48 PM GMT+1 [Modules] Streaming discord_desktop_core@1 to /home/arch/.config/discord/0.0.79/modules/pending/discord_desktop_core-1.zip: 37%
1/9/2025, 7:35:48 PM GMT+1 [Modules] Streaming discord_desktop_core@1 to /home/arch/.config/discord/0.0.79/modules/pending/discord_desktop_core-1.zip: 38%
1/9/2025, 7:35:48 PM GMT+1 [Modules] Streaming discord_desktop_core@1 to /home/arch/.config/discord/0.0.79/modules/pending/discord_desktop_core-1.zip: 39%
1/9/2025, 7:35:48 PM GMT+1 [Modules] Streaming discord_desktop_core@1 to /home/arch/.config/discord/0.0.79/modules/pending/discord_desktop_core-1.zip: 40%
1/9/2025, 7:35:48 PM GMT+1 [Modules] Streaming discord_desktop_core@1 to /home/arch/.config/discord/0.0.79/modules/pending/discord_desktop_core-1.zip: 41%
1/9/2025, 7:35:48 PM GMT+1 [Modules] Streaming discord_desktop_core@1 to /home/arch/.config/discord/0.0.79/modules/pending/discord_desktop_core-1.zip: 42%
1/9/2025, 7:35:48 PM GMT+1 [Modules] Streaming discord_desktop_core@1 to /home/arch/.config/discord/0.0.79/modules/pending/discord_desktop_core-1.zip: 43%
1/9/2025, 7:35:48 PM GMT+1 [Modules] Streaming discord_desktop_core@1 to /home/arch/.config/discord/0.0.79/modules/pending/discord_desktop_core-1.zip: 44%
1/9/2025, 7:35:48 PM GMT+1 [Modules] Streaming discord_desktop_core@1 to /home/arch/.config/discord/0.0.79/modules/pending/discord_desktop_core-1.zip: 45%
1/9/2025, 7:35:48 PM GMT+1 [Modules] Streaming discord_desktop_core@1 to /home/arch/.config/discord/0.0.79/modules/pending/discord_desktop_core-1.zip: 46%
1/9/2025, 7:35:48 PM GMT+1 [Modules] Streaming discord_desktop_core@1 to /home/arch/.config/discord/0.0.79/modules/pending/discord_desktop_core-1.zip: 47%
1/9/2025, 7:35:48 PM GMT+1 [Modules] Streaming discord_desktop_core@1 to /home/arch/.config/discord/0.0.79/modules/pending/discord_desktop_core-1.zip: 48%
1/9/2025, 7:35:48 PM GMT+1 [Modules] Streaming discord_desktop_core@1 to /home/arch/.config/discord/0.0.79/modules/pending/discord_desktop_core-1.zip: 49%
1/9/2025, 7:35:48 PM GMT+1 [Modules] Streaming discord_desktop_core@1 to /home/arch/.config/discord/0.0.79/modules/pending/discord_desktop_core-1.zip: 50%
1/9/2025, 7:35:48 PM GMT+1 [Modules] Streaming discord_desktop_core@1 to /home/arch/.config/discord/0.0.79/modules/pending/discord_desktop_core-1.zip: 51%
1/9/2025, 7:35:48 PM GMT+1 [Modules] Streaming discord_desktop_core@1 to /home/arch/.config/discord/0.0.79/modules/pending/discord_desktop_core-1.zip: 52%
1/9/2025, 7:35:48 PM GMT+1 [Modules] Streaming discord_desktop_core@1 to /home/arch/.config/discord/0.0.79/modules/pending/discord_desktop_core-1.zip: 53%
1/9/2025, 7:35:48 PM GMT+1 [Modules] Streaming discord_desktop_core@1 to /home/arch/.config/discord/0.0.79/modules/pending/discord_desktop_core-1.zip: 54%
1/9/2025, 7:35:48 PM GMT+1 [Modules] Streaming discord_desktop_core@1 to /home/arch/.config/discord/0.0.79/modules/pending/discord_desktop_core-1.zip: 55%
1/9/2025, 7:35:48 PM GMT+1 [Modules] Streaming discord_desktop_core@1 to /home/arch/.config/discord/0.0.79/modules/pending/discord_desktop_core-1.zip: 56%
1/9/2025, 7:35:48 PM GMT+1 [Modules] Streaming discord_desktop_core@1 to /home/arch/.config/discord/0.0.79/modules/pending/discord_desktop_core-1.zip: 57%
1/9/2025, 7:35:48 PM GMT+1 [Modules] Streaming discord_desktop_core@1 to /home/arch/.config/discord/0.0.79/modules/pending/discord_desktop_core-1.zip: 58%
1/9/2025, 7:35:48 PM GMT+1 [Modules] Streaming discord_desktop_core@1 to /home/arch/.config/discord/0.0.79/modules/pending/discord_desktop_core-1.zip: 59%
1/9/2025, 7:35:48 PM GMT+1 [Modules] Streaming discord_desktop_core@1 to /home/arch/.config/discord/0.0.79/modules/pending/discord_desktop_core-1.zip: 60%
1/9/2025, 7:35:48 PM GMT+1 [Modules] Streaming discord_desktop_core@1 to /home/arch/.config/discord/0.0.79/modules/pending/discord_desktop_core-1.zip: 61%
1/9/2025, 7:35:48 PM GMT+1 [Modules] Streaming discord_desktop_core@1 to /home/arch/.config/discord/0.0.79/modules/pending/discord_desktop_core-1.zip: 62%
1/9/2025, 7:35:48 PM GMT+1 [Modules] Streaming discord_desktop_core@1 to /home/arch/.config/discord/0.0.79/modules/pending/discord_desktop_core-1.zip: 63%
1/9/2025, 7:35:48 PM GMT+1 [Modules] Streaming discord_desktop_core@1 to /home/arch/.config/discord/0.0.79/modules/pending/discord_desktop_core-1.zip: 64%
1/9/2025, 7:35:48 PM GMT+1 [Modules] Streaming discord_desktop_core@1 to /home/arch/.config/discord/0.0.79/modules/pending/discord_desktop_core-1.zip: 65%
1/9/2025, 7:35:48 PM GMT+1 [Modules] Streaming discord_desktop_core@1 to /home/arch/.config/discord/0.0.79/modules/pending/discord_desktop_core-1.zip: 66%
1/9/2025, 7:35:48 PM GMT+1 [Modules] Streaming discord_desktop_core@1 to /home/arch/.config/discord/0.0.79/modules/pending/discord_desktop_core-1.zip: 67%
1/9/2025, 7:35:48 PM GMT+1 [Modules] Streaming discord_desktop_core@1 to /home/arch/.config/discord/0.0.79/modules/pending/discord_desktop_core-1.zip: 68%
1/9/2025, 7:35:48 PM GMT+1 [Modules] Streaming discord_desktop_core@1 to /home/arch/.config/discord/0.0.79/modules/pending/discord_desktop_core-1.zip: 69%
1/9/2025, 7:35:48 PM GMT+1 [Modules] Streaming discord_desktop_core@1 to /home/arch/.config/discord/0.0.79/modules/pending/discord_desktop_core-1.zip: 70%
1/9/2025, 7:35:48 PM GMT+1 [Modules] Streaming discord_desktop_core@1 to /home/arch/.config/discord/0.0.79/modules/pending/discord_desktop_core-1.zip: 71%
1/9/2025, 7:35:48 PM GMT+1 [Modules] Streaming discord_desktop_core@1 to /home/arch/.config/discord/0.0.79/modules/pending/discord_desktop_core-1.zip: 75%
1/9/2025, 7:35:48 PM GMT+1 [Modules] Streaming discord_desktop_core@1 to /home/arch/.config/discord/0.0.79/modules/pending/discord_desktop_core-1.zip: 76%
1/9/2025, 7:35:48 PM GMT+1 [Modules] Streaming discord_desktop_core@1 to /home/arch/.config/discord/0.0.79/modules/pending/discord_desktop_core-1.zip: 77%
1/9/2025, 7:35:48 PM GMT+1 [Modules] Streaming discord_desktop_core@1 to /home/arch/.config/discord/0.0.79/modules/pending/discord_desktop_core-1.zip: 78%
1/9/2025, 7:35:48 PM GMT+1 [Modules] Streaming discord_desktop_core@1 to /home/arch/.config/discord/0.0.79/modules/pending/discord_desktop_core-1.zip: 79%
1/9/2025, 7:35:48 PM GMT+1 [Modules] Streaming discord_desktop_core@1 to /home/arch/.config/discord/0.0.79/modules/pending/discord_desktop_core-1.zip: 80%
1/9/2025, 7:35:48 PM GMT+1 [Modules] Streaming discord_desktop_core@1 to /home/arch/.config/discord/0.0.79/modules/pending/discord_desktop_core-1.zip: 81%
1/9/2025, 7:35:48 PM GMT+1 [Modules] Streaming discord_desktop_core@1 to /home/arch/.config/discord/0.0.79/modules/pending/discord_desktop_core-1.zip: 82%
1/9/2025, 7:35:48 PM GMT+1 [Modules] Streaming discord_desktop_core@1 to /home/arch/.config/discord/0.0.79/modules/pending/discord_desktop_core-1.zip: 83%
1/9/2025, 7:35:48 PM GMT+1 [Modules] Streaming discord_desktop_core@1 to /home/arch/.config/discord/0.0.79/modules/pending/discord_desktop_core-1.zip: 84%
1/9/2025, 7:35:48 PM GMT+1 [Modules] Streaming discord_desktop_core@1 to /home/arch/.config/discord/0.0.79/modules/pending/discord_desktop_core-1.zip: 85%
1/9/2025, 7:35:48 PM GMT+1 [Modules] Streaming discord_desktop_core@1 to /home/arch/.config/discord/0.0.79/modules/pending/discord_desktop_core-1.zip: 86%
1/9/2025, 7:35:48 PM GMT+1 [Modules] Streaming discord_desktop_core@1 to /home/arch/.config/discord/0.0.79/modules/pending/discord_desktop_core-1.zip: 87%
1/9/2025, 7:35:48 PM GMT+1 [Modules] Streaming discord_desktop_core@1 to /home/arch/.config/discord/0.0.79/modules/pending/discord_desktop_core-1.zip: 88%
1/9/2025, 7:35:48 PM GMT+1 [Modules] Streaming discord_desktop_core@1 to /home/arch/.config/discord/0.0.79/modules/pending/discord_desktop_core-1.zip: 89%
1/9/2025, 7:35:48 PM GMT+1 [Modules] Streaming discord_desktop_core@1 to /home/arch/.config/discord/0.0.79/modules/pending/discord_desktop_core-1.zip: 90%
1/9/2025, 7:35:48 PM GMT+1 [Modules] Streaming discord_desktop_core@1 to /home/arch/.config/discord/0.0.79/modules/pending/discord_desktop_core-1.zip: 91%
1/9/2025, 7:35:48 PM GMT+1 [Modules] Streaming discord_desktop_core@1 to /home/arch/.config/discord/0.0.79/modules/pending/discord_desktop_core-1.zip: 92%
1/9/2025, 7:35:48 PM GMT+1 [Modules] Streaming discord_desktop_core@1 to /home/arch/.config/discord/0.0.79/modules/pending/discord_desktop_core-1.zip: 93%
1/9/2025, 7:35:48 PM GMT+1 [Modules] Streaming discord_desktop_core@1 to /home/arch/.config/discord/0.0.79/modules/pending/discord_desktop_core-1.zip: 94%
1/9/2025, 7:35:48 PM GMT+1 [Modules] Streaming discord_desktop_core@1 to /home/arch/.config/discord/0.0.79/modules/pending/discord_desktop_core-1.zip: 95%
1/9/2025, 7:35:48 PM GMT+1 [Modules] Streaming discord_desktop_core@1 to /home/arch/.config/discord/0.0.79/modules/pending/discord_desktop_core-1.zip: 96%
1/9/2025, 7:35:48 PM GMT+1 [Modules] Streaming discord_desktop_core@1 to /home/arch/.config/discord/0.0.79/modules/pending/discord_desktop_core-1.zip: 97%
1/9/2025, 7:35:48 PM GMT+1 [Modules] Streaming discord_desktop_core@1 to /home/arch/.config/discord/0.0.79/modules/pending/discord_desktop_core-1.zip: 98%
1/9/2025, 7:35:48 PM GMT+1 [Modules] Streaming discord_desktop_core@1 to /home/arch/.config/discord/0.0.79/modules/pending/discord_desktop_core-1.zip: 99%
1/9/2025, 7:35:48 PM GMT+1 [Modules] Streaming discord_desktop_core@1 to /home/arch/.config/discord/0.0.79/modules/pending/discord_desktop_core-1.zip: 100%
1/9/2025, 7:35:48 PM GMT+1 [Modules] Fetching discord_erlpack@1 from https://discord.com/api/modules/stable/discord_erlpack/1
1/9/2025, 7:35:48 PM GMT+1 [Modules] Streaming discord_erlpack@1 to /home/arch/.config/discord/0.0.79/modules/pending/discord_erlpack-1.zip
1/9/2025, 7:35:48 PM GMT+1 [Modules] Streaming discord_erlpack@1 to /home/arch/.config/discord/0.0.79/modules/pending/discord_erlpack-1.zip: 1%
1/9/2025, 7:35:48 PM GMT+1 [Modules] Streaming discord_erlpack@1 to /home/arch/.config/discord/0.0.79/modules/pending/discord_erlpack-1.zip: 2%
1/9/2025, 7:35:48 PM GMT+1 [Modules] Streaming discord_erlpack@1 to /home/arch/.config/discord/0.0.79/modules/pending/discord_erlpack-1.zip: 3%
1/9/2025, 7:35:48 PM GMT+1 [Modules] Streaming discord_erlpack@1 to /home/arch/.config/discord/0.0.79/modules/pending/discord_erlpack-1.zip: 4%
1/9/2025, 7:35:48 PM GMT+1 [Modules] Streaming discord_erlpack@1 to /home/arch/.config/discord/0.0.79/modules/pending/discord_erlpack-1.zip: 5%
1/9/2025, 7:35:48 PM GMT+1 [Modules] Streaming discord_erlpack@1 to /home/arch/.config/discord/0.0.79/modules/pending/discord_erlpack-1.zip: 6%
1/9/2025, 7:35:48 PM GMT+1 [Modules] Streaming discord_erlpack@1 to /home/arch/.config/discord/0.0.79/modules/pending/discord_erlpack-1.zip: 7%
1/9/2025, 7:35:48 PM GMT+1 [Modules] Streaming discord_erlpack@1 to /home/arch/.config/discord/0.0.79/modules/pending/discord_erlpack-1.zip: 8%
1/9/2025, 7:35:49 PM GMT+1 [Modules] Streaming discord_erlpack@1 to /home/arch/.config/discord/0.0.79/modules/pending/discord_erlpack-1.zip: 9%
1/9/2025, 7:35:49 PM GMT+1 [Modules] Streaming discord_erlpack@1 to /home/arch/.config/discord/0.0.79/modules/pending/discord_erlpack-1.zip: 10%
1/9/2025, 7:35:49 PM GMT+1 [Modules] Streaming discord_erlpack@1 to /home/arch/.config/discord/0.0.79/modules/pending/discord_erlpack-1.zip: 11%
1/9/2025, 7:35:49 PM GMT+1 [Modules] Streaming discord_erlpack@1 to /home/arch/.config/discord/0.0.79/modules/pending/discord_erlpack-1.zip: 12%
1/9/2025, 7:35:49 PM GMT+1 [Modules] Streaming discord_erlpack@1 to /home/arch/.config/discord/0.0.79/modules/pending/discord_erlpack-1.zip: 13%
1/9/2025, 7:35:49 PM GMT+1 [Modules] Streaming discord_erlpack@1 to /home/arch/.config/discord/0.0.79/modules/pending/discord_erlpack-1.zip: 14%
1/9/2025, 7:35:49 PM GMT+1 [Modules] Streaming discord_erlpack@1 to /home/arch/.config/discord/0.0.79/modules/pending/discord_erlpack-1.zip: 15%
1/9/2025, 7:35:49 PM GMT+1 [Modules] Streaming discord_erlpack@1 to /home/arch/.config/discord/0.0.79/modules/pending/discord_erlpack-1.zip: 16%
1/9/2025, 7:35:49 PM GMT+1 [Modules] Streaming discord_erlpack@1 to /home/arch/.config/discord/0.0.79/modules/pending/discord_erlpack-1.zip: 17%
1/9/2025, 7:35:49 PM GMT+1 [Modules] Streaming discord_erlpack@1 to /home/arch/.config/discord/0.0.79/modules/pending/discord_erlpack-1.zip: 18%
1/9/2025, 7:35:49 PM GMT+1 [Modules] Streaming discord_erlpack@1 to /home/arch/.config/discord/0.0.79/modules/pending/discord_erlpack-1.zip: 19%
1/9/2025, 7:35:49 PM GMT+1 [Modules] Streaming discord_erlpack@1 to /home/arch/.config/discord/0.0.79/modules/pending/discord_erlpack-1.zip: 20%
1/9/2025, 7:35:49 PM GMT+1 [Modules] Streaming discord_erlpack@1 to /home/arch/.config/discord/0.0.79/modules/pending/discord_erlpack-1.zip: 21%
1/9/2025, 7:35:49 PM GMT+1 [Modules] Streaming discord_erlpack@1 to /home/arch/.config/discord/0.0.79/modules/pending/discord_erlpack-1.zip: 22%
1/9/2025, 7:35:49 PM GMT+1 [Modules] Streaming discord_erlpack@1 to /home/arch/.config/discord/0.0.79/modules/pending/discord_erlpack-1.zip: 23%
1/9/2025, 7:35:49 PM GMT+1 [Modules] Streaming discord_erlpack@1 to /home/arch/.config/discord/0.0.79/modules/pending/discord_erlpack-1.zip: 24%
1/9/2025, 7:35:49 PM GMT+1 [Modules] Streaming discord_erlpack@1 to /home/arch/.config/discord/0.0.79/modules/pending/discord_erlpack-1.zip: 25%
1/9/2025, 7:35:49 PM GMT+1 [Modules] Streaming discord_erlpack@1 to /home/arch/.config/discord/0.0.79/modules/pending/discord_erlpack-1.zip: 26%
1/9/2025, 7:35:49 PM GMT+1 [Modules] Streaming discord_erlpack@1 to /home/arch/.config/discord/0.0.79/modules/pending/discord_erlpack-1.zip: 27%
1/9/2025, 7:35:49 PM GMT+1 [Modules] Streaming discord_erlpack@1 to /home/arch/.config/discord/0.0.79/modules/pending/discord_erlpack-1.zip: 28%
1/9/2025, 7:35:49 PM GMT+1 [Modules] Streaming discord_erlpack@1 to /home/arch/.config/discord/0.0.79/modules/pending/discord_erlpack-1.zip: 29%
1/9/2025, 7:35:49 PM GMT+1 [Modules] Streaming discord_erlpack@1 to /home/arch/.config/discord/0.0.79/modules/pending/discord_erlpack-1.zip: 30%
1/9/2025, 7:35:49 PM GMT+1 [Modules] Streaming discord_erlpack@1 to /home/arch/.config/discord/0.0.79/modules/pending/discord_erlpack-1.zip: 31%
1/9/2025, 7:35:49 PM GMT+1 [Modules] Streaming discord_erlpack@1 to /home/arch/.config/discord/0.0.79/modules/pending/discord_erlpack-1.zip: 33%
1/9/2025, 7:35:49 PM GMT+1 [Modules] Streaming discord_erlpack@1 to /home/arch/.config/discord/0.0.79/modules/pending/discord_erlpack-1.zip: 34%
1/9/2025, 7:35:49 PM GMT+1 [Modules] Streaming discord_erlpack@1 to /home/arch/.config/discord/0.0.79/modules/pending/discord_erlpack-1.zip: 37%
1/9/2025, 7:35:49 PM GMT+1 [Modules] Streaming discord_erlpack@1 to /home/arch/.config/discord/0.0.79/modules/pending/discord_erlpack-1.zip: 38%
1/9/2025, 7:35:49 PM GMT+1 [Modules] Streaming discord_erlpack@1 to /home/arch/.config/discord/0.0.79/modules/pending/discord_erlpack-1.zip: 39%
1/9/2025, 7:35:49 PM GMT+1 [Modules] Streaming discord_erlpack@1 to /home/arch/.config/discord/0.0.79/modules/pending/discord_erlpack-1.zip: 40%
1/9/2025, 7:35:49 PM GMT+1 [Modules] Streaming discord_erlpack@1 to /home/arch/.config/discord/0.0.79/modules/pending/discord_erlpack-1.zip: 41%
1/9/2025, 7:35:49 PM GMT+1 [Modules] Streaming discord_erlpack@1 to /home/arch/.config/discord/0.0.79/modules/pending/discord_erlpack-1.zip: 42%
1/9/2025, 7:35:49 PM GMT+1 [Modules] Streaming discord_erlpack@1 to /home/arch/.config/discord/0.0.79/modules/pending/discord_erlpack-1.zip: 43%
1/9/2025, 7:35:49 PM GMT+1 [Modules] Streaming discord_erlpack@1 to /home/arch/.config/discord/0.0.79/modules/pending/discord_erlpack-1.zip: 44%
1/9/2025, 7:35:49 PM GMT+1 [Modules] Streaming discord_erlpack@1 to /home/arch/.config/discord/0.0.79/modules/pending/discord_erlpack-1.zip: 45%
1/9/2025, 7:35:49 PM GMT+1 [Modules] Streaming discord_erlpack@1 to /home/arch/.config/discord/0.0.79/modules/pending/discord_erlpack-1.zip: 46%
1/9/2025, 7:35:49 PM GMT+1 [Modules] Streaming discord_erlpack@1 to /home/arch/.config/discord/0.0.79/modules/pending/discord_erlpack-1.zip: 47%
1/9/2025, 7:35:49 PM GMT+1 [Modules] Streaming discord_erlpack@1 to /home/arch/.config/discord/0.0.79/modules/pending/discord_erlpack-1.zip: 48%
1/9/2025, 7:35:49 PM GMT+1 [Modules] Streaming discord_erlpack@1 to /home/arch/.config/discord/0.0.79/modules/pending/discord_erlpack-1.zip: 49%
1/9/2025, 7:35:49 PM GMT+1 [Modules] Streaming discord_erlpack@1 to /home/arch/.config/discord/0.0.79/modules/pending/discord_erlpack-1.zip: 50%
1/9/2025, 7:35:49 PM GMT+1 [Modules] Streaming discord_erlpack@1 to /home/arch/.config/discord/0.0.79/modules/pending/discord_erlpack-1.zip: 51%
1/9/2025, 7:35:49 PM GMT+1 [Modules] Streaming discord_erlpack@1 to /home/arch/.config/discord/0.0.79/modules/pending/discord_erlpack-1.zip: 52%
1/9/2025, 7:35:49 PM GMT+1 [Modules] Streaming discord_erlpack@1 to /home/arch/.config/discord/0.0.79/modules/pending/discord_erlpack-1.zip: 53%
1/9/2025, 7:35:49 PM GMT+1 [Modules] Streaming discord_erlpack@1 to /home/arch/.config/discord/0.0.79/modules/pending/discord_erlpack-1.zip: 54%
1/9/2025, 7:35:49 PM GMT+1 [Modules] Streaming discord_erlpack@1 to /home/arch/.config/discord/0.0.79/modules/pending/discord_erlpack-1.zip: 55%
1/9/2025, 7:35:49 PM GMT+1 [Modules] Streaming discord_erlpack@1 to /home/arch/.config/discord/0.0.79/modules/pending/discord_erlpack-1.zip: 56%
1/9/2025, 7:35:49 PM GMT+1 [Modules] Streaming discord_erlpack@1 to /home/arch/.config/discord/0.0.79/modules/pending/discord_erlpack-1.zip: 57%
1/9/2025, 7:35:49 PM GMT+1 [Modules] Streaming discord_erlpack@1 to /home/arch/.config/discord/0.0.79/modules/pending/discord_erlpack-1.zip: 58%
1/9/2025, 7:35:49 PM GMT+1 [Modules] Streaming discord_erlpack@1 to /home/arch/.config/discord/0.0.79/modules/pending/discord_erlpack-1.zip: 59%
1/9/2025, 7:35:49 PM GMT+1 [Modules] Streaming discord_erlpack@1 to /home/arch/.config/discord/0.0.79/modules/pending/discord_erlpack-1.zip: 60%
1/9/2025, 7:35:49 PM GMT+1 [Modules] Streaming discord_erlpack@1 to /home/arch/.config/discord/0.0.79/modules/pending/discord_erlpack-1.zip: 61%
1/9/2025, 7:35:49 PM GMT+1 [Modules] Streaming discord_erlpack@1 to /home/arch/.config/discord/0.0.79/modules/pending/discord_erlpack-1.zip: 62%
1/9/2025, 7:35:49 PM GMT+1 [Modules] Streaming discord_erlpack@1 to /home/arch/.config/discord/0.0.79/modules/pending/discord_erlpack-1.zip: 63%
1/9/2025, 7:35:49 PM GMT+1 [Modules] Streaming discord_erlpack@1 to /home/arch/.config/discord/0.0.79/modules/pending/discord_erlpack-1.zip: 64%
1/9/2025, 7:35:49 PM GMT+1 [Modules] Streaming discord_erlpack@1 to /home/arch/.config/discord/0.0.79/modules/pending/discord_erlpack-1.zip: 65%
1/9/2025, 7:35:49 PM GMT+1 [Modules] Streaming discord_erlpack@1 to /home/arch/.config/discord/0.0.79/modules/pending/discord_erlpack-1.zip: 66%
1/9/2025, 7:35:49 PM GMT+1 [Modules] Streaming discord_erlpack@1 to /home/arch/.config/discord/0.0.79/modules/pending/discord_erlpack-1.zip: 67%
1/9/2025, 7:35:49 PM GMT+1 [Modules] Streaming discord_erlpack@1 to /home/arch/.config/discord/0.0.79/modules/pending/discord_erlpack-1.zip: 68%
1/9/2025, 7:35:49 PM GMT+1 [Modules] Streaming discord_erlpack@1 to /home/arch/.config/discord/0.0.79/modules/pending/discord_erlpack-1.zip: 69%
1/9/2025, 7:35:49 PM GMT+1 [Modules] Streaming discord_erlpack@1 to /home/arch/.config/discord/0.0.79/modules/pending/discord_erlpack-1.zip: 70%
1/9/2025, 7:35:49 PM GMT+1 [Modules] Streaming discord_erlpack@1 to /home/arch/.config/discord/0.0.79/modules/pending/discord_erlpack-1.zip: 71%
1/9/2025, 7:35:49 PM GMT+1 [Modules] Streaming discord_erlpack@1 to /home/arch/.config/discord/0.0.79/modules/pending/discord_erlpack-1.zip: 72%
1/9/2025, 7:35:49 PM GMT+1 [Modules] Streaming discord_erlpack@1 to /home/arch/.config/discord/0.0.79/modules/pending/discord_erlpack-1.zip: 73%
1/9/2025, 7:35:49 PM GMT+1 [Modules] Streaming discord_erlpack@1 to /home/arch/.config/discord/0.0.79/modules/pending/discord_erlpack-1.zip: 74%
1/9/2025, 7:35:49 PM GMT+1 [Modules] Streaming discord_erlpack@1 to /home/arch/.config/discord/0.0.79/modules/pending/discord_erlpack-1.zip: 75%
1/9/2025, 7:35:49 PM GMT+1 [Modules] Streaming discord_erlpack@1 to /home/arch/.config/discord/0.0.79/modules/pending/discord_erlpack-1.zip: 76%
1/9/2025, 7:35:49 PM GMT+1 [Modules] Streaming discord_erlpack@1 to /home/arch/.config/discord/0.0.79/modules/pending/discord_erlpack-1.zip: 77%
1/9/2025, 7:35:49 PM GMT+1 [Modules] Streaming discord_erlpack@1 to /home/arch/.config/discord/0.0.79/modules/pending/discord_erlpack-1.zip: 78%
1/9/2025, 7:35:49 PM GMT+1 [Modules] Streaming discord_erlpack@1 to /home/arch/.config/discord/0.0.79/modules/pending/discord_erlpack-1.zip: 79%
1/9/2025, 7:35:49 PM GMT+1 [Modules] Streaming discord_erlpack@1 to /home/arch/.config/discord/0.0.79/modules/pending/discord_erlpack-1.zip: 80%
1/9/2025, 7:35:49 PM GMT+1 [Modules] Streaming discord_erlpack@1 to /home/arch/.config/discord/0.0.79/modules/pending/discord_erlpack-1.zip: 81%
1/9/2025, 7:35:49 PM GMT+1 [Modules] Streaming discord_erlpack@1 to /home/arch/.config/discord/0.0.79/modules/pending/discord_erlpack-1.zip: 82%
1/9/2025, 7:35:49 PM GMT+1 [Modules] Streaming discord_erlpack@1 to /home/arch/.config/discord/0.0.79/modules/pending/discord_erlpack-1.zip: 83%
1/9/2025, 7:35:49 PM GMT+1 [Modules] Streaming discord_erlpack@1 to /home/arch/.config/discord/0.0.79/modules/pending/discord_erlpack-1.zip: 84%
1/9/2025, 7:35:49 PM GMT+1 [Modules] Streaming discord_erlpack@1 to /home/arch/.config/discord/0.0.79/modules/pending/discord_erlpack-1.zip: 85%
1/9/2025, 7:35:49 PM GMT+1 [Modules] Streaming discord_erlpack@1 to /home/arch/.config/discord/0.0.79/modules/pending/discord_erlpack-1.zip: 89%
1/9/2025, 7:35:49 PM GMT+1 [Modules] Streaming discord_erlpack@1 to /home/arch/.config/discord/0.0.79/modules/pending/discord_erlpack-1.zip: 92%
1/9/2025, 7:35:49 PM GMT+1 [Modules] Streaming discord_erlpack@1 to /home/arch/.config/discord/0.0.79/modules/pending/discord_erlpack-1.zip: 93%
1/9/2025, 7:35:49 PM GMT+1 [Modules] Streaming discord_erlpack@1 to /home/arch/.config/discord/0.0.79/modules/pending/discord_erlpack-1.zip: 94%
1/9/2025, 7:35:49 PM GMT+1 [Modules] Streaming discord_erlpack@1 to /home/arch/.config/discord/0.0.79/modules/pending/discord_erlpack-1.zip: 95%
1/9/2025, 7:35:49 PM GMT+1 [Modules] Streaming discord_erlpack@1 to /home/arch/.config/discord/0.0.79/modules/pending/discord_erlpack-1.zip: 96%
1/9/2025, 7:35:49 PM GMT+1 [Modules] Streaming discord_erlpack@1 to /home/arch/.config/discord/0.0.79/modules/pending/discord_erlpack-1.zip: 97%
1/9/2025, 7:35:49 PM GMT+1 [Modules] Streaming discord_erlpack@1 to /home/arch/.config/discord/0.0.79/modules/pending/discord_erlpack-1.zip: 98%
1/9/2025, 7:35:49 PM GMT+1 [Modules] Streaming discord_erlpack@1 to /home/arch/.config/discord/0.0.79/modules/pending/discord_erlpack-1.zip: 99%
1/9/2025, 7:35:49 PM GMT+1 [Modules] Streaming discord_erlpack@1 to /home/arch/.config/discord/0.0.79/modules/pending/discord_erlpack-1.zip: 100%
1/9/2025, 7:35:49 PM GMT+1 [Modules] Fetching discord_spellcheck@1 from https://discord.com/api/modules/stable/discord_spellcheck/1
1/9/2025, 7:35:49 PM GMT+1 [Modules] Streaming discord_spellcheck@1 to /home/arch/.config/discord/0.0.79/modules/pending/discord_spellcheck-1.zip
1/9/2025, 7:35:49 PM GMT+1 [Modules] Streaming discord_spellcheck@1 to /home/arch/.config/discord/0.0.79/modules/pending/discord_spellcheck-1.zip: 1%
1/9/2025, 7:35:49 PM GMT+1 [Modules] Streaming discord_spellcheck@1 to /home/arch/.config/discord/0.0.79/modules/pending/discord_spellcheck-1.zip: 2%
1/9/2025, 7:35:49 PM GMT+1 [Modules] Streaming discord_spellcheck@1 to /home/arch/.config/discord/0.0.79/modules/pending/discord_spellcheck-1.zip: 3%
1/9/2025, 7:35:49 PM GMT+1 [Modules] Streaming discord_spellcheck@1 to /home/arch/.config/discord/0.0.79/modules/pending/discord_spellcheck-1.zip: 4%
1/9/2025, 7:35:49 PM GMT+1 [Modules] Streaming discord_spellcheck@1 to /home/arch/.config/discord/0.0.79/modules/pending/discord_spellcheck-1.zip: 5%
1/9/2025, 7:35:49 PM GMT+1 [Modules] Streaming discord_spellcheck@1 to /home/arch/.config/discord/0.0.79/modules/pending/discord_spellcheck-1.zip: 6%
1/9/2025, 7:35:49 PM GMT+1 [Modules] Streaming discord_spellcheck@1 to /home/arch/.config/discord/0.0.79/modules/pending/discord_spellcheck-1.zip: 7%
1/9/2025, 7:35:49 PM GMT+1 [Modules] Streaming discord_spellcheck@1 to /home/arch/.config/discord/0.0.79/modules/pending/discord_spellcheck-1.zip: 8%
1/9/2025, 7:35:49 PM GMT+1 [Modules] Streaming discord_spellcheck@1 to /home/arch/.config/discord/0.0.79/modules/pending/discord_spellcheck-1.zip: 9%
1/9/2025, 7:35:49 PM GMT+1 [Modules] Streaming discord_spellcheck@1 to /home/arch/.config/discord/0.0.79/modules/pending/discord_spellcheck-1.zip: 10%
1/9/2025, 7:35:49 PM GMT+1 [Modules] Streaming discord_spellcheck@1 to /home/arch/.config/discord/0.0.79/modules/pending/discord_spellcheck-1.zip: 11%
1/9/2025, 7:35:49 PM GMT+1 [Modules] Streaming discord_spellcheck@1 to /home/arch/.config/discord/0.0.79/modules/pending/discord_spellcheck-1.zip: 12%
1/9/2025, 7:35:49 PM GMT+1 [Modules] Streaming discord_spellcheck@1 to /home/arch/.config/discord/0.0.79/modules/pending/discord_spellcheck-1.zip: 13%
1/9/2025, 7:35:49 PM GMT+1 [Modules] Streaming discord_spellcheck@1 to /home/arch/.config/discord/0.0.79/modules/pending/discord_spellcheck-1.zip: 14%
1/9/2025, 7:35:49 PM GMT+1 [Modules] Streaming discord_spellcheck@1 to /home/arch/.config/discord/0.0.79/modules/pending/discord_spellcheck-1.zip: 15%
1/9/2025, 7:35:49 PM GMT+1 [Modules] Streaming discord_spellcheck@1 to /home/arch/.config/discord/0.0.79/modules/pending/discord_spellcheck-1.zip: 16%
1/9/2025, 7:35:49 PM GMT+1 [Modules] Streaming discord_spellcheck@1 to /home/arch/.config/discord/0.0.79/modules/pending/discord_spellcheck-1.zip: 17%
1/9/2025, 7:35:49 PM GMT+1 [Modules] Streaming discord_spellcheck@1 to /home/arch/.config/discord/0.0.79/modules/pending/discord_spellcheck-1.zip: 18%
1/9/2025, 7:35:49 PM GMT+1 [Modules] Streaming discord_spellcheck@1 to /home/arch/.config/discord/0.0.79/modules/pending/discord_spellcheck-1.zip: 19%
1/9/2025, 7:35:49 PM GMT+1 [Modules] Streaming discord_spellcheck@1 to /home/arch/.config/discord/0.0.79/modules/pending/discord_spellcheck-1.zip: 20%
1/9/2025, 7:35:49 PM GMT+1 [Modules] Streaming discord_spellcheck@1 to /home/arch/.config/discord/0.0.79/modules/pending/discord_spellcheck-1.zip: 21%
1/9/2025, 7:35:49 PM GMT+1 [Modules] Streaming discord_spellcheck@1 to /home/arch/.config/discord/0.0.79/modules/pending/discord_spellcheck-1.zip: 22%
1/9/2025, 7:35:49 PM GMT+1 [Modules] Streaming discord_spellcheck@1 to /home/arch/.config/discord/0.0.79/modules/pending/discord_spellcheck-1.zip: 23%
1/9/2025, 7:35:49 PM GMT+1 [Modules] Streaming discord_spellcheck@1 to /home/arch/.config/discord/0.0.79/modules/pending/discord_spellcheck-1.zip: 24%
1/9/2025, 7:35:49 PM GMT+1 [Modules] Streaming discord_spellcheck@1 to /home/arch/.config/discord/0.0.79/modules/pending/discord_spellcheck-1.zip: 25%
1/9/2025, 7:35:49 PM GMT+1 [Modules] Streaming discord_spellcheck@1 to /home/arch/.config/discord/0.0.79/modules/pending/discord_spellcheck-1.zip: 26%
1/9/2025, 7:35:49 PM GMT+1 [Modules] Streaming discord_spellcheck@1 to /home/arch/.config/discord/0.0.79/modules/pending/discord_spellcheck-1.zip: 27%
1/9/2025, 7:35:49 PM GMT+1 [Modules] Streaming discord_spellcheck@1 to /home/arch/.config/discord/0.0.79/modules/pending/discord_spellcheck-1.zip: 28%
1/9/2025, 7:35:49 PM GMT+1 [Modules] Streaming discord_spellcheck@1 to /home/arch/.config/discord/0.0.79/modules/pending/discord_spellcheck-1.zip: 29%
1/9/2025, 7:35:49 PM GMT+1 [Modules] Streaming discord_spellcheck@1 to /home/arch/.config/discord/0.0.79/modules/pending/discord_spellcheck-1.zip: 30%
1/9/2025, 7:35:49 PM GMT+1 [Modules] Streaming discord_spellcheck@1 to /home/arch/.config/discord/0.0.79/modules/pending/discord_spellcheck-1.zip: 31%
1/9/2025, 7:35:49 PM GMT+1 [Modules] Streaming discord_spellcheck@1 to /home/arch/.config/discord/0.0.79/modules/pending/discord_spellcheck-1.zip: 32%
1/9/2025, 7:35:49 PM GMT+1 [Modules] Streaming discord_spellcheck@1 to /home/arch/.config/discord/0.0.79/modules/pending/discord_spellcheck-1.zip: 33%
1/9/2025, 7:35:49 PM GMT+1 [Modules] Streaming discord_spellcheck@1 to /home/arch/.config/discord/0.0.79/modules/pending/discord_spellcheck-1.zip: 34%
1/9/2025, 7:35:49 PM GMT+1 [Modules] Streaming discord_spellcheck@1 to /home/arch/.config/discord/0.0.79/modules/pending/discord_spellcheck-1.zip: 35%
1/9/2025, 7:35:49 PM GMT+1 [Modules] Streaming discord_spellcheck@1 to /home/arch/.config/discord/0.0.79/modules/pending/discord_spellcheck-1.zip: 36%
1/9/2025, 7:35:49 PM GMT+1 [Modules] Streaming discord_spellcheck@1 to /home/arch/.config/discord/0.0.79/modules/pending/discord_spellcheck-1.zip: 37%
1/9/2025, 7:35:49 PM GMT+1 [Modules] Streaming discord_spellcheck@1 to /home/arch/.config/discord/0.0.79/modules/pending/discord_spellcheck-1.zip: 38%
1/9/2025, 7:35:49 PM GMT+1 [Modules] Streaming discord_spellcheck@1 to /home/arch/.config/discord/0.0.79/modules/pending/discord_spellcheck-1.zip: 39%
1/9/2025, 7:35:49 PM GMT+1 [Modules] Streaming discord_spellcheck@1 to /home/arch/.config/discord/0.0.79/modules/pending/discord_spellcheck-1.zip: 40%
1/9/2025, 7:35:49 PM GMT+1 [Modules] Streaming discord_spellcheck@1 to /home/arch/.config/discord/0.0.79/modules/pending/discord_spellcheck-1.zip: 41%
1/9/2025, 7:35:49 PM GMT+1 [Modules] Streaming discord_spellcheck@1 to /home/arch/.config/discord/0.0.79/modules/pending/discord_spellcheck-1.zip: 42%
1/9/2025, 7:35:49 PM GMT+1 [Modules] Streaming discord_spellcheck@1 to /home/arch/.config/discord/0.0.79/modules/pending/discord_spellcheck-1.zip: 43%
1/9/2025, 7:35:49 PM GMT+1 [Modules] Streaming discord_spellcheck@1 to /home/arch/.config/discord/0.0.79/modules/pending/discord_spellcheck-1.zip: 44%
1/9/2025, 7:35:49 PM GMT+1 [Modules] Streaming discord_spellcheck@1 to /home/arch/.config/discord/0.0.79/modules/pending/discord_spellcheck-1.zip: 45%
1/9/2025, 7:35:49 PM GMT+1 [Modules] Streaming discord_spellcheck@1 to /home/arch/.config/discord/0.0.79/modules/pending/discord_spellcheck-1.zip: 46%
1/9/2025, 7:35:49 PM GMT+1 [Modules] Streaming discord_spellcheck@1 to /home/arch/.config/discord/0.0.79/modules/pending/discord_spellcheck-1.zip: 47%
1/9/2025, 7:35:49 PM GMT+1 [Modules] Streaming discord_spellcheck@1 to /home/arch/.config/discord/0.0.79/modules/pending/discord_spellcheck-1.zip: 48%
1/9/2025, 7:35:49 PM GMT+1 [Modules] Streaming discord_spellcheck@1 to /home/arch/.config/discord/0.0.79/modules/pending/discord_spellcheck-1.zip: 49%
1/9/2025, 7:35:49 PM GMT+1 [Modules] Streaming discord_spellcheck@1 to /home/arch/.config/discord/0.0.79/modules/pending/discord_spellcheck-1.zip: 50%
1/9/2025, 7:35:50 PM GMT+1 [Modules] Streaming discord_spellcheck@1 to /home/arch/.config/discord/0.0.79/modules/pending/discord_spellcheck-1.zip: 51%
1/9/2025, 7:35:50 PM GMT+1 [Modules] Streaming discord_spellcheck@1 to /home/arch/.config/discord/0.0.79/modules/pending/discord_spellcheck-1.zip: 52%
1/9/2025, 7:35:50 PM GMT+1 [Modules] Streaming discord_spellcheck@1 to /home/arch/.config/discord/0.0.79/modules/pending/discord_spellcheck-1.zip: 53%
1/9/2025, 7:35:50 PM GMT+1 [Modules] Streaming discord_spellcheck@1 to /home/arch/.config/discord/0.0.79/modules/pending/discord_spellcheck-1.zip: 54%
1/9/2025, 7:35:50 PM GMT+1 [Modules] Streaming discord_spellcheck@1 to /home/arch/.config/discord/0.0.79/modules/pending/discord_spellcheck-1.zip: 55%
1/9/2025, 7:35:50 PM GMT+1 [Modules] Streaming discord_spellcheck@1 to /home/arch/.config/discord/0.0.79/modules/pending/discord_spellcheck-1.zip: 56%
1/9/2025, 7:35:50 PM GMT+1 [Modules] Streaming discord_spellcheck@1 to /home/arch/.config/discord/0.0.79/modules/pending/discord_spellcheck-1.zip: 57%
1/9/2025, 7:35:50 PM GMT+1 [Modules] Streaming discord_spellcheck@1 to /home/arch/.config/discord/0.0.79/modules/pending/discord_spellcheck-1.zip: 58%
1/9/2025, 7:35:50 PM GMT+1 [Modules] Streaming discord_spellcheck@1 to /home/arch/.config/discord/0.0.79/modules/pending/discord_spellcheck-1.zip: 59%
1/9/2025, 7:35:50 PM GMT+1 [Modules] Streaming discord_spellcheck@1 to /home/arch/.config/discord/0.0.79/modules/pending/discord_spellcheck-1.zip: 60%
1/9/2025, 7:35:50 PM GMT+1 [Modules] Streaming discord_spellcheck@1 to /home/arch/.config/discord/0.0.79/modules/pending/discord_spellcheck-1.zip: 61%
1/9/2025, 7:35:50 PM GMT+1 [Modules] Streaming discord_spellcheck@1 to /home/arch/.config/discord/0.0.79/modules/pending/discord_spellcheck-1.zip: 62%
1/9/2025, 7:35:50 PM GMT+1 [Modules] Streaming discord_spellcheck@1 to /home/arch/.config/discord/0.0.79/modules/pending/discord_spellcheck-1.zip: 63%
1/9/2025, 7:35:50 PM GMT+1 [Modules] Streaming discord_spellcheck@1 to /home/arch/.config/discord/0.0.79/modules/pending/discord_spellcheck-1.zip: 64%
1/9/2025, 7:35:50 PM GMT+1 [Modules] Streaming discord_spellcheck@1 to /home/arch/.config/discord/0.0.79/modules/pending/discord_spellcheck-1.zip: 65%
1/9/2025, 7:35:50 PM GMT+1 [Modules] Streaming discord_spellcheck@1 to /home/arch/.config/discord/0.0.79/modules/pending/discord_spellcheck-1.zip: 66%
1/9/2025, 7:35:50 PM GMT+1 [Modules] Streaming discord_spellcheck@1 to /home/arch/.config/discord/0.0.79/modules/pending/discord_spellcheck-1.zip: 67%
1/9/2025, 7:35:50 PM GMT+1 [Modules] Streaming discord_spellcheck@1 to /home/arch/.config/discord/0.0.79/modules/pending/discord_spellcheck-1.zip: 68%
1/9/2025, 7:35:50 PM GMT+1 [Modules] Streaming discord_spellcheck@1 to /home/arch/.config/discord/0.0.79/modules/pending/discord_spellcheck-1.zip: 69%
1/9/2025, 7:35:50 PM GMT+1 [Modules] Streaming discord_spellcheck@1 to /home/arch/.config/discord/0.0.79/modules/pending/discord_spellcheck-1.zip: 70%
1/9/2025, 7:35:50 PM GMT+1 [Modules] Streaming discord_spellcheck@1 to /home/arch/.config/discord/0.0.79/modules/pending/discord_spellcheck-1.zip: 71%
1/9/2025, 7:35:50 PM GMT+1 [Modules] Streaming discord_spellcheck@1 to /home/arch/.config/discord/0.0.79/modules/pending/discord_spellcheck-1.zip: 72%
1/9/2025, 7:35:50 PM GMT+1 [Modules] Streaming discord_spellcheck@1 to /home/arch/.config/discord/0.0.79/modules/pending/discord_spellcheck-1.zip: 73%
1/9/2025, 7:35:50 PM GMT+1 [Modules] Streaming discord_spellcheck@1 to /home/arch/.config/discord/0.0.79/modules/pending/discord_spellcheck-1.zip: 74%
1/9/2025, 7:35:50 PM GMT+1 [Modules] Streaming discord_spellcheck@1 to /home/arch/.config/discord/0.0.79/modules/pending/discord_spellcheck-1.zip: 75%
1/9/2025, 7:35:50 PM GMT+1 [Modules] Streaming discord_spellcheck@1 to /home/arch/.config/discord/0.0.79/modules/pending/discord_spellcheck-1.zip: 76%
1/9/2025, 7:35:50 PM GMT+1 [Modules] Streaming discord_spellcheck@1 to /home/arch/.config/discord/0.0.79/modules/pending/discord_spellcheck-1.zip: 77%
1/9/2025, 7:35:50 PM GMT+1 [Modules] Streaming discord_spellcheck@1 to /home/arch/.config/discord/0.0.79/modules/pending/discord_spellcheck-1.zip: 78%
1/9/2025, 7:35:50 PM GMT+1 [Modules] Streaming discord_spellcheck@1 to /home/arch/.config/discord/0.0.79/modules/pending/discord_spellcheck-1.zip: 79%
1/9/2025, 7:35:50 PM GMT+1 [Modules] Streaming discord_spellcheck@1 to /home/arch/.config/discord/0.0.79/modules/pending/discord_spellcheck-1.zip: 80%
1/9/2025, 7:35:50 PM GMT+1 [Modules] Streaming discord_spellcheck@1 to /home/arch/.config/discord/0.0.79/modules/pending/discord_spellcheck-1.zip: 81%
1/9/2025, 7:35:50 PM GMT+1 [Modules] Streaming discord_spellcheck@1 to /home/arch/.config/discord/0.0.79/modules/pending/discord_spellcheck-1.zip: 82%
1/9/2025, 7:35:50 PM GMT+1 [Modules] Streaming discord_spellcheck@1 to /home/arch/.config/discord/0.0.79/modules/pending/discord_spellcheck-1.zip: 83%
1/9/2025, 7:35:50 PM GMT+1 [Modules] Streaming discord_spellcheck@1 to /home/arch/.config/discord/0.0.79/modules/pending/discord_spellcheck-1.zip: 84%
1/9/2025, 7:35:50 PM GMT+1 [Modules] Streaming discord_spellcheck@1 to /home/arch/.config/discord/0.0.79/modules/pending/discord_spellcheck-1.zip: 85%
1/9/2025, 7:35:50 PM GMT+1 [Modules] Streaming discord_spellcheck@1 to /home/arch/.config/discord/0.0.79/modules/pending/discord_spellcheck-1.zip: 86%
1/9/2025, 7:35:50 PM GMT+1 [Modules] Streaming discord_spellcheck@1 to /home/arch/.config/discord/0.0.79/modules/pending/discord_spellcheck-1.zip: 87%
1/9/2025, 7:35:50 PM GMT+1 [Modules] Streaming discord_spellcheck@1 to /home/arch/.config/discord/0.0.79/modules/pending/discord_spellcheck-1.zip: 88%
1/9/2025, 7:35:50 PM GMT+1 [Modules] Streaming discord_spellcheck@1 to /home/arch/.config/discord/0.0.79/modules/pending/discord_spellcheck-1.zip: 89%
1/9/2025, 7:35:50 PM GMT+1 [Modules] Streaming discord_spellcheck@1 to /home/arch/.config/discord/0.0.79/modules/pending/discord_spellcheck-1.zip: 90%
1/9/2025, 7:35:50 PM GMT+1 [Modules] Streaming discord_spellcheck@1 to /home/arch/.config/discord/0.0.79/modules/pending/discord_spellcheck-1.zip: 91%
1/9/2025, 7:35:50 PM GMT+1 [Modules] Streaming discord_spellcheck@1 to /home/arch/.config/discord/0.0.79/modules/pending/discord_spellcheck-1.zip: 92%
1/9/2025, 7:35:50 PM GMT+1 [Modules] Streaming discord_spellcheck@1 to /home/arch/.config/discord/0.0.79/modules/pending/discord_spellcheck-1.zip: 93%
1/9/2025, 7:35:50 PM GMT+1 [Modules] Streaming discord_spellcheck@1 to /home/arch/.config/discord/0.0.79/modules/pending/discord_spellcheck-1.zip: 94%
1/9/2025, 7:35:50 PM GMT+1 [Modules] Streaming discord_spellcheck@1 to /home/arch/.config/discord/0.0.79/modules/pending/discord_spellcheck-1.zip: 95%
1/9/2025, 7:35:50 PM GMT+1 [Modules] Streaming discord_spellcheck@1 to /home/arch/.config/discord/0.0.79/modules/pending/discord_spellcheck-1.zip: 96%
1/9/2025, 7:35:50 PM GMT+1 [Modules] Streaming discord_spellcheck@1 to /home/arch/.config/discord/0.0.79/modules/pending/discord_spellcheck-1.zip: 97%
1/9/2025, 7:35:50 PM GMT+1 [Modules] Streaming discord_spellcheck@1 to /home/arch/.config/discord/0.0.79/modules/pending/discord_spellcheck-1.zip: 98%
1/9/2025, 7:35:50 PM GMT+1 [Modules] Streaming discord_spellcheck@1 to /home/arch/.config/discord/0.0.79/modules/pending/discord_spellcheck-1.zip: 99%
1/9/2025, 7:35:50 PM GMT+1 [Modules] Streaming discord_spellcheck@1 to /home/arch/.config/discord/0.0.79/modules/pending/discord_spellcheck-1.zip: 100%
1/9/2025, 7:35:50 PM GMT+1 [Modules] Fetching discord_utils@1 from https://discord.com/api/modules/stable/discord_utils/1
1/9/2025, 7:35:50 PM GMT+1 [Modules] Streaming discord_utils@1 to /home/arch/.config/discord/0.0.79/modules/pending/discord_utils-1.zip
1/9/2025, 7:35:50 PM GMT+1 [Modules] Streaming discord_utils@1 to /home/arch/.config/discord/0.0.79/modules/pending/discord_utils-1.zip: 1%
1/9/2025, 7:35:50 PM GMT+1 [Modules] Streaming discord_utils@1 to /home/arch/.config/discord/0.0.79/modules/pending/discord_utils-1.zip: 2%
1/9/2025, 7:35:50 PM GMT+1 [Modules] Streaming discord_utils@1 to /home/arch/.config/discord/0.0.79/modules/pending/discord_utils-1.zip: 3%
1/9/2025, 7:35:50 PM GMT+1 [Modules] Streaming discord_utils@1 to /home/arch/.config/discord/0.0.79/modules/pending/discord_utils-1.zip: 4%
1/9/2025, 7:35:50 PM GMT+1 [Modules] Streaming discord_utils@1 to /home/arch/.config/discord/0.0.79/modules/pending/discord_utils-1.zip: 5%
1/9/2025, 7:35:50 PM GMT+1 [Modules] Streaming discord_utils@1 to /home/arch/.config/discord/0.0.79/modules/pending/discord_utils-1.zip: 6%
1/9/2025, 7:35:50 PM GMT+1 [Modules] Streaming discord_utils@1 to /home/arch/.config/discord/0.0.79/modules/pending/discord_utils-1.zip: 7%
1/9/2025, 7:35:50 PM GMT+1 [Modules] Streaming discord_utils@1 to /home/arch/.config/discord/0.0.79/modules/pending/discord_utils-1.zip: 8%
1/9/2025, 7:35:50 PM GMT+1 [Modules] Streaming discord_utils@1 to /home/arch/.config/discord/0.0.79/modules/pending/discord_utils-1.zip: 9%
1/9/2025, 7:35:50 PM GMT+1 [Modules] Streaming discord_utils@1 to /home/arch/.config/discord/0.0.79/modules/pending/discord_utils-1.zip: 10%
1/9/2025, 7:35:50 PM GMT+1 [Modules] Streaming discord_utils@1 to /home/arch/.config/discord/0.0.79/modules/pending/discord_utils-1.zip: 11%
1/9/2025, 7:35:50 PM GMT+1 [Modules] Streaming discord_utils@1 to /home/arch/.config/discord/0.0.79/modules/pending/discord_utils-1.zip: 12%
1/9/2025, 7:35:50 PM GMT+1 [Modules] Streaming discord_utils@1 to /home/arch/.config/discord/0.0.79/modules/pending/discord_utils-1.zip: 13%
1/9/2025, 7:35:50 PM GMT+1 [Modules] Streaming discord_utils@1 to /home/arch/.config/discord/0.0.79/modules/pending/discord_utils-1.zip: 14%
1/9/2025, 7:35:50 PM GMT+1 [Modules] Streaming discord_utils@1 to /home/arch/.config/discord/0.0.79/modules/pending/discord_utils-1.zip: 15%
1/9/2025, 7:35:50 PM GMT+1 [Modules] Streaming discord_utils@1 to /home/arch/.config/discord/0.0.79/modules/pending/discord_utils-1.zip: 16%
1/9/2025, 7:35:50 PM GMT+1 [Modules] Streaming discord_utils@1 to /home/arch/.config/discord/0.0.79/modules/pending/discord_utils-1.zip: 17%
1/9/2025, 7:35:50 PM GMT+1 [Modules] Streaming discord_utils@1 to /home/arch/.config/discord/0.0.79/modules/pending/discord_utils-1.zip: 18%
1/9/2025, 7:35:50 PM GMT+1 [Modules] Streaming discord_utils@1 to /home/arch/.config/discord/0.0.79/modules/pending/discord_utils-1.zip: 20%
1/9/2025, 7:35:50 PM GMT+1 [Modules] Streaming discord_utils@1 to /home/arch/.config/discord/0.0.79/modules/pending/discord_utils-1.zip: 21%
1/9/2025, 7:35:50 PM GMT+1 [Modules] Streaming discord_utils@1 to /home/arch/.config/discord/0.0.79/modules/pending/discord_utils-1.zip: 22%
1/9/2025, 7:35:50 PM GMT+1 [Modules] Streaming discord_utils@1 to /home/arch/.config/discord/0.0.79/modules/pending/discord_utils-1.zip: 23%
1/9/2025, 7:35:50 PM GMT+1 [Modules] Streaming discord_utils@1 to /home/arch/.config/discord/0.0.79/modules/pending/discord_utils-1.zip: 24%
1/9/2025, 7:35:50 PM GMT+1 [Modules] Streaming discord_utils@1 to /home/arch/.config/discord/0.0.79/modules/pending/discord_utils-1.zip: 25%
1/9/2025, 7:35:50 PM GMT+1 [Modules] Streaming discord_utils@1 to /home/arch/.config/discord/0.0.79/modules/pending/discord_utils-1.zip: 26%
1/9/2025, 7:35:50 PM GMT+1 [Modules] Streaming discord_utils@1 to /home/arch/.config/discord/0.0.79/modules/pending/discord_utils-1.zip: 27%
1/9/2025, 7:35:50 PM GMT+1 [Modules] Streaming discord_utils@1 to /home/arch/.config/discord/0.0.79/modules/pending/discord_utils-1.zip: 28%
1/9/2025, 7:35:50 PM GMT+1 [Modules] Streaming discord_utils@1 to /home/arch/.config/discord/0.0.79/modules/pending/discord_utils-1.zip: 29%
1/9/2025, 7:35:50 PM GMT+1 [Modules] Streaming discord_utils@1 to /home/arch/.config/discord/0.0.79/modules/pending/discord_utils-1.zip: 30%
1/9/2025, 7:35:50 PM GMT+1 [Modules] Streaming discord_utils@1 to /home/arch/.config/discord/0.0.79/modules/pending/discord_utils-1.zip: 31%
1/9/2025, 7:35:50 PM GMT+1 [Modules] Streaming discord_utils@1 to /home/arch/.config/discord/0.0.79/modules/pending/discord_utils-1.zip: 32%
1/9/2025, 7:35:50 PM GMT+1 [Modules] Streaming discord_utils@1 to /home/arch/.config/discord/0.0.79/modules/pending/discord_utils-1.zip: 33%
1/9/2025, 7:35:50 PM GMT+1 [Modules] Streaming discord_utils@1 to /home/arch/.config/discord/0.0.79/modules/pending/discord_utils-1.zip: 34%
1/9/2025, 7:35:50 PM GMT+1 [Modules] Streaming discord_utils@1 to /home/arch/.config/discord/0.0.79/modules/pending/discord_utils-1.zip: 35%
1/9/2025, 7:35:50 PM GMT+1 [Modules] Streaming discord_utils@1 to /home/arch/.config/discord/0.0.79/modules/pending/discord_utils-1.zip: 36%
1/9/2025, 7:35:50 PM GMT+1 [Modules] Streaming discord_utils@1 to /home/arch/.config/discord/0.0.79/modules/pending/discord_utils-1.zip: 37%
1/9/2025, 7:35:50 PM GMT+1 [Modules] Streaming discord_utils@1 to /home/arch/.config/discord/0.0.79/modules/pending/discord_utils-1.zip: 38%
1/9/2025, 7:35:50 PM GMT+1 [Modules] Streaming discord_utils@1 to /home/arch/.config/discord/0.0.79/modules/pending/discord_utils-1.zip: 39%
1/9/2025, 7:35:50 PM GMT+1 [Modules] Streaming discord_utils@1 to /home/arch/.config/discord/0.0.79/modules/pending/discord_utils-1.zip: 40%
1/9/2025, 7:35:50 PM GMT+1 [Modules] Streaming discord_utils@1 to /home/arch/.config/discord/0.0.79/modules/pending/discord_utils-1.zip: 41%
1/9/2025, 7:35:50 PM GMT+1 [Modules] Streaming discord_utils@1 to /home/arch/.config/discord/0.0.79/modules/pending/discord_utils-1.zip: 42%
1/9/2025, 7:35:50 PM GMT+1 [Modules] Streaming discord_utils@1 to /home/arch/.config/discord/0.0.79/modules/pending/discord_utils-1.zip: 43%
1/9/2025, 7:35:50 PM GMT+1 [Modules] Streaming discord_utils@1 to /home/arch/.config/discord/0.0.79/modules/pending/discord_utils-1.zip: 44%
1/9/2025, 7:35:50 PM GMT+1 [Modules] Streaming discord_utils@1 to /home/arch/.config/discord/0.0.79/modules/pending/discord_utils-1.zip: 45%
1/9/2025, 7:35:50 PM GMT+1 [Modules] Streaming discord_utils@1 to /home/arch/.config/discord/0.0.79/modules/pending/discord_utils-1.zip: 46%
1/9/2025, 7:35:50 PM GMT+1 [Modules] Streaming discord_utils@1 to /home/arch/.config/discord/0.0.79/modules/pending/discord_utils-1.zip: 47%
1/9/2025, 7:35:50 PM GMT+1 [Modules] Streaming discord_utils@1 to /home/arch/.config/discord/0.0.79/modules/pending/discord_utils-1.zip: 48%
1/9/2025, 7:35:50 PM GMT+1 [Modules] Streaming discord_utils@1 to /home/arch/.config/discord/0.0.79/modules/pending/discord_utils-1.zip: 49%
1/9/2025, 7:35:50 PM GMT+1 [Modules] Streaming discord_utils@1 to /home/arch/.config/discord/0.0.79/modules/pending/discord_utils-1.zip: 50%
1/9/2025, 7:35:50 PM GMT+1 [Modules] Streaming discord_utils@1 to /home/arch/.config/discord/0.0.79/modules/pending/discord_utils-1.zip: 51%
1/9/2025, 7:35:50 PM GMT+1 [Modules] Streaming discord_utils@1 to /home/arch/.config/discord/0.0.79/modules/pending/discord_utils-1.zip: 52%
1/9/2025, 7:35:50 PM GMT+1 [Modules] Streaming discord_utils@1 to /home/arch/.config/discord/0.0.79/modules/pending/discord_utils-1.zip: 53%
1/9/2025, 7:35:50 PM GMT+1 [Modules] Streaming discord_utils@1 to /home/arch/.config/discord/0.0.79/modules/pending/discord_utils-1.zip: 54%
1/9/2025, 7:35:50 PM GMT+1 [Modules] Streaming discord_utils@1 to /home/arch/.config/discord/0.0.79/modules/pending/discord_utils-1.zip: 55%
1/9/2025, 7:35:50 PM GMT+1 [Modules] Streaming discord_utils@1 to /home/arch/.config/discord/0.0.79/modules/pending/discord_utils-1.zip: 56%
1/9/2025, 7:35:50 PM GMT+1 [Modules] Streaming discord_utils@1 to /home/arch/.config/discord/0.0.79/modules/pending/discord_utils-1.zip: 57%
1/9/2025, 7:35:50 PM GMT+1 [Modules] Streaming discord_utils@1 to /home/arch/.config/discord/0.0.79/modules/pending/discord_utils-1.zip: 58%
1/9/2025, 7:35:50 PM GMT+1 [Modules] Streaming discord_utils@1 to /home/arch/.config/discord/0.0.79/modules/pending/discord_utils-1.zip: 59%
1/9/2025, 7:35:50 PM GMT+1 [Modules] Streaming discord_utils@1 to /home/arch/.config/discord/0.0.79/modules/pending/discord_utils-1.zip: 60%
1/9/2025, 7:35:50 PM GMT+1 [Modules] Streaming discord_utils@1 to /home/arch/.config/discord/0.0.79/modules/pending/discord_utils-1.zip: 61%
1/9/2025, 7:35:50 PM GMT+1 [Modules] Streaming discord_utils@1 to /home/arch/.config/discord/0.0.79/modules/pending/discord_utils-1.zip: 62%
1/9/2025, 7:35:50 PM GMT+1 [Modules] Streaming discord_utils@1 to /home/arch/.config/discord/0.0.79/modules/pending/discord_utils-1.zip: 63%
1/9/2025, 7:35:50 PM GMT+1 [Modules] Streaming discord_utils@1 to /home/arch/.config/discord/0.0.79/modules/pending/discord_utils-1.zip: 64%
1/9/2025, 7:35:50 PM GMT+1 [Modules] Streaming discord_utils@1 to /home/arch/.config/discord/0.0.79/modules/pending/discord_utils-1.zip: 67%
1/9/2025, 7:35:50 PM GMT+1 [Modules] Streaming discord_utils@1 to /home/arch/.config/discord/0.0.79/modules/pending/discord_utils-1.zip: 68%
1/9/2025, 7:35:50 PM GMT+1 [Modules] Streaming discord_utils@1 to /home/arch/.config/discord/0.0.79/modules/pending/discord_utils-1.zip: 69%
1/9/2025, 7:35:50 PM GMT+1 [Modules] Streaming discord_utils@1 to /home/arch/.config/discord/0.0.79/modules/pending/discord_utils-1.zip: 70%
1/9/2025, 7:35:50 PM GMT+1 [Modules] Streaming discord_utils@1 to /home/arch/.config/discord/0.0.79/modules/pending/discord_utils-1.zip: 71%
1/9/2025, 7:35:50 PM GMT+1 [Modules] Streaming discord_utils@1 to /home/arch/.config/discord/0.0.79/modules/pending/discord_utils-1.zip: 72%
1/9/2025, 7:35:50 PM GMT+1 [Modules] Streaming discord_utils@1 to /home/arch/.config/discord/0.0.79/modules/pending/discord_utils-1.zip: 73%
1/9/2025, 7:35:50 PM GMT+1 [Modules] Streaming discord_utils@1 to /home/arch/.config/discord/0.0.79/modules/pending/discord_utils-1.zip: 74%
1/9/2025, 7:35:50 PM GMT+1 [Modules] Streaming discord_utils@1 to /home/arch/.config/discord/0.0.79/modules/pending/discord_utils-1.zip: 75%
1/9/2025, 7:35:50 PM GMT+1 [Modules] Streaming discord_utils@1 to /home/arch/.config/discord/0.0.79/modules/pending/discord_utils-1.zip: 76%
1/9/2025, 7:35:50 PM GMT+1 [Modules] Streaming discord_utils@1 to /home/arch/.config/discord/0.0.79/modules/pending/discord_utils-1.zip: 77%
1/9/2025, 7:35:50 PM GMT+1 [Modules] Streaming discord_utils@1 to /home/arch/.config/discord/0.0.79/modules/pending/discord_utils-1.zip: 78%
1/9/2025, 7:35:50 PM GMT+1 [Modules] Streaming discord_utils@1 to /home/arch/.config/discord/0.0.79/modules/pending/discord_utils-1.zip: 79%
1/9/2025, 7:35:51 PM GMT+1 [Modules] Streaming discord_utils@1 to /home/arch/.config/discord/0.0.79/modules/pending/discord_utils-1.zip: 80%
1/9/2025, 7:35:51 PM GMT+1 [Modules] Streaming discord_utils@1 to /home/arch/.config/discord/0.0.79/modules/pending/discord_utils-1.zip: 81%
1/9/2025, 7:35:51 PM GMT+1 [Modules] Streaming discord_utils@1 to /home/arch/.config/discord/0.0.79/modules/pending/discord_utils-1.zip: 82%
1/9/2025, 7:35:51 PM GMT+1 [Modules] Streaming discord_utils@1 to /home/arch/.config/discord/0.0.79/modules/pending/discord_utils-1.zip: 83%
1/9/2025, 7:35:51 PM GMT+1 [Modules] Streaming discord_utils@1 to /home/arch/.config/discord/0.0.79/modules/pending/discord_utils-1.zip: 84%
1/9/2025, 7:35:51 PM GMT+1 [Modules] Streaming discord_utils@1 to /home/arch/.config/discord/0.0.79/modules/pending/discord_utils-1.zip: 85%
1/9/2025, 7:35:51 PM GMT+1 [Modules] Streaming discord_utils@1 to /home/arch/.config/discord/0.0.79/modules/pending/discord_utils-1.zip: 86%
1/9/2025, 7:35:51 PM GMT+1 [Modules] Streaming discord_utils@1 to /home/arch/.config/discord/0.0.79/modules/pending/discord_utils-1.zip: 87%
1/9/2025, 7:35:51 PM GMT+1 [Modules] Streaming discord_utils@1 to /home/arch/.config/discord/0.0.79/modules/pending/discord_utils-1.zip: 88%
1/9/2025, 7:35:51 PM GMT+1 [Modules] Streaming discord_utils@1 to /home/arch/.config/discord/0.0.79/modules/pending/discord_utils-1.zip: 89%
1/9/2025, 7:35:51 PM GMT+1 [Modules] Streaming discord_utils@1 to /home/arch/.config/discord/0.0.79/modules/pending/discord_utils-1.zip: 90%
1/9/2025, 7:35:51 PM GMT+1 [Modules] Streaming discord_utils@1 to /home/arch/.config/discord/0.0.79/modules/pending/discord_utils-1.zip: 91%
1/9/2025, 7:35:51 PM GMT+1 [Modules] Streaming discord_utils@1 to /home/arch/.config/discord/0.0.79/modules/pending/discord_utils-1.zip: 92%
1/9/2025, 7:35:51 PM GMT+1 [Modules] Streaming discord_utils@1 to /home/arch/.config/discord/0.0.79/modules/pending/discord_utils-1.zip: 93%
1/9/2025, 7:35:51 PM GMT+1 [Modules] Streaming discord_utils@1 to /home/arch/.config/discord/0.0.79/modules/pending/discord_utils-1.zip: 94%
1/9/2025, 7:35:51 PM GMT+1 [Modules] Streaming discord_utils@1 to /home/arch/.config/discord/0.0.79/modules/pending/discord_utils-1.zip: 95%
1/9/2025, 7:35:51 PM GMT+1 [Modules] Streaming discord_utils@1 to /home/arch/.config/discord/0.0.79/modules/pending/discord_utils-1.zip: 97%
1/9/2025, 7:35:51 PM GMT+1 [Modules] Streaming discord_utils@1 to /home/arch/.config/discord/0.0.79/modules/pending/discord_utils-1.zip: 98%
1/9/2025, 7:35:51 PM GMT+1 [Modules] Streaming discord_utils@1 to /home/arch/.config/discord/0.0.79/modules/pending/discord_utils-1.zip: 99%
1/9/2025, 7:35:51 PM GMT+1 [Modules] Streaming discord_utils@1 to /home/arch/.config/discord/0.0.79/modules/pending/discord_utils-1.zip: 100%
1/9/2025, 7:35:51 PM GMT+1 [Modules] Fetching discord_voice@1 from https://discord.com/api/modules/stable/discord_voice/1
1/9/2025, 7:35:51 PM GMT+1 [Modules] Streaming discord_voice@1 to /home/arch/.config/discord/0.0.79/modules/pending/discord_voice-1.zip
1/9/2025, 7:35:51 PM GMT+1 [Modules] Streaming discord_voice@1 to /home/arch/.config/discord/0.0.79/modules/pending/discord_voice-1.zip: 1%
1/9/2025, 7:35:51 PM GMT+1 [Modules] Streaming discord_voice@1 to /home/arch/.config/discord/0.0.79/modules/pending/discord_voice-1.zip: 2%
1/9/2025, 7:35:51 PM GMT+1 [Modules] Streaming discord_voice@1 to /home/arch/.config/discord/0.0.79/modules/pending/discord_voice-1.zip: 3%
1/9/2025, 7:35:51 PM GMT+1 [Modules] Streaming discord_voice@1 to /home/arch/.config/discord/0.0.79/modules/pending/discord_voice-1.zip: 4%
1/9/2025, 7:35:51 PM GMT+1 [Modules] Streaming discord_voice@1 to /home/arch/.config/discord/0.0.79/modules/pending/discord_voice-1.zip: 5%
1/9/2025, 7:35:51 PM GMT+1 [Modules] Streaming discord_voice@1 to /home/arch/.config/discord/0.0.79/modules/pending/discord_voice-1.zip: 6%
1/9/2025, 7:35:51 PM GMT+1 [Modules] Streaming discord_voice@1 to /home/arch/.config/discord/0.0.79/modules/pending/discord_voice-1.zip: 7%
1/9/2025, 7:35:51 PM GMT+1 [Modules] Streaming discord_voice@1 to /home/arch/.config/discord/0.0.79/modules/pending/discord_voice-1.zip: 8%
1/9/2025, 7:35:51 PM GMT+1 [Modules] Streaming discord_voice@1 to /home/arch/.config/discord/0.0.79/modules/pending/discord_voice-1.zip: 9%
1/9/2025, 7:35:51 PM GMT+1 [Modules] Streaming discord_voice@1 to /home/arch/.config/discord/0.0.79/modules/pending/discord_voice-1.zip: 10%
1/9/2025, 7:35:51 PM GMT+1 [Modules] Streaming discord_voice@1 to /home/arch/.config/discord/0.0.79/modules/pending/discord_voice-1.zip: 11%
1/9/2025, 7:35:51 PM GMT+1 [Modules] Streaming discord_voice@1 to /home/arch/.config/discord/0.0.79/modules/pending/discord_voice-1.zip: 12%
1/9/2025, 7:35:51 PM GMT+1 [Modules] Streaming discord_voice@1 to /home/arch/.config/discord/0.0.79/modules/pending/discord_voice-1.zip: 13%
1/9/2025, 7:35:51 PM GMT+1 [Modules] Streaming discord_voice@1 to /home/arch/.config/discord/0.0.79/modules/pending/discord_voice-1.zip: 14%
1/9/2025, 7:35:51 PM GMT+1 [Modules] Streaming discord_voice@1 to /home/arch/.config/discord/0.0.79/modules/pending/discord_voice-1.zip: 15%
1/9/2025, 7:35:51 PM GMT+1 [Modules] Streaming discord_voice@1 to /home/arch/.config/discord/0.0.79/modules/pending/discord_voice-1.zip: 16%
1/9/2025, 7:35:51 PM GMT+1 [Modules] Streaming discord_voice@1 to /home/arch/.config/discord/0.0.79/modules/pending/discord_voice-1.zip: 17%
1/9/2025, 7:35:51 PM GMT+1 [Modules] Streaming discord_voice@1 to /home/arch/.config/discord/0.0.79/modules/pending/discord_voice-1.zip: 18%
1/9/2025, 7:35:51 PM GMT+1 [Modules] Streaming discord_voice@1 to /home/arch/.config/discord/0.0.79/modules/pending/discord_voice-1.zip: 19%
1/9/2025, 7:35:51 PM GMT+1 [Modules] Streaming discord_voice@1 to /home/arch/.config/discord/0.0.79/modules/pending/discord_voice-1.zip: 20%
1/9/2025, 7:35:51 PM GMT+1 [Modules] Streaming discord_voice@1 to /home/arch/.config/discord/0.0.79/modules/pending/discord_voice-1.zip: 21%
1/9/2025, 7:35:51 PM GMT+1 [Modules] Streaming discord_voice@1 to /home/arch/.config/discord/0.0.79/modules/pending/discord_voice-1.zip: 22%
1/9/2025, 7:35:51 PM GMT+1 [Modules] Streaming discord_voice@1 to /home/arch/.config/discord/0.0.79/modules/pending/discord_voice-1.zip: 23%
1/9/2025, 7:35:51 PM GMT+1 [Modules] Streaming discord_voice@1 to /home/arch/.config/discord/0.0.79/modules/pending/discord_voice-1.zip: 24%
1/9/2025, 7:35:51 PM GMT+1 [Modules] Streaming discord_voice@1 to /home/arch/.config/discord/0.0.79/modules/pending/discord_voice-1.zip: 25%
1/9/2025, 7:35:51 PM GMT+1 [Modules] Streaming discord_voice@1 to /home/arch/.config/discord/0.0.79/modules/pending/discord_voice-1.zip: 26%
1/9/2025, 7:35:51 PM GMT+1 [Modules] Streaming discord_voice@1 to /home/arch/.config/discord/0.0.79/modules/pending/discord_voice-1.zip: 27%
1/9/2025, 7:35:51 PM GMT+1 [Modules] Streaming discord_voice@1 to /home/arch/.config/discord/0.0.79/modules/pending/discord_voice-1.zip: 28%
1/9/2025, 7:35:51 PM GMT+1 [Modules] Streaming discord_voice@1 to /home/arch/.config/discord/0.0.79/modules/pending/discord_voice-1.zip: 29%
1/9/2025, 7:35:51 PM GMT+1 [Modules] Streaming discord_voice@1 to /home/arch/.config/discord/0.0.79/modules/pending/discord_voice-1.zip: 30%
1/9/2025, 7:35:51 PM GMT+1 [Modules] Streaming discord_voice@1 to /home/arch/.config/discord/0.0.79/modules/pending/discord_voice-1.zip: 31%
1/9/2025, 7:35:52 PM GMT+1 [Modules] Streaming discord_voice@1 to /home/arch/.config/discord/0.0.79/modules/pending/discord_voice-1.zip: 32%
1/9/2025, 7:35:52 PM GMT+1 [Modules] Streaming discord_voice@1 to /home/arch/.config/discord/0.0.79/modules/pending/discord_voice-1.zip: 33%
1/9/2025, 7:35:52 PM GMT+1 [Modules] Streaming discord_voice@1 to /home/arch/.config/discord/0.0.79/modules/pending/discord_voice-1.zip: 34%
1/9/2025, 7:35:52 PM GMT+1 [Modules] Streaming discord_voice@1 to /home/arch/.config/discord/0.0.79/modules/pending/discord_voice-1.zip: 35%
1/9/2025, 7:35:52 PM GMT+1 [Modules] Streaming discord_voice@1 to /home/arch/.config/discord/0.0.79/modules/pending/discord_voice-1.zip: 36%
1/9/2025, 7:35:52 PM GMT+1 [Modules] Streaming discord_voice@1 to /home/arch/.config/discord/0.0.79/modules/pending/discord_voice-1.zip: 37%
1/9/2025, 7:35:52 PM GMT+1 [Modules] Streaming discord_voice@1 to /home/arch/.config/discord/0.0.79/modules/pending/discord_voice-1.zip: 38%
1/9/2025, 7:35:52 PM GMT+1 [Modules] Streaming discord_voice@1 to /home/arch/.config/discord/0.0.79/modules/pending/discord_voice-1.zip: 39%
1/9/2025, 7:35:52 PM GMT+1 [Modules] Streaming discord_voice@1 to /home/arch/.config/discord/0.0.79/modules/pending/discord_voice-1.zip: 40%
1/9/2025, 7:35:52 PM GMT+1 [Modules] Streaming discord_voice@1 to /home/arch/.config/discord/0.0.79/modules/pending/discord_voice-1.zip: 41%
1/9/2025, 7:35:52 PM GMT+1 [Modules] Streaming discord_voice@1 to /home/arch/.config/discord/0.0.79/modules/pending/discord_voice-1.zip: 42%
1/9/2025, 7:35:52 PM GMT+1 [Modules] Streaming discord_voice@1 to /home/arch/.config/discord/0.0.79/modules/pending/discord_voice-1.zip: 43%
1/9/2025, 7:35:52 PM GMT+1 [Modules] Streaming discord_voice@1 to /home/arch/.config/discord/0.0.79/modules/pending/discord_voice-1.zip: 44%
1/9/2025, 7:35:52 PM GMT+1 [Modules] Streaming discord_voice@1 to /home/arch/.config/discord/0.0.79/modules/pending/discord_voice-1.zip: 45%
1/9/2025, 7:35:52 PM GMT+1 [Modules] Streaming discord_voice@1 to /home/arch/.config/discord/0.0.79/modules/pending/discord_voice-1.zip: 46%
1/9/2025, 7:35:52 PM GMT+1 [Modules] Streaming discord_voice@1 to /home/arch/.config/discord/0.0.79/modules/pending/discord_voice-1.zip: 47%
1/9/2025, 7:35:52 PM GMT+1 [Modules] Streaming discord_voice@1 to /home/arch/.config/discord/0.0.79/modules/pending/discord_voice-1.zip: 48%
1/9/2025, 7:35:52 PM GMT+1 [Modules] Streaming discord_voice@1 to /home/arch/.config/discord/0.0.79/modules/pending/discord_voice-1.zip: 49%
1/9/2025, 7:35:52 PM GMT+1 [Modules] Streaming discord_voice@1 to /home/arch/.config/discord/0.0.79/modules/pending/discord_voice-1.zip: 50%
1/9/2025, 7:35:52 PM GMT+1 [Modules] Streaming discord_voice@1 to /home/arch/.config/discord/0.0.79/modules/pending/discord_voice-1.zip: 51%
1/9/2025, 7:35:52 PM GMT+1 [Modules] Streaming discord_voice@1 to /home/arch/.config/discord/0.0.79/modules/pending/discord_voice-1.zip: 52%
1/9/2025, 7:35:52 PM GMT+1 [Modules] Streaming discord_voice@1 to /home/arch/.config/discord/0.0.79/modules/pending/discord_voice-1.zip: 53%
1/9/2025, 7:35:52 PM GMT+1 [Modules] Streaming discord_voice@1 to /home/arch/.config/discord/0.0.79/modules/pending/discord_voice-1.zip: 54%
1/9/2025, 7:35:52 PM GMT+1 [Modules] Streaming discord_voice@1 to /home/arch/.config/discord/0.0.79/modules/pending/discord_voice-1.zip: 55%
1/9/2025, 7:35:52 PM GMT+1 [Modules] Streaming discord_voice@1 to /home/arch/.config/discord/0.0.79/modules/pending/discord_voice-1.zip: 56%
1/9/2025, 7:35:52 PM GMT+1 [Modules] Streaming discord_voice@1 to /home/arch/.config/discord/0.0.79/modules/pending/discord_voice-1.zip: 57%
1/9/2025, 7:35:52 PM GMT+1 [Modules] Streaming discord_voice@1 to /home/arch/.config/discord/0.0.79/modules/pending/discord_voice-1.zip: 58%
1/9/2025, 7:35:52 PM GMT+1 [Modules] Streaming discord_voice@1 to /home/arch/.config/discord/0.0.79/modules/pending/discord_voice-1.zip: 59%
1/9/2025, 7:35:52 PM GMT+1 [Modules] Streaming discord_voice@1 to /home/arch/.config/discord/0.0.79/modules/pending/discord_voice-1.zip: 60%
1/9/2025, 7:35:52 PM GMT+1 [Modules] Streaming discord_voice@1 to /home/arch/.config/discord/0.0.79/modules/pending/discord_voice-1.zip: 61%
1/9/2025, 7:35:52 PM GMT+1 [Modules] Streaming discord_voice@1 to /home/arch/.config/discord/0.0.79/modules/pending/discord_voice-1.zip: 62%
1/9/2025, 7:35:52 PM GMT+1 [Modules] Streaming discord_voice@1 to /home/arch/.config/discord/0.0.79/modules/pending/discord_voice-1.zip: 63%
1/9/2025, 7:35:52 PM GMT+1 [Modules] Streaming discord_voice@1 to /home/arch/.config/discord/0.0.79/modules/pending/discord_voice-1.zip: 64%
1/9/2025, 7:35:52 PM GMT+1 [Modules] Streaming discord_voice@1 to /home/arch/.config/discord/0.0.79/modules/pending/discord_voice-1.zip: 65%
1/9/2025, 7:35:52 PM GMT+1 [Modules] Streaming discord_voice@1 to /home/arch/.config/discord/0.0.79/modules/pending/discord_voice-1.zip: 66%
1/9/2025, 7:35:52 PM GMT+1 [Modules] Streaming discord_voice@1 to /home/arch/.config/discord/0.0.79/modules/pending/discord_voice-1.zip: 67%
1/9/2025, 7:35:52 PM GMT+1 [Modules] Streaming discord_voice@1 to /home/arch/.config/discord/0.0.79/modules/pending/discord_voice-1.zip: 68%
1/9/2025, 7:35:52 PM GMT+1 [Modules] Streaming discord_voice@1 to /home/arch/.config/discord/0.0.79/modules/pending/discord_voice-1.zip: 69%
1/9/2025, 7:35:52 PM GMT+1 [Modules] Streaming discord_voice@1 to /home/arch/.config/discord/0.0.79/modules/pending/discord_voice-1.zip: 70%
1/9/2025, 7:35:52 PM GMT+1 [Modules] Streaming discord_voice@1 to /home/arch/.config/discord/0.0.79/modules/pending/discord_voice-1.zip: 71%
1/9/2025, 7:35:52 PM GMT+1 [Modules] Streaming discord_voice@1 to /home/arch/.config/discord/0.0.79/modules/pending/discord_voice-1.zip: 72%
1/9/2025, 7:35:52 PM GMT+1 [Modules] Streaming discord_voice@1 to /home/arch/.config/discord/0.0.79/modules/pending/discord_voice-1.zip: 73%
1/9/2025, 7:35:52 PM GMT+1 [Modules] Streaming discord_voice@1 to /home/arch/.config/discord/0.0.79/modules/pending/discord_voice-1.zip: 74%
1/9/2025, 7:35:52 PM GMT+1 [Modules] Streaming discord_voice@1 to /home/arch/.config/discord/0.0.79/modules/pending/discord_voice-1.zip: 75%
1/9/2025, 7:35:52 PM GMT+1 [Modules] Streaming discord_voice@1 to /home/arch/.config/discord/0.0.79/modules/pending/discord_voice-1.zip: 76%
1/9/2025, 7:35:52 PM GMT+1 [Modules] Streaming discord_voice@1 to /home/arch/.config/discord/0.0.79/modules/pending/discord_voice-1.zip: 77%
1/9/2025, 7:35:52 PM GMT+1 [Modules] Streaming discord_voice@1 to /home/arch/.config/discord/0.0.79/modules/pending/discord_voice-1.zip: 78%
1/9/2025, 7:35:52 PM GMT+1 [Modules] Streaming discord_voice@1 to /home/arch/.config/discord/0.0.79/modules/pending/discord_voice-1.zip: 79%
1/9/2025, 7:35:52 PM GMT+1 [Modules] Streaming discord_voice@1 to /home/arch/.config/discord/0.0.79/modules/pending/discord_voice-1.zip: 80%
1/9/2025, 7:35:52 PM GMT+1 [Modules] Streaming discord_voice@1 to /home/arch/.config/discord/0.0.79/modules/pending/discord_voice-1.zip: 81%
1/9/2025, 7:35:52 PM GMT+1 [Modules] Streaming discord_voice@1 to /home/arch/.config/discord/0.0.79/modules/pending/discord_voice-1.zip: 82%
1/9/2025, 7:35:53 PM GMT+1 [Modules] Streaming discord_voice@1 to /home/arch/.config/discord/0.0.79/modules/pending/discord_voice-1.zip: 83%
1/9/2025, 7:35:53 PM GMT+1 [Modules] Streaming discord_voice@1 to /home/arch/.config/discord/0.0.79/modules/pending/discord_voice-1.zip: 84%
1/9/2025, 7:35:53 PM GMT+1 [Modules] Streaming discord_voice@1 to /home/arch/.config/discord/0.0.79/modules/pending/discord_voice-1.zip: 85%
1/9/2025, 7:35:53 PM GMT+1 [Modules] Streaming discord_voice@1 to /home/arch/.config/discord/0.0.79/modules/pending/discord_voice-1.zip: 86%
1/9/2025, 7:35:53 PM GMT+1 [Modules] Streaming discord_voice@1 to /home/arch/.config/discord/0.0.79/modules/pending/discord_voice-1.zip: 87%
1/9/2025, 7:35:53 PM GMT+1 [Modules] Streaming discord_voice@1 to /home/arch/.config/discord/0.0.79/modules/pending/discord_voice-1.zip: 88%
1/9/2025, 7:35:53 PM GMT+1 [Modules] Streaming discord_voice@1 to /home/arch/.config/discord/0.0.79/modules/pending/discord_voice-1.zip: 89%
1/9/2025, 7:35:53 PM GMT+1 [Modules] Streaming discord_voice@1 to /home/arch/.config/discord/0.0.79/modules/pending/discord_voice-1.zip: 90%
1/9/2025, 7:35:53 PM GMT+1 [Modules] Streaming discord_voice@1 to /home/arch/.config/discord/0.0.79/modules/pending/discord_voice-1.zip: 91%
1/9/2025, 7:35:53 PM GMT+1 [Modules] Streaming discord_voice@1 to /home/arch/.config/discord/0.0.79/modules/pending/discord_voice-1.zip: 92%
1/9/2025, 7:35:53 PM GMT+1 [Modules] Streaming discord_voice@1 to /home/arch/.config/discord/0.0.79/modules/pending/discord_voice-1.zip: 93%
1/9/2025, 7:35:53 PM GMT+1 [Modules] Streaming discord_voice@1 to /home/arch/.config/discord/0.0.79/modules/pending/discord_voice-1.zip: 94%
1/9/2025, 7:35:53 PM GMT+1 [Modules] Streaming discord_voice@1 to /home/arch/.config/discord/0.0.79/modules/pending/discord_voice-1.zip: 95%
1/9/2025, 7:35:53 PM GMT+1 [Modules] Streaming discord_voice@1 to /home/arch/.config/discord/0.0.79/modules/pending/discord_voice-1.zip: 96%
1/9/2025, 7:35:53 PM GMT+1 [Modules] Streaming discord_voice@1 to /home/arch/.config/discord/0.0.79/modules/pending/discord_voice-1.zip: 97%
1/9/2025, 7:35:53 PM GMT+1 [Modules] Streaming discord_voice@1 to /home/arch/.config/discord/0.0.79/modules/pending/discord_voice-1.zip: 98%
1/9/2025, 7:35:53 PM GMT+1 [Modules] Streaming discord_voice@1 to /home/arch/.config/discord/0.0.79/modules/pending/discord_voice-1.zip: 99%
1/9/2025, 7:35:53 PM GMT+1 [Modules] Streaming discord_voice@1 to /home/arch/.config/discord/0.0.79/modules/pending/discord_voice-1.zip: 100%
1/9/2025, 7:35:53 PM GMT+1 [Modules] Fetching discord_zstd@1 from https://discord.com/api/modules/stable/discord_zstd/1
1/9/2025, 7:35:53 PM GMT+1 [Modules] Streaming discord_zstd@1 to /home/arch/.config/discord/0.0.79/modules/pending/discord_zstd-1.zip
1/9/2025, 7:35:53 PM GMT+1 [Modules] Streaming discord_zstd@1 to /home/arch/.config/discord/0.0.79/modules/pending/discord_zstd-1.zip: 3%
1/9/2025, 7:35:53 PM GMT+1 [Modules] Streaming discord_zstd@1 to /home/arch/.config/discord/0.0.79/modules/pending/discord_zstd-1.zip: 5%
1/9/2025, 7:35:53 PM GMT+1 [Modules] Streaming discord_zstd@1 to /home/arch/.config/discord/0.0.79/modules/pending/discord_zstd-1.zip: 7%
1/9/2025, 7:35:53 PM GMT+1 [Modules] Streaming discord_zstd@1 to /home/arch/.config/discord/0.0.79/modules/pending/discord_zstd-1.zip: 9%
1/9/2025, 7:35:53 PM GMT+1 [Modules] Streaming discord_zstd@1 to /home/arch/.config/discord/0.0.79/modules/pending/discord_zstd-1.zip: 10%
1/9/2025, 7:35:53 PM GMT+1 [Modules] Streaming discord_zstd@1 to /home/arch/.config/discord/0.0.79/modules/pending/discord_zstd-1.zip: 12%
1/9/2025, 7:35:53 PM GMT+1 [Modules] Streaming discord_zstd@1 to /home/arch/.config/discord/0.0.79/modules/pending/discord_zstd-1.zip: 14%
1/9/2025, 7:35:53 PM GMT+1 [Modules] Streaming discord_zstd@1 to /home/arch/.config/discord/0.0.79/modules/pending/discord_zstd-1.zip: 16%
1/9/2025, 7:35:53 PM GMT+1 [Modules] Streaming discord_zstd@1 to /home/arch/.config/discord/0.0.79/modules/pending/discord_zstd-1.zip: 17%
1/9/2025, 7:35:53 PM GMT+1 [Modules] Streaming discord_zstd@1 to /home/arch/.config/discord/0.0.79/modules/pending/discord_zstd-1.zip: 19%
1/9/2025, 7:35:53 PM GMT+1 [Modules] Streaming discord_zstd@1 to /home/arch/.config/discord/0.0.79/modules/pending/discord_zstd-1.zip: 21%
1/9/2025, 7:35:53 PM GMT+1 [Modules] Streaming discord_zstd@1 to /home/arch/.config/discord/0.0.79/modules/pending/discord_zstd-1.zip: 22%
1/9/2025, 7:35:53 PM GMT+1 [Modules] Streaming discord_zstd@1 to /home/arch/.config/discord/0.0.79/modules/pending/discord_zstd-1.zip: 23%
1/9/2025, 7:35:53 PM GMT+1 [Modules] Streaming discord_zstd@1 to /home/arch/.config/discord/0.0.79/modules/pending/discord_zstd-1.zip: 25%
1/9/2025, 7:35:53 PM GMT+1 [Modules] Streaming discord_zstd@1 to /home/arch/.config/discord/0.0.79/modules/pending/discord_zstd-1.zip: 27%
1/9/2025, 7:35:53 PM GMT+1 [Modules] Streaming discord_zstd@1 to /home/arch/.config/discord/0.0.79/modules/pending/discord_zstd-1.zip: 29%
1/9/2025, 7:35:53 PM GMT+1 [Modules] Streaming discord_zstd@1 to /home/arch/.config/discord/0.0.79/modules/pending/discord_zstd-1.zip: 30%
1/9/2025, 7:35:53 PM GMT+1 [Modules] Streaming discord_zstd@1 to /home/arch/.config/discord/0.0.79/modules/pending/discord_zstd-1.zip: 32%
1/9/2025, 7:35:53 PM GMT+1 [Modules] Streaming discord_zstd@1 to /home/arch/.config/discord/0.0.79/modules/pending/discord_zstd-1.zip: 33%
1/9/2025, 7:35:53 PM GMT+1 [Modules] Streaming discord_zstd@1 to /home/arch/.config/discord/0.0.79/modules/pending/discord_zstd-1.zip: 35%
1/9/2025, 7:35:53 PM GMT+1 [Modules] Streaming discord_zstd@1 to /home/arch/.config/discord/0.0.79/modules/pending/discord_zstd-1.zip: 36%
1/9/2025, 7:35:53 PM GMT+1 [Modules] Streaming discord_zstd@1 to /home/arch/.config/discord/0.0.79/modules/pending/discord_zstd-1.zip: 38%
1/9/2025, 7:35:53 PM GMT+1 [Modules] Streaming discord_zstd@1 to /home/arch/.config/discord/0.0.79/modules/pending/discord_zstd-1.zip: 39%
1/9/2025, 7:35:53 PM GMT+1 [Modules] Streaming discord_zstd@1 to /home/arch/.config/discord/0.0.79/modules/pending/discord_zstd-1.zip: 41%
1/9/2025, 7:35:53 PM GMT+1 [Modules] Streaming discord_zstd@1 to /home/arch/.config/discord/0.0.79/modules/pending/discord_zstd-1.zip: 42%
1/9/2025, 7:35:53 PM GMT+1 [Modules] Streaming discord_zstd@1 to /home/arch/.config/discord/0.0.79/modules/pending/discord_zstd-1.zip: 44%
1/9/2025, 7:35:53 PM GMT+1 [Modules] Streaming discord_zstd@1 to /home/arch/.config/discord/0.0.79/modules/pending/discord_zstd-1.zip: 45%
1/9/2025, 7:35:53 PM GMT+1 [Modules] Streaming discord_zstd@1 to /home/arch/.config/discord/0.0.79/modules/pending/discord_zstd-1.zip: 46%
1/9/2025, 7:35:53 PM GMT+1 [Modules] Streaming discord_zstd@1 to /home/arch/.config/discord/0.0.79/modules/pending/discord_zstd-1.zip: 48%
1/9/2025, 7:35:53 PM GMT+1 [Modules] Streaming discord_zstd@1 to /home/arch/.config/discord/0.0.79/modules/pending/discord_zstd-1.zip: 49%
1/9/2025, 7:35:53 PM GMT+1 [Modules] Streaming discord_zstd@1 to /home/arch/.config/discord/0.0.79/modules/pending/discord_zstd-1.zip: 50%
1/9/2025, 7:35:53 PM GMT+1 [Modules] Streaming discord_zstd@1 to /home/arch/.config/discord/0.0.79/modules/pending/discord_zstd-1.zip: 52%
1/9/2025, 7:35:53 PM GMT+1 [Modules] Streaming discord_zstd@1 to /home/arch/.config/discord/0.0.79/modules/pending/discord_zstd-1.zip: 54%
1/9/2025, 7:35:53 PM GMT+1 [Modules] Streaming discord_zstd@1 to /home/arch/.config/discord/0.0.79/modules/pending/discord_zstd-1.zip: 55%
1/9/2025, 7:35:53 PM GMT+1 [Modules] Streaming discord_zstd@1 to /home/arch/.config/discord/0.0.79/modules/pending/discord_zstd-1.zip: 56%
1/9/2025, 7:35:53 PM GMT+1 [Modules] Streaming discord_zstd@1 to /home/arch/.config/discord/0.0.79/modules/pending/discord_zstd-1.zip: 57%
1/9/2025, 7:35:53 PM GMT+1 [Modules] Streaming discord_zstd@1 to /home/arch/.config/discord/0.0.79/modules/pending/discord_zstd-1.zip: 58%
1/9/2025, 7:35:53 PM GMT+1 [Modules] Streaming discord_zstd@1 to /home/arch/.config/discord/0.0.79/modules/pending/discord_zstd-1.zip: 60%
1/9/2025, 7:35:53 PM GMT+1 [Modules] Streaming discord_zstd@1 to /home/arch/.config/discord/0.0.79/modules/pending/discord_zstd-1.zip: 62%
1/9/2025, 7:35:53 PM GMT+1 [Modules] Streaming discord_zstd@1 to /home/arch/.config/discord/0.0.79/modules/pending/discord_zstd-1.zip: 63%
1/9/2025, 7:35:53 PM GMT+1 [Modules] Streaming discord_zstd@1 to /home/arch/.config/discord/0.0.79/modules/pending/discord_zstd-1.zip: 64%
1/9/2025, 7:35:53 PM GMT+1 [Modules] Streaming discord_zstd@1 to /home/arch/.config/discord/0.0.79/modules/pending/discord_zstd-1.zip: 66%
1/9/2025, 7:35:53 PM GMT+1 [Modules] Streaming discord_zstd@1 to /home/arch/.config/discord/0.0.79/modules/pending/discord_zstd-1.zip: 68%
1/9/2025, 7:35:53 PM GMT+1 [Modules] Streaming discord_zstd@1 to /home/arch/.config/discord/0.0.79/modules/pending/discord_zstd-1.zip: 70%
1/9/2025, 7:35:53 PM GMT+1 [Modules] Streaming discord_zstd@1 to /home/arch/.config/discord/0.0.79/modules/pending/discord_zstd-1.zip: 71%
1/9/2025, 7:35:53 PM GMT+1 [Modules] Streaming discord_zstd@1 to /home/arch/.config/discord/0.0.79/modules/pending/discord_zstd-1.zip: 73%
1/9/2025, 7:35:53 PM GMT+1 [Modules] Streaming discord_zstd@1 to /home/arch/.config/discord/0.0.79/modules/pending/discord_zstd-1.zip: 74%
1/9/2025, 7:35:53 PM GMT+1 [Modules] Streaming discord_zstd@1 to /home/arch/.config/discord/0.0.79/modules/pending/discord_zstd-1.zip: 76%
1/9/2025, 7:35:53 PM GMT+1 [Modules] Streaming discord_zstd@1 to /home/arch/.config/discord/0.0.79/modules/pending/discord_zstd-1.zip: 77%
1/9/2025, 7:35:53 PM GMT+1 [Modules] Streaming discord_zstd@1 to /home/arch/.config/discord/0.0.79/modules/pending/discord_zstd-1.zip: 78%
1/9/2025, 7:35:53 PM GMT+1 [Modules] Streaming discord_zstd@1 to /home/arch/.config/discord/0.0.79/modules/pending/discord_zstd-1.zip: 79%
1/9/2025, 7:35:53 PM GMT+1 [Modules] Streaming discord_zstd@1 to /home/arch/.config/discord/0.0.79/modules/pending/discord_zstd-1.zip: 82%
1/9/2025, 7:35:53 PM GMT+1 [Modules] Streaming discord_zstd@1 to /home/arch/.config/discord/0.0.79/modules/pending/discord_zstd-1.zip: 83%
1/9/2025, 7:35:53 PM GMT+1 [Modules] Streaming discord_zstd@1 to /home/arch/.config/discord/0.0.79/modules/pending/discord_zstd-1.zip: 85%
1/9/2025, 7:35:53 PM GMT+1 [Modules] Streaming discord_zstd@1 to /home/arch/.config/discord/0.0.79/modules/pending/discord_zstd-1.zip: 87%
1/9/2025, 7:35:53 PM GMT+1 [Modules] Streaming discord_zstd@1 to /home/arch/.config/discord/0.0.79/modules/pending/discord_zstd-1.zip: 89%
1/9/2025, 7:35:53 PM GMT+1 [Modules] Streaming discord_zstd@1 to /home/arch/.config/discord/0.0.79/modules/pending/discord_zstd-1.zip: 91%
1/9/2025, 7:35:53 PM GMT+1 [Modules] Streaming discord_zstd@1 to /home/arch/.config/discord/0.0.79/modules/pending/discord_zstd-1.zip: 92%
1/9/2025, 7:35:53 PM GMT+1 [Modules] Streaming discord_zstd@1 to /home/arch/.config/discord/0.0.79/modules/pending/discord_zstd-1.zip: 93%
1/9/2025, 7:35:53 PM GMT+1 [Modules] Streaming discord_zstd@1 to /home/arch/.config/discord/0.0.79/modules/pending/discord_zstd-1.zip: 94%
1/9/2025, 7:35:53 PM GMT+1 [Modules] Streaming discord_zstd@1 to /home/arch/.config/discord/0.0.79/modules/pending/discord_zstd-1.zip: 96%
1/9/2025, 7:35:53 PM GMT+1 [Modules] Streaming discord_zstd@1 to /home/arch/.config/discord/0.0.79/modules/pending/discord_zstd-1.zip: 97%
1/9/2025, 7:35:53 PM GMT+1 [Modules] Streaming discord_zstd@1 to /home/arch/.config/discord/0.0.79/modules/pending/discord_zstd-1.zip: 99%
1/9/2025, 7:35:53 PM GMT+1 [Modules] Streaming discord_zstd@1 to /home/arch/.config/discord/0.0.79/modules/pending/discord_zstd-1.zip: 100%
1/9/2025, 7:35:53 PM GMT+1 [Modules] Finished module downloads. [success: 6] [failure: 0]
1/9/2025, 7:35:53 PM GMT+1 [Modules] Installing updates...
1/9/2025, 7:35:53 PM GMT+1 [Modules] Installing discord_desktop_core@1 from /home/arch/.config/discord/0.0.79/modules/pending/discord_desktop_core-1.zip
1/9/2025, 7:35:53 PM GMT+1 [Modules] Installing discord_erlpack@1 from /home/arch/.config/discord/0.0.79/modules/pending/discord_erlpack-1.zip
1/9/2025, 7:35:53 PM GMT+1 [Modules] Installing discord_spellcheck@1 from /home/arch/.config/discord/0.0.79/modules/pending/discord_spellcheck-1.zip
1/9/2025, 7:35:54 PM GMT+1 [Modules] Installing discord_utils@1 from /home/arch/.config/discord/0.0.79/modules/pending/discord_utils-1.zip
1/9/2025, 7:35:54 PM GMT+1 [Modules] Installing discord_voice@1 from /home/arch/.config/discord/0.0.79/modules/pending/discord_voice-1.zip
1/9/2025, 7:35:54 PM GMT+1 [Modules] Installing discord_zstd@1 from /home/arch/.config/discord/0.0.79/modules/pending/discord_zstd-1.zip
1/9/2025, 7:35:54 PM GMT+1 [Modules] Finished module installations. [success: 6] [failure: 0]
1/9/2025, 7:35:54 PM GMT+1 [Modules] Checking for host updates.
1/9/2025, 7:35:55 PM GMT+1 [Modules] Host is up to date.
1/9/2025, 7:35:55 PM GMT+1 [Modules] Checking for module updates at https://discord.com/api/modules/stable/versions.json
1/9/2025, 7:35:55 PM GMT+1 [Modules] No module updates available.
1/9/2025, 7:35:56 PM GMT+1 [Modules] Starting to install discord_krisp...
1/9/2025, 7:35:56 PM GMT+1 [Modules] Fetching discord_krisp@1 from https://discord.com/api/modules/stable/discord_krisp/1
1/9/2025, 7:35:56 PM GMT+1 [Modules] Streaming discord_krisp@1 to /home/arch/.config/discord/0.0.79/modules/pending/discord_krisp-1.zip
1/9/2025, 7:35:56 PM GMT+1 [Modules] Starting to install discord_game_utils...
1/9/2025, 7:35:57 PM GMT+1 [Modules] Streaming discord_krisp@1 to /home/arch/.config/discord/0.0.79/modules/pending/discord_krisp-1.zip: 1%
1/9/2025, 7:35:57 PM GMT+1 [Modules] Streaming discord_krisp@1 to /home/arch/.config/discord/0.0.79/modules/pending/discord_krisp-1.zip: 2%
1/9/2025, 7:35:57 PM GMT+1 [Modules] Streaming discord_krisp@1 to /home/arch/.config/discord/0.0.79/modules/pending/discord_krisp-1.zip: 3%
1/9/2025, 7:35:57 PM GMT+1 [Modules] Streaming discord_krisp@1 to /home/arch/.config/discord/0.0.79/modules/pending/discord_krisp-1.zip: 4%
1/9/2025, 7:35:57 PM GMT+1 [Modules] Streaming discord_krisp@1 to /home/arch/.config/discord/0.0.79/modules/pending/discord_krisp-1.zip: 5%
1/9/2025, 7:35:57 PM GMT+1 [Modules] Streaming discord_krisp@1 to /home/arch/.config/discord/0.0.79/modules/pending/discord_krisp-1.zip: 6%
1/9/2025, 7:35:57 PM GMT+1 [Modules] Streaming discord_krisp@1 to /home/arch/.config/discord/0.0.79/modules/pending/discord_krisp-1.zip: 7%
1/9/2025, 7:35:57 PM GMT+1 [Modules] Streaming discord_krisp@1 to /home/arch/.config/discord/0.0.79/modules/pending/discord_krisp-1.zip: 8%
1/9/2025, 7:35:57 PM GMT+1 [Modules] Streaming discord_krisp@1 to /home/arch/.config/discord/0.0.79/modules/pending/discord_krisp-1.zip: 9%
1/9/2025, 7:35:57 PM GMT+1 [Modules] Streaming discord_krisp@1 to /home/arch/.config/discord/0.0.79/modules/pending/discord_krisp-1.zip: 10%
1/9/2025, 7:35:57 PM GMT+1 [Modules] Streaming discord_krisp@1 to /home/arch/.config/discord/0.0.79/modules/pending/discord_krisp-1.zip: 11%
1/9/2025, 7:35:57 PM GMT+1 [Modules] Streaming discord_krisp@1 to /home/arch/.config/discord/0.0.79/modules/pending/discord_krisp-1.zip: 12%
1/9/2025, 7:35:57 PM GMT+1 [Modules] Streaming discord_krisp@1 to /home/arch/.config/discord/0.0.79/modules/pending/discord_krisp-1.zip: 13%
1/9/2025, 7:35:57 PM GMT+1 [Modules] Streaming discord_krisp@1 to /home/arch/.config/discord/0.0.79/modules/pending/discord_krisp-1.zip: 14%
1/9/2025, 7:35:57 PM GMT+1 [Modules] Streaming discord_krisp@1 to /home/arch/.config/discord/0.0.79/modules/pending/discord_krisp-1.zip: 15%
1/9/2025, 7:35:57 PM GMT+1 [Modules] Streaming discord_krisp@1 to /home/arch/.config/discord/0.0.79/modules/pending/discord_krisp-1.zip: 16%
1/9/2025, 7:35:57 PM GMT+1 [Modules] Streaming discord_krisp@1 to /home/arch/.config/discord/0.0.79/modules/pending/discord_krisp-1.zip: 17%
1/9/2025, 7:35:57 PM GMT+1 [Modules] Streaming discord_krisp@1 to /home/arch/.config/discord/0.0.79/modules/pending/discord_krisp-1.zip: 18%
1/9/2025, 7:35:57 PM GMT+1 [Modules] Streaming discord_krisp@1 to /home/arch/.config/discord/0.0.79/modules/pending/discord_krisp-1.zip: 19%
1/9/2025, 7:35:57 PM GMT+1 [Modules] Streaming discord_krisp@1 to /home/arch/.config/discord/0.0.79/modules/pending/discord_krisp-1.zip: 20%
1/9/2025, 7:35:57 PM GMT+1 [Modules] Streaming discord_krisp@1 to /home/arch/.config/discord/0.0.79/modules/pending/discord_krisp-1.zip: 21%
1/9/2025, 7:35:57 PM GMT+1 [Modules] Streaming discord_krisp@1 to /home/arch/.config/discord/0.0.79/modules/pending/discord_krisp-1.zip: 22%
1/9/2025, 7:35:57 PM GMT+1 [Modules] Streaming discord_krisp@1 to /home/arch/.config/discord/0.0.79/modules/pending/discord_krisp-1.zip: 23%
1/9/2025, 7:35:57 PM GMT+1 [Modules] Streaming discord_krisp@1 to /home/arch/.config/discord/0.0.79/modules/pending/discord_krisp-1.zip: 24%
1/9/2025, 7:35:57 PM GMT+1 [Modules] Streaming discord_krisp@1 to /home/arch/.config/discord/0.0.79/modules/pending/discord_krisp-1.zip: 25%
1/9/2025, 7:35:57 PM GMT+1 [Modules] Streaming discord_krisp@1 to /home/arch/.config/discord/0.0.79/modules/pending/discord_krisp-1.zip: 26%
1/9/2025, 7:35:57 PM GMT+1 [Modules] Streaming discord_krisp@1 to /home/arch/.config/discord/0.0.79/modules/pending/discord_krisp-1.zip: 27%
1/9/2025, 7:35:57 PM GMT+1 [Modules] Streaming discord_krisp@1 to /home/arch/.config/discord/0.0.79/modules/pending/discord_krisp-1.zip: 28%
1/9/2025, 7:35:57 PM GMT+1 [Modules] Streaming discord_krisp@1 to /home/arch/.config/discord/0.0.79/modules/pending/discord_krisp-1.zip: 29%
1/9/2025, 7:35:57 PM GMT+1 [Modules] Streaming discord_krisp@1 to /home/arch/.config/discord/0.0.79/modules/pending/discord_krisp-1.zip: 30%
1/9/2025, 7:35:57 PM GMT+1 [Modules] Streaming discord_krisp@1 to /home/arch/.config/discord/0.0.79/modules/pending/discord_krisp-1.zip: 31%
1/9/2025, 7:35:57 PM GMT+1 [Modules] Streaming discord_krisp@1 to /home/arch/.config/discord/0.0.79/modules/pending/discord_krisp-1.zip: 32%
1/9/2025, 7:35:57 PM GMT+1 [Modules] Streaming discord_krisp@1 to /home/arch/.config/discord/0.0.79/modules/pending/discord_krisp-1.zip: 33%
1/9/2025, 7:35:57 PM GMT+1 [Modules] Streaming discord_krisp@1 to /home/arch/.config/discord/0.0.79/modules/pending/discord_krisp-1.zip: 34%
1/9/2025, 7:35:57 PM GMT+1 [Modules] Checking for host updates.
1/9/2025, 7:35:58 PM GMT+1 [Modules] Streaming discord_krisp@1 to /home/arch/.config/discord/0.0.79/modules/pending/discord_krisp-1.zip: 35%
1/9/2025, 7:35:58 PM GMT+1 [Modules] Streaming discord_krisp@1 to /home/arch/.config/discord/0.0.79/modules/pending/discord_krisp-1.zip: 36%
1/9/2025, 7:35:58 PM GMT+1 [Modules] Streaming discord_krisp@1 to /home/arch/.config/discord/0.0.79/modules/pending/discord_krisp-1.zip: 37%
1/9/2025, 7:35:58 PM GMT+1 [Modules] Starting to install discord_rpc...
1/9/2025, 7:35:58 PM GMT+1 [Modules] Streaming discord_krisp@1 to /home/arch/.config/discord/0.0.79/modules/pending/discord_krisp-1.zip: 38%
1/9/2025, 7:35:58 PM GMT+1 [Modules] Streaming discord_krisp@1 to /home/arch/.config/discord/0.0.79/modules/pending/discord_krisp-1.zip: 39%
1/9/2025, 7:35:58 PM GMT+1 [Modules] Streaming discord_krisp@1 to /home/arch/.config/discord/0.0.79/modules/pending/discord_krisp-1.zip: 40%
1/9/2025, 7:35:58 PM GMT+1 [Modules] Streaming discord_krisp@1 to /home/arch/.config/discord/0.0.79/modules/pending/discord_krisp-1.zip: 41%
1/9/2025, 7:35:58 PM GMT+1 [Modules] Streaming discord_krisp@1 to /home/arch/.config/discord/0.0.79/modules/pending/discord_krisp-1.zip: 42%
1/9/2025, 7:35:58 PM GMT+1 [Modules] Streaming discord_krisp@1 to /home/arch/.config/discord/0.0.79/modules/pending/discord_krisp-1.zip: 43%
1/9/2025, 7:35:58 PM GMT+1 [Modules] Streaming discord_krisp@1 to /home/arch/.config/discord/0.0.79/modules/pending/discord_krisp-1.zip: 44%
1/9/2025, 7:35:58 PM GMT+1 [Modules] Host is up to date.
1/9/2025, 7:35:58 PM GMT+1 [Modules] Checking for module updates at https://discord.com/api/modules/stable/versions.json
1/9/2025, 7:35:58 PM GMT+1 [Modules] No module updates available.
1/9/2025, 7:35:58 PM GMT+1 [Modules] Streaming discord_krisp@1 to /home/arch/.config/discord/0.0.79/modules/pending/discord_krisp-1.zip: 45%
1/9/2025, 7:35:58 PM GMT+1 [Modules] Streaming discord_krisp@1 to /home/arch/.config/discord/0.0.79/modules/pending/discord_krisp-1.zip: 46%
1/9/2025, 7:35:58 PM GMT+1 [Modules] Streaming discord_krisp@1 to /home/arch/.config/discord/0.0.79/modules/pending/discord_krisp-1.zip: 47%
1/9/2025, 7:35:58 PM GMT+1 [Modules] Streaming discord_krisp@1 to /home/arch/.config/discord/0.0.79/modules/pending/discord_krisp-1.zip: 48%
1/9/2025, 7:35:58 PM GMT+1 [Modules] Streaming discord_krisp@1 to /home/arch/.config/discord/0.0.79/modules/pending/discord_krisp-1.zip: 49%
1/9/2025, 7:35:58 PM GMT+1 [Modules] Streaming discord_krisp@1 to /home/arch/.config/discord/0.0.79/modules/pending/discord_krisp-1.zip: 50%
1/9/2025, 7:35:58 PM GMT+1 [Modules] Streaming discord_krisp@1 to /home/arch/.config/discord/0.0.79/modules/pending/discord_krisp-1.zip: 51%
1/9/2025, 7:35:58 PM GMT+1 [Modules] Streaming discord_krisp@1 to /home/arch/.config/discord/0.0.79/modules/pending/discord_krisp-1.zip: 52%
1/9/2025, 7:35:58 PM GMT+1 [Modules] Streaming discord_krisp@1 to /home/arch/.config/discord/0.0.79/modules/pending/discord_krisp-1.zip: 53%
1/9/2025, 7:35:58 PM GMT+1 [Modules] Streaming discord_krisp@1 to /home/arch/.config/discord/0.0.79/modules/pending/discord_krisp-1.zip: 54%
1/9/2025, 7:35:58 PM GMT+1 [Modules] Streaming discord_krisp@1 to /home/arch/.config/discord/0.0.79/modules/pending/discord_krisp-1.zip: 55%
1/9/2025, 7:35:58 PM GMT+1 [Modules] Streaming discord_krisp@1 to /home/arch/.config/discord/0.0.79/modules/pending/discord_krisp-1.zip: 56%
1/9/2025, 7:35:58 PM GMT+1 [Modules] Streaming discord_krisp@1 to /home/arch/.config/discord/0.0.79/modules/pending/discord_krisp-1.zip: 57%
1/9/2025, 7:35:58 PM GMT+1 [Modules] Streaming discord_krisp@1 to /home/arch/.config/discord/0.0.79/modules/pending/discord_krisp-1.zip: 58%
1/9/2025, 7:35:58 PM GMT+1 [Modules] Streaming discord_krisp@1 to /home/arch/.config/discord/0.0.79/modules/pending/discord_krisp-1.zip: 59%
1/9/2025, 7:35:58 PM GMT+1 [Modules] Streaming discord_krisp@1 to /home/arch/.config/discord/0.0.79/modules/pending/discord_krisp-1.zip: 60%
1/9/2025, 7:35:58 PM GMT+1 [Modules] Streaming discord_krisp@1 to /home/arch/.config/discord/0.0.79/modules/pending/discord_krisp-1.zip: 61%
1/9/2025, 7:35:58 PM GMT+1 [Modules] Streaming discord_krisp@1 to /home/arch/.config/discord/0.0.79/modules/pending/discord_krisp-1.zip: 62%
1/9/2025, 7:35:58 PM GMT+1 [Modules] Streaming discord_krisp@1 to /home/arch/.config/discord/0.0.79/modules/pending/discord_krisp-1.zip: 63%
1/9/2025, 7:35:58 PM GMT+1 [Modules] Streaming discord_krisp@1 to /home/arch/.config/discord/0.0.79/modules/pending/discord_krisp-1.zip: 64%
1/9/2025, 7:35:58 PM GMT+1 [Modules] Streaming discord_krisp@1 to /home/arch/.config/discord/0.0.79/modules/pending/discord_krisp-1.zip: 65%
1/9/2025, 7:35:58 PM GMT+1 [Modules] Streaming discord_krisp@1 to /home/arch/.config/discord/0.0.79/modules/pending/discord_krisp-1.zip: 66%
1/9/2025, 7:35:58 PM GMT+1 [Modules] Streaming discord_krisp@1 to /home/arch/.config/discord/0.0.79/modules/pending/discord_krisp-1.zip: 67%
1/9/2025, 7:35:58 PM GMT+1 [Modules] Streaming discord_krisp@1 to /home/arch/.config/discord/0.0.79/modules/pending/discord_krisp-1.zip: 68%
1/9/2025, 7:35:58 PM GMT+1 [Modules] Streaming discord_krisp@1 to /home/arch/.config/discord/0.0.79/modules/pending/discord_krisp-1.zip: 69%
1/9/2025, 7:35:58 PM GMT+1 [Modules] Streaming discord_krisp@1 to /home/arch/.config/discord/0.0.79/modules/pending/discord_krisp-1.zip: 70%
1/9/2025, 7:35:58 PM GMT+1 [Modules] Streaming discord_krisp@1 to /home/arch/.config/discord/0.0.79/modules/pending/discord_krisp-1.zip: 71%
1/9/2025, 7:35:58 PM GMT+1 [Modules] Streaming discord_krisp@1 to /home/arch/.config/discord/0.0.79/modules/pending/discord_krisp-1.zip: 72%
1/9/2025, 7:35:59 PM GMT+1 [Modules] Streaming discord_krisp@1 to /home/arch/.config/discord/0.0.79/modules/pending/discord_krisp-1.zip: 73%
1/9/2025, 7:35:59 PM GMT+1 [Modules] Streaming discord_krisp@1 to /home/arch/.config/discord/0.0.79/modules/pending/discord_krisp-1.zip: 74%
1/9/2025, 7:35:59 PM GMT+1 [Modules] Streaming discord_krisp@1 to /home/arch/.config/discord/0.0.79/modules/pending/discord_krisp-1.zip: 75%
1/9/2025, 7:35:59 PM GMT+1 [Modules] Streaming discord_krisp@1 to /home/arch/.config/discord/0.0.79/modules/pending/discord_krisp-1.zip: 76%
1/9/2025, 7:35:59 PM GMT+1 [Modules] Streaming discord_krisp@1 to /home/arch/.config/discord/0.0.79/modules/pending/discord_krisp-1.zip: 77%
1/9/2025, 7:35:59 PM GMT+1 [Modules] Streaming discord_krisp@1 to /home/arch/.config/discord/0.0.79/modules/pending/discord_krisp-1.zip: 78%
1/9/2025, 7:35:59 PM GMT+1 [Modules] Streaming discord_krisp@1 to /home/arch/.config/discord/0.0.79/modules/pending/discord_krisp-1.zip: 79%
1/9/2025, 7:35:59 PM GMT+1 [Modules] Streaming discord_krisp@1 to /home/arch/.config/discord/0.0.79/modules/pending/discord_krisp-1.zip: 80%
1/9/2025, 7:35:59 PM GMT+1 [Modules] Streaming discord_krisp@1 to /home/arch/.config/discord/0.0.79/modules/pending/discord_krisp-1.zip: 81%
1/9/2025, 7:35:59 PM GMT+1 [Modules] Streaming discord_krisp@1 to /home/arch/.config/discord/0.0.79/modules/pending/discord_krisp-1.zip: 82%
1/9/2025, 7:35:59 PM GMT+1 [Modules] Streaming discord_krisp@1 to /home/arch/.config/discord/0.0.79/modules/pending/discord_krisp-1.zip: 83%
1/9/2025, 7:35:59 PM GMT+1 [Modules] Streaming discord_krisp@1 to /home/arch/.config/discord/0.0.79/modules/pending/discord_krisp-1.zip: 84%
1/9/2025, 7:35:59 PM GMT+1 [Modules] Streaming discord_krisp@1 to /home/arch/.config/discord/0.0.79/modules/pending/discord_krisp-1.zip: 85%
1/9/2025, 7:35:59 PM GMT+1 [Modules] Streaming discord_krisp@1 to /home/arch/.config/discord/0.0.79/modules/pending/discord_krisp-1.zip: 86%
1/9/2025, 7:35:59 PM GMT+1 [Modules] Streaming discord_krisp@1 to /home/arch/.config/discord/0.0.79/modules/pending/discord_krisp-1.zip: 87%
1/9/2025, 7:35:59 PM GMT+1 [Modules] Streaming discord_krisp@1 to /home/arch/.config/discord/0.0.79/modules/pending/discord_krisp-1.zip: 88%
1/9/2025, 7:35:59 PM GMT+1 [Modules] Streaming discord_krisp@1 to /home/arch/.config/discord/0.0.79/modules/pending/discord_krisp-1.zip: 89%
1/9/2025, 7:35:59 PM GMT+1 [Modules] Streaming discord_krisp@1 to /home/arch/.config/discord/0.0.79/modules/pending/discord_krisp-1.zip: 90%
1/9/2025, 7:35:59 PM GMT+1 [Modules] Streaming discord_krisp@1 to /home/arch/.config/discord/0.0.79/modules/pending/discord_krisp-1.zip: 91%
1/9/2025, 7:35:59 PM GMT+1 [Modules] Streaming discord_krisp@1 to /home/arch/.config/discord/0.0.79/modules/pending/discord_krisp-1.zip: 92%
1/9/2025, 7:35:59 PM GMT+1 [Modules] Streaming discord_krisp@1 to /home/arch/.config/discord/0.0.79/modules/pending/discord_krisp-1.zip: 93%
1/9/2025, 7:35:59 PM GMT+1 [Modules] Streaming discord_krisp@1 to /home/arch/.config/discord/0.0.79/modules/pending/discord_krisp-1.zip: 94%
1/9/2025, 7:35:59 PM GMT+1 [Modules] Streaming discord_krisp@1 to /home/arch/.config/discord/0.0.79/modules/pending/discord_krisp-1.zip: 95%
1/9/2025, 7:35:59 PM GMT+1 [Modules] Streaming discord_krisp@1 to /home/arch/.config/discord/0.0.79/modules/pending/discord_krisp-1.zip: 96%
1/9/2025, 7:35:59 PM GMT+1 [Modules] Streaming discord_krisp@1 to /home/arch/.config/discord/0.0.79/modules/pending/discord_krisp-1.zip: 97%
1/9/2025, 7:35:59 PM GMT+1 [Modules] Streaming discord_krisp@1 to /home/arch/.config/discord/0.0.79/modules/pending/discord_krisp-1.zip: 98%
1/9/2025, 7:35:59 PM GMT+1 [Modules] Streaming discord_krisp@1 to /home/arch/.config/discord/0.0.79/modules/pending/discord_krisp-1.zip: 99%
1/9/2025, 7:35:59 PM GMT+1 [Modules] Streaming discord_krisp@1 to /home/arch/.config/discord/0.0.79/modules/pending/discord_krisp-1.zip: 100%
1/9/2025, 7:35:59 PM GMT+1 [Modules] Fetching discord_game_utils@1 from https://discord.com/api/modules/stable/discord_game_utils/1
1/9/2025, 7:35:59 PM GMT+1 [Modules] Streaming discord_game_utils@1 to /home/arch/.config/discord/0.0.79/modules/pending/discord_game_utils-1.zip
1/9/2025, 7:35:59 PM GMT+1 [Modules] Installing discord_krisp@1 from /home/arch/.config/discord/0.0.79/modules/pending/discord_krisp-1.zip
1/9/2025, 7:35:59 PM GMT+1 [Modules] Streaming discord_game_utils@1 to /home/arch/.config/discord/0.0.79/modules/pending/discord_game_utils-1.zip: 1%
1/9/2025, 7:35:59 PM GMT+1 [Modules] Streaming discord_game_utils@1 to /home/arch/.config/discord/0.0.79/modules/pending/discord_game_utils-1.zip: 2%
1/9/2025, 7:35:59 PM GMT+1 [Modules] Streaming discord_game_utils@1 to /home/arch/.config/discord/0.0.79/modules/pending/discord_game_utils-1.zip: 3%
1/9/2025, 7:35:59 PM GMT+1 [Modules] Finished module installations. [success: 1] [failure: 0]
1/9/2025, 7:35:59 PM GMT+1 [Modules] Streaming discord_game_utils@1 to /home/arch/.config/discord/0.0.79/modules/pending/discord_game_utils-1.zip: 4%
1/9/2025, 7:35:59 PM GMT+1 [Modules] Streaming discord_game_utils@1 to /home/arch/.config/discord/0.0.79/modules/pending/discord_game_utils-1.zip: 5%
1/9/2025, 7:35:59 PM GMT+1 [Modules] Streaming discord_game_utils@1 to /home/arch/.config/discord/0.0.79/modules/pending/discord_game_utils-1.zip: 6%
1/9/2025, 7:35:59 PM GMT+1 [Modules] Streaming discord_game_utils@1 to /home/arch/.config/discord/0.0.79/modules/pending/discord_game_utils-1.zip: 7%
1/9/2025, 7:35:59 PM GMT+1 [Modules] Streaming discord_game_utils@1 to /home/arch/.config/discord/0.0.79/modules/pending/discord_game_utils-1.zip: 8%
1/9/2025, 7:35:59 PM GMT+1 [Modules] Streaming discord_game_utils@1 to /home/arch/.config/discord/0.0.79/modules/pending/discord_game_utils-1.zip: 9%
1/9/2025, 7:35:59 PM GMT+1 [Modules] Streaming discord_game_utils@1 to /home/arch/.config/discord/0.0.79/modules/pending/discord_game_utils-1.zip: 10%
1/9/2025, 7:35:59 PM GMT+1 [Modules] Streaming discord_game_utils@1 to /home/arch/.config/discord/0.0.79/modules/pending/discord_game_utils-1.zip: 11%
1/9/2025, 7:35:59 PM GMT+1 [Modules] Streaming discord_game_utils@1 to /home/arch/.config/discord/0.0.79/modules/pending/discord_game_utils-1.zip: 12%
1/9/2025, 7:35:59 PM GMT+1 [Modules] Streaming discord_game_utils@1 to /home/arch/.config/discord/0.0.79/modules/pending/discord_game_utils-1.zip: 13%
1/9/2025, 7:35:59 PM GMT+1 [Modules] Streaming discord_game_utils@1 to /home/arch/.config/discord/0.0.79/modules/pending/discord_game_utils-1.zip: 14%
1/9/2025, 7:35:59 PM GMT+1 [Modules] Streaming discord_game_utils@1 to /home/arch/.config/discord/0.0.79/modules/pending/discord_game_utils-1.zip: 15%
1/9/2025, 7:35:59 PM GMT+1 [Modules] Streaming discord_game_utils@1 to /home/arch/.config/discord/0.0.79/modules/pending/discord_game_utils-1.zip: 16%
1/9/2025, 7:35:59 PM GMT+1 [Modules] Streaming discord_game_utils@1 to /home/arch/.config/discord/0.0.79/modules/pending/discord_game_utils-1.zip: 17%
1/9/2025, 7:35:59 PM GMT+1 [Modules] Streaming discord_game_utils@1 to /home/arch/.config/discord/0.0.79/modules/pending/discord_game_utils-1.zip: 18%
1/9/2025, 7:35:59 PM GMT+1 [Modules] Streaming discord_game_utils@1 to /home/arch/.config/discord/0.0.79/modules/pending/discord_game_utils-1.zip: 19%
1/9/2025, 7:35:59 PM GMT+1 [Modules] Streaming discord_game_utils@1 to /home/arch/.config/discord/0.0.79/modules/pending/discord_game_utils-1.zip: 20%
1/9/2025, 7:35:59 PM GMT+1 [Modules] Streaming discord_game_utils@1 to /home/arch/.config/discord/0.0.79/modules/pending/discord_game_utils-1.zip: 21%
1/9/2025, 7:35:59 PM GMT+1 [Modules] Streaming discord_game_utils@1 to /home/arch/.config/discord/0.0.79/modules/pending/discord_game_utils-1.zip: 22%
1/9/2025, 7:35:59 PM GMT+1 [Modules] Streaming discord_game_utils@1 to /home/arch/.config/discord/0.0.79/modules/pending/discord_game_utils-1.zip: 23%
1/9/2025, 7:35:59 PM GMT+1 [Modules] Streaming discord_game_utils@1 to /home/arch/.config/discord/0.0.79/modules/pending/discord_game_utils-1.zip: 24%
1/9/2025, 7:35:59 PM GMT+1 [Modules] Streaming discord_game_utils@1 to /home/arch/.config/discord/0.0.79/modules/pending/discord_game_utils-1.zip: 25%
1/9/2025, 7:35:59 PM GMT+1 [Modules] Streaming discord_game_utils@1 to /home/arch/.config/discord/0.0.79/modules/pending/discord_game_utils-1.zip: 26%
1/9/2025, 7:35:59 PM GMT+1 [Modules] Streaming discord_game_utils@1 to /home/arch/.config/discord/0.0.79/modules/pending/discord_game_utils-1.zip: 27%
1/9/2025, 7:35:59 PM GMT+1 [Modules] Streaming discord_game_utils@1 to /home/arch/.config/discord/0.0.79/modules/pending/discord_game_utils-1.zip: 28%
1/9/2025, 7:35:59 PM GMT+1 [Modules] Streaming discord_game_utils@1 to /home/arch/.config/discord/0.0.79/modules/pending/discord_game_utils-1.zip: 29%
1/9/2025, 7:35:59 PM GMT+1 [Modules] Streaming discord_game_utils@1 to /home/arch/.config/discord/0.0.79/modules/pending/discord_game_utils-1.zip: 30%
1/9/2025, 7:35:59 PM GMT+1 [Modules] Streaming discord_game_utils@1 to /home/arch/.config/discord/0.0.79/modules/pending/discord_game_utils-1.zip: 31%
1/9/2025, 7:35:59 PM GMT+1 [Modules] Streaming discord_game_utils@1 to /home/arch/.config/discord/0.0.79/modules/pending/discord_game_utils-1.zip: 32%
1/9/2025, 7:35:59 PM GMT+1 [Modules] Streaming discord_game_utils@1 to /home/arch/.config/discord/0.0.79/modules/pending/discord_game_utils-1.zip: 33%
1/9/2025, 7:35:59 PM GMT+1 [Modules] Streaming discord_game_utils@1 to /home/arch/.config/discord/0.0.79/modules/pending/discord_game_utils-1.zip: 34%
1/9/2025, 7:35:59 PM GMT+1 [Modules] Streaming discord_game_utils@1 to /home/arch/.config/discord/0.0.79/modules/pending/discord_game_utils-1.zip: 35%
1/9/2025, 7:35:59 PM GMT+1 [Modules] Streaming discord_game_utils@1 to /home/arch/.config/discord/0.0.79/modules/pending/discord_game_utils-1.zip: 36%
1/9/2025, 7:35:59 PM GMT+1 [Modules] Streaming discord_game_utils@1 to /home/arch/.config/discord/0.0.79/modules/pending/discord_game_utils-1.zip: 37%
1/9/2025, 7:35:59 PM GMT+1 [Modules] Streaming discord_game_utils@1 to /home/arch/.config/discord/0.0.79/modules/pending/discord_game_utils-1.zip: 38%
1/9/2025, 7:35:59 PM GMT+1 [Modules] Streaming discord_game_utils@1 to /home/arch/.config/discord/0.0.79/modules/pending/discord_game_utils-1.zip: 39%
1/9/2025, 7:35:59 PM GMT+1 [Modules] Streaming discord_game_utils@1 to /home/arch/.config/discord/0.0.79/modules/pending/discord_game_utils-1.zip: 40%
1/9/2025, 7:35:59 PM GMT+1 [Modules] Streaming discord_game_utils@1 to /home/arch/.config/discord/0.0.79/modules/pending/discord_game_utils-1.zip: 41%
1/9/2025, 7:35:59 PM GMT+1 [Modules] Streaming discord_game_utils@1 to /home/arch/.config/discord/0.0.79/modules/pending/discord_game_utils-1.zip: 42%
1/9/2025, 7:35:59 PM GMT+1 [Modules] Streaming discord_game_utils@1 to /home/arch/.config/discord/0.0.79/modules/pending/discord_game_utils-1.zip: 43%
1/9/2025, 7:35:59 PM GMT+1 [Modules] Streaming discord_game_utils@1 to /home/arch/.config/discord/0.0.79/modules/pending/discord_game_utils-1.zip: 44%
1/9/2025, 7:35:59 PM GMT+1 [Modules] Streaming discord_game_utils@1 to /home/arch/.config/discord/0.0.79/modules/pending/discord_game_utils-1.zip: 45%
1/9/2025, 7:35:59 PM GMT+1 [Modules] Streaming discord_game_utils@1 to /home/arch/.config/discord/0.0.79/modules/pending/discord_game_utils-1.zip: 46%
1/9/2025, 7:35:59 PM GMT+1 [Modules] Streaming discord_game_utils@1 to /home/arch/.config/discord/0.0.79/modules/pending/discord_game_utils-1.zip: 47%
1/9/2025, 7:35:59 PM GMT+1 [Modules] Streaming discord_game_utils@1 to /home/arch/.config/discord/0.0.79/modules/pending/discord_game_utils-1.zip: 48%
1/9/2025, 7:35:59 PM GMT+1 [Modules] Streaming discord_game_utils@1 to /home/arch/.config/discord/0.0.79/modules/pending/discord_game_utils-1.zip: 49%
1/9/2025, 7:35:59 PM GMT+1 [Modules] Streaming discord_game_utils@1 to /home/arch/.config/discord/0.0.79/modules/pending/discord_game_utils-1.zip: 50%
1/9/2025, 7:35:59 PM GMT+1 [Modules] Streaming discord_game_utils@1 to /home/arch/.config/discord/0.0.79/modules/pending/discord_game_utils-1.zip: 51%
1/9/2025, 7:35:59 PM GMT+1 [Modules] Streaming discord_game_utils@1 to /home/arch/.config/discord/0.0.79/modules/pending/discord_game_utils-1.zip: 52%
1/9/2025, 7:35:59 PM GMT+1 [Modules] Streaming discord_game_utils@1 to /home/arch/.config/discord/0.0.79/modules/pending/discord_game_utils-1.zip: 53%
1/9/2025, 7:35:59 PM GMT+1 [Modules] Streaming discord_game_utils@1 to /home/arch/.config/discord/0.0.79/modules/pending/discord_game_utils-1.zip: 54%
1/9/2025, 7:35:59 PM GMT+1 [Modules] Streaming discord_game_utils@1 to /home/arch/.config/discord/0.0.79/modules/pending/discord_game_utils-1.zip: 55%
1/9/2025, 7:35:59 PM GMT+1 [Modules] Streaming discord_game_utils@1 to /home/arch/.config/discord/0.0.79/modules/pending/discord_game_utils-1.zip: 56%
1/9/2025, 7:35:59 PM GMT+1 [Modules] Streaming discord_game_utils@1 to /home/arch/.config/discord/0.0.79/modules/pending/discord_game_utils-1.zip: 57%
1/9/2025, 7:35:59 PM GMT+1 [Modules] Streaming discord_game_utils@1 to /home/arch/.config/discord/0.0.79/modules/pending/discord_game_utils-1.zip: 58%
1/9/2025, 7:35:59 PM GMT+1 [Modules] Streaming discord_game_utils@1 to /home/arch/.config/discord/0.0.79/modules/pending/discord_game_utils-1.zip: 59%
1/9/2025, 7:35:59 PM GMT+1 [Modules] Streaming discord_game_utils@1 to /home/arch/.config/discord/0.0.79/modules/pending/discord_game_utils-1.zip: 60%
1/9/2025, 7:35:59 PM GMT+1 [Modules] Streaming discord_game_utils@1 to /home/arch/.config/discord/0.0.79/modules/pending/discord_game_utils-1.zip: 61%
1/9/2025, 7:35:59 PM GMT+1 [Modules] Streaming discord_game_utils@1 to /home/arch/.config/discord/0.0.79/modules/pending/discord_game_utils-1.zip: 62%
1/9/2025, 7:35:59 PM GMT+1 [Modules] Streaming discord_game_utils@1 to /home/arch/.config/discord/0.0.79/modules/pending/discord_game_utils-1.zip: 63%
1/9/2025, 7:35:59 PM GMT+1 [Modules] Streaming discord_game_utils@1 to /home/arch/.config/discord/0.0.79/modules/pending/discord_game_utils-1.zip: 64%
1/9/2025, 7:35:59 PM GMT+1 [Modules] Streaming discord_game_utils@1 to /home/arch/.config/discord/0.0.79/modules/pending/discord_game_utils-1.zip: 65%
1/9/2025, 7:35:59 PM GMT+1 [Modules] Streaming discord_game_utils@1 to /home/arch/.config/discord/0.0.79/modules/pending/discord_game_utils-1.zip: 66%
1/9/2025, 7:35:59 PM GMT+1 [Modules] Streaming discord_game_utils@1 to /home/arch/.config/discord/0.0.79/modules/pending/discord_game_utils-1.zip: 67%
1/9/2025, 7:35:59 PM GMT+1 [Modules] Streaming discord_game_utils@1 to /home/arch/.config/discord/0.0.79/modules/pending/discord_game_utils-1.zip: 68%
1/9/2025, 7:35:59 PM GMT+1 [Modules] Streaming discord_game_utils@1 to /home/arch/.config/discord/0.0.79/modules/pending/discord_game_utils-1.zip: 69%
1/9/2025, 7:35:59 PM GMT+1 [Modules] Streaming discord_game_utils@1 to /home/arch/.config/discord/0.0.79/modules/pending/discord_game_utils-1.zip: 70%
1/9/2025, 7:35:59 PM GMT+1 [Modules] Streaming discord_game_utils@1 to /home/arch/.config/discord/0.0.79/modules/pending/discord_game_utils-1.zip: 71%
1/9/2025, 7:35:59 PM GMT+1 [Modules] Streaming discord_game_utils@1 to /home/arch/.config/discord/0.0.79/modules/pending/discord_game_utils-1.zip: 72%
1/9/2025, 7:35:59 PM GMT+1 [Modules] Streaming discord_game_utils@1 to /home/arch/.config/discord/0.0.79/modules/pending/discord_game_utils-1.zip: 73%
1/9/2025, 7:35:59 PM GMT+1 [Modules] Streaming discord_game_utils@1 to /home/arch/.config/discord/0.0.79/modules/pending/discord_game_utils-1.zip: 74%
1/9/2025, 7:35:59 PM GMT+1 [Modules] Streaming discord_game_utils@1 to /home/arch/.config/discord/0.0.79/modules/pending/discord_game_utils-1.zip: 75%
1/9/2025, 7:35:59 PM GMT+1 [Modules] Streaming discord_game_utils@1 to /home/arch/.config/discord/0.0.79/modules/pending/discord_game_utils-1.zip: 76%
1/9/2025, 7:35:59 PM GMT+1 [Modules] Streaming discord_game_utils@1 to /home/arch/.config/discord/0.0.79/modules/pending/discord_game_utils-1.zip: 77%
1/9/2025, 7:35:59 PM GMT+1 [Modules] Streaming discord_game_utils@1 to /home/arch/.config/discord/0.0.79/modules/pending/discord_game_utils-1.zip: 78%
1/9/2025, 7:35:59 PM GMT+1 [Modules] Streaming discord_game_utils@1 to /home/arch/.config/discord/0.0.79/modules/pending/discord_game_utils-1.zip: 79%
1/9/2025, 7:35:59 PM GMT+1 [Modules] Streaming discord_game_utils@1 to /home/arch/.config/discord/0.0.79/modules/pending/discord_game_utils-1.zip: 80%
1/9/2025, 7:35:59 PM GMT+1 [Modules] Streaming discord_game_utils@1 to /home/arch/.config/discord/0.0.79/modules/pending/discord_game_utils-1.zip: 81%
1/9/2025, 7:35:59 PM GMT+1 [Modules] Streaming discord_game_utils@1 to /home/arch/.config/discord/0.0.79/modules/pending/discord_game_utils-1.zip: 82%
1/9/2025, 7:35:59 PM GMT+1 [Modules] Streaming discord_game_utils@1 to /home/arch/.config/discord/0.0.79/modules/pending/discord_game_utils-1.zip: 83%
1/9/2025, 7:35:59 PM GMT+1 [Modules] Streaming discord_game_utils@1 to /home/arch/.config/discord/0.0.79/modules/pending/discord_game_utils-1.zip: 84%
1/9/2025, 7:35:59 PM GMT+1 [Modules] Streaming discord_game_utils@1 to /home/arch/.config/discord/0.0.79/modules/pending/discord_game_utils-1.zip: 85%
1/9/2025, 7:36:00 PM GMT+1 [Modules] Streaming discord_game_utils@1 to /home/arch/.config/discord/0.0.79/modules/pending/discord_game_utils-1.zip: 86%
1/9/2025, 7:36:00 PM GMT+1 [Modules] Streaming discord_game_utils@1 to /home/arch/.config/discord/0.0.79/modules/pending/discord_game_utils-1.zip: 87%
1/9/2025, 7:36:00 PM GMT+1 [Modules] Streaming discord_game_utils@1 to /home/arch/.config/discord/0.0.79/modules/pending/discord_game_utils-1.zip: 88%
1/9/2025, 7:36:00 PM GMT+1 [Modules] Streaming discord_game_utils@1 to /home/arch/.config/discord/0.0.79/modules/pending/discord_game_utils-1.zip: 89%
1/9/2025, 7:36:00 PM GMT+1 [Modules] Streaming discord_game_utils@1 to /home/arch/.config/discord/0.0.79/modules/pending/discord_game_utils-1.zip: 90%
1/9/2025, 7:36:00 PM GMT+1 [Modules] Streaming discord_game_utils@1 to /home/arch/.config/discord/0.0.79/modules/pending/discord_game_utils-1.zip: 91%
1/9/2025, 7:36:00 PM GMT+1 [Modules] Streaming discord_game_utils@1 to /home/arch/.config/discord/0.0.79/modules/pending/discord_game_utils-1.zip: 92%
1/9/2025, 7:36:00 PM GMT+1 [Modules] Streaming discord_game_utils@1 to /home/arch/.config/discord/0.0.79/modules/pending/discord_game_utils-1.zip: 93%
1/9/2025, 7:36:00 PM GMT+1 [Modules] Streaming discord_game_utils@1 to /home/arch/.config/discord/0.0.79/modules/pending/discord_game_utils-1.zip: 94%
1/9/2025, 7:36:00 PM GMT+1 [Modules] Streaming discord_game_utils@1 to /home/arch/.config/discord/0.0.79/modules/pending/discord_game_utils-1.zip: 95%
1/9/2025, 7:36:00 PM GMT+1 [Modules] Streaming discord_game_utils@1 to /home/arch/.config/discord/0.0.79/modules/pending/discord_game_utils-1.zip: 96%
1/9/2025, 7:36:00 PM GMT+1 [Modules] Streaming discord_game_utils@1 to /home/arch/.config/discord/0.0.79/modules/pending/discord_game_utils-1.zip: 97%
1/9/2025, 7:36:00 PM GMT+1 [Modules] Streaming discord_game_utils@1 to /home/arch/.config/discord/0.0.79/modules/pending/discord_game_utils-1.zip: 98%
1/9/2025, 7:36:00 PM GMT+1 [Modules] Streaming discord_game_utils@1 to /home/arch/.config/discord/0.0.79/modules/pending/discord_game_utils-1.zip: 99%
1/9/2025, 7:36:00 PM GMT+1 [Modules] Streaming discord_game_utils@1 to /home/arch/.config/discord/0.0.79/modules/pending/discord_game_utils-1.zip: 100%
1/9/2025, 7:36:00 PM GMT+1 [Modules] Fetching discord_rpc@1 from https://discord.com/api/modules/stable/discord_rpc/1
1/9/2025, 7:36:00 PM GMT+1 [Modules] Streaming discord_rpc@1 to /home/arch/.config/discord/0.0.79/modules/pending/discord_rpc-1.zip
1/9/2025, 7:36:00 PM GMT+1 [Modules] Installing discord_game_utils@1 from /home/arch/.config/discord/0.0.79/modules/pending/discord_game_utils-1.zip
1/9/2025, 7:36:00 PM GMT+1 [Modules] Finished module installations. [success: 1] [failure: 0]
1/9/2025, 7:36:00 PM GMT+1 [Modules] Streaming discord_rpc@1 to /home/arch/.config/discord/0.0.79/modules/pending/discord_rpc-1.zip: 29%
1/9/2025, 7:36:00 PM GMT+1 [Modules] Streaming discord_rpc@1 to /home/arch/.config/discord/0.0.79/modules/pending/discord_rpc-1.zip: 43%
1/9/2025, 7:36:00 PM GMT+1 [Modules] Streaming discord_rpc@1 to /home/arch/.config/discord/0.0.79/modules/pending/discord_rpc-1.zip: 52%
1/9/2025, 7:36:00 PM GMT+1 [Modules] Streaming discord_rpc@1 to /home/arch/.config/discord/0.0.79/modules/pending/discord_rpc-1.zip: 61%
1/9/2025, 7:36:00 PM GMT+1 [Modules] Streaming discord_rpc@1 to /home/arch/.config/discord/0.0.79/modules/pending/discord_rpc-1.zip: 64%
1/9/2025, 7:36:00 PM GMT+1 [Modules] Streaming discord_rpc@1 to /home/arch/.config/discord/0.0.79/modules/pending/discord_rpc-1.zip: 67%
1/9/2025, 7:36:00 PM GMT+1 [Modules] Streaming discord_rpc@1 to /home/arch/.config/discord/0.0.79/modules/pending/discord_rpc-1.zip: 72%
1/9/2025, 7:36:00 PM GMT+1 [Modules] Streaming discord_rpc@1 to /home/arch/.config/discord/0.0.79/modules/pending/discord_rpc-1.zip: 81%
1/9/2025, 7:36:00 PM GMT+1 [Modules] Streaming discord_rpc@1 to /home/arch/.config/discord/0.0.79/modules/pending/discord_rpc-1.zip: 90%
1/9/2025, 7:36:00 PM GMT+1 [Modules] Streaming discord_rpc@1 to /home/arch/.config/discord/0.0.79/modules/pending/discord_rpc-1.zip: 99%
1/9/2025, 7:36:00 PM GMT+1 [Modules] Streaming discord_rpc@1 to /home/arch/.config/discord/0.0.79/modules/pending/discord_rpc-1.zip: 100%
1/9/2025, 7:36:00 PM GMT+1 [Modules] Finished module downloads. [success: 3] [failure: 0]
1/9/2025, 7:36:00 PM GMT+1 [Modules] Installing discord_rpc@1 from /home/arch/.config/discord/0.0.79/modules/pending/discord_rpc-1.zip
1/9/2025, 7:36:00 PM GMT+1 [Modules] Finished module installations. [success: 1] [failure: 0]
1/16/2025, 6:45:05 PM GMT+1 [Modules] Modules initializing
1/16/2025, 6:45:05 PM GMT+1 [Modules] Distribution: remote
1/16/2025, 6:45:05 PM GMT+1 [Modules] Host updates: enabled
1/16/2025, 6:45:05 PM GMT+1 [Modules] Module updates: enabled
1/16/2025, 6:45:05 PM GMT+1 [Modules] Module install path: /home/arch/.config/discord/0.0.80/modules
1/16/2025, 6:45:05 PM GMT+1 [Modules] Module installed file path: /home/arch/.config/discord/0.0.80/modules/installed.json
1/16/2025, 6:45:05 PM GMT+1 [Modules] Module download path: /home/arch/.config/discord/0.0.80/modules/pending
1/16/2025, 6:45:06 PM GMT+1 [Modules] Bootstrapping...
1/16/2025, 6:45:06 PM GMT+1 [Modules] Installing discord_desktop_core@0 from /opt/discord/resources/bootstrap/discord_desktop_core.zip
1/16/2025, 6:45:06 PM GMT+1 [Modules] Failed installing discord_desktop_core@0: Error: ENOENT: no such file or directory, open '/opt/discord/resources/bootstrap/discord_desktop_core.zip'
1/16/2025, 6:45:06 PM GMT+1 [Modules] Installing discord_erlpack@0 from /opt/discord/resources/bootstrap/discord_erlpack.zip
1/16/2025, 6:45:06 PM GMT+1 [Modules] Failed installing discord_erlpack@0: Error: ENOENT: no such file or directory, open '/opt/discord/resources/bootstrap/discord_erlpack.zip'
1/16/2025, 6:45:06 PM GMT+1 [Modules] Installing discord_spellcheck@0 from /opt/discord/resources/bootstrap/discord_spellcheck.zip
1/16/2025, 6:45:06 PM GMT+1 [Modules] Failed installing discord_spellcheck@0: Error: ENOENT: no such file or directory, open '/opt/discord/resources/bootstrap/discord_spellcheck.zip'
1/16/2025, 6:45:06 PM GMT+1 [Modules] Installing discord_utils@0 from /opt/discord/resources/bootstrap/discord_utils.zip
1/16/2025, 6:45:06 PM GMT+1 [Modules] Failed installing discord_utils@0: Error: ENOENT: no such file or directory, open '/opt/discord/resources/bootstrap/discord_utils.zip'
1/16/2025, 6:45:06 PM GMT+1 [Modules] Installing discord_voice@0 from /opt/discord/resources/bootstrap/discord_voice.zip
1/16/2025, 6:45:06 PM GMT+1 [Modules] Failed installing discord_voice@0: Error: ENOENT: no such file or directory, open '/opt/discord/resources/bootstrap/discord_voice.zip'
1/16/2025, 6:45:06 PM GMT+1 [Modules] Installing discord_zstd@0 from /opt/discord/resources/bootstrap/discord_zstd.zip
1/16/2025, 6:45:06 PM GMT+1 [Modules] Failed installing discord_zstd@0: Error: ENOENT: no such file or directory, open '/opt/discord/resources/bootstrap/discord_zstd.zip'
1/16/2025, 6:45:06 PM GMT+1 [Modules] Finished module installations. [success: 0] [failure: 6]
1/16/2025, 6:45:06 PM GMT+1 [Modules] Checking for host updates.
1/16/2025, 6:45:06 PM GMT+1 [Modules] Host is up to date.
1/16/2025, 6:45:06 PM GMT+1 [Modules] Checking for module updates at https://discord.com/api/modules/stable/versions.json
1/16/2025, 6:45:06 PM GMT+1 [Modules] Module update available: discord_desktop_core@1 [installed: 0]
1/16/2025, 6:45:06 PM GMT+1 [Modules] Module update available: discord_erlpack@1 [installed: 0]
1/16/2025, 6:45:06 PM GMT+1 [Modules] Module update available: discord_spellcheck@1 [installed: 0]
1/16/2025, 6:45:06 PM GMT+1 [Modules] Module update available: discord_utils@1 [installed: 0]
1/16/2025, 6:45:06 PM GMT+1 [Modules] Module update available: discord_voice@1 [installed: 0]
1/16/2025, 6:45:06 PM GMT+1 [Modules] Module update available: discord_zstd@1 [installed: 0]
1/16/2025, 6:45:06 PM GMT+1 [Modules] Fetching discord_desktop_core@1 from https://discord.com/api/modules/stable/discord_desktop_core/1
1/16/2025, 6:45:06 PM GMT+1 [Modules] Streaming discord_desktop_core@1 to /home/arch/.config/discord/0.0.80/modules/pending/discord_desktop_core-1.zip
1/16/2025, 6:45:06 PM GMT+1 [Modules] Streaming discord_desktop_core@1 to /home/arch/.config/discord/0.0.80/modules/pending/discord_desktop_core-1.zip: 1%
1/16/2025, 6:45:06 PM GMT+1 [Modules] Streaming discord_desktop_core@1 to /home/arch/.config/discord/0.0.80/modules/pending/discord_desktop_core-1.zip: 2%
1/16/2025, 6:45:06 PM GMT+1 [Modules] Streaming discord_desktop_core@1 to /home/arch/.config/discord/0.0.80/modules/pending/discord_desktop_core-1.zip: 3%
1/16/2025, 6:45:06 PM GMT+1 [Modules] Streaming discord_desktop_core@1 to /home/arch/.config/discord/0.0.80/modules/pending/discord_desktop_core-1.zip: 4%
1/16/2025, 6:45:06 PM GMT+1 [Modules] Streaming discord_desktop_core@1 to /home/arch/.config/discord/0.0.80/modules/pending/discord_desktop_core-1.zip: 5%
1/16/2025, 6:45:06 PM GMT+1 [Modules] Streaming discord_desktop_core@1 to /home/arch/.config/discord/0.0.80/modules/pending/discord_desktop_core-1.zip: 6%
1/16/2025, 6:45:06 PM GMT+1 [Modules] Streaming discord_desktop_core@1 to /home/arch/.config/discord/0.0.80/modules/pending/discord_desktop_core-1.zip: 7%
1/16/2025, 6:45:06 PM GMT+1 [Modules] Streaming discord_desktop_core@1 to /home/arch/.config/discord/0.0.80/modules/pending/discord_desktop_core-1.zip: 8%
1/16/2025, 6:45:06 PM GMT+1 [Modules] Streaming discord_desktop_core@1 to /home/arch/.config/discord/0.0.80/modules/pending/discord_desktop_core-1.zip: 9%
1/16/2025, 6:45:06 PM GMT+1 [Modules] Streaming discord_desktop_core@1 to /home/arch/.config/discord/0.0.80/modules/pending/discord_desktop_core-1.zip: 10%
1/16/2025, 6:45:06 PM GMT+1 [Modules] Streaming discord_desktop_core@1 to /home/arch/.config/discord/0.0.80/modules/pending/discord_desktop_core-1.zip: 11%
1/16/2025, 6:45:06 PM GMT+1 [Modules] Streaming discord_desktop_core@1 to /home/arch/.config/discord/0.0.80/modules/pending/discord_desktop_core-1.zip: 12%
1/16/2025, 6:45:06 PM GMT+1 [Modules] Streaming discord_desktop_core@1 to /home/arch/.config/discord/0.0.80/modules/pending/discord_desktop_core-1.zip: 13%
1/16/2025, 6:45:06 PM GMT+1 [Modules] Streaming discord_desktop_core@1 to /home/arch/.config/discord/0.0.80/modules/pending/discord_desktop_core-1.zip: 14%
1/16/2025, 6:45:06 PM GMT+1 [Modules] Streaming discord_desktop_core@1 to /home/arch/.config/discord/0.0.80/modules/pending/discord_desktop_core-1.zip: 15%
1/16/2025, 6:45:06 PM GMT+1 [Modules] Streaming discord_desktop_core@1 to /home/arch/.config/discord/0.0.80/modules/pending/discord_desktop_core-1.zip: 16%
1/16/2025, 6:45:06 PM GMT+1 [Modules] Streaming discord_desktop_core@1 to /home/arch/.config/discord/0.0.80/modules/pending/discord_desktop_core-1.zip: 17%
1/16/2025, 6:45:06 PM GMT+1 [Modules] Streaming discord_desktop_core@1 to /home/arch/.config/discord/0.0.80/modules/pending/discord_desktop_core-1.zip: 18%
1/16/2025, 6:45:06 PM GMT+1 [Modules] Streaming discord_desktop_core@1 to /home/arch/.config/discord/0.0.80/modules/pending/discord_desktop_core-1.zip: 19%
1/16/2025, 6:45:06 PM GMT+1 [Modules] Streaming discord_desktop_core@1 to /home/arch/.config/discord/0.0.80/modules/pending/discord_desktop_core-1.zip: 20%
1/16/2025, 6:45:06 PM GMT+1 [Modules] Streaming discord_desktop_core@1 to /home/arch/.config/discord/0.0.80/modules/pending/discord_desktop_core-1.zip: 21%
1/16/2025, 6:45:06 PM GMT+1 [Modules] Streaming discord_desktop_core@1 to /home/arch/.config/discord/0.0.80/modules/pending/discord_desktop_core-1.zip: 22%
1/16/2025, 6:45:06 PM GMT+1 [Modules] Streaming discord_desktop_core@1 to /home/arch/.config/discord/0.0.80/modules/pending/discord_desktop_core-1.zip: 23%
1/16/2025, 6:45:06 PM GMT+1 [Modules] Streaming discord_desktop_core@1 to /home/arch/.config/discord/0.0.80/modules/pending/discord_desktop_core-1.zip: 24%
1/16/2025, 6:45:06 PM GMT+1 [Modules] Streaming discord_desktop_core@1 to /home/arch/.config/discord/0.0.80/modules/pending/discord_desktop_core-1.zip: 25%
1/16/2025, 6:45:06 PM GMT+1 [Modules] Streaming discord_desktop_core@1 to /home/arch/.config/discord/0.0.80/modules/pending/discord_desktop_core-1.zip: 26%
1/16/2025, 6:45:06 PM GMT+1 [Modules] Streaming discord_desktop_core@1 to /home/arch/.config/discord/0.0.80/modules/pending/discord_desktop_core-1.zip: 27%
1/16/2025, 6:45:06 PM GMT+1 [Modules] Streaming discord_desktop_core@1 to /home/arch/.config/discord/0.0.80/modules/pending/discord_desktop_core-1.zip: 28%
1/16/2025, 6:45:06 PM GMT+1 [Modules] Streaming discord_desktop_core@1 to /home/arch/.config/discord/0.0.80/modules/pending/discord_desktop_core-1.zip: 29%
1/16/2025, 6:45:06 PM GMT+1 [Modules] Streaming discord_desktop_core@1 to /home/arch/.config/discord/0.0.80/modules/pending/discord_desktop_core-1.zip: 30%
1/16/2025, 6:45:06 PM GMT+1 [Modules] Streaming discord_desktop_core@1 to /home/arch/.config/discord/0.0.80/modules/pending/discord_desktop_core-1.zip: 31%
1/16/2025, 6:45:06 PM GMT+1 [Modules] Streaming discord_desktop_core@1 to /home/arch/.config/discord/0.0.80/modules/pending/discord_desktop_core-1.zip: 32%
1/16/2025, 6:45:06 PM GMT+1 [Modules] Streaming discord_desktop_core@1 to /home/arch/.config/discord/0.0.80/modules/pending/discord_desktop_core-1.zip: 33%
1/16/2025, 6:45:06 PM GMT+1 [Modules] Streaming discord_desktop_core@1 to /home/arch/.config/discord/0.0.80/modules/pending/discord_desktop_core-1.zip: 34%
1/16/2025, 6:45:06 PM GMT+1 [Modules] Streaming discord_desktop_core@1 to /home/arch/.config/discord/0.0.80/modules/pending/discord_desktop_core-1.zip: 35%
1/16/2025, 6:45:06 PM GMT+1 [Modules] Streaming discord_desktop_core@1 to /home/arch/.config/discord/0.0.80/modules/pending/discord_desktop_core-1.zip: 36%
1/16/2025, 6:45:06 PM GMT+1 [Modules] Streaming discord_desktop_core@1 to /home/arch/.config/discord/0.0.80/modules/pending/discord_desktop_core-1.zip: 37%
1/16/2025, 6:45:06 PM GMT+1 [Modules] Streaming discord_desktop_core@1 to /home/arch/.config/discord/0.0.80/modules/pending/discord_desktop_core-1.zip: 38%
1/16/2025, 6:45:06 PM GMT+1 [Modules] Streaming discord_desktop_core@1 to /home/arch/.config/discord/0.0.80/modules/pending/discord_desktop_core-1.zip: 39%
1/16/2025, 6:45:06 PM GMT+1 [Modules] Streaming discord_desktop_core@1 to /home/arch/.config/discord/0.0.80/modules/pending/discord_desktop_core-1.zip: 40%
1/16/2025, 6:45:06 PM GMT+1 [Modules] Streaming discord_desktop_core@1 to /home/arch/.config/discord/0.0.80/modules/pending/discord_desktop_core-1.zip: 41%
1/16/2025, 6:45:06 PM GMT+1 [Modules] Streaming discord_desktop_core@1 to /home/arch/.config/discord/0.0.80/modules/pending/discord_desktop_core-1.zip: 42%
1/16/2025, 6:45:06 PM GMT+1 [Modules] Streaming discord_desktop_core@1 to /home/arch/.config/discord/0.0.80/modules/pending/discord_desktop_core-1.zip: 43%
1/16/2025, 6:45:07 PM GMT+1 [Modules] Streaming discord_desktop_core@1 to /home/arch/.config/discord/0.0.80/modules/pending/discord_desktop_core-1.zip: 44%
1/16/2025, 6:45:07 PM GMT+1 [Modules] Streaming discord_desktop_core@1 to /home/arch/.config/discord/0.0.80/modules/pending/discord_desktop_core-1.zip: 45%
1/16/2025, 6:45:07 PM GMT+1 [Modules] Streaming discord_desktop_core@1 to /home/arch/.config/discord/0.0.80/modules/pending/discord_desktop_core-1.zip: 46%
1/16/2025, 6:45:07 PM GMT+1 [Modules] Streaming discord_desktop_core@1 to /home/arch/.config/discord/0.0.80/modules/pending/discord_desktop_core-1.zip: 47%
1/16/2025, 6:45:07 PM GMT+1 [Modules] Streaming discord_desktop_core@1 to /home/arch/.config/discord/0.0.80/modules/pending/discord_desktop_core-1.zip: 48%
1/16/2025, 6:45:07 PM GMT+1 [Modules] Streaming discord_desktop_core@1 to /home/arch/.config/discord/0.0.80/modules/pending/discord_desktop_core-1.zip: 49%
1/16/2025, 6:45:07 PM GMT+1 [Modules] Streaming discord_desktop_core@1 to /home/arch/.config/discord/0.0.80/modules/pending/discord_desktop_core-1.zip: 50%
1/16/2025, 6:45:07 PM GMT+1 [Modules] Streaming discord_desktop_core@1 to /home/arch/.config/discord/0.0.80/modules/pending/discord_desktop_core-1.zip: 51%
1/16/2025, 6:45:07 PM GMT+1 [Modules] Streaming discord_desktop_core@1 to /home/arch/.config/discord/0.0.80/modules/pending/discord_desktop_core-1.zip: 52%
1/16/2025, 6:45:07 PM GMT+1 [Modules] Streaming discord_desktop_core@1 to /home/arch/.config/discord/0.0.80/modules/pending/discord_desktop_core-1.zip: 53%
1/16/2025, 6:45:07 PM GMT+1 [Modules] Streaming discord_desktop_core@1 to /home/arch/.config/discord/0.0.80/modules/pending/discord_desktop_core-1.zip: 54%
1/16/2025, 6:45:07 PM GMT+1 [Modules] Streaming discord_desktop_core@1 to /home/arch/.config/discord/0.0.80/modules/pending/discord_desktop_core-1.zip: 55%
1/16/2025, 6:45:07 PM GMT+1 [Modules] Streaming discord_desktop_core@1 to /home/arch/.config/discord/0.0.80/modules/pending/discord_desktop_core-1.zip: 56%
1/16/2025, 6:45:07 PM GMT+1 [Modules] Streaming discord_desktop_core@1 to /home/arch/.config/discord/0.0.80/modules/pending/discord_desktop_core-1.zip: 57%
1/16/2025, 6:45:07 PM GMT+1 [Modules] Streaming discord_desktop_core@1 to /home/arch/.config/discord/0.0.80/modules/pending/discord_desktop_core-1.zip: 58%
1/16/2025, 6:45:07 PM GMT+1 [Modules] Streaming discord_desktop_core@1 to /home/arch/.config/discord/0.0.80/modules/pending/discord_desktop_core-1.zip: 59%
1/16/2025, 6:45:07 PM GMT+1 [Modules] Streaming discord_desktop_core@1 to /home/arch/.config/discord/0.0.80/modules/pending/discord_desktop_core-1.zip: 60%
1/16/2025, 6:45:07 PM GMT+1 [Modules] Streaming discord_desktop_core@1 to /home/arch/.config/discord/0.0.80/modules/pending/discord_desktop_core-1.zip: 61%
1/16/2025, 6:45:07 PM GMT+1 [Modules] Streaming discord_desktop_core@1 to /home/arch/.config/discord/0.0.80/modules/pending/discord_desktop_core-1.zip: 62%
1/16/2025, 6:45:07 PM GMT+1 [Modules] Streaming discord_desktop_core@1 to /home/arch/.config/discord/0.0.80/modules/pending/discord_desktop_core-1.zip: 63%
1/16/2025, 6:45:07 PM GMT+1 [Modules] Streaming discord_desktop_core@1 to /home/arch/.config/discord/0.0.80/modules/pending/discord_desktop_core-1.zip: 64%
1/16/2025, 6:45:07 PM GMT+1 [Modules] Streaming discord_desktop_core@1 to /home/arch/.config/discord/0.0.80/modules/pending/discord_desktop_core-1.zip: 65%
1/16/2025, 6:45:07 PM GMT+1 [Modules] Streaming discord_desktop_core@1 to /home/arch/.config/discord/0.0.80/modules/pending/discord_desktop_core-1.zip: 66%
1/16/2025, 6:45:07 PM GMT+1 [Modules] Streaming discord_desktop_core@1 to /home/arch/.config/discord/0.0.80/modules/pending/discord_desktop_core-1.zip: 67%
1/16/2025, 6:45:07 PM GMT+1 [Modules] Streaming discord_desktop_core@1 to /home/arch/.config/discord/0.0.80/modules/pending/discord_desktop_core-1.zip: 68%
1/16/2025, 6:45:07 PM GMT+1 [Modules] Streaming discord_desktop_core@1 to /home/arch/.config/discord/0.0.80/modules/pending/discord_desktop_core-1.zip: 69%
1/16/2025, 6:45:07 PM GMT+1 [Modules] Streaming discord_desktop_core@1 to /home/arch/.config/discord/0.0.80/modules/pending/discord_desktop_core-1.zip: 70%
1/16/2025, 6:45:07 PM GMT+1 [Modules] Streaming discord_desktop_core@1 to /home/arch/.config/discord/0.0.80/modules/pending/discord_desktop_core-1.zip: 71%
1/16/2025, 6:45:07 PM GMT+1 [Modules] Streaming discord_desktop_core@1 to /home/arch/.config/discord/0.0.80/modules/pending/discord_desktop_core-1.zip: 72%
1/16/2025, 6:45:07 PM GMT+1 [Modules] Streaming discord_desktop_core@1 to /home/arch/.config/discord/0.0.80/modules/pending/discord_desktop_core-1.zip: 73%
1/16/2025, 6:45:07 PM GMT+1 [Modules] Streaming discord_desktop_core@1 to /home/arch/.config/discord/0.0.80/modules/pending/discord_desktop_core-1.zip: 74%
1/16/2025, 6:45:07 PM GMT+1 [Modules] Streaming discord_desktop_core@1 to /home/arch/.config/discord/0.0.80/modules/pending/discord_desktop_core-1.zip: 75%
1/16/2025, 6:45:07 PM GMT+1 [Modules] Streaming discord_desktop_core@1 to /home/arch/.config/discord/0.0.80/modules/pending/discord_desktop_core-1.zip: 76%
1/16/2025, 6:45:07 PM GMT+1 [Modules] Streaming discord_desktop_core@1 to /home/arch/.config/discord/0.0.80/modules/pending/discord_desktop_core-1.zip: 77%
1/16/2025, 6:45:07 PM GMT+1 [Modules] Streaming discord_desktop_core@1 to /home/arch/.config/discord/0.0.80/modules/pending/discord_desktop_core-1.zip: 78%
1/16/2025, 6:45:07 PM GMT+1 [Modules] Streaming discord_desktop_core@1 to /home/arch/.config/discord/0.0.80/modules/pending/discord_desktop_core-1.zip: 79%
1/16/2025, 6:45:07 PM GMT+1 [Modules] Streaming discord_desktop_core@1 to /home/arch/.config/discord/0.0.80/modules/pending/discord_desktop_core-1.zip: 80%
1/16/2025, 6:45:07 PM GMT+1 [Modules] Streaming discord_desktop_core@1 to /home/arch/.config/discord/0.0.80/modules/pending/discord_desktop_core-1.zip: 81%
1/16/2025, 6:45:07 PM GMT+1 [Modules] Streaming discord_desktop_core@1 to /home/arch/.config/discord/0.0.80/modules/pending/discord_desktop_core-1.zip: 82%
1/16/2025, 6:45:07 PM GMT+1 [Modules] Streaming discord_desktop_core@1 to /home/arch/.config/discord/0.0.80/modules/pending/discord_desktop_core-1.zip: 83%
1/16/2025, 6:45:07 PM GMT+1 [Modules] Streaming discord_desktop_core@1 to /home/arch/.config/discord/0.0.80/modules/pending/discord_desktop_core-1.zip: 84%
1/16/2025, 6:45:07 PM GMT+1 [Modules] Streaming discord_desktop_core@1 to /home/arch/.config/discord/0.0.80/modules/pending/discord_desktop_core-1.zip: 85%
1/16/2025, 6:45:07 PM GMT+1 [Modules] Streaming discord_desktop_core@1 to /home/arch/.config/discord/0.0.80/modules/pending/discord_desktop_core-1.zip: 86%
1/16/2025, 6:45:07 PM GMT+1 [Modules] Streaming discord_desktop_core@1 to /home/arch/.config/discord/0.0.80/modules/pending/discord_desktop_core-1.zip: 87%
1/16/2025, 6:45:07 PM GMT+1 [Modules] Streaming discord_desktop_core@1 to /home/arch/.config/discord/0.0.80/modules/pending/discord_desktop_core-1.zip: 88%
1/16/2025, 6:45:07 PM GMT+1 [Modules] Streaming discord_desktop_core@1 to /home/arch/.config/discord/0.0.80/modules/pending/discord_desktop_core-1.zip: 89%
1/16/2025, 6:45:07 PM GMT+1 [Modules] Streaming discord_desktop_core@1 to /home/arch/.config/discord/0.0.80/modules/pending/discord_desktop_core-1.zip: 90%
1/16/2025, 6:45:07 PM GMT+1 [Modules] Streaming discord_desktop_core@1 to /home/arch/.config/discord/0.0.80/modules/pending/discord_desktop_core-1.zip: 92%
1/16/2025, 6:45:07 PM GMT+1 [Modules] Streaming discord_desktop_core@1 to /home/arch/.config/discord/0.0.80/modules/pending/discord_desktop_core-1.zip: 93%
1/16/2025, 6:45:07 PM GMT+1 [Modules] Streaming discord_desktop_core@1 to /home/arch/.config/discord/0.0.80/modules/pending/discord_desktop_core-1.zip: 94%
1/16/2025, 6:45:07 PM GMT+1 [Modules] Streaming discord_desktop_core@1 to /home/arch/.config/discord/0.0.80/modules/pending/discord_desktop_core-1.zip: 95%
1/16/2025, 6:45:07 PM GMT+1 [Modules] Streaming discord_desktop_core@1 to /home/arch/.config/discord/0.0.80/modules/pending/discord_desktop_core-1.zip: 96%
1/16/2025, 6:45:07 PM GMT+1 [Modules] Streaming discord_desktop_core@1 to /home/arch/.config/discord/0.0.80/modules/pending/discord_desktop_core-1.zip: 97%
1/16/2025, 6:45:07 PM GMT+1 [Modules] Streaming discord_desktop_core@1 to /home/arch/.config/discord/0.0.80/modules/pending/discord_desktop_core-1.zip: 98%
1/16/2025, 6:45:07 PM GMT+1 [Modules] Streaming discord_desktop_core@1 to /home/arch/.config/discord/0.0.80/modules/pending/discord_desktop_core-1.zip: 99%
1/16/2025, 6:45:07 PM GMT+1 [Modules] Streaming discord_desktop_core@1 to /home/arch/.config/discord/0.0.80/modules/pending/discord_desktop_core-1.zip: 100%
1/16/2025, 6:45:07 PM GMT+1 [Modules] Fetching discord_erlpack@1 from https://discord.com/api/modules/stable/discord_erlpack/1
1/16/2025, 6:45:07 PM GMT+1 [Modules] Streaming discord_erlpack@1 to /home/arch/.config/discord/0.0.80/modules/pending/discord_erlpack-1.zip
1/16/2025, 6:45:07 PM GMT+1 [Modules] Streaming discord_erlpack@1 to /home/arch/.config/discord/0.0.80/modules/pending/discord_erlpack-1.zip: 1%
1/16/2025, 6:45:07 PM GMT+1 [Modules] Streaming discord_erlpack@1 to /home/arch/.config/discord/0.0.80/modules/pending/discord_erlpack-1.zip: 2%
1/16/2025, 6:45:07 PM GMT+1 [Modules] Streaming discord_erlpack@1 to /home/arch/.config/discord/0.0.80/modules/pending/discord_erlpack-1.zip: 3%
1/16/2025, 6:45:07 PM GMT+1 [Modules] Streaming discord_erlpack@1 to /home/arch/.config/discord/0.0.80/modules/pending/discord_erlpack-1.zip: 4%
1/16/2025, 6:45:07 PM GMT+1 [Modules] Streaming discord_erlpack@1 to /home/arch/.config/discord/0.0.80/modules/pending/discord_erlpack-1.zip: 5%
1/16/2025, 6:45:07 PM GMT+1 [Modules] Streaming discord_erlpack@1 to /home/arch/.config/discord/0.0.80/modules/pending/discord_erlpack-1.zip: 6%
1/16/2025, 6:45:07 PM GMT+1 [Modules] Streaming discord_erlpack@1 to /home/arch/.config/discord/0.0.80/modules/pending/discord_erlpack-1.zip: 7%
1/16/2025, 6:45:07 PM GMT+1 [Modules] Streaming discord_erlpack@1 to /home/arch/.config/discord/0.0.80/modules/pending/discord_erlpack-1.zip: 8%
1/16/2025, 6:45:07 PM GMT+1 [Modules] Streaming discord_erlpack@1 to /home/arch/.config/discord/0.0.80/modules/pending/discord_erlpack-1.zip: 9%
1/16/2025, 6:45:07 PM GMT+1 [Modules] Streaming discord_erlpack@1 to /home/arch/.config/discord/0.0.80/modules/pending/discord_erlpack-1.zip: 10%
1/16/2025, 6:45:07 PM GMT+1 [Modules] Streaming discord_erlpack@1 to /home/arch/.config/discord/0.0.80/modules/pending/discord_erlpack-1.zip: 11%
1/16/2025, 6:45:07 PM GMT+1 [Modules] Streaming discord_erlpack@1 to /home/arch/.config/discord/0.0.80/modules/pending/discord_erlpack-1.zip: 12%
1/16/2025, 6:45:07 PM GMT+1 [Modules] Streaming discord_erlpack@1 to /home/arch/.config/discord/0.0.80/modules/pending/discord_erlpack-1.zip: 13%
1/16/2025, 6:45:07 PM GMT+1 [Modules] Streaming discord_erlpack@1 to /home/arch/.config/discord/0.0.80/modules/pending/discord_erlpack-1.zip: 14%
1/16/2025, 6:45:07 PM GMT+1 [Modules] Streaming discord_erlpack@1 to /home/arch/.config/discord/0.0.80/modules/pending/discord_erlpack-1.zip: 15%
1/16/2025, 6:45:07 PM GMT+1 [Modules] Streaming discord_erlpack@1 to /home/arch/.config/discord/0.0.80/modules/pending/discord_erlpack-1.zip: 16%
1/16/2025, 6:45:07 PM GMT+1 [Modules] Streaming discord_erlpack@1 to /home/arch/.config/discord/0.0.80/modules/pending/discord_erlpack-1.zip: 17%
1/16/2025, 6:45:07 PM GMT+1 [Modules] Streaming discord_erlpack@1 to /home/arch/.config/discord/0.0.80/modules/pending/discord_erlpack-1.zip: 18%
1/16/2025, 6:45:07 PM GMT+1 [Modules] Streaming discord_erlpack@1 to /home/arch/.config/discord/0.0.80/modules/pending/discord_erlpack-1.zip: 19%
1/16/2025, 6:45:07 PM GMT+1 [Modules] Streaming discord_erlpack@1 to /home/arch/.config/discord/0.0.80/modules/pending/discord_erlpack-1.zip: 20%
1/16/2025, 6:45:07 PM GMT+1 [Modules] Streaming discord_erlpack@1 to /home/arch/.config/discord/0.0.80/modules/pending/discord_erlpack-1.zip: 21%
1/16/2025, 6:45:07 PM GMT+1 [Modules] Streaming discord_erlpack@1 to /home/arch/.config/discord/0.0.80/modules/pending/discord_erlpack-1.zip: 22%
1/16/2025, 6:45:07 PM GMT+1 [Modules] Streaming discord_erlpack@1 to /home/arch/.config/discord/0.0.80/modules/pending/discord_erlpack-1.zip: 23%
1/16/2025, 6:45:07 PM GMT+1 [Modules] Streaming discord_erlpack@1 to /home/arch/.config/discord/0.0.80/modules/pending/discord_erlpack-1.zip: 24%
1/16/2025, 6:45:07 PM GMT+1 [Modules] Streaming discord_erlpack@1 to /home/arch/.config/discord/0.0.80/modules/pending/discord_erlpack-1.zip: 25%
1/16/2025, 6:45:07 PM GMT+1 [Modules] Streaming discord_erlpack@1 to /home/arch/.config/discord/0.0.80/modules/pending/discord_erlpack-1.zip: 26%
1/16/2025, 6:45:07 PM GMT+1 [Modules] Streaming discord_erlpack@1 to /home/arch/.config/discord/0.0.80/modules/pending/discord_erlpack-1.zip: 27%
1/16/2025, 6:45:07 PM GMT+1 [Modules] Streaming discord_erlpack@1 to /home/arch/.config/discord/0.0.80/modules/pending/discord_erlpack-1.zip: 28%
1/16/2025, 6:45:07 PM GMT+1 [Modules] Streaming discord_erlpack@1 to /home/arch/.config/discord/0.0.80/modules/pending/discord_erlpack-1.zip: 29%
1/16/2025, 6:45:07 PM GMT+1 [Modules] Streaming discord_erlpack@1 to /home/arch/.config/discord/0.0.80/modules/pending/discord_erlpack-1.zip: 30%
1/16/2025, 6:45:07 PM GMT+1 [Modules] Streaming discord_erlpack@1 to /home/arch/.config/discord/0.0.80/modules/pending/discord_erlpack-1.zip: 31%
1/16/2025, 6:45:07 PM GMT+1 [Modules] Streaming discord_erlpack@1 to /home/arch/.config/discord/0.0.80/modules/pending/discord_erlpack-1.zip: 32%
1/16/2025, 6:45:07 PM GMT+1 [Modules] Streaming discord_erlpack@1 to /home/arch/.config/discord/0.0.80/modules/pending/discord_erlpack-1.zip: 33%
1/16/2025, 6:45:07 PM GMT+1 [Modules] Streaming discord_erlpack@1 to /home/arch/.config/discord/0.0.80/modules/pending/discord_erlpack-1.zip: 34%
1/16/2025, 6:45:07 PM GMT+1 [Modules] Streaming discord_erlpack@1 to /home/arch/.config/discord/0.0.80/modules/pending/discord_erlpack-1.zip: 35%
1/16/2025, 6:45:07 PM GMT+1 [Modules] Streaming discord_erlpack@1 to /home/arch/.config/discord/0.0.80/modules/pending/discord_erlpack-1.zip: 36%
1/16/2025, 6:45:07 PM GMT+1 [Modules] Streaming discord_erlpack@1 to /home/arch/.config/discord/0.0.80/modules/pending/discord_erlpack-1.zip: 37%
1/16/2025, 6:45:07 PM GMT+1 [Modules] Streaming discord_erlpack@1 to /home/arch/.config/discord/0.0.80/modules/pending/discord_erlpack-1.zip: 38%
1/16/2025, 6:45:07 PM GMT+1 [Modules] Streaming discord_erlpack@1 to /home/arch/.config/discord/0.0.80/modules/pending/discord_erlpack-1.zip: 39%
1/16/2025, 6:45:07 PM GMT+1 [Modules] Streaming discord_erlpack@1 to /home/arch/.config/discord/0.0.80/modules/pending/discord_erlpack-1.zip: 40%
1/16/2025, 6:45:07 PM GMT+1 [Modules] Streaming discord_erlpack@1 to /home/arch/.config/discord/0.0.80/modules/pending/discord_erlpack-1.zip: 41%
1/16/2025, 6:45:07 PM GMT+1 [Modules] Streaming discord_erlpack@1 to /home/arch/.config/discord/0.0.80/modules/pending/discord_erlpack-1.zip: 42%
1/16/2025, 6:45:07 PM GMT+1 [Modules] Streaming discord_erlpack@1 to /home/arch/.config/discord/0.0.80/modules/pending/discord_erlpack-1.zip: 43%
1/16/2025, 6:45:07 PM GMT+1 [Modules] Streaming discord_erlpack@1 to /home/arch/.config/discord/0.0.80/modules/pending/discord_erlpack-1.zip: 44%
1/16/2025, 6:45:07 PM GMT+1 [Modules] Streaming discord_erlpack@1 to /home/arch/.config/discord/0.0.80/modules/pending/discord_erlpack-1.zip: 45%
1/16/2025, 6:45:07 PM GMT+1 [Modules] Streaming discord_erlpack@1 to /home/arch/.config/discord/0.0.80/modules/pending/discord_erlpack-1.zip: 46%
1/16/2025, 6:45:07 PM GMT+1 [Modules] Streaming discord_erlpack@1 to /home/arch/.config/discord/0.0.80/modules/pending/discord_erlpack-1.zip: 47%
1/16/2025, 6:45:07 PM GMT+1 [Modules] Streaming discord_erlpack@1 to /home/arch/.config/discord/0.0.80/modules/pending/discord_erlpack-1.zip: 48%
1/16/2025, 6:45:07 PM GMT+1 [Modules] Streaming discord_erlpack@1 to /home/arch/.config/discord/0.0.80/modules/pending/discord_erlpack-1.zip: 49%
1/16/2025, 6:45:07 PM GMT+1 [Modules] Streaming discord_erlpack@1 to /home/arch/.config/discord/0.0.80/modules/pending/discord_erlpack-1.zip: 50%
1/16/2025, 6:45:07 PM GMT+1 [Modules] Streaming discord_erlpack@1 to /home/arch/.config/discord/0.0.80/modules/pending/discord_erlpack-1.zip: 51%
1/16/2025, 6:45:07 PM GMT+1 [Modules] Streaming discord_erlpack@1 to /home/arch/.config/discord/0.0.80/modules/pending/discord_erlpack-1.zip: 52%
1/16/2025, 6:45:07 PM GMT+1 [Modules] Streaming discord_erlpack@1 to /home/arch/.config/discord/0.0.80/modules/pending/discord_erlpack-1.zip: 53%
1/16/2025, 6:45:07 PM GMT+1 [Modules] Streaming discord_erlpack@1 to /home/arch/.config/discord/0.0.80/modules/pending/discord_erlpack-1.zip: 54%
1/16/2025, 6:45:07 PM GMT+1 [Modules] Streaming discord_erlpack@1 to /home/arch/.config/discord/0.0.80/modules/pending/discord_erlpack-1.zip: 55%
1/16/2025, 6:45:07 PM GMT+1 [Modules] Streaming discord_erlpack@1 to /home/arch/.config/discord/0.0.80/modules/pending/discord_erlpack-1.zip: 56%
1/16/2025, 6:45:07 PM GMT+1 [Modules] Streaming discord_erlpack@1 to /home/arch/.config/discord/0.0.80/modules/pending/discord_erlpack-1.zip: 57%
1/16/2025, 6:45:07 PM GMT+1 [Modules] Streaming discord_erlpack@1 to /home/arch/.config/discord/0.0.80/modules/pending/discord_erlpack-1.zip: 58%
1/16/2025, 6:45:07 PM GMT+1 [Modules] Streaming discord_erlpack@1 to /home/arch/.config/discord/0.0.80/modules/pending/discord_erlpack-1.zip: 59%
1/16/2025, 6:45:07 PM GMT+1 [Modules] Streaming discord_erlpack@1 to /home/arch/.config/discord/0.0.80/modules/pending/discord_erlpack-1.zip: 60%
1/16/2025, 6:45:07 PM GMT+1 [Modules] Streaming discord_erlpack@1 to /home/arch/.config/discord/0.0.80/modules/pending/discord_erlpack-1.zip: 61%
1/16/2025, 6:45:07 PM GMT+1 [Modules] Streaming discord_erlpack@1 to /home/arch/.config/discord/0.0.80/modules/pending/discord_erlpack-1.zip: 62%
1/16/2025, 6:45:07 PM GMT+1 [Modules] Streaming discord_erlpack@1 to /home/arch/.config/discord/0.0.80/modules/pending/discord_erlpack-1.zip: 63%
1/16/2025, 6:45:07 PM GMT+1 [Modules] Streaming discord_erlpack@1 to /home/arch/.config/discord/0.0.80/modules/pending/discord_erlpack-1.zip: 64%
1/16/2025, 6:45:07 PM GMT+1 [Modules] Streaming discord_erlpack@1 to /home/arch/.config/discord/0.0.80/modules/pending/discord_erlpack-1.zip: 65%
1/16/2025, 6:45:07 PM GMT+1 [Modules] Streaming discord_erlpack@1 to /home/arch/.config/discord/0.0.80/modules/pending/discord_erlpack-1.zip: 66%
1/16/2025, 6:45:07 PM GMT+1 [Modules] Streaming discord_erlpack@1 to /home/arch/.config/discord/0.0.80/modules/pending/discord_erlpack-1.zip: 67%
1/16/2025, 6:45:07 PM GMT+1 [Modules] Streaming discord_erlpack@1 to /home/arch/.config/discord/0.0.80/modules/pending/discord_erlpack-1.zip: 68%
1/16/2025, 6:45:07 PM GMT+1 [Modules] Streaming discord_erlpack@1 to /home/arch/.config/discord/0.0.80/modules/pending/discord_erlpack-1.zip: 69%
1/16/2025, 6:45:07 PM GMT+1 [Modules] Streaming discord_erlpack@1 to /home/arch/.config/discord/0.0.80/modules/pending/discord_erlpack-1.zip: 70%
1/16/2025, 6:45:07 PM GMT+1 [Modules] Streaming discord_erlpack@1 to /home/arch/.config/discord/0.0.80/modules/pending/discord_erlpack-1.zip: 71%
1/16/2025, 6:45:07 PM GMT+1 [Modules] Streaming discord_erlpack@1 to /home/arch/.config/discord/0.0.80/modules/pending/discord_erlpack-1.zip: 72%
1/16/2025, 6:45:07 PM GMT+1 [Modules] Streaming discord_erlpack@1 to /home/arch/.config/discord/0.0.80/modules/pending/discord_erlpack-1.zip: 73%
1/16/2025, 6:45:07 PM GMT+1 [Modules] Streaming discord_erlpack@1 to /home/arch/.config/discord/0.0.80/modules/pending/discord_erlpack-1.zip: 74%
1/16/2025, 6:45:07 PM GMT+1 [Modules] Streaming discord_erlpack@1 to /home/arch/.config/discord/0.0.80/modules/pending/discord_erlpack-1.zip: 75%
1/16/2025, 6:45:07 PM GMT+1 [Modules] Streaming discord_erlpack@1 to /home/arch/.config/discord/0.0.80/modules/pending/discord_erlpack-1.zip: 76%
1/16/2025, 6:45:07 PM GMT+1 [Modules] Streaming discord_erlpack@1 to /home/arch/.config/discord/0.0.80/modules/pending/discord_erlpack-1.zip: 77%
1/16/2025, 6:45:07 PM GMT+1 [Modules] Streaming discord_erlpack@1 to /home/arch/.config/discord/0.0.80/modules/pending/discord_erlpack-1.zip: 78%
1/16/2025, 6:45:07 PM GMT+1 [Modules] Streaming discord_erlpack@1 to /home/arch/.config/discord/0.0.80/modules/pending/discord_erlpack-1.zip: 79%
1/16/2025, 6:45:07 PM GMT+1 [Modules] Streaming discord_erlpack@1 to /home/arch/.config/discord/0.0.80/modules/pending/discord_erlpack-1.zip: 80%
1/16/2025, 6:45:07 PM GMT+1 [Modules] Streaming discord_erlpack@1 to /home/arch/.config/discord/0.0.80/modules/pending/discord_erlpack-1.zip: 81%
1/16/2025, 6:45:07 PM GMT+1 [Modules] Streaming discord_erlpack@1 to /home/arch/.config/discord/0.0.80/modules/pending/discord_erlpack-1.zip: 82%
1/16/2025, 6:45:07 PM GMT+1 [Modules] Streaming discord_erlpack@1 to /home/arch/.config/discord/0.0.80/modules/pending/discord_erlpack-1.zip: 83%
1/16/2025, 6:45:07 PM GMT+1 [Modules] Streaming discord_erlpack@1 to /home/arch/.config/discord/0.0.80/modules/pending/discord_erlpack-1.zip: 84%
1/16/2025, 6:45:07 PM GMT+1 [Modules] Streaming discord_erlpack@1 to /home/arch/.config/discord/0.0.80/modules/pending/discord_erlpack-1.zip: 85%
1/16/2025, 6:45:07 PM GMT+1 [Modules] Streaming discord_erlpack@1 to /home/arch/.config/discord/0.0.80/modules/pending/discord_erlpack-1.zip: 86%
1/16/2025, 6:45:07 PM GMT+1 [Modules] Streaming discord_erlpack@1 to /home/arch/.config/discord/0.0.80/modules/pending/discord_erlpack-1.zip: 87%
1/16/2025, 6:45:07 PM GMT+1 [Modules] Streaming discord_erlpack@1 to /home/arch/.config/discord/0.0.80/modules/pending/discord_erlpack-1.zip: 88%
1/16/2025, 6:45:07 PM GMT+1 [Modules] Streaming discord_erlpack@1 to /home/arch/.config/discord/0.0.80/modules/pending/discord_erlpack-1.zip: 89%
1/16/2025, 6:45:07 PM GMT+1 [Modules] Streaming discord_erlpack@1 to /home/arch/.config/discord/0.0.80/modules/pending/discord_erlpack-1.zip: 90%
1/16/2025, 6:45:07 PM GMT+1 [Modules] Streaming discord_erlpack@1 to /home/arch/.config/discord/0.0.80/modules/pending/discord_erlpack-1.zip: 91%
1/16/2025, 6:45:07 PM GMT+1 [Modules] Streaming discord_erlpack@1 to /home/arch/.config/discord/0.0.80/modules/pending/discord_erlpack-1.zip: 92%
1/16/2025, 6:45:07 PM GMT+1 [Modules] Streaming discord_erlpack@1 to /home/arch/.config/discord/0.0.80/modules/pending/discord_erlpack-1.zip: 93%
1/16/2025, 6:45:07 PM GMT+1 [Modules] Streaming discord_erlpack@1 to /home/arch/.config/discord/0.0.80/modules/pending/discord_erlpack-1.zip: 94%
1/16/2025, 6:45:07 PM GMT+1 [Modules] Streaming discord_erlpack@1 to /home/arch/.config/discord/0.0.80/modules/pending/discord_erlpack-1.zip: 95%
1/16/2025, 6:45:07 PM GMT+1 [Modules] Streaming discord_erlpack@1 to /home/arch/.config/discord/0.0.80/modules/pending/discord_erlpack-1.zip: 96%
1/16/2025, 6:45:07 PM GMT+1 [Modules] Streaming discord_erlpack@1 to /home/arch/.config/discord/0.0.80/modules/pending/discord_erlpack-1.zip: 97%
1/16/2025, 6:45:07 PM GMT+1 [Modules] Streaming discord_erlpack@1 to /home/arch/.config/discord/0.0.80/modules/pending/discord_erlpack-1.zip: 98%
1/16/2025, 6:45:07 PM GMT+1 [Modules] Streaming discord_erlpack@1 to /home/arch/.config/discord/0.0.80/modules/pending/discord_erlpack-1.zip: 99%
1/16/2025, 6:45:07 PM GMT+1 [Modules] Streaming discord_erlpack@1 to /home/arch/.config/discord/0.0.80/modules/pending/discord_erlpack-1.zip: 100%
1/16/2025, 6:45:07 PM GMT+1 [Modules] Fetching discord_spellcheck@1 from https://discord.com/api/modules/stable/discord_spellcheck/1
1/16/2025, 6:45:07 PM GMT+1 [Modules] Streaming discord_spellcheck@1 to /home/arch/.config/discord/0.0.80/modules/pending/discord_spellcheck-1.zip
1/16/2025, 6:45:07 PM GMT+1 [Modules] Streaming discord_spellcheck@1 to /home/arch/.config/discord/0.0.80/modules/pending/discord_spellcheck-1.zip: 1%
1/16/2025, 6:45:07 PM GMT+1 [Modules] Streaming discord_spellcheck@1 to /home/arch/.config/discord/0.0.80/modules/pending/discord_spellcheck-1.zip: 2%
1/16/2025, 6:45:07 PM GMT+1 [Modules] Streaming discord_spellcheck@1 to /home/arch/.config/discord/0.0.80/modules/pending/discord_spellcheck-1.zip: 3%
1/16/2025, 6:45:07 PM GMT+1 [Modules] Streaming discord_spellcheck@1 to /home/arch/.config/discord/0.0.80/modules/pending/discord_spellcheck-1.zip: 4%
1/16/2025, 6:45:07 PM GMT+1 [Modules] Streaming discord_spellcheck@1 to /home/arch/.config/discord/0.0.80/modules/pending/discord_spellcheck-1.zip: 5%
1/16/2025, 6:45:07 PM GMT+1 [Modules] Streaming discord_spellcheck@1 to /home/arch/.config/discord/0.0.80/modules/pending/discord_spellcheck-1.zip: 6%
1/16/2025, 6:45:07 PM GMT+1 [Modules] Streaming discord_spellcheck@1 to /home/arch/.config/discord/0.0.80/modules/pending/discord_spellcheck-1.zip: 7%
1/16/2025, 6:45:07 PM GMT+1 [Modules] Streaming discord_spellcheck@1 to /home/arch/.config/discord/0.0.80/modules/pending/discord_spellcheck-1.zip: 8%
1/16/2025, 6:45:07 PM GMT+1 [Modules] Streaming discord_spellcheck@1 to /home/arch/.config/discord/0.0.80/modules/pending/discord_spellcheck-1.zip: 9%
1/16/2025, 6:45:07 PM GMT+1 [Modules] Streaming discord_spellcheck@1 to /home/arch/.config/discord/0.0.80/modules/pending/discord_spellcheck-1.zip: 10%
1/16/2025, 6:45:08 PM GMT+1 [Modules] Streaming discord_spellcheck@1 to /home/arch/.config/discord/0.0.80/modules/pending/discord_spellcheck-1.zip: 11%
1/16/2025, 6:45:08 PM GMT+1 [Modules] Streaming discord_spellcheck@1 to /home/arch/.config/discord/0.0.80/modules/pending/discord_spellcheck-1.zip: 12%
1/16/2025, 6:45:08 PM GMT+1 [Modules] Streaming discord_spellcheck@1 to /home/arch/.config/discord/0.0.80/modules/pending/discord_spellcheck-1.zip: 13%
1/16/2025, 6:45:08 PM GMT+1 [Modules] Streaming discord_spellcheck@1 to /home/arch/.config/discord/0.0.80/modules/pending/discord_spellcheck-1.zip: 14%
1/16/2025, 6:45:08 PM GMT+1 [Modules] Streaming discord_spellcheck@1 to /home/arch/.config/discord/0.0.80/modules/pending/discord_spellcheck-1.zip: 15%
1/16/2025, 6:45:08 PM GMT+1 [Modules] Streaming discord_spellcheck@1 to /home/arch/.config/discord/0.0.80/modules/pending/discord_spellcheck-1.zip: 16%
1/16/2025, 6:45:08 PM GMT+1 [Modules] Streaming discord_spellcheck@1 to /home/arch/.config/discord/0.0.80/modules/pending/discord_spellcheck-1.zip: 17%
1/16/2025, 6:45:08 PM GMT+1 [Modules] Streaming discord_spellcheck@1 to /home/arch/.config/discord/0.0.80/modules/pending/discord_spellcheck-1.zip: 18%
1/16/2025, 6:45:08 PM GMT+1 [Modules] Streaming discord_spellcheck@1 to /home/arch/.config/discord/0.0.80/modules/pending/discord_spellcheck-1.zip: 19%
1/16/2025, 6:45:08 PM GMT+1 [Modules] Streaming discord_spellcheck@1 to /home/arch/.config/discord/0.0.80/modules/pending/discord_spellcheck-1.zip: 20%
1/16/2025, 6:45:08 PM GMT+1 [Modules] Streaming discord_spellcheck@1 to /home/arch/.config/discord/0.0.80/modules/pending/discord_spellcheck-1.zip: 21%
1/16/2025, 6:45:08 PM GMT+1 [Modules] Streaming discord_spellcheck@1 to /home/arch/.config/discord/0.0.80/modules/pending/discord_spellcheck-1.zip: 22%
1/16/2025, 6:45:08 PM GMT+1 [Modules] Streaming discord_spellcheck@1 to /home/arch/.config/discord/0.0.80/modules/pending/discord_spellcheck-1.zip: 23%
1/16/2025, 6:45:08 PM GMT+1 [Modules] Streaming discord_spellcheck@1 to /home/arch/.config/discord/0.0.80/modules/pending/discord_spellcheck-1.zip: 24%
1/16/2025, 6:45:08 PM GMT+1 [Modules] Streaming discord_spellcheck@1 to /home/arch/.config/discord/0.0.80/modules/pending/discord_spellcheck-1.zip: 25%
1/16/2025, 6:45:08 PM GMT+1 [Modules] Streaming discord_spellcheck@1 to /home/arch/.config/discord/0.0.80/modules/pending/discord_spellcheck-1.zip: 26%
1/16/2025, 6:45:08 PM GMT+1 [Modules] Streaming discord_spellcheck@1 to /home/arch/.config/discord/0.0.80/modules/pending/discord_spellcheck-1.zip: 27%
1/16/2025, 6:45:08 PM GMT+1 [Modules] Streaming discord_spellcheck@1 to /home/arch/.config/discord/0.0.80/modules/pending/discord_spellcheck-1.zip: 28%
1/16/2025, 6:45:08 PM GMT+1 [Modules] Streaming discord_spellcheck@1 to /home/arch/.config/discord/0.0.80/modules/pending/discord_spellcheck-1.zip: 29%
1/16/2025, 6:45:08 PM GMT+1 [Modules] Streaming discord_spellcheck@1 to /home/arch/.config/discord/0.0.80/modules/pending/discord_spellcheck-1.zip: 30%
1/16/2025, 6:45:08 PM GMT+1 [Modules] Streaming discord_spellcheck@1 to /home/arch/.config/discord/0.0.80/modules/pending/discord_spellcheck-1.zip: 31%
1/16/2025, 6:45:08 PM GMT+1 [Modules] Streaming discord_spellcheck@1 to /home/arch/.config/discord/0.0.80/modules/pending/discord_spellcheck-1.zip: 32%
1/16/2025, 6:45:08 PM GMT+1 [Modules] Streaming discord_spellcheck@1 to /home/arch/.config/discord/0.0.80/modules/pending/discord_spellcheck-1.zip: 33%
1/16/2025, 6:45:08 PM GMT+1 [Modules] Streaming discord_spellcheck@1 to /home/arch/.config/discord/0.0.80/modules/pending/discord_spellcheck-1.zip: 34%
1/16/2025, 6:45:08 PM GMT+1 [Modules] Streaming discord_spellcheck@1 to /home/arch/.config/discord/0.0.80/modules/pending/discord_spellcheck-1.zip: 35%
1/16/2025, 6:45:08 PM GMT+1 [Modules] Streaming discord_spellcheck@1 to /home/arch/.config/discord/0.0.80/modules/pending/discord_spellcheck-1.zip: 36%
1/16/2025, 6:45:08 PM GMT+1 [Modules] Streaming discord_spellcheck@1 to /home/arch/.config/discord/0.0.80/modules/pending/discord_spellcheck-1.zip: 37%
1/16/2025, 6:45:08 PM GMT+1 [Modules] Streaming discord_spellcheck@1 to /home/arch/.config/discord/0.0.80/modules/pending/discord_spellcheck-1.zip: 38%
1/16/2025, 6:45:08 PM GMT+1 [Modules] Streaming discord_spellcheck@1 to /home/arch/.config/discord/0.0.80/modules/pending/discord_spellcheck-1.zip: 39%
1/16/2025, 6:45:08 PM GMT+1 [Modules] Streaming discord_spellcheck@1 to /home/arch/.config/discord/0.0.80/modules/pending/discord_spellcheck-1.zip: 40%
1/16/2025, 6:45:08 PM GMT+1 [Modules] Streaming discord_spellcheck@1 to /home/arch/.config/discord/0.0.80/modules/pending/discord_spellcheck-1.zip: 41%
1/16/2025, 6:45:08 PM GMT+1 [Modules] Streaming discord_spellcheck@1 to /home/arch/.config/discord/0.0.80/modules/pending/discord_spellcheck-1.zip: 42%
1/16/2025, 6:45:08 PM GMT+1 [Modules] Streaming discord_spellcheck@1 to /home/arch/.config/discord/0.0.80/modules/pending/discord_spellcheck-1.zip: 43%
1/16/2025, 6:45:08 PM GMT+1 [Modules] Streaming discord_spellcheck@1 to /home/arch/.config/discord/0.0.80/modules/pending/discord_spellcheck-1.zip: 44%
1/16/2025, 6:45:08 PM GMT+1 [Modules] Streaming discord_spellcheck@1 to /home/arch/.config/discord/0.0.80/modules/pending/discord_spellcheck-1.zip: 45%
1/16/2025, 6:45:08 PM GMT+1 [Modules] Streaming discord_spellcheck@1 to /home/arch/.config/discord/0.0.80/modules/pending/discord_spellcheck-1.zip: 46%
1/16/2025, 6:45:08 PM GMT+1 [Modules] Streaming discord_spellcheck@1 to /home/arch/.config/discord/0.0.80/modules/pending/discord_spellcheck-1.zip: 47%
1/16/2025, 6:45:08 PM GMT+1 [Modules] Streaming discord_spellcheck@1 to /home/arch/.config/discord/0.0.80/modules/pending/discord_spellcheck-1.zip: 48%
1/16/2025, 6:45:08 PM GMT+1 [Modules] Streaming discord_spellcheck@1 to /home/arch/.config/discord/0.0.80/modules/pending/discord_spellcheck-1.zip: 49%
1/16/2025, 6:45:08 PM GMT+1 [Modules] Streaming discord_spellcheck@1 to /home/arch/.config/discord/0.0.80/modules/pending/discord_spellcheck-1.zip: 50%
1/16/2025, 6:45:08 PM GMT+1 [Modules] Streaming discord_spellcheck@1 to /home/arch/.config/discord/0.0.80/modules/pending/discord_spellcheck-1.zip: 51%
1/16/2025, 6:45:08 PM GMT+1 [Modules] Streaming discord_spellcheck@1 to /home/arch/.config/discord/0.0.80/modules/pending/discord_spellcheck-1.zip: 52%
1/16/2025, 6:45:08 PM GMT+1 [Modules] Streaming discord_spellcheck@1 to /home/arch/.config/discord/0.0.80/modules/pending/discord_spellcheck-1.zip: 53%
1/16/2025, 6:45:08 PM GMT+1 [Modules] Streaming discord_spellcheck@1 to /home/arch/.config/discord/0.0.80/modules/pending/discord_spellcheck-1.zip: 54%
1/16/2025, 6:45:08 PM GMT+1 [Modules] Streaming discord_spellcheck@1 to /home/arch/.config/discord/0.0.80/modules/pending/discord_spellcheck-1.zip: 55%
1/16/2025, 6:45:08 PM GMT+1 [Modules] Streaming discord_spellcheck@1 to /home/arch/.config/discord/0.0.80/modules/pending/discord_spellcheck-1.zip: 56%
1/16/2025, 6:45:08 PM GMT+1 [Modules] Streaming discord_spellcheck@1 to /home/arch/.config/discord/0.0.80/modules/pending/discord_spellcheck-1.zip: 57%
1/16/2025, 6:45:08 PM GMT+1 [Modules] Streaming discord_spellcheck@1 to /home/arch/.config/discord/0.0.80/modules/pending/discord_spellcheck-1.zip: 58%
1/16/2025, 6:45:08 PM GMT+1 [Modules] Streaming discord_spellcheck@1 to /home/arch/.config/discord/0.0.80/modules/pending/discord_spellcheck-1.zip: 59%
1/16/2025, 6:45:08 PM GMT+1 [Modules] Streaming discord_spellcheck@1 to /home/arch/.config/discord/0.0.80/modules/pending/discord_spellcheck-1.zip: 60%
1/16/2025, 6:45:08 PM GMT+1 [Modules] Streaming discord_spellcheck@1 to /home/arch/.config/discord/0.0.80/modules/pending/discord_spellcheck-1.zip: 61%
1/16/2025, 6:45:08 PM GMT+1 [Modules] Streaming discord_spellcheck@1 to /home/arch/.config/discord/0.0.80/modules/pending/discord_spellcheck-1.zip: 62%
1/16/2025, 6:45:08 PM GMT+1 [Modules] Streaming discord_spellcheck@1 to /home/arch/.config/discord/0.0.80/modules/pending/discord_spellcheck-1.zip: 63%
1/16/2025, 6:45:08 PM GMT+1 [Modules] Streaming discord_spellcheck@1 to /home/arch/.config/discord/0.0.80/modules/pending/discord_spellcheck-1.zip: 64%
1/16/2025, 6:45:08 PM GMT+1 [Modules] Streaming discord_spellcheck@1 to /home/arch/.config/discord/0.0.80/modules/pending/discord_spellcheck-1.zip: 65%
1/16/2025, 6:45:08 PM GMT+1 [Modules] Streaming discord_spellcheck@1 to /home/arch/.config/discord/0.0.80/modules/pending/discord_spellcheck-1.zip: 66%
1/16/2025, 6:45:08 PM GMT+1 [Modules] Streaming discord_spellcheck@1 to /home/arch/.config/discord/0.0.80/modules/pending/discord_spellcheck-1.zip: 67%
1/16/2025, 6:45:08 PM GMT+1 [Modules] Streaming discord_spellcheck@1 to /home/arch/.config/discord/0.0.80/modules/pending/discord_spellcheck-1.zip: 68%
1/16/2025, 6:45:08 PM GMT+1 [Modules] Streaming discord_spellcheck@1 to /home/arch/.config/discord/0.0.80/modules/pending/discord_spellcheck-1.zip: 69%
1/16/2025, 6:45:08 PM GMT+1 [Modules] Streaming discord_spellcheck@1 to /home/arch/.config/discord/0.0.80/modules/pending/discord_spellcheck-1.zip: 70%
1/16/2025, 6:45:08 PM GMT+1 [Modules] Streaming discord_spellcheck@1 to /home/arch/.config/discord/0.0.80/modules/pending/discord_spellcheck-1.zip: 71%
1/16/2025, 6:45:08 PM GMT+1 [Modules] Streaming discord_spellcheck@1 to /home/arch/.config/discord/0.0.80/modules/pending/discord_spellcheck-1.zip: 72%
1/16/2025, 6:45:08 PM GMT+1 [Modules] Streaming discord_spellcheck@1 to /home/arch/.config/discord/0.0.80/modules/pending/discord_spellcheck-1.zip: 73%
1/16/2025, 6:45:08 PM GMT+1 [Modules] Streaming discord_spellcheck@1 to /home/arch/.config/discord/0.0.80/modules/pending/discord_spellcheck-1.zip: 74%
1/16/2025, 6:45:08 PM GMT+1 [Modules] Streaming discord_spellcheck@1 to /home/arch/.config/discord/0.0.80/modules/pending/discord_spellcheck-1.zip: 75%
1/16/2025, 6:45:08 PM GMT+1 [Modules] Streaming discord_spellcheck@1 to /home/arch/.config/discord/0.0.80/modules/pending/discord_spellcheck-1.zip: 76%
1/16/2025, 6:45:08 PM GMT+1 [Modules] Streaming discord_spellcheck@1 to /home/arch/.config/discord/0.0.80/modules/pending/discord_spellcheck-1.zip: 77%
1/16/2025, 6:45:08 PM GMT+1 [Modules] Streaming discord_spellcheck@1 to /home/arch/.config/discord/0.0.80/modules/pending/discord_spellcheck-1.zip: 78%
1/16/2025, 6:45:08 PM GMT+1 [Modules] Streaming discord_spellcheck@1 to /home/arch/.config/discord/0.0.80/modules/pending/discord_spellcheck-1.zip: 79%
1/16/2025, 6:45:08 PM GMT+1 [Modules] Streaming discord_spellcheck@1 to /home/arch/.config/discord/0.0.80/modules/pending/discord_spellcheck-1.zip: 80%
1/16/2025, 6:45:08 PM GMT+1 [Modules] Streaming discord_spellcheck@1 to /home/arch/.config/discord/0.0.80/modules/pending/discord_spellcheck-1.zip: 81%
1/16/2025, 6:45:08 PM GMT+1 [Modules] Streaming discord_spellcheck@1 to /home/arch/.config/discord/0.0.80/modules/pending/discord_spellcheck-1.zip: 82%
1/16/2025, 6:45:08 PM GMT+1 [Modules] Streaming discord_spellcheck@1 to /home/arch/.config/discord/0.0.80/modules/pending/discord_spellcheck-1.zip: 83%
1/16/2025, 6:45:08 PM GMT+1 [Modules] Streaming discord_spellcheck@1 to /home/arch/.config/discord/0.0.80/modules/pending/discord_spellcheck-1.zip: 84%
1/16/2025, 6:45:08 PM GMT+1 [Modules] Streaming discord_spellcheck@1 to /home/arch/.config/discord/0.0.80/modules/pending/discord_spellcheck-1.zip: 85%
1/16/2025, 6:45:08 PM GMT+1 [Modules] Streaming discord_spellcheck@1 to /home/arch/.config/discord/0.0.80/modules/pending/discord_spellcheck-1.zip: 86%
1/16/2025, 6:45:08 PM GMT+1 [Modules] Streaming discord_spellcheck@1 to /home/arch/.config/discord/0.0.80/modules/pending/discord_spellcheck-1.zip: 87%
1/16/2025, 6:45:08 PM GMT+1 [Modules] Streaming discord_spellcheck@1 to /home/arch/.config/discord/0.0.80/modules/pending/discord_spellcheck-1.zip: 88%
1/16/2025, 6:45:08 PM GMT+1 [Modules] Streaming discord_spellcheck@1 to /home/arch/.config/discord/0.0.80/modules/pending/discord_spellcheck-1.zip: 89%
1/16/2025, 6:45:08 PM GMT+1 [Modules] Streaming discord_spellcheck@1 to /home/arch/.config/discord/0.0.80/modules/pending/discord_spellcheck-1.zip: 90%
1/16/2025, 6:45:08 PM GMT+1 [Modules] Streaming discord_spellcheck@1 to /home/arch/.config/discord/0.0.80/modules/pending/discord_spellcheck-1.zip: 91%
1/16/2025, 6:45:08 PM GMT+1 [Modules] Streaming discord_spellcheck@1 to /home/arch/.config/discord/0.0.80/modules/pending/discord_spellcheck-1.zip: 92%
1/16/2025, 6:45:08 PM GMT+1 [Modules] Streaming discord_spellcheck@1 to /home/arch/.config/discord/0.0.80/modules/pending/discord_spellcheck-1.zip: 93%
1/16/2025, 6:45:08 PM GMT+1 [Modules] Streaming discord_spellcheck@1 to /home/arch/.config/discord/0.0.80/modules/pending/discord_spellcheck-1.zip: 94%
1/16/2025, 6:45:08 PM GMT+1 [Modules] Streaming discord_spellcheck@1 to /home/arch/.config/discord/0.0.80/modules/pending/discord_spellcheck-1.zip: 95%
1/16/2025, 6:45:08 PM GMT+1 [Modules] Streaming discord_spellcheck@1 to /home/arch/.config/discord/0.0.80/modules/pending/discord_spellcheck-1.zip: 96%
1/16/2025, 6:45:08 PM GMT+1 [Modules] Streaming discord_spellcheck@1 to /home/arch/.config/discord/0.0.80/modules/pending/discord_spellcheck-1.zip: 97%
1/16/2025, 6:45:08 PM GMT+1 [Modules] Streaming discord_spellcheck@1 to /home/arch/.config/discord/0.0.80/modules/pending/discord_spellcheck-1.zip: 98%
1/16/2025, 6:45:08 PM GMT+1 [Modules] Streaming discord_spellcheck@1 to /home/arch/.config/discord/0.0.80/modules/pending/discord_spellcheck-1.zip: 99%
1/16/2025, 6:45:08 PM GMT+1 [Modules] Streaming discord_spellcheck@1 to /home/arch/.config/discord/0.0.80/modules/pending/discord_spellcheck-1.zip: 100%
1/16/2025, 6:45:08 PM GMT+1 [Modules] Fetching discord_utils@1 from https://discord.com/api/modules/stable/discord_utils/1
1/16/2025, 6:45:08 PM GMT+1 [Modules] Streaming discord_utils@1 to /home/arch/.config/discord/0.0.80/modules/pending/discord_utils-1.zip
1/16/2025, 6:45:09 PM GMT+1 [Modules] Streaming discord_utils@1 to /home/arch/.config/discord/0.0.80/modules/pending/discord_utils-1.zip: 1%
1/16/2025, 6:45:09 PM GMT+1 [Modules] Streaming discord_utils@1 to /home/arch/.config/discord/0.0.80/modules/pending/discord_utils-1.zip: 2%
1/16/2025, 6:45:09 PM GMT+1 [Modules] Streaming discord_utils@1 to /home/arch/.config/discord/0.0.80/modules/pending/discord_utils-1.zip: 3%
1/16/2025, 6:45:09 PM GMT+1 [Modules] Streaming discord_utils@1 to /home/arch/.config/discord/0.0.80/modules/pending/discord_utils-1.zip: 4%
1/16/2025, 6:45:09 PM GMT+1 [Modules] Streaming discord_utils@1 to /home/arch/.config/discord/0.0.80/modules/pending/discord_utils-1.zip: 5%
1/16/2025, 6:45:09 PM GMT+1 [Modules] Streaming discord_utils@1 to /home/arch/.config/discord/0.0.80/modules/pending/discord_utils-1.zip: 6%
1/16/2025, 6:45:09 PM GMT+1 [Modules] Streaming discord_utils@1 to /home/arch/.config/discord/0.0.80/modules/pending/discord_utils-1.zip: 7%
1/16/2025, 6:45:09 PM GMT+1 [Modules] Streaming discord_utils@1 to /home/arch/.config/discord/0.0.80/modules/pending/discord_utils-1.zip: 8%
1/16/2025, 6:45:09 PM GMT+1 [Modules] Streaming discord_utils@1 to /home/arch/.config/discord/0.0.80/modules/pending/discord_utils-1.zip: 9%
1/16/2025, 6:45:09 PM GMT+1 [Modules] Streaming discord_utils@1 to /home/arch/.config/discord/0.0.80/modules/pending/discord_utils-1.zip: 10%
1/16/2025, 6:45:09 PM GMT+1 [Modules] Streaming discord_utils@1 to /home/arch/.config/discord/0.0.80/modules/pending/discord_utils-1.zip: 11%
1/16/2025, 6:45:09 PM GMT+1 [Modules] Streaming discord_utils@1 to /home/arch/.config/discord/0.0.80/modules/pending/discord_utils-1.zip: 12%
1/16/2025, 6:45:09 PM GMT+1 [Modules] Streaming discord_utils@1 to /home/arch/.config/discord/0.0.80/modules/pending/discord_utils-1.zip: 13%
1/16/2025, 6:45:09 PM GMT+1 [Modules] Streaming discord_utils@1 to /home/arch/.config/discord/0.0.80/modules/pending/discord_utils-1.zip: 14%
1/16/2025, 6:45:09 PM GMT+1 [Modules] Streaming discord_utils@1 to /home/arch/.config/discord/0.0.80/modules/pending/discord_utils-1.zip: 15%
1/16/2025, 6:45:09 PM GMT+1 [Modules] Streaming discord_utils@1 to /home/arch/.config/discord/0.0.80/modules/pending/discord_utils-1.zip: 16%
1/16/2025, 6:45:09 PM GMT+1 [Modules] Streaming discord_utils@1 to /home/arch/.config/discord/0.0.80/modules/pending/discord_utils-1.zip: 17%
1/16/2025, 6:45:09 PM GMT+1 [Modules] Streaming discord_utils@1 to /home/arch/.config/discord/0.0.80/modules/pending/discord_utils-1.zip: 18%
1/16/2025, 6:45:09 PM GMT+1 [Modules] Streaming discord_utils@1 to /home/arch/.config/discord/0.0.80/modules/pending/discord_utils-1.zip: 19%
1/16/2025, 6:45:09 PM GMT+1 [Modules] Streaming discord_utils@1 to /home/arch/.config/discord/0.0.80/modules/pending/discord_utils-1.zip: 20%
1/16/2025, 6:45:09 PM GMT+1 [Modules] Streaming discord_utils@1 to /home/arch/.config/discord/0.0.80/modules/pending/discord_utils-1.zip: 21%
1/16/2025, 6:45:09 PM GMT+1 [Modules] Streaming discord_utils@1 to /home/arch/.config/discord/0.0.80/modules/pending/discord_utils-1.zip: 22%
1/16/2025, 6:45:09 PM GMT+1 [Modules] Streaming discord_utils@1 to /home/arch/.config/discord/0.0.80/modules/pending/discord_utils-1.zip: 23%
1/16/2025, 6:45:09 PM GMT+1 [Modules] Streaming discord_utils@1 to /home/arch/.config/discord/0.0.80/modules/pending/discord_utils-1.zip: 24%
1/16/2025, 6:45:09 PM GMT+1 [Modules] Streaming discord_utils@1 to /home/arch/.config/discord/0.0.80/modules/pending/discord_utils-1.zip: 25%
1/16/2025, 6:45:09 PM GMT+1 [Modules] Streaming discord_utils@1 to /home/arch/.config/discord/0.0.80/modules/pending/discord_utils-1.zip: 26%
1/16/2025, 6:45:09 PM GMT+1 [Modules] Streaming discord_utils@1 to /home/arch/.config/discord/0.0.80/modules/pending/discord_utils-1.zip: 27%
1/16/2025, 6:45:09 PM GMT+1 [Modules] Streaming discord_utils@1 to /home/arch/.config/discord/0.0.80/modules/pending/discord_utils-1.zip: 28%
1/16/2025, 6:45:09 PM GMT+1 [Modules] Streaming discord_utils@1 to /home/arch/.config/discord/0.0.80/modules/pending/discord_utils-1.zip: 29%
1/16/2025, 6:45:09 PM GMT+1 [Modules] Streaming discord_utils@1 to /home/arch/.config/discord/0.0.80/modules/pending/discord_utils-1.zip: 30%
1/16/2025, 6:45:09 PM GMT+1 [Modules] Streaming discord_utils@1 to /home/arch/.config/discord/0.0.80/modules/pending/discord_utils-1.zip: 31%
1/16/2025, 6:45:09 PM GMT+1 [Modules] Streaming discord_utils@1 to /home/arch/.config/discord/0.0.80/modules/pending/discord_utils-1.zip: 32%
1/16/2025, 6:45:09 PM GMT+1 [Modules] Streaming discord_utils@1 to /home/arch/.config/discord/0.0.80/modules/pending/discord_utils-1.zip: 33%
1/16/2025, 6:45:09 PM GMT+1 [Modules] Streaming discord_utils@1 to /home/arch/.config/discord/0.0.80/modules/pending/discord_utils-1.zip: 34%
1/16/2025, 6:45:09 PM GMT+1 [Modules] Streaming discord_utils@1 to /home/arch/.config/discord/0.0.80/modules/pending/discord_utils-1.zip: 35%
1/16/2025, 6:45:09 PM GMT+1 [Modules] Streaming discord_utils@1 to /home/arch/.config/discord/0.0.80/modules/pending/discord_utils-1.zip: 36%
1/16/2025, 6:45:09 PM GMT+1 [Modules] Streaming discord_utils@1 to /home/arch/.config/discord/0.0.80/modules/pending/discord_utils-1.zip: 37%
1/16/2025, 6:45:09 PM GMT+1 [Modules] Streaming discord_utils@1 to /home/arch/.config/discord/0.0.80/modules/pending/discord_utils-1.zip: 38%
1/16/2025, 6:45:09 PM GMT+1 [Modules] Streaming discord_utils@1 to /home/arch/.config/discord/0.0.80/modules/pending/discord_utils-1.zip: 39%
1/16/2025, 6:45:09 PM GMT+1 [Modules] Streaming discord_utils@1 to /home/arch/.config/discord/0.0.80/modules/pending/discord_utils-1.zip: 40%
1/16/2025, 6:45:09 PM GMT+1 [Modules] Streaming discord_utils@1 to /home/arch/.config/discord/0.0.80/modules/pending/discord_utils-1.zip: 41%
1/16/2025, 6:45:09 PM GMT+1 [Modules] Streaming discord_utils@1 to /home/arch/.config/discord/0.0.80/modules/pending/discord_utils-1.zip: 42%
1/16/2025, 6:45:09 PM GMT+1 [Modules] Streaming discord_utils@1 to /home/arch/.config/discord/0.0.80/modules/pending/discord_utils-1.zip: 43%
1/16/2025, 6:45:09 PM GMT+1 [Modules] Streaming discord_utils@1 to /home/arch/.config/discord/0.0.80/modules/pending/discord_utils-1.zip: 44%
1/16/2025, 6:45:09 PM GMT+1 [Modules] Streaming discord_utils@1 to /home/arch/.config/discord/0.0.80/modules/pending/discord_utils-1.zip: 45%
1/16/2025, 6:45:09 PM GMT+1 [Modules] Streaming discord_utils@1 to /home/arch/.config/discord/0.0.80/modules/pending/discord_utils-1.zip: 46%
1/16/2025, 6:45:09 PM GMT+1 [Modules] Streaming discord_utils@1 to /home/arch/.config/discord/0.0.80/modules/pending/discord_utils-1.zip: 47%
1/16/2025, 6:45:09 PM GMT+1 [Modules] Streaming discord_utils@1 to /home/arch/.config/discord/0.0.80/modules/pending/discord_utils-1.zip: 49%
1/16/2025, 6:45:09 PM GMT+1 [Modules] Streaming discord_utils@1 to /home/arch/.config/discord/0.0.80/modules/pending/discord_utils-1.zip: 51%
1/16/2025, 6:45:09 PM GMT+1 [Modules] Streaming discord_utils@1 to /home/arch/.config/discord/0.0.80/modules/pending/discord_utils-1.zip: 52%
1/16/2025, 6:45:09 PM GMT+1 [Modules] Streaming discord_utils@1 to /home/arch/.config/discord/0.0.80/modules/pending/discord_utils-1.zip: 53%
1/16/2025, 6:45:09 PM GMT+1 [Modules] Streaming discord_utils@1 to /home/arch/.config/discord/0.0.80/modules/pending/discord_utils-1.zip: 54%
1/16/2025, 6:45:09 PM GMT+1 [Modules] Streaming discord_utils@1 to /home/arch/.config/discord/0.0.80/modules/pending/discord_utils-1.zip: 55%
1/16/2025, 6:45:09 PM GMT+1 [Modules] Streaming discord_utils@1 to /home/arch/.config/discord/0.0.80/modules/pending/discord_utils-1.zip: 56%
1/16/2025, 6:45:09 PM GMT+1 [Modules] Streaming discord_utils@1 to /home/arch/.config/discord/0.0.80/modules/pending/discord_utils-1.zip: 57%
1/16/2025, 6:45:09 PM GMT+1 [Modules] Streaming discord_utils@1 to /home/arch/.config/discord/0.0.80/modules/pending/discord_utils-1.zip: 58%
1/16/2025, 6:45:09 PM GMT+1 [Modules] Streaming discord_utils@1 to /home/arch/.config/discord/0.0.80/modules/pending/discord_utils-1.zip: 59%
1/16/2025, 6:45:09 PM GMT+1 [Modules] Streaming discord_utils@1 to /home/arch/.config/discord/0.0.80/modules/pending/discord_utils-1.zip: 60%
1/16/2025, 6:45:09 PM GMT+1 [Modules] Streaming discord_utils@1 to /home/arch/.config/discord/0.0.80/modules/pending/discord_utils-1.zip: 61%
1/16/2025, 6:45:09 PM GMT+1 [Modules] Streaming discord_utils@1 to /home/arch/.config/discord/0.0.80/modules/pending/discord_utils-1.zip: 62%
1/16/2025, 6:45:09 PM GMT+1 [Modules] Streaming discord_utils@1 to /home/arch/.config/discord/0.0.80/modules/pending/discord_utils-1.zip: 63%
1/16/2025, 6:45:09 PM GMT+1 [Modules] Streaming discord_utils@1 to /home/arch/.config/discord/0.0.80/modules/pending/discord_utils-1.zip: 64%
1/16/2025, 6:45:09 PM GMT+1 [Modules] Streaming discord_utils@1 to /home/arch/.config/discord/0.0.80/modules/pending/discord_utils-1.zip: 65%
1/16/2025, 6:45:09 PM GMT+1 [Modules] Streaming discord_utils@1 to /home/arch/.config/discord/0.0.80/modules/pending/discord_utils-1.zip: 66%
1/16/2025, 6:45:09 PM GMT+1 [Modules] Streaming discord_utils@1 to /home/arch/.config/discord/0.0.80/modules/pending/discord_utils-1.zip: 67%
1/16/2025, 6:45:09 PM GMT+1 [Modules] Streaming discord_utils@1 to /home/arch/.config/discord/0.0.80/modules/pending/discord_utils-1.zip: 68%
1/16/2025, 6:45:09 PM GMT+1 [Modules] Streaming discord_utils@1 to /home/arch/.config/discord/0.0.80/modules/pending/discord_utils-1.zip: 69%
1/16/2025, 6:45:09 PM GMT+1 [Modules] Streaming discord_utils@1 to /home/arch/.config/discord/0.0.80/modules/pending/discord_utils-1.zip: 70%
1/16/2025, 6:45:09 PM GMT+1 [Modules] Streaming discord_utils@1 to /home/arch/.config/discord/0.0.80/modules/pending/discord_utils-1.zip: 71%
1/16/2025, 6:45:09 PM GMT+1 [Modules] Streaming discord_utils@1 to /home/arch/.config/discord/0.0.80/modules/pending/discord_utils-1.zip: 72%
1/16/2025, 6:45:09 PM GMT+1 [Modules] Streaming discord_utils@1 to /home/arch/.config/discord/0.0.80/modules/pending/discord_utils-1.zip: 73%
1/16/2025, 6:45:09 PM GMT+1 [Modules] Streaming discord_utils@1 to /home/arch/.config/discord/0.0.80/modules/pending/discord_utils-1.zip: 74%
1/16/2025, 6:45:09 PM GMT+1 [Modules] Streaming discord_utils@1 to /home/arch/.config/discord/0.0.80/modules/pending/discord_utils-1.zip: 75%
1/16/2025, 6:45:09 PM GMT+1 [Modules] Streaming discord_utils@1 to /home/arch/.config/discord/0.0.80/modules/pending/discord_utils-1.zip: 76%
1/16/2025, 6:45:09 PM GMT+1 [Modules] Streaming discord_utils@1 to /home/arch/.config/discord/0.0.80/modules/pending/discord_utils-1.zip: 77%
1/16/2025, 6:45:09 PM GMT+1 [Modules] Streaming discord_utils@1 to /home/arch/.config/discord/0.0.80/modules/pending/discord_utils-1.zip: 78%
1/16/2025, 6:45:09 PM GMT+1 [Modules] Streaming discord_utils@1 to /home/arch/.config/discord/0.0.80/modules/pending/discord_utils-1.zip: 79%
1/16/2025, 6:45:09 PM GMT+1 [Modules] Streaming discord_utils@1 to /home/arch/.config/discord/0.0.80/modules/pending/discord_utils-1.zip: 80%
1/16/2025, 6:45:09 PM GMT+1 [Modules] Streaming discord_utils@1 to /home/arch/.config/discord/0.0.80/modules/pending/discord_utils-1.zip: 81%
1/16/2025, 6:45:09 PM GMT+1 [Modules] Streaming discord_utils@1 to /home/arch/.config/discord/0.0.80/modules/pending/discord_utils-1.zip: 82%
1/16/2025, 6:45:09 PM GMT+1 [Modules] Streaming discord_utils@1 to /home/arch/.config/discord/0.0.80/modules/pending/discord_utils-1.zip: 83%
1/16/2025, 6:45:09 PM GMT+1 [Modules] Streaming discord_utils@1 to /home/arch/.config/discord/0.0.80/modules/pending/discord_utils-1.zip: 84%
1/16/2025, 6:45:09 PM GMT+1 [Modules] Streaming discord_utils@1 to /home/arch/.config/discord/0.0.80/modules/pending/discord_utils-1.zip: 85%
1/16/2025, 6:45:09 PM GMT+1 [Modules] Streaming discord_utils@1 to /home/arch/.config/discord/0.0.80/modules/pending/discord_utils-1.zip: 86%
1/16/2025, 6:45:09 PM GMT+1 [Modules] Streaming discord_utils@1 to /home/arch/.config/discord/0.0.80/modules/pending/discord_utils-1.zip: 87%
1/16/2025, 6:45:09 PM GMT+1 [Modules] Streaming discord_utils@1 to /home/arch/.config/discord/0.0.80/modules/pending/discord_utils-1.zip: 88%
1/16/2025, 6:45:09 PM GMT+1 [Modules] Streaming discord_utils@1 to /home/arch/.config/discord/0.0.80/modules/pending/discord_utils-1.zip: 89%
1/16/2025, 6:45:09 PM GMT+1 [Modules] Streaming discord_utils@1 to /home/arch/.config/discord/0.0.80/modules/pending/discord_utils-1.zip: 90%
1/16/2025, 6:45:09 PM GMT+1 [Modules] Streaming discord_utils@1 to /home/arch/.config/discord/0.0.80/modules/pending/discord_utils-1.zip: 91%
1/16/2025, 6:45:09 PM GMT+1 [Modules] Streaming discord_utils@1 to /home/arch/.config/discord/0.0.80/modules/pending/discord_utils-1.zip: 92%
1/16/2025, 6:45:09 PM GMT+1 [Modules] Streaming discord_utils@1 to /home/arch/.config/discord/0.0.80/modules/pending/discord_utils-1.zip: 93%
1/16/2025, 6:45:09 PM GMT+1 [Modules] Streaming discord_utils@1 to /home/arch/.config/discord/0.0.80/modules/pending/discord_utils-1.zip: 94%
1/16/2025, 6:45:09 PM GMT+1 [Modules] Streaming discord_utils@1 to /home/arch/.config/discord/0.0.80/modules/pending/discord_utils-1.zip: 95%
1/16/2025, 6:45:09 PM GMT+1 [Modules] Streaming discord_utils@1 to /home/arch/.config/discord/0.0.80/modules/pending/discord_utils-1.zip: 96%
1/16/2025, 6:45:09 PM GMT+1 [Modules] Streaming discord_utils@1 to /home/arch/.config/discord/0.0.80/modules/pending/discord_utils-1.zip: 97%
1/16/2025, 6:45:09 PM GMT+1 [Modules] Streaming discord_utils@1 to /home/arch/.config/discord/0.0.80/modules/pending/discord_utils-1.zip: 98%
1/16/2025, 6:45:09 PM GMT+1 [Modules] Streaming discord_utils@1 to /home/arch/.config/discord/0.0.80/modules/pending/discord_utils-1.zip: 99%
1/16/2025, 6:45:09 PM GMT+1 [Modules] Streaming discord_utils@1 to /home/arch/.config/discord/0.0.80/modules/pending/discord_utils-1.zip: 100%
1/16/2025, 6:45:09 PM GMT+1 [Modules] Fetching discord_voice@1 from https://discord.com/api/modules/stable/discord_voice/1
1/16/2025, 6:45:09 PM GMT+1 [Modules] Streaming discord_voice@1 to /home/arch/.config/discord/0.0.80/modules/pending/discord_voice-1.zip
1/16/2025, 6:45:09 PM GMT+1 [Modules] Streaming discord_voice@1 to /home/arch/.config/discord/0.0.80/modules/pending/discord_voice-1.zip: 1%
1/16/2025, 6:45:09 PM GMT+1 [Modules] Streaming discord_voice@1 to /home/arch/.config/discord/0.0.80/modules/pending/discord_voice-1.zip: 2%
1/16/2025, 6:45:09 PM GMT+1 [Modules] Streaming discord_voice@1 to /home/arch/.config/discord/0.0.80/modules/pending/discord_voice-1.zip: 3%
1/16/2025, 6:45:09 PM GMT+1 [Modules] Streaming discord_voice@1 to /home/arch/.config/discord/0.0.80/modules/pending/discord_voice-1.zip: 4%
1/16/2025, 6:45:09 PM GMT+1 [Modules] Streaming discord_voice@1 to /home/arch/.config/discord/0.0.80/modules/pending/discord_voice-1.zip: 5%
1/16/2025, 6:45:09 PM GMT+1 [Modules] Streaming discord_voice@1 to /home/arch/.config/discord/0.0.80/modules/pending/discord_voice-1.zip: 6%
1/16/2025, 6:45:09 PM GMT+1 [Modules] Streaming discord_voice@1 to /home/arch/.config/discord/0.0.80/modules/pending/discord_voice-1.zip: 7%
1/16/2025, 6:45:09 PM GMT+1 [Modules] Streaming discord_voice@1 to /home/arch/.config/discord/0.0.80/modules/pending/discord_voice-1.zip: 8%
1/16/2025, 6:45:09 PM GMT+1 [Modules] Streaming discord_voice@1 to /home/arch/.config/discord/0.0.80/modules/pending/discord_voice-1.zip: 9%
1/16/2025, 6:45:09 PM GMT+1 [Modules] Streaming discord_voice@1 to /home/arch/.config/discord/0.0.80/modules/pending/discord_voice-1.zip: 10%
1/16/2025, 6:45:09 PM GMT+1 [Modules] Streaming discord_voice@1 to /home/arch/.config/discord/0.0.80/modules/pending/discord_voice-1.zip: 11%
1/16/2025, 6:45:09 PM GMT+1 [Modules] Streaming discord_voice@1 to /home/arch/.config/discord/0.0.80/modules/pending/discord_voice-1.zip: 12%
1/16/2025, 6:45:09 PM GMT+1 [Modules] Streaming discord_voice@1 to /home/arch/.config/discord/0.0.80/modules/pending/discord_voice-1.zip: 13%
1/16/2025, 6:45:09 PM GMT+1 [Modules] Streaming discord_voice@1 to /home/arch/.config/discord/0.0.80/modules/pending/discord_voice-1.zip: 14%
1/16/2025, 6:45:09 PM GMT+1 [Modules] Streaming discord_voice@1 to /home/arch/.config/discord/0.0.80/modules/pending/discord_voice-1.zip: 15%
1/16/2025, 6:45:09 PM GMT+1 [Modules] Streaming discord_voice@1 to /home/arch/.config/discord/0.0.80/modules/pending/discord_voice-1.zip: 16%
1/16/2025, 6:45:10 PM GMT+1 [Modules] Streaming discord_voice@1 to /home/arch/.config/discord/0.0.80/modules/pending/discord_voice-1.zip: 17%
1/16/2025, 6:45:10 PM GMT+1 [Modules] Streaming discord_voice@1 to /home/arch/.config/discord/0.0.80/modules/pending/discord_voice-1.zip: 18%
1/16/2025, 6:45:10 PM GMT+1 [Modules] Streaming discord_voice@1 to /home/arch/.config/discord/0.0.80/modules/pending/discord_voice-1.zip: 19%
1/16/2025, 6:45:10 PM GMT+1 [Modules] Streaming discord_voice@1 to /home/arch/.config/discord/0.0.80/modules/pending/discord_voice-1.zip: 20%
1/16/2025, 6:45:10 PM GMT+1 [Modules] Streaming discord_voice@1 to /home/arch/.config/discord/0.0.80/modules/pending/discord_voice-1.zip: 21%
1/16/2025, 6:45:10 PM GMT+1 [Modules] Streaming discord_voice@1 to /home/arch/.config/discord/0.0.80/modules/pending/discord_voice-1.zip: 22%
1/16/2025, 6:45:10 PM GMT+1 [Modules] Streaming discord_voice@1 to /home/arch/.config/discord/0.0.80/modules/pending/discord_voice-1.zip: 23%
1/16/2025, 6:45:10 PM GMT+1 [Modules] Streaming discord_voice@1 to /home/arch/.config/discord/0.0.80/modules/pending/discord_voice-1.zip: 24%
1/16/2025, 6:45:10 PM GMT+1 [Modules] Streaming discord_voice@1 to /home/arch/.config/discord/0.0.80/modules/pending/discord_voice-1.zip: 25%
1/16/2025, 6:45:10 PM GMT+1 [Modules] Streaming discord_voice@1 to /home/arch/.config/discord/0.0.80/modules/pending/discord_voice-1.zip: 26%
1/16/2025, 6:45:10 PM GMT+1 [Modules] Streaming discord_voice@1 to /home/arch/.config/discord/0.0.80/modules/pending/discord_voice-1.zip: 27%
1/16/2025, 6:45:10 PM GMT+1 [Modules] Streaming discord_voice@1 to /home/arch/.config/discord/0.0.80/modules/pending/discord_voice-1.zip: 28%
1/16/2025, 6:45:10 PM GMT+1 [Modules] Streaming discord_voice@1 to /home/arch/.config/discord/0.0.80/modules/pending/discord_voice-1.zip: 29%
1/16/2025, 6:45:10 PM GMT+1 [Modules] Streaming discord_voice@1 to /home/arch/.config/discord/0.0.80/modules/pending/discord_voice-1.zip: 30%
1/16/2025, 6:45:10 PM GMT+1 [Modules] Streaming discord_voice@1 to /home/arch/.config/discord/0.0.80/modules/pending/discord_voice-1.zip: 31%
1/16/2025, 6:45:10 PM GMT+1 [Modules] Streaming discord_voice@1 to /home/arch/.config/discord/0.0.80/modules/pending/discord_voice-1.zip: 32%
1/16/2025, 6:45:10 PM GMT+1 [Modules] Streaming discord_voice@1 to /home/arch/.config/discord/0.0.80/modules/pending/discord_voice-1.zip: 33%
1/16/2025, 6:45:10 PM GMT+1 [Modules] Streaming discord_voice@1 to /home/arch/.config/discord/0.0.80/modules/pending/discord_voice-1.zip: 34%
1/16/2025, 6:45:10 PM GMT+1 [Modules] Streaming discord_voice@1 to /home/arch/.config/discord/0.0.80/modules/pending/discord_voice-1.zip: 35%
1/16/2025, 6:45:10 PM GMT+1 [Modules] Streaming discord_voice@1 to /home/arch/.config/discord/0.0.80/modules/pending/discord_voice-1.zip: 36%
1/16/2025, 6:45:10 PM GMT+1 [Modules] Streaming discord_voice@1 to /home/arch/.config/discord/0.0.80/modules/pending/discord_voice-1.zip: 37%
1/16/2025, 6:45:10 PM GMT+1 [Modules] Streaming discord_voice@1 to /home/arch/.config/discord/0.0.80/modules/pending/discord_voice-1.zip: 38%
1/16/2025, 6:45:10 PM GMT+1 [Modules] Streaming discord_voice@1 to /home/arch/.config/discord/0.0.80/modules/pending/discord_voice-1.zip: 39%
1/16/2025, 6:45:10 PM GMT+1 [Modules] Streaming discord_voice@1 to /home/arch/.config/discord/0.0.80/modules/pending/discord_voice-1.zip: 40%
1/16/2025, 6:45:10 PM GMT+1 [Modules] Streaming discord_voice@1 to /home/arch/.config/discord/0.0.80/modules/pending/discord_voice-1.zip: 41%
1/16/2025, 6:45:10 PM GMT+1 [Modules] Streaming discord_voice@1 to /home/arch/.config/discord/0.0.80/modules/pending/discord_voice-1.zip: 42%
1/16/2025, 6:45:10 PM GMT+1 [Modules] Streaming discord_voice@1 to /home/arch/.config/discord/0.0.80/modules/pending/discord_voice-1.zip: 43%
1/16/2025, 6:45:10 PM GMT+1 [Modules] Streaming discord_voice@1 to /home/arch/.config/discord/0.0.80/modules/pending/discord_voice-1.zip: 44%
1/16/2025, 6:45:10 PM GMT+1 [Modules] Streaming discord_voice@1 to /home/arch/.config/discord/0.0.80/modules/pending/discord_voice-1.zip: 45%
1/16/2025, 6:45:10 PM GMT+1 [Modules] Streaming discord_voice@1 to /home/arch/.config/discord/0.0.80/modules/pending/discord_voice-1.zip: 46%
1/16/2025, 6:45:10 PM GMT+1 [Modules] Streaming discord_voice@1 to /home/arch/.config/discord/0.0.80/modules/pending/discord_voice-1.zip: 47%
1/16/2025, 6:45:10 PM GMT+1 [Modules] Streaming discord_voice@1 to /home/arch/.config/discord/0.0.80/modules/pending/discord_voice-1.zip: 48%
1/16/2025, 6:45:10 PM GMT+1 [Modules] Streaming discord_voice@1 to /home/arch/.config/discord/0.0.80/modules/pending/discord_voice-1.zip: 49%
1/16/2025, 6:45:10 PM GMT+1 [Modules] Streaming discord_voice@1 to /home/arch/.config/discord/0.0.80/modules/pending/discord_voice-1.zip: 50%
1/16/2025, 6:45:10 PM GMT+1 [Modules] Streaming discord_voice@1 to /home/arch/.config/discord/0.0.80/modules/pending/discord_voice-1.zip: 51%
1/16/2025, 6:45:10 PM GMT+1 [Modules] Streaming discord_voice@1 to /home/arch/.config/discord/0.0.80/modules/pending/discord_voice-1.zip: 52%
1/16/2025, 6:45:10 PM GMT+1 [Modules] Streaming discord_voice@1 to /home/arch/.config/discord/0.0.80/modules/pending/discord_voice-1.zip: 53%
1/16/2025, 6:45:10 PM GMT+1 [Modules] Streaming discord_voice@1 to /home/arch/.config/discord/0.0.80/modules/pending/discord_voice-1.zip: 54%
1/16/2025, 6:45:10 PM GMT+1 [Modules] Streaming discord_voice@1 to /home/arch/.config/discord/0.0.80/modules/pending/discord_voice-1.zip: 55%
1/16/2025, 6:45:10 PM GMT+1 [Modules] Streaming discord_voice@1 to /home/arch/.config/discord/0.0.80/modules/pending/discord_voice-1.zip: 56%
1/16/2025, 6:45:10 PM GMT+1 [Modules] Streaming discord_voice@1 to /home/arch/.config/discord/0.0.80/modules/pending/discord_voice-1.zip: 57%
1/16/2025, 6:45:10 PM GMT+1 [Modules] Streaming discord_voice@1 to /home/arch/.config/discord/0.0.80/modules/pending/discord_voice-1.zip: 58%
1/16/2025, 6:45:10 PM GMT+1 [Modules] Streaming discord_voice@1 to /home/arch/.config/discord/0.0.80/modules/pending/discord_voice-1.zip: 59%
1/16/2025, 6:45:10 PM GMT+1 [Modules] Streaming discord_voice@1 to /home/arch/.config/discord/0.0.80/modules/pending/discord_voice-1.zip: 60%
1/16/2025, 6:45:10 PM GMT+1 [Modules] Streaming discord_voice@1 to /home/arch/.config/discord/0.0.80/modules/pending/discord_voice-1.zip: 61%
1/16/2025, 6:45:10 PM GMT+1 [Modules] Streaming discord_voice@1 to /home/arch/.config/discord/0.0.80/modules/pending/discord_voice-1.zip: 62%
1/16/2025, 6:45:10 PM GMT+1 [Modules] Streaming discord_voice@1 to /home/arch/.config/discord/0.0.80/modules/pending/discord_voice-1.zip: 63%
1/16/2025, 6:45:10 PM GMT+1 [Modules] Streaming discord_voice@1 to /home/arch/.config/discord/0.0.80/modules/pending/discord_voice-1.zip: 64%
1/16/2025, 6:45:10 PM GMT+1 [Modules] Streaming discord_voice@1 to /home/arch/.config/discord/0.0.80/modules/pending/discord_voice-1.zip: 65%
1/16/2025, 6:45:11 PM GMT+1 [Modules] Streaming discord_voice@1 to /home/arch/.config/discord/0.0.80/modules/pending/discord_voice-1.zip: 66%
1/16/2025, 6:45:11 PM GMT+1 [Modules] Streaming discord_voice@1 to /home/arch/.config/discord/0.0.80/modules/pending/discord_voice-1.zip: 67%
1/16/2025, 6:45:11 PM GMT+1 [Modules] Streaming discord_voice@1 to /home/arch/.config/discord/0.0.80/modules/pending/discord_voice-1.zip: 68%
1/16/2025, 6:45:11 PM GMT+1 [Modules] Streaming discord_voice@1 to /home/arch/.config/discord/0.0.80/modules/pending/discord_voice-1.zip: 69%
1/16/2025, 6:45:11 PM GMT+1 [Modules] Streaming discord_voice@1 to /home/arch/.config/discord/0.0.80/modules/pending/discord_voice-1.zip: 70%
1/16/2025, 6:45:11 PM GMT+1 [Modules] Streaming discord_voice@1 to /home/arch/.config/discord/0.0.80/modules/pending/discord_voice-1.zip: 71%
1/16/2025, 6:45:11 PM GMT+1 [Modules] Streaming discord_voice@1 to /home/arch/.config/discord/0.0.80/modules/pending/discord_voice-1.zip: 72%
1/16/2025, 6:45:11 PM GMT+1 [Modules] Streaming discord_voice@1 to /home/arch/.config/discord/0.0.80/modules/pending/discord_voice-1.zip: 73%
1/16/2025, 6:45:11 PM GMT+1 [Modules] Streaming discord_voice@1 to /home/arch/.config/discord/0.0.80/modules/pending/discord_voice-1.zip: 74%
1/16/2025, 6:45:11 PM GMT+1 [Modules] Streaming discord_voice@1 to /home/arch/.config/discord/0.0.80/modules/pending/discord_voice-1.zip: 75%
1/16/2025, 6:45:11 PM GMT+1 [Modules] Streaming discord_voice@1 to /home/arch/.config/discord/0.0.80/modules/pending/discord_voice-1.zip: 76%
1/16/2025, 6:45:11 PM GMT+1 [Modules] Streaming discord_voice@1 to /home/arch/.config/discord/0.0.80/modules/pending/discord_voice-1.zip: 77%
1/16/2025, 6:45:11 PM GMT+1 [Modules] Streaming discord_voice@1 to /home/arch/.config/discord/0.0.80/modules/pending/discord_voice-1.zip: 78%
1/16/2025, 6:45:11 PM GMT+1 [Modules] Streaming discord_voice@1 to /home/arch/.config/discord/0.0.80/modules/pending/discord_voice-1.zip: 79%
1/16/2025, 6:45:11 PM GMT+1 [Modules] Streaming discord_voice@1 to /home/arch/.config/discord/0.0.80/modules/pending/discord_voice-1.zip: 80%
1/16/2025, 6:45:11 PM GMT+1 [Modules] Streaming discord_voice@1 to /home/arch/.config/discord/0.0.80/modules/pending/discord_voice-1.zip: 81%
1/16/2025, 6:45:11 PM GMT+1 [Modules] Streaming discord_voice@1 to /home/arch/.config/discord/0.0.80/modules/pending/discord_voice-1.zip: 82%
1/16/2025, 6:45:11 PM GMT+1 [Modules] Streaming discord_voice@1 to /home/arch/.config/discord/0.0.80/modules/pending/discord_voice-1.zip: 83%
1/16/2025, 6:45:11 PM GMT+1 [Modules] Streaming discord_voice@1 to /home/arch/.config/discord/0.0.80/modules/pending/discord_voice-1.zip: 84%
1/16/2025, 6:45:11 PM GMT+1 [Modules] Streaming discord_voice@1 to /home/arch/.config/discord/0.0.80/modules/pending/discord_voice-1.zip: 85%
1/16/2025, 6:45:11 PM GMT+1 [Modules] Streaming discord_voice@1 to /home/arch/.config/discord/0.0.80/modules/pending/discord_voice-1.zip: 86%
1/16/2025, 6:45:11 PM GMT+1 [Modules] Streaming discord_voice@1 to /home/arch/.config/discord/0.0.80/modules/pending/discord_voice-1.zip: 87%
1/16/2025, 6:45:11 PM GMT+1 [Modules] Streaming discord_voice@1 to /home/arch/.config/discord/0.0.80/modules/pending/discord_voice-1.zip: 88%
1/16/2025, 6:45:11 PM GMT+1 [Modules] Streaming discord_voice@1 to /home/arch/.config/discord/0.0.80/modules/pending/discord_voice-1.zip: 89%
1/16/2025, 6:45:11 PM GMT+1 [Modules] Streaming discord_voice@1 to /home/arch/.config/discord/0.0.80/modules/pending/discord_voice-1.zip: 90%
1/16/2025, 6:45:11 PM GMT+1 [Modules] Streaming discord_voice@1 to /home/arch/.config/discord/0.0.80/modules/pending/discord_voice-1.zip: 91%
1/16/2025, 6:45:11 PM GMT+1 [Modules] Streaming discord_voice@1 to /home/arch/.config/discord/0.0.80/modules/pending/discord_voice-1.zip: 92%
1/16/2025, 6:45:11 PM GMT+1 [Modules] Streaming discord_voice@1 to /home/arch/.config/discord/0.0.80/modules/pending/discord_voice-1.zip: 93%
1/16/2025, 6:45:11 PM GMT+1 [Modules] Streaming discord_voice@1 to /home/arch/.config/discord/0.0.80/modules/pending/discord_voice-1.zip: 94%
1/16/2025, 6:45:11 PM GMT+1 [Modules] Streaming discord_voice@1 to /home/arch/.config/discord/0.0.80/modules/pending/discord_voice-1.zip: 95%
1/16/2025, 6:45:11 PM GMT+1 [Modules] Streaming discord_voice@1 to /home/arch/.config/discord/0.0.80/modules/pending/discord_voice-1.zip: 96%
1/16/2025, 6:45:11 PM GMT+1 [Modules] Streaming discord_voice@1 to /home/arch/.config/discord/0.0.80/modules/pending/discord_voice-1.zip: 97%
1/16/2025, 6:45:11 PM GMT+1 [Modules] Streaming discord_voice@1 to /home/arch/.config/discord/0.0.80/modules/pending/discord_voice-1.zip: 98%
1/16/2025, 6:45:11 PM GMT+1 [Modules] Streaming discord_voice@1 to /home/arch/.config/discord/0.0.80/modules/pending/discord_voice-1.zip: 99%
1/16/2025, 6:45:11 PM GMT+1 [Modules] Streaming discord_voice@1 to /home/arch/.config/discord/0.0.80/modules/pending/discord_voice-1.zip: 100%
1/16/2025, 6:45:11 PM GMT+1 [Modules] Fetching discord_zstd@1 from https://discord.com/api/modules/stable/discord_zstd/1
1/16/2025, 6:45:11 PM GMT+1 [Modules] Streaming discord_zstd@1 to /home/arch/.config/discord/0.0.80/modules/pending/discord_zstd-1.zip
1/16/2025, 6:45:11 PM GMT+1 [Modules] Streaming discord_zstd@1 to /home/arch/.config/discord/0.0.80/modules/pending/discord_zstd-1.zip: 1%
1/16/2025, 6:45:11 PM GMT+1 [Modules] Streaming discord_zstd@1 to /home/arch/.config/discord/0.0.80/modules/pending/discord_zstd-1.zip: 3%
1/16/2025, 6:45:11 PM GMT+1 [Modules] Streaming discord_zstd@1 to /home/arch/.config/discord/0.0.80/modules/pending/discord_zstd-1.zip: 5%
1/16/2025, 6:45:11 PM GMT+1 [Modules] Streaming discord_zstd@1 to /home/arch/.config/discord/0.0.80/modules/pending/discord_zstd-1.zip: 6%
1/16/2025, 6:45:11 PM GMT+1 [Modules] Streaming discord_zstd@1 to /home/arch/.config/discord/0.0.80/modules/pending/discord_zstd-1.zip: 7%
1/16/2025, 6:45:11 PM GMT+1 [Modules] Streaming discord_zstd@1 to /home/arch/.config/discord/0.0.80/modules/pending/discord_zstd-1.zip: 10%
1/16/2025, 6:45:11 PM GMT+1 [Modules] Streaming discord_zstd@1 to /home/arch/.config/discord/0.0.80/modules/pending/discord_zstd-1.zip: 12%
1/16/2025, 6:45:11 PM GMT+1 [Modules] Streaming discord_zstd@1 to /home/arch/.config/discord/0.0.80/modules/pending/discord_zstd-1.zip: 13%
1/16/2025, 6:45:11 PM GMT+1 [Modules] Streaming discord_zstd@1 to /home/arch/.config/discord/0.0.80/modules/pending/discord_zstd-1.zip: 15%
1/16/2025, 6:45:11 PM GMT+1 [Modules] Streaming discord_zstd@1 to /home/arch/.config/discord/0.0.80/modules/pending/discord_zstd-1.zip: 17%
1/16/2025, 6:45:11 PM GMT+1 [Modules] Streaming discord_zstd@1 to /home/arch/.config/discord/0.0.80/modules/pending/discord_zstd-1.zip: 19%
1/16/2025, 6:45:11 PM GMT+1 [Modules] Streaming discord_zstd@1 to /home/arch/.config/discord/0.0.80/modules/pending/discord_zstd-1.zip: 20%
1/16/2025, 6:45:11 PM GMT+1 [Modules] Streaming discord_zstd@1 to /home/arch/.config/discord/0.0.80/modules/pending/discord_zstd-1.zip: 21%
1/16/2025, 6:45:11 PM GMT+1 [Modules] Streaming discord_zstd@1 to /home/arch/.config/discord/0.0.80/modules/pending/discord_zstd-1.zip: 22%
1/16/2025, 6:45:11 PM GMT+1 [Modules] Streaming discord_zstd@1 to /home/arch/.config/discord/0.0.80/modules/pending/discord_zstd-1.zip: 24%
1/16/2025, 6:45:11 PM GMT+1 [Modules] Streaming discord_zstd@1 to /home/arch/.config/discord/0.0.80/modules/pending/discord_zstd-1.zip: 26%
1/16/2025, 6:45:11 PM GMT+1 [Modules] Streaming discord_zstd@1 to /home/arch/.config/discord/0.0.80/modules/pending/discord_zstd-1.zip: 28%
1/16/2025, 6:45:11 PM GMT+1 [Modules] Streaming discord_zstd@1 to /home/arch/.config/discord/0.0.80/modules/pending/discord_zstd-1.zip: 29%
1/16/2025, 6:45:11 PM GMT+1 [Modules] Streaming discord_zstd@1 to /home/arch/.config/discord/0.0.80/modules/pending/discord_zstd-1.zip: 31%
1/16/2025, 6:45:11 PM GMT+1 [Modules] Streaming discord_zstd@1 to /home/arch/.config/discord/0.0.80/modules/pending/discord_zstd-1.zip: 33%
1/16/2025, 6:45:11 PM GMT+1 [Modules] Streaming discord_zstd@1 to /home/arch/.config/discord/0.0.80/modules/pending/discord_zstd-1.zip: 35%
1/16/2025, 6:45:11 PM GMT+1 [Modules] Streaming discord_zstd@1 to /home/arch/.config/discord/0.0.80/modules/pending/discord_zstd-1.zip: 37%
1/16/2025, 6:45:11 PM GMT+1 [Modules] Streaming discord_zstd@1 to /home/arch/.config/discord/0.0.80/modules/pending/discord_zstd-1.zip: 38%
1/16/2025, 6:45:11 PM GMT+1 [Modules] Streaming discord_zstd@1 to /home/arch/.config/discord/0.0.80/modules/pending/discord_zstd-1.zip: 40%
1/16/2025, 6:45:11 PM GMT+1 [Modules] Streaming discord_zstd@1 to /home/arch/.config/discord/0.0.80/modules/pending/discord_zstd-1.zip: 42%
1/16/2025, 6:45:11 PM GMT+1 [Modules] Streaming discord_zstd@1 to /home/arch/.config/discord/0.0.80/modules/pending/discord_zstd-1.zip: 44%
1/16/2025, 6:45:11 PM GMT+1 [Modules] Streaming discord_zstd@1 to /home/arch/.config/discord/0.0.80/modules/pending/discord_zstd-1.zip: 45%
1/16/2025, 6:45:11 PM GMT+1 [Modules] Streaming discord_zstd@1 to /home/arch/.config/discord/0.0.80/modules/pending/discord_zstd-1.zip: 47%
1/16/2025, 6:45:11 PM GMT+1 [Modules] Streaming discord_zstd@1 to /home/arch/.config/discord/0.0.80/modules/pending/discord_zstd-1.zip: 48%
1/16/2025, 6:45:11 PM GMT+1 [Modules] Streaming discord_zstd@1 to /home/arch/.config/discord/0.0.80/modules/pending/discord_zstd-1.zip: 49%
1/16/2025, 6:45:11 PM GMT+1 [Modules] Streaming discord_zstd@1 to /home/arch/.config/discord/0.0.80/modules/pending/discord_zstd-1.zip: 50%
1/16/2025, 6:45:11 PM GMT+1 [Modules] Streaming discord_zstd@1 to /home/arch/.config/discord/0.0.80/modules/pending/discord_zstd-1.zip: 51%
1/16/2025, 6:45:11 PM GMT+1 [Modules] Streaming discord_zstd@1 to /home/arch/.config/discord/0.0.80/modules/pending/discord_zstd-1.zip: 53%
1/16/2025, 6:45:11 PM GMT+1 [Modules] Streaming discord_zstd@1 to /home/arch/.config/discord/0.0.80/modules/pending/discord_zstd-1.zip: 54%
1/16/2025, 6:45:11 PM GMT+1 [Modules] Streaming discord_zstd@1 to /home/arch/.config/discord/0.0.80/modules/pending/discord_zstd-1.zip: 55%
1/16/2025, 6:45:11 PM GMT+1 [Modules] Streaming discord_zstd@1 to /home/arch/.config/discord/0.0.80/modules/pending/discord_zstd-1.zip: 56%
1/16/2025, 6:45:11 PM GMT+1 [Modules] Streaming discord_zstd@1 to /home/arch/.config/discord/0.0.80/modules/pending/discord_zstd-1.zip: 57%
1/16/2025, 6:45:11 PM GMT+1 [Modules] Streaming discord_zstd@1 to /home/arch/.config/discord/0.0.80/modules/pending/discord_zstd-1.zip: 59%
1/16/2025, 6:45:11 PM GMT+1 [Modules] Streaming discord_zstd@1 to /home/arch/.config/discord/0.0.80/modules/pending/discord_zstd-1.zip: 61%
1/16/2025, 6:45:11 PM GMT+1 [Modules] Streaming discord_zstd@1 to /home/arch/.config/discord/0.0.80/modules/pending/discord_zstd-1.zip: 63%
1/16/2025, 6:45:11 PM GMT+1 [Modules] Streaming discord_zstd@1 to /home/arch/.config/discord/0.0.80/modules/pending/discord_zstd-1.zip: 64%
1/16/2025, 6:45:11 PM GMT+1 [Modules] Streaming discord_zstd@1 to /home/arch/.config/discord/0.0.80/modules/pending/discord_zstd-1.zip: 66%
1/16/2025, 6:45:11 PM GMT+1 [Modules] Streaming discord_zstd@1 to /home/arch/.config/discord/0.0.80/modules/pending/discord_zstd-1.zip: 68%
1/16/2025, 6:45:11 PM GMT+1 [Modules] Streaming discord_zstd@1 to /home/arch/.config/discord/0.0.80/modules/pending/discord_zstd-1.zip: 70%
1/16/2025, 6:45:11 PM GMT+1 [Modules] Streaming discord_zstd@1 to /home/arch/.config/discord/0.0.80/modules/pending/discord_zstd-1.zip: 71%
1/16/2025, 6:45:11 PM GMT+1 [Modules] Streaming discord_zstd@1 to /home/arch/.config/discord/0.0.80/modules/pending/discord_zstd-1.zip: 73%
1/16/2025, 6:45:11 PM GMT+1 [Modules] Streaming discord_zstd@1 to /home/arch/.config/discord/0.0.80/modules/pending/discord_zstd-1.zip: 74%
1/16/2025, 6:45:11 PM GMT+1 [Modules] Streaming discord_zstd@1 to /home/arch/.config/discord/0.0.80/modules/pending/discord_zstd-1.zip: 80%
1/16/2025, 6:45:11 PM GMT+1 [Modules] Streaming discord_zstd@1 to /home/arch/.config/discord/0.0.80/modules/pending/discord_zstd-1.zip: 83%
1/16/2025, 6:45:11 PM GMT+1 [Modules] Streaming discord_zstd@1 to /home/arch/.config/discord/0.0.80/modules/pending/discord_zstd-1.zip: 86%
1/16/2025, 6:45:11 PM GMT+1 [Modules] Streaming discord_zstd@1 to /home/arch/.config/discord/0.0.80/modules/pending/discord_zstd-1.zip: 87%
1/16/2025, 6:45:11 PM GMT+1 [Modules] Streaming discord_zstd@1 to /home/arch/.config/discord/0.0.80/modules/pending/discord_zstd-1.zip: 89%
1/16/2025, 6:45:11 PM GMT+1 [Modules] Streaming discord_zstd@1 to /home/arch/.config/discord/0.0.80/modules/pending/discord_zstd-1.zip: 90%
1/16/2025, 6:45:11 PM GMT+1 [Modules] Streaming discord_zstd@1 to /home/arch/.config/discord/0.0.80/modules/pending/discord_zstd-1.zip: 92%
1/16/2025, 6:45:11 PM GMT+1 [Modules] Streaming discord_zstd@1 to /home/arch/.config/discord/0.0.80/modules/pending/discord_zstd-1.zip: 94%
1/16/2025, 6:45:11 PM GMT+1 [Modules] Streaming discord_zstd@1 to /home/arch/.config/discord/0.0.80/modules/pending/discord_zstd-1.zip: 95%
1/16/2025, 6:45:11 PM GMT+1 [Modules] Streaming discord_zstd@1 to /home/arch/.config/discord/0.0.80/modules/pending/discord_zstd-1.zip: 97%
1/16/2025, 6:45:11 PM GMT+1 [Modules] Streaming discord_zstd@1 to /home/arch/.config/discord/0.0.80/modules/pending/discord_zstd-1.zip: 99%
1/16/2025, 6:45:11 PM GMT+1 [Modules] Streaming discord_zstd@1 to /home/arch/.config/discord/0.0.80/modules/pending/discord_zstd-1.zip: 100%
1/16/2025, 6:45:11 PM GMT+1 [Modules] Finished module downloads. [success: 6] [failure: 0]
1/16/2025, 6:45:11 PM GMT+1 [Modules] Installing updates...
1/16/2025, 6:45:11 PM GMT+1 [Modules] Installing discord_desktop_core@1 from /home/arch/.config/discord/0.0.80/modules/pending/discord_desktop_core-1.zip
1/16/2025, 6:45:11 PM GMT+1 [Modules] Installing discord_erlpack@1 from /home/arch/.config/discord/0.0.80/modules/pending/discord_erlpack-1.zip
1/16/2025, 6:45:12 PM GMT+1 [Modules] Installing discord_spellcheck@1 from /home/arch/.config/discord/0.0.80/modules/pending/discord_spellcheck-1.zip
1/16/2025, 6:45:12 PM GMT+1 [Modules] Installing discord_utils@1 from /home/arch/.config/discord/0.0.80/modules/pending/discord_utils-1.zip
1/16/2025, 6:45:12 PM GMT+1 [Modules] Installing discord_voice@1 from /home/arch/.config/discord/0.0.80/modules/pending/discord_voice-1.zip
1/16/2025, 6:45:12 PM GMT+1 [Modules] Installing discord_zstd@1 from /home/arch/.config/discord/0.0.80/modules/pending/discord_zstd-1.zip
1/16/2025, 6:45:12 PM GMT+1 [Modules] Finished module installations. [success: 6] [failure: 0]
1/16/2025, 6:45:12 PM GMT+1 [Modules] Checking for host updates.
1/16/2025, 6:45:13 PM GMT+1 [Modules] Host is up to date.
1/16/2025, 6:45:13 PM GMT+1 [Modules] Checking for module updates at https://discord.com/api/modules/stable/versions.json
1/16/2025, 6:45:13 PM GMT+1 [Modules] No module updates available.
1/16/2025, 6:45:14 PM GMT+1 [Modules] Starting to install discord_krisp...
1/16/2025, 6:45:14 PM GMT+1 [Modules] Fetching discord_krisp@1 from https://discord.com/api/modules/stable/discord_krisp/1
1/16/2025, 6:45:14 PM GMT+1 [Modules] Streaming discord_krisp@1 to /home/arch/.config/discord/0.0.80/modules/pending/discord_krisp-1.zip
1/16/2025, 6:45:14 PM GMT+1 [Modules] Starting to install discord_game_utils...
1/16/2025, 6:45:14 PM GMT+1 [Modules] Streaming discord_krisp@1 to /home/arch/.config/discord/0.0.80/modules/pending/discord_krisp-1.zip: 1%
1/16/2025, 6:45:14 PM GMT+1 [Modules] Streaming discord_krisp@1 to /home/arch/.config/discord/0.0.80/modules/pending/discord_krisp-1.zip: 2%
1/16/2025, 6:45:14 PM GMT+1 [Modules] Streaming discord_krisp@1 to /home/arch/.config/discord/0.0.80/modules/pending/discord_krisp-1.zip: 3%
1/16/2025, 6:45:14 PM GMT+1 [Modules] Streaming discord_krisp@1 to /home/arch/.config/discord/0.0.80/modules/pending/discord_krisp-1.zip: 4%
1/16/2025, 6:45:14 PM GMT+1 [Modules] Streaming discord_krisp@1 to /home/arch/.config/discord/0.0.80/modules/pending/discord_krisp-1.zip: 5%
1/16/2025, 6:45:14 PM GMT+1 [Modules] Streaming discord_krisp@1 to /home/arch/.config/discord/0.0.80/modules/pending/discord_krisp-1.zip: 6%
1/16/2025, 6:45:14 PM GMT+1 [Modules] Streaming discord_krisp@1 to /home/arch/.config/discord/0.0.80/modules/pending/discord_krisp-1.zip: 7%
1/16/2025, 6:45:14 PM GMT+1 [Modules] Streaming discord_krisp@1 to /home/arch/.config/discord/0.0.80/modules/pending/discord_krisp-1.zip: 8%
1/16/2025, 6:45:14 PM GMT+1 [Modules] Streaming discord_krisp@1 to /home/arch/.config/discord/0.0.80/modules/pending/discord_krisp-1.zip: 9%
1/16/2025, 6:45:14 PM GMT+1 [Modules] Streaming discord_krisp@1 to /home/arch/.config/discord/0.0.80/modules/pending/discord_krisp-1.zip: 10%
1/16/2025, 6:45:14 PM GMT+1 [Modules] Streaming discord_krisp@1 to /home/arch/.config/discord/0.0.80/modules/pending/discord_krisp-1.zip: 11%
1/16/2025, 6:45:15 PM GMT+1 [Modules] Streaming discord_krisp@1 to /home/arch/.config/discord/0.0.80/modules/pending/discord_krisp-1.zip: 12%
1/16/2025, 6:45:15 PM GMT+1 [Modules] Streaming discord_krisp@1 to /home/arch/.config/discord/0.0.80/modules/pending/discord_krisp-1.zip: 13%
1/16/2025, 6:45:15 PM GMT+1 [Modules] Streaming discord_krisp@1 to /home/arch/.config/discord/0.0.80/modules/pending/discord_krisp-1.zip: 14%
1/16/2025, 6:45:15 PM GMT+1 [Modules] Streaming discord_krisp@1 to /home/arch/.config/discord/0.0.80/modules/pending/discord_krisp-1.zip: 15%
1/16/2025, 6:45:15 PM GMT+1 [Modules] Streaming discord_krisp@1 to /home/arch/.config/discord/0.0.80/modules/pending/discord_krisp-1.zip: 16%
1/16/2025, 6:45:15 PM GMT+1 [Modules] Streaming discord_krisp@1 to /home/arch/.config/discord/0.0.80/modules/pending/discord_krisp-1.zip: 17%
1/16/2025, 6:45:15 PM GMT+1 [Modules] Streaming discord_krisp@1 to /home/arch/.config/discord/0.0.80/modules/pending/discord_krisp-1.zip: 18%
1/16/2025, 6:45:15 PM GMT+1 [Modules] Streaming discord_krisp@1 to /home/arch/.config/discord/0.0.80/modules/pending/discord_krisp-1.zip: 19%
1/16/2025, 6:45:15 PM GMT+1 [Modules] Streaming discord_krisp@1 to /home/arch/.config/discord/0.0.80/modules/pending/discord_krisp-1.zip: 20%
1/16/2025, 6:45:15 PM GMT+1 [Modules] Streaming discord_krisp@1 to /home/arch/.config/discord/0.0.80/modules/pending/discord_krisp-1.zip: 21%
1/16/2025, 6:45:15 PM GMT+1 [Modules] Streaming discord_krisp@1 to /home/arch/.config/discord/0.0.80/modules/pending/discord_krisp-1.zip: 22%
1/16/2025, 6:45:15 PM GMT+1 [Modules] Streaming discord_krisp@1 to /home/arch/.config/discord/0.0.80/modules/pending/discord_krisp-1.zip: 23%
1/16/2025, 6:45:15 PM GMT+1 [Modules] Streaming discord_krisp@1 to /home/arch/.config/discord/0.0.80/modules/pending/discord_krisp-1.zip: 24%
1/16/2025, 6:45:15 PM GMT+1 [Modules] Streaming discord_krisp@1 to /home/arch/.config/discord/0.0.80/modules/pending/discord_krisp-1.zip: 25%
1/16/2025, 6:45:15 PM GMT+1 [Modules] Streaming discord_krisp@1 to /home/arch/.config/discord/0.0.80/modules/pending/discord_krisp-1.zip: 26%
1/16/2025, 6:45:15 PM GMT+1 [Modules] Streaming discord_krisp@1 to /home/arch/.config/discord/0.0.80/modules/pending/discord_krisp-1.zip: 27%
1/16/2025, 6:45:15 PM GMT+1 [Modules] Checking for host updates.
1/16/2025, 6:45:15 PM GMT+1 [Modules] Streaming discord_krisp@1 to /home/arch/.config/discord/0.0.80/modules/pending/discord_krisp-1.zip: 28%
1/16/2025, 6:45:15 PM GMT+1 [Modules] Streaming discord_krisp@1 to /home/arch/.config/discord/0.0.80/modules/pending/discord_krisp-1.zip: 29%
1/16/2025, 6:45:15 PM GMT+1 [Modules] Streaming discord_krisp@1 to /home/arch/.config/discord/0.0.80/modules/pending/discord_krisp-1.zip: 30%
1/16/2025, 6:45:15 PM GMT+1 [Modules] Streaming discord_krisp@1 to /home/arch/.config/discord/0.0.80/modules/pending/discord_krisp-1.zip: 31%
1/16/2025, 6:45:15 PM GMT+1 [Modules] Starting to install discord_rpc...
1/16/2025, 6:45:15 PM GMT+1 [Modules] Streaming discord_krisp@1 to /home/arch/.config/discord/0.0.80/modules/pending/discord_krisp-1.zip: 32%
1/16/2025, 6:45:15 PM GMT+1 [Modules] Streaming discord_krisp@1 to /home/arch/.config/discord/0.0.80/modules/pending/discord_krisp-1.zip: 33%
1/16/2025, 6:45:15 PM GMT+1 [Modules] Streaming discord_krisp@1 to /home/arch/.config/discord/0.0.80/modules/pending/discord_krisp-1.zip: 34%
1/16/2025, 6:45:15 PM GMT+1 [Modules] Streaming discord_krisp@1 to /home/arch/.config/discord/0.0.80/modules/pending/discord_krisp-1.zip: 35%
1/16/2025, 6:45:15 PM GMT+1 [Modules] Streaming discord_krisp@1 to /home/arch/.config/discord/0.0.80/modules/pending/discord_krisp-1.zip: 36%
1/16/2025, 6:45:15 PM GMT+1 [Modules] Streaming discord_krisp@1 to /home/arch/.config/discord/0.0.80/modules/pending/discord_krisp-1.zip: 37%
1/16/2025, 6:45:15 PM GMT+1 [Modules] Streaming discord_krisp@1 to /home/arch/.config/discord/0.0.80/modules/pending/discord_krisp-1.zip: 38%
1/16/2025, 6:45:15 PM GMT+1 [Modules] Host is up to date.
1/16/2025, 6:45:15 PM GMT+1 [Modules] Checking for module updates at https://discord.com/api/modules/stable/versions.json
1/16/2025, 6:45:15 PM GMT+1 [Modules] No module updates available.
1/16/2025, 6:45:15 PM GMT+1 [Modules] Streaming discord_krisp@1 to /home/arch/.config/discord/0.0.80/modules/pending/discord_krisp-1.zip: 39%
1/16/2025, 6:45:15 PM GMT+1 [Modules] Streaming discord_krisp@1 to /home/arch/.config/discord/0.0.80/modules/pending/discord_krisp-1.zip: 40%
1/16/2025, 6:45:15 PM GMT+1 [Modules] Streaming discord_krisp@1 to /home/arch/.config/discord/0.0.80/modules/pending/discord_krisp-1.zip: 41%
1/16/2025, 6:45:15 PM GMT+1 [Modules] Streaming discord_krisp@1 to /home/arch/.config/discord/0.0.80/modules/pending/discord_krisp-1.zip: 42%
1/16/2025, 6:45:15 PM GMT+1 [Modules] Streaming discord_krisp@1 to /home/arch/.config/discord/0.0.80/modules/pending/discord_krisp-1.zip: 43%
1/16/2025, 6:45:15 PM GMT+1 [Modules] Streaming discord_krisp@1 to /home/arch/.config/discord/0.0.80/modules/pending/discord_krisp-1.zip: 44%
1/16/2025, 6:45:15 PM GMT+1 [Modules] Streaming discord_krisp@1 to /home/arch/.config/discord/0.0.80/modules/pending/discord_krisp-1.zip: 45%
1/16/2025, 6:45:15 PM GMT+1 [Modules] Streaming discord_krisp@1 to /home/arch/.config/discord/0.0.80/modules/pending/discord_krisp-1.zip: 46%
1/16/2025, 6:45:15 PM GMT+1 [Modules] Streaming discord_krisp@1 to /home/arch/.config/discord/0.0.80/modules/pending/discord_krisp-1.zip: 47%
1/16/2025, 6:45:15 PM GMT+1 [Modules] Streaming discord_krisp@1 to /home/arch/.config/discord/0.0.80/modules/pending/discord_krisp-1.zip: 48%
1/16/2025, 6:45:15 PM GMT+1 [Modules] Streaming discord_krisp@1 to /home/arch/.config/discord/0.0.80/modules/pending/discord_krisp-1.zip: 49%
1/16/2025, 6:45:15 PM GMT+1 [Modules] Streaming discord_krisp@1 to /home/arch/.config/discord/0.0.80/modules/pending/discord_krisp-1.zip: 50%
1/16/2025, 6:45:15 PM GMT+1 [Modules] Streaming discord_krisp@1 to /home/arch/.config/discord/0.0.80/modules/pending/discord_krisp-1.zip: 51%
1/16/2025, 6:45:15 PM GMT+1 [Modules] Streaming discord_krisp@1 to /home/arch/.config/discord/0.0.80/modules/pending/discord_krisp-1.zip: 52%
1/16/2025, 6:45:15 PM GMT+1 [Modules] Streaming discord_krisp@1 to /home/arch/.config/discord/0.0.80/modules/pending/discord_krisp-1.zip: 53%
1/16/2025, 6:45:15 PM GMT+1 [Modules] Streaming discord_krisp@1 to /home/arch/.config/discord/0.0.80/modules/pending/discord_krisp-1.zip: 54%
1/16/2025, 6:45:15 PM GMT+1 [Modules] Streaming discord_krisp@1 to /home/arch/.config/discord/0.0.80/modules/pending/discord_krisp-1.zip: 55%
1/16/2025, 6:45:16 PM GMT+1 [Modules] Streaming discord_krisp@1 to /home/arch/.config/discord/0.0.80/modules/pending/discord_krisp-1.zip: 56%
1/16/2025, 6:45:16 PM GMT+1 [Modules] Streaming discord_krisp@1 to /home/arch/.config/discord/0.0.80/modules/pending/discord_krisp-1.zip: 57%
1/16/2025, 6:45:16 PM GMT+1 [Modules] Streaming discord_krisp@1 to /home/arch/.config/discord/0.0.80/modules/pending/discord_krisp-1.zip: 58%
1/16/2025, 6:45:16 PM GMT+1 [Modules] Streaming discord_krisp@1 to /home/arch/.config/discord/0.0.80/modules/pending/discord_krisp-1.zip: 59%
1/16/2025, 6:45:16 PM GMT+1 [Modules] Streaming discord_krisp@1 to /home/arch/.config/discord/0.0.80/modules/pending/discord_krisp-1.zip: 60%
1/16/2025, 6:45:16 PM GMT+1 [Modules] Streaming discord_krisp@1 to /home/arch/.config/discord/0.0.80/modules/pending/discord_krisp-1.zip: 61%
1/16/2025, 6:45:16 PM GMT+1 [Modules] Streaming discord_krisp@1 to /home/arch/.config/discord/0.0.80/modules/pending/discord_krisp-1.zip: 62%
1/16/2025, 6:45:16 PM GMT+1 [Modules] Streaming discord_krisp@1 to /home/arch/.config/discord/0.0.80/modules/pending/discord_krisp-1.zip: 63%
1/16/2025, 6:45:16 PM GMT+1 [Modules] Streaming discord_krisp@1 to /home/arch/.config/discord/0.0.80/modules/pending/discord_krisp-1.zip: 64%
1/16/2025, 6:45:16 PM GMT+1 [Modules] Streaming discord_krisp@1 to /home/arch/.config/discord/0.0.80/modules/pending/discord_krisp-1.zip: 65%
1/16/2025, 6:45:16 PM GMT+1 [Modules] Streaming discord_krisp@1 to /home/arch/.config/discord/0.0.80/modules/pending/discord_krisp-1.zip: 66%
1/16/2025, 6:45:16 PM GMT+1 [Modules] Streaming discord_krisp@1 to /home/arch/.config/discord/0.0.80/modules/pending/discord_krisp-1.zip: 67%
1/16/2025, 6:45:16 PM GMT+1 [Modules] Streaming discord_krisp@1 to /home/arch/.config/discord/0.0.80/modules/pending/discord_krisp-1.zip: 68%
1/16/2025, 6:45:16 PM GMT+1 [Modules] Streaming discord_krisp@1 to /home/arch/.config/discord/0.0.80/modules/pending/discord_krisp-1.zip: 69%
1/16/2025, 6:45:16 PM GMT+1 [Modules] Streaming discord_krisp@1 to /home/arch/.config/discord/0.0.80/modules/pending/discord_krisp-1.zip: 70%
1/16/2025, 6:45:16 PM GMT+1 [Modules] Streaming discord_krisp@1 to /home/arch/.config/discord/0.0.80/modules/pending/discord_krisp-1.zip: 71%
1/16/2025, 6:45:16 PM GMT+1 [Modules] Streaming discord_krisp@1 to /home/arch/.config/discord/0.0.80/modules/pending/discord_krisp-1.zip: 72%
1/16/2025, 6:45:16 PM GMT+1 [Modules] Streaming discord_krisp@1 to /home/arch/.config/discord/0.0.80/modules/pending/discord_krisp-1.zip: 73%
1/16/2025, 6:45:16 PM GMT+1 [Modules] Streaming discord_krisp@1 to /home/arch/.config/discord/0.0.80/modules/pending/discord_krisp-1.zip: 74%
1/16/2025, 6:45:16 PM GMT+1 [Modules] Streaming discord_krisp@1 to /home/arch/.config/discord/0.0.80/modules/pending/discord_krisp-1.zip: 75%
1/16/2025, 6:45:16 PM GMT+1 [Modules] Streaming discord_krisp@1 to /home/arch/.config/discord/0.0.80/modules/pending/discord_krisp-1.zip: 76%
1/16/2025, 6:45:16 PM GMT+1 [Modules] Streaming discord_krisp@1 to /home/arch/.config/discord/0.0.80/modules/pending/discord_krisp-1.zip: 77%
1/16/2025, 6:45:16 PM GMT+1 [Modules] Streaming discord_krisp@1 to /home/arch/.config/discord/0.0.80/modules/pending/discord_krisp-1.zip: 78%
1/16/2025, 6:45:16 PM GMT+1 [Modules] Streaming discord_krisp@1 to /home/arch/.config/discord/0.0.80/modules/pending/discord_krisp-1.zip: 79%
1/16/2025, 6:45:16 PM GMT+1 [Modules] Streaming discord_krisp@1 to /home/arch/.config/discord/0.0.80/modules/pending/discord_krisp-1.zip: 80%
1/16/2025, 6:45:16 PM GMT+1 [Modules] Streaming discord_krisp@1 to /home/arch/.config/discord/0.0.80/modules/pending/discord_krisp-1.zip: 81%
1/16/2025, 6:45:16 PM GMT+1 [Modules] Streaming discord_krisp@1 to /home/arch/.config/discord/0.0.80/modules/pending/discord_krisp-1.zip: 82%
1/16/2025, 6:45:16 PM GMT+1 [Modules] Streaming discord_krisp@1 to /home/arch/.config/discord/0.0.80/modules/pending/discord_krisp-1.zip: 83%
1/16/2025, 6:45:16 PM GMT+1 [Modules] Streaming discord_krisp@1 to /home/arch/.config/discord/0.0.80/modules/pending/discord_krisp-1.zip: 84%
1/16/2025, 6:45:16 PM GMT+1 [Modules] Streaming discord_krisp@1 to /home/arch/.config/discord/0.0.80/modules/pending/discord_krisp-1.zip: 85%
1/16/2025, 6:45:16 PM GMT+1 [Modules] Streaming discord_krisp@1 to /home/arch/.config/discord/0.0.80/modules/pending/discord_krisp-1.zip: 86%
1/16/2025, 6:45:16 PM GMT+1 [Modules] Streaming discord_krisp@1 to /home/arch/.config/discord/0.0.80/modules/pending/discord_krisp-1.zip: 87%
1/16/2025, 6:45:16 PM GMT+1 [Modules] Streaming discord_krisp@1 to /home/arch/.config/discord/0.0.80/modules/pending/discord_krisp-1.zip: 88%
1/16/2025, 6:45:16 PM GMT+1 [Modules] Streaming discord_krisp@1 to /home/arch/.config/discord/0.0.80/modules/pending/discord_krisp-1.zip: 89%
1/16/2025, 6:45:16 PM GMT+1 [Modules] Streaming discord_krisp@1 to /home/arch/.config/discord/0.0.80/modules/pending/discord_krisp-1.zip: 90%
1/16/2025, 6:45:16 PM GMT+1 [Modules] Streaming discord_krisp@1 to /home/arch/.config/discord/0.0.80/modules/pending/discord_krisp-1.zip: 91%
1/16/2025, 6:45:16 PM GMT+1 [Modules] Streaming discord_krisp@1 to /home/arch/.config/discord/0.0.80/modules/pending/discord_krisp-1.zip: 92%
1/16/2025, 6:45:16 PM GMT+1 [Modules] Streaming discord_krisp@1 to /home/arch/.config/discord/0.0.80/modules/pending/discord_krisp-1.zip: 93%
1/16/2025, 6:45:16 PM GMT+1 [Modules] Streaming discord_krisp@1 to /home/arch/.config/discord/0.0.80/modules/pending/discord_krisp-1.zip: 94%
1/16/2025, 6:45:16 PM GMT+1 [Modules] Streaming discord_krisp@1 to /home/arch/.config/discord/0.0.80/modules/pending/discord_krisp-1.zip: 95%
1/16/2025, 6:45:16 PM GMT+1 [Modules] Streaming discord_krisp@1 to /home/arch/.config/discord/0.0.80/modules/pending/discord_krisp-1.zip: 96%
1/16/2025, 6:45:16 PM GMT+1 [Modules] Streaming discord_krisp@1 to /home/arch/.config/discord/0.0.80/modules/pending/discord_krisp-1.zip: 97%
1/16/2025, 6:45:16 PM GMT+1 [Modules] Streaming discord_krisp@1 to /home/arch/.config/discord/0.0.80/modules/pending/discord_krisp-1.zip: 98%
1/16/2025, 6:45:16 PM GMT+1 [Modules] Streaming discord_krisp@1 to /home/arch/.config/discord/0.0.80/modules/pending/discord_krisp-1.zip: 99%
1/16/2025, 6:45:16 PM GMT+1 [Modules] Streaming discord_krisp@1 to /home/arch/.config/discord/0.0.80/modules/pending/discord_krisp-1.zip: 100%
1/16/2025, 6:45:16 PM GMT+1 [Modules] Fetching discord_game_utils@1 from https://discord.com/api/modules/stable/discord_game_utils/1
1/16/2025, 6:45:16 PM GMT+1 [Modules] Streaming discord_game_utils@1 to /home/arch/.config/discord/0.0.80/modules/pending/discord_game_utils-1.zip
1/16/2025, 6:45:16 PM GMT+1 [Modules] Installing discord_krisp@1 from /home/arch/.config/discord/0.0.80/modules/pending/discord_krisp-1.zip
1/16/2025, 6:45:17 PM GMT+1 [Modules] Finished module installations. [success: 1] [failure: 0]
1/16/2025, 6:45:17 PM GMT+1 [Modules] Streaming discord_game_utils@1 to /home/arch/.config/discord/0.0.80/modules/pending/discord_game_utils-1.zip: 1%
1/16/2025, 6:45:17 PM GMT+1 [Modules] Streaming discord_game_utils@1 to /home/arch/.config/discord/0.0.80/modules/pending/discord_game_utils-1.zip: 2%
1/16/2025, 6:45:17 PM GMT+1 [Modules] Streaming discord_game_utils@1 to /home/arch/.config/discord/0.0.80/modules/pending/discord_game_utils-1.zip: 3%
1/16/2025, 6:45:17 PM GMT+1 [Modules] Streaming discord_game_utils@1 to /home/arch/.config/discord/0.0.80/modules/pending/discord_game_utils-1.zip: 4%
1/16/2025, 6:45:17 PM GMT+1 [Modules] Streaming discord_game_utils@1 to /home/arch/.config/discord/0.0.80/modules/pending/discord_game_utils-1.zip: 5%
1/16/2025, 6:45:17 PM GMT+1 [Modules] Streaming discord_game_utils@1 to /home/arch/.config/discord/0.0.80/modules/pending/discord_game_utils-1.zip: 6%
1/16/2025, 6:45:17 PM GMT+1 [Modules] Streaming discord_game_utils@1 to /home/arch/.config/discord/0.0.80/modules/pending/discord_game_utils-1.zip: 7%
1/16/2025, 6:45:17 PM GMT+1 [Modules] Streaming discord_game_utils@1 to /home/arch/.config/discord/0.0.80/modules/pending/discord_game_utils-1.zip: 8%
1/16/2025, 6:45:17 PM GMT+1 [Modules] Streaming discord_game_utils@1 to /home/arch/.config/discord/0.0.80/modules/pending/discord_game_utils-1.zip: 9%
1/16/2025, 6:45:17 PM GMT+1 [Modules] Streaming discord_game_utils@1 to /home/arch/.config/discord/0.0.80/modules/pending/discord_game_utils-1.zip: 10%
1/16/2025, 6:45:17 PM GMT+1 [Modules] Streaming discord_game_utils@1 to /home/arch/.config/discord/0.0.80/modules/pending/discord_game_utils-1.zip: 11%
1/16/2025, 6:45:17 PM GMT+1 [Modules] Streaming discord_game_utils@1 to /home/arch/.config/discord/0.0.80/modules/pending/discord_game_utils-1.zip: 12%
1/16/2025, 6:45:17 PM GMT+1 [Modules] Streaming discord_game_utils@1 to /home/arch/.config/discord/0.0.80/modules/pending/discord_game_utils-1.zip: 13%
1/16/2025, 6:45:17 PM GMT+1 [Modules] Streaming discord_game_utils@1 to /home/arch/.config/discord/0.0.80/modules/pending/discord_game_utils-1.zip: 14%
1/16/2025, 6:45:17 PM GMT+1 [Modules] Streaming discord_game_utils@1 to /home/arch/.config/discord/0.0.80/modules/pending/discord_game_utils-1.zip: 15%
1/16/2025, 6:45:17 PM GMT+1 [Modules] Streaming discord_game_utils@1 to /home/arch/.config/discord/0.0.80/modules/pending/discord_game_utils-1.zip: 16%
1/16/2025, 6:45:17 PM GMT+1 [Modules] Streaming discord_game_utils@1 to /home/arch/.config/discord/0.0.80/modules/pending/discord_game_utils-1.zip: 17%
1/16/2025, 6:45:17 PM GMT+1 [Modules] Streaming discord_game_utils@1 to /home/arch/.config/discord/0.0.80/modules/pending/discord_game_utils-1.zip: 18%
1/16/2025, 6:45:17 PM GMT+1 [Modules] Streaming discord_game_utils@1 to /home/arch/.config/discord/0.0.80/modules/pending/discord_game_utils-1.zip: 19%
1/16/2025, 6:45:17 PM GMT+1 [Modules] Streaming discord_game_utils@1 to /home/arch/.config/discord/0.0.80/modules/pending/discord_game_utils-1.zip: 20%
1/16/2025, 6:45:17 PM GMT+1 [Modules] Streaming discord_game_utils@1 to /home/arch/.config/discord/0.0.80/modules/pending/discord_game_utils-1.zip: 21%
1/16/2025, 6:45:17 PM GMT+1 [Modules] Streaming discord_game_utils@1 to /home/arch/.config/discord/0.0.80/modules/pending/discord_game_utils-1.zip: 22%
1/16/2025, 6:45:17 PM GMT+1 [Modules] Streaming discord_game_utils@1 to /home/arch/.config/discord/0.0.80/modules/pending/discord_game_utils-1.zip: 23%
1/16/2025, 6:45:17 PM GMT+1 [Modules] Streaming discord_game_utils@1 to /home/arch/.config/discord/0.0.80/modules/pending/discord_game_utils-1.zip: 24%
1/16/2025, 6:45:17 PM GMT+1 [Modules] Streaming discord_game_utils@1 to /home/arch/.config/discord/0.0.80/modules/pending/discord_game_utils-1.zip: 25%
1/16/2025, 6:45:17 PM GMT+1 [Modules] Streaming discord_game_utils@1 to /home/arch/.config/discord/0.0.80/modules/pending/discord_game_utils-1.zip: 26%
1/16/2025, 6:45:17 PM GMT+1 [Modules] Streaming discord_game_utils@1 to /home/arch/.config/discord/0.0.80/modules/pending/discord_game_utils-1.zip: 27%
1/16/2025, 6:45:17 PM GMT+1 [Modules] Streaming discord_game_utils@1 to /home/arch/.config/discord/0.0.80/modules/pending/discord_game_utils-1.zip: 28%
1/16/2025, 6:45:17 PM GMT+1 [Modules] Streaming discord_game_utils@1 to /home/arch/.config/discord/0.0.80/modules/pending/discord_game_utils-1.zip: 29%
1/16/2025, 6:45:17 PM GMT+1 [Modules] Streaming discord_game_utils@1 to /home/arch/.config/discord/0.0.80/modules/pending/discord_game_utils-1.zip: 30%
1/16/2025, 6:45:17 PM GMT+1 [Modules] Streaming discord_game_utils@1 to /home/arch/.config/discord/0.0.80/modules/pending/discord_game_utils-1.zip: 31%
1/16/2025, 6:45:17 PM GMT+1 [Modules] Streaming discord_game_utils@1 to /home/arch/.config/discord/0.0.80/modules/pending/discord_game_utils-1.zip: 32%
1/16/2025, 6:45:17 PM GMT+1 [Modules] Streaming discord_game_utils@1 to /home/arch/.config/discord/0.0.80/modules/pending/discord_game_utils-1.zip: 33%
1/16/2025, 6:45:17 PM GMT+1 [Modules] Streaming discord_game_utils@1 to /home/arch/.config/discord/0.0.80/modules/pending/discord_game_utils-1.zip: 34%
1/16/2025, 6:45:17 PM GMT+1 [Modules] Streaming discord_game_utils@1 to /home/arch/.config/discord/0.0.80/modules/pending/discord_game_utils-1.zip: 35%
1/16/2025, 6:45:17 PM GMT+1 [Modules] Streaming discord_game_utils@1 to /home/arch/.config/discord/0.0.80/modules/pending/discord_game_utils-1.zip: 36%
1/16/2025, 6:45:17 PM GMT+1 [Modules] Streaming discord_game_utils@1 to /home/arch/.config/discord/0.0.80/modules/pending/discord_game_utils-1.zip: 37%
1/16/2025, 6:45:17 PM GMT+1 [Modules] Streaming discord_game_utils@1 to /home/arch/.config/discord/0.0.80/modules/pending/discord_game_utils-1.zip: 38%
1/16/2025, 6:45:17 PM GMT+1 [Modules] Streaming discord_game_utils@1 to /home/arch/.config/discord/0.0.80/modules/pending/discord_game_utils-1.zip: 39%
1/16/2025, 6:45:17 PM GMT+1 [Modules] Streaming discord_game_utils@1 to /home/arch/.config/discord/0.0.80/modules/pending/discord_game_utils-1.zip: 40%
1/16/2025, 6:45:17 PM GMT+1 [Modules] Streaming discord_game_utils@1 to /home/arch/.config/discord/0.0.80/modules/pending/discord_game_utils-1.zip: 41%
1/16/2025, 6:45:17 PM GMT+1 [Modules] Streaming discord_game_utils@1 to /home/arch/.config/discord/0.0.80/modules/pending/discord_game_utils-1.zip: 42%
1/16/2025, 6:45:17 PM GMT+1 [Modules] Streaming discord_game_utils@1 to /home/arch/.config/discord/0.0.80/modules/pending/discord_game_utils-1.zip: 43%
1/16/2025, 6:45:17 PM GMT+1 [Modules] Streaming discord_game_utils@1 to /home/arch/.config/discord/0.0.80/modules/pending/discord_game_utils-1.zip: 44%
1/16/2025, 6:45:17 PM GMT+1 [Modules] Streaming discord_game_utils@1 to /home/arch/.config/discord/0.0.80/modules/pending/discord_game_utils-1.zip: 45%
1/16/2025, 6:45:17 PM GMT+1 [Modules] Streaming discord_game_utils@1 to /home/arch/.config/discord/0.0.80/modules/pending/discord_game_utils-1.zip: 46%
1/16/2025, 6:45:17 PM GMT+1 [Modules] Streaming discord_game_utils@1 to /home/arch/.config/discord/0.0.80/modules/pending/discord_game_utils-1.zip: 47%
1/16/2025, 6:45:17 PM GMT+1 [Modules] Streaming discord_game_utils@1 to /home/arch/.config/discord/0.0.80/modules/pending/discord_game_utils-1.zip: 48%
1/16/2025, 6:45:17 PM GMT+1 [Modules] Streaming discord_game_utils@1 to /home/arch/.config/discord/0.0.80/modules/pending/discord_game_utils-1.zip: 49%
1/16/2025, 6:45:17 PM GMT+1 [Modules] Streaming discord_game_utils@1 to /home/arch/.config/discord/0.0.80/modules/pending/discord_game_utils-1.zip: 50%
1/16/2025, 6:45:17 PM GMT+1 [Modules] Streaming discord_game_utils@1 to /home/arch/.config/discord/0.0.80/modules/pending/discord_game_utils-1.zip: 51%
1/16/2025, 6:45:17 PM GMT+1 [Modules] Streaming discord_game_utils@1 to /home/arch/.config/discord/0.0.80/modules/pending/discord_game_utils-1.zip: 52%
1/16/2025, 6:45:17 PM GMT+1 [Modules] Streaming discord_game_utils@1 to /home/arch/.config/discord/0.0.80/modules/pending/discord_game_utils-1.zip: 53%
1/16/2025, 6:45:17 PM GMT+1 [Modules] Streaming discord_game_utils@1 to /home/arch/.config/discord/0.0.80/modules/pending/discord_game_utils-1.zip: 54%
1/16/2025, 6:45:17 PM GMT+1 [Modules] Streaming discord_game_utils@1 to /home/arch/.config/discord/0.0.80/modules/pending/discord_game_utils-1.zip: 55%
1/16/2025, 6:45:17 PM GMT+1 [Modules] Streaming discord_game_utils@1 to /home/arch/.config/discord/0.0.80/modules/pending/discord_game_utils-1.zip: 56%
1/16/2025, 6:45:17 PM GMT+1 [Modules] Streaming discord_game_utils@1 to /home/arch/.config/discord/0.0.80/modules/pending/discord_game_utils-1.zip: 57%
1/16/2025, 6:45:17 PM GMT+1 [Modules] Streaming discord_game_utils@1 to /home/arch/.config/discord/0.0.80/modules/pending/discord_game_utils-1.zip: 58%
1/16/2025, 6:45:17 PM GMT+1 [Modules] Streaming discord_game_utils@1 to /home/arch/.config/discord/0.0.80/modules/pending/discord_game_utils-1.zip: 59%
1/16/2025, 6:45:17 PM GMT+1 [Modules] Streaming discord_game_utils@1 to /home/arch/.config/discord/0.0.80/modules/pending/discord_game_utils-1.zip: 60%
1/16/2025, 6:45:17 PM GMT+1 [Modules] Streaming discord_game_utils@1 to /home/arch/.config/discord/0.0.80/modules/pending/discord_game_utils-1.zip: 61%
1/16/2025, 6:45:17 PM GMT+1 [Modules] Streaming discord_game_utils@1 to /home/arch/.config/discord/0.0.80/modules/pending/discord_game_utils-1.zip: 62%
1/16/2025, 6:45:17 PM GMT+1 [Modules] Streaming discord_game_utils@1 to /home/arch/.config/discord/0.0.80/modules/pending/discord_game_utils-1.zip: 63%
1/16/2025, 6:45:17 PM GMT+1 [Modules] Streaming discord_game_utils@1 to /home/arch/.config/discord/0.0.80/modules/pending/discord_game_utils-1.zip: 64%
1/16/2025, 6:45:17 PM GMT+1 [Modules] Streaming discord_game_utils@1 to /home/arch/.config/discord/0.0.80/modules/pending/discord_game_utils-1.zip: 65%
1/16/2025, 6:45:17 PM GMT+1 [Modules] Streaming discord_game_utils@1 to /home/arch/.config/discord/0.0.80/modules/pending/discord_game_utils-1.zip: 66%
1/16/2025, 6:45:17 PM GMT+1 [Modules] Streaming discord_game_utils@1 to /home/arch/.config/discord/0.0.80/modules/pending/discord_game_utils-1.zip: 67%
1/16/2025, 6:45:17 PM GMT+1 [Modules] Streaming discord_game_utils@1 to /home/arch/.config/discord/0.0.80/modules/pending/discord_game_utils-1.zip: 68%
1/16/2025, 6:45:17 PM GMT+1 [Modules] Streaming discord_game_utils@1 to /home/arch/.config/discord/0.0.80/modules/pending/discord_game_utils-1.zip: 69%
1/16/2025, 6:45:17 PM GMT+1 [Modules] Streaming discord_game_utils@1 to /home/arch/.config/discord/0.0.80/modules/pending/discord_game_utils-1.zip: 70%
1/16/2025, 6:45:17 PM GMT+1 [Modules] Streaming discord_game_utils@1 to /home/arch/.config/discord/0.0.80/modules/pending/discord_game_utils-1.zip: 71%
1/16/2025, 6:45:17 PM GMT+1 [Modules] Streaming discord_game_utils@1 to /home/arch/.config/discord/0.0.80/modules/pending/discord_game_utils-1.zip: 72%
1/16/2025, 6:45:17 PM GMT+1 [Modules] Streaming discord_game_utils@1 to /home/arch/.config/discord/0.0.80/modules/pending/discord_game_utils-1.zip: 73%
1/16/2025, 6:45:17 PM GMT+1 [Modules] Streaming discord_game_utils@1 to /home/arch/.config/discord/0.0.80/modules/pending/discord_game_utils-1.zip: 74%
1/16/2025, 6:45:17 PM GMT+1 [Modules] Streaming discord_game_utils@1 to /home/arch/.config/discord/0.0.80/modules/pending/discord_game_utils-1.zip: 75%
1/16/2025, 6:45:17 PM GMT+1 [Modules] Streaming discord_game_utils@1 to /home/arch/.config/discord/0.0.80/modules/pending/discord_game_utils-1.zip: 76%
1/16/2025, 6:45:17 PM GMT+1 [Modules] Streaming discord_game_utils@1 to /home/arch/.config/discord/0.0.80/modules/pending/discord_game_utils-1.zip: 77%
1/16/2025, 6:45:17 PM GMT+1 [Modules] Streaming discord_game_utils@1 to /home/arch/.config/discord/0.0.80/modules/pending/discord_game_utils-1.zip: 78%
1/16/2025, 6:45:17 PM GMT+1 [Modules] Streaming discord_game_utils@1 to /home/arch/.config/discord/0.0.80/modules/pending/discord_game_utils-1.zip: 79%
1/16/2025, 6:45:17 PM GMT+1 [Modules] Streaming discord_game_utils@1 to /home/arch/.config/discord/0.0.80/modules/pending/discord_game_utils-1.zip: 80%
1/16/2025, 6:45:17 PM GMT+1 [Modules] Streaming discord_game_utils@1 to /home/arch/.config/discord/0.0.80/modules/pending/discord_game_utils-1.zip: 81%
1/16/2025, 6:45:17 PM GMT+1 [Modules] Streaming discord_game_utils@1 to /home/arch/.config/discord/0.0.80/modules/pending/discord_game_utils-1.zip: 82%
1/16/2025, 6:45:17 PM GMT+1 [Modules] Streaming discord_game_utils@1 to /home/arch/.config/discord/0.0.80/modules/pending/discord_game_utils-1.zip: 83%
1/16/2025, 6:45:17 PM GMT+1 [Modules] Streaming discord_game_utils@1 to /home/arch/.config/discord/0.0.80/modules/pending/discord_game_utils-1.zip: 84%
1/16/2025, 6:45:17 PM GMT+1 [Modules] Streaming discord_game_utils@1 to /home/arch/.config/discord/0.0.80/modules/pending/discord_game_utils-1.zip: 85%
1/16/2025, 6:45:17 PM GMT+1 [Modules] Streaming discord_game_utils@1 to /home/arch/.config/discord/0.0.80/modules/pending/discord_game_utils-1.zip: 86%
1/16/2025, 6:45:17 PM GMT+1 [Modules] Streaming discord_game_utils@1 to /home/arch/.config/discord/0.0.80/modules/pending/discord_game_utils-1.zip: 87%
1/16/2025, 6:45:17 PM GMT+1 [Modules] Streaming discord_game_utils@1 to /home/arch/.config/discord/0.0.80/modules/pending/discord_game_utils-1.zip: 88%
1/16/2025, 6:45:17 PM GMT+1 [Modules] Streaming discord_game_utils@1 to /home/arch/.config/discord/0.0.80/modules/pending/discord_game_utils-1.zip: 89%
1/16/2025, 6:45:17 PM GMT+1 [Modules] Streaming discord_game_utils@1 to /home/arch/.config/discord/0.0.80/modules/pending/discord_game_utils-1.zip: 90%
1/16/2025, 6:45:17 PM GMT+1 [Modules] Streaming discord_game_utils@1 to /home/arch/.config/discord/0.0.80/modules/pending/discord_game_utils-1.zip: 91%
1/16/2025, 6:45:17 PM GMT+1 [Modules] Streaming discord_game_utils@1 to /home/arch/.config/discord/0.0.80/modules/pending/discord_game_utils-1.zip: 93%
1/16/2025, 6:45:17 PM GMT+1 [Modules] Streaming discord_game_utils@1 to /home/arch/.config/discord/0.0.80/modules/pending/discord_game_utils-1.zip: 95%
1/16/2025, 6:45:17 PM GMT+1 [Modules] Streaming discord_game_utils@1 to /home/arch/.config/discord/0.0.80/modules/pending/discord_game_utils-1.zip: 100%
1/16/2025, 6:45:17 PM GMT+1 [Modules] Fetching discord_rpc@1 from https://discord.com/api/modules/stable/discord_rpc/1
1/16/2025, 6:45:17 PM GMT+1 [Modules] Streaming discord_rpc@1 to /home/arch/.config/discord/0.0.80/modules/pending/discord_rpc-1.zip
1/16/2025, 6:45:17 PM GMT+1 [Modules] Installing discord_game_utils@1 from /home/arch/.config/discord/0.0.80/modules/pending/discord_game_utils-1.zip
1/16/2025, 6:45:17 PM GMT+1 [Modules] Finished module installations. [success: 1] [failure: 0]
1/16/2025, 6:45:17 PM GMT+1 [Modules] Streaming discord_rpc@1 to /home/arch/.config/discord/0.0.80/modules/pending/discord_rpc-1.zip: 35%
1/16/2025, 6:45:17 PM GMT+1 [Modules] Streaming discord_rpc@1 to /home/arch/.config/discord/0.0.80/modules/pending/discord_rpc-1.zip: 44%
1/16/2025, 6:45:17 PM GMT+1 [Modules] Streaming discord_rpc@1 to /home/arch/.config/discord/0.0.80/modules/pending/discord_rpc-1.zip: 56%
1/16/2025, 6:45:17 PM GMT+1 [Modules] Streaming discord_rpc@1 to /home/arch/.config/discord/0.0.80/modules/pending/discord_rpc-1.zip: 62%
1/16/2025, 6:45:17 PM GMT+1 [Modules] Streaming discord_rpc@1 to /home/arch/.config/discord/0.0.80/modules/pending/discord_rpc-1.zip: 73%
1/16/2025, 6:45:17 PM GMT+1 [Modules] Streaming discord_rpc@1 to /home/arch/.config/discord/0.0.80/modules/pending/discord_rpc-1.zip: 79%
1/16/2025, 6:45:17 PM GMT+1 [Modules] Streaming discord_rpc@1 to /home/arch/.config/discord/0.0.80/modules/pending/discord_rpc-1.zip: 88%
1/16/2025, 6:45:17 PM GMT+1 [Modules] Streaming discord_rpc@1 to /home/arch/.config/discord/0.0.80/modules/pending/discord_rpc-1.zip: 97%
1/16/2025, 6:45:17 PM GMT+1 [Modules] Streaming discord_rpc@1 to /home/arch/.config/discord/0.0.80/modules/pending/discord_rpc-1.zip: 100%
1/16/2025, 6:45:17 PM GMT+1 [Modules] Finished module downloads. [success: 3] [failure: 0]
1/16/2025, 6:45:17 PM GMT+1 [Modules] Installing discord_rpc@1 from /home/arch/.config/discord/0.0.80/modules/pending/discord_rpc-1.zip
1/16/2025, 6:45:17 PM GMT+1 [Modules] Finished module installations. [success: 1] [failure: 0]
1/16/2025, 7:45:15 PM GMT+1 [Modules] Checking for host updates.
1/16/2025, 7:45:15 PM GMT+1 [Modules] Host is up to date.
1/16/2025, 7:45:15 PM GMT+1 [Modules] Checking for module updates at https://discord.com/api/modules/stable/versions.json
1/16/2025, 7:45:15 PM GMT+1 [Modules] No module updates available.
1/18/2025, 7:19:21 PM GMT+1 [Modules] Modules initializing
1/18/2025, 7:19:21 PM GMT+1 [Modules] Distribution: remote
1/18/2025, 7:19:21 PM GMT+1 [Modules] Host updates: enabled
1/18/2025, 7:19:21 PM GMT+1 [Modules] Module updates: enabled
1/18/2025, 7:19:21 PM GMT+1 [Modules] Module install path: /home/arch/.config/discord/0.0.80/modules
1/18/2025, 7:19:21 PM GMT+1 [Modules] Module installed file path: /home/arch/.config/discord/0.0.80/modules/installed.json
1/18/2025, 7:19:21 PM GMT+1 [Modules] Module download path: /home/arch/.config/discord/0.0.80/modules/pending
1/18/2025, 7:19:22 PM GMT+1 [Modules] No updates to install
1/18/2025, 7:19:22 PM GMT+1 [Modules] Checking for host updates.
1/18/2025, 7:19:22 PM GMT+1 [Modules] Host is up to date.
1/18/2025, 7:19:22 PM GMT+1 [Modules] Checking for module updates at https://discord.com/api/modules/stable/versions.json
1/18/2025, 7:19:22 PM GMT+1 [Modules] No module updates available.
1/18/2025, 7:19:32 PM GMT+1 [Modules] Checking for host updates.
1/18/2025, 7:19:32 PM GMT+1 [Modules] Host is up to date.
1/18/2025, 7:19:32 PM GMT+1 [Modules] Checking for module updates at https://discord.com/api/modules/stable/versions.json
1/18/2025, 7:19:32 PM GMT+1 [Modules] No module updates available.
2/5/2025, 6:15:21 PM GMT+1 [Modules] Modules initializing
2/5/2025, 6:15:21 PM GMT+1 [Modules] Distribution: remote
2/5/2025, 6:15:21 PM GMT+1 [Modules] Host updates: enabled
2/5/2025, 6:15:21 PM GMT+1 [Modules] Module updates: enabled
2/5/2025, 6:15:21 PM GMT+1 [Modules] Module install path: /home/arch/.config/discord/0.0.84/modules
2/5/2025, 6:15:21 PM GMT+1 [Modules] Module installed file path: /home/arch/.config/discord/0.0.84/modules/installed.json
2/5/2025, 6:15:21 PM GMT+1 [Modules] Module download path: /home/arch/.config/discord/0.0.84/modules/pending
2/5/2025, 6:15:21 PM GMT+1 [Modules] Bootstrapping...
2/5/2025, 6:15:21 PM GMT+1 [Modules] Installing discord_desktop_core@0 from /opt/discord/resources/bootstrap/discord_desktop_core.zip
2/5/2025, 6:15:21 PM GMT+1 [Modules] Failed installing discord_desktop_core@0: Error: ENOENT: no such file or directory, open '/opt/discord/resources/bootstrap/discord_desktop_core.zip'
2/5/2025, 6:15:21 PM GMT+1 [Modules] Installing discord_erlpack@0 from /opt/discord/resources/bootstrap/discord_erlpack.zip
2/5/2025, 6:15:21 PM GMT+1 [Modules] Failed installing discord_erlpack@0: Error: ENOENT: no such file or directory, open '/opt/discord/resources/bootstrap/discord_erlpack.zip'
2/5/2025, 6:15:21 PM GMT+1 [Modules] Installing discord_spellcheck@0 from /opt/discord/resources/bootstrap/discord_spellcheck.zip
2/5/2025, 6:15:21 PM GMT+1 [Modules] Failed installing discord_spellcheck@0: Error: ENOENT: no such file or directory, open '/opt/discord/resources/bootstrap/discord_spellcheck.zip'
2/5/2025, 6:15:21 PM GMT+1 [Modules] Installing discord_utils@0 from /opt/discord/resources/bootstrap/discord_utils.zip
2/5/2025, 6:15:21 PM GMT+1 [Modules] Failed installing discord_utils@0: Error: ENOENT: no such file or directory, open '/opt/discord/resources/bootstrap/discord_utils.zip'
2/5/2025, 6:15:21 PM GMT+1 [Modules] Installing discord_voice@0 from /opt/discord/resources/bootstrap/discord_voice.zip
2/5/2025, 6:15:21 PM GMT+1 [Modules] Failed installing discord_voice@0: Error: ENOENT: no such file or directory, open '/opt/discord/resources/bootstrap/discord_voice.zip'
2/5/2025, 6:15:21 PM GMT+1 [Modules] Installing discord_zstd@0 from /opt/discord/resources/bootstrap/discord_zstd.zip
2/5/2025, 6:15:21 PM GMT+1 [Modules] Failed installing discord_zstd@0: Error: ENOENT: no such file or directory, open '/opt/discord/resources/bootstrap/discord_zstd.zip'
2/5/2025, 6:15:21 PM GMT+1 [Modules] Finished module installations. [success: 0] [failure: 6]
2/5/2025, 6:15:21 PM GMT+1 [Modules] Checking for host updates.
2/5/2025, 6:15:22 PM GMT+1 [Modules] Host is up to date.
2/5/2025, 6:15:22 PM GMT+1 [Modules] Checking for module updates at https://discord.com/api/modules/stable/versions.json
2/5/2025, 6:15:22 PM GMT+1 [Modules] Module update available: discord_desktop_core@1 [installed: 0]
2/5/2025, 6:15:22 PM GMT+1 [Modules] Module update available: discord_erlpack@1 [installed: 0]
2/5/2025, 6:15:22 PM GMT+1 [Modules] Module update available: discord_spellcheck@1 [installed: 0]
2/5/2025, 6:15:22 PM GMT+1 [Modules] Module update available: discord_utils@1 [installed: 0]
2/5/2025, 6:15:22 PM GMT+1 [Modules] Module update available: discord_voice@1 [installed: 0]
2/5/2025, 6:15:22 PM GMT+1 [Modules] Module update available: discord_zstd@1 [installed: 0]
2/5/2025, 6:15:22 PM GMT+1 [Modules] Fetching discord_desktop_core@1 from https://discord.com/api/modules/stable/discord_desktop_core/1
2/5/2025, 6:15:22 PM GMT+1 [Modules] Streaming discord_desktop_core@1 to /home/arch/.config/discord/0.0.84/modules/pending/discord_desktop_core-1.zip
2/5/2025, 6:15:22 PM GMT+1 [Modules] Streaming discord_desktop_core@1 to /home/arch/.config/discord/0.0.84/modules/pending/discord_desktop_core-1.zip: 1%
2/5/2025, 6:15:22 PM GMT+1 [Modules] Streaming discord_desktop_core@1 to /home/arch/.config/discord/0.0.84/modules/pending/discord_desktop_core-1.zip: 2%
2/5/2025, 6:15:22 PM GMT+1 [Modules] Streaming discord_desktop_core@1 to /home/arch/.config/discord/0.0.84/modules/pending/discord_desktop_core-1.zip: 3%
2/5/2025, 6:15:22 PM GMT+1 [Modules] Streaming discord_desktop_core@1 to /home/arch/.config/discord/0.0.84/modules/pending/discord_desktop_core-1.zip: 4%
2/5/2025, 6:15:22 PM GMT+1 [Modules] Streaming discord_desktop_core@1 to /home/arch/.config/discord/0.0.84/modules/pending/discord_desktop_core-1.zip: 5%
2/5/2025, 6:15:22 PM GMT+1 [Modules] Streaming discord_desktop_core@1 to /home/arch/.config/discord/0.0.84/modules/pending/discord_desktop_core-1.zip: 6%
2/5/2025, 6:15:22 PM GMT+1 [Modules] Streaming discord_desktop_core@1 to /home/arch/.config/discord/0.0.84/modules/pending/discord_desktop_core-1.zip: 7%
2/5/2025, 6:15:22 PM GMT+1 [Modules] Streaming discord_desktop_core@1 to /home/arch/.config/discord/0.0.84/modules/pending/discord_desktop_core-1.zip: 8%
2/5/2025, 6:15:22 PM GMT+1 [Modules] Streaming discord_desktop_core@1 to /home/arch/.config/discord/0.0.84/modules/pending/discord_desktop_core-1.zip: 9%
2/5/2025, 6:15:22 PM GMT+1 [Modules] Streaming discord_desktop_core@1 to /home/arch/.config/discord/0.0.84/modules/pending/discord_desktop_core-1.zip: 10%
2/5/2025, 6:15:22 PM GMT+1 [Modules] Streaming discord_desktop_core@1 to /home/arch/.config/discord/0.0.84/modules/pending/discord_desktop_core-1.zip: 11%
2/5/2025, 6:15:22 PM GMT+1 [Modules] Streaming discord_desktop_core@1 to /home/arch/.config/discord/0.0.84/modules/pending/discord_desktop_core-1.zip: 12%
2/5/2025, 6:15:22 PM GMT+1 [Modules] Streaming discord_desktop_core@1 to /home/arch/.config/discord/0.0.84/modules/pending/discord_desktop_core-1.zip: 13%
2/5/2025, 6:15:22 PM GMT+1 [Modules] Streaming discord_desktop_core@1 to /home/arch/.config/discord/0.0.84/modules/pending/discord_desktop_core-1.zip: 14%
2/5/2025, 6:15:22 PM GMT+1 [Modules] Streaming discord_desktop_core@1 to /home/arch/.config/discord/0.0.84/modules/pending/discord_desktop_core-1.zip: 15%
2/5/2025, 6:15:22 PM GMT+1 [Modules] Streaming discord_desktop_core@1 to /home/arch/.config/discord/0.0.84/modules/pending/discord_desktop_core-1.zip: 16%
2/5/2025, 6:15:22 PM GMT+1 [Modules] Streaming discord_desktop_core@1 to /home/arch/.config/discord/0.0.84/modules/pending/discord_desktop_core-1.zip: 17%
2/5/2025, 6:15:22 PM GMT+1 [Modules] Streaming discord_desktop_core@1 to /home/arch/.config/discord/0.0.84/modules/pending/discord_desktop_core-1.zip: 18%
2/5/2025, 6:15:22 PM GMT+1 [Modules] Streaming discord_desktop_core@1 to /home/arch/.config/discord/0.0.84/modules/pending/discord_desktop_core-1.zip: 19%
2/5/2025, 6:15:22 PM GMT+1 [Modules] Streaming discord_desktop_core@1 to /home/arch/.config/discord/0.0.84/modules/pending/discord_desktop_core-1.zip: 20%
2/5/2025, 6:15:22 PM GMT+1 [Modules] Streaming discord_desktop_core@1 to /home/arch/.config/discord/0.0.84/modules/pending/discord_desktop_core-1.zip: 21%
2/5/2025, 6:15:22 PM GMT+1 [Modules] Streaming discord_desktop_core@1 to /home/arch/.config/discord/0.0.84/modules/pending/discord_desktop_core-1.zip: 22%
2/5/2025, 6:15:22 PM GMT+1 [Modules] Streaming discord_desktop_core@1 to /home/arch/.config/discord/0.0.84/modules/pending/discord_desktop_core-1.zip: 23%
2/5/2025, 6:15:22 PM GMT+1 [Modules] Streaming discord_desktop_core@1 to /home/arch/.config/discord/0.0.84/modules/pending/discord_desktop_core-1.zip: 24%
2/5/2025, 6:15:22 PM GMT+1 [Modules] Streaming discord_desktop_core@1 to /home/arch/.config/discord/0.0.84/modules/pending/discord_desktop_core-1.zip: 25%
2/5/2025, 6:15:22 PM GMT+1 [Modules] Streaming discord_desktop_core@1 to /home/arch/.config/discord/0.0.84/modules/pending/discord_desktop_core-1.zip: 26%
2/5/2025, 6:15:22 PM GMT+1 [Modules] Streaming discord_desktop_core@1 to /home/arch/.config/discord/0.0.84/modules/pending/discord_desktop_core-1.zip: 27%
2/5/2025, 6:15:22 PM GMT+1 [Modules] Streaming discord_desktop_core@1 to /home/arch/.config/discord/0.0.84/modules/pending/discord_desktop_core-1.zip: 28%
2/5/2025, 6:15:22 PM GMT+1 [Modules] Streaming discord_desktop_core@1 to /home/arch/.config/discord/0.0.84/modules/pending/discord_desktop_core-1.zip: 29%
2/5/2025, 6:15:22 PM GMT+1 [Modules] Streaming discord_desktop_core@1 to /home/arch/.config/discord/0.0.84/modules/pending/discord_desktop_core-1.zip: 30%
2/5/2025, 6:15:22 PM GMT+1 [Modules] Streaming discord_desktop_core@1 to /home/arch/.config/discord/0.0.84/modules/pending/discord_desktop_core-1.zip: 31%
2/5/2025, 6:15:22 PM GMT+1 [Modules] Streaming discord_desktop_core@1 to /home/arch/.config/discord/0.0.84/modules/pending/discord_desktop_core-1.zip: 32%
2/5/2025, 6:15:22 PM GMT+1 [Modules] Streaming discord_desktop_core@1 to /home/arch/.config/discord/0.0.84/modules/pending/discord_desktop_core-1.zip: 33%
2/5/2025, 6:15:22 PM GMT+1 [Modules] Streaming discord_desktop_core@1 to /home/arch/.config/discord/0.0.84/modules/pending/discord_desktop_core-1.zip: 36%
2/5/2025, 6:15:22 PM GMT+1 [Modules] Streaming discord_desktop_core@1 to /home/arch/.config/discord/0.0.84/modules/pending/discord_desktop_core-1.zip: 41%
2/5/2025, 6:15:22 PM GMT+1 [Modules] Streaming discord_desktop_core@1 to /home/arch/.config/discord/0.0.84/modules/pending/discord_desktop_core-1.zip: 42%
2/5/2025, 6:15:22 PM GMT+1 [Modules] Streaming discord_desktop_core@1 to /home/arch/.config/discord/0.0.84/modules/pending/discord_desktop_core-1.zip: 43%
2/5/2025, 6:15:22 PM GMT+1 [Modules] Streaming discord_desktop_core@1 to /home/arch/.config/discord/0.0.84/modules/pending/discord_desktop_core-1.zip: 44%
2/5/2025, 6:15:22 PM GMT+1 [Modules] Streaming discord_desktop_core@1 to /home/arch/.config/discord/0.0.84/modules/pending/discord_desktop_core-1.zip: 45%
2/5/2025, 6:15:22 PM GMT+1 [Modules] Streaming discord_desktop_core@1 to /home/arch/.config/discord/0.0.84/modules/pending/discord_desktop_core-1.zip: 46%
2/5/2025, 6:15:22 PM GMT+1 [Modules] Streaming discord_desktop_core@1 to /home/arch/.config/discord/0.0.84/modules/pending/discord_desktop_core-1.zip: 47%
2/5/2025, 6:15:22 PM GMT+1 [Modules] Streaming discord_desktop_core@1 to /home/arch/.config/discord/0.0.84/modules/pending/discord_desktop_core-1.zip: 48%
2/5/2025, 6:15:22 PM GMT+1 [Modules] Streaming discord_desktop_core@1 to /home/arch/.config/discord/0.0.84/modules/pending/discord_desktop_core-1.zip: 49%
2/5/2025, 6:15:22 PM GMT+1 [Modules] Streaming discord_desktop_core@1 to /home/arch/.config/discord/0.0.84/modules/pending/discord_desktop_core-1.zip: 50%
2/5/2025, 6:15:22 PM GMT+1 [Modules] Streaming discord_desktop_core@1 to /home/arch/.config/discord/0.0.84/modules/pending/discord_desktop_core-1.zip: 51%
2/5/2025, 6:15:22 PM GMT+1 [Modules] Streaming discord_desktop_core@1 to /home/arch/.config/discord/0.0.84/modules/pending/discord_desktop_core-1.zip: 52%
2/5/2025, 6:15:22 PM GMT+1 [Modules] Streaming discord_desktop_core@1 to /home/arch/.config/discord/0.0.84/modules/pending/discord_desktop_core-1.zip: 53%
2/5/2025, 6:15:22 PM GMT+1 [Modules] Streaming discord_desktop_core@1 to /home/arch/.config/discord/0.0.84/modules/pending/discord_desktop_core-1.zip: 54%
2/5/2025, 6:15:22 PM GMT+1 [Modules] Streaming discord_desktop_core@1 to /home/arch/.config/discord/0.0.84/modules/pending/discord_desktop_core-1.zip: 55%
2/5/2025, 6:15:22 PM GMT+1 [Modules] Streaming discord_desktop_core@1 to /home/arch/.config/discord/0.0.84/modules/pending/discord_desktop_core-1.zip: 56%
2/5/2025, 6:15:22 PM GMT+1 [Modules] Streaming discord_desktop_core@1 to /home/arch/.config/discord/0.0.84/modules/pending/discord_desktop_core-1.zip: 57%
2/5/2025, 6:15:22 PM GMT+1 [Modules] Streaming discord_desktop_core@1 to /home/arch/.config/discord/0.0.84/modules/pending/discord_desktop_core-1.zip: 58%
2/5/2025, 6:15:22 PM GMT+1 [Modules] Streaming discord_desktop_core@1 to /home/arch/.config/discord/0.0.84/modules/pending/discord_desktop_core-1.zip: 59%
2/5/2025, 6:15:22 PM GMT+1 [Modules] Streaming discord_desktop_core@1 to /home/arch/.config/discord/0.0.84/modules/pending/discord_desktop_core-1.zip: 60%
2/5/2025, 6:15:22 PM GMT+1 [Modules] Streaming discord_desktop_core@1 to /home/arch/.config/discord/0.0.84/modules/pending/discord_desktop_core-1.zip: 61%
2/5/2025, 6:15:22 PM GMT+1 [Modules] Streaming discord_desktop_core@1 to /home/arch/.config/discord/0.0.84/modules/pending/discord_desktop_core-1.zip: 62%
2/5/2025, 6:15:22 PM GMT+1 [Modules] Streaming discord_desktop_core@1 to /home/arch/.config/discord/0.0.84/modules/pending/discord_desktop_core-1.zip: 63%
2/5/2025, 6:15:22 PM GMT+1 [Modules] Streaming discord_desktop_core@1 to /home/arch/.config/discord/0.0.84/modules/pending/discord_desktop_core-1.zip: 64%
2/5/2025, 6:15:22 PM GMT+1 [Modules] Streaming discord_desktop_core@1 to /home/arch/.config/discord/0.0.84/modules/pending/discord_desktop_core-1.zip: 65%
2/5/2025, 6:15:22 PM GMT+1 [Modules] Streaming discord_desktop_core@1 to /home/arch/.config/discord/0.0.84/modules/pending/discord_desktop_core-1.zip: 66%
2/5/2025, 6:15:22 PM GMT+1 [Modules] Streaming discord_desktop_core@1 to /home/arch/.config/discord/0.0.84/modules/pending/discord_desktop_core-1.zip: 67%
2/5/2025, 6:15:22 PM GMT+1 [Modules] Streaming discord_desktop_core@1 to /home/arch/.config/discord/0.0.84/modules/pending/discord_desktop_core-1.zip: 68%
2/5/2025, 6:15:22 PM GMT+1 [Modules] Streaming discord_desktop_core@1 to /home/arch/.config/discord/0.0.84/modules/pending/discord_desktop_core-1.zip: 69%
2/5/2025, 6:15:22 PM GMT+1 [Modules] Streaming discord_desktop_core@1 to /home/arch/.config/discord/0.0.84/modules/pending/discord_desktop_core-1.zip: 70%
2/5/2025, 6:15:22 PM GMT+1 [Modules] Streaming discord_desktop_core@1 to /home/arch/.config/discord/0.0.84/modules/pending/discord_desktop_core-1.zip: 71%
2/5/2025, 6:15:22 PM GMT+1 [Modules] Streaming discord_desktop_core@1 to /home/arch/.config/discord/0.0.84/modules/pending/discord_desktop_core-1.zip: 72%
2/5/2025, 6:15:22 PM GMT+1 [Modules] Streaming discord_desktop_core@1 to /home/arch/.config/discord/0.0.84/modules/pending/discord_desktop_core-1.zip: 73%
2/5/2025, 6:15:22 PM GMT+1 [Modules] Streaming discord_desktop_core@1 to /home/arch/.config/discord/0.0.84/modules/pending/discord_desktop_core-1.zip: 74%
2/5/2025, 6:15:22 PM GMT+1 [Modules] Streaming discord_desktop_core@1 to /home/arch/.config/discord/0.0.84/modules/pending/discord_desktop_core-1.zip: 75%
2/5/2025, 6:15:22 PM GMT+1 [Modules] Streaming discord_desktop_core@1 to /home/arch/.config/discord/0.0.84/modules/pending/discord_desktop_core-1.zip: 76%
2/5/2025, 6:15:22 PM GMT+1 [Modules] Streaming discord_desktop_core@1 to /home/arch/.config/discord/0.0.84/modules/pending/discord_desktop_core-1.zip: 77%
2/5/2025, 6:15:22 PM GMT+1 [Modules] Streaming discord_desktop_core@1 to /home/arch/.config/discord/0.0.84/modules/pending/discord_desktop_core-1.zip: 78%
2/5/2025, 6:15:22 PM GMT+1 [Modules] Streaming discord_desktop_core@1 to /home/arch/.config/discord/0.0.84/modules/pending/discord_desktop_core-1.zip: 79%
2/5/2025, 6:15:22 PM GMT+1 [Modules] Streaming discord_desktop_core@1 to /home/arch/.config/discord/0.0.84/modules/pending/discord_desktop_core-1.zip: 80%
2/5/2025, 6:15:22 PM GMT+1 [Modules] Streaming discord_desktop_core@1 to /home/arch/.config/discord/0.0.84/modules/pending/discord_desktop_core-1.zip: 81%
2/5/2025, 6:15:22 PM GMT+1 [Modules] Streaming discord_desktop_core@1 to /home/arch/.config/discord/0.0.84/modules/pending/discord_desktop_core-1.zip: 82%
2/5/2025, 6:15:22 PM GMT+1 [Modules] Streaming discord_desktop_core@1 to /home/arch/.config/discord/0.0.84/modules/pending/discord_desktop_core-1.zip: 83%
2/5/2025, 6:15:22 PM GMT+1 [Modules] Streaming discord_desktop_core@1 to /home/arch/.config/discord/0.0.84/modules/pending/discord_desktop_core-1.zip: 84%
2/5/2025, 6:15:22 PM GMT+1 [Modules] Streaming discord_desktop_core@1 to /home/arch/.config/discord/0.0.84/modules/pending/discord_desktop_core-1.zip: 85%
2/5/2025, 6:15:22 PM GMT+1 [Modules] Streaming discord_desktop_core@1 to /home/arch/.config/discord/0.0.84/modules/pending/discord_desktop_core-1.zip: 86%
2/5/2025, 6:15:22 PM GMT+1 [Modules] Streaming discord_desktop_core@1 to /home/arch/.config/discord/0.0.84/modules/pending/discord_desktop_core-1.zip: 87%
2/5/2025, 6:15:22 PM GMT+1 [Modules] Streaming discord_desktop_core@1 to /home/arch/.config/discord/0.0.84/modules/pending/discord_desktop_core-1.zip: 88%
2/5/2025, 6:15:22 PM GMT+1 [Modules] Streaming discord_desktop_core@1 to /home/arch/.config/discord/0.0.84/modules/pending/discord_desktop_core-1.zip: 89%
2/5/2025, 6:15:22 PM GMT+1 [Modules] Streaming discord_desktop_core@1 to /home/arch/.config/discord/0.0.84/modules/pending/discord_desktop_core-1.zip: 90%
2/5/2025, 6:15:22 PM GMT+1 [Modules] Streaming discord_desktop_core@1 to /home/arch/.config/discord/0.0.84/modules/pending/discord_desktop_core-1.zip: 91%
2/5/2025, 6:15:22 PM GMT+1 [Modules] Streaming discord_desktop_core@1 to /home/arch/.config/discord/0.0.84/modules/pending/discord_desktop_core-1.zip: 92%
2/5/2025, 6:15:22 PM GMT+1 [Modules] Streaming discord_desktop_core@1 to /home/arch/.config/discord/0.0.84/modules/pending/discord_desktop_core-1.zip: 93%
2/5/2025, 6:15:22 PM GMT+1 [Modules] Streaming discord_desktop_core@1 to /home/arch/.config/discord/0.0.84/modules/pending/discord_desktop_core-1.zip: 94%
2/5/2025, 6:15:22 PM GMT+1 [Modules] Streaming discord_desktop_core@1 to /home/arch/.config/discord/0.0.84/modules/pending/discord_desktop_core-1.zip: 95%
2/5/2025, 6:15:22 PM GMT+1 [Modules] Streaming discord_desktop_core@1 to /home/arch/.config/discord/0.0.84/modules/pending/discord_desktop_core-1.zip: 96%
2/5/2025, 6:15:22 PM GMT+1 [Modules] Streaming discord_desktop_core@1 to /home/arch/.config/discord/0.0.84/modules/pending/discord_desktop_core-1.zip: 97%
2/5/2025, 6:15:22 PM GMT+1 [Modules] Streaming discord_desktop_core@1 to /home/arch/.config/discord/0.0.84/modules/pending/discord_desktop_core-1.zip: 98%
2/5/2025, 6:15:22 PM GMT+1 [Modules] Streaming discord_desktop_core@1 to /home/arch/.config/discord/0.0.84/modules/pending/discord_desktop_core-1.zip: 99%
2/5/2025, 6:15:22 PM GMT+1 [Modules] Streaming discord_desktop_core@1 to /home/arch/.config/discord/0.0.84/modules/pending/discord_desktop_core-1.zip: 100%
2/5/2025, 6:15:22 PM GMT+1 [Modules] Fetching discord_erlpack@1 from https://discord.com/api/modules/stable/discord_erlpack/1
2/5/2025, 6:15:22 PM GMT+1 [Modules] Streaming discord_erlpack@1 to /home/arch/.config/discord/0.0.84/modules/pending/discord_erlpack-1.zip
2/5/2025, 6:15:23 PM GMT+1 [Modules] Streaming discord_erlpack@1 to /home/arch/.config/discord/0.0.84/modules/pending/discord_erlpack-1.zip: 1%
2/5/2025, 6:15:23 PM GMT+1 [Modules] Streaming discord_erlpack@1 to /home/arch/.config/discord/0.0.84/modules/pending/discord_erlpack-1.zip: 2%
2/5/2025, 6:15:23 PM GMT+1 [Modules] Streaming discord_erlpack@1 to /home/arch/.config/discord/0.0.84/modules/pending/discord_erlpack-1.zip: 3%
2/5/2025, 6:15:23 PM GMT+1 [Modules] Streaming discord_erlpack@1 to /home/arch/.config/discord/0.0.84/modules/pending/discord_erlpack-1.zip: 4%
2/5/2025, 6:15:23 PM GMT+1 [Modules] Streaming discord_erlpack@1 to /home/arch/.config/discord/0.0.84/modules/pending/discord_erlpack-1.zip: 5%
2/5/2025, 6:15:23 PM GMT+1 [Modules] Streaming discord_erlpack@1 to /home/arch/.config/discord/0.0.84/modules/pending/discord_erlpack-1.zip: 6%
2/5/2025, 6:15:23 PM GMT+1 [Modules] Streaming discord_erlpack@1 to /home/arch/.config/discord/0.0.84/modules/pending/discord_erlpack-1.zip: 7%
2/5/2025, 6:15:23 PM GMT+1 [Modules] Streaming discord_erlpack@1 to /home/arch/.config/discord/0.0.84/modules/pending/discord_erlpack-1.zip: 8%
2/5/2025, 6:15:23 PM GMT+1 [Modules] Streaming discord_erlpack@1 to /home/arch/.config/discord/0.0.84/modules/pending/discord_erlpack-1.zip: 9%
2/5/2025, 6:15:23 PM GMT+1 [Modules] Streaming discord_erlpack@1 to /home/arch/.config/discord/0.0.84/modules/pending/discord_erlpack-1.zip: 10%
2/5/2025, 6:15:23 PM GMT+1 [Modules] Streaming discord_erlpack@1 to /home/arch/.config/discord/0.0.84/modules/pending/discord_erlpack-1.zip: 11%
2/5/2025, 6:15:23 PM GMT+1 [Modules] Streaming discord_erlpack@1 to /home/arch/.config/discord/0.0.84/modules/pending/discord_erlpack-1.zip: 12%
2/5/2025, 6:15:23 PM GMT+1 [Modules] Streaming discord_erlpack@1 to /home/arch/.config/discord/0.0.84/modules/pending/discord_erlpack-1.zip: 13%
2/5/2025, 6:15:23 PM GMT+1 [Modules] Streaming discord_erlpack@1 to /home/arch/.config/discord/0.0.84/modules/pending/discord_erlpack-1.zip: 14%
2/5/2025, 6:15:23 PM GMT+1 [Modules] Streaming discord_erlpack@1 to /home/arch/.config/discord/0.0.84/modules/pending/discord_erlpack-1.zip: 15%
2/5/2025, 6:15:23 PM GMT+1 [Modules] Streaming discord_erlpack@1 to /home/arch/.config/discord/0.0.84/modules/pending/discord_erlpack-1.zip: 16%
2/5/2025, 6:15:23 PM GMT+1 [Modules] Streaming discord_erlpack@1 to /home/arch/.config/discord/0.0.84/modules/pending/discord_erlpack-1.zip: 17%
2/5/2025, 6:15:23 PM GMT+1 [Modules] Streaming discord_erlpack@1 to /home/arch/.config/discord/0.0.84/modules/pending/discord_erlpack-1.zip: 18%
2/5/2025, 6:15:23 PM GMT+1 [Modules] Streaming discord_erlpack@1 to /home/arch/.config/discord/0.0.84/modules/pending/discord_erlpack-1.zip: 19%
2/5/2025, 6:15:23 PM GMT+1 [Modules] Streaming discord_erlpack@1 to /home/arch/.config/discord/0.0.84/modules/pending/discord_erlpack-1.zip: 20%
2/5/2025, 6:15:23 PM GMT+1 [Modules] Streaming discord_erlpack@1 to /home/arch/.config/discord/0.0.84/modules/pending/discord_erlpack-1.zip: 21%
2/5/2025, 6:15:23 PM GMT+1 [Modules] Streaming discord_erlpack@1 to /home/arch/.config/discord/0.0.84/modules/pending/discord_erlpack-1.zip: 22%
2/5/2025, 6:15:23 PM GMT+1 [Modules] Streaming discord_erlpack@1 to /home/arch/.config/discord/0.0.84/modules/pending/discord_erlpack-1.zip: 23%
2/5/2025, 6:15:23 PM GMT+1 [Modules] Streaming discord_erlpack@1 to /home/arch/.config/discord/0.0.84/modules/pending/discord_erlpack-1.zip: 24%
2/5/2025, 6:15:23 PM GMT+1 [Modules] Streaming discord_erlpack@1 to /home/arch/.config/discord/0.0.84/modules/pending/discord_erlpack-1.zip: 25%
2/5/2025, 6:15:23 PM GMT+1 [Modules] Streaming discord_erlpack@1 to /home/arch/.config/discord/0.0.84/modules/pending/discord_erlpack-1.zip: 26%
2/5/2025, 6:15:23 PM GMT+1 [Modules] Streaming discord_erlpack@1 to /home/arch/.config/discord/0.0.84/modules/pending/discord_erlpack-1.zip: 27%
2/5/2025, 6:15:23 PM GMT+1 [Modules] Streaming discord_erlpack@1 to /home/arch/.config/discord/0.0.84/modules/pending/discord_erlpack-1.zip: 28%
2/5/2025, 6:15:23 PM GMT+1 [Modules] Streaming discord_erlpack@1 to /home/arch/.config/discord/0.0.84/modules/pending/discord_erlpack-1.zip: 29%
2/5/2025, 6:15:23 PM GMT+1 [Modules] Streaming discord_erlpack@1 to /home/arch/.config/discord/0.0.84/modules/pending/discord_erlpack-1.zip: 30%
2/5/2025, 6:15:23 PM GMT+1 [Modules] Streaming discord_erlpack@1 to /home/arch/.config/discord/0.0.84/modules/pending/discord_erlpack-1.zip: 31%
2/5/2025, 6:15:23 PM GMT+1 [Modules] Streaming discord_erlpack@1 to /home/arch/.config/discord/0.0.84/modules/pending/discord_erlpack-1.zip: 32%
2/5/2025, 6:15:23 PM GMT+1 [Modules] Streaming discord_erlpack@1 to /home/arch/.config/discord/0.0.84/modules/pending/discord_erlpack-1.zip: 33%
2/5/2025, 6:15:23 PM GMT+1 [Modules] Streaming discord_erlpack@1 to /home/arch/.config/discord/0.0.84/modules/pending/discord_erlpack-1.zip: 34%
2/5/2025, 6:15:23 PM GMT+1 [Modules] Streaming discord_erlpack@1 to /home/arch/.config/discord/0.0.84/modules/pending/discord_erlpack-1.zip: 35%
2/5/2025, 6:15:23 PM GMT+1 [Modules] Streaming discord_erlpack@1 to /home/arch/.config/discord/0.0.84/modules/pending/discord_erlpack-1.zip: 36%
2/5/2025, 6:15:23 PM GMT+1 [Modules] Streaming discord_erlpack@1 to /home/arch/.config/discord/0.0.84/modules/pending/discord_erlpack-1.zip: 37%
2/5/2025, 6:15:23 PM GMT+1 [Modules] Streaming discord_erlpack@1 to /home/arch/.config/discord/0.0.84/modules/pending/discord_erlpack-1.zip: 38%
2/5/2025, 6:15:23 PM GMT+1 [Modules] Streaming discord_erlpack@1 to /home/arch/.config/discord/0.0.84/modules/pending/discord_erlpack-1.zip: 39%
2/5/2025, 6:15:23 PM GMT+1 [Modules] Streaming discord_erlpack@1 to /home/arch/.config/discord/0.0.84/modules/pending/discord_erlpack-1.zip: 40%
2/5/2025, 6:15:23 PM GMT+1 [Modules] Streaming discord_erlpack@1 to /home/arch/.config/discord/0.0.84/modules/pending/discord_erlpack-1.zip: 41%
2/5/2025, 6:15:23 PM GMT+1 [Modules] Streaming discord_erlpack@1 to /home/arch/.config/discord/0.0.84/modules/pending/discord_erlpack-1.zip: 42%
2/5/2025, 6:15:23 PM GMT+1 [Modules] Streaming discord_erlpack@1 to /home/arch/.config/discord/0.0.84/modules/pending/discord_erlpack-1.zip: 43%
2/5/2025, 6:15:23 PM GMT+1 [Modules] Streaming discord_erlpack@1 to /home/arch/.config/discord/0.0.84/modules/pending/discord_erlpack-1.zip: 44%
2/5/2025, 6:15:23 PM GMT+1 [Modules] Streaming discord_erlpack@1 to /home/arch/.config/discord/0.0.84/modules/pending/discord_erlpack-1.zip: 45%
2/5/2025, 6:15:23 PM GMT+1 [Modules] Streaming discord_erlpack@1 to /home/arch/.config/discord/0.0.84/modules/pending/discord_erlpack-1.zip: 46%
2/5/2025, 6:15:23 PM GMT+1 [Modules] Streaming discord_erlpack@1 to /home/arch/.config/discord/0.0.84/modules/pending/discord_erlpack-1.zip: 47%
2/5/2025, 6:15:23 PM GMT+1 [Modules] Streaming discord_erlpack@1 to /home/arch/.config/discord/0.0.84/modules/pending/discord_erlpack-1.zip: 48%
2/5/2025, 6:15:23 PM GMT+1 [Modules] Streaming discord_erlpack@1 to /home/arch/.config/discord/0.0.84/modules/pending/discord_erlpack-1.zip: 49%
2/5/2025, 6:15:23 PM GMT+1 [Modules] Streaming discord_erlpack@1 to /home/arch/.config/discord/0.0.84/modules/pending/discord_erlpack-1.zip: 50%
2/5/2025, 6:15:23 PM GMT+1 [Modules] Streaming discord_erlpack@1 to /home/arch/.config/discord/0.0.84/modules/pending/discord_erlpack-1.zip: 51%
2/5/2025, 6:15:23 PM GMT+1 [Modules] Streaming discord_erlpack@1 to /home/arch/.config/discord/0.0.84/modules/pending/discord_erlpack-1.zip: 52%
2/5/2025, 6:15:23 PM GMT+1 [Modules] Streaming discord_erlpack@1 to /home/arch/.config/discord/0.0.84/modules/pending/discord_erlpack-1.zip: 53%
2/5/2025, 6:15:23 PM GMT+1 [Modules] Streaming discord_erlpack@1 to /home/arch/.config/discord/0.0.84/modules/pending/discord_erlpack-1.zip: 54%
2/5/2025, 6:15:23 PM GMT+1 [Modules] Streaming discord_erlpack@1 to /home/arch/.config/discord/0.0.84/modules/pending/discord_erlpack-1.zip: 55%
2/5/2025, 6:15:23 PM GMT+1 [Modules] Streaming discord_erlpack@1 to /home/arch/.config/discord/0.0.84/modules/pending/discord_erlpack-1.zip: 56%
2/5/2025, 6:15:23 PM GMT+1 [Modules] Streaming discord_erlpack@1 to /home/arch/.config/discord/0.0.84/modules/pending/discord_erlpack-1.zip: 57%
2/5/2025, 6:15:23 PM GMT+1 [Modules] Streaming discord_erlpack@1 to /home/arch/.config/discord/0.0.84/modules/pending/discord_erlpack-1.zip: 58%
2/5/2025, 6:15:23 PM GMT+1 [Modules] Streaming discord_erlpack@1 to /home/arch/.config/discord/0.0.84/modules/pending/discord_erlpack-1.zip: 59%
2/5/2025, 6:15:23 PM GMT+1 [Modules] Streaming discord_erlpack@1 to /home/arch/.config/discord/0.0.84/modules/pending/discord_erlpack-1.zip: 60%
2/5/2025, 6:15:23 PM GMT+1 [Modules] Streaming discord_erlpack@1 to /home/arch/.config/discord/0.0.84/modules/pending/discord_erlpack-1.zip: 61%
2/5/2025, 6:15:23 PM GMT+1 [Modules] Streaming discord_erlpack@1 to /home/arch/.config/discord/0.0.84/modules/pending/discord_erlpack-1.zip: 62%
2/5/2025, 6:15:23 PM GMT+1 [Modules] Streaming discord_erlpack@1 to /home/arch/.config/discord/0.0.84/modules/pending/discord_erlpack-1.zip: 63%
2/5/2025, 6:15:23 PM GMT+1 [Modules] Streaming discord_erlpack@1 to /home/arch/.config/discord/0.0.84/modules/pending/discord_erlpack-1.zip: 64%
2/5/2025, 6:15:23 PM GMT+1 [Modules] Streaming discord_erlpack@1 to /home/arch/.config/discord/0.0.84/modules/pending/discord_erlpack-1.zip: 65%
2/5/2025, 6:15:23 PM GMT+1 [Modules] Streaming discord_erlpack@1 to /home/arch/.config/discord/0.0.84/modules/pending/discord_erlpack-1.zip: 66%
2/5/2025, 6:15:23 PM GMT+1 [Modules] Streaming discord_erlpack@1 to /home/arch/.config/discord/0.0.84/modules/pending/discord_erlpack-1.zip: 67%
2/5/2025, 6:15:23 PM GMT+1 [Modules] Streaming discord_erlpack@1 to /home/arch/.config/discord/0.0.84/modules/pending/discord_erlpack-1.zip: 68%
2/5/2025, 6:15:23 PM GMT+1 [Modules] Streaming discord_erlpack@1 to /home/arch/.config/discord/0.0.84/modules/pending/discord_erlpack-1.zip: 69%
2/5/2025, 6:15:23 PM GMT+1 [Modules] Streaming discord_erlpack@1 to /home/arch/.config/discord/0.0.84/modules/pending/discord_erlpack-1.zip: 70%
2/5/2025, 6:15:23 PM GMT+1 [Modules] Streaming discord_erlpack@1 to /home/arch/.config/discord/0.0.84/modules/pending/discord_erlpack-1.zip: 71%
2/5/2025, 6:15:23 PM GMT+1 [Modules] Streaming discord_erlpack@1 to /home/arch/.config/discord/0.0.84/modules/pending/discord_erlpack-1.zip: 72%
2/5/2025, 6:15:23 PM GMT+1 [Modules] Streaming discord_erlpack@1 to /home/arch/.config/discord/0.0.84/modules/pending/discord_erlpack-1.zip: 73%
2/5/2025, 6:15:23 PM GMT+1 [Modules] Streaming discord_erlpack@1 to /home/arch/.config/discord/0.0.84/modules/pending/discord_erlpack-1.zip: 74%
2/5/2025, 6:15:23 PM GMT+1 [Modules] Streaming discord_erlpack@1 to /home/arch/.config/discord/0.0.84/modules/pending/discord_erlpack-1.zip: 75%
2/5/2025, 6:15:23 PM GMT+1 [Modules] Streaming discord_erlpack@1 to /home/arch/.config/discord/0.0.84/modules/pending/discord_erlpack-1.zip: 76%
2/5/2025, 6:15:23 PM GMT+1 [Modules] Streaming discord_erlpack@1 to /home/arch/.config/discord/0.0.84/modules/pending/discord_erlpack-1.zip: 77%
2/5/2025, 6:15:23 PM GMT+1 [Modules] Streaming discord_erlpack@1 to /home/arch/.config/discord/0.0.84/modules/pending/discord_erlpack-1.zip: 78%
2/5/2025, 6:15:23 PM GMT+1 [Modules] Streaming discord_erlpack@1 to /home/arch/.config/discord/0.0.84/modules/pending/discord_erlpack-1.zip: 79%
2/5/2025, 6:15:23 PM GMT+1 [Modules] Streaming discord_erlpack@1 to /home/arch/.config/discord/0.0.84/modules/pending/discord_erlpack-1.zip: 80%
2/5/2025, 6:15:23 PM GMT+1 [Modules] Streaming discord_erlpack@1 to /home/arch/.config/discord/0.0.84/modules/pending/discord_erlpack-1.zip: 81%
2/5/2025, 6:15:23 PM GMT+1 [Modules] Streaming discord_erlpack@1 to /home/arch/.config/discord/0.0.84/modules/pending/discord_erlpack-1.zip: 82%
2/5/2025, 6:15:23 PM GMT+1 [Modules] Streaming discord_erlpack@1 to /home/arch/.config/discord/0.0.84/modules/pending/discord_erlpack-1.zip: 83%
2/5/2025, 6:15:23 PM GMT+1 [Modules] Streaming discord_erlpack@1 to /home/arch/.config/discord/0.0.84/modules/pending/discord_erlpack-1.zip: 84%
2/5/2025, 6:15:23 PM GMT+1 [Modules] Streaming discord_erlpack@1 to /home/arch/.config/discord/0.0.84/modules/pending/discord_erlpack-1.zip: 85%
2/5/2025, 6:15:23 PM GMT+1 [Modules] Streaming discord_erlpack@1 to /home/arch/.config/discord/0.0.84/modules/pending/discord_erlpack-1.zip: 86%
2/5/2025, 6:15:23 PM GMT+1 [Modules] Streaming discord_erlpack@1 to /home/arch/.config/discord/0.0.84/modules/pending/discord_erlpack-1.zip: 87%
2/5/2025, 6:15:23 PM GMT+1 [Modules] Streaming discord_erlpack@1 to /home/arch/.config/discord/0.0.84/modules/pending/discord_erlpack-1.zip: 88%
2/5/2025, 6:15:23 PM GMT+1 [Modules] Streaming discord_erlpack@1 to /home/arch/.config/discord/0.0.84/modules/pending/discord_erlpack-1.zip: 89%
2/5/2025, 6:15:23 PM GMT+1 [Modules] Streaming discord_erlpack@1 to /home/arch/.config/discord/0.0.84/modules/pending/discord_erlpack-1.zip: 90%
2/5/2025, 6:15:23 PM GMT+1 [Modules] Streaming discord_erlpack@1 to /home/arch/.config/discord/0.0.84/modules/pending/discord_erlpack-1.zip: 91%
2/5/2025, 6:15:23 PM GMT+1 [Modules] Streaming discord_erlpack@1 to /home/arch/.config/discord/0.0.84/modules/pending/discord_erlpack-1.zip: 92%
2/5/2025, 6:15:23 PM GMT+1 [Modules] Streaming discord_erlpack@1 to /home/arch/.config/discord/0.0.84/modules/pending/discord_erlpack-1.zip: 93%
2/5/2025, 6:15:23 PM GMT+1 [Modules] Streaming discord_erlpack@1 to /home/arch/.config/discord/0.0.84/modules/pending/discord_erlpack-1.zip: 94%
2/5/2025, 6:15:23 PM GMT+1 [Modules] Streaming discord_erlpack@1 to /home/arch/.config/discord/0.0.84/modules/pending/discord_erlpack-1.zip: 95%
2/5/2025, 6:15:23 PM GMT+1 [Modules] Streaming discord_erlpack@1 to /home/arch/.config/discord/0.0.84/modules/pending/discord_erlpack-1.zip: 96%
2/5/2025, 6:15:23 PM GMT+1 [Modules] Streaming discord_erlpack@1 to /home/arch/.config/discord/0.0.84/modules/pending/discord_erlpack-1.zip: 97%
2/5/2025, 6:15:23 PM GMT+1 [Modules] Streaming discord_erlpack@1 to /home/arch/.config/discord/0.0.84/modules/pending/discord_erlpack-1.zip: 98%
2/5/2025, 6:15:23 PM GMT+1 [Modules] Streaming discord_erlpack@1 to /home/arch/.config/discord/0.0.84/modules/pending/discord_erlpack-1.zip: 99%
2/5/2025, 6:15:23 PM GMT+1 [Modules] Streaming discord_erlpack@1 to /home/arch/.config/discord/0.0.84/modules/pending/discord_erlpack-1.zip: 100%
2/5/2025, 6:15:23 PM GMT+1 [Modules] Fetching discord_spellcheck@1 from https://discord.com/api/modules/stable/discord_spellcheck/1
2/5/2025, 6:15:23 PM GMT+1 [Modules] Streaming discord_spellcheck@1 to /home/arch/.config/discord/0.0.84/modules/pending/discord_spellcheck-1.zip
2/5/2025, 6:15:23 PM GMT+1 [Modules] Streaming discord_spellcheck@1 to /home/arch/.config/discord/0.0.84/modules/pending/discord_spellcheck-1.zip: 1%
2/5/2025, 6:15:23 PM GMT+1 [Modules] Streaming discord_spellcheck@1 to /home/arch/.config/discord/0.0.84/modules/pending/discord_spellcheck-1.zip: 2%
2/5/2025, 6:15:23 PM GMT+1 [Modules] Streaming discord_spellcheck@1 to /home/arch/.config/discord/0.0.84/modules/pending/discord_spellcheck-1.zip: 3%
2/5/2025, 6:15:23 PM GMT+1 [Modules] Streaming discord_spellcheck@1 to /home/arch/.config/discord/0.0.84/modules/pending/discord_spellcheck-1.zip: 4%
2/5/2025, 6:15:23 PM GMT+1 [Modules] Streaming discord_spellcheck@1 to /home/arch/.config/discord/0.0.84/modules/pending/discord_spellcheck-1.zip: 5%
2/5/2025, 6:15:23 PM GMT+1 [Modules] Streaming discord_spellcheck@1 to /home/arch/.config/discord/0.0.84/modules/pending/discord_spellcheck-1.zip: 6%
2/5/2025, 6:15:23 PM GMT+1 [Modules] Streaming discord_spellcheck@1 to /home/arch/.config/discord/0.0.84/modules/pending/discord_spellcheck-1.zip: 7%
2/5/2025, 6:15:23 PM GMT+1 [Modules] Streaming discord_spellcheck@1 to /home/arch/.config/discord/0.0.84/modules/pending/discord_spellcheck-1.zip: 8%
2/5/2025, 6:15:23 PM GMT+1 [Modules] Streaming discord_spellcheck@1 to /home/arch/.config/discord/0.0.84/modules/pending/discord_spellcheck-1.zip: 9%
2/5/2025, 6:15:23 PM GMT+1 [Modules] Streaming discord_spellcheck@1 to /home/arch/.config/discord/0.0.84/modules/pending/discord_spellcheck-1.zip: 10%
2/5/2025, 6:15:23 PM GMT+1 [Modules] Streaming discord_spellcheck@1 to /home/arch/.config/discord/0.0.84/modules/pending/discord_spellcheck-1.zip: 11%
2/5/2025, 6:15:23 PM GMT+1 [Modules] Streaming discord_spellcheck@1 to /home/arch/.config/discord/0.0.84/modules/pending/discord_spellcheck-1.zip: 12%
2/5/2025, 6:15:23 PM GMT+1 [Modules] Streaming discord_spellcheck@1 to /home/arch/.config/discord/0.0.84/modules/pending/discord_spellcheck-1.zip: 13%
2/5/2025, 6:15:23 PM GMT+1 [Modules] Streaming discord_spellcheck@1 to /home/arch/.config/discord/0.0.84/modules/pending/discord_spellcheck-1.zip: 14%
2/5/2025, 6:15:23 PM GMT+1 [Modules] Streaming discord_spellcheck@1 to /home/arch/.config/discord/0.0.84/modules/pending/discord_spellcheck-1.zip: 15%
2/5/2025, 6:15:23 PM GMT+1 [Modules] Streaming discord_spellcheck@1 to /home/arch/.config/discord/0.0.84/modules/pending/discord_spellcheck-1.zip: 16%
2/5/2025, 6:15:23 PM GMT+1 [Modules] Streaming discord_spellcheck@1 to /home/arch/.config/discord/0.0.84/modules/pending/discord_spellcheck-1.zip: 17%
2/5/2025, 6:15:23 PM GMT+1 [Modules] Streaming discord_spellcheck@1 to /home/arch/.config/discord/0.0.84/modules/pending/discord_spellcheck-1.zip: 18%
2/5/2025, 6:15:23 PM GMT+1 [Modules] Streaming discord_spellcheck@1 to /home/arch/.config/discord/0.0.84/modules/pending/discord_spellcheck-1.zip: 19%
2/5/2025, 6:15:23 PM GMT+1 [Modules] Streaming discord_spellcheck@1 to /home/arch/.config/discord/0.0.84/modules/pending/discord_spellcheck-1.zip: 20%
2/5/2025, 6:15:23 PM GMT+1 [Modules] Streaming discord_spellcheck@1 to /home/arch/.config/discord/0.0.84/modules/pending/discord_spellcheck-1.zip: 21%
2/5/2025, 6:15:23 PM GMT+1 [Modules] Streaming discord_spellcheck@1 to /home/arch/.config/discord/0.0.84/modules/pending/discord_spellcheck-1.zip: 22%
2/5/2025, 6:15:23 PM GMT+1 [Modules] Streaming discord_spellcheck@1 to /home/arch/.config/discord/0.0.84/modules/pending/discord_spellcheck-1.zip: 23%
2/5/2025, 6:15:23 PM GMT+1 [Modules] Streaming discord_spellcheck@1 to /home/arch/.config/discord/0.0.84/modules/pending/discord_spellcheck-1.zip: 24%
2/5/2025, 6:15:23 PM GMT+1 [Modules] Streaming discord_spellcheck@1 to /home/arch/.config/discord/0.0.84/modules/pending/discord_spellcheck-1.zip: 25%
2/5/2025, 6:15:23 PM GMT+1 [Modules] Streaming discord_spellcheck@1 to /home/arch/.config/discord/0.0.84/modules/pending/discord_spellcheck-1.zip: 26%
2/5/2025, 6:15:23 PM GMT+1 [Modules] Streaming discord_spellcheck@1 to /home/arch/.config/discord/0.0.84/modules/pending/discord_spellcheck-1.zip: 27%
2/5/2025, 6:15:23 PM GMT+1 [Modules] Streaming discord_spellcheck@1 to /home/arch/.config/discord/0.0.84/modules/pending/discord_spellcheck-1.zip: 28%
2/5/2025, 6:15:23 PM GMT+1 [Modules] Streaming discord_spellcheck@1 to /home/arch/.config/discord/0.0.84/modules/pending/discord_spellcheck-1.zip: 29%
2/5/2025, 6:15:23 PM GMT+1 [Modules] Streaming discord_spellcheck@1 to /home/arch/.config/discord/0.0.84/modules/pending/discord_spellcheck-1.zip: 30%
2/5/2025, 6:15:23 PM GMT+1 [Modules] Streaming discord_spellcheck@1 to /home/arch/.config/discord/0.0.84/modules/pending/discord_spellcheck-1.zip: 31%
2/5/2025, 6:15:23 PM GMT+1 [Modules] Streaming discord_spellcheck@1 to /home/arch/.config/discord/0.0.84/modules/pending/discord_spellcheck-1.zip: 32%
2/5/2025, 6:15:23 PM GMT+1 [Modules] Streaming discord_spellcheck@1 to /home/arch/.config/discord/0.0.84/modules/pending/discord_spellcheck-1.zip: 33%
2/5/2025, 6:15:23 PM GMT+1 [Modules] Streaming discord_spellcheck@1 to /home/arch/.config/discord/0.0.84/modules/pending/discord_spellcheck-1.zip: 34%
2/5/2025, 6:15:23 PM GMT+1 [Modules] Streaming discord_spellcheck@1 to /home/arch/.config/discord/0.0.84/modules/pending/discord_spellcheck-1.zip: 35%
2/5/2025, 6:15:23 PM GMT+1 [Modules] Streaming discord_spellcheck@1 to /home/arch/.config/discord/0.0.84/modules/pending/discord_spellcheck-1.zip: 36%
2/5/2025, 6:15:23 PM GMT+1 [Modules] Streaming discord_spellcheck@1 to /home/arch/.config/discord/0.0.84/modules/pending/discord_spellcheck-1.zip: 37%
2/5/2025, 6:15:23 PM GMT+1 [Modules] Streaming discord_spellcheck@1 to /home/arch/.config/discord/0.0.84/modules/pending/discord_spellcheck-1.zip: 38%
2/5/2025, 6:15:23 PM GMT+1 [Modules] Streaming discord_spellcheck@1 to /home/arch/.config/discord/0.0.84/modules/pending/discord_spellcheck-1.zip: 39%
2/5/2025, 6:15:23 PM GMT+1 [Modules] Streaming discord_spellcheck@1 to /home/arch/.config/discord/0.0.84/modules/pending/discord_spellcheck-1.zip: 40%
2/5/2025, 6:15:23 PM GMT+1 [Modules] Streaming discord_spellcheck@1 to /home/arch/.config/discord/0.0.84/modules/pending/discord_spellcheck-1.zip: 41%
2/5/2025, 6:15:23 PM GMT+1 [Modules] Streaming discord_spellcheck@1 to /home/arch/.config/discord/0.0.84/modules/pending/discord_spellcheck-1.zip: 42%
2/5/2025, 6:15:23 PM GMT+1 [Modules] Streaming discord_spellcheck@1 to /home/arch/.config/discord/0.0.84/modules/pending/discord_spellcheck-1.zip: 43%
2/5/2025, 6:15:23 PM GMT+1 [Modules] Streaming discord_spellcheck@1 to /home/arch/.config/discord/0.0.84/modules/pending/discord_spellcheck-1.zip: 44%
2/5/2025, 6:15:23 PM GMT+1 [Modules] Streaming discord_spellcheck@1 to /home/arch/.config/discord/0.0.84/modules/pending/discord_spellcheck-1.zip: 45%
2/5/2025, 6:15:23 PM GMT+1 [Modules] Streaming discord_spellcheck@1 to /home/arch/.config/discord/0.0.84/modules/pending/discord_spellcheck-1.zip: 46%
2/5/2025, 6:15:23 PM GMT+1 [Modules] Streaming discord_spellcheck@1 to /home/arch/.config/discord/0.0.84/modules/pending/discord_spellcheck-1.zip: 47%
2/5/2025, 6:15:23 PM GMT+1 [Modules] Streaming discord_spellcheck@1 to /home/arch/.config/discord/0.0.84/modules/pending/discord_spellcheck-1.zip: 48%
2/5/2025, 6:15:23 PM GMT+1 [Modules] Streaming discord_spellcheck@1 to /home/arch/.config/discord/0.0.84/modules/pending/discord_spellcheck-1.zip: 49%
2/5/2025, 6:15:23 PM GMT+1 [Modules] Streaming discord_spellcheck@1 to /home/arch/.config/discord/0.0.84/modules/pending/discord_spellcheck-1.zip: 50%
2/5/2025, 6:15:24 PM GMT+1 [Modules] Streaming discord_spellcheck@1 to /home/arch/.config/discord/0.0.84/modules/pending/discord_spellcheck-1.zip: 51%
2/5/2025, 6:15:24 PM GMT+1 [Modules] Streaming discord_spellcheck@1 to /home/arch/.config/discord/0.0.84/modules/pending/discord_spellcheck-1.zip: 52%
2/5/2025, 6:15:24 PM GMT+1 [Modules] Streaming discord_spellcheck@1 to /home/arch/.config/discord/0.0.84/modules/pending/discord_spellcheck-1.zip: 53%
2/5/2025, 6:15:24 PM GMT+1 [Modules] Streaming discord_spellcheck@1 to /home/arch/.config/discord/0.0.84/modules/pending/discord_spellcheck-1.zip: 54%
2/5/2025, 6:15:24 PM GMT+1 [Modules] Streaming discord_spellcheck@1 to /home/arch/.config/discord/0.0.84/modules/pending/discord_spellcheck-1.zip: 55%
2/5/2025, 6:15:24 PM GMT+1 [Modules] Streaming discord_spellcheck@1 to /home/arch/.config/discord/0.0.84/modules/pending/discord_spellcheck-1.zip: 56%
2/5/2025, 6:15:24 PM GMT+1 [Modules] Streaming discord_spellcheck@1 to /home/arch/.config/discord/0.0.84/modules/pending/discord_spellcheck-1.zip: 57%
2/5/2025, 6:15:24 PM GMT+1 [Modules] Streaming discord_spellcheck@1 to /home/arch/.config/discord/0.0.84/modules/pending/discord_spellcheck-1.zip: 58%
2/5/2025, 6:15:24 PM GMT+1 [Modules] Streaming discord_spellcheck@1 to /home/arch/.config/discord/0.0.84/modules/pending/discord_spellcheck-1.zip: 59%
2/5/2025, 6:15:24 PM GMT+1 [Modules] Streaming discord_spellcheck@1 to /home/arch/.config/discord/0.0.84/modules/pending/discord_spellcheck-1.zip: 60%
2/5/2025, 6:15:24 PM GMT+1 [Modules] Streaming discord_spellcheck@1 to /home/arch/.config/discord/0.0.84/modules/pending/discord_spellcheck-1.zip: 61%
2/5/2025, 6:15:24 PM GMT+1 [Modules] Streaming discord_spellcheck@1 to /home/arch/.config/discord/0.0.84/modules/pending/discord_spellcheck-1.zip: 62%
2/5/2025, 6:15:24 PM GMT+1 [Modules] Streaming discord_spellcheck@1 to /home/arch/.config/discord/0.0.84/modules/pending/discord_spellcheck-1.zip: 63%
2/5/2025, 6:15:24 PM GMT+1 [Modules] Streaming discord_spellcheck@1 to /home/arch/.config/discord/0.0.84/modules/pending/discord_spellcheck-1.zip: 64%
2/5/2025, 6:15:24 PM GMT+1 [Modules] Streaming discord_spellcheck@1 to /home/arch/.config/discord/0.0.84/modules/pending/discord_spellcheck-1.zip: 65%
2/5/2025, 6:15:24 PM GMT+1 [Modules] Streaming discord_spellcheck@1 to /home/arch/.config/discord/0.0.84/modules/pending/discord_spellcheck-1.zip: 66%
2/5/2025, 6:15:24 PM GMT+1 [Modules] Streaming discord_spellcheck@1 to /home/arch/.config/discord/0.0.84/modules/pending/discord_spellcheck-1.zip: 67%
2/5/2025, 6:15:24 PM GMT+1 [Modules] Streaming discord_spellcheck@1 to /home/arch/.config/discord/0.0.84/modules/pending/discord_spellcheck-1.zip: 68%
2/5/2025, 6:15:24 PM GMT+1 [Modules] Streaming discord_spellcheck@1 to /home/arch/.config/discord/0.0.84/modules/pending/discord_spellcheck-1.zip: 69%
2/5/2025, 6:15:24 PM GMT+1 [Modules] Streaming discord_spellcheck@1 to /home/arch/.config/discord/0.0.84/modules/pending/discord_spellcheck-1.zip: 70%
2/5/2025, 6:15:24 PM GMT+1 [Modules] Streaming discord_spellcheck@1 to /home/arch/.config/discord/0.0.84/modules/pending/discord_spellcheck-1.zip: 71%
2/5/2025, 6:15:24 PM GMT+1 [Modules] Streaming discord_spellcheck@1 to /home/arch/.config/discord/0.0.84/modules/pending/discord_spellcheck-1.zip: 72%
2/5/2025, 6:15:24 PM GMT+1 [Modules] Streaming discord_spellcheck@1 to /home/arch/.config/discord/0.0.84/modules/pending/discord_spellcheck-1.zip: 73%
2/5/2025, 6:15:24 PM GMT+1 [Modules] Streaming discord_spellcheck@1 to /home/arch/.config/discord/0.0.84/modules/pending/discord_spellcheck-1.zip: 74%
2/5/2025, 6:15:24 PM GMT+1 [Modules] Streaming discord_spellcheck@1 to /home/arch/.config/discord/0.0.84/modules/pending/discord_spellcheck-1.zip: 75%
2/5/2025, 6:15:24 PM GMT+1 [Modules] Streaming discord_spellcheck@1 to /home/arch/.config/discord/0.0.84/modules/pending/discord_spellcheck-1.zip: 76%
2/5/2025, 6:15:24 PM GMT+1 [Modules] Streaming discord_spellcheck@1 to /home/arch/.config/discord/0.0.84/modules/pending/discord_spellcheck-1.zip: 77%
2/5/2025, 6:15:24 PM GMT+1 [Modules] Streaming discord_spellcheck@1 to /home/arch/.config/discord/0.0.84/modules/pending/discord_spellcheck-1.zip: 78%
2/5/2025, 6:15:24 PM GMT+1 [Modules] Streaming discord_spellcheck@1 to /home/arch/.config/discord/0.0.84/modules/pending/discord_spellcheck-1.zip: 79%
2/5/2025, 6:15:24 PM GMT+1 [Modules] Streaming discord_spellcheck@1 to /home/arch/.config/discord/0.0.84/modules/pending/discord_spellcheck-1.zip: 80%
2/5/2025, 6:15:24 PM GMT+1 [Modules] Streaming discord_spellcheck@1 to /home/arch/.config/discord/0.0.84/modules/pending/discord_spellcheck-1.zip: 81%
2/5/2025, 6:15:24 PM GMT+1 [Modules] Streaming discord_spellcheck@1 to /home/arch/.config/discord/0.0.84/modules/pending/discord_spellcheck-1.zip: 82%
2/5/2025, 6:15:24 PM GMT+1 [Modules] Streaming discord_spellcheck@1 to /home/arch/.config/discord/0.0.84/modules/pending/discord_spellcheck-1.zip: 83%
2/5/2025, 6:15:24 PM GMT+1 [Modules] Streaming discord_spellcheck@1 to /home/arch/.config/discord/0.0.84/modules/pending/discord_spellcheck-1.zip: 84%
2/5/2025, 6:15:24 PM GMT+1 [Modules] Streaming discord_spellcheck@1 to /home/arch/.config/discord/0.0.84/modules/pending/discord_spellcheck-1.zip: 85%
2/5/2025, 6:15:24 PM GMT+1 [Modules] Streaming discord_spellcheck@1 to /home/arch/.config/discord/0.0.84/modules/pending/discord_spellcheck-1.zip: 86%
2/5/2025, 6:15:24 PM GMT+1 [Modules] Streaming discord_spellcheck@1 to /home/arch/.config/discord/0.0.84/modules/pending/discord_spellcheck-1.zip: 87%
2/5/2025, 6:15:24 PM GMT+1 [Modules] Streaming discord_spellcheck@1 to /home/arch/.config/discord/0.0.84/modules/pending/discord_spellcheck-1.zip: 88%
2/5/2025, 6:15:24 PM GMT+1 [Modules] Streaming discord_spellcheck@1 to /home/arch/.config/discord/0.0.84/modules/pending/discord_spellcheck-1.zip: 89%
2/5/2025, 6:15:24 PM GMT+1 [Modules] Streaming discord_spellcheck@1 to /home/arch/.config/discord/0.0.84/modules/pending/discord_spellcheck-1.zip: 90%
2/5/2025, 6:15:24 PM GMT+1 [Modules] Streaming discord_spellcheck@1 to /home/arch/.config/discord/0.0.84/modules/pending/discord_spellcheck-1.zip: 91%
2/5/2025, 6:15:24 PM GMT+1 [Modules] Streaming discord_spellcheck@1 to /home/arch/.config/discord/0.0.84/modules/pending/discord_spellcheck-1.zip: 92%
2/5/2025, 6:15:24 PM GMT+1 [Modules] Streaming discord_spellcheck@1 to /home/arch/.config/discord/0.0.84/modules/pending/discord_spellcheck-1.zip: 93%
2/5/2025, 6:15:24 PM GMT+1 [Modules] Streaming discord_spellcheck@1 to /home/arch/.config/discord/0.0.84/modules/pending/discord_spellcheck-1.zip: 94%
2/5/2025, 6:15:24 PM GMT+1 [Modules] Streaming discord_spellcheck@1 to /home/arch/.config/discord/0.0.84/modules/pending/discord_spellcheck-1.zip: 95%
2/5/2025, 6:15:24 PM GMT+1 [Modules] Streaming discord_spellcheck@1 to /home/arch/.config/discord/0.0.84/modules/pending/discord_spellcheck-1.zip: 96%
2/5/2025, 6:15:24 PM GMT+1 [Modules] Streaming discord_spellcheck@1 to /home/arch/.config/discord/0.0.84/modules/pending/discord_spellcheck-1.zip: 97%
2/5/2025, 6:15:24 PM GMT+1 [Modules] Streaming discord_spellcheck@1 to /home/arch/.config/discord/0.0.84/modules/pending/discord_spellcheck-1.zip: 98%
2/5/2025, 6:15:24 PM GMT+1 [Modules] Streaming discord_spellcheck@1 to /home/arch/.config/discord/0.0.84/modules/pending/discord_spellcheck-1.zip: 99%
2/5/2025, 6:15:24 PM GMT+1 [Modules] Streaming discord_spellcheck@1 to /home/arch/.config/discord/0.0.84/modules/pending/discord_spellcheck-1.zip: 100%
2/5/2025, 6:15:24 PM GMT+1 [Modules] Fetching discord_utils@1 from https://discord.com/api/modules/stable/discord_utils/1
2/5/2025, 6:15:24 PM GMT+1 [Modules] Streaming discord_utils@1 to /home/arch/.config/discord/0.0.84/modules/pending/discord_utils-1.zip
2/5/2025, 6:15:24 PM GMT+1 [Modules] Streaming discord_utils@1 to /home/arch/.config/discord/0.0.84/modules/pending/discord_utils-1.zip: 1%
2/5/2025, 6:15:24 PM GMT+1 [Modules] Streaming discord_utils@1 to /home/arch/.config/discord/0.0.84/modules/pending/discord_utils-1.zip: 2%
2/5/2025, 6:15:24 PM GMT+1 [Modules] Streaming discord_utils@1 to /home/arch/.config/discord/0.0.84/modules/pending/discord_utils-1.zip: 3%
2/5/2025, 6:15:24 PM GMT+1 [Modules] Streaming discord_utils@1 to /home/arch/.config/discord/0.0.84/modules/pending/discord_utils-1.zip: 4%
2/5/2025, 6:15:24 PM GMT+1 [Modules] Streaming discord_utils@1 to /home/arch/.config/discord/0.0.84/modules/pending/discord_utils-1.zip: 5%
2/5/2025, 6:15:24 PM GMT+1 [Modules] Streaming discord_utils@1 to /home/arch/.config/discord/0.0.84/modules/pending/discord_utils-1.zip: 6%
2/5/2025, 6:15:24 PM GMT+1 [Modules] Streaming discord_utils@1 to /home/arch/.config/discord/0.0.84/modules/pending/discord_utils-1.zip: 7%
2/5/2025, 6:15:24 PM GMT+1 [Modules] Streaming discord_utils@1 to /home/arch/.config/discord/0.0.84/modules/pending/discord_utils-1.zip: 8%
2/5/2025, 6:15:24 PM GMT+1 [Modules] Streaming discord_utils@1 to /home/arch/.config/discord/0.0.84/modules/pending/discord_utils-1.zip: 9%
2/5/2025, 6:15:24 PM GMT+1 [Modules] Streaming discord_utils@1 to /home/arch/.config/discord/0.0.84/modules/pending/discord_utils-1.zip: 10%
2/5/2025, 6:15:24 PM GMT+1 [Modules] Streaming discord_utils@1 to /home/arch/.config/discord/0.0.84/modules/pending/discord_utils-1.zip: 11%
2/5/2025, 6:15:24 PM GMT+1 [Modules] Streaming discord_utils@1 to /home/arch/.config/discord/0.0.84/modules/pending/discord_utils-1.zip: 12%
2/5/2025, 6:15:24 PM GMT+1 [Modules] Streaming discord_utils@1 to /home/arch/.config/discord/0.0.84/modules/pending/discord_utils-1.zip: 13%
2/5/2025, 6:15:24 PM GMT+1 [Modules] Streaming discord_utils@1 to /home/arch/.config/discord/0.0.84/modules/pending/discord_utils-1.zip: 14%
2/5/2025, 6:15:24 PM GMT+1 [Modules] Streaming discord_utils@1 to /home/arch/.config/discord/0.0.84/modules/pending/discord_utils-1.zip: 15%
2/5/2025, 6:15:24 PM GMT+1 [Modules] Streaming discord_utils@1 to /home/arch/.config/discord/0.0.84/modules/pending/discord_utils-1.zip: 16%
2/5/2025, 6:15:24 PM GMT+1 [Modules] Streaming discord_utils@1 to /home/arch/.config/discord/0.0.84/modules/pending/discord_utils-1.zip: 17%
2/5/2025, 6:15:24 PM GMT+1 [Modules] Streaming discord_utils@1 to /home/arch/.config/discord/0.0.84/modules/pending/discord_utils-1.zip: 18%
2/5/2025, 6:15:24 PM GMT+1 [Modules] Streaming discord_utils@1 to /home/arch/.config/discord/0.0.84/modules/pending/discord_utils-1.zip: 19%
2/5/2025, 6:15:24 PM GMT+1 [Modules] Streaming discord_utils@1 to /home/arch/.config/discord/0.0.84/modules/pending/discord_utils-1.zip: 20%
2/5/2025, 6:15:24 PM GMT+1 [Modules] Streaming discord_utils@1 to /home/arch/.config/discord/0.0.84/modules/pending/discord_utils-1.zip: 21%
2/5/2025, 6:15:24 PM GMT+1 [Modules] Streaming discord_utils@1 to /home/arch/.config/discord/0.0.84/modules/pending/discord_utils-1.zip: 22%
2/5/2025, 6:15:24 PM GMT+1 [Modules] Streaming discord_utils@1 to /home/arch/.config/discord/0.0.84/modules/pending/discord_utils-1.zip: 23%
2/5/2025, 6:15:24 PM GMT+1 [Modules] Streaming discord_utils@1 to /home/arch/.config/discord/0.0.84/modules/pending/discord_utils-1.zip: 24%
2/5/2025, 6:15:24 PM GMT+1 [Modules] Streaming discord_utils@1 to /home/arch/.config/discord/0.0.84/modules/pending/discord_utils-1.zip: 25%
2/5/2025, 6:15:24 PM GMT+1 [Modules] Streaming discord_utils@1 to /home/arch/.config/discord/0.0.84/modules/pending/discord_utils-1.zip: 26%
2/5/2025, 6:15:24 PM GMT+1 [Modules] Streaming discord_utils@1 to /home/arch/.config/discord/0.0.84/modules/pending/discord_utils-1.zip: 27%
2/5/2025, 6:15:24 PM GMT+1 [Modules] Streaming discord_utils@1 to /home/arch/.config/discord/0.0.84/modules/pending/discord_utils-1.zip: 28%
2/5/2025, 6:15:24 PM GMT+1 [Modules] Streaming discord_utils@1 to /home/arch/.config/discord/0.0.84/modules/pending/discord_utils-1.zip: 29%
2/5/2025, 6:15:24 PM GMT+1 [Modules] Streaming discord_utils@1 to /home/arch/.config/discord/0.0.84/modules/pending/discord_utils-1.zip: 30%
2/5/2025, 6:15:24 PM GMT+1 [Modules] Streaming discord_utils@1 to /home/arch/.config/discord/0.0.84/modules/pending/discord_utils-1.zip: 31%
2/5/2025, 6:15:24 PM GMT+1 [Modules] Streaming discord_utils@1 to /home/arch/.config/discord/0.0.84/modules/pending/discord_utils-1.zip: 32%
2/5/2025, 6:15:24 PM GMT+1 [Modules] Streaming discord_utils@1 to /home/arch/.config/discord/0.0.84/modules/pending/discord_utils-1.zip: 33%
2/5/2025, 6:15:24 PM GMT+1 [Modules] Streaming discord_utils@1 to /home/arch/.config/discord/0.0.84/modules/pending/discord_utils-1.zip: 34%
2/5/2025, 6:15:24 PM GMT+1 [Modules] Streaming discord_utils@1 to /home/arch/.config/discord/0.0.84/modules/pending/discord_utils-1.zip: 35%
2/5/2025, 6:15:24 PM GMT+1 [Modules] Streaming discord_utils@1 to /home/arch/.config/discord/0.0.84/modules/pending/discord_utils-1.zip: 36%
2/5/2025, 6:15:24 PM GMT+1 [Modules] Streaming discord_utils@1 to /home/arch/.config/discord/0.0.84/modules/pending/discord_utils-1.zip: 37%
2/5/2025, 6:15:24 PM GMT+1 [Modules] Streaming discord_utils@1 to /home/arch/.config/discord/0.0.84/modules/pending/discord_utils-1.zip: 38%
2/5/2025, 6:15:24 PM GMT+1 [Modules] Streaming discord_utils@1 to /home/arch/.config/discord/0.0.84/modules/pending/discord_utils-1.zip: 39%
2/5/2025, 6:15:24 PM GMT+1 [Modules] Streaming discord_utils@1 to /home/arch/.config/discord/0.0.84/modules/pending/discord_utils-1.zip: 40%
2/5/2025, 6:15:24 PM GMT+1 [Modules] Streaming discord_utils@1 to /home/arch/.config/discord/0.0.84/modules/pending/discord_utils-1.zip: 41%
2/5/2025, 6:15:24 PM GMT+1 [Modules] Streaming discord_utils@1 to /home/arch/.config/discord/0.0.84/modules/pending/discord_utils-1.zip: 42%
2/5/2025, 6:15:24 PM GMT+1 [Modules] Streaming discord_utils@1 to /home/arch/.config/discord/0.0.84/modules/pending/discord_utils-1.zip: 43%
2/5/2025, 6:15:24 PM GMT+1 [Modules] Streaming discord_utils@1 to /home/arch/.config/discord/0.0.84/modules/pending/discord_utils-1.zip: 44%
2/5/2025, 6:15:24 PM GMT+1 [Modules] Streaming discord_utils@1 to /home/arch/.config/discord/0.0.84/modules/pending/discord_utils-1.zip: 45%
2/5/2025, 6:15:24 PM GMT+1 [Modules] Streaming discord_utils@1 to /home/arch/.config/discord/0.0.84/modules/pending/discord_utils-1.zip: 46%
2/5/2025, 6:15:24 PM GMT+1 [Modules] Streaming discord_utils@1 to /home/arch/.config/discord/0.0.84/modules/pending/discord_utils-1.zip: 47%
2/5/2025, 6:15:24 PM GMT+1 [Modules] Streaming discord_utils@1 to /home/arch/.config/discord/0.0.84/modules/pending/discord_utils-1.zip: 48%
2/5/2025, 6:15:24 PM GMT+1 [Modules] Streaming discord_utils@1 to /home/arch/.config/discord/0.0.84/modules/pending/discord_utils-1.zip: 49%
2/5/2025, 6:15:24 PM GMT+1 [Modules] Streaming discord_utils@1 to /home/arch/.config/discord/0.0.84/modules/pending/discord_utils-1.zip: 50%
2/5/2025, 6:15:24 PM GMT+1 [Modules] Streaming discord_utils@1 to /home/arch/.config/discord/0.0.84/modules/pending/discord_utils-1.zip: 51%
2/5/2025, 6:15:24 PM GMT+1 [Modules] Streaming discord_utils@1 to /home/arch/.config/discord/0.0.84/modules/pending/discord_utils-1.zip: 52%
2/5/2025, 6:15:24 PM GMT+1 [Modules] Streaming discord_utils@1 to /home/arch/.config/discord/0.0.84/modules/pending/discord_utils-1.zip: 53%
2/5/2025, 6:15:24 PM GMT+1 [Modules] Streaming discord_utils@1 to /home/arch/.config/discord/0.0.84/modules/pending/discord_utils-1.zip: 54%
2/5/2025, 6:15:24 PM GMT+1 [Modules] Streaming discord_utils@1 to /home/arch/.config/discord/0.0.84/modules/pending/discord_utils-1.zip: 55%
2/5/2025, 6:15:24 PM GMT+1 [Modules] Streaming discord_utils@1 to /home/arch/.config/discord/0.0.84/modules/pending/discord_utils-1.zip: 56%
2/5/2025, 6:15:24 PM GMT+1 [Modules] Streaming discord_utils@1 to /home/arch/.config/discord/0.0.84/modules/pending/discord_utils-1.zip: 57%
2/5/2025, 6:15:24 PM GMT+1 [Modules] Streaming discord_utils@1 to /home/arch/.config/discord/0.0.84/modules/pending/discord_utils-1.zip: 58%
2/5/2025, 6:15:24 PM GMT+1 [Modules] Streaming discord_utils@1 to /home/arch/.config/discord/0.0.84/modules/pending/discord_utils-1.zip: 59%
2/5/2025, 6:15:24 PM GMT+1 [Modules] Streaming discord_utils@1 to /home/arch/.config/discord/0.0.84/modules/pending/discord_utils-1.zip: 60%
2/5/2025, 6:15:24 PM GMT+1 [Modules] Streaming discord_utils@1 to /home/arch/.config/discord/0.0.84/modules/pending/discord_utils-1.zip: 61%
2/5/2025, 6:15:24 PM GMT+1 [Modules] Streaming discord_utils@1 to /home/arch/.config/discord/0.0.84/modules/pending/discord_utils-1.zip: 62%
2/5/2025, 6:15:24 PM GMT+1 [Modules] Streaming discord_utils@1 to /home/arch/.config/discord/0.0.84/modules/pending/discord_utils-1.zip: 63%
2/5/2025, 6:15:24 PM GMT+1 [Modules] Streaming discord_utils@1 to /home/arch/.config/discord/0.0.84/modules/pending/discord_utils-1.zip: 64%
2/5/2025, 6:15:24 PM GMT+1 [Modules] Streaming discord_utils@1 to /home/arch/.config/discord/0.0.84/modules/pending/discord_utils-1.zip: 65%
2/5/2025, 6:15:24 PM GMT+1 [Modules] Streaming discord_utils@1 to /home/arch/.config/discord/0.0.84/modules/pending/discord_utils-1.zip: 66%
2/5/2025, 6:15:24 PM GMT+1 [Modules] Streaming discord_utils@1 to /home/arch/.config/discord/0.0.84/modules/pending/discord_utils-1.zip: 67%
2/5/2025, 6:15:24 PM GMT+1 [Modules] Streaming discord_utils@1 to /home/arch/.config/discord/0.0.84/modules/pending/discord_utils-1.zip: 68%
2/5/2025, 6:15:24 PM GMT+1 [Modules] Streaming discord_utils@1 to /home/arch/.config/discord/0.0.84/modules/pending/discord_utils-1.zip: 69%
2/5/2025, 6:15:24 PM GMT+1 [Modules] Streaming discord_utils@1 to /home/arch/.config/discord/0.0.84/modules/pending/discord_utils-1.zip: 70%
2/5/2025, 6:15:24 PM GMT+1 [Modules] Streaming discord_utils@1 to /home/arch/.config/discord/0.0.84/modules/pending/discord_utils-1.zip: 71%
2/5/2025, 6:15:24 PM GMT+1 [Modules] Streaming discord_utils@1 to /home/arch/.config/discord/0.0.84/modules/pending/discord_utils-1.zip: 72%
2/5/2025, 6:15:24 PM GMT+1 [Modules] Streaming discord_utils@1 to /home/arch/.config/discord/0.0.84/modules/pending/discord_utils-1.zip: 73%
2/5/2025, 6:15:24 PM GMT+1 [Modules] Streaming discord_utils@1 to /home/arch/.config/discord/0.0.84/modules/pending/discord_utils-1.zip: 74%
2/5/2025, 6:15:24 PM GMT+1 [Modules] Streaming discord_utils@1 to /home/arch/.config/discord/0.0.84/modules/pending/discord_utils-1.zip: 75%
2/5/2025, 6:15:24 PM GMT+1 [Modules] Streaming discord_utils@1 to /home/arch/.config/discord/0.0.84/modules/pending/discord_utils-1.zip: 76%
2/5/2025, 6:15:24 PM GMT+1 [Modules] Streaming discord_utils@1 to /home/arch/.config/discord/0.0.84/modules/pending/discord_utils-1.zip: 77%
2/5/2025, 6:15:24 PM GMT+1 [Modules] Streaming discord_utils@1 to /home/arch/.config/discord/0.0.84/modules/pending/discord_utils-1.zip: 78%
2/5/2025, 6:15:24 PM GMT+1 [Modules] Streaming discord_utils@1 to /home/arch/.config/discord/0.0.84/modules/pending/discord_utils-1.zip: 79%
2/5/2025, 6:15:24 PM GMT+1 [Modules] Streaming discord_utils@1 to /home/arch/.config/discord/0.0.84/modules/pending/discord_utils-1.zip: 80%
2/5/2025, 6:15:24 PM GMT+1 [Modules] Streaming discord_utils@1 to /home/arch/.config/discord/0.0.84/modules/pending/discord_utils-1.zip: 81%
2/5/2025, 6:15:24 PM GMT+1 [Modules] Streaming discord_utils@1 to /home/arch/.config/discord/0.0.84/modules/pending/discord_utils-1.zip: 82%
2/5/2025, 6:15:24 PM GMT+1 [Modules] Streaming discord_utils@1 to /home/arch/.config/discord/0.0.84/modules/pending/discord_utils-1.zip: 83%
2/5/2025, 6:15:24 PM GMT+1 [Modules] Streaming discord_utils@1 to /home/arch/.config/discord/0.0.84/modules/pending/discord_utils-1.zip: 84%
2/5/2025, 6:15:24 PM GMT+1 [Modules] Streaming discord_utils@1 to /home/arch/.config/discord/0.0.84/modules/pending/discord_utils-1.zip: 85%
2/5/2025, 6:15:24 PM GMT+1 [Modules] Streaming discord_utils@1 to /home/arch/.config/discord/0.0.84/modules/pending/discord_utils-1.zip: 86%
2/5/2025, 6:15:24 PM GMT+1 [Modules] Streaming discord_utils@1 to /home/arch/.config/discord/0.0.84/modules/pending/discord_utils-1.zip: 87%
2/5/2025, 6:15:24 PM GMT+1 [Modules] Streaming discord_utils@1 to /home/arch/.config/discord/0.0.84/modules/pending/discord_utils-1.zip: 88%
2/5/2025, 6:15:24 PM GMT+1 [Modules] Streaming discord_utils@1 to /home/arch/.config/discord/0.0.84/modules/pending/discord_utils-1.zip: 89%
2/5/2025, 6:15:24 PM GMT+1 [Modules] Streaming discord_utils@1 to /home/arch/.config/discord/0.0.84/modules/pending/discord_utils-1.zip: 90%
2/5/2025, 6:15:24 PM GMT+1 [Modules] Streaming discord_utils@1 to /home/arch/.config/discord/0.0.84/modules/pending/discord_utils-1.zip: 91%
2/5/2025, 6:15:24 PM GMT+1 [Modules] Streaming discord_utils@1 to /home/arch/.config/discord/0.0.84/modules/pending/discord_utils-1.zip: 92%
2/5/2025, 6:15:24 PM GMT+1 [Modules] Streaming discord_utils@1 to /home/arch/.config/discord/0.0.84/modules/pending/discord_utils-1.zip: 93%
2/5/2025, 6:15:24 PM GMT+1 [Modules] Streaming discord_utils@1 to /home/arch/.config/discord/0.0.84/modules/pending/discord_utils-1.zip: 94%
2/5/2025, 6:15:24 PM GMT+1 [Modules] Streaming discord_utils@1 to /home/arch/.config/discord/0.0.84/modules/pending/discord_utils-1.zip: 95%
2/5/2025, 6:15:24 PM GMT+1 [Modules] Streaming discord_utils@1 to /home/arch/.config/discord/0.0.84/modules/pending/discord_utils-1.zip: 96%
2/5/2025, 6:15:24 PM GMT+1 [Modules] Streaming discord_utils@1 to /home/arch/.config/discord/0.0.84/modules/pending/discord_utils-1.zip: 97%
2/5/2025, 6:15:24 PM GMT+1 [Modules] Streaming discord_utils@1 to /home/arch/.config/discord/0.0.84/modules/pending/discord_utils-1.zip: 98%
2/5/2025, 6:15:24 PM GMT+1 [Modules] Streaming discord_utils@1 to /home/arch/.config/discord/0.0.84/modules/pending/discord_utils-1.zip: 99%
2/5/2025, 6:15:24 PM GMT+1 [Modules] Streaming discord_utils@1 to /home/arch/.config/discord/0.0.84/modules/pending/discord_utils-1.zip: 100%
2/5/2025, 6:15:24 PM GMT+1 [Modules] Fetching discord_voice@1 from https://discord.com/api/modules/stable/discord_voice/1
2/5/2025, 6:15:24 PM GMT+1 [Modules] Streaming discord_voice@1 to /home/arch/.config/discord/0.0.84/modules/pending/discord_voice-1.zip
2/5/2025, 6:15:25 PM GMT+1 [Modules] Streaming discord_voice@1 to /home/arch/.config/discord/0.0.84/modules/pending/discord_voice-1.zip: 1%
2/5/2025, 6:15:25 PM GMT+1 [Modules] Streaming discord_voice@1 to /home/arch/.config/discord/0.0.84/modules/pending/discord_voice-1.zip: 2%
2/5/2025, 6:15:25 PM GMT+1 [Modules] Streaming discord_voice@1 to /home/arch/.config/discord/0.0.84/modules/pending/discord_voice-1.zip: 3%
2/5/2025, 6:15:25 PM GMT+1 [Modules] Streaming discord_voice@1 to /home/arch/.config/discord/0.0.84/modules/pending/discord_voice-1.zip: 4%
2/5/2025, 6:15:25 PM GMT+1 [Modules] Streaming discord_voice@1 to /home/arch/.config/discord/0.0.84/modules/pending/discord_voice-1.zip: 5%
2/5/2025, 6:15:25 PM GMT+1 [Modules] Streaming discord_voice@1 to /home/arch/.config/discord/0.0.84/modules/pending/discord_voice-1.zip: 6%
2/5/2025, 6:15:25 PM GMT+1 [Modules] Streaming discord_voice@1 to /home/arch/.config/discord/0.0.84/modules/pending/discord_voice-1.zip: 7%
2/5/2025, 6:15:25 PM GMT+1 [Modules] Streaming discord_voice@1 to /home/arch/.config/discord/0.0.84/modules/pending/discord_voice-1.zip: 8%
2/5/2025, 6:15:25 PM GMT+1 [Modules] Streaming discord_voice@1 to /home/arch/.config/discord/0.0.84/modules/pending/discord_voice-1.zip: 9%
2/5/2025, 6:15:25 PM GMT+1 [Modules] Streaming discord_voice@1 to /home/arch/.config/discord/0.0.84/modules/pending/discord_voice-1.zip: 10%
2/5/2025, 6:15:25 PM GMT+1 [Modules] Streaming discord_voice@1 to /home/arch/.config/discord/0.0.84/modules/pending/discord_voice-1.zip: 11%
2/5/2025, 6:15:25 PM GMT+1 [Modules] Streaming discord_voice@1 to /home/arch/.config/discord/0.0.84/modules/pending/discord_voice-1.zip: 12%
2/5/2025, 6:15:25 PM GMT+1 [Modules] Streaming discord_voice@1 to /home/arch/.config/discord/0.0.84/modules/pending/discord_voice-1.zip: 13%
2/5/2025, 6:15:25 PM GMT+1 [Modules] Streaming discord_voice@1 to /home/arch/.config/discord/0.0.84/modules/pending/discord_voice-1.zip: 14%
2/5/2025, 6:15:25 PM GMT+1 [Modules] Streaming discord_voice@1 to /home/arch/.config/discord/0.0.84/modules/pending/discord_voice-1.zip: 15%
2/5/2025, 6:15:25 PM GMT+1 [Modules] Streaming discord_voice@1 to /home/arch/.config/discord/0.0.84/modules/pending/discord_voice-1.zip: 16%
2/5/2025, 6:15:25 PM GMT+1 [Modules] Streaming discord_voice@1 to /home/arch/.config/discord/0.0.84/modules/pending/discord_voice-1.zip: 17%
2/5/2025, 6:15:25 PM GMT+1 [Modules] Streaming discord_voice@1 to /home/arch/.config/discord/0.0.84/modules/pending/discord_voice-1.zip: 18%
2/5/2025, 6:15:25 PM GMT+1 [Modules] Streaming discord_voice@1 to /home/arch/.config/discord/0.0.84/modules/pending/discord_voice-1.zip: 19%
2/5/2025, 6:15:25 PM GMT+1 [Modules] Streaming discord_voice@1 to /home/arch/.config/discord/0.0.84/modules/pending/discord_voice-1.zip: 20%
2/5/2025, 6:15:25 PM GMT+1 [Modules] Streaming discord_voice@1 to /home/arch/.config/discord/0.0.84/modules/pending/discord_voice-1.zip: 21%
2/5/2025, 6:15:25 PM GMT+1 [Modules] Streaming discord_voice@1 to /home/arch/.config/discord/0.0.84/modules/pending/discord_voice-1.zip: 22%
2/5/2025, 6:15:25 PM GMT+1 [Modules] Streaming discord_voice@1 to /home/arch/.config/discord/0.0.84/modules/pending/discord_voice-1.zip: 23%
2/5/2025, 6:15:25 PM GMT+1 [Modules] Streaming discord_voice@1 to /home/arch/.config/discord/0.0.84/modules/pending/discord_voice-1.zip: 24%
2/5/2025, 6:15:25 PM GMT+1 [Modules] Streaming discord_voice@1 to /home/arch/.config/discord/0.0.84/modules/pending/discord_voice-1.zip: 25%
2/5/2025, 6:15:25 PM GMT+1 [Modules] Streaming discord_voice@1 to /home/arch/.config/discord/0.0.84/modules/pending/discord_voice-1.zip: 26%
2/5/2025, 6:15:25 PM GMT+1 [Modules] Streaming discord_voice@1 to /home/arch/.config/discord/0.0.84/modules/pending/discord_voice-1.zip: 27%
2/5/2025, 6:15:25 PM GMT+1 [Modules] Streaming discord_voice@1 to /home/arch/.config/discord/0.0.84/modules/pending/discord_voice-1.zip: 28%
2/5/2025, 6:15:25 PM GMT+1 [Modules] Streaming discord_voice@1 to /home/arch/.config/discord/0.0.84/modules/pending/discord_voice-1.zip: 29%
2/5/2025, 6:15:25 PM GMT+1 [Modules] Streaming discord_voice@1 to /home/arch/.config/discord/0.0.84/modules/pending/discord_voice-1.zip: 30%
2/5/2025, 6:15:25 PM GMT+1 [Modules] Streaming discord_voice@1 to /home/arch/.config/discord/0.0.84/modules/pending/discord_voice-1.zip: 31%
2/5/2025, 6:15:25 PM GMT+1 [Modules] Streaming discord_voice@1 to /home/arch/.config/discord/0.0.84/modules/pending/discord_voice-1.zip: 32%
2/5/2025, 6:15:25 PM GMT+1 [Modules] Streaming discord_voice@1 to /home/arch/.config/discord/0.0.84/modules/pending/discord_voice-1.zip: 33%
2/5/2025, 6:15:25 PM GMT+1 [Modules] Streaming discord_voice@1 to /home/arch/.config/discord/0.0.84/modules/pending/discord_voice-1.zip: 34%
2/5/2025, 6:15:25 PM GMT+1 [Modules] Streaming discord_voice@1 to /home/arch/.config/discord/0.0.84/modules/pending/discord_voice-1.zip: 35%
2/5/2025, 6:15:25 PM GMT+1 [Modules] Streaming discord_voice@1 to /home/arch/.config/discord/0.0.84/modules/pending/discord_voice-1.zip: 36%
2/5/2025, 6:15:25 PM GMT+1 [Modules] Streaming discord_voice@1 to /home/arch/.config/discord/0.0.84/modules/pending/discord_voice-1.zip: 37%
2/5/2025, 6:15:25 PM GMT+1 [Modules] Streaming discord_voice@1 to /home/arch/.config/discord/0.0.84/modules/pending/discord_voice-1.zip: 38%
2/5/2025, 6:15:25 PM GMT+1 [Modules] Streaming discord_voice@1 to /home/arch/.config/discord/0.0.84/modules/pending/discord_voice-1.zip: 39%
2/5/2025, 6:15:26 PM GMT+1 [Modules] Streaming discord_voice@1 to /home/arch/.config/discord/0.0.84/modules/pending/discord_voice-1.zip: 40%
2/5/2025, 6:15:26 PM GMT+1 [Modules] Streaming discord_voice@1 to /home/arch/.config/discord/0.0.84/modules/pending/discord_voice-1.zip: 41%
2/5/2025, 6:15:26 PM GMT+1 [Modules] Streaming discord_voice@1 to /home/arch/.config/discord/0.0.84/modules/pending/discord_voice-1.zip: 42%
2/5/2025, 6:15:26 PM GMT+1 [Modules] Streaming discord_voice@1 to /home/arch/.config/discord/0.0.84/modules/pending/discord_voice-1.zip: 43%
2/5/2025, 6:15:26 PM GMT+1 [Modules] Streaming discord_voice@1 to /home/arch/.config/discord/0.0.84/modules/pending/discord_voice-1.zip: 44%
2/5/2025, 6:15:26 PM GMT+1 [Modules] Streaming discord_voice@1 to /home/arch/.config/discord/0.0.84/modules/pending/discord_voice-1.zip: 45%
2/5/2025, 6:15:26 PM GMT+1 [Modules] Streaming discord_voice@1 to /home/arch/.config/discord/0.0.84/modules/pending/discord_voice-1.zip: 46%
2/5/2025, 6:15:26 PM GMT+1 [Modules] Streaming discord_voice@1 to /home/arch/.config/discord/0.0.84/modules/pending/discord_voice-1.zip: 47%
2/5/2025, 6:15:26 PM GMT+1 [Modules] Streaming discord_voice@1 to /home/arch/.config/discord/0.0.84/modules/pending/discord_voice-1.zip: 48%
2/5/2025, 6:15:26 PM GMT+1 [Modules] Streaming discord_voice@1 to /home/arch/.config/discord/0.0.84/modules/pending/discord_voice-1.zip: 49%
2/5/2025, 6:15:26 PM GMT+1 [Modules] Streaming discord_voice@1 to /home/arch/.config/discord/0.0.84/modules/pending/discord_voice-1.zip: 50%
2/5/2025, 6:15:26 PM GMT+1 [Modules] Streaming discord_voice@1 to /home/arch/.config/discord/0.0.84/modules/pending/discord_voice-1.zip: 51%
2/5/2025, 6:15:26 PM GMT+1 [Modules] Streaming discord_voice@1 to /home/arch/.config/discord/0.0.84/modules/pending/discord_voice-1.zip: 52%
2/5/2025, 6:15:26 PM GMT+1 [Modules] Streaming discord_voice@1 to /home/arch/.config/discord/0.0.84/modules/pending/discord_voice-1.zip: 53%
2/5/2025, 6:15:26 PM GMT+1 [Modules] Streaming discord_voice@1 to /home/arch/.config/discord/0.0.84/modules/pending/discord_voice-1.zip: 54%
2/5/2025, 6:15:26 PM GMT+1 [Modules] Streaming discord_voice@1 to /home/arch/.config/discord/0.0.84/modules/pending/discord_voice-1.zip: 55%
2/5/2025, 6:15:26 PM GMT+1 [Modules] Streaming discord_voice@1 to /home/arch/.config/discord/0.0.84/modules/pending/discord_voice-1.zip: 56%
2/5/2025, 6:15:26 PM GMT+1 [Modules] Streaming discord_voice@1 to /home/arch/.config/discord/0.0.84/modules/pending/discord_voice-1.zip: 57%
2/5/2025, 6:15:26 PM GMT+1 [Modules] Streaming discord_voice@1 to /home/arch/.config/discord/0.0.84/modules/pending/discord_voice-1.zip: 58%
2/5/2025, 6:15:26 PM GMT+1 [Modules] Streaming discord_voice@1 to /home/arch/.config/discord/0.0.84/modules/pending/discord_voice-1.zip: 59%
2/5/2025, 6:15:26 PM GMT+1 [Modules] Streaming discord_voice@1 to /home/arch/.config/discord/0.0.84/modules/pending/discord_voice-1.zip: 60%
2/5/2025, 6:15:26 PM GMT+1 [Modules] Streaming discord_voice@1 to /home/arch/.config/discord/0.0.84/modules/pending/discord_voice-1.zip: 61%
2/5/2025, 6:15:26 PM GMT+1 [Modules] Streaming discord_voice@1 to /home/arch/.config/discord/0.0.84/modules/pending/discord_voice-1.zip: 62%
2/5/2025, 6:15:26 PM GMT+1 [Modules] Streaming discord_voice@1 to /home/arch/.config/discord/0.0.84/modules/pending/discord_voice-1.zip: 63%
2/5/2025, 6:15:26 PM GMT+1 [Modules] Streaming discord_voice@1 to /home/arch/.config/discord/0.0.84/modules/pending/discord_voice-1.zip: 64%
2/5/2025, 6:15:27 PM GMT+1 [Modules] Streaming discord_voice@1 to /home/arch/.config/discord/0.0.84/modules/pending/discord_voice-1.zip: 65%
2/5/2025, 6:15:27 PM GMT+1 [Modules] Streaming discord_voice@1 to /home/arch/.config/discord/0.0.84/modules/pending/discord_voice-1.zip: 66%
2/5/2025, 6:15:27 PM GMT+1 [Modules] Streaming discord_voice@1 to /home/arch/.config/discord/0.0.84/modules/pending/discord_voice-1.zip: 67%
2/5/2025, 6:15:27 PM GMT+1 [Modules] Streaming discord_voice@1 to /home/arch/.config/discord/0.0.84/modules/pending/discord_voice-1.zip: 68%
2/5/2025, 6:15:27 PM GMT+1 [Modules] Streaming discord_voice@1 to /home/arch/.config/discord/0.0.84/modules/pending/discord_voice-1.zip: 69%
2/5/2025, 6:15:27 PM GMT+1 [Modules] Streaming discord_voice@1 to /home/arch/.config/discord/0.0.84/modules/pending/discord_voice-1.zip: 70%
2/5/2025, 6:15:27 PM GMT+1 [Modules] Streaming discord_voice@1 to /home/arch/.config/discord/0.0.84/modules/pending/discord_voice-1.zip: 71%
2/5/2025, 6:15:27 PM GMT+1 [Modules] Streaming discord_voice@1 to /home/arch/.config/discord/0.0.84/modules/pending/discord_voice-1.zip: 72%
2/5/2025, 6:15:27 PM GMT+1 [Modules] Streaming discord_voice@1 to /home/arch/.config/discord/0.0.84/modules/pending/discord_voice-1.zip: 73%
2/5/2025, 6:15:27 PM GMT+1 [Modules] Streaming discord_voice@1 to /home/arch/.config/discord/0.0.84/modules/pending/discord_voice-1.zip: 74%
2/5/2025, 6:15:27 PM GMT+1 [Modules] Streaming discord_voice@1 to /home/arch/.config/discord/0.0.84/modules/pending/discord_voice-1.zip: 75%
2/5/2025, 6:15:27 PM GMT+1 [Modules] Streaming discord_voice@1 to /home/arch/.config/discord/0.0.84/modules/pending/discord_voice-1.zip: 76%
2/5/2025, 6:15:27 PM GMT+1 [Modules] Streaming discord_voice@1 to /home/arch/.config/discord/0.0.84/modules/pending/discord_voice-1.zip: 77%
2/5/2025, 6:15:27 PM GMT+1 [Modules] Streaming discord_voice@1 to /home/arch/.config/discord/0.0.84/modules/pending/discord_voice-1.zip: 78%
2/5/2025, 6:15:27 PM GMT+1 [Modules] Streaming discord_voice@1 to /home/arch/.config/discord/0.0.84/modules/pending/discord_voice-1.zip: 79%
2/5/2025, 6:15:27 PM GMT+1 [Modules] Streaming discord_voice@1 to /home/arch/.config/discord/0.0.84/modules/pending/discord_voice-1.zip: 80%
2/5/2025, 6:15:27 PM GMT+1 [Modules] Streaming discord_voice@1 to /home/arch/.config/discord/0.0.84/modules/pending/discord_voice-1.zip: 81%
2/5/2025, 6:15:27 PM GMT+1 [Modules] Streaming discord_voice@1 to /home/arch/.config/discord/0.0.84/modules/pending/discord_voice-1.zip: 82%
2/5/2025, 6:15:27 PM GMT+1 [Modules] Streaming discord_voice@1 to /home/arch/.config/discord/0.0.84/modules/pending/discord_voice-1.zip: 83%
2/5/2025, 6:15:27 PM GMT+1 [Modules] Streaming discord_voice@1 to /home/arch/.config/discord/0.0.84/modules/pending/discord_voice-1.zip: 84%
2/5/2025, 6:15:27 PM GMT+1 [Modules] Streaming discord_voice@1 to /home/arch/.config/discord/0.0.84/modules/pending/discord_voice-1.zip: 85%
2/5/2025, 6:15:27 PM GMT+1 [Modules] Streaming discord_voice@1 to /home/arch/.config/discord/0.0.84/modules/pending/discord_voice-1.zip: 86%
2/5/2025, 6:15:27 PM GMT+1 [Modules] Streaming discord_voice@1 to /home/arch/.config/discord/0.0.84/modules/pending/discord_voice-1.zip: 87%
2/5/2025, 6:15:27 PM GMT+1 [Modules] Streaming discord_voice@1 to /home/arch/.config/discord/0.0.84/modules/pending/discord_voice-1.zip: 88%
2/5/2025, 6:15:27 PM GMT+1 [Modules] Streaming discord_voice@1 to /home/arch/.config/discord/0.0.84/modules/pending/discord_voice-1.zip: 89%
2/5/2025, 6:15:27 PM GMT+1 [Modules] Streaming discord_voice@1 to /home/arch/.config/discord/0.0.84/modules/pending/discord_voice-1.zip: 90%
2/5/2025, 6:15:27 PM GMT+1 [Modules] Streaming discord_voice@1 to /home/arch/.config/discord/0.0.84/modules/pending/discord_voice-1.zip: 91%
2/5/2025, 6:15:27 PM GMT+1 [Modules] Streaming discord_voice@1 to /home/arch/.config/discord/0.0.84/modules/pending/discord_voice-1.zip: 92%
2/5/2025, 6:15:27 PM GMT+1 [Modules] Streaming discord_voice@1 to /home/arch/.config/discord/0.0.84/modules/pending/discord_voice-1.zip: 93%
2/5/2025, 6:15:27 PM GMT+1 [Modules] Streaming discord_voice@1 to /home/arch/.config/discord/0.0.84/modules/pending/discord_voice-1.zip: 94%
2/5/2025, 6:15:27 PM GMT+1 [Modules] Streaming discord_voice@1 to /home/arch/.config/discord/0.0.84/modules/pending/discord_voice-1.zip: 95%
2/5/2025, 6:15:27 PM GMT+1 [Modules] Streaming discord_voice@1 to /home/arch/.config/discord/0.0.84/modules/pending/discord_voice-1.zip: 96%
2/5/2025, 6:15:27 PM GMT+1 [Modules] Streaming discord_voice@1 to /home/arch/.config/discord/0.0.84/modules/pending/discord_voice-1.zip: 97%
2/5/2025, 6:15:27 PM GMT+1 [Modules] Streaming discord_voice@1 to /home/arch/.config/discord/0.0.84/modules/pending/discord_voice-1.zip: 98%
2/5/2025, 6:15:27 PM GMT+1 [Modules] Streaming discord_voice@1 to /home/arch/.config/discord/0.0.84/modules/pending/discord_voice-1.zip: 99%
2/5/2025, 6:15:27 PM GMT+1 [Modules] Streaming discord_voice@1 to /home/arch/.config/discord/0.0.84/modules/pending/discord_voice-1.zip: 100%
2/5/2025, 6:15:27 PM GMT+1 [Modules] Fetching discord_zstd@1 from https://discord.com/api/modules/stable/discord_zstd/1
2/5/2025, 6:15:27 PM GMT+1 [Modules] Streaming discord_zstd@1 to /home/arch/.config/discord/0.0.84/modules/pending/discord_zstd-1.zip
2/5/2025, 6:15:27 PM GMT+1 [Modules] Streaming discord_zstd@1 to /home/arch/.config/discord/0.0.84/modules/pending/discord_zstd-1.zip: 3%
2/5/2025, 6:15:27 PM GMT+1 [Modules] Streaming discord_zstd@1 to /home/arch/.config/discord/0.0.84/modules/pending/discord_zstd-1.zip: 5%
2/5/2025, 6:15:27 PM GMT+1 [Modules] Streaming discord_zstd@1 to /home/arch/.config/discord/0.0.84/modules/pending/discord_zstd-1.zip: 7%
2/5/2025, 6:15:27 PM GMT+1 [Modules] Streaming discord_zstd@1 to /home/arch/.config/discord/0.0.84/modules/pending/discord_zstd-1.zip: 8%
2/5/2025, 6:15:27 PM GMT+1 [Modules] Streaming discord_zstd@1 to /home/arch/.config/discord/0.0.84/modules/pending/discord_zstd-1.zip: 11%
2/5/2025, 6:15:27 PM GMT+1 [Modules] Streaming discord_zstd@1 to /home/arch/.config/discord/0.0.84/modules/pending/discord_zstd-1.zip: 13%
2/5/2025, 6:15:27 PM GMT+1 [Modules] Streaming discord_zstd@1 to /home/arch/.config/discord/0.0.84/modules/pending/discord_zstd-1.zip: 15%
2/5/2025, 6:15:27 PM GMT+1 [Modules] Streaming discord_zstd@1 to /home/arch/.config/discord/0.0.84/modules/pending/discord_zstd-1.zip: 16%
2/5/2025, 6:15:27 PM GMT+1 [Modules] Streaming discord_zstd@1 to /home/arch/.config/discord/0.0.84/modules/pending/discord_zstd-1.zip: 17%
2/5/2025, 6:15:27 PM GMT+1 [Modules] Streaming discord_zstd@1 to /home/arch/.config/discord/0.0.84/modules/pending/discord_zstd-1.zip: 18%
2/5/2025, 6:15:27 PM GMT+1 [Modules] Streaming discord_zstd@1 to /home/arch/.config/discord/0.0.84/modules/pending/discord_zstd-1.zip: 20%
2/5/2025, 6:15:27 PM GMT+1 [Modules] Streaming discord_zstd@1 to /home/arch/.config/discord/0.0.84/modules/pending/discord_zstd-1.zip: 21%
2/5/2025, 6:15:27 PM GMT+1 [Modules] Streaming discord_zstd@1 to /home/arch/.config/discord/0.0.84/modules/pending/discord_zstd-1.zip: 22%
2/5/2025, 6:15:27 PM GMT+1 [Modules] Streaming discord_zstd@1 to /home/arch/.config/discord/0.0.84/modules/pending/discord_zstd-1.zip: 23%
2/5/2025, 6:15:27 PM GMT+1 [Modules] Streaming discord_zstd@1 to /home/arch/.config/discord/0.0.84/modules/pending/discord_zstd-1.zip: 24%
2/5/2025, 6:15:27 PM GMT+1 [Modules] Streaming discord_zstd@1 to /home/arch/.config/discord/0.0.84/modules/pending/discord_zstd-1.zip: 25%
2/5/2025, 6:15:27 PM GMT+1 [Modules] Streaming discord_zstd@1 to /home/arch/.config/discord/0.0.84/modules/pending/discord_zstd-1.zip: 26%
2/5/2025, 6:15:27 PM GMT+1 [Modules] Streaming discord_zstd@1 to /home/arch/.config/discord/0.0.84/modules/pending/discord_zstd-1.zip: 27%
2/5/2025, 6:15:27 PM GMT+1 [Modules] Streaming discord_zstd@1 to /home/arch/.config/discord/0.0.84/modules/pending/discord_zstd-1.zip: 29%
2/5/2025, 6:15:27 PM GMT+1 [Modules] Streaming discord_zstd@1 to /home/arch/.config/discord/0.0.84/modules/pending/discord_zstd-1.zip: 31%
2/5/2025, 6:15:27 PM GMT+1 [Modules] Streaming discord_zstd@1 to /home/arch/.config/discord/0.0.84/modules/pending/discord_zstd-1.zip: 32%
2/5/2025, 6:15:27 PM GMT+1 [Modules] Streaming discord_zstd@1 to /home/arch/.config/discord/0.0.84/modules/pending/discord_zstd-1.zip: 34%
2/5/2025, 6:15:27 PM GMT+1 [Modules] Streaming discord_zstd@1 to /home/arch/.config/discord/0.0.84/modules/pending/discord_zstd-1.zip: 35%
2/5/2025, 6:15:27 PM GMT+1 [Modules] Streaming discord_zstd@1 to /home/arch/.config/discord/0.0.84/modules/pending/discord_zstd-1.zip: 37%
2/5/2025, 6:15:27 PM GMT+1 [Modules] Streaming discord_zstd@1 to /home/arch/.config/discord/0.0.84/modules/pending/discord_zstd-1.zip: 38%
2/5/2025, 6:15:28 PM GMT+1 [Modules] Streaming discord_zstd@1 to /home/arch/.config/discord/0.0.84/modules/pending/discord_zstd-1.zip: 40%
2/5/2025, 6:15:28 PM GMT+1 [Modules] Streaming discord_zstd@1 to /home/arch/.config/discord/0.0.84/modules/pending/discord_zstd-1.zip: 42%
2/5/2025, 6:15:28 PM GMT+1 [Modules] Streaming discord_zstd@1 to /home/arch/.config/discord/0.0.84/modules/pending/discord_zstd-1.zip: 43%
2/5/2025, 6:15:28 PM GMT+1 [Modules] Streaming discord_zstd@1 to /home/arch/.config/discord/0.0.84/modules/pending/discord_zstd-1.zip: 45%
2/5/2025, 6:15:28 PM GMT+1 [Modules] Streaming discord_zstd@1 to /home/arch/.config/discord/0.0.84/modules/pending/discord_zstd-1.zip: 47%
2/5/2025, 6:15:28 PM GMT+1 [Modules] Streaming discord_zstd@1 to /home/arch/.config/discord/0.0.84/modules/pending/discord_zstd-1.zip: 48%
2/5/2025, 6:15:28 PM GMT+1 [Modules] Streaming discord_zstd@1 to /home/arch/.config/discord/0.0.84/modules/pending/discord_zstd-1.zip: 50%
2/5/2025, 6:15:28 PM GMT+1 [Modules] Streaming discord_zstd@1 to /home/arch/.config/discord/0.0.84/modules/pending/discord_zstd-1.zip: 51%
2/5/2025, 6:15:28 PM GMT+1 [Modules] Streaming discord_zstd@1 to /home/arch/.config/discord/0.0.84/modules/pending/discord_zstd-1.zip: 52%
2/5/2025, 6:15:28 PM GMT+1 [Modules] Streaming discord_zstd@1 to /home/arch/.config/discord/0.0.84/modules/pending/discord_zstd-1.zip: 54%
2/5/2025, 6:15:28 PM GMT+1 [Modules] Streaming discord_zstd@1 to /home/arch/.config/discord/0.0.84/modules/pending/discord_zstd-1.zip: 56%
2/5/2025, 6:15:28 PM GMT+1 [Modules] Streaming discord_zstd@1 to /home/arch/.config/discord/0.0.84/modules/pending/discord_zstd-1.zip: 57%
2/5/2025, 6:15:28 PM GMT+1 [Modules] Streaming discord_zstd@1 to /home/arch/.config/discord/0.0.84/modules/pending/discord_zstd-1.zip: 59%
2/5/2025, 6:15:28 PM GMT+1 [Modules] Streaming discord_zstd@1 to /home/arch/.config/discord/0.0.84/modules/pending/discord_zstd-1.zip: 60%
2/5/2025, 6:15:28 PM GMT+1 [Modules] Streaming discord_zstd@1 to /home/arch/.config/discord/0.0.84/modules/pending/discord_zstd-1.zip: 61%
2/5/2025, 6:15:28 PM GMT+1 [Modules] Streaming discord_zstd@1 to /home/arch/.config/discord/0.0.84/modules/pending/discord_zstd-1.zip: 62%
2/5/2025, 6:15:28 PM GMT+1 [Modules] Streaming discord_zstd@1 to /home/arch/.config/discord/0.0.84/modules/pending/discord_zstd-1.zip: 64%
2/5/2025, 6:15:28 PM GMT+1 [Modules] Streaming discord_zstd@1 to /home/arch/.config/discord/0.0.84/modules/pending/discord_zstd-1.zip: 65%
2/5/2025, 6:15:28 PM GMT+1 [Modules] Streaming discord_zstd@1 to /home/arch/.config/discord/0.0.84/modules/pending/discord_zstd-1.zip: 66%
2/5/2025, 6:15:28 PM GMT+1 [Modules] Streaming discord_zstd@1 to /home/arch/.config/discord/0.0.84/modules/pending/discord_zstd-1.zip: 67%
2/5/2025, 6:15:28 PM GMT+1 [Modules] Streaming discord_zstd@1 to /home/arch/.config/discord/0.0.84/modules/pending/discord_zstd-1.zip: 69%
2/5/2025, 6:15:28 PM GMT+1 [Modules] Streaming discord_zstd@1 to /home/arch/.config/discord/0.0.84/modules/pending/discord_zstd-1.zip: 70%
2/5/2025, 6:15:28 PM GMT+1 [Modules] Streaming discord_zstd@1 to /home/arch/.config/discord/0.0.84/modules/pending/discord_zstd-1.zip: 71%
2/5/2025, 6:15:28 PM GMT+1 [Modules] Streaming discord_zstd@1 to /home/arch/.config/discord/0.0.84/modules/pending/discord_zstd-1.zip: 72%
2/5/2025, 6:15:28 PM GMT+1 [Modules] Streaming discord_zstd@1 to /home/arch/.config/discord/0.0.84/modules/pending/discord_zstd-1.zip: 74%
2/5/2025, 6:15:28 PM GMT+1 [Modules] Streaming discord_zstd@1 to /home/arch/.config/discord/0.0.84/modules/pending/discord_zstd-1.zip: 75%
2/5/2025, 6:15:28 PM GMT+1 [Modules] Streaming discord_zstd@1 to /home/arch/.config/discord/0.0.84/modules/pending/discord_zstd-1.zip: 76%
2/5/2025, 6:15:28 PM GMT+1 [Modules] Streaming discord_zstd@1 to /home/arch/.config/discord/0.0.84/modules/pending/discord_zstd-1.zip: 77%
2/5/2025, 6:15:28 PM GMT+1 [Modules] Streaming discord_zstd@1 to /home/arch/.config/discord/0.0.84/modules/pending/discord_zstd-1.zip: 78%
2/5/2025, 6:15:28 PM GMT+1 [Modules] Streaming discord_zstd@1 to /home/arch/.config/discord/0.0.84/modules/pending/discord_zstd-1.zip: 80%
2/5/2025, 6:15:28 PM GMT+1 [Modules] Streaming discord_zstd@1 to /home/arch/.config/discord/0.0.84/modules/pending/discord_zstd-1.zip: 82%
2/5/2025, 6:15:28 PM GMT+1 [Modules] Streaming discord_zstd@1 to /home/arch/.config/discord/0.0.84/modules/pending/discord_zstd-1.zip: 83%
2/5/2025, 6:15:28 PM GMT+1 [Modules] Streaming discord_zstd@1 to /home/arch/.config/discord/0.0.84/modules/pending/discord_zstd-1.zip: 86%
2/5/2025, 6:15:28 PM GMT+1 [Modules] Streaming discord_zstd@1 to /home/arch/.config/discord/0.0.84/modules/pending/discord_zstd-1.zip: 87%
2/5/2025, 6:15:28 PM GMT+1 [Modules] Streaming discord_zstd@1 to /home/arch/.config/discord/0.0.84/modules/pending/discord_zstd-1.zip: 88%
2/5/2025, 6:15:28 PM GMT+1 [Modules] Streaming discord_zstd@1 to /home/arch/.config/discord/0.0.84/modules/pending/discord_zstd-1.zip: 89%
2/5/2025, 6:15:28 PM GMT+1 [Modules] Streaming discord_zstd@1 to /home/arch/.config/discord/0.0.84/modules/pending/discord_zstd-1.zip: 91%
2/5/2025, 6:15:28 PM GMT+1 [Modules] Streaming discord_zstd@1 to /home/arch/.config/discord/0.0.84/modules/pending/discord_zstd-1.zip: 92%
2/5/2025, 6:15:28 PM GMT+1 [Modules] Streaming discord_zstd@1 to /home/arch/.config/discord/0.0.84/modules/pending/discord_zstd-1.zip: 94%
2/5/2025, 6:15:28 PM GMT+1 [Modules] Streaming discord_zstd@1 to /home/arch/.config/discord/0.0.84/modules/pending/discord_zstd-1.zip: 95%
2/5/2025, 6:15:28 PM GMT+1 [Modules] Streaming discord_zstd@1 to /home/arch/.config/discord/0.0.84/modules/pending/discord_zstd-1.zip: 96%
2/5/2025, 6:15:28 PM GMT+1 [Modules] Streaming discord_zstd@1 to /home/arch/.config/discord/0.0.84/modules/pending/discord_zstd-1.zip: 98%
2/5/2025, 6:15:28 PM GMT+1 [Modules] Streaming discord_zstd@1 to /home/arch/.config/discord/0.0.84/modules/pending/discord_zstd-1.zip: 100%
2/5/2025, 6:15:28 PM GMT+1 [Modules] Finished module downloads. [success: 6] [failure: 0]
2/5/2025, 6:15:28 PM GMT+1 [Modules] Installing updates...
2/5/2025, 6:15:28 PM GMT+1 [Modules] Installing discord_desktop_core@1 from /home/arch/.config/discord/0.0.84/modules/pending/discord_desktop_core-1.zip
2/5/2025, 6:15:28 PM GMT+1 [Modules] Installing discord_erlpack@1 from /home/arch/.config/discord/0.0.84/modules/pending/discord_erlpack-1.zip
2/5/2025, 6:15:28 PM GMT+1 [Modules] Installing discord_spellcheck@1 from /home/arch/.config/discord/0.0.84/modules/pending/discord_spellcheck-1.zip
2/5/2025, 6:15:28 PM GMT+1 [Modules] Installing discord_utils@1 from /home/arch/.config/discord/0.0.84/modules/pending/discord_utils-1.zip
2/5/2025, 6:15:28 PM GMT+1 [Modules] Installing discord_voice@1 from /home/arch/.config/discord/0.0.84/modules/pending/discord_voice-1.zip
2/5/2025, 6:15:28 PM GMT+1 [Modules] Installing discord_zstd@1 from /home/arch/.config/discord/0.0.84/modules/pending/discord_zstd-1.zip
2/5/2025, 6:15:28 PM GMT+1 [Modules] Finished module installations. [success: 6] [failure: 0]
2/5/2025, 6:15:28 PM GMT+1 [Modules] Checking for host updates.
2/5/2025, 6:15:29 PM GMT+1 [Modules] Host is up to date.
2/5/2025, 6:15:29 PM GMT+1 [Modules] Checking for module updates at https://discord.com/api/modules/stable/versions.json
2/5/2025, 6:15:29 PM GMT+1 [Modules] No module updates available.
2/5/2025, 6:15:30 PM GMT+1 [Modules] Starting to install discord_krisp...
2/5/2025, 6:15:30 PM GMT+1 [Modules] Fetching discord_krisp@1 from https://discord.com/api/modules/stable/discord_krisp/1
2/5/2025, 6:15:30 PM GMT+1 [Modules] Streaming discord_krisp@1 to /home/arch/.config/discord/0.0.84/modules/pending/discord_krisp-1.zip
2/5/2025, 6:15:30 PM GMT+1 [Modules] Starting to install discord_game_utils...
2/5/2025, 6:15:30 PM GMT+1 [Modules] Streaming discord_krisp@1 to /home/arch/.config/discord/0.0.84/modules/pending/discord_krisp-1.zip: 1%
2/5/2025, 6:15:30 PM GMT+1 [Modules] Streaming discord_krisp@1 to /home/arch/.config/discord/0.0.84/modules/pending/discord_krisp-1.zip: 2%
2/5/2025, 6:15:30 PM GMT+1 [Modules] Streaming discord_krisp@1 to /home/arch/.config/discord/0.0.84/modules/pending/discord_krisp-1.zip: 3%
2/5/2025, 6:15:30 PM GMT+1 [Modules] Streaming discord_krisp@1 to /home/arch/.config/discord/0.0.84/modules/pending/discord_krisp-1.zip: 4%
2/5/2025, 6:15:30 PM GMT+1 [Modules] Streaming discord_krisp@1 to /home/arch/.config/discord/0.0.84/modules/pending/discord_krisp-1.zip: 5%
2/5/2025, 6:15:30 PM GMT+1 [Modules] Streaming discord_krisp@1 to /home/arch/.config/discord/0.0.84/modules/pending/discord_krisp-1.zip: 6%
2/5/2025, 6:15:30 PM GMT+1 [Modules] Streaming discord_krisp@1 to /home/arch/.config/discord/0.0.84/modules/pending/discord_krisp-1.zip: 7%
2/5/2025, 6:15:30 PM GMT+1 [Modules] Streaming discord_krisp@1 to /home/arch/.config/discord/0.0.84/modules/pending/discord_krisp-1.zip: 8%
2/5/2025, 6:15:30 PM GMT+1 [Modules] Streaming discord_krisp@1 to /home/arch/.config/discord/0.0.84/modules/pending/discord_krisp-1.zip: 9%
2/5/2025, 6:15:30 PM GMT+1 [Modules] Streaming discord_krisp@1 to /home/arch/.config/discord/0.0.84/modules/pending/discord_krisp-1.zip: 10%
2/5/2025, 6:15:30 PM GMT+1 [Modules] Streaming discord_krisp@1 to /home/arch/.config/discord/0.0.84/modules/pending/discord_krisp-1.zip: 11%
2/5/2025, 6:15:30 PM GMT+1 [Modules] Streaming discord_krisp@1 to /home/arch/.config/discord/0.0.84/modules/pending/discord_krisp-1.zip: 12%
2/5/2025, 6:15:30 PM GMT+1 [Modules] Streaming discord_krisp@1 to /home/arch/.config/discord/0.0.84/modules/pending/discord_krisp-1.zip: 13%
2/5/2025, 6:15:30 PM GMT+1 [Modules] Streaming discord_krisp@1 to /home/arch/.config/discord/0.0.84/modules/pending/discord_krisp-1.zip: 14%
2/5/2025, 6:15:30 PM GMT+1 [Modules] Streaming discord_krisp@1 to /home/arch/.config/discord/0.0.84/modules/pending/discord_krisp-1.zip: 15%
2/5/2025, 6:15:31 PM GMT+1 [Modules] Streaming discord_krisp@1 to /home/arch/.config/discord/0.0.84/modules/pending/discord_krisp-1.zip: 16%
2/5/2025, 6:15:31 PM GMT+1 [Modules] Streaming discord_krisp@1 to /home/arch/.config/discord/0.0.84/modules/pending/discord_krisp-1.zip: 17%
2/5/2025, 6:15:31 PM GMT+1 [Modules] Checking for host updates.
2/5/2025, 6:15:31 PM GMT+1 [Modules] Streaming discord_krisp@1 to /home/arch/.config/discord/0.0.84/modules/pending/discord_krisp-1.zip: 18%
2/5/2025, 6:15:31 PM GMT+1 [Modules] Streaming discord_krisp@1 to /home/arch/.config/discord/0.0.84/modules/pending/discord_krisp-1.zip: 19%
2/5/2025, 6:15:31 PM GMT+1 [Modules] Streaming discord_krisp@1 to /home/arch/.config/discord/0.0.84/modules/pending/discord_krisp-1.zip: 20%
2/5/2025, 6:15:31 PM GMT+1 [Modules] Streaming discord_krisp@1 to /home/arch/.config/discord/0.0.84/modules/pending/discord_krisp-1.zip: 21%
2/5/2025, 6:15:31 PM GMT+1 [Modules] Starting to install discord_rpc...
2/5/2025, 6:15:31 PM GMT+1 [Modules] Streaming discord_krisp@1 to /home/arch/.config/discord/0.0.84/modules/pending/discord_krisp-1.zip: 22%
2/5/2025, 6:15:31 PM GMT+1 [Modules] Streaming discord_krisp@1 to /home/arch/.config/discord/0.0.84/modules/pending/discord_krisp-1.zip: 23%
2/5/2025, 6:15:31 PM GMT+1 [Modules] Streaming discord_krisp@1 to /home/arch/.config/discord/0.0.84/modules/pending/discord_krisp-1.zip: 24%
2/5/2025, 6:15:31 PM GMT+1 [Modules] Streaming discord_krisp@1 to /home/arch/.config/discord/0.0.84/modules/pending/discord_krisp-1.zip: 25%
2/5/2025, 6:15:31 PM GMT+1 [Modules] Streaming discord_krisp@1 to /home/arch/.config/discord/0.0.84/modules/pending/discord_krisp-1.zip: 26%
2/5/2025, 6:15:31 PM GMT+1 [Modules] Streaming discord_krisp@1 to /home/arch/.config/discord/0.0.84/modules/pending/discord_krisp-1.zip: 27%
2/5/2025, 6:15:31 PM GMT+1 [Modules] Host is up to date.
2/5/2025, 6:15:31 PM GMT+1 [Modules] Checking for module updates at https://discord.com/api/modules/stable/versions.json
2/5/2025, 6:15:31 PM GMT+1 [Modules] No module updates available.
2/5/2025, 6:15:31 PM GMT+1 [Modules] Streaming discord_krisp@1 to /home/arch/.config/discord/0.0.84/modules/pending/discord_krisp-1.zip: 28%
2/5/2025, 6:15:31 PM GMT+1 [Modules] Streaming discord_krisp@1 to /home/arch/.config/discord/0.0.84/modules/pending/discord_krisp-1.zip: 29%
2/5/2025, 6:15:31 PM GMT+1 [Modules] Streaming discord_krisp@1 to /home/arch/.config/discord/0.0.84/modules/pending/discord_krisp-1.zip: 30%
2/5/2025, 6:15:31 PM GMT+1 [Modules] Streaming discord_krisp@1 to /home/arch/.config/discord/0.0.84/modules/pending/discord_krisp-1.zip: 31%
2/5/2025, 6:15:31 PM GMT+1 [Modules] Streaming discord_krisp@1 to /home/arch/.config/discord/0.0.84/modules/pending/discord_krisp-1.zip: 32%
2/5/2025, 6:15:31 PM GMT+1 [Modules] Streaming discord_krisp@1 to /home/arch/.config/discord/0.0.84/modules/pending/discord_krisp-1.zip: 33%
2/5/2025, 6:15:31 PM GMT+1 [Modules] Streaming discord_krisp@1 to /home/arch/.config/discord/0.0.84/modules/pending/discord_krisp-1.zip: 34%
2/5/2025, 6:15:31 PM GMT+1 [Modules] Streaming discord_krisp@1 to /home/arch/.config/discord/0.0.84/modules/pending/discord_krisp-1.zip: 35%
2/5/2025, 6:15:31 PM GMT+1 [Modules] Streaming discord_krisp@1 to /home/arch/.config/discord/0.0.84/modules/pending/discord_krisp-1.zip: 36%
2/5/2025, 6:15:31 PM GMT+1 [Modules] Streaming discord_krisp@1 to /home/arch/.config/discord/0.0.84/modules/pending/discord_krisp-1.zip: 37%
2/5/2025, 6:15:31 PM GMT+1 [Modules] Streaming discord_krisp@1 to /home/arch/.config/discord/0.0.84/modules/pending/discord_krisp-1.zip: 38%
2/5/2025, 6:15:31 PM GMT+1 [Modules] Streaming discord_krisp@1 to /home/arch/.config/discord/0.0.84/modules/pending/discord_krisp-1.zip: 39%
2/5/2025, 6:15:31 PM GMT+1 [Modules] Streaming discord_krisp@1 to /home/arch/.config/discord/0.0.84/modules/pending/discord_krisp-1.zip: 40%
2/5/2025, 6:15:31 PM GMT+1 [Modules] Streaming discord_krisp@1 to /home/arch/.config/discord/0.0.84/modules/pending/discord_krisp-1.zip: 41%
2/5/2025, 6:15:31 PM GMT+1 [Modules] Streaming discord_krisp@1 to /home/arch/.config/discord/0.0.84/modules/pending/discord_krisp-1.zip: 42%
2/5/2025, 6:15:31 PM GMT+1 [Modules] Streaming discord_krisp@1 to /home/arch/.config/discord/0.0.84/modules/pending/discord_krisp-1.zip: 43%
2/5/2025, 6:15:31 PM GMT+1 [Modules] Streaming discord_krisp@1 to /home/arch/.config/discord/0.0.84/modules/pending/discord_krisp-1.zip: 44%
2/5/2025, 6:15:31 PM GMT+1 [Modules] Streaming discord_krisp@1 to /home/arch/.config/discord/0.0.84/modules/pending/discord_krisp-1.zip: 45%
2/5/2025, 6:15:31 PM GMT+1 [Modules] Streaming discord_krisp@1 to /home/arch/.config/discord/0.0.84/modules/pending/discord_krisp-1.zip: 46%
2/5/2025, 6:15:31 PM GMT+1 [Modules] Streaming discord_krisp@1 to /home/arch/.config/discord/0.0.84/modules/pending/discord_krisp-1.zip: 47%
2/5/2025, 6:15:31 PM GMT+1 [Modules] Streaming discord_krisp@1 to /home/arch/.config/discord/0.0.84/modules/pending/discord_krisp-1.zip: 48%
2/5/2025, 6:15:31 PM GMT+1 [Modules] Streaming discord_krisp@1 to /home/arch/.config/discord/0.0.84/modules/pending/discord_krisp-1.zip: 49%
2/5/2025, 6:15:31 PM GMT+1 [Modules] Streaming discord_krisp@1 to /home/arch/.config/discord/0.0.84/modules/pending/discord_krisp-1.zip: 50%
2/5/2025, 6:15:31 PM GMT+1 [Modules] Streaming discord_krisp@1 to /home/arch/.config/discord/0.0.84/modules/pending/discord_krisp-1.zip: 51%
2/5/2025, 6:15:31 PM GMT+1 [Modules] Streaming discord_krisp@1 to /home/arch/.config/discord/0.0.84/modules/pending/discord_krisp-1.zip: 52%
2/5/2025, 6:15:31 PM GMT+1 [Modules] Streaming discord_krisp@1 to /home/arch/.config/discord/0.0.84/modules/pending/discord_krisp-1.zip: 53%
2/5/2025, 6:15:31 PM GMT+1 [Modules] Streaming discord_krisp@1 to /home/arch/.config/discord/0.0.84/modules/pending/discord_krisp-1.zip: 54%
2/5/2025, 6:15:31 PM GMT+1 [Modules] Streaming discord_krisp@1 to /home/arch/.config/discord/0.0.84/modules/pending/discord_krisp-1.zip: 55%
2/5/2025, 6:15:31 PM GMT+1 [Modules] Streaming discord_krisp@1 to /home/arch/.config/discord/0.0.84/modules/pending/discord_krisp-1.zip: 56%
2/5/2025, 6:15:31 PM GMT+1 [Modules] Streaming discord_krisp@1 to /home/arch/.config/discord/0.0.84/modules/pending/discord_krisp-1.zip: 57%
2/5/2025, 6:15:31 PM GMT+1 [Modules] Streaming discord_krisp@1 to /home/arch/.config/discord/0.0.84/modules/pending/discord_krisp-1.zip: 58%
2/5/2025, 6:15:31 PM GMT+1 [Modules] Streaming discord_krisp@1 to /home/arch/.config/discord/0.0.84/modules/pending/discord_krisp-1.zip: 59%
2/5/2025, 6:15:31 PM GMT+1 [Modules] Streaming discord_krisp@1 to /home/arch/.config/discord/0.0.84/modules/pending/discord_krisp-1.zip: 60%
2/5/2025, 6:15:32 PM GMT+1 [Modules] Streaming discord_krisp@1 to /home/arch/.config/discord/0.0.84/modules/pending/discord_krisp-1.zip: 61%
2/5/2025, 6:15:32 PM GMT+1 [Modules] Streaming discord_krisp@1 to /home/arch/.config/discord/0.0.84/modules/pending/discord_krisp-1.zip: 62%
2/5/2025, 6:15:32 PM GMT+1 [Modules] Streaming discord_krisp@1 to /home/arch/.config/discord/0.0.84/modules/pending/discord_krisp-1.zip: 63%
2/5/2025, 6:15:32 PM GMT+1 [Modules] Streaming discord_krisp@1 to /home/arch/.config/discord/0.0.84/modules/pending/discord_krisp-1.zip: 64%
2/5/2025, 6:15:32 PM GMT+1 [Modules] Streaming discord_krisp@1 to /home/arch/.config/discord/0.0.84/modules/pending/discord_krisp-1.zip: 65%
2/5/2025, 6:15:32 PM GMT+1 [Modules] Streaming discord_krisp@1 to /home/arch/.config/discord/0.0.84/modules/pending/discord_krisp-1.zip: 66%
2/5/2025, 6:15:32 PM GMT+1 [Modules] Streaming discord_krisp@1 to /home/arch/.config/discord/0.0.84/modules/pending/discord_krisp-1.zip: 67%
2/5/2025, 6:15:32 PM GMT+1 [Modules] Streaming discord_krisp@1 to /home/arch/.config/discord/0.0.84/modules/pending/discord_krisp-1.zip: 68%
2/5/2025, 6:15:32 PM GMT+1 [Modules] Streaming discord_krisp@1 to /home/arch/.config/discord/0.0.84/modules/pending/discord_krisp-1.zip: 69%
2/5/2025, 6:15:32 PM GMT+1 [Modules] Streaming discord_krisp@1 to /home/arch/.config/discord/0.0.84/modules/pending/discord_krisp-1.zip: 70%
2/5/2025, 6:15:32 PM GMT+1 [Modules] Streaming discord_krisp@1 to /home/arch/.config/discord/0.0.84/modules/pending/discord_krisp-1.zip: 71%
2/5/2025, 6:15:32 PM GMT+1 [Modules] Streaming discord_krisp@1 to /home/arch/.config/discord/0.0.84/modules/pending/discord_krisp-1.zip: 72%
2/5/2025, 6:15:32 PM GMT+1 [Modules] Streaming discord_krisp@1 to /home/arch/.config/discord/0.0.84/modules/pending/discord_krisp-1.zip: 73%
2/5/2025, 6:15:32 PM GMT+1 [Modules] Streaming discord_krisp@1 to /home/arch/.config/discord/0.0.84/modules/pending/discord_krisp-1.zip: 74%
2/5/2025, 6:15:32 PM GMT+1 [Modules] Streaming discord_krisp@1 to /home/arch/.config/discord/0.0.84/modules/pending/discord_krisp-1.zip: 75%
2/5/2025, 6:15:32 PM GMT+1 [Modules] Streaming discord_krisp@1 to /home/arch/.config/discord/0.0.84/modules/pending/discord_krisp-1.zip: 76%
2/5/2025, 6:15:32 PM GMT+1 [Modules] Streaming discord_krisp@1 to /home/arch/.config/discord/0.0.84/modules/pending/discord_krisp-1.zip: 77%
2/5/2025, 6:15:32 PM GMT+1 [Modules] Streaming discord_krisp@1 to /home/arch/.config/discord/0.0.84/modules/pending/discord_krisp-1.zip: 78%
2/5/2025, 6:15:32 PM GMT+1 [Modules] Streaming discord_krisp@1 to /home/arch/.config/discord/0.0.84/modules/pending/discord_krisp-1.zip: 79%
2/5/2025, 6:15:32 PM GMT+1 [Modules] Streaming discord_krisp@1 to /home/arch/.config/discord/0.0.84/modules/pending/discord_krisp-1.zip: 80%
2/5/2025, 6:15:32 PM GMT+1 [Modules] Streaming discord_krisp@1 to /home/arch/.config/discord/0.0.84/modules/pending/discord_krisp-1.zip: 81%
2/5/2025, 6:15:32 PM GMT+1 [Modules] Streaming discord_krisp@1 to /home/arch/.config/discord/0.0.84/modules/pending/discord_krisp-1.zip: 82%
2/5/2025, 6:15:32 PM GMT+1 [Modules] Streaming discord_krisp@1 to /home/arch/.config/discord/0.0.84/modules/pending/discord_krisp-1.zip: 83%
2/5/2025, 6:15:32 PM GMT+1 [Modules] Streaming discord_krisp@1 to /home/arch/.config/discord/0.0.84/modules/pending/discord_krisp-1.zip: 84%
2/5/2025, 6:15:32 PM GMT+1 [Modules] Streaming discord_krisp@1 to /home/arch/.config/discord/0.0.84/modules/pending/discord_krisp-1.zip: 85%
2/5/2025, 6:15:32 PM GMT+1 [Modules] Streaming discord_krisp@1 to /home/arch/.config/discord/0.0.84/modules/pending/discord_krisp-1.zip: 86%
2/5/2025, 6:15:32 PM GMT+1 [Modules] Streaming discord_krisp@1 to /home/arch/.config/discord/0.0.84/modules/pending/discord_krisp-1.zip: 87%
2/5/2025, 6:15:32 PM GMT+1 [Modules] Streaming discord_krisp@1 to /home/arch/.config/discord/0.0.84/modules/pending/discord_krisp-1.zip: 88%
2/5/2025, 6:15:32 PM GMT+1 [Modules] Streaming discord_krisp@1 to /home/arch/.config/discord/0.0.84/modules/pending/discord_krisp-1.zip: 89%
2/5/2025, 6:15:32 PM GMT+1 [Modules] Streaming discord_krisp@1 to /home/arch/.config/discord/0.0.84/modules/pending/discord_krisp-1.zip: 90%
2/5/2025, 6:15:32 PM GMT+1 [Modules] Streaming discord_krisp@1 to /home/arch/.config/discord/0.0.84/modules/pending/discord_krisp-1.zip: 91%
2/5/2025, 6:15:32 PM GMT+1 [Modules] Streaming discord_krisp@1 to /home/arch/.config/discord/0.0.84/modules/pending/discord_krisp-1.zip: 92%
2/5/2025, 6:15:32 PM GMT+1 [Modules] Streaming discord_krisp@1 to /home/arch/.config/discord/0.0.84/modules/pending/discord_krisp-1.zip: 93%
2/5/2025, 6:15:32 PM GMT+1 [Modules] Streaming discord_krisp@1 to /home/arch/.config/discord/0.0.84/modules/pending/discord_krisp-1.zip: 94%
2/5/2025, 6:15:32 PM GMT+1 [Modules] Streaming discord_krisp@1 to /home/arch/.config/discord/0.0.84/modules/pending/discord_krisp-1.zip: 95%
2/5/2025, 6:15:32 PM GMT+1 [Modules] Streaming discord_krisp@1 to /home/arch/.config/discord/0.0.84/modules/pending/discord_krisp-1.zip: 96%
2/5/2025, 6:15:32 PM GMT+1 [Modules] Streaming discord_krisp@1 to /home/arch/.config/discord/0.0.84/modules/pending/discord_krisp-1.zip: 97%
2/5/2025, 6:15:32 PM GMT+1 [Modules] Streaming discord_krisp@1 to /home/arch/.config/discord/0.0.84/modules/pending/discord_krisp-1.zip: 98%
2/5/2025, 6:15:32 PM GMT+1 [Modules] Streaming discord_krisp@1 to /home/arch/.config/discord/0.0.84/modules/pending/discord_krisp-1.zip: 99%
2/5/2025, 6:15:32 PM GMT+1 [Modules] Streaming discord_krisp@1 to /home/arch/.config/discord/0.0.84/modules/pending/discord_krisp-1.zip: 100%
2/5/2025, 6:15:32 PM GMT+1 [Modules] Fetching discord_game_utils@1 from https://discord.com/api/modules/stable/discord_game_utils/1
2/5/2025, 6:15:32 PM GMT+1 [Modules] Streaming discord_game_utils@1 to /home/arch/.config/discord/0.0.84/modules/pending/discord_game_utils-1.zip
2/5/2025, 6:15:32 PM GMT+1 [Modules] Installing discord_krisp@1 from /home/arch/.config/discord/0.0.84/modules/pending/discord_krisp-1.zip
2/5/2025, 6:15:33 PM GMT+1 [Modules] Finished module installations. [success: 1] [failure: 0]
2/5/2025, 6:15:33 PM GMT+1 [Modules] Streaming discord_game_utils@1 to /home/arch/.config/discord/0.0.84/modules/pending/discord_game_utils-1.zip: 1%
2/5/2025, 6:15:33 PM GMT+1 [Modules] Streaming discord_game_utils@1 to /home/arch/.config/discord/0.0.84/modules/pending/discord_game_utils-1.zip: 2%
2/5/2025, 6:15:33 PM GMT+1 [Modules] Streaming discord_game_utils@1 to /home/arch/.config/discord/0.0.84/modules/pending/discord_game_utils-1.zip: 3%
2/5/2025, 6:15:33 PM GMT+1 [Modules] Streaming discord_game_utils@1 to /home/arch/.config/discord/0.0.84/modules/pending/discord_game_utils-1.zip: 4%
2/5/2025, 6:15:33 PM GMT+1 [Modules] Streaming discord_game_utils@1 to /home/arch/.config/discord/0.0.84/modules/pending/discord_game_utils-1.zip: 5%
2/5/2025, 6:15:33 PM GMT+1 [Modules] Streaming discord_game_utils@1 to /home/arch/.config/discord/0.0.84/modules/pending/discord_game_utils-1.zip: 6%
2/5/2025, 6:15:33 PM GMT+1 [Modules] Streaming discord_game_utils@1 to /home/arch/.config/discord/0.0.84/modules/pending/discord_game_utils-1.zip: 7%
2/5/2025, 6:15:33 PM GMT+1 [Modules] Streaming discord_game_utils@1 to /home/arch/.config/discord/0.0.84/modules/pending/discord_game_utils-1.zip: 8%
2/5/2025, 6:15:33 PM GMT+1 [Modules] Streaming discord_game_utils@1 to /home/arch/.config/discord/0.0.84/modules/pending/discord_game_utils-1.zip: 9%
2/5/2025, 6:15:33 PM GMT+1 [Modules] Streaming discord_game_utils@1 to /home/arch/.config/discord/0.0.84/modules/pending/discord_game_utils-1.zip: 10%
2/5/2025, 6:15:33 PM GMT+1 [Modules] Streaming discord_game_utils@1 to /home/arch/.config/discord/0.0.84/modules/pending/discord_game_utils-1.zip: 11%
2/5/2025, 6:15:33 PM GMT+1 [Modules] Streaming discord_game_utils@1 to /home/arch/.config/discord/0.0.84/modules/pending/discord_game_utils-1.zip: 12%
2/5/2025, 6:15:33 PM GMT+1 [Modules] Streaming discord_game_utils@1 to /home/arch/.config/discord/0.0.84/modules/pending/discord_game_utils-1.zip: 13%
2/5/2025, 6:15:33 PM GMT+1 [Modules] Streaming discord_game_utils@1 to /home/arch/.config/discord/0.0.84/modules/pending/discord_game_utils-1.zip: 14%
2/5/2025, 6:15:33 PM GMT+1 [Modules] Streaming discord_game_utils@1 to /home/arch/.config/discord/0.0.84/modules/pending/discord_game_utils-1.zip: 15%
2/5/2025, 6:15:33 PM GMT+1 [Modules] Streaming discord_game_utils@1 to /home/arch/.config/discord/0.0.84/modules/pending/discord_game_utils-1.zip: 16%
2/5/2025, 6:15:33 PM GMT+1 [Modules] Streaming discord_game_utils@1 to /home/arch/.config/discord/0.0.84/modules/pending/discord_game_utils-1.zip: 17%
2/5/2025, 6:15:33 PM GMT+1 [Modules] Streaming discord_game_utils@1 to /home/arch/.config/discord/0.0.84/modules/pending/discord_game_utils-1.zip: 18%
2/5/2025, 6:15:33 PM GMT+1 [Modules] Streaming discord_game_utils@1 to /home/arch/.config/discord/0.0.84/modules/pending/discord_game_utils-1.zip: 19%
2/5/2025, 6:15:33 PM GMT+1 [Modules] Streaming discord_game_utils@1 to /home/arch/.config/discord/0.0.84/modules/pending/discord_game_utils-1.zip: 20%
2/5/2025, 6:15:33 PM GMT+1 [Modules] Streaming discord_game_utils@1 to /home/arch/.config/discord/0.0.84/modules/pending/discord_game_utils-1.zip: 21%
2/5/2025, 6:15:33 PM GMT+1 [Modules] Streaming discord_game_utils@1 to /home/arch/.config/discord/0.0.84/modules/pending/discord_game_utils-1.zip: 22%
2/5/2025, 6:15:33 PM GMT+1 [Modules] Streaming discord_game_utils@1 to /home/arch/.config/discord/0.0.84/modules/pending/discord_game_utils-1.zip: 23%
2/5/2025, 6:15:33 PM GMT+1 [Modules] Streaming discord_game_utils@1 to /home/arch/.config/discord/0.0.84/modules/pending/discord_game_utils-1.zip: 24%
2/5/2025, 6:15:33 PM GMT+1 [Modules] Streaming discord_game_utils@1 to /home/arch/.config/discord/0.0.84/modules/pending/discord_game_utils-1.zip: 25%
2/5/2025, 6:15:33 PM GMT+1 [Modules] Streaming discord_game_utils@1 to /home/arch/.config/discord/0.0.84/modules/pending/discord_game_utils-1.zip: 26%
2/5/2025, 6:15:33 PM GMT+1 [Modules] Streaming discord_game_utils@1 to /home/arch/.config/discord/0.0.84/modules/pending/discord_game_utils-1.zip: 27%
2/5/2025, 6:15:33 PM GMT+1 [Modules] Streaming discord_game_utils@1 to /home/arch/.config/discord/0.0.84/modules/pending/discord_game_utils-1.zip: 28%
2/5/2025, 6:15:33 PM GMT+1 [Modules] Streaming discord_game_utils@1 to /home/arch/.config/discord/0.0.84/modules/pending/discord_game_utils-1.zip: 29%
2/5/2025, 6:15:33 PM GMT+1 [Modules] Streaming discord_game_utils@1 to /home/arch/.config/discord/0.0.84/modules/pending/discord_game_utils-1.zip: 30%
2/5/2025, 6:15:33 PM GMT+1 [Modules] Streaming discord_game_utils@1 to /home/arch/.config/discord/0.0.84/modules/pending/discord_game_utils-1.zip: 31%
2/5/2025, 6:15:33 PM GMT+1 [Modules] Streaming discord_game_utils@1 to /home/arch/.config/discord/0.0.84/modules/pending/discord_game_utils-1.zip: 32%
2/5/2025, 6:15:33 PM GMT+1 [Modules] Streaming discord_game_utils@1 to /home/arch/.config/discord/0.0.84/modules/pending/discord_game_utils-1.zip: 33%
2/5/2025, 6:15:33 PM GMT+1 [Modules] Streaming discord_game_utils@1 to /home/arch/.config/discord/0.0.84/modules/pending/discord_game_utils-1.zip: 34%
2/5/2025, 6:15:33 PM GMT+1 [Modules] Streaming discord_game_utils@1 to /home/arch/.config/discord/0.0.84/modules/pending/discord_game_utils-1.zip: 35%
2/5/2025, 6:15:33 PM GMT+1 [Modules] Streaming discord_game_utils@1 to /home/arch/.config/discord/0.0.84/modules/pending/discord_game_utils-1.zip: 36%
2/5/2025, 6:15:33 PM GMT+1 [Modules] Streaming discord_game_utils@1 to /home/arch/.config/discord/0.0.84/modules/pending/discord_game_utils-1.zip: 37%
2/5/2025, 6:15:33 PM GMT+1 [Modules] Streaming discord_game_utils@1 to /home/arch/.config/discord/0.0.84/modules/pending/discord_game_utils-1.zip: 38%
2/5/2025, 6:15:33 PM GMT+1 [Modules] Streaming discord_game_utils@1 to /home/arch/.config/discord/0.0.84/modules/pending/discord_game_utils-1.zip: 39%
2/5/2025, 6:15:33 PM GMT+1 [Modules] Streaming discord_game_utils@1 to /home/arch/.config/discord/0.0.84/modules/pending/discord_game_utils-1.zip: 40%
2/5/2025, 6:15:33 PM GMT+1 [Modules] Streaming discord_game_utils@1 to /home/arch/.config/discord/0.0.84/modules/pending/discord_game_utils-1.zip: 41%
2/5/2025, 6:15:33 PM GMT+1 [Modules] Streaming discord_game_utils@1 to /home/arch/.config/discord/0.0.84/modules/pending/discord_game_utils-1.zip: 42%
2/5/2025, 6:15:33 PM GMT+1 [Modules] Streaming discord_game_utils@1 to /home/arch/.config/discord/0.0.84/modules/pending/discord_game_utils-1.zip: 43%
2/5/2025, 6:15:33 PM GMT+1 [Modules] Streaming discord_game_utils@1 to /home/arch/.config/discord/0.0.84/modules/pending/discord_game_utils-1.zip: 44%
2/5/2025, 6:15:33 PM GMT+1 [Modules] Streaming discord_game_utils@1 to /home/arch/.config/discord/0.0.84/modules/pending/discord_game_utils-1.zip: 45%
2/5/2025, 6:15:33 PM GMT+1 [Modules] Streaming discord_game_utils@1 to /home/arch/.config/discord/0.0.84/modules/pending/discord_game_utils-1.zip: 46%
2/5/2025, 6:15:33 PM GMT+1 [Modules] Streaming discord_game_utils@1 to /home/arch/.config/discord/0.0.84/modules/pending/discord_game_utils-1.zip: 47%
2/5/2025, 6:15:33 PM GMT+1 [Modules] Streaming discord_game_utils@1 to /home/arch/.config/discord/0.0.84/modules/pending/discord_game_utils-1.zip: 48%
2/5/2025, 6:15:33 PM GMT+1 [Modules] Streaming discord_game_utils@1 to /home/arch/.config/discord/0.0.84/modules/pending/discord_game_utils-1.zip: 49%
2/5/2025, 6:15:33 PM GMT+1 [Modules] Streaming discord_game_utils@1 to /home/arch/.config/discord/0.0.84/modules/pending/discord_game_utils-1.zip: 50%
2/5/2025, 6:15:33 PM GMT+1 [Modules] Streaming discord_game_utils@1 to /home/arch/.config/discord/0.0.84/modules/pending/discord_game_utils-1.zip: 51%
2/5/2025, 6:15:33 PM GMT+1 [Modules] Streaming discord_game_utils@1 to /home/arch/.config/discord/0.0.84/modules/pending/discord_game_utils-1.zip: 52%
2/5/2025, 6:15:33 PM GMT+1 [Modules] Streaming discord_game_utils@1 to /home/arch/.config/discord/0.0.84/modules/pending/discord_game_utils-1.zip: 53%
2/5/2025, 6:15:33 PM GMT+1 [Modules] Streaming discord_game_utils@1 to /home/arch/.config/discord/0.0.84/modules/pending/discord_game_utils-1.zip: 54%
2/5/2025, 6:15:33 PM GMT+1 [Modules] Streaming discord_game_utils@1 to /home/arch/.config/discord/0.0.84/modules/pending/discord_game_utils-1.zip: 55%
2/5/2025, 6:15:33 PM GMT+1 [Modules] Streaming discord_game_utils@1 to /home/arch/.config/discord/0.0.84/modules/pending/discord_game_utils-1.zip: 56%
2/5/2025, 6:15:33 PM GMT+1 [Modules] Streaming discord_game_utils@1 to /home/arch/.config/discord/0.0.84/modules/pending/discord_game_utils-1.zip: 57%
2/5/2025, 6:15:33 PM GMT+1 [Modules] Streaming discord_game_utils@1 to /home/arch/.config/discord/0.0.84/modules/pending/discord_game_utils-1.zip: 58%
2/5/2025, 6:15:33 PM GMT+1 [Modules] Streaming discord_game_utils@1 to /home/arch/.config/discord/0.0.84/modules/pending/discord_game_utils-1.zip: 59%
2/5/2025, 6:15:33 PM GMT+1 [Modules] Streaming discord_game_utils@1 to /home/arch/.config/discord/0.0.84/modules/pending/discord_game_utils-1.zip: 60%
2/5/2025, 6:15:33 PM GMT+1 [Modules] Streaming discord_game_utils@1 to /home/arch/.config/discord/0.0.84/modules/pending/discord_game_utils-1.zip: 61%
2/5/2025, 6:15:33 PM GMT+1 [Modules] Streaming discord_game_utils@1 to /home/arch/.config/discord/0.0.84/modules/pending/discord_game_utils-1.zip: 62%
2/5/2025, 6:15:33 PM GMT+1 [Modules] Streaming discord_game_utils@1 to /home/arch/.config/discord/0.0.84/modules/pending/discord_game_utils-1.zip: 63%
2/5/2025, 6:15:33 PM GMT+1 [Modules] Streaming discord_game_utils@1 to /home/arch/.config/discord/0.0.84/modules/pending/discord_game_utils-1.zip: 64%
2/5/2025, 6:15:33 PM GMT+1 [Modules] Streaming discord_game_utils@1 to /home/arch/.config/discord/0.0.84/modules/pending/discord_game_utils-1.zip: 65%
2/5/2025, 6:15:33 PM GMT+1 [Modules] Streaming discord_game_utils@1 to /home/arch/.config/discord/0.0.84/modules/pending/discord_game_utils-1.zip: 67%
2/5/2025, 6:15:33 PM GMT+1 [Modules] Streaming discord_game_utils@1 to /home/arch/.config/discord/0.0.84/modules/pending/discord_game_utils-1.zip: 68%
2/5/2025, 6:15:33 PM GMT+1 [Modules] Streaming discord_game_utils@1 to /home/arch/.config/discord/0.0.84/modules/pending/discord_game_utils-1.zip: 69%
2/5/2025, 6:15:33 PM GMT+1 [Modules] Streaming discord_game_utils@1 to /home/arch/.config/discord/0.0.84/modules/pending/discord_game_utils-1.zip: 70%
2/5/2025, 6:15:33 PM GMT+1 [Modules] Streaming discord_game_utils@1 to /home/arch/.config/discord/0.0.84/modules/pending/discord_game_utils-1.zip: 71%
2/5/2025, 6:15:33 PM GMT+1 [Modules] Streaming discord_game_utils@1 to /home/arch/.config/discord/0.0.84/modules/pending/discord_game_utils-1.zip: 72%
2/5/2025, 6:15:33 PM GMT+1 [Modules] Streaming discord_game_utils@1 to /home/arch/.config/discord/0.0.84/modules/pending/discord_game_utils-1.zip: 73%
2/5/2025, 6:15:33 PM GMT+1 [Modules] Streaming discord_game_utils@1 to /home/arch/.config/discord/0.0.84/modules/pending/discord_game_utils-1.zip: 74%
2/5/2025, 6:15:33 PM GMT+1 [Modules] Streaming discord_game_utils@1 to /home/arch/.config/discord/0.0.84/modules/pending/discord_game_utils-1.zip: 75%
2/5/2025, 6:15:33 PM GMT+1 [Modules] Streaming discord_game_utils@1 to /home/arch/.config/discord/0.0.84/modules/pending/discord_game_utils-1.zip: 76%
2/5/2025, 6:15:33 PM GMT+1 [Modules] Streaming discord_game_utils@1 to /home/arch/.config/discord/0.0.84/modules/pending/discord_game_utils-1.zip: 77%
2/5/2025, 6:15:33 PM GMT+1 [Modules] Streaming discord_game_utils@1 to /home/arch/.config/discord/0.0.84/modules/pending/discord_game_utils-1.zip: 78%
2/5/2025, 6:15:33 PM GMT+1 [Modules] Streaming discord_game_utils@1 to /home/arch/.config/discord/0.0.84/modules/pending/discord_game_utils-1.zip: 79%
2/5/2025, 6:15:33 PM GMT+1 [Modules] Streaming discord_game_utils@1 to /home/arch/.config/discord/0.0.84/modules/pending/discord_game_utils-1.zip: 80%
2/5/2025, 6:15:33 PM GMT+1 [Modules] Streaming discord_game_utils@1 to /home/arch/.config/discord/0.0.84/modules/pending/discord_game_utils-1.zip: 81%
2/5/2025, 6:15:33 PM GMT+1 [Modules] Streaming discord_game_utils@1 to /home/arch/.config/discord/0.0.84/modules/pending/discord_game_utils-1.zip: 82%
2/5/2025, 6:15:33 PM GMT+1 [Modules] Streaming discord_game_utils@1 to /home/arch/.config/discord/0.0.84/modules/pending/discord_game_utils-1.zip: 83%
2/5/2025, 6:15:33 PM GMT+1 [Modules] Streaming discord_game_utils@1 to /home/arch/.config/discord/0.0.84/modules/pending/discord_game_utils-1.zip: 84%
2/5/2025, 6:15:33 PM GMT+1 [Modules] Streaming discord_game_utils@1 to /home/arch/.config/discord/0.0.84/modules/pending/discord_game_utils-1.zip: 85%
2/5/2025, 6:15:33 PM GMT+1 [Modules] Streaming discord_game_utils@1 to /home/arch/.config/discord/0.0.84/modules/pending/discord_game_utils-1.zip: 86%
2/5/2025, 6:15:33 PM GMT+1 [Modules] Streaming discord_game_utils@1 to /home/arch/.config/discord/0.0.84/modules/pending/discord_game_utils-1.zip: 87%
2/5/2025, 6:15:33 PM GMT+1 [Modules] Streaming discord_game_utils@1 to /home/arch/.config/discord/0.0.84/modules/pending/discord_game_utils-1.zip: 88%
2/5/2025, 6:15:33 PM GMT+1 [Modules] Streaming discord_game_utils@1 to /home/arch/.config/discord/0.0.84/modules/pending/discord_game_utils-1.zip: 89%
2/5/2025, 6:15:33 PM GMT+1 [Modules] Streaming discord_game_utils@1 to /home/arch/.config/discord/0.0.84/modules/pending/discord_game_utils-1.zip: 90%
2/5/2025, 6:15:33 PM GMT+1 [Modules] Streaming discord_game_utils@1 to /home/arch/.config/discord/0.0.84/modules/pending/discord_game_utils-1.zip: 91%
2/5/2025, 6:15:33 PM GMT+1 [Modules] Streaming discord_game_utils@1 to /home/arch/.config/discord/0.0.84/modules/pending/discord_game_utils-1.zip: 92%
2/5/2025, 6:15:33 PM GMT+1 [Modules] Streaming discord_game_utils@1 to /home/arch/.config/discord/0.0.84/modules/pending/discord_game_utils-1.zip: 93%
2/5/2025, 6:15:33 PM GMT+1 [Modules] Streaming discord_game_utils@1 to /home/arch/.config/discord/0.0.84/modules/pending/discord_game_utils-1.zip: 94%
2/5/2025, 6:15:33 PM GMT+1 [Modules] Streaming discord_game_utils@1 to /home/arch/.config/discord/0.0.84/modules/pending/discord_game_utils-1.zip: 95%
2/5/2025, 6:15:33 PM GMT+1 [Modules] Streaming discord_game_utils@1 to /home/arch/.config/discord/0.0.84/modules/pending/discord_game_utils-1.zip: 96%
2/5/2025, 6:15:33 PM GMT+1 [Modules] Streaming discord_game_utils@1 to /home/arch/.config/discord/0.0.84/modules/pending/discord_game_utils-1.zip: 97%
2/5/2025, 6:15:33 PM GMT+1 [Modules] Streaming discord_game_utils@1 to /home/arch/.config/discord/0.0.84/modules/pending/discord_game_utils-1.zip: 98%
2/5/2025, 6:15:33 PM GMT+1 [Modules] Streaming discord_game_utils@1 to /home/arch/.config/discord/0.0.84/modules/pending/discord_game_utils-1.zip: 99%
2/5/2025, 6:15:33 PM GMT+1 [Modules] Streaming discord_game_utils@1 to /home/arch/.config/discord/0.0.84/modules/pending/discord_game_utils-1.zip: 100%
2/5/2025, 6:15:33 PM GMT+1 [Modules] Fetching discord_rpc@1 from https://discord.com/api/modules/stable/discord_rpc/1
2/5/2025, 6:15:33 PM GMT+1 [Modules] Streaming discord_rpc@1 to /home/arch/.config/discord/0.0.84/modules/pending/discord_rpc-1.zip
2/5/2025, 6:15:33 PM GMT+1 [Modules] Installing discord_game_utils@1 from /home/arch/.config/discord/0.0.84/modules/pending/discord_game_utils-1.zip
2/5/2025, 6:15:33 PM GMT+1 [Modules] Finished module installations. [success: 1] [failure: 0]
2/5/2025, 6:15:33 PM GMT+1 [Modules] Streaming discord_rpc@1 to /home/arch/.config/discord/0.0.84/modules/pending/discord_rpc-1.zip: 40%
2/5/2025, 6:15:33 PM GMT+1 [Modules] Streaming discord_rpc@1 to /home/arch/.config/discord/0.0.84/modules/pending/discord_rpc-1.zip: 55%
2/5/2025, 6:15:33 PM GMT+1 [Modules] Streaming discord_rpc@1 to /home/arch/.config/discord/0.0.84/modules/pending/discord_rpc-1.zip: 67%
2/5/2025, 6:15:33 PM GMT+1 [Modules] Streaming discord_rpc@1 to /home/arch/.config/discord/0.0.84/modules/pending/discord_rpc-1.zip: 70%
2/5/2025, 6:15:33 PM GMT+1 [Modules] Streaming discord_rpc@1 to /home/arch/.config/discord/0.0.84/modules/pending/discord_rpc-1.zip: 81%
2/5/2025, 6:15:33 PM GMT+1 [Modules] Streaming discord_rpc@1 to /home/arch/.config/discord/0.0.84/modules/pending/discord_rpc-1.zip: 87%
2/5/2025, 6:15:33 PM GMT+1 [Modules] Streaming discord_rpc@1 to /home/arch/.config/discord/0.0.84/modules/pending/discord_rpc-1.zip: 90%
2/5/2025, 6:15:33 PM GMT+1 [Modules] Streaming discord_rpc@1 to /home/arch/.config/discord/0.0.84/modules/pending/discord_rpc-1.zip: 100%
2/5/2025, 6:15:33 PM GMT+1 [Modules] Finished module downloads. [success: 3] [failure: 0]
2/5/2025, 6:15:33 PM GMT+1 [Modules] Installing discord_rpc@1 from /home/arch/.config/discord/0.0.84/modules/pending/discord_rpc-1.zip
2/5/2025, 6:15:33 PM GMT+1 [Modules] Finished module installations. [success: 1] [failure: 0]
2/5/2025, 6:17:39 PM GMT+1 [Modules] Modules initializing
2/5/2025, 6:17:39 PM GMT+1 [Modules] Distribution: remote
2/5/2025, 6:17:39 PM GMT+1 [Modules] Host updates: enabled
2/5/2025, 6:17:39 PM GMT+1 [Modules] Module updates: enabled
2/5/2025, 6:17:39 PM GMT+1 [Modules] Module install path: /home/arch/.config/discord/0.0.84/modules
2/5/2025, 6:17:39 PM GMT+1 [Modules] Module installed file path: /home/arch/.config/discord/0.0.84/modules/installed.json
2/5/2025, 6:17:39 PM GMT+1 [Modules] Module download path: /home/arch/.config/discord/0.0.84/modules/pending
2/5/2025, 6:17:39 PM GMT+1 [Modules] No updates to install
2/5/2025, 6:17:39 PM GMT+1 [Modules] Checking for host updates.
2/5/2025, 6:17:39 PM GMT+1 [Modules] Host is up to date.
2/5/2025, 6:17:39 PM GMT+1 [Modules] Checking for module updates at https://discord.com/api/modules/stable/versions.json
2/5/2025, 6:17:39 PM GMT+1 [Modules] No module updates available.
2/5/2025, 6:17:41 PM GMT+1 [Modules] Checking for host updates.
2/5/2025, 6:17:41 PM GMT+1 [Modules] Host is up to date.
2/5/2025, 6:17:41 PM GMT+1 [Modules] Checking for module updates at https://discord.com/api/modules/stable/versions.json
2/5/2025, 6:17:41 PM GMT+1 [Modules] No module updates available.
