2024-09-16 14:59:51.231 [info] Extension host with pid 1586 started
2024-09-16 14:59:51.231 [info] Skipping acquiring lock for /home/arch/.config/VSCodium/User/workspaceStorage/ab714463de1229cb295ff608726017ab.
2024-09-16 14:59:51.334 [info] ExtensionService#_doActivateExtension vscode.media-preview, startup: false, activationEvent: 'onCustomEditor:vscode.audioPreview'
2024-09-16 14:59:51.370 [info] ExtensionService#_doActivateExtension vscode.git-base, startup: true, activationEvent: '*', root cause: vscode.git
2024-09-16 14:59:51.371 [info] ExtensionService#_doActivateExtension oderwat.indent-rainbow, startup: true, activationEvent: '*'
2024-09-16 14:59:51.373 [info] ExtensionService#_doActivateExtension rust-lang.rust-analyzer, startup: true, activationEvent: 'workspaceContains:Cargo.toml'
2024-09-16 14:59:51.417 [info] ExtensionService#_doActivateExtension vscode.git, startup: true, activationEvent: '*'
2024-09-16 14:59:51.435 [info] ExtensionService#_doActivateExtension vscode.github, startup: true, activationEvent: '*'
2024-09-16 14:59:51.591 [info] ExtensionService#_doActivateExtension vscode.emmet, startup: false, activationEvent: 'onLanguage'
2024-09-16 14:59:51.636 [info] Eager extensions activated
2024-09-16 14:59:51.645 [info] ExtensionService#_doActivateExtension vscode.debug-auto-launch, startup: false, activationEvent: 'onStartupFinished'
2024-09-16 14:59:51.649 [info] ExtensionService#_doActivateExtension vscode.merge-conflict, startup: false, activationEvent: 'onStartupFinished'
2024-09-16 14:59:51.653 [info] ExtensionService#_doActivateExtension equinusocio.vsc-material-theme-icons, startup: false, activationEvent: 'onStartupFinished'
2024-09-16 14:59:51.681 [info] ExtensionService#_doActivateExtension vscodevim.vim, startup: false, activationEvent: 'onStartupFinished'
2024-09-16 14:59:52.543 [error] Error: No such branch: master.
	at N.getBranch (/opt/vscodium-bin/resources/app/extensions/git/dist/main.js:2:937064)
	at async T.retryRun (/opt/vscodium-bin/resources/app/extensions/git/dist/main.js:2:1032765)
	at async T.run (/opt/vscodium-bin/resources/app/extensions/git/dist/main.js:2:1032369)
	at async T.getBranch (/opt/vscodium-bin/resources/app/extensions/git/dist/main.js:2:1020512)
	at async T.getBranchBase (/opt/vscodium-bin/resources/app/extensions/git/dist/main.js:2:1020798)
	at async t.GitHistoryProvider.resolveHEADMergeBase (/opt/vscodium-bin/resources/app/extensions/git/dist/main.js:2:948359)
	at async t.GitHistoryProvider.onDidRunGitStatus (/opt/vscodium-bin/resources/app/extensions/git/dist/main.js:2:941686)
2024-09-16 14:59:52.597 [error] Error: No such branch: master.
	at N.getBranch (/opt/vscodium-bin/resources/app/extensions/git/dist/main.js:2:937064)
	at async T.retryRun (/opt/vscodium-bin/resources/app/extensions/git/dist/main.js:2:1032765)
	at async T.run (/opt/vscodium-bin/resources/app/extensions/git/dist/main.js:2:1032369)
	at async T.getBranch (/opt/vscodium-bin/resources/app/extensions/git/dist/main.js:2:1020512)
	at async T.getBranchBase (/opt/vscodium-bin/resources/app/extensions/git/dist/main.js:2:1020798)
	at async t.GitHistoryProvider.resolveHEADMergeBase (/opt/vscodium-bin/resources/app/extensions/git/dist/main.js:2:948359)
	at async t.GitHistoryProvider.onDidRunGitStatus (/opt/vscodium-bin/resources/app/extensions/git/dist/main.js:2:941686)
2024-09-16 14:59:54.687 [error] Error: No such branch: master.
	at N.getBranch (/opt/vscodium-bin/resources/app/extensions/git/dist/main.js:2:937064)
	at async T.retryRun (/opt/vscodium-bin/resources/app/extensions/git/dist/main.js:2:1032765)
	at async T.run (/opt/vscodium-bin/resources/app/extensions/git/dist/main.js:2:1032369)
	at async T.getBranch (/opt/vscodium-bin/resources/app/extensions/git/dist/main.js:2:1020512)
	at async T.getBranchBase (/opt/vscodium-bin/resources/app/extensions/git/dist/main.js:2:1020798)
	at async t.GitHistoryProvider.resolveHEADMergeBase (/opt/vscodium-bin/resources/app/extensions/git/dist/main.js:2:948359)
	at async t.GitHistoryProvider.onDidRunGitStatus (/opt/vscodium-bin/resources/app/extensions/git/dist/main.js:2:941686)
2024-09-16 15:00:11.763 [error] Error: No such branch: master.
	at N.getBranch (/opt/vscodium-bin/resources/app/extensions/git/dist/main.js:2:937064)
	at async T.retryRun (/opt/vscodium-bin/resources/app/extensions/git/dist/main.js:2:1032765)
	at async T.run (/opt/vscodium-bin/resources/app/extensions/git/dist/main.js:2:1032369)
	at async T.getBranch (/opt/vscodium-bin/resources/app/extensions/git/dist/main.js:2:1020512)
	at async T.getBranchBase (/opt/vscodium-bin/resources/app/extensions/git/dist/main.js:2:1020798)
	at async t.GitHistoryProvider.resolveHEADMergeBase (/opt/vscodium-bin/resources/app/extensions/git/dist/main.js:2:948359)
	at async t.GitHistoryProvider.onDidRunGitStatus (/opt/vscodium-bin/resources/app/extensions/git/dist/main.js:2:941686)
2024-09-16 15:00:16.782 [error] Error: No such branch: master.
	at N.getBranch (/opt/vscodium-bin/resources/app/extensions/git/dist/main.js:2:937064)
	at async T.retryRun (/opt/vscodium-bin/resources/app/extensions/git/dist/main.js:2:1032765)
	at async T.run (/opt/vscodium-bin/resources/app/extensions/git/dist/main.js:2:1032369)
	at async T.getBranch (/opt/vscodium-bin/resources/app/extensions/git/dist/main.js:2:1020512)
	at async T.getBranchBase (/opt/vscodium-bin/resources/app/extensions/git/dist/main.js:2:1020798)
	at async t.GitHistoryProvider.resolveHEADMergeBase (/opt/vscodium-bin/resources/app/extensions/git/dist/main.js:2:948359)
	at async t.GitHistoryProvider.onDidRunGitStatus (/opt/vscodium-bin/resources/app/extensions/git/dist/main.js:2:941686)
2024-09-16 15:00:59.420 [error] Error: No such branch: master.
	at N.getBranch (/opt/vscodium-bin/resources/app/extensions/git/dist/main.js:2:937064)
	at async T.retryRun (/opt/vscodium-bin/resources/app/extensions/git/dist/main.js:2:1032765)
	at async T.run (/opt/vscodium-bin/resources/app/extensions/git/dist/main.js:2:1032369)
	at async T.getBranch (/opt/vscodium-bin/resources/app/extensions/git/dist/main.js:2:1020512)
	at async T.getBranchBase (/opt/vscodium-bin/resources/app/extensions/git/dist/main.js:2:1020798)
	at async t.GitHistoryProvider.resolveHEADMergeBase (/opt/vscodium-bin/resources/app/extensions/git/dist/main.js:2:948359)
	at async t.GitHistoryProvider.onDidRunGitStatus (/opt/vscodium-bin/resources/app/extensions/git/dist/main.js:2:941686)
2024-09-16 15:01:51.155 [error] Error: No such branch: master.
	at N.getBranch (/opt/vscodium-bin/resources/app/extensions/git/dist/main.js:2:937064)
	at process.processTicksAndRejections (node:internal/process/task_queues:95:5)
	at async T.retryRun (/opt/vscodium-bin/resources/app/extensions/git/dist/main.js:2:1032765)
	at async T.run (/opt/vscodium-bin/resources/app/extensions/git/dist/main.js:2:1032369)
	at async T.getBranch (/opt/vscodium-bin/resources/app/extensions/git/dist/main.js:2:1020512)
	at async T.getBranchBase (/opt/vscodium-bin/resources/app/extensions/git/dist/main.js:2:1020798)
	at async t.GitHistoryProvider.resolveHEADMergeBase (/opt/vscodium-bin/resources/app/extensions/git/dist/main.js:2:948359)
	at async t.GitHistoryProvider.onDidRunGitStatus (/opt/vscodium-bin/resources/app/extensions/git/dist/main.js:2:941686)
2024-09-16 15:02:55.611 [error] Error: No such branch: master.
	at N.getBranch (/opt/vscodium-bin/resources/app/extensions/git/dist/main.js:2:937064)
	at async T.retryRun (/opt/vscodium-bin/resources/app/extensions/git/dist/main.js:2:1032765)
	at async T.run (/opt/vscodium-bin/resources/app/extensions/git/dist/main.js:2:1032369)
	at async T.getBranch (/opt/vscodium-bin/resources/app/extensions/git/dist/main.js:2:1020512)
	at async T.getBranchBase (/opt/vscodium-bin/resources/app/extensions/git/dist/main.js:2:1020798)
	at async t.GitHistoryProvider.resolveHEADMergeBase (/opt/vscodium-bin/resources/app/extensions/git/dist/main.js:2:948359)
	at async t.GitHistoryProvider.onDidRunGitStatus (/opt/vscodium-bin/resources/app/extensions/git/dist/main.js:2:941686)
2024-09-16 15:02:56.373 [info] ExtensionService#_doActivateExtension vscode.npm, startup: false, activationEvent: 'onTerminalQuickFixRequest:ms-vscode.npm-command'
2024-09-16 15:03:00.630 [error] Error: No such branch: master.
	at N.getBranch (/opt/vscodium-bin/resources/app/extensions/git/dist/main.js:2:937064)
	at async T.retryRun (/opt/vscodium-bin/resources/app/extensions/git/dist/main.js:2:1032765)
	at async T.run (/opt/vscodium-bin/resources/app/extensions/git/dist/main.js:2:1032369)
	at async T.getBranch (/opt/vscodium-bin/resources/app/extensions/git/dist/main.js:2:1020512)
	at async T.getBranchBase (/opt/vscodium-bin/resources/app/extensions/git/dist/main.js:2:1020798)
	at async t.GitHistoryProvider.resolveHEADMergeBase (/opt/vscodium-bin/resources/app/extensions/git/dist/main.js:2:948359)
	at async t.GitHistoryProvider.onDidRunGitStatus (/opt/vscodium-bin/resources/app/extensions/git/dist/main.js:2:941686)
2024-09-16 15:03:47.256 [error] Error: No such branch: master.
	at N.getBranch (/opt/vscodium-bin/resources/app/extensions/git/dist/main.js:2:937064)
	at async T.retryRun (/opt/vscodium-bin/resources/app/extensions/git/dist/main.js:2:1032765)
	at async T.run (/opt/vscodium-bin/resources/app/extensions/git/dist/main.js:2:1032369)
	at async T.getBranch (/opt/vscodium-bin/resources/app/extensions/git/dist/main.js:2:1020512)
	at async T.getBranchBase (/opt/vscodium-bin/resources/app/extensions/git/dist/main.js:2:1020798)
	at async t.GitHistoryProvider.resolveHEADMergeBase (/opt/vscodium-bin/resources/app/extensions/git/dist/main.js:2:948359)
	at async t.GitHistoryProvider.onDidRunGitStatus (/opt/vscodium-bin/resources/app/extensions/git/dist/main.js:2:941686)
2024-09-16 15:04:03.388 [error] Error: No such branch: master.
	at N.getBranch (/opt/vscodium-bin/resources/app/extensions/git/dist/main.js:2:937064)
	at async T.retryRun (/opt/vscodium-bin/resources/app/extensions/git/dist/main.js:2:1032765)
	at async T.run (/opt/vscodium-bin/resources/app/extensions/git/dist/main.js:2:1032369)
	at async T.getBranch (/opt/vscodium-bin/resources/app/extensions/git/dist/main.js:2:1020512)
	at async T.getBranchBase (/opt/vscodium-bin/resources/app/extensions/git/dist/main.js:2:1020798)
	at async t.GitHistoryProvider.resolveHEADMergeBase (/opt/vscodium-bin/resources/app/extensions/git/dist/main.js:2:948359)
	at async t.GitHistoryProvider.onDidRunGitStatus (/opt/vscodium-bin/resources/app/extensions/git/dist/main.js:2:941686)
2024-09-16 15:04:53.130 [error] Error: No such branch: master.
	at N.getBranch (/opt/vscodium-bin/resources/app/extensions/git/dist/main.js:2:937064)
	at async T.retryRun (/opt/vscodium-bin/resources/app/extensions/git/dist/main.js:2:1032765)
	at async T.run (/opt/vscodium-bin/resources/app/extensions/git/dist/main.js:2:1032369)
	at async T.getBranch (/opt/vscodium-bin/resources/app/extensions/git/dist/main.js:2:1020512)
	at async T.getBranchBase (/opt/vscodium-bin/resources/app/extensions/git/dist/main.js:2:1020798)
	at async t.GitHistoryProvider.resolveHEADMergeBase (/opt/vscodium-bin/resources/app/extensions/git/dist/main.js:2:948359)
	at async t.GitHistoryProvider.onDidRunGitStatus (/opt/vscodium-bin/resources/app/extensions/git/dist/main.js:2:941686)
2024-09-16 15:16:33.937 [error] Error: No such branch: master.
	at N.getBranch (/opt/vscodium-bin/resources/app/extensions/git/dist/main.js:2:937064)
	at async T.retryRun (/opt/vscodium-bin/resources/app/extensions/git/dist/main.js:2:1032765)
	at async T.run (/opt/vscodium-bin/resources/app/extensions/git/dist/main.js:2:1032369)
	at async T.getBranch (/opt/vscodium-bin/resources/app/extensions/git/dist/main.js:2:1020512)
	at async T.getBranchBase (/opt/vscodium-bin/resources/app/extensions/git/dist/main.js:2:1020798)
	at async t.GitHistoryProvider.resolveHEADMergeBase (/opt/vscodium-bin/resources/app/extensions/git/dist/main.js:2:948359)
	at async t.GitHistoryProvider.onDidRunGitStatus (/opt/vscodium-bin/resources/app/extensions/git/dist/main.js:2:941686)
2024-09-16 15:17:22.403 [error] Error: No such branch: master.
	at N.getBranch (/opt/vscodium-bin/resources/app/extensions/git/dist/main.js:2:937064)
	at async T.retryRun (/opt/vscodium-bin/resources/app/extensions/git/dist/main.js:2:1032765)
	at async T.run (/opt/vscodium-bin/resources/app/extensions/git/dist/main.js:2:1032369)
	at async T.getBranch (/opt/vscodium-bin/resources/app/extensions/git/dist/main.js:2:1020512)
	at async T.getBranchBase (/opt/vscodium-bin/resources/app/extensions/git/dist/main.js:2:1020798)
	at async t.GitHistoryProvider.resolveHEADMergeBase (/opt/vscodium-bin/resources/app/extensions/git/dist/main.js:2:948359)
	at async t.GitHistoryProvider.onDidRunGitStatus (/opt/vscodium-bin/resources/app/extensions/git/dist/main.js:2:941686)
2024-09-16 15:17:27.422 [error] Error: No such branch: master.
	at N.getBranch (/opt/vscodium-bin/resources/app/extensions/git/dist/main.js:2:937064)
	at async T.retryRun (/opt/vscodium-bin/resources/app/extensions/git/dist/main.js:2:1032765)
	at async T.run (/opt/vscodium-bin/resources/app/extensions/git/dist/main.js:2:1032369)
	at async T.getBranch (/opt/vscodium-bin/resources/app/extensions/git/dist/main.js:2:1020512)
	at async T.getBranchBase (/opt/vscodium-bin/resources/app/extensions/git/dist/main.js:2:1020798)
	at async t.GitHistoryProvider.resolveHEADMergeBase (/opt/vscodium-bin/resources/app/extensions/git/dist/main.js:2:948359)
	at async t.GitHistoryProvider.onDidRunGitStatus (/opt/vscodium-bin/resources/app/extensions/git/dist/main.js:2:941686)
2024-09-16 15:18:14.077 [error] Error: No such branch: master.
	at N.getBranch (/opt/vscodium-bin/resources/app/extensions/git/dist/main.js:2:937064)
	at async T.retryRun (/opt/vscodium-bin/resources/app/extensions/git/dist/main.js:2:1032765)
	at async T.run (/opt/vscodium-bin/resources/app/extensions/git/dist/main.js:2:1032369)
	at async T.getBranch (/opt/vscodium-bin/resources/app/extensions/git/dist/main.js:2:1020512)
	at async T.getBranchBase (/opt/vscodium-bin/resources/app/extensions/git/dist/main.js:2:1020798)
	at async t.GitHistoryProvider.resolveHEADMergeBase (/opt/vscodium-bin/resources/app/extensions/git/dist/main.js:2:948359)
	at async t.GitHistoryProvider.onDidRunGitStatus (/opt/vscodium-bin/resources/app/extensions/git/dist/main.js:2:941686)
2024-09-16 15:18:19.095 [error] Error: No such branch: master.
	at N.getBranch (/opt/vscodium-bin/resources/app/extensions/git/dist/main.js:2:937064)
	at async T.retryRun (/opt/vscodium-bin/resources/app/extensions/git/dist/main.js:2:1032765)
	at async T.run (/opt/vscodium-bin/resources/app/extensions/git/dist/main.js:2:1032369)
	at async T.getBranch (/opt/vscodium-bin/resources/app/extensions/git/dist/main.js:2:1020512)
	at async T.getBranchBase (/opt/vscodium-bin/resources/app/extensions/git/dist/main.js:2:1020798)
	at async t.GitHistoryProvider.resolveHEADMergeBase (/opt/vscodium-bin/resources/app/extensions/git/dist/main.js:2:948359)
	at async t.GitHistoryProvider.onDidRunGitStatus (/opt/vscodium-bin/resources/app/extensions/git/dist/main.js:2:941686)
2024-09-16 15:22:22.418 [error] Error: No such branch: master.
	at N.getBranch (/opt/vscodium-bin/resources/app/extensions/git/dist/main.js:2:937064)
	at async T.retryRun (/opt/vscodium-bin/resources/app/extensions/git/dist/main.js:2:1032765)
	at async T.run (/opt/vscodium-bin/resources/app/extensions/git/dist/main.js:2:1032369)
	at async T.getBranch (/opt/vscodium-bin/resources/app/extensions/git/dist/main.js:2:1020512)
	at async T.getBranchBase (/opt/vscodium-bin/resources/app/extensions/git/dist/main.js:2:1020798)
	at async t.GitHistoryProvider.resolveHEADMergeBase (/opt/vscodium-bin/resources/app/extensions/git/dist/main.js:2:948359)
	at async t.GitHistoryProvider.onDidRunGitStatus (/opt/vscodium-bin/resources/app/extensions/git/dist/main.js:2:941686)
2024-09-16 15:22:27.441 [error] Error: No such branch: master.
	at N.getBranch (/opt/vscodium-bin/resources/app/extensions/git/dist/main.js:2:937064)
	at async T.retryRun (/opt/vscodium-bin/resources/app/extensions/git/dist/main.js:2:1032765)
	at async T.run (/opt/vscodium-bin/resources/app/extensions/git/dist/main.js:2:1032369)
	at async T.getBranch (/opt/vscodium-bin/resources/app/extensions/git/dist/main.js:2:1020512)
	at async T.getBranchBase (/opt/vscodium-bin/resources/app/extensions/git/dist/main.js:2:1020798)
	at async t.GitHistoryProvider.resolveHEADMergeBase (/opt/vscodium-bin/resources/app/extensions/git/dist/main.js:2:948359)
	at async t.GitHistoryProvider.onDidRunGitStatus (/opt/vscodium-bin/resources/app/extensions/git/dist/main.js:2:941686)
2024-09-16 15:23:09.074 [error] Error: No such branch: master.
	at N.getBranch (/opt/vscodium-bin/resources/app/extensions/git/dist/main.js:2:937064)
	at async T.retryRun (/opt/vscodium-bin/resources/app/extensions/git/dist/main.js:2:1032765)
	at async T.run (/opt/vscodium-bin/resources/app/extensions/git/dist/main.js:2:1032369)
	at async T.getBranch (/opt/vscodium-bin/resources/app/extensions/git/dist/main.js:2:1020512)
	at async T.getBranchBase (/opt/vscodium-bin/resources/app/extensions/git/dist/main.js:2:1020798)
	at async t.GitHistoryProvider.resolveHEADMergeBase (/opt/vscodium-bin/resources/app/extensions/git/dist/main.js:2:948359)
	at async t.GitHistoryProvider.onDidRunGitStatus (/opt/vscodium-bin/resources/app/extensions/git/dist/main.js:2:941686)
2024-09-16 15:23:14.097 [error] Error: No such branch: master.
	at N.getBranch (/opt/vscodium-bin/resources/app/extensions/git/dist/main.js:2:937064)
	at async T.retryRun (/opt/vscodium-bin/resources/app/extensions/git/dist/main.js:2:1032765)
	at async T.run (/opt/vscodium-bin/resources/app/extensions/git/dist/main.js:2:1032369)
	at async T.getBranch (/opt/vscodium-bin/resources/app/extensions/git/dist/main.js:2:1020512)
	at async T.getBranchBase (/opt/vscodium-bin/resources/app/extensions/git/dist/main.js:2:1020798)
	at async t.GitHistoryProvider.resolveHEADMergeBase (/opt/vscodium-bin/resources/app/extensions/git/dist/main.js:2:948359)
	at async t.GitHistoryProvider.onDidRunGitStatus (/opt/vscodium-bin/resources/app/extensions/git/dist/main.js:2:941686)
2024-09-16 15:23:33.256 [error] Error: No such branch: master.
	at N.getBranch (/opt/vscodium-bin/resources/app/extensions/git/dist/main.js:2:937064)
	at async T.retryRun (/opt/vscodium-bin/resources/app/extensions/git/dist/main.js:2:1032765)
	at async T.run (/opt/vscodium-bin/resources/app/extensions/git/dist/main.js:2:1032369)
	at async T.getBranch (/opt/vscodium-bin/resources/app/extensions/git/dist/main.js:2:1020512)
	at async T.getBranchBase (/opt/vscodium-bin/resources/app/extensions/git/dist/main.js:2:1020798)
	at async t.GitHistoryProvider.resolveHEADMergeBase (/opt/vscodium-bin/resources/app/extensions/git/dist/main.js:2:948359)
	at async t.GitHistoryProvider.onDidRunGitStatus (/opt/vscodium-bin/resources/app/extensions/git/dist/main.js:2:941686)
2024-09-16 15:23:38.277 [error] Error: No such branch: master.
	at N.getBranch (/opt/vscodium-bin/resources/app/extensions/git/dist/main.js:2:937064)
	at async T.retryRun (/opt/vscodium-bin/resources/app/extensions/git/dist/main.js:2:1032765)
	at async T.run (/opt/vscodium-bin/resources/app/extensions/git/dist/main.js:2:1032369)
	at async T.getBranch (/opt/vscodium-bin/resources/app/extensions/git/dist/main.js:2:1020512)
	at async T.getBranchBase (/opt/vscodium-bin/resources/app/extensions/git/dist/main.js:2:1020798)
	at async t.GitHistoryProvider.resolveHEADMergeBase (/opt/vscodium-bin/resources/app/extensions/git/dist/main.js:2:948359)
	at async t.GitHistoryProvider.onDidRunGitStatus (/opt/vscodium-bin/resources/app/extensions/git/dist/main.js:2:941686)
2024-09-16 15:23:51.682 [error] Error: No such branch: master.
	at N.getBranch (/opt/vscodium-bin/resources/app/extensions/git/dist/main.js:2:937064)
	at async T.retryRun (/opt/vscodium-bin/resources/app/extensions/git/dist/main.js:2:1032765)
	at async T.run (/opt/vscodium-bin/resources/app/extensions/git/dist/main.js:2:1032369)
	at async T.getBranch (/opt/vscodium-bin/resources/app/extensions/git/dist/main.js:2:1020512)
	at async T.getBranchBase (/opt/vscodium-bin/resources/app/extensions/git/dist/main.js:2:1020798)
	at async t.GitHistoryProvider.resolveHEADMergeBase (/opt/vscodium-bin/resources/app/extensions/git/dist/main.js:2:948359)
	at async t.GitHistoryProvider.onDidRunGitStatus (/opt/vscodium-bin/resources/app/extensions/git/dist/main.js:2:941686)
2024-09-16 15:26:47.348 [error] Error: No such branch: master.
	at N.getBranch (/opt/vscodium-bin/resources/app/extensions/git/dist/main.js:2:937064)
	at async T.retryRun (/opt/vscodium-bin/resources/app/extensions/git/dist/main.js:2:1032765)
	at async T.run (/opt/vscodium-bin/resources/app/extensions/git/dist/main.js:2:1032369)
	at async T.getBranch (/opt/vscodium-bin/resources/app/extensions/git/dist/main.js:2:1020512)
	at async T.getBranchBase (/opt/vscodium-bin/resources/app/extensions/git/dist/main.js:2:1020798)
	at async t.GitHistoryProvider.resolveHEADMergeBase (/opt/vscodium-bin/resources/app/extensions/git/dist/main.js:2:948359)
	at async t.GitHistoryProvider.onDidRunGitStatus (/opt/vscodium-bin/resources/app/extensions/git/dist/main.js:2:941686)
2024-09-16 15:26:52.417 [error] Error: No such branch: master.
	at N.getBranch (/opt/vscodium-bin/resources/app/extensions/git/dist/main.js:2:937064)
	at async T.retryRun (/opt/vscodium-bin/resources/app/extensions/git/dist/main.js:2:1032765)
	at async T.run (/opt/vscodium-bin/resources/app/extensions/git/dist/main.js:2:1032369)
	at async T.getBranch (/opt/vscodium-bin/resources/app/extensions/git/dist/main.js:2:1020512)
	at async T.getBranchBase (/opt/vscodium-bin/resources/app/extensions/git/dist/main.js:2:1020798)
	at async t.GitHistoryProvider.resolveHEADMergeBase (/opt/vscodium-bin/resources/app/extensions/git/dist/main.js:2:948359)
	at async t.GitHistoryProvider.onDidRunGitStatus (/opt/vscodium-bin/resources/app/extensions/git/dist/main.js:2:941686)
2024-09-16 15:26:57.438 [error] Error: No such branch: master.
	at N.getBranch (/opt/vscodium-bin/resources/app/extensions/git/dist/main.js:2:937064)
	at async T.retryRun (/opt/vscodium-bin/resources/app/extensions/git/dist/main.js:2:1032765)
	at async T.run (/opt/vscodium-bin/resources/app/extensions/git/dist/main.js:2:1032369)
	at async T.getBranch (/opt/vscodium-bin/resources/app/extensions/git/dist/main.js:2:1020512)
	at async T.getBranchBase (/opt/vscodium-bin/resources/app/extensions/git/dist/main.js:2:1020798)
	at async t.GitHistoryProvider.resolveHEADMergeBase (/opt/vscodium-bin/resources/app/extensions/git/dist/main.js:2:948359)
	at async t.GitHistoryProvider.onDidRunGitStatus (/opt/vscodium-bin/resources/app/extensions/git/dist/main.js:2:941686)
2024-09-16 15:27:20.650 [error] Error: No such branch: master.
	at N.getBranch (/opt/vscodium-bin/resources/app/extensions/git/dist/main.js:2:937064)
	at async T.retryRun (/opt/vscodium-bin/resources/app/extensions/git/dist/main.js:2:1032765)
	at async T.run (/opt/vscodium-bin/resources/app/extensions/git/dist/main.js:2:1032369)
	at async T.getBranch (/opt/vscodium-bin/resources/app/extensions/git/dist/main.js:2:1020512)
	at async T.getBranchBase (/opt/vscodium-bin/resources/app/extensions/git/dist/main.js:2:1020798)
	at async t.GitHistoryProvider.resolveHEADMergeBase (/opt/vscodium-bin/resources/app/extensions/git/dist/main.js:2:948359)
	at async t.GitHistoryProvider.onDidRunGitStatus (/opt/vscodium-bin/resources/app/extensions/git/dist/main.js:2:941686)
2024-09-16 15:27:25.671 [error] Error: No such branch: master.
	at N.getBranch (/opt/vscodium-bin/resources/app/extensions/git/dist/main.js:2:937064)
	at async T.retryRun (/opt/vscodium-bin/resources/app/extensions/git/dist/main.js:2:1032765)
	at async T.run (/opt/vscodium-bin/resources/app/extensions/git/dist/main.js:2:1032369)
	at async T.getBranch (/opt/vscodium-bin/resources/app/extensions/git/dist/main.js:2:1020512)
	at async T.getBranchBase (/opt/vscodium-bin/resources/app/extensions/git/dist/main.js:2:1020798)
	at async t.GitHistoryProvider.resolveHEADMergeBase (/opt/vscodium-bin/resources/app/extensions/git/dist/main.js:2:948359)
	at async t.GitHistoryProvider.onDidRunGitStatus (/opt/vscodium-bin/resources/app/extensions/git/dist/main.js:2:941686)
2024-09-16 15:27:32.194 [error] Error: No such branch: master.
	at N.getBranch (/opt/vscodium-bin/resources/app/extensions/git/dist/main.js:2:937064)
	at process.processTicksAndRejections (node:internal/process/task_queues:95:5)
	at async T.retryRun (/opt/vscodium-bin/resources/app/extensions/git/dist/main.js:2:1032765)
	at async T.run (/opt/vscodium-bin/resources/app/extensions/git/dist/main.js:2:1032369)
	at async T.getBranch (/opt/vscodium-bin/resources/app/extensions/git/dist/main.js:2:1020512)
	at async T.getBranchBase (/opt/vscodium-bin/resources/app/extensions/git/dist/main.js:2:1020798)
	at async t.GitHistoryProvider.resolveHEADMergeBase (/opt/vscodium-bin/resources/app/extensions/git/dist/main.js:2:948359)
	at async t.GitHistoryProvider.onDidRunGitStatus (/opt/vscodium-bin/resources/app/extensions/git/dist/main.js:2:941686)
2024-09-16 15:27:37.217 [error] Error: No such branch: master.
	at N.getBranch (/opt/vscodium-bin/resources/app/extensions/git/dist/main.js:2:937064)
	at async T.retryRun (/opt/vscodium-bin/resources/app/extensions/git/dist/main.js:2:1032765)
	at async T.run (/opt/vscodium-bin/resources/app/extensions/git/dist/main.js:2:1032369)
	at async T.getBranch (/opt/vscodium-bin/resources/app/extensions/git/dist/main.js:2:1020512)
	at async T.getBranchBase (/opt/vscodium-bin/resources/app/extensions/git/dist/main.js:2:1020798)
	at async t.GitHistoryProvider.resolveHEADMergeBase (/opt/vscodium-bin/resources/app/extensions/git/dist/main.js:2:948359)
	at async t.GitHistoryProvider.onDidRunGitStatus (/opt/vscodium-bin/resources/app/extensions/git/dist/main.js:2:941686)
2024-09-16 15:28:35.145 [error] Error: No such branch: master.
	at N.getBranch (/opt/vscodium-bin/resources/app/extensions/git/dist/main.js:2:937064)
	at async T.retryRun (/opt/vscodium-bin/resources/app/extensions/git/dist/main.js:2:1032765)
	at async T.run (/opt/vscodium-bin/resources/app/extensions/git/dist/main.js:2:1032369)
	at async T.getBranch (/opt/vscodium-bin/resources/app/extensions/git/dist/main.js:2:1020512)
	at async T.getBranchBase (/opt/vscodium-bin/resources/app/extensions/git/dist/main.js:2:1020798)
	at async t.GitHistoryProvider.resolveHEADMergeBase (/opt/vscodium-bin/resources/app/extensions/git/dist/main.js:2:948359)
	at async t.GitHistoryProvider.onDidRunGitStatus (/opt/vscodium-bin/resources/app/extensions/git/dist/main.js:2:941686)
2024-09-16 15:28:48.140 [error] Error: No such branch: master.
	at N.getBranch (/opt/vscodium-bin/resources/app/extensions/git/dist/main.js:2:937064)
	at async T.retryRun (/opt/vscodium-bin/resources/app/extensions/git/dist/main.js:2:1032765)
	at async T.run (/opt/vscodium-bin/resources/app/extensions/git/dist/main.js:2:1032369)
	at async T.getBranch (/opt/vscodium-bin/resources/app/extensions/git/dist/main.js:2:1020512)
	at async T.getBranchBase (/opt/vscodium-bin/resources/app/extensions/git/dist/main.js:2:1020798)
	at async t.GitHistoryProvider.resolveHEADMergeBase (/opt/vscodium-bin/resources/app/extensions/git/dist/main.js:2:948359)
	at async t.GitHistoryProvider.onDidRunGitStatus (/opt/vscodium-bin/resources/app/extensions/git/dist/main.js:2:941686)
2024-09-16 15:32:16.739 [error] Error: No such branch: master.
	at N.getBranch (/opt/vscodium-bin/resources/app/extensions/git/dist/main.js:2:937064)
	at async T.retryRun (/opt/vscodium-bin/resources/app/extensions/git/dist/main.js:2:1032765)
	at async T.run (/opt/vscodium-bin/resources/app/extensions/git/dist/main.js:2:1032369)
	at async T.getBranch (/opt/vscodium-bin/resources/app/extensions/git/dist/main.js:2:1020512)
	at async T.getBranchBase (/opt/vscodium-bin/resources/app/extensions/git/dist/main.js:2:1020798)
	at async t.GitHistoryProvider.resolveHEADMergeBase (/opt/vscodium-bin/resources/app/extensions/git/dist/main.js:2:948359)
	at async t.GitHistoryProvider.onDidRunGitStatus (/opt/vscodium-bin/resources/app/extensions/git/dist/main.js:2:941686)
2024-09-16 15:32:21.763 [error] Error: No such branch: master.
	at N.getBranch (/opt/vscodium-bin/resources/app/extensions/git/dist/main.js:2:937064)
	at async T.retryRun (/opt/vscodium-bin/resources/app/extensions/git/dist/main.js:2:1032765)
	at async T.run (/opt/vscodium-bin/resources/app/extensions/git/dist/main.js:2:1032369)
	at async T.getBranch (/opt/vscodium-bin/resources/app/extensions/git/dist/main.js:2:1020512)
	at async T.getBranchBase (/opt/vscodium-bin/resources/app/extensions/git/dist/main.js:2:1020798)
	at async t.GitHistoryProvider.resolveHEADMergeBase (/opt/vscodium-bin/resources/app/extensions/git/dist/main.js:2:948359)
	at async t.GitHistoryProvider.onDidRunGitStatus (/opt/vscodium-bin/resources/app/extensions/git/dist/main.js:2:941686)
2024-09-16 15:33:37.117 [error] Error: No such branch: master.
	at N.getBranch (/opt/vscodium-bin/resources/app/extensions/git/dist/main.js:2:937064)
	at async T.retryRun (/opt/vscodium-bin/resources/app/extensions/git/dist/main.js:2:1032765)
	at async T.run (/opt/vscodium-bin/resources/app/extensions/git/dist/main.js:2:1032369)
	at async T.getBranch (/opt/vscodium-bin/resources/app/extensions/git/dist/main.js:2:1020512)
	at async T.getBranchBase (/opt/vscodium-bin/resources/app/extensions/git/dist/main.js:2:1020798)
	at async t.GitHistoryProvider.resolveHEADMergeBase (/opt/vscodium-bin/resources/app/extensions/git/dist/main.js:2:948359)
	at async t.GitHistoryProvider.onDidRunGitStatus (/opt/vscodium-bin/resources/app/extensions/git/dist/main.js:2:941686)
2024-09-16 15:33:42.136 [error] Error: No such branch: master.
	at N.getBranch (/opt/vscodium-bin/resources/app/extensions/git/dist/main.js:2:937064)
	at async T.retryRun (/opt/vscodium-bin/resources/app/extensions/git/dist/main.js:2:1032765)
	at async T.run (/opt/vscodium-bin/resources/app/extensions/git/dist/main.js:2:1032369)
	at async T.getBranch (/opt/vscodium-bin/resources/app/extensions/git/dist/main.js:2:1020512)
	at async T.getBranchBase (/opt/vscodium-bin/resources/app/extensions/git/dist/main.js:2:1020798)
	at async t.GitHistoryProvider.resolveHEADMergeBase (/opt/vscodium-bin/resources/app/extensions/git/dist/main.js:2:948359)
	at async t.GitHistoryProvider.onDidRunGitStatus (/opt/vscodium-bin/resources/app/extensions/git/dist/main.js:2:941686)
2024-09-16 15:34:03.817 [error] Error: No such branch: master.
	at N.getBranch (/opt/vscodium-bin/resources/app/extensions/git/dist/main.js:2:937064)
	at async T.retryRun (/opt/vscodium-bin/resources/app/extensions/git/dist/main.js:2:1032765)
	at async T.run (/opt/vscodium-bin/resources/app/extensions/git/dist/main.js:2:1032369)
	at async T.getBranch (/opt/vscodium-bin/resources/app/extensions/git/dist/main.js:2:1020512)
	at async T.getBranchBase (/opt/vscodium-bin/resources/app/extensions/git/dist/main.js:2:1020798)
	at async t.GitHistoryProvider.resolveHEADMergeBase (/opt/vscodium-bin/resources/app/extensions/git/dist/main.js:2:948359)
	at async t.GitHistoryProvider.onDidRunGitStatus (/opt/vscodium-bin/resources/app/extensions/git/dist/main.js:2:941686)
2024-09-16 15:34:29.731 [error] Error: No such branch: master.
	at N.getBranch (/opt/vscodium-bin/resources/app/extensions/git/dist/main.js:2:937064)
	at async T.retryRun (/opt/vscodium-bin/resources/app/extensions/git/dist/main.js:2:1032765)
	at async T.run (/opt/vscodium-bin/resources/app/extensions/git/dist/main.js:2:1032369)
	at async T.getBranch (/opt/vscodium-bin/resources/app/extensions/git/dist/main.js:2:1020512)
	at async T.getBranchBase (/opt/vscodium-bin/resources/app/extensions/git/dist/main.js:2:1020798)
	at async t.GitHistoryProvider.resolveHEADMergeBase (/opt/vscodium-bin/resources/app/extensions/git/dist/main.js:2:948359)
	at async t.GitHistoryProvider.onDidRunGitStatus (/opt/vscodium-bin/resources/app/extensions/git/dist/main.js:2:941686)
2024-09-16 15:34:34.755 [error] Error: No such branch: master.
	at N.getBranch (/opt/vscodium-bin/resources/app/extensions/git/dist/main.js:2:937064)
	at async T.retryRun (/opt/vscodium-bin/resources/app/extensions/git/dist/main.js:2:1032765)
	at async T.run (/opt/vscodium-bin/resources/app/extensions/git/dist/main.js:2:1032369)
	at async T.getBranch (/opt/vscodium-bin/resources/app/extensions/git/dist/main.js:2:1020512)
	at async T.getBranchBase (/opt/vscodium-bin/resources/app/extensions/git/dist/main.js:2:1020798)
	at async t.GitHistoryProvider.resolveHEADMergeBase (/opt/vscodium-bin/resources/app/extensions/git/dist/main.js:2:948359)
	at async t.GitHistoryProvider.onDidRunGitStatus (/opt/vscodium-bin/resources/app/extensions/git/dist/main.js:2:941686)
2024-09-16 15:34:50.888 [error] Error: No such branch: master.
	at N.getBranch (/opt/vscodium-bin/resources/app/extensions/git/dist/main.js:2:937064)
	at async T.retryRun (/opt/vscodium-bin/resources/app/extensions/git/dist/main.js:2:1032765)
	at async T.run (/opt/vscodium-bin/resources/app/extensions/git/dist/main.js:2:1032369)
	at async T.getBranch (/opt/vscodium-bin/resources/app/extensions/git/dist/main.js:2:1020512)
	at async T.getBranchBase (/opt/vscodium-bin/resources/app/extensions/git/dist/main.js:2:1020798)
	at async t.GitHistoryProvider.resolveHEADMergeBase (/opt/vscodium-bin/resources/app/extensions/git/dist/main.js:2:948359)
	at async t.GitHistoryProvider.onDidRunGitStatus (/opt/vscodium-bin/resources/app/extensions/git/dist/main.js:2:941686)
2024-09-16 15:34:55.911 [error] Error: No such branch: master.
	at N.getBranch (/opt/vscodium-bin/resources/app/extensions/git/dist/main.js:2:937064)
	at async T.retryRun (/opt/vscodium-bin/resources/app/extensions/git/dist/main.js:2:1032765)
	at async T.run (/opt/vscodium-bin/resources/app/extensions/git/dist/main.js:2:1032369)
	at async T.getBranch (/opt/vscodium-bin/resources/app/extensions/git/dist/main.js:2:1020512)
	at async T.getBranchBase (/opt/vscodium-bin/resources/app/extensions/git/dist/main.js:2:1020798)
	at async t.GitHistoryProvider.resolveHEADMergeBase (/opt/vscodium-bin/resources/app/extensions/git/dist/main.js:2:948359)
	at async t.GitHistoryProvider.onDidRunGitStatus (/opt/vscodium-bin/resources/app/extensions/git/dist/main.js:2:941686)
2024-09-16 15:35:08.572 [error] Error: No such branch: master.
	at N.getBranch (/opt/vscodium-bin/resources/app/extensions/git/dist/main.js:2:937064)
	at async T.retryRun (/opt/vscodium-bin/resources/app/extensions/git/dist/main.js:2:1032765)
	at async T.run (/opt/vscodium-bin/resources/app/extensions/git/dist/main.js:2:1032369)
	at async T.getBranch (/opt/vscodium-bin/resources/app/extensions/git/dist/main.js:2:1020512)
	at async T.getBranchBase (/opt/vscodium-bin/resources/app/extensions/git/dist/main.js:2:1020798)
	at async t.GitHistoryProvider.resolveHEADMergeBase (/opt/vscodium-bin/resources/app/extensions/git/dist/main.js:2:948359)
	at async t.GitHistoryProvider.onDidRunGitStatus (/opt/vscodium-bin/resources/app/extensions/git/dist/main.js:2:941686)
2024-09-16 15:35:18.992 [error] Error: No such branch: master.
	at N.getBranch (/opt/vscodium-bin/resources/app/extensions/git/dist/main.js:2:937064)
	at async T.retryRun (/opt/vscodium-bin/resources/app/extensions/git/dist/main.js:2:1032765)
	at async T.run (/opt/vscodium-bin/resources/app/extensions/git/dist/main.js:2:1032369)
	at async T.getBranch (/opt/vscodium-bin/resources/app/extensions/git/dist/main.js:2:1020512)
	at async T.getBranchBase (/opt/vscodium-bin/resources/app/extensions/git/dist/main.js:2:1020798)
	at async t.GitHistoryProvider.resolveHEADMergeBase (/opt/vscodium-bin/resources/app/extensions/git/dist/main.js:2:948359)
	at async t.GitHistoryProvider.onDidRunGitStatus (/opt/vscodium-bin/resources/app/extensions/git/dist/main.js:2:941686)
2024-09-16 15:35:24.015 [error] Error: No such branch: master.
	at N.getBranch (/opt/vscodium-bin/resources/app/extensions/git/dist/main.js:2:937064)
	at async T.retryRun (/opt/vscodium-bin/resources/app/extensions/git/dist/main.js:2:1032765)
	at async T.run (/opt/vscodium-bin/resources/app/extensions/git/dist/main.js:2:1032369)
	at async T.getBranch (/opt/vscodium-bin/resources/app/extensions/git/dist/main.js:2:1020512)
	at async T.getBranchBase (/opt/vscodium-bin/resources/app/extensions/git/dist/main.js:2:1020798)
	at async t.GitHistoryProvider.resolveHEADMergeBase (/opt/vscodium-bin/resources/app/extensions/git/dist/main.js:2:948359)
	at async t.GitHistoryProvider.onDidRunGitStatus (/opt/vscodium-bin/resources/app/extensions/git/dist/main.js:2:941686)
2024-09-16 15:35:35.488 [error] Error: No such branch: master.
	at N.getBranch (/opt/vscodium-bin/resources/app/extensions/git/dist/main.js:2:937064)
	at process.processTicksAndRejections (node:internal/process/task_queues:95:5)
	at async T.retryRun (/opt/vscodium-bin/resources/app/extensions/git/dist/main.js:2:1032765)
	at async T.run (/opt/vscodium-bin/resources/app/extensions/git/dist/main.js:2:1032369)
	at async T.getBranch (/opt/vscodium-bin/resources/app/extensions/git/dist/main.js:2:1020512)
	at async T.getBranchBase (/opt/vscodium-bin/resources/app/extensions/git/dist/main.js:2:1020798)
	at async t.GitHistoryProvider.resolveHEADMergeBase (/opt/vscodium-bin/resources/app/extensions/git/dist/main.js:2:948359)
	at async t.GitHistoryProvider.onDidRunGitStatus (/opt/vscodium-bin/resources/app/extensions/git/dist/main.js:2:941686)
2024-09-16 15:35:40.510 [error] Error: No such branch: master.
	at N.getBranch (/opt/vscodium-bin/resources/app/extensions/git/dist/main.js:2:937064)
	at async T.retryRun (/opt/vscodium-bin/resources/app/extensions/git/dist/main.js:2:1032765)
	at async T.run (/opt/vscodium-bin/resources/app/extensions/git/dist/main.js:2:1032369)
	at async T.getBranch (/opt/vscodium-bin/resources/app/extensions/git/dist/main.js:2:1020512)
	at async T.getBranchBase (/opt/vscodium-bin/resources/app/extensions/git/dist/main.js:2:1020798)
	at async t.GitHistoryProvider.resolveHEADMergeBase (/opt/vscodium-bin/resources/app/extensions/git/dist/main.js:2:948359)
	at async t.GitHistoryProvider.onDidRunGitStatus (/opt/vscodium-bin/resources/app/extensions/git/dist/main.js:2:941686)
2024-09-16 15:36:41.340 [error] Error: No such branch: master.
	at N.getBranch (/opt/vscodium-bin/resources/app/extensions/git/dist/main.js:2:937064)
	at async T.retryRun (/opt/vscodium-bin/resources/app/extensions/git/dist/main.js:2:1032765)
	at async T.run (/opt/vscodium-bin/resources/app/extensions/git/dist/main.js:2:1032369)
	at async T.getBranch (/opt/vscodium-bin/resources/app/extensions/git/dist/main.js:2:1020512)
	at async T.getBranchBase (/opt/vscodium-bin/resources/app/extensions/git/dist/main.js:2:1020798)
	at async t.GitHistoryProvider.resolveHEADMergeBase (/opt/vscodium-bin/resources/app/extensions/git/dist/main.js:2:948359)
	at async t.GitHistoryProvider.onDidRunGitStatus (/opt/vscodium-bin/resources/app/extensions/git/dist/main.js:2:941686)
2024-09-16 15:36:59.929 [error] Error: No such branch: master.
	at N.getBranch (/opt/vscodium-bin/resources/app/extensions/git/dist/main.js:2:937064)
	at async T.retryRun (/opt/vscodium-bin/resources/app/extensions/git/dist/main.js:2:1032765)
	at async T.run (/opt/vscodium-bin/resources/app/extensions/git/dist/main.js:2:1032369)
	at async T.getBranch (/opt/vscodium-bin/resources/app/extensions/git/dist/main.js:2:1020512)
	at async T.getBranchBase (/opt/vscodium-bin/resources/app/extensions/git/dist/main.js:2:1020798)
	at async t.GitHistoryProvider.resolveHEADMergeBase (/opt/vscodium-bin/resources/app/extensions/git/dist/main.js:2:948359)
	at async t.GitHistoryProvider.onDidRunGitStatus (/opt/vscodium-bin/resources/app/extensions/git/dist/main.js:2:941686)
2024-09-16 15:37:06.372 [error] Error: No such branch: master.
	at N.getBranch (/opt/vscodium-bin/resources/app/extensions/git/dist/main.js:2:937064)
	at async T.retryRun (/opt/vscodium-bin/resources/app/extensions/git/dist/main.js:2:1032765)
	at async T.run (/opt/vscodium-bin/resources/app/extensions/git/dist/main.js:2:1032369)
	at async T.getBranch (/opt/vscodium-bin/resources/app/extensions/git/dist/main.js:2:1020512)
	at async T.getBranchBase (/opt/vscodium-bin/resources/app/extensions/git/dist/main.js:2:1020798)
	at async t.GitHistoryProvider.resolveHEADMergeBase (/opt/vscodium-bin/resources/app/extensions/git/dist/main.js:2:948359)
	at async t.GitHistoryProvider.onDidRunGitStatus (/opt/vscodium-bin/resources/app/extensions/git/dist/main.js:2:941686)
2024-09-16 15:39:29.418 [error] Error: No such branch: master.
	at N.getBranch (/opt/vscodium-bin/resources/app/extensions/git/dist/main.js:2:937064)
	at async T.retryRun (/opt/vscodium-bin/resources/app/extensions/git/dist/main.js:2:1032765)
	at async T.run (/opt/vscodium-bin/resources/app/extensions/git/dist/main.js:2:1032369)
	at async T.getBranch (/opt/vscodium-bin/resources/app/extensions/git/dist/main.js:2:1020512)
	at async T.getBranchBase (/opt/vscodium-bin/resources/app/extensions/git/dist/main.js:2:1020798)
	at async t.GitHistoryProvider.resolveHEADMergeBase (/opt/vscodium-bin/resources/app/extensions/git/dist/main.js:2:948359)
	at async t.GitHistoryProvider.onDidRunGitStatus (/opt/vscodium-bin/resources/app/extensions/git/dist/main.js:2:941686)
2024-09-16 15:39:34.436 [error] Error: No such branch: master.
	at N.getBranch (/opt/vscodium-bin/resources/app/extensions/git/dist/main.js:2:937064)
	at async T.retryRun (/opt/vscodium-bin/resources/app/extensions/git/dist/main.js:2:1032765)
	at async T.run (/opt/vscodium-bin/resources/app/extensions/git/dist/main.js:2:1032369)
	at async T.getBranch (/opt/vscodium-bin/resources/app/extensions/git/dist/main.js:2:1020512)
	at async T.getBranchBase (/opt/vscodium-bin/resources/app/extensions/git/dist/main.js:2:1020798)
	at async t.GitHistoryProvider.resolveHEADMergeBase (/opt/vscodium-bin/resources/app/extensions/git/dist/main.js:2:948359)
	at async t.GitHistoryProvider.onDidRunGitStatus (/opt/vscodium-bin/resources/app/extensions/git/dist/main.js:2:941686)
2024-09-16 15:39:52.483 [error] Error: No such branch: master.
	at N.getBranch (/opt/vscodium-bin/resources/app/extensions/git/dist/main.js:2:937064)
	at async T.retryRun (/opt/vscodium-bin/resources/app/extensions/git/dist/main.js:2:1032765)
	at async T.run (/opt/vscodium-bin/resources/app/extensions/git/dist/main.js:2:1032369)
	at async T.getBranch (/opt/vscodium-bin/resources/app/extensions/git/dist/main.js:2:1020512)
	at async T.getBranchBase (/opt/vscodium-bin/resources/app/extensions/git/dist/main.js:2:1020798)
	at async t.GitHistoryProvider.resolveHEADMergeBase (/opt/vscodium-bin/resources/app/extensions/git/dist/main.js:2:948359)
	at async t.GitHistoryProvider.onDidRunGitStatus (/opt/vscodium-bin/resources/app/extensions/git/dist/main.js:2:941686)
2024-09-16 15:40:28.421 [error] Error: No such branch: master.
	at N.getBranch (/opt/vscodium-bin/resources/app/extensions/git/dist/main.js:2:937064)
	at async T.retryRun (/opt/vscodium-bin/resources/app/extensions/git/dist/main.js:2:1032765)
	at async T.run (/opt/vscodium-bin/resources/app/extensions/git/dist/main.js:2:1032369)
	at async T.getBranch (/opt/vscodium-bin/resources/app/extensions/git/dist/main.js:2:1020512)
	at async T.getBranchBase (/opt/vscodium-bin/resources/app/extensions/git/dist/main.js:2:1020798)
	at async t.GitHistoryProvider.resolveHEADMergeBase (/opt/vscodium-bin/resources/app/extensions/git/dist/main.js:2:948359)
	at async t.GitHistoryProvider.onDidRunGitStatus (/opt/vscodium-bin/resources/app/extensions/git/dist/main.js:2:941686)
2024-09-16 15:40:47.449 [error] Error: No such branch: master.
	at N.getBranch (/opt/vscodium-bin/resources/app/extensions/git/dist/main.js:2:937064)
	at async T.retryRun (/opt/vscodium-bin/resources/app/extensions/git/dist/main.js:2:1032765)
	at async T.run (/opt/vscodium-bin/resources/app/extensions/git/dist/main.js:2:1032369)
	at async T.getBranch (/opt/vscodium-bin/resources/app/extensions/git/dist/main.js:2:1020512)
	at async T.getBranchBase (/opt/vscodium-bin/resources/app/extensions/git/dist/main.js:2:1020798)
	at async t.GitHistoryProvider.resolveHEADMergeBase (/opt/vscodium-bin/resources/app/extensions/git/dist/main.js:2:948359)
	at async t.GitHistoryProvider.onDidRunGitStatus (/opt/vscodium-bin/resources/app/extensions/git/dist/main.js:2:941686)
2024-09-16 15:41:08.849 [error] Error: No such branch: master.
	at N.getBranch (/opt/vscodium-bin/resources/app/extensions/git/dist/main.js:2:937064)
	at process.processTicksAndRejections (node:internal/process/task_queues:95:5)
	at async T.retryRun (/opt/vscodium-bin/resources/app/extensions/git/dist/main.js:2:1032765)
	at async T.run (/opt/vscodium-bin/resources/app/extensions/git/dist/main.js:2:1032369)
	at async T.getBranch (/opt/vscodium-bin/resources/app/extensions/git/dist/main.js:2:1020512)
	at async T.getBranchBase (/opt/vscodium-bin/resources/app/extensions/git/dist/main.js:2:1020798)
	at async t.GitHistoryProvider.resolveHEADMergeBase (/opt/vscodium-bin/resources/app/extensions/git/dist/main.js:2:948359)
	at async t.GitHistoryProvider.onDidRunGitStatus (/opt/vscodium-bin/resources/app/extensions/git/dist/main.js:2:941686)
2024-09-16 15:41:19.694 [error] Error: No such branch: master.
	at N.getBranch (/opt/vscodium-bin/resources/app/extensions/git/dist/main.js:2:937064)
	at async T.retryRun (/opt/vscodium-bin/resources/app/extensions/git/dist/main.js:2:1032765)
	at async T.run (/opt/vscodium-bin/resources/app/extensions/git/dist/main.js:2:1032369)
	at async T.getBranch (/opt/vscodium-bin/resources/app/extensions/git/dist/main.js:2:1020512)
	at async T.getBranchBase (/opt/vscodium-bin/resources/app/extensions/git/dist/main.js:2:1020798)
	at async t.GitHistoryProvider.resolveHEADMergeBase (/opt/vscodium-bin/resources/app/extensions/git/dist/main.js:2:948359)
	at async t.GitHistoryProvider.onDidRunGitStatus (/opt/vscodium-bin/resources/app/extensions/git/dist/main.js:2:941686)
2024-09-16 15:42:33.427 [error] Error: No such branch: master.
	at N.getBranch (/opt/vscodium-bin/resources/app/extensions/git/dist/main.js:2:937064)
	at async T.retryRun (/opt/vscodium-bin/resources/app/extensions/git/dist/main.js:2:1032765)
	at async T.run (/opt/vscodium-bin/resources/app/extensions/git/dist/main.js:2:1032369)
	at async T.getBranch (/opt/vscodium-bin/resources/app/extensions/git/dist/main.js:2:1020512)
	at async T.getBranchBase (/opt/vscodium-bin/resources/app/extensions/git/dist/main.js:2:1020798)
	at async t.GitHistoryProvider.resolveHEADMergeBase (/opt/vscodium-bin/resources/app/extensions/git/dist/main.js:2:948359)
	at async t.GitHistoryProvider.onDidRunGitStatus (/opt/vscodium-bin/resources/app/extensions/git/dist/main.js:2:941686)
2024-09-16 15:42:41.983 [error] Error: No such branch: master.
	at N.getBranch (/opt/vscodium-bin/resources/app/extensions/git/dist/main.js:2:937064)
	at async T.retryRun (/opt/vscodium-bin/resources/app/extensions/git/dist/main.js:2:1032765)
	at async T.run (/opt/vscodium-bin/resources/app/extensions/git/dist/main.js:2:1032369)
	at async T.getBranch (/opt/vscodium-bin/resources/app/extensions/git/dist/main.js:2:1020512)
	at async T.getBranchBase (/opt/vscodium-bin/resources/app/extensions/git/dist/main.js:2:1020798)
	at async t.GitHistoryProvider.resolveHEADMergeBase (/opt/vscodium-bin/resources/app/extensions/git/dist/main.js:2:948359)
	at async t.GitHistoryProvider.onDidRunGitStatus (/opt/vscodium-bin/resources/app/extensions/git/dist/main.js:2:941686)
2024-09-16 15:43:06.936 [error] Error: No such branch: master.
	at N.getBranch (/opt/vscodium-bin/resources/app/extensions/git/dist/main.js:2:937064)
	at async T.retryRun (/opt/vscodium-bin/resources/app/extensions/git/dist/main.js:2:1032765)
	at async T.run (/opt/vscodium-bin/resources/app/extensions/git/dist/main.js:2:1032369)
	at async T.getBranch (/opt/vscodium-bin/resources/app/extensions/git/dist/main.js:2:1020512)
	at async T.getBranchBase (/opt/vscodium-bin/resources/app/extensions/git/dist/main.js:2:1020798)
	at async t.GitHistoryProvider.resolveHEADMergeBase (/opt/vscodium-bin/resources/app/extensions/git/dist/main.js:2:948359)
	at async t.GitHistoryProvider.onDidRunGitStatus (/opt/vscodium-bin/resources/app/extensions/git/dist/main.js:2:941686)
2024-09-16 15:44:55.668 [error] Error: No such branch: master.
	at N.getBranch (/opt/vscodium-bin/resources/app/extensions/git/dist/main.js:2:937064)
	at async T.retryRun (/opt/vscodium-bin/resources/app/extensions/git/dist/main.js:2:1032765)
	at async T.run (/opt/vscodium-bin/resources/app/extensions/git/dist/main.js:2:1032369)
	at async T.getBranch (/opt/vscodium-bin/resources/app/extensions/git/dist/main.js:2:1020512)
	at async T.getBranchBase (/opt/vscodium-bin/resources/app/extensions/git/dist/main.js:2:1020798)
	at async t.GitHistoryProvider.resolveHEADMergeBase (/opt/vscodium-bin/resources/app/extensions/git/dist/main.js:2:948359)
	at async t.GitHistoryProvider.onDidRunGitStatus (/opt/vscodium-bin/resources/app/extensions/git/dist/main.js:2:941686)
2024-09-16 15:45:03.203 [error] Error: No such branch: master.
	at N.getBranch (/opt/vscodium-bin/resources/app/extensions/git/dist/main.js:2:937064)
	at async T.retryRun (/opt/vscodium-bin/resources/app/extensions/git/dist/main.js:2:1032765)
	at async T.run (/opt/vscodium-bin/resources/app/extensions/git/dist/main.js:2:1032369)
	at async T.getBranch (/opt/vscodium-bin/resources/app/extensions/git/dist/main.js:2:1020512)
	at async T.getBranchBase (/opt/vscodium-bin/resources/app/extensions/git/dist/main.js:2:1020798)
	at async t.GitHistoryProvider.resolveHEADMergeBase (/opt/vscodium-bin/resources/app/extensions/git/dist/main.js:2:948359)
	at async t.GitHistoryProvider.onDidRunGitStatus (/opt/vscodium-bin/resources/app/extensions/git/dist/main.js:2:941686)
2024-09-16 15:46:55.273 [error] Error: No such branch: master.
	at N.getBranch (/opt/vscodium-bin/resources/app/extensions/git/dist/main.js:2:937064)
	at async T.retryRun (/opt/vscodium-bin/resources/app/extensions/git/dist/main.js:2:1032765)
	at async T.run (/opt/vscodium-bin/resources/app/extensions/git/dist/main.js:2:1032369)
	at async T.getBranch (/opt/vscodium-bin/resources/app/extensions/git/dist/main.js:2:1020512)
	at async T.getBranchBase (/opt/vscodium-bin/resources/app/extensions/git/dist/main.js:2:1020798)
	at async t.GitHistoryProvider.resolveHEADMergeBase (/opt/vscodium-bin/resources/app/extensions/git/dist/main.js:2:948359)
	at async t.GitHistoryProvider.onDidRunGitStatus (/opt/vscodium-bin/resources/app/extensions/git/dist/main.js:2:941686)
2024-09-16 15:47:00.294 [error] Error: No such branch: master.
	at N.getBranch (/opt/vscodium-bin/resources/app/extensions/git/dist/main.js:2:937064)
	at async T.retryRun (/opt/vscodium-bin/resources/app/extensions/git/dist/main.js:2:1032765)
	at async T.run (/opt/vscodium-bin/resources/app/extensions/git/dist/main.js:2:1032369)
	at async T.getBranch (/opt/vscodium-bin/resources/app/extensions/git/dist/main.js:2:1020512)
	at async T.getBranchBase (/opt/vscodium-bin/resources/app/extensions/git/dist/main.js:2:1020798)
	at async t.GitHistoryProvider.resolveHEADMergeBase (/opt/vscodium-bin/resources/app/extensions/git/dist/main.js:2:948359)
	at async t.GitHistoryProvider.onDidRunGitStatus (/opt/vscodium-bin/resources/app/extensions/git/dist/main.js:2:941686)
2024-09-16 15:47:25.373 [error] Error: No such branch: master.
	at N.getBranch (/opt/vscodium-bin/resources/app/extensions/git/dist/main.js:2:937064)
	at async T.retryRun (/opt/vscodium-bin/resources/app/extensions/git/dist/main.js:2:1032765)
	at async T.run (/opt/vscodium-bin/resources/app/extensions/git/dist/main.js:2:1032369)
	at async T.getBranch (/opt/vscodium-bin/resources/app/extensions/git/dist/main.js:2:1020512)
	at async T.getBranchBase (/opt/vscodium-bin/resources/app/extensions/git/dist/main.js:2:1020798)
	at async t.GitHistoryProvider.resolveHEADMergeBase (/opt/vscodium-bin/resources/app/extensions/git/dist/main.js:2:948359)
	at async t.GitHistoryProvider.onDidRunGitStatus (/opt/vscodium-bin/resources/app/extensions/git/dist/main.js:2:941686)
2024-09-16 15:47:41.529 [error] Error: No such branch: master.
	at N.getBranch (/opt/vscodium-bin/resources/app/extensions/git/dist/main.js:2:937064)
	at async T.retryRun (/opt/vscodium-bin/resources/app/extensions/git/dist/main.js:2:1032765)
	at async T.run (/opt/vscodium-bin/resources/app/extensions/git/dist/main.js:2:1032369)
	at async T.getBranch (/opt/vscodium-bin/resources/app/extensions/git/dist/main.js:2:1020512)
	at async T.getBranchBase (/opt/vscodium-bin/resources/app/extensions/git/dist/main.js:2:1020798)
	at async t.GitHistoryProvider.resolveHEADMergeBase (/opt/vscodium-bin/resources/app/extensions/git/dist/main.js:2:948359)
	at async t.GitHistoryProvider.onDidRunGitStatus (/opt/vscodium-bin/resources/app/extensions/git/dist/main.js:2:941686)
2024-09-16 15:47:48.321 [error] Error: No such branch: master.
	at N.getBranch (/opt/vscodium-bin/resources/app/extensions/git/dist/main.js:2:937064)
	at async T.retryRun (/opt/vscodium-bin/resources/app/extensions/git/dist/main.js:2:1032765)
	at async T.run (/opt/vscodium-bin/resources/app/extensions/git/dist/main.js:2:1032369)
	at async T.getBranch (/opt/vscodium-bin/resources/app/extensions/git/dist/main.js:2:1020512)
	at async T.getBranchBase (/opt/vscodium-bin/resources/app/extensions/git/dist/main.js:2:1020798)
	at async t.GitHistoryProvider.resolveHEADMergeBase (/opt/vscodium-bin/resources/app/extensions/git/dist/main.js:2:948359)
	at async t.GitHistoryProvider.onDidRunGitStatus (/opt/vscodium-bin/resources/app/extensions/git/dist/main.js:2:941686)
2024-09-16 15:48:23.153 [error] Error: No such branch: master.
	at N.getBranch (/opt/vscodium-bin/resources/app/extensions/git/dist/main.js:2:937064)
	at async T.retryRun (/opt/vscodium-bin/resources/app/extensions/git/dist/main.js:2:1032765)
	at async T.run (/opt/vscodium-bin/resources/app/extensions/git/dist/main.js:2:1032369)
	at async T.getBranch (/opt/vscodium-bin/resources/app/extensions/git/dist/main.js:2:1020512)
	at async T.getBranchBase (/opt/vscodium-bin/resources/app/extensions/git/dist/main.js:2:1020798)
	at async t.GitHistoryProvider.resolveHEADMergeBase (/opt/vscodium-bin/resources/app/extensions/git/dist/main.js:2:948359)
	at async t.GitHistoryProvider.onDidRunGitStatus (/opt/vscodium-bin/resources/app/extensions/git/dist/main.js:2:941686)
2024-09-16 15:48:28.177 [error] Error: No such branch: master.
	at N.getBranch (/opt/vscodium-bin/resources/app/extensions/git/dist/main.js:2:937064)
	at async T.retryRun (/opt/vscodium-bin/resources/app/extensions/git/dist/main.js:2:1032765)
	at async T.run (/opt/vscodium-bin/resources/app/extensions/git/dist/main.js:2:1032369)
	at async T.getBranch (/opt/vscodium-bin/resources/app/extensions/git/dist/main.js:2:1020512)
	at async T.getBranchBase (/opt/vscodium-bin/resources/app/extensions/git/dist/main.js:2:1020798)
	at async t.GitHistoryProvider.resolveHEADMergeBase (/opt/vscodium-bin/resources/app/extensions/git/dist/main.js:2:948359)
	at async t.GitHistoryProvider.onDidRunGitStatus (/opt/vscodium-bin/resources/app/extensions/git/dist/main.js:2:941686)
2024-09-16 15:49:04.964 [error] Error: No such branch: master.
	at N.getBranch (/opt/vscodium-bin/resources/app/extensions/git/dist/main.js:2:937064)
	at async T.retryRun (/opt/vscodium-bin/resources/app/extensions/git/dist/main.js:2:1032765)
	at async T.run (/opt/vscodium-bin/resources/app/extensions/git/dist/main.js:2:1032369)
	at async T.getBranch (/opt/vscodium-bin/resources/app/extensions/git/dist/main.js:2:1020512)
	at async T.getBranchBase (/opt/vscodium-bin/resources/app/extensions/git/dist/main.js:2:1020798)
	at async t.GitHistoryProvider.resolveHEADMergeBase (/opt/vscodium-bin/resources/app/extensions/git/dist/main.js:2:948359)
	at async t.GitHistoryProvider.onDidRunGitStatus (/opt/vscodium-bin/resources/app/extensions/git/dist/main.js:2:941686)
2024-09-16 15:49:32.821 [error] Error: No such branch: master.
	at N.getBranch (/opt/vscodium-bin/resources/app/extensions/git/dist/main.js:2:937064)
	at async T.retryRun (/opt/vscodium-bin/resources/app/extensions/git/dist/main.js:2:1032765)
	at async T.run (/opt/vscodium-bin/resources/app/extensions/git/dist/main.js:2:1032369)
	at async T.getBranch (/opt/vscodium-bin/resources/app/extensions/git/dist/main.js:2:1020512)
	at async T.getBranchBase (/opt/vscodium-bin/resources/app/extensions/git/dist/main.js:2:1020798)
	at async t.GitHistoryProvider.resolveHEADMergeBase (/opt/vscodium-bin/resources/app/extensions/git/dist/main.js:2:948359)
	at async t.GitHistoryProvider.onDidRunGitStatus (/opt/vscodium-bin/resources/app/extensions/git/dist/main.js:2:941686)
2024-09-16 15:50:35.517 [error] Error: No such branch: master.
	at N.getBranch (/opt/vscodium-bin/resources/app/extensions/git/dist/main.js:2:937064)
	at async T.retryRun (/opt/vscodium-bin/resources/app/extensions/git/dist/main.js:2:1032765)
	at async T.run (/opt/vscodium-bin/resources/app/extensions/git/dist/main.js:2:1032369)
	at async T.getBranch (/opt/vscodium-bin/resources/app/extensions/git/dist/main.js:2:1020512)
	at async T.getBranchBase (/opt/vscodium-bin/resources/app/extensions/git/dist/main.js:2:1020798)
	at async t.GitHistoryProvider.resolveHEADMergeBase (/opt/vscodium-bin/resources/app/extensions/git/dist/main.js:2:948359)
	at async t.GitHistoryProvider.onDidRunGitStatus (/opt/vscodium-bin/resources/app/extensions/git/dist/main.js:2:941686)
2024-09-16 15:51:24.937 [error] Error: No such branch: master.
	at N.getBranch (/opt/vscodium-bin/resources/app/extensions/git/dist/main.js:2:937064)
	at async T.retryRun (/opt/vscodium-bin/resources/app/extensions/git/dist/main.js:2:1032765)
	at async T.run (/opt/vscodium-bin/resources/app/extensions/git/dist/main.js:2:1032369)
	at async T.getBranch (/opt/vscodium-bin/resources/app/extensions/git/dist/main.js:2:1020512)
	at async T.getBranchBase (/opt/vscodium-bin/resources/app/extensions/git/dist/main.js:2:1020798)
	at async t.GitHistoryProvider.resolveHEADMergeBase (/opt/vscodium-bin/resources/app/extensions/git/dist/main.js:2:948359)
	at async t.GitHistoryProvider.onDidRunGitStatus (/opt/vscodium-bin/resources/app/extensions/git/dist/main.js:2:941686)
2024-09-16 15:51:41.667 [error] Error: No such branch: master.
	at N.getBranch (/opt/vscodium-bin/resources/app/extensions/git/dist/main.js:2:937064)
	at async T.retryRun (/opt/vscodium-bin/resources/app/extensions/git/dist/main.js:2:1032765)
	at async T.run (/opt/vscodium-bin/resources/app/extensions/git/dist/main.js:2:1032369)
	at async T.getBranch (/opt/vscodium-bin/resources/app/extensions/git/dist/main.js:2:1020512)
	at async T.getBranchBase (/opt/vscodium-bin/resources/app/extensions/git/dist/main.js:2:1020798)
	at async t.GitHistoryProvider.resolveHEADMergeBase (/opt/vscodium-bin/resources/app/extensions/git/dist/main.js:2:948359)
	at async t.GitHistoryProvider.onDidRunGitStatus (/opt/vscodium-bin/resources/app/extensions/git/dist/main.js:2:941686)
2024-09-16 15:52:22.096 [error] Error: No such branch: master.
	at N.getBranch (/opt/vscodium-bin/resources/app/extensions/git/dist/main.js:2:937064)
	at async T.retryRun (/opt/vscodium-bin/resources/app/extensions/git/dist/main.js:2:1032765)
	at async T.run (/opt/vscodium-bin/resources/app/extensions/git/dist/main.js:2:1032369)
	at async T.getBranch (/opt/vscodium-bin/resources/app/extensions/git/dist/main.js:2:1020512)
	at async T.getBranchBase (/opt/vscodium-bin/resources/app/extensions/git/dist/main.js:2:1020798)
	at async t.GitHistoryProvider.resolveHEADMergeBase (/opt/vscodium-bin/resources/app/extensions/git/dist/main.js:2:948359)
	at async t.GitHistoryProvider.onDidRunGitStatus (/opt/vscodium-bin/resources/app/extensions/git/dist/main.js:2:941686)
2024-09-16 15:52:27.112 [error] Error: No such branch: master.
	at N.getBranch (/opt/vscodium-bin/resources/app/extensions/git/dist/main.js:2:937064)
	at async T.retryRun (/opt/vscodium-bin/resources/app/extensions/git/dist/main.js:2:1032765)
	at async T.run (/opt/vscodium-bin/resources/app/extensions/git/dist/main.js:2:1032369)
	at async T.getBranch (/opt/vscodium-bin/resources/app/extensions/git/dist/main.js:2:1020512)
	at async T.getBranchBase (/opt/vscodium-bin/resources/app/extensions/git/dist/main.js:2:1020798)
	at async t.GitHistoryProvider.resolveHEADMergeBase (/opt/vscodium-bin/resources/app/extensions/git/dist/main.js:2:948359)
	at async t.GitHistoryProvider.onDidRunGitStatus (/opt/vscodium-bin/resources/app/extensions/git/dist/main.js:2:941686)
2024-09-16 15:55:38.438 [error] Error: No such branch: master.
	at N.getBranch (/opt/vscodium-bin/resources/app/extensions/git/dist/main.js:2:937064)
	at async T.retryRun (/opt/vscodium-bin/resources/app/extensions/git/dist/main.js:2:1032765)
	at async T.run (/opt/vscodium-bin/resources/app/extensions/git/dist/main.js:2:1032369)
	at async T.getBranch (/opt/vscodium-bin/resources/app/extensions/git/dist/main.js:2:1020512)
	at async T.getBranchBase (/opt/vscodium-bin/resources/app/extensions/git/dist/main.js:2:1020798)
	at async t.GitHistoryProvider.resolveHEADMergeBase (/opt/vscodium-bin/resources/app/extensions/git/dist/main.js:2:948359)
	at async t.GitHistoryProvider.onDidRunGitStatus (/opt/vscodium-bin/resources/app/extensions/git/dist/main.js:2:941686)
2024-09-16 15:55:54.830 [error] Error: No such branch: master.
	at N.getBranch (/opt/vscodium-bin/resources/app/extensions/git/dist/main.js:2:937064)
	at async T.retryRun (/opt/vscodium-bin/resources/app/extensions/git/dist/main.js:2:1032765)
	at async T.run (/opt/vscodium-bin/resources/app/extensions/git/dist/main.js:2:1032369)
	at async T.getBranch (/opt/vscodium-bin/resources/app/extensions/git/dist/main.js:2:1020512)
	at async T.getBranchBase (/opt/vscodium-bin/resources/app/extensions/git/dist/main.js:2:1020798)
	at async t.GitHistoryProvider.resolveHEADMergeBase (/opt/vscodium-bin/resources/app/extensions/git/dist/main.js:2:948359)
	at async t.GitHistoryProvider.onDidRunGitStatus (/opt/vscodium-bin/resources/app/extensions/git/dist/main.js:2:941686)
2024-09-16 15:56:11.270 [error] Error: No such branch: master.
	at N.getBranch (/opt/vscodium-bin/resources/app/extensions/git/dist/main.js:2:937064)
	at async T.retryRun (/opt/vscodium-bin/resources/app/extensions/git/dist/main.js:2:1032765)
	at async T.run (/opt/vscodium-bin/resources/app/extensions/git/dist/main.js:2:1032369)
	at async T.getBranch (/opt/vscodium-bin/resources/app/extensions/git/dist/main.js:2:1020512)
	at async T.getBranchBase (/opt/vscodium-bin/resources/app/extensions/git/dist/main.js:2:1020798)
	at async t.GitHistoryProvider.resolveHEADMergeBase (/opt/vscodium-bin/resources/app/extensions/git/dist/main.js:2:948359)
	at async t.GitHistoryProvider.onDidRunGitStatus (/opt/vscodium-bin/resources/app/extensions/git/dist/main.js:2:941686)
2024-09-16 15:56:21.812 [error] Error: No such branch: master.
	at N.getBranch (/opt/vscodium-bin/resources/app/extensions/git/dist/main.js:2:937064)
	at async T.retryRun (/opt/vscodium-bin/resources/app/extensions/git/dist/main.js:2:1032765)
	at async T.run (/opt/vscodium-bin/resources/app/extensions/git/dist/main.js:2:1032369)
	at async T.getBranch (/opt/vscodium-bin/resources/app/extensions/git/dist/main.js:2:1020512)
	at async T.getBranchBase (/opt/vscodium-bin/resources/app/extensions/git/dist/main.js:2:1020798)
	at async t.GitHistoryProvider.resolveHEADMergeBase (/opt/vscodium-bin/resources/app/extensions/git/dist/main.js:2:948359)
	at async t.GitHistoryProvider.onDidRunGitStatus (/opt/vscodium-bin/resources/app/extensions/git/dist/main.js:2:941686)
2024-09-16 15:56:32.691 [error] Error: No such branch: master.
	at N.getBranch (/opt/vscodium-bin/resources/app/extensions/git/dist/main.js:2:937064)
	at async T.retryRun (/opt/vscodium-bin/resources/app/extensions/git/dist/main.js:2:1032765)
	at async T.run (/opt/vscodium-bin/resources/app/extensions/git/dist/main.js:2:1032369)
	at async T.getBranch (/opt/vscodium-bin/resources/app/extensions/git/dist/main.js:2:1020512)
	at async T.getBranchBase (/opt/vscodium-bin/resources/app/extensions/git/dist/main.js:2:1020798)
	at async t.GitHistoryProvider.resolveHEADMergeBase (/opt/vscodium-bin/resources/app/extensions/git/dist/main.js:2:948359)
	at async t.GitHistoryProvider.onDidRunGitStatus (/opt/vscodium-bin/resources/app/extensions/git/dist/main.js:2:941686)
2024-09-16 15:57:49.011 [error] Error: No such branch: master.
	at N.getBranch (/opt/vscodium-bin/resources/app/extensions/git/dist/main.js:2:937064)
	at async T.retryRun (/opt/vscodium-bin/resources/app/extensions/git/dist/main.js:2:1032765)
	at async T.run (/opt/vscodium-bin/resources/app/extensions/git/dist/main.js:2:1032369)
	at async T.getBranch (/opt/vscodium-bin/resources/app/extensions/git/dist/main.js:2:1020512)
	at async T.getBranchBase (/opt/vscodium-bin/resources/app/extensions/git/dist/main.js:2:1020798)
	at async t.GitHistoryProvider.resolveHEADMergeBase (/opt/vscodium-bin/resources/app/extensions/git/dist/main.js:2:948359)
	at async t.GitHistoryProvider.onDidRunGitStatus (/opt/vscodium-bin/resources/app/extensions/git/dist/main.js:2:941686)
2024-09-16 15:58:13.730 [error] Error: No such branch: master.
	at N.getBranch (/opt/vscodium-bin/resources/app/extensions/git/dist/main.js:2:937064)
	at async T.retryRun (/opt/vscodium-bin/resources/app/extensions/git/dist/main.js:2:1032765)
	at async T.run (/opt/vscodium-bin/resources/app/extensions/git/dist/main.js:2:1032369)
	at async T.getBranch (/opt/vscodium-bin/resources/app/extensions/git/dist/main.js:2:1020512)
	at async T.getBranchBase (/opt/vscodium-bin/resources/app/extensions/git/dist/main.js:2:1020798)
	at async t.GitHistoryProvider.resolveHEADMergeBase (/opt/vscodium-bin/resources/app/extensions/git/dist/main.js:2:948359)
	at async t.GitHistoryProvider.onDidRunGitStatus (/opt/vscodium-bin/resources/app/extensions/git/dist/main.js:2:941686)
2024-09-16 16:06:08.632 [error] Error: No such branch: master.
	at N.getBranch (/opt/vscodium-bin/resources/app/extensions/git/dist/main.js:2:937064)
	at async T.retryRun (/opt/vscodium-bin/resources/app/extensions/git/dist/main.js:2:1032765)
	at async T.run (/opt/vscodium-bin/resources/app/extensions/git/dist/main.js:2:1032369)
	at async T.getBranch (/opt/vscodium-bin/resources/app/extensions/git/dist/main.js:2:1020512)
	at async T.getBranchBase (/opt/vscodium-bin/resources/app/extensions/git/dist/main.js:2:1020798)
	at async t.GitHistoryProvider.resolveHEADMergeBase (/opt/vscodium-bin/resources/app/extensions/git/dist/main.js:2:948359)
	at async t.GitHistoryProvider.onDidRunGitStatus (/opt/vscodium-bin/resources/app/extensions/git/dist/main.js:2:941686)
2024-09-16 16:07:24.090 [error] Error: No such branch: master.
	at N.getBranch (/opt/vscodium-bin/resources/app/extensions/git/dist/main.js:2:937064)
	at async T.retryRun (/opt/vscodium-bin/resources/app/extensions/git/dist/main.js:2:1032765)
	at async T.run (/opt/vscodium-bin/resources/app/extensions/git/dist/main.js:2:1032369)
	at async T.getBranch (/opt/vscodium-bin/resources/app/extensions/git/dist/main.js:2:1020512)
	at async T.getBranchBase (/opt/vscodium-bin/resources/app/extensions/git/dist/main.js:2:1020798)
	at async t.GitHistoryProvider.resolveHEADMergeBase (/opt/vscodium-bin/resources/app/extensions/git/dist/main.js:2:948359)
	at async t.GitHistoryProvider.onDidRunGitStatus (/opt/vscodium-bin/resources/app/extensions/git/dist/main.js:2:941686)
2024-09-16 16:07:36.634 [error] Error: No such branch: master.
	at N.getBranch (/opt/vscodium-bin/resources/app/extensions/git/dist/main.js:2:937064)
	at async T.retryRun (/opt/vscodium-bin/resources/app/extensions/git/dist/main.js:2:1032765)
	at async T.run (/opt/vscodium-bin/resources/app/extensions/git/dist/main.js:2:1032369)
	at async T.getBranch (/opt/vscodium-bin/resources/app/extensions/git/dist/main.js:2:1020512)
	at async T.getBranchBase (/opt/vscodium-bin/resources/app/extensions/git/dist/main.js:2:1020798)
	at async t.GitHistoryProvider.resolveHEADMergeBase (/opt/vscodium-bin/resources/app/extensions/git/dist/main.js:2:948359)
	at async t.GitHistoryProvider.onDidRunGitStatus (/opt/vscodium-bin/resources/app/extensions/git/dist/main.js:2:941686)
2024-09-16 16:08:31.467 [error] Error: No such branch: master.
	at N.getBranch (/opt/vscodium-bin/resources/app/extensions/git/dist/main.js:2:937064)
	at async T.retryRun (/opt/vscodium-bin/resources/app/extensions/git/dist/main.js:2:1032765)
	at async T.run (/opt/vscodium-bin/resources/app/extensions/git/dist/main.js:2:1032369)
	at async T.getBranch (/opt/vscodium-bin/resources/app/extensions/git/dist/main.js:2:1020512)
	at async T.getBranchBase (/opt/vscodium-bin/resources/app/extensions/git/dist/main.js:2:1020798)
	at async t.GitHistoryProvider.resolveHEADMergeBase (/opt/vscodium-bin/resources/app/extensions/git/dist/main.js:2:948359)
	at async t.GitHistoryProvider.onDidRunGitStatus (/opt/vscodium-bin/resources/app/extensions/git/dist/main.js:2:941686)
2024-09-16 16:08:49.943 [error] Error: No such branch: master.
	at N.getBranch (/opt/vscodium-bin/resources/app/extensions/git/dist/main.js:2:937064)
	at async T.retryRun (/opt/vscodium-bin/resources/app/extensions/git/dist/main.js:2:1032765)
	at async T.run (/opt/vscodium-bin/resources/app/extensions/git/dist/main.js:2:1032369)
	at async T.getBranch (/opt/vscodium-bin/resources/app/extensions/git/dist/main.js:2:1020512)
	at async T.getBranchBase (/opt/vscodium-bin/resources/app/extensions/git/dist/main.js:2:1020798)
	at async t.GitHistoryProvider.resolveHEADMergeBase (/opt/vscodium-bin/resources/app/extensions/git/dist/main.js:2:948359)
	at async t.GitHistoryProvider.onDidRunGitStatus (/opt/vscodium-bin/resources/app/extensions/git/dist/main.js:2:941686)
2024-09-16 16:08:57.838 [error] Error: No such branch: master.
	at N.getBranch (/opt/vscodium-bin/resources/app/extensions/git/dist/main.js:2:937064)
	at async T.retryRun (/opt/vscodium-bin/resources/app/extensions/git/dist/main.js:2:1032765)
	at async T.run (/opt/vscodium-bin/resources/app/extensions/git/dist/main.js:2:1032369)
	at async T.getBranch (/opt/vscodium-bin/resources/app/extensions/git/dist/main.js:2:1020512)
	at async T.getBranchBase (/opt/vscodium-bin/resources/app/extensions/git/dist/main.js:2:1020798)
	at async t.GitHistoryProvider.resolveHEADMergeBase (/opt/vscodium-bin/resources/app/extensions/git/dist/main.js:2:948359)
	at async t.GitHistoryProvider.onDidRunGitStatus (/opt/vscodium-bin/resources/app/extensions/git/dist/main.js:2:941686)
2024-09-16 16:09:06.709 [error] Error: No such branch: master.
	at N.getBranch (/opt/vscodium-bin/resources/app/extensions/git/dist/main.js:2:937064)
	at async T.retryRun (/opt/vscodium-bin/resources/app/extensions/git/dist/main.js:2:1032765)
	at async T.run (/opt/vscodium-bin/resources/app/extensions/git/dist/main.js:2:1032369)
	at async T.getBranch (/opt/vscodium-bin/resources/app/extensions/git/dist/main.js:2:1020512)
	at async T.getBranchBase (/opt/vscodium-bin/resources/app/extensions/git/dist/main.js:2:1020798)
	at async t.GitHistoryProvider.resolveHEADMergeBase (/opt/vscodium-bin/resources/app/extensions/git/dist/main.js:2:948359)
	at async t.GitHistoryProvider.onDidRunGitStatus (/opt/vscodium-bin/resources/app/extensions/git/dist/main.js:2:941686)
2024-09-16 16:09:24.233 [error] Error: No such branch: master.
	at N.getBranch (/opt/vscodium-bin/resources/app/extensions/git/dist/main.js:2:937064)
	at async T.retryRun (/opt/vscodium-bin/resources/app/extensions/git/dist/main.js:2:1032765)
	at async T.run (/opt/vscodium-bin/resources/app/extensions/git/dist/main.js:2:1032369)
	at async T.getBranch (/opt/vscodium-bin/resources/app/extensions/git/dist/main.js:2:1020512)
	at async T.getBranchBase (/opt/vscodium-bin/resources/app/extensions/git/dist/main.js:2:1020798)
	at async t.GitHistoryProvider.resolveHEADMergeBase (/opt/vscodium-bin/resources/app/extensions/git/dist/main.js:2:948359)
	at async t.GitHistoryProvider.onDidRunGitStatus (/opt/vscodium-bin/resources/app/extensions/git/dist/main.js:2:941686)
2024-09-16 16:09:32.979 [error] Error: No such branch: master.
	at N.getBranch (/opt/vscodium-bin/resources/app/extensions/git/dist/main.js:2:937064)
	at async T.retryRun (/opt/vscodium-bin/resources/app/extensions/git/dist/main.js:2:1032765)
	at async T.run (/opt/vscodium-bin/resources/app/extensions/git/dist/main.js:2:1032369)
	at async T.getBranch (/opt/vscodium-bin/resources/app/extensions/git/dist/main.js:2:1020512)
	at async T.getBranchBase (/opt/vscodium-bin/resources/app/extensions/git/dist/main.js:2:1020798)
	at async t.GitHistoryProvider.resolveHEADMergeBase (/opt/vscodium-bin/resources/app/extensions/git/dist/main.js:2:948359)
	at async t.GitHistoryProvider.onDidRunGitStatus (/opt/vscodium-bin/resources/app/extensions/git/dist/main.js:2:941686)
2024-09-16 16:09:53.403 [error] Error: No such branch: master.
	at N.getBranch (/opt/vscodium-bin/resources/app/extensions/git/dist/main.js:2:937064)
	at async T.retryRun (/opt/vscodium-bin/resources/app/extensions/git/dist/main.js:2:1032765)
	at async T.run (/opt/vscodium-bin/resources/app/extensions/git/dist/main.js:2:1032369)
	at async T.getBranch (/opt/vscodium-bin/resources/app/extensions/git/dist/main.js:2:1020512)
	at async T.getBranchBase (/opt/vscodium-bin/resources/app/extensions/git/dist/main.js:2:1020798)
	at async t.GitHistoryProvider.resolveHEADMergeBase (/opt/vscodium-bin/resources/app/extensions/git/dist/main.js:2:948359)
	at async t.GitHistoryProvider.onDidRunGitStatus (/opt/vscodium-bin/resources/app/extensions/git/dist/main.js:2:941686)
2024-09-16 16:10:29.463 [error] Error: No such branch: master.
	at N.getBranch (/opt/vscodium-bin/resources/app/extensions/git/dist/main.js:2:937064)
	at async T.retryRun (/opt/vscodium-bin/resources/app/extensions/git/dist/main.js:2:1032765)
	at async T.run (/opt/vscodium-bin/resources/app/extensions/git/dist/main.js:2:1032369)
	at async T.getBranch (/opt/vscodium-bin/resources/app/extensions/git/dist/main.js:2:1020512)
	at async T.getBranchBase (/opt/vscodium-bin/resources/app/extensions/git/dist/main.js:2:1020798)
	at async t.GitHistoryProvider.resolveHEADMergeBase (/opt/vscodium-bin/resources/app/extensions/git/dist/main.js:2:948359)
	at async t.GitHistoryProvider.onDidRunGitStatus (/opt/vscodium-bin/resources/app/extensions/git/dist/main.js:2:941686)
2024-09-16 16:10:44.181 [error] Error: No such branch: master.
	at N.getBranch (/opt/vscodium-bin/resources/app/extensions/git/dist/main.js:2:937064)
	at async T.retryRun (/opt/vscodium-bin/resources/app/extensions/git/dist/main.js:2:1032765)
	at async T.run (/opt/vscodium-bin/resources/app/extensions/git/dist/main.js:2:1032369)
	at async T.getBranch (/opt/vscodium-bin/resources/app/extensions/git/dist/main.js:2:1020512)
	at async T.getBranchBase (/opt/vscodium-bin/resources/app/extensions/git/dist/main.js:2:1020798)
	at async t.GitHistoryProvider.resolveHEADMergeBase (/opt/vscodium-bin/resources/app/extensions/git/dist/main.js:2:948359)
	at async t.GitHistoryProvider.onDidRunGitStatus (/opt/vscodium-bin/resources/app/extensions/git/dist/main.js:2:941686)
2024-09-16 16:11:02.591 [error] Error: No such branch: master.
	at N.getBranch (/opt/vscodium-bin/resources/app/extensions/git/dist/main.js:2:937064)
	at async T.retryRun (/opt/vscodium-bin/resources/app/extensions/git/dist/main.js:2:1032765)
	at async T.run (/opt/vscodium-bin/resources/app/extensions/git/dist/main.js:2:1032369)
	at async T.getBranch (/opt/vscodium-bin/resources/app/extensions/git/dist/main.js:2:1020512)
	at async T.getBranchBase (/opt/vscodium-bin/resources/app/extensions/git/dist/main.js:2:1020798)
	at async t.GitHistoryProvider.resolveHEADMergeBase (/opt/vscodium-bin/resources/app/extensions/git/dist/main.js:2:948359)
	at async t.GitHistoryProvider.onDidRunGitStatus (/opt/vscodium-bin/resources/app/extensions/git/dist/main.js:2:941686)
2024-09-16 16:11:30.914 [error] Error: No such branch: master.
	at N.getBranch (/opt/vscodium-bin/resources/app/extensions/git/dist/main.js:2:937064)
	at async T.retryRun (/opt/vscodium-bin/resources/app/extensions/git/dist/main.js:2:1032765)
	at async T.run (/opt/vscodium-bin/resources/app/extensions/git/dist/main.js:2:1032369)
	at async T.getBranch (/opt/vscodium-bin/resources/app/extensions/git/dist/main.js:2:1020512)
	at async T.getBranchBase (/opt/vscodium-bin/resources/app/extensions/git/dist/main.js:2:1020798)
	at async t.GitHistoryProvider.resolveHEADMergeBase (/opt/vscodium-bin/resources/app/extensions/git/dist/main.js:2:948359)
	at async t.GitHistoryProvider.onDidRunGitStatus (/opt/vscodium-bin/resources/app/extensions/git/dist/main.js:2:941686)
2024-09-16 16:11:46.351 [error] Error: No such branch: master.
	at N.getBranch (/opt/vscodium-bin/resources/app/extensions/git/dist/main.js:2:937064)
	at async T.retryRun (/opt/vscodium-bin/resources/app/extensions/git/dist/main.js:2:1032765)
	at async T.run (/opt/vscodium-bin/resources/app/extensions/git/dist/main.js:2:1032369)
	at async T.getBranch (/opt/vscodium-bin/resources/app/extensions/git/dist/main.js:2:1020512)
	at async T.getBranchBase (/opt/vscodium-bin/resources/app/extensions/git/dist/main.js:2:1020798)
	at async t.GitHistoryProvider.resolveHEADMergeBase (/opt/vscodium-bin/resources/app/extensions/git/dist/main.js:2:948359)
	at async t.GitHistoryProvider.onDidRunGitStatus (/opt/vscodium-bin/resources/app/extensions/git/dist/main.js:2:941686)
2024-09-16 16:11:57.321 [error] Error: No such branch: master.
	at N.getBranch (/opt/vscodium-bin/resources/app/extensions/git/dist/main.js:2:937064)
	at async T.retryRun (/opt/vscodium-bin/resources/app/extensions/git/dist/main.js:2:1032765)
	at async T.run (/opt/vscodium-bin/resources/app/extensions/git/dist/main.js:2:1032369)
	at async T.getBranch (/opt/vscodium-bin/resources/app/extensions/git/dist/main.js:2:1020512)
	at async T.getBranchBase (/opt/vscodium-bin/resources/app/extensions/git/dist/main.js:2:1020798)
	at async t.GitHistoryProvider.resolveHEADMergeBase (/opt/vscodium-bin/resources/app/extensions/git/dist/main.js:2:948359)
	at async t.GitHistoryProvider.onDidRunGitStatus (/opt/vscodium-bin/resources/app/extensions/git/dist/main.js:2:941686)
2024-09-16 16:12:09.650 [error] Error: No such branch: master.
	at N.getBranch (/opt/vscodium-bin/resources/app/extensions/git/dist/main.js:2:937064)
	at async T.retryRun (/opt/vscodium-bin/resources/app/extensions/git/dist/main.js:2:1032765)
	at async T.run (/opt/vscodium-bin/resources/app/extensions/git/dist/main.js:2:1032369)
	at async T.getBranch (/opt/vscodium-bin/resources/app/extensions/git/dist/main.js:2:1020512)
	at async T.getBranchBase (/opt/vscodium-bin/resources/app/extensions/git/dist/main.js:2:1020798)
	at async t.GitHistoryProvider.resolveHEADMergeBase (/opt/vscodium-bin/resources/app/extensions/git/dist/main.js:2:948359)
	at async t.GitHistoryProvider.onDidRunGitStatus (/opt/vscodium-bin/resources/app/extensions/git/dist/main.js:2:941686)
2024-09-16 16:13:10.662 [error] Error: No such branch: master.
	at N.getBranch (/opt/vscodium-bin/resources/app/extensions/git/dist/main.js:2:937064)
	at async T.retryRun (/opt/vscodium-bin/resources/app/extensions/git/dist/main.js:2:1032765)
	at async T.run (/opt/vscodium-bin/resources/app/extensions/git/dist/main.js:2:1032369)
	at async T.getBranch (/opt/vscodium-bin/resources/app/extensions/git/dist/main.js:2:1020512)
	at async T.getBranchBase (/opt/vscodium-bin/resources/app/extensions/git/dist/main.js:2:1020798)
	at async t.GitHistoryProvider.resolveHEADMergeBase (/opt/vscodium-bin/resources/app/extensions/git/dist/main.js:2:948359)
	at async t.GitHistoryProvider.onDidRunGitStatus (/opt/vscodium-bin/resources/app/extensions/git/dist/main.js:2:941686)
2024-09-16 16:13:16.428 [error] Error: No such branch: master.
	at N.getBranch (/opt/vscodium-bin/resources/app/extensions/git/dist/main.js:2:937064)
	at async T.retryRun (/opt/vscodium-bin/resources/app/extensions/git/dist/main.js:2:1032765)
	at async T.run (/opt/vscodium-bin/resources/app/extensions/git/dist/main.js:2:1032369)
	at async T.getBranch (/opt/vscodium-bin/resources/app/extensions/git/dist/main.js:2:1020512)
	at async T.getBranchBase (/opt/vscodium-bin/resources/app/extensions/git/dist/main.js:2:1020798)
	at async t.GitHistoryProvider.resolveHEADMergeBase (/opt/vscodium-bin/resources/app/extensions/git/dist/main.js:2:948359)
	at async t.GitHistoryProvider.onDidRunGitStatus (/opt/vscodium-bin/resources/app/extensions/git/dist/main.js:2:941686)
2024-09-16 16:13:21.457 [error] Error: No such branch: master.
	at N.getBranch (/opt/vscodium-bin/resources/app/extensions/git/dist/main.js:2:937064)
	at async T.retryRun (/opt/vscodium-bin/resources/app/extensions/git/dist/main.js:2:1032765)
	at async T.run (/opt/vscodium-bin/resources/app/extensions/git/dist/main.js:2:1032369)
	at async T.getBranch (/opt/vscodium-bin/resources/app/extensions/git/dist/main.js:2:1020512)
	at async T.getBranchBase (/opt/vscodium-bin/resources/app/extensions/git/dist/main.js:2:1020798)
	at async t.GitHistoryProvider.resolveHEADMergeBase (/opt/vscodium-bin/resources/app/extensions/git/dist/main.js:2:948359)
	at async t.GitHistoryProvider.onDidRunGitStatus (/opt/vscodium-bin/resources/app/extensions/git/dist/main.js:2:941686)
2024-09-16 16:13:27.165 [error] Error: No such branch: master.
	at N.getBranch (/opt/vscodium-bin/resources/app/extensions/git/dist/main.js:2:937064)
	at async T.retryRun (/opt/vscodium-bin/resources/app/extensions/git/dist/main.js:2:1032765)
	at async T.run (/opt/vscodium-bin/resources/app/extensions/git/dist/main.js:2:1032369)
	at async T.getBranch (/opt/vscodium-bin/resources/app/extensions/git/dist/main.js:2:1020512)
	at async T.getBranchBase (/opt/vscodium-bin/resources/app/extensions/git/dist/main.js:2:1020798)
	at async t.GitHistoryProvider.resolveHEADMergeBase (/opt/vscodium-bin/resources/app/extensions/git/dist/main.js:2:948359)
	at async t.GitHistoryProvider.onDidRunGitStatus (/opt/vscodium-bin/resources/app/extensions/git/dist/main.js:2:941686)
2024-09-16 16:13:39.409 [error] Error: No such branch: master.
	at N.getBranch (/opt/vscodium-bin/resources/app/extensions/git/dist/main.js:2:937064)
	at async T.retryRun (/opt/vscodium-bin/resources/app/extensions/git/dist/main.js:2:1032765)
	at async T.run (/opt/vscodium-bin/resources/app/extensions/git/dist/main.js:2:1032369)
	at async T.getBranch (/opt/vscodium-bin/resources/app/extensions/git/dist/main.js:2:1020512)
	at async T.getBranchBase (/opt/vscodium-bin/resources/app/extensions/git/dist/main.js:2:1020798)
	at async t.GitHistoryProvider.resolveHEADMergeBase (/opt/vscodium-bin/resources/app/extensions/git/dist/main.js:2:948359)
	at async t.GitHistoryProvider.onDidRunGitStatus (/opt/vscodium-bin/resources/app/extensions/git/dist/main.js:2:941686)
2024-09-16 16:13:49.853 [error] Error: No such branch: master.
	at N.getBranch (/opt/vscodium-bin/resources/app/extensions/git/dist/main.js:2:937064)
	at async T.retryRun (/opt/vscodium-bin/resources/app/extensions/git/dist/main.js:2:1032765)
	at async T.run (/opt/vscodium-bin/resources/app/extensions/git/dist/main.js:2:1032369)
	at async T.getBranch (/opt/vscodium-bin/resources/app/extensions/git/dist/main.js:2:1020512)
	at async T.getBranchBase (/opt/vscodium-bin/resources/app/extensions/git/dist/main.js:2:1020798)
	at async t.GitHistoryProvider.resolveHEADMergeBase (/opt/vscodium-bin/resources/app/extensions/git/dist/main.js:2:948359)
	at async t.GitHistoryProvider.onDidRunGitStatus (/opt/vscodium-bin/resources/app/extensions/git/dist/main.js:2:941686)
2024-09-16 16:13:54.875 [error] Error: No such branch: master.
	at N.getBranch (/opt/vscodium-bin/resources/app/extensions/git/dist/main.js:2:937064)
	at async T.retryRun (/opt/vscodium-bin/resources/app/extensions/git/dist/main.js:2:1032765)
	at async T.run (/opt/vscodium-bin/resources/app/extensions/git/dist/main.js:2:1032369)
	at async T.getBranch (/opt/vscodium-bin/resources/app/extensions/git/dist/main.js:2:1020512)
	at async T.getBranchBase (/opt/vscodium-bin/resources/app/extensions/git/dist/main.js:2:1020798)
	at async t.GitHistoryProvider.resolveHEADMergeBase (/opt/vscodium-bin/resources/app/extensions/git/dist/main.js:2:948359)
	at async t.GitHistoryProvider.onDidRunGitStatus (/opt/vscodium-bin/resources/app/extensions/git/dist/main.js:2:941686)
2024-09-16 16:14:08.624 [error] Error: No such branch: master.
	at N.getBranch (/opt/vscodium-bin/resources/app/extensions/git/dist/main.js:2:937064)
	at async T.retryRun (/opt/vscodium-bin/resources/app/extensions/git/dist/main.js:2:1032765)
	at async T.run (/opt/vscodium-bin/resources/app/extensions/git/dist/main.js:2:1032369)
	at async T.getBranch (/opt/vscodium-bin/resources/app/extensions/git/dist/main.js:2:1020512)
	at async T.getBranchBase (/opt/vscodium-bin/resources/app/extensions/git/dist/main.js:2:1020798)
	at async t.GitHistoryProvider.resolveHEADMergeBase (/opt/vscodium-bin/resources/app/extensions/git/dist/main.js:2:948359)
	at async t.GitHistoryProvider.onDidRunGitStatus (/opt/vscodium-bin/resources/app/extensions/git/dist/main.js:2:941686)
2024-09-16 16:14:21.102 [error] Error: No such branch: master.
	at N.getBranch (/opt/vscodium-bin/resources/app/extensions/git/dist/main.js:2:937064)
	at async T.retryRun (/opt/vscodium-bin/resources/app/extensions/git/dist/main.js:2:1032765)
	at async T.run (/opt/vscodium-bin/resources/app/extensions/git/dist/main.js:2:1032369)
	at async T.getBranch (/opt/vscodium-bin/resources/app/extensions/git/dist/main.js:2:1020512)
	at async T.getBranchBase (/opt/vscodium-bin/resources/app/extensions/git/dist/main.js:2:1020798)
	at async t.GitHistoryProvider.resolveHEADMergeBase (/opt/vscodium-bin/resources/app/extensions/git/dist/main.js:2:948359)
	at async t.GitHistoryProvider.onDidRunGitStatus (/opt/vscodium-bin/resources/app/extensions/git/dist/main.js:2:941686)
2024-09-16 16:14:33.426 [error] Error: No such branch: master.
	at N.getBranch (/opt/vscodium-bin/resources/app/extensions/git/dist/main.js:2:937064)
	at async T.retryRun (/opt/vscodium-bin/resources/app/extensions/git/dist/main.js:2:1032765)
	at async T.run (/opt/vscodium-bin/resources/app/extensions/git/dist/main.js:2:1032369)
	at async T.getBranch (/opt/vscodium-bin/resources/app/extensions/git/dist/main.js:2:1020512)
	at async T.getBranchBase (/opt/vscodium-bin/resources/app/extensions/git/dist/main.js:2:1020798)
	at async t.GitHistoryProvider.resolveHEADMergeBase (/opt/vscodium-bin/resources/app/extensions/git/dist/main.js:2:948359)
	at async t.GitHistoryProvider.onDidRunGitStatus (/opt/vscodium-bin/resources/app/extensions/git/dist/main.js:2:941686)
2024-09-16 16:14:38.449 [error] Error: No such branch: master.
	at N.getBranch (/opt/vscodium-bin/resources/app/extensions/git/dist/main.js:2:937064)
	at process.processTicksAndRejections (node:internal/process/task_queues:95:5)
	at async T.retryRun (/opt/vscodium-bin/resources/app/extensions/git/dist/main.js:2:1032765)
	at async T.run (/opt/vscodium-bin/resources/app/extensions/git/dist/main.js:2:1032369)
	at async T.getBranch (/opt/vscodium-bin/resources/app/extensions/git/dist/main.js:2:1020512)
	at async T.getBranchBase (/opt/vscodium-bin/resources/app/extensions/git/dist/main.js:2:1020798)
	at async t.GitHistoryProvider.resolveHEADMergeBase (/opt/vscodium-bin/resources/app/extensions/git/dist/main.js:2:948359)
	at async t.GitHistoryProvider.onDidRunGitStatus (/opt/vscodium-bin/resources/app/extensions/git/dist/main.js:2:941686)
2024-09-16 16:14:46.684 [error] Error: No such branch: master.
	at N.getBranch (/opt/vscodium-bin/resources/app/extensions/git/dist/main.js:2:937064)
	at async T.retryRun (/opt/vscodium-bin/resources/app/extensions/git/dist/main.js:2:1032765)
	at async T.run (/opt/vscodium-bin/resources/app/extensions/git/dist/main.js:2:1032369)
	at async T.getBranch (/opt/vscodium-bin/resources/app/extensions/git/dist/main.js:2:1020512)
	at async T.getBranchBase (/opt/vscodium-bin/resources/app/extensions/git/dist/main.js:2:1020798)
	at async t.GitHistoryProvider.resolveHEADMergeBase (/opt/vscodium-bin/resources/app/extensions/git/dist/main.js:2:948359)
	at async t.GitHistoryProvider.onDidRunGitStatus (/opt/vscodium-bin/resources/app/extensions/git/dist/main.js:2:941686)
2024-09-16 16:15:06.719 [error] Error: No such branch: master.
	at N.getBranch (/opt/vscodium-bin/resources/app/extensions/git/dist/main.js:2:937064)
	at async T.retryRun (/opt/vscodium-bin/resources/app/extensions/git/dist/main.js:2:1032765)
	at async T.run (/opt/vscodium-bin/resources/app/extensions/git/dist/main.js:2:1032369)
	at async T.getBranch (/opt/vscodium-bin/resources/app/extensions/git/dist/main.js:2:1020512)
	at async T.getBranchBase (/opt/vscodium-bin/resources/app/extensions/git/dist/main.js:2:1020798)
	at async t.GitHistoryProvider.resolveHEADMergeBase (/opt/vscodium-bin/resources/app/extensions/git/dist/main.js:2:948359)
	at async t.GitHistoryProvider.onDidRunGitStatus (/opt/vscodium-bin/resources/app/extensions/git/dist/main.js:2:941686)
2024-09-16 16:15:45.736 [error] Error: No such branch: master.
	at N.getBranch (/opt/vscodium-bin/resources/app/extensions/git/dist/main.js:2:937064)
	at async T.retryRun (/opt/vscodium-bin/resources/app/extensions/git/dist/main.js:2:1032765)
	at async T.run (/opt/vscodium-bin/resources/app/extensions/git/dist/main.js:2:1032369)
	at async T.getBranch (/opt/vscodium-bin/resources/app/extensions/git/dist/main.js:2:1020512)
	at async T.getBranchBase (/opt/vscodium-bin/resources/app/extensions/git/dist/main.js:2:1020798)
	at async t.GitHistoryProvider.resolveHEADMergeBase (/opt/vscodium-bin/resources/app/extensions/git/dist/main.js:2:948359)
	at async t.GitHistoryProvider.onDidRunGitStatus (/opt/vscodium-bin/resources/app/extensions/git/dist/main.js:2:941686)
2024-09-16 16:16:09.327 [error] Error: No such branch: master.
	at N.getBranch (/opt/vscodium-bin/resources/app/extensions/git/dist/main.js:2:937064)
	at async T.retryRun (/opt/vscodium-bin/resources/app/extensions/git/dist/main.js:2:1032765)
	at async T.run (/opt/vscodium-bin/resources/app/extensions/git/dist/main.js:2:1032369)
	at async T.getBranch (/opt/vscodium-bin/resources/app/extensions/git/dist/main.js:2:1020512)
	at async T.getBranchBase (/opt/vscodium-bin/resources/app/extensions/git/dist/main.js:2:1020798)
	at async t.GitHistoryProvider.resolveHEADMergeBase (/opt/vscodium-bin/resources/app/extensions/git/dist/main.js:2:948359)
	at async t.GitHistoryProvider.onDidRunGitStatus (/opt/vscodium-bin/resources/app/extensions/git/dist/main.js:2:941686)
2024-09-16 16:17:03.563 [error] Error: No such branch: master.
	at N.getBranch (/opt/vscodium-bin/resources/app/extensions/git/dist/main.js:2:937064)
	at async T.retryRun (/opt/vscodium-bin/resources/app/extensions/git/dist/main.js:2:1032765)
	at async T.run (/opt/vscodium-bin/resources/app/extensions/git/dist/main.js:2:1032369)
	at async T.getBranch (/opt/vscodium-bin/resources/app/extensions/git/dist/main.js:2:1020512)
	at async T.getBranchBase (/opt/vscodium-bin/resources/app/extensions/git/dist/main.js:2:1020798)
	at async t.GitHistoryProvider.resolveHEADMergeBase (/opt/vscodium-bin/resources/app/extensions/git/dist/main.js:2:948359)
	at async t.GitHistoryProvider.onDidRunGitStatus (/opt/vscodium-bin/resources/app/extensions/git/dist/main.js:2:941686)
2024-09-16 16:17:26.852 [error] Error: No such branch: master.
	at N.getBranch (/opt/vscodium-bin/resources/app/extensions/git/dist/main.js:2:937064)
	at async T.retryRun (/opt/vscodium-bin/resources/app/extensions/git/dist/main.js:2:1032765)
	at async T.run (/opt/vscodium-bin/resources/app/extensions/git/dist/main.js:2:1032369)
	at async T.getBranch (/opt/vscodium-bin/resources/app/extensions/git/dist/main.js:2:1020512)
	at async T.getBranchBase (/opt/vscodium-bin/resources/app/extensions/git/dist/main.js:2:1020798)
	at async t.GitHistoryProvider.resolveHEADMergeBase (/opt/vscodium-bin/resources/app/extensions/git/dist/main.js:2:948359)
	at async t.GitHistoryProvider.onDidRunGitStatus (/opt/vscodium-bin/resources/app/extensions/git/dist/main.js:2:941686)
2024-09-16 16:17:34.876 [error] Error: No such branch: master.
	at N.getBranch (/opt/vscodium-bin/resources/app/extensions/git/dist/main.js:2:937064)
	at async T.retryRun (/opt/vscodium-bin/resources/app/extensions/git/dist/main.js:2:1032765)
	at async T.run (/opt/vscodium-bin/resources/app/extensions/git/dist/main.js:2:1032369)
	at async T.getBranch (/opt/vscodium-bin/resources/app/extensions/git/dist/main.js:2:1020512)
	at async T.getBranchBase (/opt/vscodium-bin/resources/app/extensions/git/dist/main.js:2:1020798)
	at async t.GitHistoryProvider.resolveHEADMergeBase (/opt/vscodium-bin/resources/app/extensions/git/dist/main.js:2:948359)
	at async t.GitHistoryProvider.onDidRunGitStatus (/opt/vscodium-bin/resources/app/extensions/git/dist/main.js:2:941686)
2024-09-16 16:17:39.897 [error] Error: No such branch: master.
	at N.getBranch (/opt/vscodium-bin/resources/app/extensions/git/dist/main.js:2:937064)
	at async T.retryRun (/opt/vscodium-bin/resources/app/extensions/git/dist/main.js:2:1032765)
	at async T.run (/opt/vscodium-bin/resources/app/extensions/git/dist/main.js:2:1032369)
	at async T.getBranch (/opt/vscodium-bin/resources/app/extensions/git/dist/main.js:2:1020512)
	at async T.getBranchBase (/opt/vscodium-bin/resources/app/extensions/git/dist/main.js:2:1020798)
	at async t.GitHistoryProvider.resolveHEADMergeBase (/opt/vscodium-bin/resources/app/extensions/git/dist/main.js:2:948359)
	at async t.GitHistoryProvider.onDidRunGitStatus (/opt/vscodium-bin/resources/app/extensions/git/dist/main.js:2:941686)
2024-09-16 16:20:37.213 [error] Error: No such branch: master.
	at N.getBranch (/opt/vscodium-bin/resources/app/extensions/git/dist/main.js:2:937064)
	at async T.retryRun (/opt/vscodium-bin/resources/app/extensions/git/dist/main.js:2:1032765)
	at async T.run (/opt/vscodium-bin/resources/app/extensions/git/dist/main.js:2:1032369)
	at async T.getBranch (/opt/vscodium-bin/resources/app/extensions/git/dist/main.js:2:1020512)
	at async T.getBranchBase (/opt/vscodium-bin/resources/app/extensions/git/dist/main.js:2:1020798)
	at async t.GitHistoryProvider.resolveHEADMergeBase (/opt/vscodium-bin/resources/app/extensions/git/dist/main.js:2:948359)
	at async t.GitHistoryProvider.onDidRunGitStatus (/opt/vscodium-bin/resources/app/extensions/git/dist/main.js:2:941686)
2024-09-16 16:21:18.578 [error] Error: No such branch: master.
	at N.getBranch (/opt/vscodium-bin/resources/app/extensions/git/dist/main.js:2:937064)
	at async T.retryRun (/opt/vscodium-bin/resources/app/extensions/git/dist/main.js:2:1032765)
	at async T.run (/opt/vscodium-bin/resources/app/extensions/git/dist/main.js:2:1032369)
	at async T.getBranch (/opt/vscodium-bin/resources/app/extensions/git/dist/main.js:2:1020512)
	at async T.getBranchBase (/opt/vscodium-bin/resources/app/extensions/git/dist/main.js:2:1020798)
	at async t.GitHistoryProvider.resolveHEADMergeBase (/opt/vscodium-bin/resources/app/extensions/git/dist/main.js:2:948359)
	at async t.GitHistoryProvider.onDidRunGitStatus (/opt/vscodium-bin/resources/app/extensions/git/dist/main.js:2:941686)
2024-09-16 16:21:24.517 [error] Error: No such branch: master.
	at N.getBranch (/opt/vscodium-bin/resources/app/extensions/git/dist/main.js:2:937064)
	at async T.retryRun (/opt/vscodium-bin/resources/app/extensions/git/dist/main.js:2:1032765)
	at async T.run (/opt/vscodium-bin/resources/app/extensions/git/dist/main.js:2:1032369)
	at async T.getBranch (/opt/vscodium-bin/resources/app/extensions/git/dist/main.js:2:1020512)
	at async T.getBranchBase (/opt/vscodium-bin/resources/app/extensions/git/dist/main.js:2:1020798)
	at async t.GitHistoryProvider.resolveHEADMergeBase (/opt/vscodium-bin/resources/app/extensions/git/dist/main.js:2:948359)
	at async t.GitHistoryProvider.onDidRunGitStatus (/opt/vscodium-bin/resources/app/extensions/git/dist/main.js:2:941686)
2024-09-16 16:21:54.515 [error] Error: No such branch: master.
	at N.getBranch (/opt/vscodium-bin/resources/app/extensions/git/dist/main.js:2:937064)
	at async T.retryRun (/opt/vscodium-bin/resources/app/extensions/git/dist/main.js:2:1032765)
	at async T.run (/opt/vscodium-bin/resources/app/extensions/git/dist/main.js:2:1032369)
	at async T.getBranch (/opt/vscodium-bin/resources/app/extensions/git/dist/main.js:2:1020512)
	at async T.getBranchBase (/opt/vscodium-bin/resources/app/extensions/git/dist/main.js:2:1020798)
	at async t.GitHistoryProvider.resolveHEADMergeBase (/opt/vscodium-bin/resources/app/extensions/git/dist/main.js:2:948359)
	at async t.GitHistoryProvider.onDidRunGitStatus (/opt/vscodium-bin/resources/app/extensions/git/dist/main.js:2:941686)
2024-09-16 16:22:30.831 [error] Error: No such branch: master.
	at N.getBranch (/opt/vscodium-bin/resources/app/extensions/git/dist/main.js:2:937064)
	at async T.retryRun (/opt/vscodium-bin/resources/app/extensions/git/dist/main.js:2:1032765)
	at async T.run (/opt/vscodium-bin/resources/app/extensions/git/dist/main.js:2:1032369)
	at async T.getBranch (/opt/vscodium-bin/resources/app/extensions/git/dist/main.js:2:1020512)
	at async T.getBranchBase (/opt/vscodium-bin/resources/app/extensions/git/dist/main.js:2:1020798)
	at async t.GitHistoryProvider.resolveHEADMergeBase (/opt/vscodium-bin/resources/app/extensions/git/dist/main.js:2:948359)
	at async t.GitHistoryProvider.onDidRunGitStatus (/opt/vscodium-bin/resources/app/extensions/git/dist/main.js:2:941686)
2024-09-16 16:22:44.815 [error] Error: No such branch: master.
	at N.getBranch (/opt/vscodium-bin/resources/app/extensions/git/dist/main.js:2:937064)
	at async T.retryRun (/opt/vscodium-bin/resources/app/extensions/git/dist/main.js:2:1032765)
	at async T.run (/opt/vscodium-bin/resources/app/extensions/git/dist/main.js:2:1032369)
	at async T.getBranch (/opt/vscodium-bin/resources/app/extensions/git/dist/main.js:2:1020512)
	at async T.getBranchBase (/opt/vscodium-bin/resources/app/extensions/git/dist/main.js:2:1020798)
	at async t.GitHistoryProvider.resolveHEADMergeBase (/opt/vscodium-bin/resources/app/extensions/git/dist/main.js:2:948359)
	at async t.GitHistoryProvider.onDidRunGitStatus (/opt/vscodium-bin/resources/app/extensions/git/dist/main.js:2:941686)
2024-09-16 16:23:08.989 [error] Error: No such branch: master.
	at N.getBranch (/opt/vscodium-bin/resources/app/extensions/git/dist/main.js:2:937064)
	at async T.retryRun (/opt/vscodium-bin/resources/app/extensions/git/dist/main.js:2:1032765)
	at async T.run (/opt/vscodium-bin/resources/app/extensions/git/dist/main.js:2:1032369)
	at async T.getBranch (/opt/vscodium-bin/resources/app/extensions/git/dist/main.js:2:1020512)
	at async T.getBranchBase (/opt/vscodium-bin/resources/app/extensions/git/dist/main.js:2:1020798)
	at async t.GitHistoryProvider.resolveHEADMergeBase (/opt/vscodium-bin/resources/app/extensions/git/dist/main.js:2:948359)
	at async t.GitHistoryProvider.onDidRunGitStatus (/opt/vscodium-bin/resources/app/extensions/git/dist/main.js:2:941686)
2024-09-16 16:23:35.220 [error] Error: No such branch: master.
	at N.getBranch (/opt/vscodium-bin/resources/app/extensions/git/dist/main.js:2:937064)
	at process.processTicksAndRejections (node:internal/process/task_queues:95:5)
	at async T.retryRun (/opt/vscodium-bin/resources/app/extensions/git/dist/main.js:2:1032765)
	at async T.run (/opt/vscodium-bin/resources/app/extensions/git/dist/main.js:2:1032369)
	at async T.getBranch (/opt/vscodium-bin/resources/app/extensions/git/dist/main.js:2:1020512)
	at async T.getBranchBase (/opt/vscodium-bin/resources/app/extensions/git/dist/main.js:2:1020798)
	at async t.GitHistoryProvider.resolveHEADMergeBase (/opt/vscodium-bin/resources/app/extensions/git/dist/main.js:2:948359)
	at async t.GitHistoryProvider.onDidRunGitStatus (/opt/vscodium-bin/resources/app/extensions/git/dist/main.js:2:941686)
2024-09-16 16:23:49.948 [error] Error: No such branch: master.
	at N.getBranch (/opt/vscodium-bin/resources/app/extensions/git/dist/main.js:2:937064)
	at async T.retryRun (/opt/vscodium-bin/resources/app/extensions/git/dist/main.js:2:1032765)
	at async T.run (/opt/vscodium-bin/resources/app/extensions/git/dist/main.js:2:1032369)
	at async T.getBranch (/opt/vscodium-bin/resources/app/extensions/git/dist/main.js:2:1020512)
	at async T.getBranchBase (/opt/vscodium-bin/resources/app/extensions/git/dist/main.js:2:1020798)
	at async t.GitHistoryProvider.resolveHEADMergeBase (/opt/vscodium-bin/resources/app/extensions/git/dist/main.js:2:948359)
	at async t.GitHistoryProvider.onDidRunGitStatus (/opt/vscodium-bin/resources/app/extensions/git/dist/main.js:2:941686)
2024-09-16 16:25:22.971 [error] Error: No such branch: master.
	at N.getBranch (/opt/vscodium-bin/resources/app/extensions/git/dist/main.js:2:937064)
	at async T.retryRun (/opt/vscodium-bin/resources/app/extensions/git/dist/main.js:2:1032765)
	at async T.run (/opt/vscodium-bin/resources/app/extensions/git/dist/main.js:2:1032369)
	at async T.getBranch (/opt/vscodium-bin/resources/app/extensions/git/dist/main.js:2:1020512)
	at async T.getBranchBase (/opt/vscodium-bin/resources/app/extensions/git/dist/main.js:2:1020798)
	at async t.GitHistoryProvider.resolveHEADMergeBase (/opt/vscodium-bin/resources/app/extensions/git/dist/main.js:2:948359)
	at async t.GitHistoryProvider.onDidRunGitStatus (/opt/vscodium-bin/resources/app/extensions/git/dist/main.js:2:941686)
2024-09-16 16:25:35.563 [error] Error: No such branch: master.
	at N.getBranch (/opt/vscodium-bin/resources/app/extensions/git/dist/main.js:2:937064)
	at async T.retryRun (/opt/vscodium-bin/resources/app/extensions/git/dist/main.js:2:1032765)
	at async T.run (/opt/vscodium-bin/resources/app/extensions/git/dist/main.js:2:1032369)
	at async T.getBranch (/opt/vscodium-bin/resources/app/extensions/git/dist/main.js:2:1020512)
	at async T.getBranchBase (/opt/vscodium-bin/resources/app/extensions/git/dist/main.js:2:1020798)
	at async t.GitHistoryProvider.resolveHEADMergeBase (/opt/vscodium-bin/resources/app/extensions/git/dist/main.js:2:948359)
	at async t.GitHistoryProvider.onDidRunGitStatus (/opt/vscodium-bin/resources/app/extensions/git/dist/main.js:2:941686)
2024-09-16 16:26:46.198 [error] Error: No such branch: master.
	at N.getBranch (/opt/vscodium-bin/resources/app/extensions/git/dist/main.js:2:937064)
	at process.processTicksAndRejections (node:internal/process/task_queues:95:5)
	at async T.retryRun (/opt/vscodium-bin/resources/app/extensions/git/dist/main.js:2:1032765)
	at async T.run (/opt/vscodium-bin/resources/app/extensions/git/dist/main.js:2:1032369)
	at async T.getBranch (/opt/vscodium-bin/resources/app/extensions/git/dist/main.js:2:1020512)
	at async T.getBranchBase (/opt/vscodium-bin/resources/app/extensions/git/dist/main.js:2:1020798)
	at async t.GitHistoryProvider.resolveHEADMergeBase (/opt/vscodium-bin/resources/app/extensions/git/dist/main.js:2:948359)
	at async t.GitHistoryProvider.onDidRunGitStatus (/opt/vscodium-bin/resources/app/extensions/git/dist/main.js:2:941686)
2024-09-16 16:26:52.757 [error] Error: No such branch: master.
	at N.getBranch (/opt/vscodium-bin/resources/app/extensions/git/dist/main.js:2:937064)
	at async T.retryRun (/opt/vscodium-bin/resources/app/extensions/git/dist/main.js:2:1032765)
	at async T.run (/opt/vscodium-bin/resources/app/extensions/git/dist/main.js:2:1032369)
	at async T.getBranch (/opt/vscodium-bin/resources/app/extensions/git/dist/main.js:2:1020512)
	at async T.getBranchBase (/opt/vscodium-bin/resources/app/extensions/git/dist/main.js:2:1020798)
	at async t.GitHistoryProvider.resolveHEADMergeBase (/opt/vscodium-bin/resources/app/extensions/git/dist/main.js:2:948359)
	at async t.GitHistoryProvider.onDidRunGitStatus (/opt/vscodium-bin/resources/app/extensions/git/dist/main.js:2:941686)
2024-09-16 16:27:06.579 [error] Error: No such branch: master.
	at N.getBranch (/opt/vscodium-bin/resources/app/extensions/git/dist/main.js:2:937064)
	at async T.retryRun (/opt/vscodium-bin/resources/app/extensions/git/dist/main.js:2:1032765)
	at async T.run (/opt/vscodium-bin/resources/app/extensions/git/dist/main.js:2:1032369)
	at async T.getBranch (/opt/vscodium-bin/resources/app/extensions/git/dist/main.js:2:1020512)
	at async T.getBranchBase (/opt/vscodium-bin/resources/app/extensions/git/dist/main.js:2:1020798)
	at async t.GitHistoryProvider.resolveHEADMergeBase (/opt/vscodium-bin/resources/app/extensions/git/dist/main.js:2:948359)
	at async t.GitHistoryProvider.onDidRunGitStatus (/opt/vscodium-bin/resources/app/extensions/git/dist/main.js:2:941686)
2024-09-16 16:27:35.691 [error] Error: No such branch: master.
	at N.getBranch (/opt/vscodium-bin/resources/app/extensions/git/dist/main.js:2:937064)
	at async T.retryRun (/opt/vscodium-bin/resources/app/extensions/git/dist/main.js:2:1032765)
	at async T.run (/opt/vscodium-bin/resources/app/extensions/git/dist/main.js:2:1032369)
	at async T.getBranch (/opt/vscodium-bin/resources/app/extensions/git/dist/main.js:2:1020512)
	at async T.getBranchBase (/opt/vscodium-bin/resources/app/extensions/git/dist/main.js:2:1020798)
	at async t.GitHistoryProvider.resolveHEADMergeBase (/opt/vscodium-bin/resources/app/extensions/git/dist/main.js:2:948359)
	at async t.GitHistoryProvider.onDidRunGitStatus (/opt/vscodium-bin/resources/app/extensions/git/dist/main.js:2:941686)
2024-09-16 16:28:12.584 [error] Error: No such branch: master.
	at N.getBranch (/opt/vscodium-bin/resources/app/extensions/git/dist/main.js:2:937064)
	at async T.retryRun (/opt/vscodium-bin/resources/app/extensions/git/dist/main.js:2:1032765)
	at async T.run (/opt/vscodium-bin/resources/app/extensions/git/dist/main.js:2:1032369)
	at async T.getBranch (/opt/vscodium-bin/resources/app/extensions/git/dist/main.js:2:1020512)
	at async T.getBranchBase (/opt/vscodium-bin/resources/app/extensions/git/dist/main.js:2:1020798)
	at async t.GitHistoryProvider.resolveHEADMergeBase (/opt/vscodium-bin/resources/app/extensions/git/dist/main.js:2:948359)
	at async t.GitHistoryProvider.onDidRunGitStatus (/opt/vscodium-bin/resources/app/extensions/git/dist/main.js:2:941686)
2024-09-16 16:28:30.573 [error] Error: No such branch: master.
	at N.getBranch (/opt/vscodium-bin/resources/app/extensions/git/dist/main.js:2:937064)
	at async T.retryRun (/opt/vscodium-bin/resources/app/extensions/git/dist/main.js:2:1032765)
	at async T.run (/opt/vscodium-bin/resources/app/extensions/git/dist/main.js:2:1032369)
	at async T.getBranch (/opt/vscodium-bin/resources/app/extensions/git/dist/main.js:2:1020512)
	at async T.getBranchBase (/opt/vscodium-bin/resources/app/extensions/git/dist/main.js:2:1020798)
	at async t.GitHistoryProvider.resolveHEADMergeBase (/opt/vscodium-bin/resources/app/extensions/git/dist/main.js:2:948359)
	at async t.GitHistoryProvider.onDidRunGitStatus (/opt/vscodium-bin/resources/app/extensions/git/dist/main.js:2:941686)
2024-09-16 16:28:55.030 [error] Error: No such branch: master.
	at N.getBranch (/opt/vscodium-bin/resources/app/extensions/git/dist/main.js:2:937064)
	at async T.retryRun (/opt/vscodium-bin/resources/app/extensions/git/dist/main.js:2:1032765)
	at async T.run (/opt/vscodium-bin/resources/app/extensions/git/dist/main.js:2:1032369)
	at async T.getBranch (/opt/vscodium-bin/resources/app/extensions/git/dist/main.js:2:1020512)
	at async T.getBranchBase (/opt/vscodium-bin/resources/app/extensions/git/dist/main.js:2:1020798)
	at async t.GitHistoryProvider.resolveHEADMergeBase (/opt/vscodium-bin/resources/app/extensions/git/dist/main.js:2:948359)
	at async t.GitHistoryProvider.onDidRunGitStatus (/opt/vscodium-bin/resources/app/extensions/git/dist/main.js:2:941686)
2024-09-16 16:29:09.828 [error] Error: No such branch: master.
	at N.getBranch (/opt/vscodium-bin/resources/app/extensions/git/dist/main.js:2:937064)
	at async T.retryRun (/opt/vscodium-bin/resources/app/extensions/git/dist/main.js:2:1032765)
	at async T.run (/opt/vscodium-bin/resources/app/extensions/git/dist/main.js:2:1032369)
	at async T.getBranch (/opt/vscodium-bin/resources/app/extensions/git/dist/main.js:2:1020512)
	at async T.getBranchBase (/opt/vscodium-bin/resources/app/extensions/git/dist/main.js:2:1020798)
	at async t.GitHistoryProvider.resolveHEADMergeBase (/opt/vscodium-bin/resources/app/extensions/git/dist/main.js:2:948359)
	at async t.GitHistoryProvider.onDidRunGitStatus (/opt/vscodium-bin/resources/app/extensions/git/dist/main.js:2:941686)
2024-09-16 16:30:30.518 [error] Error: No such branch: master.
	at N.getBranch (/opt/vscodium-bin/resources/app/extensions/git/dist/main.js:2:937064)
	at async T.retryRun (/opt/vscodium-bin/resources/app/extensions/git/dist/main.js:2:1032765)
	at async T.run (/opt/vscodium-bin/resources/app/extensions/git/dist/main.js:2:1032369)
	at async T.getBranch (/opt/vscodium-bin/resources/app/extensions/git/dist/main.js:2:1020512)
	at async T.getBranchBase (/opt/vscodium-bin/resources/app/extensions/git/dist/main.js:2:1020798)
	at async t.GitHistoryProvider.resolveHEADMergeBase (/opt/vscodium-bin/resources/app/extensions/git/dist/main.js:2:948359)
	at async t.GitHistoryProvider.onDidRunGitStatus (/opt/vscodium-bin/resources/app/extensions/git/dist/main.js:2:941686)
2024-09-16 16:30:38.128 [error] Error: No such branch: master.
	at N.getBranch (/opt/vscodium-bin/resources/app/extensions/git/dist/main.js:2:937064)
	at async T.retryRun (/opt/vscodium-bin/resources/app/extensions/git/dist/main.js:2:1032765)
	at async T.run (/opt/vscodium-bin/resources/app/extensions/git/dist/main.js:2:1032369)
	at async T.getBranch (/opt/vscodium-bin/resources/app/extensions/git/dist/main.js:2:1020512)
	at async T.getBranchBase (/opt/vscodium-bin/resources/app/extensions/git/dist/main.js:2:1020798)
	at async t.GitHistoryProvider.resolveHEADMergeBase (/opt/vscodium-bin/resources/app/extensions/git/dist/main.js:2:948359)
	at async t.GitHistoryProvider.onDidRunGitStatus (/opt/vscodium-bin/resources/app/extensions/git/dist/main.js:2:941686)
2024-09-16 16:34:56.528 [error] Error: No such branch: master.
	at N.getBranch (/opt/vscodium-bin/resources/app/extensions/git/dist/main.js:2:937064)
	at async T.retryRun (/opt/vscodium-bin/resources/app/extensions/git/dist/main.js:2:1032765)
	at async T.run (/opt/vscodium-bin/resources/app/extensions/git/dist/main.js:2:1032369)
	at async T.getBranch (/opt/vscodium-bin/resources/app/extensions/git/dist/main.js:2:1020512)
	at async T.getBranchBase (/opt/vscodium-bin/resources/app/extensions/git/dist/main.js:2:1020798)
	at async t.GitHistoryProvider.resolveHEADMergeBase (/opt/vscodium-bin/resources/app/extensions/git/dist/main.js:2:948359)
	at async t.GitHistoryProvider.onDidRunGitStatus (/opt/vscodium-bin/resources/app/extensions/git/dist/main.js:2:941686)
2024-09-16 16:35:02.703 [error] Error: No such branch: master.
	at N.getBranch (/opt/vscodium-bin/resources/app/extensions/git/dist/main.js:2:937064)
	at async T.retryRun (/opt/vscodium-bin/resources/app/extensions/git/dist/main.js:2:1032765)
	at async T.run (/opt/vscodium-bin/resources/app/extensions/git/dist/main.js:2:1032369)
	at async T.getBranch (/opt/vscodium-bin/resources/app/extensions/git/dist/main.js:2:1020512)
	at async T.getBranchBase (/opt/vscodium-bin/resources/app/extensions/git/dist/main.js:2:1020798)
	at async t.GitHistoryProvider.resolveHEADMergeBase (/opt/vscodium-bin/resources/app/extensions/git/dist/main.js:2:948359)
	at async t.GitHistoryProvider.onDidRunGitStatus (/opt/vscodium-bin/resources/app/extensions/git/dist/main.js:2:941686)
2024-09-16 16:35:07.721 [error] Error: No such branch: master.
	at N.getBranch (/opt/vscodium-bin/resources/app/extensions/git/dist/main.js:2:937064)
	at async T.retryRun (/opt/vscodium-bin/resources/app/extensions/git/dist/main.js:2:1032765)
	at async T.run (/opt/vscodium-bin/resources/app/extensions/git/dist/main.js:2:1032369)
	at async T.getBranch (/opt/vscodium-bin/resources/app/extensions/git/dist/main.js:2:1020512)
	at async T.getBranchBase (/opt/vscodium-bin/resources/app/extensions/git/dist/main.js:2:1020798)
	at async t.GitHistoryProvider.resolveHEADMergeBase (/opt/vscodium-bin/resources/app/extensions/git/dist/main.js:2:948359)
	at async t.GitHistoryProvider.onDidRunGitStatus (/opt/vscodium-bin/resources/app/extensions/git/dist/main.js:2:941686)
2024-09-16 16:35:13.373 [error] Error: No such branch: master.
	at N.getBranch (/opt/vscodium-bin/resources/app/extensions/git/dist/main.js:2:937064)
	at async T.retryRun (/opt/vscodium-bin/resources/app/extensions/git/dist/main.js:2:1032765)
	at async T.run (/opt/vscodium-bin/resources/app/extensions/git/dist/main.js:2:1032369)
	at async T.getBranch (/opt/vscodium-bin/resources/app/extensions/git/dist/main.js:2:1020512)
	at async T.getBranchBase (/opt/vscodium-bin/resources/app/extensions/git/dist/main.js:2:1020798)
	at async t.GitHistoryProvider.resolveHEADMergeBase (/opt/vscodium-bin/resources/app/extensions/git/dist/main.js:2:948359)
	at async t.GitHistoryProvider.onDidRunGitStatus (/opt/vscodium-bin/resources/app/extensions/git/dist/main.js:2:941686)
2024-09-16 16:35:18.393 [error] Error: No such branch: master.
	at N.getBranch (/opt/vscodium-bin/resources/app/extensions/git/dist/main.js:2:937064)
	at async T.retryRun (/opt/vscodium-bin/resources/app/extensions/git/dist/main.js:2:1032765)
	at async T.run (/opt/vscodium-bin/resources/app/extensions/git/dist/main.js:2:1032369)
	at async T.getBranch (/opt/vscodium-bin/resources/app/extensions/git/dist/main.js:2:1020512)
	at async T.getBranchBase (/opt/vscodium-bin/resources/app/extensions/git/dist/main.js:2:1020798)
	at async t.GitHistoryProvider.resolveHEADMergeBase (/opt/vscodium-bin/resources/app/extensions/git/dist/main.js:2:948359)
	at async t.GitHistoryProvider.onDidRunGitStatus (/opt/vscodium-bin/resources/app/extensions/git/dist/main.js:2:941686)
2024-09-16 16:35:26.448 [error] Error: No such branch: master.
	at N.getBranch (/opt/vscodium-bin/resources/app/extensions/git/dist/main.js:2:937064)
	at async T.retryRun (/opt/vscodium-bin/resources/app/extensions/git/dist/main.js:2:1032765)
	at async T.run (/opt/vscodium-bin/resources/app/extensions/git/dist/main.js:2:1032369)
	at async T.getBranch (/opt/vscodium-bin/resources/app/extensions/git/dist/main.js:2:1020512)
	at async T.getBranchBase (/opt/vscodium-bin/resources/app/extensions/git/dist/main.js:2:1020798)
	at async t.GitHistoryProvider.resolveHEADMergeBase (/opt/vscodium-bin/resources/app/extensions/git/dist/main.js:2:948359)
	at async t.GitHistoryProvider.onDidRunGitStatus (/opt/vscodium-bin/resources/app/extensions/git/dist/main.js:2:941686)
2024-09-16 16:35:31.470 [error] Error: No such branch: master.
	at N.getBranch (/opt/vscodium-bin/resources/app/extensions/git/dist/main.js:2:937064)
	at async T.retryRun (/opt/vscodium-bin/resources/app/extensions/git/dist/main.js:2:1032765)
	at async T.run (/opt/vscodium-bin/resources/app/extensions/git/dist/main.js:2:1032369)
	at async T.getBranch (/opt/vscodium-bin/resources/app/extensions/git/dist/main.js:2:1020512)
	at async T.getBranchBase (/opt/vscodium-bin/resources/app/extensions/git/dist/main.js:2:1020798)
	at async t.GitHistoryProvider.resolveHEADMergeBase (/opt/vscodium-bin/resources/app/extensions/git/dist/main.js:2:948359)
	at async t.GitHistoryProvider.onDidRunGitStatus (/opt/vscodium-bin/resources/app/extensions/git/dist/main.js:2:941686)
2024-09-16 19:04:34.097 [error] Error: No such branch: master.
	at N.getBranch (/opt/vscodium-bin/resources/app/extensions/git/dist/main.js:2:937064)
	at async T.retryRun (/opt/vscodium-bin/resources/app/extensions/git/dist/main.js:2:1032765)
	at async T.run (/opt/vscodium-bin/resources/app/extensions/git/dist/main.js:2:1032369)
	at async T.getBranch (/opt/vscodium-bin/resources/app/extensions/git/dist/main.js:2:1020512)
	at async T.getBranchBase (/opt/vscodium-bin/resources/app/extensions/git/dist/main.js:2:1020798)
	at async t.GitHistoryProvider.resolveHEADMergeBase (/opt/vscodium-bin/resources/app/extensions/git/dist/main.js:2:948359)
	at async t.GitHistoryProvider.onDidRunGitStatus (/opt/vscodium-bin/resources/app/extensions/git/dist/main.js:2:941686)
2024-09-16 19:22:10.229 [error] Error: No such branch: master.
	at N.getBranch (/opt/vscodium-bin/resources/app/extensions/git/dist/main.js:2:937064)
	at async T.retryRun (/opt/vscodium-bin/resources/app/extensions/git/dist/main.js:2:1032765)
	at async T.run (/opt/vscodium-bin/resources/app/extensions/git/dist/main.js:2:1032369)
	at async T.getBranch (/opt/vscodium-bin/resources/app/extensions/git/dist/main.js:2:1020512)
	at async T.getBranchBase (/opt/vscodium-bin/resources/app/extensions/git/dist/main.js:2:1020798)
	at async t.GitHistoryProvider.resolveHEADMergeBase (/opt/vscodium-bin/resources/app/extensions/git/dist/main.js:2:948359)
	at async t.GitHistoryProvider.onDidRunGitStatus (/opt/vscodium-bin/resources/app/extensions/git/dist/main.js:2:941686)
2024-09-16 19:32:13.097 [error] Error: No such branch: master.
	at N.getBranch (/opt/vscodium-bin/resources/app/extensions/git/dist/main.js:2:937064)
	at async T.retryRun (/opt/vscodium-bin/resources/app/extensions/git/dist/main.js:2:1032765)
	at async T.run (/opt/vscodium-bin/resources/app/extensions/git/dist/main.js:2:1032369)
	at async T.getBranch (/opt/vscodium-bin/resources/app/extensions/git/dist/main.js:2:1020512)
	at async T.getBranchBase (/opt/vscodium-bin/resources/app/extensions/git/dist/main.js:2:1020798)
	at async t.GitHistoryProvider.resolveHEADMergeBase (/opt/vscodium-bin/resources/app/extensions/git/dist/main.js:2:948359)
	at async t.GitHistoryProvider.onDidRunGitStatus (/opt/vscodium-bin/resources/app/extensions/git/dist/main.js:2:941686)
2024-09-16 19:32:35.464 [error] Error: No such branch: master.
	at N.getBranch (/opt/vscodium-bin/resources/app/extensions/git/dist/main.js:2:937064)
	at async T.retryRun (/opt/vscodium-bin/resources/app/extensions/git/dist/main.js:2:1032765)
	at async T.run (/opt/vscodium-bin/resources/app/extensions/git/dist/main.js:2:1032369)
	at async T.getBranch (/opt/vscodium-bin/resources/app/extensions/git/dist/main.js:2:1020512)
	at async T.getBranchBase (/opt/vscodium-bin/resources/app/extensions/git/dist/main.js:2:1020798)
	at async t.GitHistoryProvider.resolveHEADMergeBase (/opt/vscodium-bin/resources/app/extensions/git/dist/main.js:2:948359)
	at async t.GitHistoryProvider.onDidRunGitStatus (/opt/vscodium-bin/resources/app/extensions/git/dist/main.js:2:941686)
2024-09-16 19:36:16.754 [error] Error: No such branch: master.
	at N.getBranch (/opt/vscodium-bin/resources/app/extensions/git/dist/main.js:2:937064)
	at async T.retryRun (/opt/vscodium-bin/resources/app/extensions/git/dist/main.js:2:1032765)
	at async T.run (/opt/vscodium-bin/resources/app/extensions/git/dist/main.js:2:1032369)
	at async T.getBranch (/opt/vscodium-bin/resources/app/extensions/git/dist/main.js:2:1020512)
	at async T.getBranchBase (/opt/vscodium-bin/resources/app/extensions/git/dist/main.js:2:1020798)
	at async t.GitHistoryProvider.resolveHEADMergeBase (/opt/vscodium-bin/resources/app/extensions/git/dist/main.js:2:948359)
	at async t.GitHistoryProvider.onDidRunGitStatus (/opt/vscodium-bin/resources/app/extensions/git/dist/main.js:2:941686)
2024-09-16 19:38:00.885 [error] Error: No such branch: master.
	at N.getBranch (/opt/vscodium-bin/resources/app/extensions/git/dist/main.js:2:937064)
	at async T.retryRun (/opt/vscodium-bin/resources/app/extensions/git/dist/main.js:2:1032765)
	at async T.run (/opt/vscodium-bin/resources/app/extensions/git/dist/main.js:2:1032369)
	at async T.getBranch (/opt/vscodium-bin/resources/app/extensions/git/dist/main.js:2:1020512)
	at async T.getBranchBase (/opt/vscodium-bin/resources/app/extensions/git/dist/main.js:2:1020798)
	at async t.GitHistoryProvider.resolveHEADMergeBase (/opt/vscodium-bin/resources/app/extensions/git/dist/main.js:2:948359)
	at async t.GitHistoryProvider.onDidRunGitStatus (/opt/vscodium-bin/resources/app/extensions/git/dist/main.js:2:941686)
2024-09-16 19:38:12.244 [error] Error: No such branch: master.
	at N.getBranch (/opt/vscodium-bin/resources/app/extensions/git/dist/main.js:2:937064)
	at async T.retryRun (/opt/vscodium-bin/resources/app/extensions/git/dist/main.js:2:1032765)
	at async T.run (/opt/vscodium-bin/resources/app/extensions/git/dist/main.js:2:1032369)
	at async T.getBranch (/opt/vscodium-bin/resources/app/extensions/git/dist/main.js:2:1020512)
	at async T.getBranchBase (/opt/vscodium-bin/resources/app/extensions/git/dist/main.js:2:1020798)
	at async t.GitHistoryProvider.resolveHEADMergeBase (/opt/vscodium-bin/resources/app/extensions/git/dist/main.js:2:948359)
	at async t.GitHistoryProvider.onDidRunGitStatus (/opt/vscodium-bin/resources/app/extensions/git/dist/main.js:2:941686)
2024-09-16 19:41:25.126 [error] Error: No such branch: master.
	at N.getBranch (/opt/vscodium-bin/resources/app/extensions/git/dist/main.js:2:937064)
	at async T.retryRun (/opt/vscodium-bin/resources/app/extensions/git/dist/main.js:2:1032765)
	at async T.run (/opt/vscodium-bin/resources/app/extensions/git/dist/main.js:2:1032369)
	at async T.getBranch (/opt/vscodium-bin/resources/app/extensions/git/dist/main.js:2:1020512)
	at async T.getBranchBase (/opt/vscodium-bin/resources/app/extensions/git/dist/main.js:2:1020798)
	at async t.GitHistoryProvider.resolveHEADMergeBase (/opt/vscodium-bin/resources/app/extensions/git/dist/main.js:2:948359)
	at async t.GitHistoryProvider.onDidRunGitStatus (/opt/vscodium-bin/resources/app/extensions/git/dist/main.js:2:941686)
2024-09-16 19:41:30.146 [error] Error: No such branch: master.
	at N.getBranch (/opt/vscodium-bin/resources/app/extensions/git/dist/main.js:2:937064)
	at async T.retryRun (/opt/vscodium-bin/resources/app/extensions/git/dist/main.js:2:1032765)
	at async T.run (/opt/vscodium-bin/resources/app/extensions/git/dist/main.js:2:1032369)
	at async T.getBranch (/opt/vscodium-bin/resources/app/extensions/git/dist/main.js:2:1020512)
	at async T.getBranchBase (/opt/vscodium-bin/resources/app/extensions/git/dist/main.js:2:1020798)
	at async t.GitHistoryProvider.resolveHEADMergeBase (/opt/vscodium-bin/resources/app/extensions/git/dist/main.js:2:948359)
	at async t.GitHistoryProvider.onDidRunGitStatus (/opt/vscodium-bin/resources/app/extensions/git/dist/main.js:2:941686)
2024-09-16 19:42:03.600 [error] Error: No such branch: master.
	at N.getBranch (/opt/vscodium-bin/resources/app/extensions/git/dist/main.js:2:937064)
	at async T.retryRun (/opt/vscodium-bin/resources/app/extensions/git/dist/main.js:2:1032765)
	at async T.run (/opt/vscodium-bin/resources/app/extensions/git/dist/main.js:2:1032369)
	at async T.getBranch (/opt/vscodium-bin/resources/app/extensions/git/dist/main.js:2:1020512)
	at async T.getBranchBase (/opt/vscodium-bin/resources/app/extensions/git/dist/main.js:2:1020798)
	at async t.GitHistoryProvider.resolveHEADMergeBase (/opt/vscodium-bin/resources/app/extensions/git/dist/main.js:2:948359)
	at async t.GitHistoryProvider.onDidRunGitStatus (/opt/vscodium-bin/resources/app/extensions/git/dist/main.js:2:941686)
2024-09-16 19:42:08.622 [error] Error: No such branch: master.
	at N.getBranch (/opt/vscodium-bin/resources/app/extensions/git/dist/main.js:2:937064)
	at async T.retryRun (/opt/vscodium-bin/resources/app/extensions/git/dist/main.js:2:1032765)
	at async T.run (/opt/vscodium-bin/resources/app/extensions/git/dist/main.js:2:1032369)
	at async T.getBranch (/opt/vscodium-bin/resources/app/extensions/git/dist/main.js:2:1020512)
	at async T.getBranchBase (/opt/vscodium-bin/resources/app/extensions/git/dist/main.js:2:1020798)
	at async t.GitHistoryProvider.resolveHEADMergeBase (/opt/vscodium-bin/resources/app/extensions/git/dist/main.js:2:948359)
	at async t.GitHistoryProvider.onDidRunGitStatus (/opt/vscodium-bin/resources/app/extensions/git/dist/main.js:2:941686)
2024-09-16 19:42:15.953 [error] Error: No such branch: master.
	at N.getBranch (/opt/vscodium-bin/resources/app/extensions/git/dist/main.js:2:937064)
	at async T.retryRun (/opt/vscodium-bin/resources/app/extensions/git/dist/main.js:2:1032765)
	at async T.run (/opt/vscodium-bin/resources/app/extensions/git/dist/main.js:2:1032369)
	at async T.getBranch (/opt/vscodium-bin/resources/app/extensions/git/dist/main.js:2:1020512)
	at async T.getBranchBase (/opt/vscodium-bin/resources/app/extensions/git/dist/main.js:2:1020798)
	at async t.GitHistoryProvider.resolveHEADMergeBase (/opt/vscodium-bin/resources/app/extensions/git/dist/main.js:2:948359)
	at async t.GitHistoryProvider.onDidRunGitStatus (/opt/vscodium-bin/resources/app/extensions/git/dist/main.js:2:941686)
2024-09-16 19:42:20.975 [error] Error: No such branch: master.
	at N.getBranch (/opt/vscodium-bin/resources/app/extensions/git/dist/main.js:2:937064)
	at async T.retryRun (/opt/vscodium-bin/resources/app/extensions/git/dist/main.js:2:1032765)
	at async T.run (/opt/vscodium-bin/resources/app/extensions/git/dist/main.js:2:1032369)
	at async T.getBranch (/opt/vscodium-bin/resources/app/extensions/git/dist/main.js:2:1020512)
	at async T.getBranchBase (/opt/vscodium-bin/resources/app/extensions/git/dist/main.js:2:1020798)
	at async t.GitHistoryProvider.resolveHEADMergeBase (/opt/vscodium-bin/resources/app/extensions/git/dist/main.js:2:948359)
	at async t.GitHistoryProvider.onDidRunGitStatus (/opt/vscodium-bin/resources/app/extensions/git/dist/main.js:2:941686)
2024-09-16 19:42:51.694 [error] Error: No such branch: master.
	at N.getBranch (/opt/vscodium-bin/resources/app/extensions/git/dist/main.js:2:937064)
	at async T.retryRun (/opt/vscodium-bin/resources/app/extensions/git/dist/main.js:2:1032765)
	at async T.run (/opt/vscodium-bin/resources/app/extensions/git/dist/main.js:2:1032369)
	at async T.getBranch (/opt/vscodium-bin/resources/app/extensions/git/dist/main.js:2:1020512)
	at async T.getBranchBase (/opt/vscodium-bin/resources/app/extensions/git/dist/main.js:2:1020798)
	at async t.GitHistoryProvider.resolveHEADMergeBase (/opt/vscodium-bin/resources/app/extensions/git/dist/main.js:2:948359)
	at async t.GitHistoryProvider.onDidRunGitStatus (/opt/vscodium-bin/resources/app/extensions/git/dist/main.js:2:941686)
2024-09-16 19:42:56.716 [error] Error: No such branch: master.
	at N.getBranch (/opt/vscodium-bin/resources/app/extensions/git/dist/main.js:2:937064)
	at async T.retryRun (/opt/vscodium-bin/resources/app/extensions/git/dist/main.js:2:1032765)
	at async T.run (/opt/vscodium-bin/resources/app/extensions/git/dist/main.js:2:1032369)
	at async T.getBranch (/opt/vscodium-bin/resources/app/extensions/git/dist/main.js:2:1020512)
	at async T.getBranchBase (/opt/vscodium-bin/resources/app/extensions/git/dist/main.js:2:1020798)
	at async t.GitHistoryProvider.resolveHEADMergeBase (/opt/vscodium-bin/resources/app/extensions/git/dist/main.js:2:948359)
	at async t.GitHistoryProvider.onDidRunGitStatus (/opt/vscodium-bin/resources/app/extensions/git/dist/main.js:2:941686)
2024-09-16 19:44:43.888 [error] Error: No such branch: master.
	at N.getBranch (/opt/vscodium-bin/resources/app/extensions/git/dist/main.js:2:937064)
	at async T.retryRun (/opt/vscodium-bin/resources/app/extensions/git/dist/main.js:2:1032765)
	at async T.run (/opt/vscodium-bin/resources/app/extensions/git/dist/main.js:2:1032369)
	at async T.getBranch (/opt/vscodium-bin/resources/app/extensions/git/dist/main.js:2:1020512)
	at async T.getBranchBase (/opt/vscodium-bin/resources/app/extensions/git/dist/main.js:2:1020798)
	at async t.GitHistoryProvider.resolveHEADMergeBase (/opt/vscodium-bin/resources/app/extensions/git/dist/main.js:2:948359)
	at async t.GitHistoryProvider.onDidRunGitStatus (/opt/vscodium-bin/resources/app/extensions/git/dist/main.js:2:941686)
2024-09-16 19:44:48.908 [error] Error: No such branch: master.
	at N.getBranch (/opt/vscodium-bin/resources/app/extensions/git/dist/main.js:2:937064)
	at async T.retryRun (/opt/vscodium-bin/resources/app/extensions/git/dist/main.js:2:1032765)
	at async T.run (/opt/vscodium-bin/resources/app/extensions/git/dist/main.js:2:1032369)
	at async T.getBranch (/opt/vscodium-bin/resources/app/extensions/git/dist/main.js:2:1020512)
	at async T.getBranchBase (/opt/vscodium-bin/resources/app/extensions/git/dist/main.js:2:1020798)
	at async t.GitHistoryProvider.resolveHEADMergeBase (/opt/vscodium-bin/resources/app/extensions/git/dist/main.js:2:948359)
	at async t.GitHistoryProvider.onDidRunGitStatus (/opt/vscodium-bin/resources/app/extensions/git/dist/main.js:2:941686)
2024-09-16 19:45:02.228 [error] Error: No such branch: master.
	at N.getBranch (/opt/vscodium-bin/resources/app/extensions/git/dist/main.js:2:937064)
	at async T.retryRun (/opt/vscodium-bin/resources/app/extensions/git/dist/main.js:2:1032765)
	at async T.run (/opt/vscodium-bin/resources/app/extensions/git/dist/main.js:2:1032369)
	at async T.getBranch (/opt/vscodium-bin/resources/app/extensions/git/dist/main.js:2:1020512)
	at async T.getBranchBase (/opt/vscodium-bin/resources/app/extensions/git/dist/main.js:2:1020798)
	at async t.GitHistoryProvider.resolveHEADMergeBase (/opt/vscodium-bin/resources/app/extensions/git/dist/main.js:2:948359)
	at async t.GitHistoryProvider.onDidRunGitStatus (/opt/vscodium-bin/resources/app/extensions/git/dist/main.js:2:941686)
2024-09-16 19:45:31.574 [error] Error: No such branch: master.
	at N.getBranch (/opt/vscodium-bin/resources/app/extensions/git/dist/main.js:2:937064)
	at async T.retryRun (/opt/vscodium-bin/resources/app/extensions/git/dist/main.js:2:1032765)
	at async T.run (/opt/vscodium-bin/resources/app/extensions/git/dist/main.js:2:1032369)
	at async T.getBranch (/opt/vscodium-bin/resources/app/extensions/git/dist/main.js:2:1020512)
	at async T.getBranchBase (/opt/vscodium-bin/resources/app/extensions/git/dist/main.js:2:1020798)
	at async t.GitHistoryProvider.resolveHEADMergeBase (/opt/vscodium-bin/resources/app/extensions/git/dist/main.js:2:948359)
	at async t.GitHistoryProvider.onDidRunGitStatus (/opt/vscodium-bin/resources/app/extensions/git/dist/main.js:2:941686)
2024-09-16 19:45:36.596 [error] Error: No such branch: master.
	at N.getBranch (/opt/vscodium-bin/resources/app/extensions/git/dist/main.js:2:937064)
	at async T.retryRun (/opt/vscodium-bin/resources/app/extensions/git/dist/main.js:2:1032765)
	at async T.run (/opt/vscodium-bin/resources/app/extensions/git/dist/main.js:2:1032369)
	at async T.getBranch (/opt/vscodium-bin/resources/app/extensions/git/dist/main.js:2:1020512)
	at async T.getBranchBase (/opt/vscodium-bin/resources/app/extensions/git/dist/main.js:2:1020798)
	at async t.GitHistoryProvider.resolveHEADMergeBase (/opt/vscodium-bin/resources/app/extensions/git/dist/main.js:2:948359)
	at async t.GitHistoryProvider.onDidRunGitStatus (/opt/vscodium-bin/resources/app/extensions/git/dist/main.js:2:941686)
2024-09-16 19:46:26.785 [error] Error: No such branch: master.
	at N.getBranch (/opt/vscodium-bin/resources/app/extensions/git/dist/main.js:2:937064)
	at async T.retryRun (/opt/vscodium-bin/resources/app/extensions/git/dist/main.js:2:1032765)
	at async T.run (/opt/vscodium-bin/resources/app/extensions/git/dist/main.js:2:1032369)
	at async T.getBranch (/opt/vscodium-bin/resources/app/extensions/git/dist/main.js:2:1020512)
	at async T.getBranchBase (/opt/vscodium-bin/resources/app/extensions/git/dist/main.js:2:1020798)
	at async t.GitHistoryProvider.resolveHEADMergeBase (/opt/vscodium-bin/resources/app/extensions/git/dist/main.js:2:948359)
	at async t.GitHistoryProvider.onDidRunGitStatus (/opt/vscodium-bin/resources/app/extensions/git/dist/main.js:2:941686)
2024-09-16 19:47:05.583 [error] Error: No such branch: master.
	at N.getBranch (/opt/vscodium-bin/resources/app/extensions/git/dist/main.js:2:937064)
	at async T.retryRun (/opt/vscodium-bin/resources/app/extensions/git/dist/main.js:2:1032765)
	at async T.run (/opt/vscodium-bin/resources/app/extensions/git/dist/main.js:2:1032369)
	at async T.getBranch (/opt/vscodium-bin/resources/app/extensions/git/dist/main.js:2:1020512)
	at async T.getBranchBase (/opt/vscodium-bin/resources/app/extensions/git/dist/main.js:2:1020798)
	at async t.GitHistoryProvider.resolveHEADMergeBase (/opt/vscodium-bin/resources/app/extensions/git/dist/main.js:2:948359)
	at async t.GitHistoryProvider.onDidRunGitStatus (/opt/vscodium-bin/resources/app/extensions/git/dist/main.js:2:941686)
2024-09-16 19:47:26.432 [error] Error: No such branch: master.
	at N.getBranch (/opt/vscodium-bin/resources/app/extensions/git/dist/main.js:2:937064)
	at async T.retryRun (/opt/vscodium-bin/resources/app/extensions/git/dist/main.js:2:1032765)
	at async T.run (/opt/vscodium-bin/resources/app/extensions/git/dist/main.js:2:1032369)
	at async T.getBranch (/opt/vscodium-bin/resources/app/extensions/git/dist/main.js:2:1020512)
	at async T.getBranchBase (/opt/vscodium-bin/resources/app/extensions/git/dist/main.js:2:1020798)
	at async t.GitHistoryProvider.resolveHEADMergeBase (/opt/vscodium-bin/resources/app/extensions/git/dist/main.js:2:948359)
	at async t.GitHistoryProvider.onDidRunGitStatus (/opt/vscodium-bin/resources/app/extensions/git/dist/main.js:2:941686)
2024-09-16 19:47:31.450 [error] Error: No such branch: master.
	at N.getBranch (/opt/vscodium-bin/resources/app/extensions/git/dist/main.js:2:937064)
	at async T.retryRun (/opt/vscodium-bin/resources/app/extensions/git/dist/main.js:2:1032765)
	at async T.run (/opt/vscodium-bin/resources/app/extensions/git/dist/main.js:2:1032369)
	at async T.getBranch (/opt/vscodium-bin/resources/app/extensions/git/dist/main.js:2:1020512)
	at async T.getBranchBase (/opt/vscodium-bin/resources/app/extensions/git/dist/main.js:2:1020798)
	at async t.GitHistoryProvider.resolveHEADMergeBase (/opt/vscodium-bin/resources/app/extensions/git/dist/main.js:2:948359)
	at async t.GitHistoryProvider.onDidRunGitStatus (/opt/vscodium-bin/resources/app/extensions/git/dist/main.js:2:941686)
2024-09-16 19:48:17.886 [error] Error: No such branch: master.
	at N.getBranch (/opt/vscodium-bin/resources/app/extensions/git/dist/main.js:2:937064)
	at async T.retryRun (/opt/vscodium-bin/resources/app/extensions/git/dist/main.js:2:1032765)
	at async T.run (/opt/vscodium-bin/resources/app/extensions/git/dist/main.js:2:1032369)
	at async T.getBranch (/opt/vscodium-bin/resources/app/extensions/git/dist/main.js:2:1020512)
	at async T.getBranchBase (/opt/vscodium-bin/resources/app/extensions/git/dist/main.js:2:1020798)
	at async t.GitHistoryProvider.resolveHEADMergeBase (/opt/vscodium-bin/resources/app/extensions/git/dist/main.js:2:948359)
	at async t.GitHistoryProvider.onDidRunGitStatus (/opt/vscodium-bin/resources/app/extensions/git/dist/main.js:2:941686)
2024-09-16 19:49:21.195 [error] Error: No such branch: master.
	at N.getBranch (/opt/vscodium-bin/resources/app/extensions/git/dist/main.js:2:937064)
	at async T.retryRun (/opt/vscodium-bin/resources/app/extensions/git/dist/main.js:2:1032765)
	at async T.run (/opt/vscodium-bin/resources/app/extensions/git/dist/main.js:2:1032369)
	at async T.getBranch (/opt/vscodium-bin/resources/app/extensions/git/dist/main.js:2:1020512)
	at async T.getBranchBase (/opt/vscodium-bin/resources/app/extensions/git/dist/main.js:2:1020798)
	at async t.GitHistoryProvider.resolveHEADMergeBase (/opt/vscodium-bin/resources/app/extensions/git/dist/main.js:2:948359)
	at async t.GitHistoryProvider.onDidRunGitStatus (/opt/vscodium-bin/resources/app/extensions/git/dist/main.js:2:941686)
2024-09-16 19:49:42.302 [error] Error: No such branch: master.
	at N.getBranch (/opt/vscodium-bin/resources/app/extensions/git/dist/main.js:2:937064)
	at async T.retryRun (/opt/vscodium-bin/resources/app/extensions/git/dist/main.js:2:1032765)
	at async T.run (/opt/vscodium-bin/resources/app/extensions/git/dist/main.js:2:1032369)
	at async T.getBranch (/opt/vscodium-bin/resources/app/extensions/git/dist/main.js:2:1020512)
	at async T.getBranchBase (/opt/vscodium-bin/resources/app/extensions/git/dist/main.js:2:1020798)
	at async t.GitHistoryProvider.resolveHEADMergeBase (/opt/vscodium-bin/resources/app/extensions/git/dist/main.js:2:948359)
	at async t.GitHistoryProvider.onDidRunGitStatus (/opt/vscodium-bin/resources/app/extensions/git/dist/main.js:2:941686)
2024-09-16 19:49:47.326 [error] Error: No such branch: master.
	at N.getBranch (/opt/vscodium-bin/resources/app/extensions/git/dist/main.js:2:937064)
	at async T.retryRun (/opt/vscodium-bin/resources/app/extensions/git/dist/main.js:2:1032765)
	at async T.run (/opt/vscodium-bin/resources/app/extensions/git/dist/main.js:2:1032369)
	at async T.getBranch (/opt/vscodium-bin/resources/app/extensions/git/dist/main.js:2:1020512)
	at async T.getBranchBase (/opt/vscodium-bin/resources/app/extensions/git/dist/main.js:2:1020798)
	at async t.GitHistoryProvider.resolveHEADMergeBase (/opt/vscodium-bin/resources/app/extensions/git/dist/main.js:2:948359)
	at async t.GitHistoryProvider.onDidRunGitStatus (/opt/vscodium-bin/resources/app/extensions/git/dist/main.js:2:941686)
2024-09-16 19:50:25.182 [error] Error: No such branch: master.
	at N.getBranch (/opt/vscodium-bin/resources/app/extensions/git/dist/main.js:2:937064)
	at async T.retryRun (/opt/vscodium-bin/resources/app/extensions/git/dist/main.js:2:1032765)
	at async T.run (/opt/vscodium-bin/resources/app/extensions/git/dist/main.js:2:1032369)
	at async T.getBranch (/opt/vscodium-bin/resources/app/extensions/git/dist/main.js:2:1020512)
	at async T.getBranchBase (/opt/vscodium-bin/resources/app/extensions/git/dist/main.js:2:1020798)
	at async t.GitHistoryProvider.resolveHEADMergeBase (/opt/vscodium-bin/resources/app/extensions/git/dist/main.js:2:948359)
	at async t.GitHistoryProvider.onDidRunGitStatus (/opt/vscodium-bin/resources/app/extensions/git/dist/main.js:2:941686)
2024-09-16 19:51:11.052 [error] Error: No such branch: master.
	at N.getBranch (/opt/vscodium-bin/resources/app/extensions/git/dist/main.js:2:937064)
	at async T.retryRun (/opt/vscodium-bin/resources/app/extensions/git/dist/main.js:2:1032765)
	at async T.run (/opt/vscodium-bin/resources/app/extensions/git/dist/main.js:2:1032369)
	at async T.getBranch (/opt/vscodium-bin/resources/app/extensions/git/dist/main.js:2:1020512)
	at async T.getBranchBase (/opt/vscodium-bin/resources/app/extensions/git/dist/main.js:2:1020798)
	at async t.GitHistoryProvider.resolveHEADMergeBase (/opt/vscodium-bin/resources/app/extensions/git/dist/main.js:2:948359)
	at async t.GitHistoryProvider.onDidRunGitStatus (/opt/vscodium-bin/resources/app/extensions/git/dist/main.js:2:941686)
2024-09-16 19:51:45.692 [error] Error: No such branch: master.
	at N.getBranch (/opt/vscodium-bin/resources/app/extensions/git/dist/main.js:2:937064)
	at async T.retryRun (/opt/vscodium-bin/resources/app/extensions/git/dist/main.js:2:1032765)
	at async T.run (/opt/vscodium-bin/resources/app/extensions/git/dist/main.js:2:1032369)
	at async T.getBranch (/opt/vscodium-bin/resources/app/extensions/git/dist/main.js:2:1020512)
	at async T.getBranchBase (/opt/vscodium-bin/resources/app/extensions/git/dist/main.js:2:1020798)
	at async t.GitHistoryProvider.resolveHEADMergeBase (/opt/vscodium-bin/resources/app/extensions/git/dist/main.js:2:948359)
	at async t.GitHistoryProvider.onDidRunGitStatus (/opt/vscodium-bin/resources/app/extensions/git/dist/main.js:2:941686)
2024-09-16 19:52:35.290 [error] Error: No such branch: master.
	at N.getBranch (/opt/vscodium-bin/resources/app/extensions/git/dist/main.js:2:937064)
	at async T.retryRun (/opt/vscodium-bin/resources/app/extensions/git/dist/main.js:2:1032765)
	at async T.run (/opt/vscodium-bin/resources/app/extensions/git/dist/main.js:2:1032369)
	at async T.getBranch (/opt/vscodium-bin/resources/app/extensions/git/dist/main.js:2:1020512)
	at async T.getBranchBase (/opt/vscodium-bin/resources/app/extensions/git/dist/main.js:2:1020798)
	at async t.GitHistoryProvider.resolveHEADMergeBase (/opt/vscodium-bin/resources/app/extensions/git/dist/main.js:2:948359)
	at async t.GitHistoryProvider.onDidRunGitStatus (/opt/vscodium-bin/resources/app/extensions/git/dist/main.js:2:941686)
2024-09-16 19:52:40.315 [error] Error: No such branch: master.
	at N.getBranch (/opt/vscodium-bin/resources/app/extensions/git/dist/main.js:2:937064)
	at async T.retryRun (/opt/vscodium-bin/resources/app/extensions/git/dist/main.js:2:1032765)
	at async T.run (/opt/vscodium-bin/resources/app/extensions/git/dist/main.js:2:1032369)
	at async T.getBranch (/opt/vscodium-bin/resources/app/extensions/git/dist/main.js:2:1020512)
	at async T.getBranchBase (/opt/vscodium-bin/resources/app/extensions/git/dist/main.js:2:1020798)
	at async t.GitHistoryProvider.resolveHEADMergeBase (/opt/vscodium-bin/resources/app/extensions/git/dist/main.js:2:948359)
	at async t.GitHistoryProvider.onDidRunGitStatus (/opt/vscodium-bin/resources/app/extensions/git/dist/main.js:2:941686)
2024-09-16 19:58:29.643 [error] Error: No such branch: master.
	at N.getBranch (/opt/vscodium-bin/resources/app/extensions/git/dist/main.js:2:937064)
	at async T.retryRun (/opt/vscodium-bin/resources/app/extensions/git/dist/main.js:2:1032765)
	at async T.run (/opt/vscodium-bin/resources/app/extensions/git/dist/main.js:2:1032369)
	at async T.getBranch (/opt/vscodium-bin/resources/app/extensions/git/dist/main.js:2:1020512)
	at async T.getBranchBase (/opt/vscodium-bin/resources/app/extensions/git/dist/main.js:2:1020798)
	at async t.GitHistoryProvider.resolveHEADMergeBase (/opt/vscodium-bin/resources/app/extensions/git/dist/main.js:2:948359)
	at async t.GitHistoryProvider.onDidRunGitStatus (/opt/vscodium-bin/resources/app/extensions/git/dist/main.js:2:941686)
2024-09-16 19:58:34.665 [error] Error: No such branch: master.
	at N.getBranch (/opt/vscodium-bin/resources/app/extensions/git/dist/main.js:2:937064)
	at async T.retryRun (/opt/vscodium-bin/resources/app/extensions/git/dist/main.js:2:1032765)
	at async T.run (/opt/vscodium-bin/resources/app/extensions/git/dist/main.js:2:1032369)
	at async T.getBranch (/opt/vscodium-bin/resources/app/extensions/git/dist/main.js:2:1020512)
	at async T.getBranchBase (/opt/vscodium-bin/resources/app/extensions/git/dist/main.js:2:1020798)
	at async t.GitHistoryProvider.resolveHEADMergeBase (/opt/vscodium-bin/resources/app/extensions/git/dist/main.js:2:948359)
	at async t.GitHistoryProvider.onDidRunGitStatus (/opt/vscodium-bin/resources/app/extensions/git/dist/main.js:2:941686)
2024-09-16 20:01:27.585 [error] Error: No such branch: master.
	at N.getBranch (/opt/vscodium-bin/resources/app/extensions/git/dist/main.js:2:937064)
	at async T.retryRun (/opt/vscodium-bin/resources/app/extensions/git/dist/main.js:2:1032765)
	at async T.run (/opt/vscodium-bin/resources/app/extensions/git/dist/main.js:2:1032369)
	at async T.getBranch (/opt/vscodium-bin/resources/app/extensions/git/dist/main.js:2:1020512)
	at async T.getBranchBase (/opt/vscodium-bin/resources/app/extensions/git/dist/main.js:2:1020798)
	at async t.GitHistoryProvider.resolveHEADMergeBase (/opt/vscodium-bin/resources/app/extensions/git/dist/main.js:2:948359)
	at async t.GitHistoryProvider.onDidRunGitStatus (/opt/vscodium-bin/resources/app/extensions/git/dist/main.js:2:941686)
2024-09-16 20:01:32.604 [error] Error: No such branch: master.
	at N.getBranch (/opt/vscodium-bin/resources/app/extensions/git/dist/main.js:2:937064)
	at async T.retryRun (/opt/vscodium-bin/resources/app/extensions/git/dist/main.js:2:1032765)
	at async T.run (/opt/vscodium-bin/resources/app/extensions/git/dist/main.js:2:1032369)
	at async T.getBranch (/opt/vscodium-bin/resources/app/extensions/git/dist/main.js:2:1020512)
	at async T.getBranchBase (/opt/vscodium-bin/resources/app/extensions/git/dist/main.js:2:1020798)
	at async t.GitHistoryProvider.resolveHEADMergeBase (/opt/vscodium-bin/resources/app/extensions/git/dist/main.js:2:948359)
	at async t.GitHistoryProvider.onDidRunGitStatus (/opt/vscodium-bin/resources/app/extensions/git/dist/main.js:2:941686)
2024-09-16 20:03:48.343 [error] Error: No such branch: master.
	at N.getBranch (/opt/vscodium-bin/resources/app/extensions/git/dist/main.js:2:937064)
	at async T.retryRun (/opt/vscodium-bin/resources/app/extensions/git/dist/main.js:2:1032765)
	at async T.run (/opt/vscodium-bin/resources/app/extensions/git/dist/main.js:2:1032369)
	at async T.getBranch (/opt/vscodium-bin/resources/app/extensions/git/dist/main.js:2:1020512)
	at async T.getBranchBase (/opt/vscodium-bin/resources/app/extensions/git/dist/main.js:2:1020798)
	at async t.GitHistoryProvider.resolveHEADMergeBase (/opt/vscodium-bin/resources/app/extensions/git/dist/main.js:2:948359)
	at async t.GitHistoryProvider.onDidRunGitStatus (/opt/vscodium-bin/resources/app/extensions/git/dist/main.js:2:941686)
2024-09-16 20:03:53.360 [error] Error: No such branch: master.
	at N.getBranch (/opt/vscodium-bin/resources/app/extensions/git/dist/main.js:2:937064)
	at async T.retryRun (/opt/vscodium-bin/resources/app/extensions/git/dist/main.js:2:1032765)
	at async T.run (/opt/vscodium-bin/resources/app/extensions/git/dist/main.js:2:1032369)
	at async T.getBranch (/opt/vscodium-bin/resources/app/extensions/git/dist/main.js:2:1020512)
	at async T.getBranchBase (/opt/vscodium-bin/resources/app/extensions/git/dist/main.js:2:1020798)
	at async t.GitHistoryProvider.resolveHEADMergeBase (/opt/vscodium-bin/resources/app/extensions/git/dist/main.js:2:948359)
	at async t.GitHistoryProvider.onDidRunGitStatus (/opt/vscodium-bin/resources/app/extensions/git/dist/main.js:2:941686)
2024-09-16 20:04:20.884 [error] Error: No such branch: master.
	at N.getBranch (/opt/vscodium-bin/resources/app/extensions/git/dist/main.js:2:937064)
	at async T.retryRun (/opt/vscodium-bin/resources/app/extensions/git/dist/main.js:2:1032765)
	at async T.run (/opt/vscodium-bin/resources/app/extensions/git/dist/main.js:2:1032369)
	at async T.getBranch (/opt/vscodium-bin/resources/app/extensions/git/dist/main.js:2:1020512)
	at async T.getBranchBase (/opt/vscodium-bin/resources/app/extensions/git/dist/main.js:2:1020798)
	at async t.GitHistoryProvider.resolveHEADMergeBase (/opt/vscodium-bin/resources/app/extensions/git/dist/main.js:2:948359)
	at async t.GitHistoryProvider.onDidRunGitStatus (/opt/vscodium-bin/resources/app/extensions/git/dist/main.js:2:941686)
2024-09-16 20:04:25.906 [error] Error: No such branch: master.
	at N.getBranch (/opt/vscodium-bin/resources/app/extensions/git/dist/main.js:2:937064)
	at async T.retryRun (/opt/vscodium-bin/resources/app/extensions/git/dist/main.js:2:1032765)
	at async T.run (/opt/vscodium-bin/resources/app/extensions/git/dist/main.js:2:1032369)
	at async T.getBranch (/opt/vscodium-bin/resources/app/extensions/git/dist/main.js:2:1020512)
	at async T.getBranchBase (/opt/vscodium-bin/resources/app/extensions/git/dist/main.js:2:1020798)
	at async t.GitHistoryProvider.resolveHEADMergeBase (/opt/vscodium-bin/resources/app/extensions/git/dist/main.js:2:948359)
	at async t.GitHistoryProvider.onDidRunGitStatus (/opt/vscodium-bin/resources/app/extensions/git/dist/main.js:2:941686)
2024-09-16 20:05:15.505 [error] Error: No such branch: master.
	at N.getBranch (/opt/vscodium-bin/resources/app/extensions/git/dist/main.js:2:937064)
	at async T.retryRun (/opt/vscodium-bin/resources/app/extensions/git/dist/main.js:2:1032765)
	at async T.run (/opt/vscodium-bin/resources/app/extensions/git/dist/main.js:2:1032369)
	at async T.getBranch (/opt/vscodium-bin/resources/app/extensions/git/dist/main.js:2:1020512)
	at async T.getBranchBase (/opt/vscodium-bin/resources/app/extensions/git/dist/main.js:2:1020798)
	at async t.GitHistoryProvider.resolveHEADMergeBase (/opt/vscodium-bin/resources/app/extensions/git/dist/main.js:2:948359)
	at async t.GitHistoryProvider.onDidRunGitStatus (/opt/vscodium-bin/resources/app/extensions/git/dist/main.js:2:941686)
2024-09-16 20:05:20.525 [error] Error: No such branch: master.
	at N.getBranch (/opt/vscodium-bin/resources/app/extensions/git/dist/main.js:2:937064)
	at async T.retryRun (/opt/vscodium-bin/resources/app/extensions/git/dist/main.js:2:1032765)
	at async T.run (/opt/vscodium-bin/resources/app/extensions/git/dist/main.js:2:1032369)
	at async T.getBranch (/opt/vscodium-bin/resources/app/extensions/git/dist/main.js:2:1020512)
	at async T.getBranchBase (/opt/vscodium-bin/resources/app/extensions/git/dist/main.js:2:1020798)
	at async t.GitHistoryProvider.resolveHEADMergeBase (/opt/vscodium-bin/resources/app/extensions/git/dist/main.js:2:948359)
	at async t.GitHistoryProvider.onDidRunGitStatus (/opt/vscodium-bin/resources/app/extensions/git/dist/main.js:2:941686)
2024-09-16 20:05:25.548 [error] Error: No such branch: master.
	at N.getBranch (/opt/vscodium-bin/resources/app/extensions/git/dist/main.js:2:937064)
	at async T.retryRun (/opt/vscodium-bin/resources/app/extensions/git/dist/main.js:2:1032765)
	at async T.run (/opt/vscodium-bin/resources/app/extensions/git/dist/main.js:2:1032369)
	at async T.getBranch (/opt/vscodium-bin/resources/app/extensions/git/dist/main.js:2:1020512)
	at async T.getBranchBase (/opt/vscodium-bin/resources/app/extensions/git/dist/main.js:2:1020798)
	at async t.GitHistoryProvider.resolveHEADMergeBase (/opt/vscodium-bin/resources/app/extensions/git/dist/main.js:2:948359)
	at async t.GitHistoryProvider.onDidRunGitStatus (/opt/vscodium-bin/resources/app/extensions/git/dist/main.js:2:941686)
2024-09-16 20:05:50.314 [error] Error: No such branch: master.
	at N.getBranch (/opt/vscodium-bin/resources/app/extensions/git/dist/main.js:2:937064)
	at async T.retryRun (/opt/vscodium-bin/resources/app/extensions/git/dist/main.js:2:1032765)
	at async T.run (/opt/vscodium-bin/resources/app/extensions/git/dist/main.js:2:1032369)
	at async T.getBranch (/opt/vscodium-bin/resources/app/extensions/git/dist/main.js:2:1020512)
	at async T.getBranchBase (/opt/vscodium-bin/resources/app/extensions/git/dist/main.js:2:1020798)
	at async t.GitHistoryProvider.resolveHEADMergeBase (/opt/vscodium-bin/resources/app/extensions/git/dist/main.js:2:948359)
	at async t.GitHistoryProvider.onDidRunGitStatus (/opt/vscodium-bin/resources/app/extensions/git/dist/main.js:2:941686)
2024-09-16 20:05:55.336 [error] Error: No such branch: master.
	at N.getBranch (/opt/vscodium-bin/resources/app/extensions/git/dist/main.js:2:937064)
	at async T.retryRun (/opt/vscodium-bin/resources/app/extensions/git/dist/main.js:2:1032765)
	at async T.run (/opt/vscodium-bin/resources/app/extensions/git/dist/main.js:2:1032369)
	at async T.getBranch (/opt/vscodium-bin/resources/app/extensions/git/dist/main.js:2:1020512)
	at async T.getBranchBase (/opt/vscodium-bin/resources/app/extensions/git/dist/main.js:2:1020798)
	at async t.GitHistoryProvider.resolveHEADMergeBase (/opt/vscodium-bin/resources/app/extensions/git/dist/main.js:2:948359)
	at async t.GitHistoryProvider.onDidRunGitStatus (/opt/vscodium-bin/resources/app/extensions/git/dist/main.js:2:941686)
2024-09-16 20:06:15.956 [error] Error: No such branch: master.
	at N.getBranch (/opt/vscodium-bin/resources/app/extensions/git/dist/main.js:2:937064)
	at async T.retryRun (/opt/vscodium-bin/resources/app/extensions/git/dist/main.js:2:1032765)
	at async T.run (/opt/vscodium-bin/resources/app/extensions/git/dist/main.js:2:1032369)
	at async T.getBranch (/opt/vscodium-bin/resources/app/extensions/git/dist/main.js:2:1020512)
	at async T.getBranchBase (/opt/vscodium-bin/resources/app/extensions/git/dist/main.js:2:1020798)
	at async t.GitHistoryProvider.resolveHEADMergeBase (/opt/vscodium-bin/resources/app/extensions/git/dist/main.js:2:948359)
	at async t.GitHistoryProvider.onDidRunGitStatus (/opt/vscodium-bin/resources/app/extensions/git/dist/main.js:2:941686)
2024-09-16 20:06:20.978 [error] Error: No such branch: master.
	at N.getBranch (/opt/vscodium-bin/resources/app/extensions/git/dist/main.js:2:937064)
	at async T.retryRun (/opt/vscodium-bin/resources/app/extensions/git/dist/main.js:2:1032765)
	at async T.run (/opt/vscodium-bin/resources/app/extensions/git/dist/main.js:2:1032369)
	at async T.getBranch (/opt/vscodium-bin/resources/app/extensions/git/dist/main.js:2:1020512)
	at async T.getBranchBase (/opt/vscodium-bin/resources/app/extensions/git/dist/main.js:2:1020798)
	at async t.GitHistoryProvider.resolveHEADMergeBase (/opt/vscodium-bin/resources/app/extensions/git/dist/main.js:2:948359)
	at async t.GitHistoryProvider.onDidRunGitStatus (/opt/vscodium-bin/resources/app/extensions/git/dist/main.js:2:941686)
2024-09-16 20:07:59.041 [error] Error: No such branch: master.
	at N.getBranch (/opt/vscodium-bin/resources/app/extensions/git/dist/main.js:2:937064)
	at async T.retryRun (/opt/vscodium-bin/resources/app/extensions/git/dist/main.js:2:1032765)
	at async T.run (/opt/vscodium-bin/resources/app/extensions/git/dist/main.js:2:1032369)
	at async T.getBranch (/opt/vscodium-bin/resources/app/extensions/git/dist/main.js:2:1020512)
	at async T.getBranchBase (/opt/vscodium-bin/resources/app/extensions/git/dist/main.js:2:1020798)
	at async t.GitHistoryProvider.resolveHEADMergeBase (/opt/vscodium-bin/resources/app/extensions/git/dist/main.js:2:948359)
	at async t.GitHistoryProvider.onDidRunGitStatus (/opt/vscodium-bin/resources/app/extensions/git/dist/main.js:2:941686)
2024-09-16 20:08:04.061 [error] Error: No such branch: master.
	at N.getBranch (/opt/vscodium-bin/resources/app/extensions/git/dist/main.js:2:937064)
	at async T.retryRun (/opt/vscodium-bin/resources/app/extensions/git/dist/main.js:2:1032765)
	at async T.run (/opt/vscodium-bin/resources/app/extensions/git/dist/main.js:2:1032369)
	at async T.getBranch (/opt/vscodium-bin/resources/app/extensions/git/dist/main.js:2:1020512)
	at async T.getBranchBase (/opt/vscodium-bin/resources/app/extensions/git/dist/main.js:2:1020798)
	at async t.GitHistoryProvider.resolveHEADMergeBase (/opt/vscodium-bin/resources/app/extensions/git/dist/main.js:2:948359)
	at async t.GitHistoryProvider.onDidRunGitStatus (/opt/vscodium-bin/resources/app/extensions/git/dist/main.js:2:941686)
2024-09-16 20:14:41.263 [error] Error: No such branch: master.
	at N.getBranch (/opt/vscodium-bin/resources/app/extensions/git/dist/main.js:2:937064)
	at async T.retryRun (/opt/vscodium-bin/resources/app/extensions/git/dist/main.js:2:1032765)
	at async T.run (/opt/vscodium-bin/resources/app/extensions/git/dist/main.js:2:1032369)
	at async T.getBranch (/opt/vscodium-bin/resources/app/extensions/git/dist/main.js:2:1020512)
	at async T.getBranchBase (/opt/vscodium-bin/resources/app/extensions/git/dist/main.js:2:1020798)
	at async t.GitHistoryProvider.resolveHEADMergeBase (/opt/vscodium-bin/resources/app/extensions/git/dist/main.js:2:948359)
	at async t.GitHistoryProvider.onDidRunGitStatus (/opt/vscodium-bin/resources/app/extensions/git/dist/main.js:2:941686)
2024-09-16 20:14:46.283 [error] Error: No such branch: master.
	at N.getBranch (/opt/vscodium-bin/resources/app/extensions/git/dist/main.js:2:937064)
	at async T.retryRun (/opt/vscodium-bin/resources/app/extensions/git/dist/main.js:2:1032765)
	at async T.run (/opt/vscodium-bin/resources/app/extensions/git/dist/main.js:2:1032369)
	at async T.getBranch (/opt/vscodium-bin/resources/app/extensions/git/dist/main.js:2:1020512)
	at async T.getBranchBase (/opt/vscodium-bin/resources/app/extensions/git/dist/main.js:2:1020798)
	at async t.GitHistoryProvider.resolveHEADMergeBase (/opt/vscodium-bin/resources/app/extensions/git/dist/main.js:2:948359)
	at async t.GitHistoryProvider.onDidRunGitStatus (/opt/vscodium-bin/resources/app/extensions/git/dist/main.js:2:941686)
2024-09-16 20:19:13.769 [error] Error: No such branch: master.
	at N.getBranch (/opt/vscodium-bin/resources/app/extensions/git/dist/main.js:2:937064)
	at async T.retryRun (/opt/vscodium-bin/resources/app/extensions/git/dist/main.js:2:1032765)
	at async T.run (/opt/vscodium-bin/resources/app/extensions/git/dist/main.js:2:1032369)
	at async T.getBranch (/opt/vscodium-bin/resources/app/extensions/git/dist/main.js:2:1020512)
	at async T.getBranchBase (/opt/vscodium-bin/resources/app/extensions/git/dist/main.js:2:1020798)
	at async t.GitHistoryProvider.resolveHEADMergeBase (/opt/vscodium-bin/resources/app/extensions/git/dist/main.js:2:948359)
	at async t.GitHistoryProvider.onDidRunGitStatus (/opt/vscodium-bin/resources/app/extensions/git/dist/main.js:2:941686)
2024-09-16 20:19:47.837 [error] Error: No such branch: master.
	at N.getBranch (/opt/vscodium-bin/resources/app/extensions/git/dist/main.js:2:937064)
	at async T.retryRun (/opt/vscodium-bin/resources/app/extensions/git/dist/main.js:2:1032765)
	at async T.run (/opt/vscodium-bin/resources/app/extensions/git/dist/main.js:2:1032369)
	at async T.getBranch (/opt/vscodium-bin/resources/app/extensions/git/dist/main.js:2:1020512)
	at async T.getBranchBase (/opt/vscodium-bin/resources/app/extensions/git/dist/main.js:2:1020798)
	at async t.GitHistoryProvider.resolveHEADMergeBase (/opt/vscodium-bin/resources/app/extensions/git/dist/main.js:2:948359)
	at async t.GitHistoryProvider.onDidRunGitStatus (/opt/vscodium-bin/resources/app/extensions/git/dist/main.js:2:941686)
2024-09-16 20:19:58.472 [error] Error: No such branch: master.
	at N.getBranch (/opt/vscodium-bin/resources/app/extensions/git/dist/main.js:2:937064)
	at async T.retryRun (/opt/vscodium-bin/resources/app/extensions/git/dist/main.js:2:1032765)
	at async T.run (/opt/vscodium-bin/resources/app/extensions/git/dist/main.js:2:1032369)
	at async T.getBranch (/opt/vscodium-bin/resources/app/extensions/git/dist/main.js:2:1020512)
	at async T.getBranchBase (/opt/vscodium-bin/resources/app/extensions/git/dist/main.js:2:1020798)
	at async t.GitHistoryProvider.resolveHEADMergeBase (/opt/vscodium-bin/resources/app/extensions/git/dist/main.js:2:948359)
	at async t.GitHistoryProvider.onDidRunGitStatus (/opt/vscodium-bin/resources/app/extensions/git/dist/main.js:2:941686)
2024-09-16 20:23:03.201 [error] Error: No such branch: master.
	at N.getBranch (/opt/vscodium-bin/resources/app/extensions/git/dist/main.js:2:937064)
	at async T.retryRun (/opt/vscodium-bin/resources/app/extensions/git/dist/main.js:2:1032765)
	at async T.run (/opt/vscodium-bin/resources/app/extensions/git/dist/main.js:2:1032369)
	at async T.getBranch (/opt/vscodium-bin/resources/app/extensions/git/dist/main.js:2:1020512)
	at async T.getBranchBase (/opt/vscodium-bin/resources/app/extensions/git/dist/main.js:2:1020798)
	at async t.GitHistoryProvider.resolveHEADMergeBase (/opt/vscodium-bin/resources/app/extensions/git/dist/main.js:2:948359)
	at async t.GitHistoryProvider.onDidRunGitStatus (/opt/vscodium-bin/resources/app/extensions/git/dist/main.js:2:941686)
2024-09-16 20:23:08.221 [error] Error: No such branch: master.
	at N.getBranch (/opt/vscodium-bin/resources/app/extensions/git/dist/main.js:2:937064)
	at async T.retryRun (/opt/vscodium-bin/resources/app/extensions/git/dist/main.js:2:1032765)
	at async T.run (/opt/vscodium-bin/resources/app/extensions/git/dist/main.js:2:1032369)
	at async T.getBranch (/opt/vscodium-bin/resources/app/extensions/git/dist/main.js:2:1020512)
	at async T.getBranchBase (/opt/vscodium-bin/resources/app/extensions/git/dist/main.js:2:1020798)
	at async t.GitHistoryProvider.resolveHEADMergeBase (/opt/vscodium-bin/resources/app/extensions/git/dist/main.js:2:948359)
	at async t.GitHistoryProvider.onDidRunGitStatus (/opt/vscodium-bin/resources/app/extensions/git/dist/main.js:2:941686)
2024-09-16 20:28:05.920 [error] Error: No such branch: master.
	at N.getBranch (/opt/vscodium-bin/resources/app/extensions/git/dist/main.js:2:937064)
	at async T.retryRun (/opt/vscodium-bin/resources/app/extensions/git/dist/main.js:2:1032765)
	at async T.run (/opt/vscodium-bin/resources/app/extensions/git/dist/main.js:2:1032369)
	at async T.getBranch (/opt/vscodium-bin/resources/app/extensions/git/dist/main.js:2:1020512)
	at async T.getBranchBase (/opt/vscodium-bin/resources/app/extensions/git/dist/main.js:2:1020798)
	at async t.GitHistoryProvider.resolveHEADMergeBase (/opt/vscodium-bin/resources/app/extensions/git/dist/main.js:2:948359)
	at async t.GitHistoryProvider.onDidRunGitStatus (/opt/vscodium-bin/resources/app/extensions/git/dist/main.js:2:941686)
2024-09-16 20:28:10.944 [error] Error: No such branch: master.
	at N.getBranch (/opt/vscodium-bin/resources/app/extensions/git/dist/main.js:2:937064)
	at async T.retryRun (/opt/vscodium-bin/resources/app/extensions/git/dist/main.js:2:1032765)
	at async T.run (/opt/vscodium-bin/resources/app/extensions/git/dist/main.js:2:1032369)
	at async T.getBranch (/opt/vscodium-bin/resources/app/extensions/git/dist/main.js:2:1020512)
	at async T.getBranchBase (/opt/vscodium-bin/resources/app/extensions/git/dist/main.js:2:1020798)
	at async t.GitHistoryProvider.resolveHEADMergeBase (/opt/vscodium-bin/resources/app/extensions/git/dist/main.js:2:948359)
	at async t.GitHistoryProvider.onDidRunGitStatus (/opt/vscodium-bin/resources/app/extensions/git/dist/main.js:2:941686)
2024-09-16 20:28:36.325 [error] Error: No such branch: master.
	at N.getBranch (/opt/vscodium-bin/resources/app/extensions/git/dist/main.js:2:937064)
	at async T.retryRun (/opt/vscodium-bin/resources/app/extensions/git/dist/main.js:2:1032765)
	at async T.run (/opt/vscodium-bin/resources/app/extensions/git/dist/main.js:2:1032369)
	at async T.getBranch (/opt/vscodium-bin/resources/app/extensions/git/dist/main.js:2:1020512)
	at async T.getBranchBase (/opt/vscodium-bin/resources/app/extensions/git/dist/main.js:2:1020798)
	at async t.GitHistoryProvider.resolveHEADMergeBase (/opt/vscodium-bin/resources/app/extensions/git/dist/main.js:2:948359)
	at async t.GitHistoryProvider.onDidRunGitStatus (/opt/vscodium-bin/resources/app/extensions/git/dist/main.js:2:941686)
2024-09-16 20:28:41.345 [error] Error: No such branch: master.
	at N.getBranch (/opt/vscodium-bin/resources/app/extensions/git/dist/main.js:2:937064)
	at async T.retryRun (/opt/vscodium-bin/resources/app/extensions/git/dist/main.js:2:1032765)
	at async T.run (/opt/vscodium-bin/resources/app/extensions/git/dist/main.js:2:1032369)
	at async T.getBranch (/opt/vscodium-bin/resources/app/extensions/git/dist/main.js:2:1020512)
	at async T.getBranchBase (/opt/vscodium-bin/resources/app/extensions/git/dist/main.js:2:1020798)
	at async t.GitHistoryProvider.resolveHEADMergeBase (/opt/vscodium-bin/resources/app/extensions/git/dist/main.js:2:948359)
	at async t.GitHistoryProvider.onDidRunGitStatus (/opt/vscodium-bin/resources/app/extensions/git/dist/main.js:2:941686)
2024-09-16 20:29:03.181 [error] Error: No such branch: master.
	at N.getBranch (/opt/vscodium-bin/resources/app/extensions/git/dist/main.js:2:937064)
	at process.processTicksAndRejections (node:internal/process/task_queues:95:5)
	at async T.retryRun (/opt/vscodium-bin/resources/app/extensions/git/dist/main.js:2:1032765)
	at async T.run (/opt/vscodium-bin/resources/app/extensions/git/dist/main.js:2:1032369)
	at async T.getBranch (/opt/vscodium-bin/resources/app/extensions/git/dist/main.js:2:1020512)
	at async T.getBranchBase (/opt/vscodium-bin/resources/app/extensions/git/dist/main.js:2:1020798)
	at async t.GitHistoryProvider.resolveHEADMergeBase (/opt/vscodium-bin/resources/app/extensions/git/dist/main.js:2:948359)
	at async t.GitHistoryProvider.onDidRunGitStatus (/opt/vscodium-bin/resources/app/extensions/git/dist/main.js:2:941686)
2024-09-16 20:29:08.201 [error] Error: No such branch: master.
	at N.getBranch (/opt/vscodium-bin/resources/app/extensions/git/dist/main.js:2:937064)
	at async T.retryRun (/opt/vscodium-bin/resources/app/extensions/git/dist/main.js:2:1032765)
	at async T.run (/opt/vscodium-bin/resources/app/extensions/git/dist/main.js:2:1032369)
	at async T.getBranch (/opt/vscodium-bin/resources/app/extensions/git/dist/main.js:2:1020512)
	at async T.getBranchBase (/opt/vscodium-bin/resources/app/extensions/git/dist/main.js:2:1020798)
	at async t.GitHistoryProvider.resolveHEADMergeBase (/opt/vscodium-bin/resources/app/extensions/git/dist/main.js:2:948359)
	at async t.GitHistoryProvider.onDidRunGitStatus (/opt/vscodium-bin/resources/app/extensions/git/dist/main.js:2:941686)
2024-09-16 20:31:35.453 [error] Error: No such branch: master.
	at N.getBranch (/opt/vscodium-bin/resources/app/extensions/git/dist/main.js:2:937064)
	at async T.retryRun (/opt/vscodium-bin/resources/app/extensions/git/dist/main.js:2:1032765)
	at async T.run (/opt/vscodium-bin/resources/app/extensions/git/dist/main.js:2:1032369)
	at async T.getBranch (/opt/vscodium-bin/resources/app/extensions/git/dist/main.js:2:1020512)
	at async T.getBranchBase (/opt/vscodium-bin/resources/app/extensions/git/dist/main.js:2:1020798)
	at async t.GitHistoryProvider.resolveHEADMergeBase (/opt/vscodium-bin/resources/app/extensions/git/dist/main.js:2:948359)
	at async t.GitHistoryProvider.onDidRunGitStatus (/opt/vscodium-bin/resources/app/extensions/git/dist/main.js:2:941686)
2024-09-16 20:31:41.992 [error] Error: No such branch: master.
	at N.getBranch (/opt/vscodium-bin/resources/app/extensions/git/dist/main.js:2:937064)
	at async T.retryRun (/opt/vscodium-bin/resources/app/extensions/git/dist/main.js:2:1032765)
	at async T.run (/opt/vscodium-bin/resources/app/extensions/git/dist/main.js:2:1032369)
	at async T.getBranch (/opt/vscodium-bin/resources/app/extensions/git/dist/main.js:2:1020512)
	at async T.getBranchBase (/opt/vscodium-bin/resources/app/extensions/git/dist/main.js:2:1020798)
	at async t.GitHistoryProvider.resolveHEADMergeBase (/opt/vscodium-bin/resources/app/extensions/git/dist/main.js:2:948359)
	at async t.GitHistoryProvider.onDidRunGitStatus (/opt/vscodium-bin/resources/app/extensions/git/dist/main.js:2:941686)
2024-09-16 20:32:27.466 [error] Error: No such branch: master.
	at N.getBranch (/opt/vscodium-bin/resources/app/extensions/git/dist/main.js:2:937064)
	at async T.retryRun (/opt/vscodium-bin/resources/app/extensions/git/dist/main.js:2:1032765)
	at async T.run (/opt/vscodium-bin/resources/app/extensions/git/dist/main.js:2:1032369)
	at async T.getBranch (/opt/vscodium-bin/resources/app/extensions/git/dist/main.js:2:1020512)
	at async T.getBranchBase (/opt/vscodium-bin/resources/app/extensions/git/dist/main.js:2:1020798)
	at async t.GitHistoryProvider.resolveHEADMergeBase (/opt/vscodium-bin/resources/app/extensions/git/dist/main.js:2:948359)
	at async t.GitHistoryProvider.onDidRunGitStatus (/opt/vscodium-bin/resources/app/extensions/git/dist/main.js:2:941686)
2024-09-16 20:34:37.931 [error] Error: No such branch: master.
	at N.getBranch (/opt/vscodium-bin/resources/app/extensions/git/dist/main.js:2:937064)
	at async T.retryRun (/opt/vscodium-bin/resources/app/extensions/git/dist/main.js:2:1032765)
	at async T.run (/opt/vscodium-bin/resources/app/extensions/git/dist/main.js:2:1032369)
	at async T.getBranch (/opt/vscodium-bin/resources/app/extensions/git/dist/main.js:2:1020512)
	at async T.getBranchBase (/opt/vscodium-bin/resources/app/extensions/git/dist/main.js:2:1020798)
	at async t.GitHistoryProvider.resolveHEADMergeBase (/opt/vscodium-bin/resources/app/extensions/git/dist/main.js:2:948359)
	at async t.GitHistoryProvider.onDidRunGitStatus (/opt/vscodium-bin/resources/app/extensions/git/dist/main.js:2:941686)
2024-09-16 20:38:42.760 [error] Error: No such branch: master.
	at N.getBranch (/opt/vscodium-bin/resources/app/extensions/git/dist/main.js:2:937064)
	at async T.retryRun (/opt/vscodium-bin/resources/app/extensions/git/dist/main.js:2:1032765)
	at async T.run (/opt/vscodium-bin/resources/app/extensions/git/dist/main.js:2:1032369)
	at async T.getBranch (/opt/vscodium-bin/resources/app/extensions/git/dist/main.js:2:1020512)
	at async T.getBranchBase (/opt/vscodium-bin/resources/app/extensions/git/dist/main.js:2:1020798)
	at async t.GitHistoryProvider.resolveHEADMergeBase (/opt/vscodium-bin/resources/app/extensions/git/dist/main.js:2:948359)
	at async t.GitHistoryProvider.onDidRunGitStatus (/opt/vscodium-bin/resources/app/extensions/git/dist/main.js:2:941686)
2024-09-16 20:38:47.784 [error] Error: No such branch: master.
	at N.getBranch (/opt/vscodium-bin/resources/app/extensions/git/dist/main.js:2:937064)
	at async T.retryRun (/opt/vscodium-bin/resources/app/extensions/git/dist/main.js:2:1032765)
	at async T.run (/opt/vscodium-bin/resources/app/extensions/git/dist/main.js:2:1032369)
	at async T.getBranch (/opt/vscodium-bin/resources/app/extensions/git/dist/main.js:2:1020512)
	at async T.getBranchBase (/opt/vscodium-bin/resources/app/extensions/git/dist/main.js:2:1020798)
	at async t.GitHistoryProvider.resolveHEADMergeBase (/opt/vscodium-bin/resources/app/extensions/git/dist/main.js:2:948359)
	at async t.GitHistoryProvider.onDidRunGitStatus (/opt/vscodium-bin/resources/app/extensions/git/dist/main.js:2:941686)
2024-09-16 20:39:06.436 [error] Error: No such branch: master.
	at N.getBranch (/opt/vscodium-bin/resources/app/extensions/git/dist/main.js:2:937064)
	at async T.retryRun (/opt/vscodium-bin/resources/app/extensions/git/dist/main.js:2:1032765)
	at async T.run (/opt/vscodium-bin/resources/app/extensions/git/dist/main.js:2:1032369)
	at async T.getBranch (/opt/vscodium-bin/resources/app/extensions/git/dist/main.js:2:1020512)
	at async T.getBranchBase (/opt/vscodium-bin/resources/app/extensions/git/dist/main.js:2:1020798)
	at async t.GitHistoryProvider.resolveHEADMergeBase (/opt/vscodium-bin/resources/app/extensions/git/dist/main.js:2:948359)
	at async t.GitHistoryProvider.onDidRunGitStatus (/opt/vscodium-bin/resources/app/extensions/git/dist/main.js:2:941686)
2024-09-16 20:39:11.457 [error] Error: No such branch: master.
	at N.getBranch (/opt/vscodium-bin/resources/app/extensions/git/dist/main.js:2:937064)
	at async T.retryRun (/opt/vscodium-bin/resources/app/extensions/git/dist/main.js:2:1032765)
	at async T.run (/opt/vscodium-bin/resources/app/extensions/git/dist/main.js:2:1032369)
	at async T.getBranch (/opt/vscodium-bin/resources/app/extensions/git/dist/main.js:2:1020512)
	at async T.getBranchBase (/opt/vscodium-bin/resources/app/extensions/git/dist/main.js:2:1020798)
	at async t.GitHistoryProvider.resolveHEADMergeBase (/opt/vscodium-bin/resources/app/extensions/git/dist/main.js:2:948359)
	at async t.GitHistoryProvider.onDidRunGitStatus (/opt/vscodium-bin/resources/app/extensions/git/dist/main.js:2:941686)
2024-09-16 20:39:44.167 [error] Error: No such branch: master.
	at N.getBranch (/opt/vscodium-bin/resources/app/extensions/git/dist/main.js:2:937064)
	at async T.retryRun (/opt/vscodium-bin/resources/app/extensions/git/dist/main.js:2:1032765)
	at async T.run (/opt/vscodium-bin/resources/app/extensions/git/dist/main.js:2:1032369)
	at async T.getBranch (/opt/vscodium-bin/resources/app/extensions/git/dist/main.js:2:1020512)
	at async T.getBranchBase (/opt/vscodium-bin/resources/app/extensions/git/dist/main.js:2:1020798)
	at async t.GitHistoryProvider.resolveHEADMergeBase (/opt/vscodium-bin/resources/app/extensions/git/dist/main.js:2:948359)
	at async t.GitHistoryProvider.onDidRunGitStatus (/opt/vscodium-bin/resources/app/extensions/git/dist/main.js:2:941686)
2024-09-16 20:39:49.186 [error] Error: No such branch: master.
	at N.getBranch (/opt/vscodium-bin/resources/app/extensions/git/dist/main.js:2:937064)
	at async T.retryRun (/opt/vscodium-bin/resources/app/extensions/git/dist/main.js:2:1032765)
	at async T.run (/opt/vscodium-bin/resources/app/extensions/git/dist/main.js:2:1032369)
	at async T.getBranch (/opt/vscodium-bin/resources/app/extensions/git/dist/main.js:2:1020512)
	at async T.getBranchBase (/opt/vscodium-bin/resources/app/extensions/git/dist/main.js:2:1020798)
	at async t.GitHistoryProvider.resolveHEADMergeBase (/opt/vscodium-bin/resources/app/extensions/git/dist/main.js:2:948359)
	at async t.GitHistoryProvider.onDidRunGitStatus (/opt/vscodium-bin/resources/app/extensions/git/dist/main.js:2:941686)
2024-09-16 20:45:40.680 [error] Error: No such branch: master.
	at N.getBranch (/opt/vscodium-bin/resources/app/extensions/git/dist/main.js:2:937064)
	at async T.retryRun (/opt/vscodium-bin/resources/app/extensions/git/dist/main.js:2:1032765)
	at async T.run (/opt/vscodium-bin/resources/app/extensions/git/dist/main.js:2:1032369)
	at async T.getBranch (/opt/vscodium-bin/resources/app/extensions/git/dist/main.js:2:1020512)
	at async T.getBranchBase (/opt/vscodium-bin/resources/app/extensions/git/dist/main.js:2:1020798)
	at async t.GitHistoryProvider.resolveHEADMergeBase (/opt/vscodium-bin/resources/app/extensions/git/dist/main.js:2:948359)
	at async t.GitHistoryProvider.onDidRunGitStatus (/opt/vscodium-bin/resources/app/extensions/git/dist/main.js:2:941686)
2024-09-16 20:45:45.703 [error] Error: No such branch: master.
	at N.getBranch (/opt/vscodium-bin/resources/app/extensions/git/dist/main.js:2:937064)
	at async T.retryRun (/opt/vscodium-bin/resources/app/extensions/git/dist/main.js:2:1032765)
	at async T.run (/opt/vscodium-bin/resources/app/extensions/git/dist/main.js:2:1032369)
	at async T.getBranch (/opt/vscodium-bin/resources/app/extensions/git/dist/main.js:2:1020512)
	at async T.getBranchBase (/opt/vscodium-bin/resources/app/extensions/git/dist/main.js:2:1020798)
	at async t.GitHistoryProvider.resolveHEADMergeBase (/opt/vscodium-bin/resources/app/extensions/git/dist/main.js:2:948359)
	at async t.GitHistoryProvider.onDidRunGitStatus (/opt/vscodium-bin/resources/app/extensions/git/dist/main.js:2:941686)
2024-09-16 20:46:21.757 [error] Error: No such branch: master.
	at N.getBranch (/opt/vscodium-bin/resources/app/extensions/git/dist/main.js:2:937064)
	at async T.retryRun (/opt/vscodium-bin/resources/app/extensions/git/dist/main.js:2:1032765)
	at async T.run (/opt/vscodium-bin/resources/app/extensions/git/dist/main.js:2:1032369)
	at async T.getBranch (/opt/vscodium-bin/resources/app/extensions/git/dist/main.js:2:1020512)
	at async T.getBranchBase (/opt/vscodium-bin/resources/app/extensions/git/dist/main.js:2:1020798)
	at async t.GitHistoryProvider.resolveHEADMergeBase (/opt/vscodium-bin/resources/app/extensions/git/dist/main.js:2:948359)
	at async t.GitHistoryProvider.onDidRunGitStatus (/opt/vscodium-bin/resources/app/extensions/git/dist/main.js:2:941686)
2024-09-16 20:46:26.778 [error] Error: No such branch: master.
	at N.getBranch (/opt/vscodium-bin/resources/app/extensions/git/dist/main.js:2:937064)
	at async T.retryRun (/opt/vscodium-bin/resources/app/extensions/git/dist/main.js:2:1032765)
	at async T.run (/opt/vscodium-bin/resources/app/extensions/git/dist/main.js:2:1032369)
	at async T.getBranch (/opt/vscodium-bin/resources/app/extensions/git/dist/main.js:2:1020512)
	at async T.getBranchBase (/opt/vscodium-bin/resources/app/extensions/git/dist/main.js:2:1020798)
	at async t.GitHistoryProvider.resolveHEADMergeBase (/opt/vscodium-bin/resources/app/extensions/git/dist/main.js:2:948359)
	at async t.GitHistoryProvider.onDidRunGitStatus (/opt/vscodium-bin/resources/app/extensions/git/dist/main.js:2:941686)
2024-09-16 20:47:06.037 [error] Error: No such branch: master.
	at N.getBranch (/opt/vscodium-bin/resources/app/extensions/git/dist/main.js:2:937064)
	at async T.retryRun (/opt/vscodium-bin/resources/app/extensions/git/dist/main.js:2:1032765)
	at async T.run (/opt/vscodium-bin/resources/app/extensions/git/dist/main.js:2:1032369)
	at async T.getBranch (/opt/vscodium-bin/resources/app/extensions/git/dist/main.js:2:1020512)
	at async T.getBranchBase (/opt/vscodium-bin/resources/app/extensions/git/dist/main.js:2:1020798)
	at async t.GitHistoryProvider.resolveHEADMergeBase (/opt/vscodium-bin/resources/app/extensions/git/dist/main.js:2:948359)
	at async t.GitHistoryProvider.onDidRunGitStatus (/opt/vscodium-bin/resources/app/extensions/git/dist/main.js:2:941686)
2024-09-16 20:47:12.349 [error] Error: No such branch: master.
	at N.getBranch (/opt/vscodium-bin/resources/app/extensions/git/dist/main.js:2:937064)
	at async T.retryRun (/opt/vscodium-bin/resources/app/extensions/git/dist/main.js:2:1032765)
	at async T.run (/opt/vscodium-bin/resources/app/extensions/git/dist/main.js:2:1032369)
	at async T.getBranch (/opt/vscodium-bin/resources/app/extensions/git/dist/main.js:2:1020512)
	at async T.getBranchBase (/opt/vscodium-bin/resources/app/extensions/git/dist/main.js:2:1020798)
	at async t.GitHistoryProvider.resolveHEADMergeBase (/opt/vscodium-bin/resources/app/extensions/git/dist/main.js:2:948359)
	at async t.GitHistoryProvider.onDidRunGitStatus (/opt/vscodium-bin/resources/app/extensions/git/dist/main.js:2:941686)
2024-09-16 20:47:17.372 [error] Error: No such branch: master.
	at N.getBranch (/opt/vscodium-bin/resources/app/extensions/git/dist/main.js:2:937064)
	at async T.retryRun (/opt/vscodium-bin/resources/app/extensions/git/dist/main.js:2:1032765)
	at async T.run (/opt/vscodium-bin/resources/app/extensions/git/dist/main.js:2:1032369)
	at async T.getBranch (/opt/vscodium-bin/resources/app/extensions/git/dist/main.js:2:1020512)
	at async T.getBranchBase (/opt/vscodium-bin/resources/app/extensions/git/dist/main.js:2:1020798)
	at async t.GitHistoryProvider.resolveHEADMergeBase (/opt/vscodium-bin/resources/app/extensions/git/dist/main.js:2:948359)
	at async t.GitHistoryProvider.onDidRunGitStatus (/opt/vscodium-bin/resources/app/extensions/git/dist/main.js:2:941686)
2024-09-16 20:47:54.306 [error] Error: No such branch: master.
	at N.getBranch (/opt/vscodium-bin/resources/app/extensions/git/dist/main.js:2:937064)
	at async T.retryRun (/opt/vscodium-bin/resources/app/extensions/git/dist/main.js:2:1032765)
	at async T.run (/opt/vscodium-bin/resources/app/extensions/git/dist/main.js:2:1032369)
	at async T.getBranch (/opt/vscodium-bin/resources/app/extensions/git/dist/main.js:2:1020512)
	at async T.getBranchBase (/opt/vscodium-bin/resources/app/extensions/git/dist/main.js:2:1020798)
	at async t.GitHistoryProvider.resolveHEADMergeBase (/opt/vscodium-bin/resources/app/extensions/git/dist/main.js:2:948359)
	at async t.GitHistoryProvider.onDidRunGitStatus (/opt/vscodium-bin/resources/app/extensions/git/dist/main.js:2:941686)
2024-09-16 20:47:59.328 [error] Error: No such branch: master.
	at N.getBranch (/opt/vscodium-bin/resources/app/extensions/git/dist/main.js:2:937064)
	at async T.retryRun (/opt/vscodium-bin/resources/app/extensions/git/dist/main.js:2:1032765)
	at async T.run (/opt/vscodium-bin/resources/app/extensions/git/dist/main.js:2:1032369)
	at async T.getBranch (/opt/vscodium-bin/resources/app/extensions/git/dist/main.js:2:1020512)
	at async T.getBranchBase (/opt/vscodium-bin/resources/app/extensions/git/dist/main.js:2:1020798)
	at async t.GitHistoryProvider.resolveHEADMergeBase (/opt/vscodium-bin/resources/app/extensions/git/dist/main.js:2:948359)
	at async t.GitHistoryProvider.onDidRunGitStatus (/opt/vscodium-bin/resources/app/extensions/git/dist/main.js:2:941686)
2024-09-16 20:48:38.731 [error] Error: No such branch: master.
	at N.getBranch (/opt/vscodium-bin/resources/app/extensions/git/dist/main.js:2:937064)
	at process.processTicksAndRejections (node:internal/process/task_queues:95:5)
	at async T.retryRun (/opt/vscodium-bin/resources/app/extensions/git/dist/main.js:2:1032765)
	at async T.run (/opt/vscodium-bin/resources/app/extensions/git/dist/main.js:2:1032369)
	at async T.getBranch (/opt/vscodium-bin/resources/app/extensions/git/dist/main.js:2:1020512)
	at async T.getBranchBase (/opt/vscodium-bin/resources/app/extensions/git/dist/main.js:2:1020798)
	at async t.GitHistoryProvider.resolveHEADMergeBase (/opt/vscodium-bin/resources/app/extensions/git/dist/main.js:2:948359)
	at async t.GitHistoryProvider.onDidRunGitStatus (/opt/vscodium-bin/resources/app/extensions/git/dist/main.js:2:941686)
2024-09-16 20:48:43.756 [error] Error: No such branch: master.
	at N.getBranch (/opt/vscodium-bin/resources/app/extensions/git/dist/main.js:2:937064)
	at async T.retryRun (/opt/vscodium-bin/resources/app/extensions/git/dist/main.js:2:1032765)
	at async T.run (/opt/vscodium-bin/resources/app/extensions/git/dist/main.js:2:1032369)
	at async T.getBranch (/opt/vscodium-bin/resources/app/extensions/git/dist/main.js:2:1020512)
	at async T.getBranchBase (/opt/vscodium-bin/resources/app/extensions/git/dist/main.js:2:1020798)
	at async t.GitHistoryProvider.resolveHEADMergeBase (/opt/vscodium-bin/resources/app/extensions/git/dist/main.js:2:948359)
	at async t.GitHistoryProvider.onDidRunGitStatus (/opt/vscodium-bin/resources/app/extensions/git/dist/main.js:2:941686)
2024-09-16 20:49:35.363 [error] Error: No such branch: master.
	at N.getBranch (/opt/vscodium-bin/resources/app/extensions/git/dist/main.js:2:937064)
	at async T.retryRun (/opt/vscodium-bin/resources/app/extensions/git/dist/main.js:2:1032765)
	at async T.run (/opt/vscodium-bin/resources/app/extensions/git/dist/main.js:2:1032369)
	at async T.getBranch (/opt/vscodium-bin/resources/app/extensions/git/dist/main.js:2:1020512)
	at async T.getBranchBase (/opt/vscodium-bin/resources/app/extensions/git/dist/main.js:2:1020798)
	at async t.GitHistoryProvider.resolveHEADMergeBase (/opt/vscodium-bin/resources/app/extensions/git/dist/main.js:2:948359)
	at async t.GitHistoryProvider.onDidRunGitStatus (/opt/vscodium-bin/resources/app/extensions/git/dist/main.js:2:941686)
2024-09-16 20:52:03.657 [error] Error: No such branch: master.
	at N.getBranch (/opt/vscodium-bin/resources/app/extensions/git/dist/main.js:2:937064)
	at async T.retryRun (/opt/vscodium-bin/resources/app/extensions/git/dist/main.js:2:1032765)
	at async T.run (/opt/vscodium-bin/resources/app/extensions/git/dist/main.js:2:1032369)
	at async T.getBranch (/opt/vscodium-bin/resources/app/extensions/git/dist/main.js:2:1020512)
	at async T.getBranchBase (/opt/vscodium-bin/resources/app/extensions/git/dist/main.js:2:1020798)
	at async t.GitHistoryProvider.resolveHEADMergeBase (/opt/vscodium-bin/resources/app/extensions/git/dist/main.js:2:948359)
	at async t.GitHistoryProvider.onDidRunGitStatus (/opt/vscodium-bin/resources/app/extensions/git/dist/main.js:2:941686)
2024-09-16 20:52:17.797 [error] Error: No such branch: master.
	at N.getBranch (/opt/vscodium-bin/resources/app/extensions/git/dist/main.js:2:937064)
	at async T.retryRun (/opt/vscodium-bin/resources/app/extensions/git/dist/main.js:2:1032765)
	at async T.run (/opt/vscodium-bin/resources/app/extensions/git/dist/main.js:2:1032369)
	at async T.getBranch (/opt/vscodium-bin/resources/app/extensions/git/dist/main.js:2:1020512)
	at async T.getBranchBase (/opt/vscodium-bin/resources/app/extensions/git/dist/main.js:2:1020798)
	at async t.GitHistoryProvider.resolveHEADMergeBase (/opt/vscodium-bin/resources/app/extensions/git/dist/main.js:2:948359)
	at async t.GitHistoryProvider.onDidRunGitStatus (/opt/vscodium-bin/resources/app/extensions/git/dist/main.js:2:941686)
2024-09-16 20:52:22.818 [error] Error: No such branch: master.
	at N.getBranch (/opt/vscodium-bin/resources/app/extensions/git/dist/main.js:2:937064)
	at async T.retryRun (/opt/vscodium-bin/resources/app/extensions/git/dist/main.js:2:1032765)
	at async T.run (/opt/vscodium-bin/resources/app/extensions/git/dist/main.js:2:1032369)
	at async T.getBranch (/opt/vscodium-bin/resources/app/extensions/git/dist/main.js:2:1020512)
	at async T.getBranchBase (/opt/vscodium-bin/resources/app/extensions/git/dist/main.js:2:1020798)
	at async t.GitHistoryProvider.resolveHEADMergeBase (/opt/vscodium-bin/resources/app/extensions/git/dist/main.js:2:948359)
	at async t.GitHistoryProvider.onDidRunGitStatus (/opt/vscodium-bin/resources/app/extensions/git/dist/main.js:2:941686)
2024-09-16 20:52:52.180 [error] Error: No such branch: master.
	at N.getBranch (/opt/vscodium-bin/resources/app/extensions/git/dist/main.js:2:937064)
	at async T.retryRun (/opt/vscodium-bin/resources/app/extensions/git/dist/main.js:2:1032765)
	at async T.run (/opt/vscodium-bin/resources/app/extensions/git/dist/main.js:2:1032369)
	at async T.getBranch (/opt/vscodium-bin/resources/app/extensions/git/dist/main.js:2:1020512)
	at async T.getBranchBase (/opt/vscodium-bin/resources/app/extensions/git/dist/main.js:2:1020798)
	at async t.GitHistoryProvider.resolveHEADMergeBase (/opt/vscodium-bin/resources/app/extensions/git/dist/main.js:2:948359)
	at async t.GitHistoryProvider.onDidRunGitStatus (/opt/vscodium-bin/resources/app/extensions/git/dist/main.js:2:941686)
2024-09-16 20:52:57.205 [error] Error: No such branch: master.
	at N.getBranch (/opt/vscodium-bin/resources/app/extensions/git/dist/main.js:2:937064)
	at async T.retryRun (/opt/vscodium-bin/resources/app/extensions/git/dist/main.js:2:1032765)
	at async T.run (/opt/vscodium-bin/resources/app/extensions/git/dist/main.js:2:1032369)
	at async T.getBranch (/opt/vscodium-bin/resources/app/extensions/git/dist/main.js:2:1020512)
	at async T.getBranchBase (/opt/vscodium-bin/resources/app/extensions/git/dist/main.js:2:1020798)
	at async t.GitHistoryProvider.resolveHEADMergeBase (/opt/vscodium-bin/resources/app/extensions/git/dist/main.js:2:948359)
	at async t.GitHistoryProvider.onDidRunGitStatus (/opt/vscodium-bin/resources/app/extensions/git/dist/main.js:2:941686)
2024-09-16 20:55:19.711 [error] Error: No such branch: master.
	at N.getBranch (/opt/vscodium-bin/resources/app/extensions/git/dist/main.js:2:937064)
	at async T.retryRun (/opt/vscodium-bin/resources/app/extensions/git/dist/main.js:2:1032765)
	at async T.run (/opt/vscodium-bin/resources/app/extensions/git/dist/main.js:2:1032369)
	at async T.getBranch (/opt/vscodium-bin/resources/app/extensions/git/dist/main.js:2:1020512)
	at async T.getBranchBase (/opt/vscodium-bin/resources/app/extensions/git/dist/main.js:2:1020798)
	at async t.GitHistoryProvider.resolveHEADMergeBase (/opt/vscodium-bin/resources/app/extensions/git/dist/main.js:2:948359)
	at async t.GitHistoryProvider.onDidRunGitStatus (/opt/vscodium-bin/resources/app/extensions/git/dist/main.js:2:941686)
2024-09-16 20:55:24.734 [error] Error: No such branch: master.
	at N.getBranch (/opt/vscodium-bin/resources/app/extensions/git/dist/main.js:2:937064)
	at async T.retryRun (/opt/vscodium-bin/resources/app/extensions/git/dist/main.js:2:1032765)
	at async T.run (/opt/vscodium-bin/resources/app/extensions/git/dist/main.js:2:1032369)
	at async T.getBranch (/opt/vscodium-bin/resources/app/extensions/git/dist/main.js:2:1020512)
	at async T.getBranchBase (/opt/vscodium-bin/resources/app/extensions/git/dist/main.js:2:1020798)
	at async t.GitHistoryProvider.resolveHEADMergeBase (/opt/vscodium-bin/resources/app/extensions/git/dist/main.js:2:948359)
	at async t.GitHistoryProvider.onDidRunGitStatus (/opt/vscodium-bin/resources/app/extensions/git/dist/main.js:2:941686)
2024-09-16 20:56:06.224 [error] Error: No such branch: master.
	at N.getBranch (/opt/vscodium-bin/resources/app/extensions/git/dist/main.js:2:937064)
	at async T.retryRun (/opt/vscodium-bin/resources/app/extensions/git/dist/main.js:2:1032765)
	at async T.run (/opt/vscodium-bin/resources/app/extensions/git/dist/main.js:2:1032369)
	at async T.getBranch (/opt/vscodium-bin/resources/app/extensions/git/dist/main.js:2:1020512)
	at async T.getBranchBase (/opt/vscodium-bin/resources/app/extensions/git/dist/main.js:2:1020798)
	at async t.GitHistoryProvider.resolveHEADMergeBase (/opt/vscodium-bin/resources/app/extensions/git/dist/main.js:2:948359)
	at async t.GitHistoryProvider.onDidRunGitStatus (/opt/vscodium-bin/resources/app/extensions/git/dist/main.js:2:941686)
2024-09-16 20:56:11.249 [error] Error: No such branch: master.
	at N.getBranch (/opt/vscodium-bin/resources/app/extensions/git/dist/main.js:2:937064)
	at async T.retryRun (/opt/vscodium-bin/resources/app/extensions/git/dist/main.js:2:1032765)
	at async T.run (/opt/vscodium-bin/resources/app/extensions/git/dist/main.js:2:1032369)
	at async T.getBranch (/opt/vscodium-bin/resources/app/extensions/git/dist/main.js:2:1020512)
	at async T.getBranchBase (/opt/vscodium-bin/resources/app/extensions/git/dist/main.js:2:1020798)
	at async t.GitHistoryProvider.resolveHEADMergeBase (/opt/vscodium-bin/resources/app/extensions/git/dist/main.js:2:948359)
	at async t.GitHistoryProvider.onDidRunGitStatus (/opt/vscodium-bin/resources/app/extensions/git/dist/main.js:2:941686)
2024-09-16 20:56:36.854 [error] Error: No such branch: master.
	at N.getBranch (/opt/vscodium-bin/resources/app/extensions/git/dist/main.js:2:937064)
	at async T.retryRun (/opt/vscodium-bin/resources/app/extensions/git/dist/main.js:2:1032765)
	at async T.run (/opt/vscodium-bin/resources/app/extensions/git/dist/main.js:2:1032369)
	at async T.getBranch (/opt/vscodium-bin/resources/app/extensions/git/dist/main.js:2:1020512)
	at async T.getBranchBase (/opt/vscodium-bin/resources/app/extensions/git/dist/main.js:2:1020798)
	at async t.GitHistoryProvider.resolveHEADMergeBase (/opt/vscodium-bin/resources/app/extensions/git/dist/main.js:2:948359)
	at async t.GitHistoryProvider.onDidRunGitStatus (/opt/vscodium-bin/resources/app/extensions/git/dist/main.js:2:941686)
2024-09-16 20:56:41.877 [error] Error: No such branch: master.
	at N.getBranch (/opt/vscodium-bin/resources/app/extensions/git/dist/main.js:2:937064)
	at async T.retryRun (/opt/vscodium-bin/resources/app/extensions/git/dist/main.js:2:1032765)
	at async T.run (/opt/vscodium-bin/resources/app/extensions/git/dist/main.js:2:1032369)
	at async T.getBranch (/opt/vscodium-bin/resources/app/extensions/git/dist/main.js:2:1020512)
	at async T.getBranchBase (/opt/vscodium-bin/resources/app/extensions/git/dist/main.js:2:1020798)
	at async t.GitHistoryProvider.resolveHEADMergeBase (/opt/vscodium-bin/resources/app/extensions/git/dist/main.js:2:948359)
	at async t.GitHistoryProvider.onDidRunGitStatus (/opt/vscodium-bin/resources/app/extensions/git/dist/main.js:2:941686)
2024-09-16 20:57:40.657 [error] Error: No such branch: master.
	at N.getBranch (/opt/vscodium-bin/resources/app/extensions/git/dist/main.js:2:937064)
	at async T.retryRun (/opt/vscodium-bin/resources/app/extensions/git/dist/main.js:2:1032765)
	at async T.run (/opt/vscodium-bin/resources/app/extensions/git/dist/main.js:2:1032369)
	at async T.getBranch (/opt/vscodium-bin/resources/app/extensions/git/dist/main.js:2:1020512)
	at async T.getBranchBase (/opt/vscodium-bin/resources/app/extensions/git/dist/main.js:2:1020798)
	at async t.GitHistoryProvider.resolveHEADMergeBase (/opt/vscodium-bin/resources/app/extensions/git/dist/main.js:2:948359)
	at async t.GitHistoryProvider.onDidRunGitStatus (/opt/vscodium-bin/resources/app/extensions/git/dist/main.js:2:941686)
2024-09-16 20:57:45.678 [error] Error: No such branch: master.
	at N.getBranch (/opt/vscodium-bin/resources/app/extensions/git/dist/main.js:2:937064)
	at async T.retryRun (/opt/vscodium-bin/resources/app/extensions/git/dist/main.js:2:1032765)
	at async T.run (/opt/vscodium-bin/resources/app/extensions/git/dist/main.js:2:1032369)
	at async T.getBranch (/opt/vscodium-bin/resources/app/extensions/git/dist/main.js:2:1020512)
	at async T.getBranchBase (/opt/vscodium-bin/resources/app/extensions/git/dist/main.js:2:1020798)
	at async t.GitHistoryProvider.resolveHEADMergeBase (/opt/vscodium-bin/resources/app/extensions/git/dist/main.js:2:948359)
	at async t.GitHistoryProvider.onDidRunGitStatus (/opt/vscodium-bin/resources/app/extensions/git/dist/main.js:2:941686)
2024-09-16 20:58:34.161 [error] Error: No such branch: master.
	at N.getBranch (/opt/vscodium-bin/resources/app/extensions/git/dist/main.js:2:937064)
	at async T.retryRun (/opt/vscodium-bin/resources/app/extensions/git/dist/main.js:2:1032765)
	at async T.run (/opt/vscodium-bin/resources/app/extensions/git/dist/main.js:2:1032369)
	at async T.getBranch (/opt/vscodium-bin/resources/app/extensions/git/dist/main.js:2:1020512)
	at async T.getBranchBase (/opt/vscodium-bin/resources/app/extensions/git/dist/main.js:2:1020798)
	at async t.GitHistoryProvider.resolveHEADMergeBase (/opt/vscodium-bin/resources/app/extensions/git/dist/main.js:2:948359)
	at async t.GitHistoryProvider.onDidRunGitStatus (/opt/vscodium-bin/resources/app/extensions/git/dist/main.js:2:941686)
2024-09-16 20:58:39.178 [error] Error: No such branch: master.
	at N.getBranch (/opt/vscodium-bin/resources/app/extensions/git/dist/main.js:2:937064)
	at async T.retryRun (/opt/vscodium-bin/resources/app/extensions/git/dist/main.js:2:1032765)
	at async T.run (/opt/vscodium-bin/resources/app/extensions/git/dist/main.js:2:1032369)
	at async T.getBranch (/opt/vscodium-bin/resources/app/extensions/git/dist/main.js:2:1020512)
	at async T.getBranchBase (/opt/vscodium-bin/resources/app/extensions/git/dist/main.js:2:1020798)
	at async t.GitHistoryProvider.resolveHEADMergeBase (/opt/vscodium-bin/resources/app/extensions/git/dist/main.js:2:948359)
	at async t.GitHistoryProvider.onDidRunGitStatus (/opt/vscodium-bin/resources/app/extensions/git/dist/main.js:2:941686)
2024-09-16 20:59:07.932 [error] Error: No such branch: master.
	at N.getBranch (/opt/vscodium-bin/resources/app/extensions/git/dist/main.js:2:937064)
	at async T.retryRun (/opt/vscodium-bin/resources/app/extensions/git/dist/main.js:2:1032765)
	at async T.run (/opt/vscodium-bin/resources/app/extensions/git/dist/main.js:2:1032369)
	at async T.getBranch (/opt/vscodium-bin/resources/app/extensions/git/dist/main.js:2:1020512)
	at async T.getBranchBase (/opt/vscodium-bin/resources/app/extensions/git/dist/main.js:2:1020798)
	at async t.GitHistoryProvider.resolveHEADMergeBase (/opt/vscodium-bin/resources/app/extensions/git/dist/main.js:2:948359)
	at async t.GitHistoryProvider.onDidRunGitStatus (/opt/vscodium-bin/resources/app/extensions/git/dist/main.js:2:941686)
2024-09-16 21:22:43.391 [error] Error: No such branch: master.
	at N.getBranch (/opt/vscodium-bin/resources/app/extensions/git/dist/main.js:2:937064)
	at async T.retryRun (/opt/vscodium-bin/resources/app/extensions/git/dist/main.js:2:1032765)
	at async T.run (/opt/vscodium-bin/resources/app/extensions/git/dist/main.js:2:1032369)
	at async T.getBranch (/opt/vscodium-bin/resources/app/extensions/git/dist/main.js:2:1020512)
	at async T.getBranchBase (/opt/vscodium-bin/resources/app/extensions/git/dist/main.js:2:1020798)
	at async t.GitHistoryProvider.resolveHEADMergeBase (/opt/vscodium-bin/resources/app/extensions/git/dist/main.js:2:948359)
	at async t.GitHistoryProvider.onDidRunGitStatus (/opt/vscodium-bin/resources/app/extensions/git/dist/main.js:2:941686)
2024-09-16 21:22:48.416 [error] Error: No such branch: master.
	at N.getBranch (/opt/vscodium-bin/resources/app/extensions/git/dist/main.js:2:937064)
	at process.processTicksAndRejections (node:internal/process/task_queues:95:5)
	at async T.retryRun (/opt/vscodium-bin/resources/app/extensions/git/dist/main.js:2:1032765)
	at async T.run (/opt/vscodium-bin/resources/app/extensions/git/dist/main.js:2:1032369)
	at async T.getBranch (/opt/vscodium-bin/resources/app/extensions/git/dist/main.js:2:1020512)
	at async T.getBranchBase (/opt/vscodium-bin/resources/app/extensions/git/dist/main.js:2:1020798)
	at async t.GitHistoryProvider.resolveHEADMergeBase (/opt/vscodium-bin/resources/app/extensions/git/dist/main.js:2:948359)
	at async t.GitHistoryProvider.onDidRunGitStatus (/opt/vscodium-bin/resources/app/extensions/git/dist/main.js:2:941686)
2024-09-16 21:23:58.036 [error] Error: No such branch: master.
	at N.getBranch (/opt/vscodium-bin/resources/app/extensions/git/dist/main.js:2:937064)
	at async T.retryRun (/opt/vscodium-bin/resources/app/extensions/git/dist/main.js:2:1032765)
	at async T.run (/opt/vscodium-bin/resources/app/extensions/git/dist/main.js:2:1032369)
	at async T.getBranch (/opt/vscodium-bin/resources/app/extensions/git/dist/main.js:2:1020512)
	at async T.getBranchBase (/opt/vscodium-bin/resources/app/extensions/git/dist/main.js:2:1020798)
	at async t.GitHistoryProvider.resolveHEADMergeBase (/opt/vscodium-bin/resources/app/extensions/git/dist/main.js:2:948359)
	at async t.GitHistoryProvider.onDidRunGitStatus (/opt/vscodium-bin/resources/app/extensions/git/dist/main.js:2:941686)
2024-09-16 21:24:21.530 [error] Error: No such branch: master.
	at N.getBranch (/opt/vscodium-bin/resources/app/extensions/git/dist/main.js:2:937064)
	at async T.retryRun (/opt/vscodium-bin/resources/app/extensions/git/dist/main.js:2:1032765)
	at async T.run (/opt/vscodium-bin/resources/app/extensions/git/dist/main.js:2:1032369)
	at async T.getBranch (/opt/vscodium-bin/resources/app/extensions/git/dist/main.js:2:1020512)
	at async T.getBranchBase (/opt/vscodium-bin/resources/app/extensions/git/dist/main.js:2:1020798)
	at async t.GitHistoryProvider.resolveHEADMergeBase (/opt/vscodium-bin/resources/app/extensions/git/dist/main.js:2:948359)
	at async t.GitHistoryProvider.onDidRunGitStatus (/opt/vscodium-bin/resources/app/extensions/git/dist/main.js:2:941686)
2024-09-16 21:24:41.429 [error] Error: No such branch: master.
	at N.getBranch (/opt/vscodium-bin/resources/app/extensions/git/dist/main.js:2:937064)
	at async T.retryRun (/opt/vscodium-bin/resources/app/extensions/git/dist/main.js:2:1032765)
	at async T.run (/opt/vscodium-bin/resources/app/extensions/git/dist/main.js:2:1032369)
	at async T.getBranch (/opt/vscodium-bin/resources/app/extensions/git/dist/main.js:2:1020512)
	at async T.getBranchBase (/opt/vscodium-bin/resources/app/extensions/git/dist/main.js:2:1020798)
	at async t.GitHistoryProvider.resolveHEADMergeBase (/opt/vscodium-bin/resources/app/extensions/git/dist/main.js:2:948359)
	at async t.GitHistoryProvider.onDidRunGitStatus (/opt/vscodium-bin/resources/app/extensions/git/dist/main.js:2:941686)
2024-09-16 21:24:46.451 [error] Error: No such branch: master.
	at N.getBranch (/opt/vscodium-bin/resources/app/extensions/git/dist/main.js:2:937064)
	at async T.retryRun (/opt/vscodium-bin/resources/app/extensions/git/dist/main.js:2:1032765)
	at async T.run (/opt/vscodium-bin/resources/app/extensions/git/dist/main.js:2:1032369)
	at async T.getBranch (/opt/vscodium-bin/resources/app/extensions/git/dist/main.js:2:1020512)
	at async T.getBranchBase (/opt/vscodium-bin/resources/app/extensions/git/dist/main.js:2:1020798)
	at async t.GitHistoryProvider.resolveHEADMergeBase (/opt/vscodium-bin/resources/app/extensions/git/dist/main.js:2:948359)
	at async t.GitHistoryProvider.onDidRunGitStatus (/opt/vscodium-bin/resources/app/extensions/git/dist/main.js:2:941686)
2024-09-16 21:25:03.960 [error] Error: No such branch: master.
	at N.getBranch (/opt/vscodium-bin/resources/app/extensions/git/dist/main.js:2:937064)
	at async T.retryRun (/opt/vscodium-bin/resources/app/extensions/git/dist/main.js:2:1032765)
	at async T.run (/opt/vscodium-bin/resources/app/extensions/git/dist/main.js:2:1032369)
	at async T.getBranch (/opt/vscodium-bin/resources/app/extensions/git/dist/main.js:2:1020512)
	at async T.getBranchBase (/opt/vscodium-bin/resources/app/extensions/git/dist/main.js:2:1020798)
	at async t.GitHistoryProvider.resolveHEADMergeBase (/opt/vscodium-bin/resources/app/extensions/git/dist/main.js:2:948359)
	at async t.GitHistoryProvider.onDidRunGitStatus (/opt/vscodium-bin/resources/app/extensions/git/dist/main.js:2:941686)
2024-09-16 21:25:15.557 [error] Error: No such branch: master.
	at N.getBranch (/opt/vscodium-bin/resources/app/extensions/git/dist/main.js:2:937064)
	at process.processTicksAndRejections (node:internal/process/task_queues:95:5)
	at async T.retryRun (/opt/vscodium-bin/resources/app/extensions/git/dist/main.js:2:1032765)
	at async T.run (/opt/vscodium-bin/resources/app/extensions/git/dist/main.js:2:1032369)
	at async T.getBranch (/opt/vscodium-bin/resources/app/extensions/git/dist/main.js:2:1020512)
	at async T.getBranchBase (/opt/vscodium-bin/resources/app/extensions/git/dist/main.js:2:1020798)
	at async t.GitHistoryProvider.resolveHEADMergeBase (/opt/vscodium-bin/resources/app/extensions/git/dist/main.js:2:948359)
	at async t.GitHistoryProvider.onDidRunGitStatus (/opt/vscodium-bin/resources/app/extensions/git/dist/main.js:2:941686)
2024-09-16 21:25:34.109 [error] Error: No such branch: master.
	at N.getBranch (/opt/vscodium-bin/resources/app/extensions/git/dist/main.js:2:937064)
	at async T.retryRun (/opt/vscodium-bin/resources/app/extensions/git/dist/main.js:2:1032765)
	at async T.run (/opt/vscodium-bin/resources/app/extensions/git/dist/main.js:2:1032369)
	at async T.getBranch (/opt/vscodium-bin/resources/app/extensions/git/dist/main.js:2:1020512)
	at async T.getBranchBase (/opt/vscodium-bin/resources/app/extensions/git/dist/main.js:2:1020798)
	at async t.GitHistoryProvider.resolveHEADMergeBase (/opt/vscodium-bin/resources/app/extensions/git/dist/main.js:2:948359)
	at async t.GitHistoryProvider.onDidRunGitStatus (/opt/vscodium-bin/resources/app/extensions/git/dist/main.js:2:941686)
2024-09-16 21:25:39.128 [error] Error: No such branch: master.
	at N.getBranch (/opt/vscodium-bin/resources/app/extensions/git/dist/main.js:2:937064)
	at async T.retryRun (/opt/vscodium-bin/resources/app/extensions/git/dist/main.js:2:1032765)
	at async T.run (/opt/vscodium-bin/resources/app/extensions/git/dist/main.js:2:1032369)
	at async T.getBranch (/opt/vscodium-bin/resources/app/extensions/git/dist/main.js:2:1020512)
	at async T.getBranchBase (/opt/vscodium-bin/resources/app/extensions/git/dist/main.js:2:1020798)
	at async t.GitHistoryProvider.resolveHEADMergeBase (/opt/vscodium-bin/resources/app/extensions/git/dist/main.js:2:948359)
	at async t.GitHistoryProvider.onDidRunGitStatus (/opt/vscodium-bin/resources/app/extensions/git/dist/main.js:2:941686)
2024-09-16 21:25:54.960 [error] Error: No such branch: master.
	at N.getBranch (/opt/vscodium-bin/resources/app/extensions/git/dist/main.js:2:937064)
	at async T.retryRun (/opt/vscodium-bin/resources/app/extensions/git/dist/main.js:2:1032765)
	at async T.run (/opt/vscodium-bin/resources/app/extensions/git/dist/main.js:2:1032369)
	at async T.getBranch (/opt/vscodium-bin/resources/app/extensions/git/dist/main.js:2:1020512)
	at async T.getBranchBase (/opt/vscodium-bin/resources/app/extensions/git/dist/main.js:2:1020798)
	at async t.GitHistoryProvider.resolveHEADMergeBase (/opt/vscodium-bin/resources/app/extensions/git/dist/main.js:2:948359)
	at async t.GitHistoryProvider.onDidRunGitStatus (/opt/vscodium-bin/resources/app/extensions/git/dist/main.js:2:941686)
2024-09-16 21:27:29.083 [error] Error: No such branch: master.
	at N.getBranch (/opt/vscodium-bin/resources/app/extensions/git/dist/main.js:2:937064)
	at async T.retryRun (/opt/vscodium-bin/resources/app/extensions/git/dist/main.js:2:1032765)
	at async T.run (/opt/vscodium-bin/resources/app/extensions/git/dist/main.js:2:1032369)
	at async T.getBranch (/opt/vscodium-bin/resources/app/extensions/git/dist/main.js:2:1020512)
	at async T.getBranchBase (/opt/vscodium-bin/resources/app/extensions/git/dist/main.js:2:1020798)
	at async t.GitHistoryProvider.resolveHEADMergeBase (/opt/vscodium-bin/resources/app/extensions/git/dist/main.js:2:948359)
	at async t.GitHistoryProvider.onDidRunGitStatus (/opt/vscodium-bin/resources/app/extensions/git/dist/main.js:2:941686)
2024-09-16 21:27:53.168 [error] Error: No such branch: master.
	at N.getBranch (/opt/vscodium-bin/resources/app/extensions/git/dist/main.js:2:937064)
	at async T.retryRun (/opt/vscodium-bin/resources/app/extensions/git/dist/main.js:2:1032765)
	at async T.run (/opt/vscodium-bin/resources/app/extensions/git/dist/main.js:2:1032369)
	at async T.getBranch (/opt/vscodium-bin/resources/app/extensions/git/dist/main.js:2:1020512)
	at async T.getBranchBase (/opt/vscodium-bin/resources/app/extensions/git/dist/main.js:2:1020798)
	at async t.GitHistoryProvider.resolveHEADMergeBase (/opt/vscodium-bin/resources/app/extensions/git/dist/main.js:2:948359)
	at async t.GitHistoryProvider.onDidRunGitStatus (/opt/vscodium-bin/resources/app/extensions/git/dist/main.js:2:941686)
2024-09-16 21:28:17.263 [error] Error: No such branch: master.
	at N.getBranch (/opt/vscodium-bin/resources/app/extensions/git/dist/main.js:2:937064)
	at async T.retryRun (/opt/vscodium-bin/resources/app/extensions/git/dist/main.js:2:1032765)
	at async T.run (/opt/vscodium-bin/resources/app/extensions/git/dist/main.js:2:1032369)
	at async T.getBranch (/opt/vscodium-bin/resources/app/extensions/git/dist/main.js:2:1020512)
	at async T.getBranchBase (/opt/vscodium-bin/resources/app/extensions/git/dist/main.js:2:1020798)
	at async t.GitHistoryProvider.resolveHEADMergeBase (/opt/vscodium-bin/resources/app/extensions/git/dist/main.js:2:948359)
	at async t.GitHistoryProvider.onDidRunGitStatus (/opt/vscodium-bin/resources/app/extensions/git/dist/main.js:2:941686)
2024-09-16 21:28:22.288 [error] Error: No such branch: master.
	at N.getBranch (/opt/vscodium-bin/resources/app/extensions/git/dist/main.js:2:937064)
	at async T.retryRun (/opt/vscodium-bin/resources/app/extensions/git/dist/main.js:2:1032765)
	at async T.run (/opt/vscodium-bin/resources/app/extensions/git/dist/main.js:2:1032369)
	at async T.getBranch (/opt/vscodium-bin/resources/app/extensions/git/dist/main.js:2:1020512)
	at async T.getBranchBase (/opt/vscodium-bin/resources/app/extensions/git/dist/main.js:2:1020798)
	at async t.GitHistoryProvider.resolveHEADMergeBase (/opt/vscodium-bin/resources/app/extensions/git/dist/main.js:2:948359)
	at async t.GitHistoryProvider.onDidRunGitStatus (/opt/vscodium-bin/resources/app/extensions/git/dist/main.js:2:941686)
2024-09-16 21:28:46.622 [error] Error: No such branch: master.
	at N.getBranch (/opt/vscodium-bin/resources/app/extensions/git/dist/main.js:2:937064)
	at async T.retryRun (/opt/vscodium-bin/resources/app/extensions/git/dist/main.js:2:1032765)
	at async T.run (/opt/vscodium-bin/resources/app/extensions/git/dist/main.js:2:1032369)
	at async T.getBranch (/opt/vscodium-bin/resources/app/extensions/git/dist/main.js:2:1020512)
	at async T.getBranchBase (/opt/vscodium-bin/resources/app/extensions/git/dist/main.js:2:1020798)
	at async t.GitHistoryProvider.resolveHEADMergeBase (/opt/vscodium-bin/resources/app/extensions/git/dist/main.js:2:948359)
	at async t.GitHistoryProvider.onDidRunGitStatus (/opt/vscodium-bin/resources/app/extensions/git/dist/main.js:2:941686)
2024-09-16 21:28:51.644 [error] Error: No such branch: master.
	at N.getBranch (/opt/vscodium-bin/resources/app/extensions/git/dist/main.js:2:937064)
	at async T.retryRun (/opt/vscodium-bin/resources/app/extensions/git/dist/main.js:2:1032765)
	at async T.run (/opt/vscodium-bin/resources/app/extensions/git/dist/main.js:2:1032369)
	at async T.getBranch (/opt/vscodium-bin/resources/app/extensions/git/dist/main.js:2:1020512)
	at async T.getBranchBase (/opt/vscodium-bin/resources/app/extensions/git/dist/main.js:2:1020798)
	at async t.GitHistoryProvider.resolveHEADMergeBase (/opt/vscodium-bin/resources/app/extensions/git/dist/main.js:2:948359)
	at async t.GitHistoryProvider.onDidRunGitStatus (/opt/vscodium-bin/resources/app/extensions/git/dist/main.js:2:941686)
2024-09-16 21:29:30.585 [error] Error: No such branch: master.
	at N.getBranch (/opt/vscodium-bin/resources/app/extensions/git/dist/main.js:2:937064)
	at async T.retryRun (/opt/vscodium-bin/resources/app/extensions/git/dist/main.js:2:1032765)
	at async T.run (/opt/vscodium-bin/resources/app/extensions/git/dist/main.js:2:1032369)
	at async T.getBranch (/opt/vscodium-bin/resources/app/extensions/git/dist/main.js:2:1020512)
	at async T.getBranchBase (/opt/vscodium-bin/resources/app/extensions/git/dist/main.js:2:1020798)
	at async t.GitHistoryProvider.resolveHEADMergeBase (/opt/vscodium-bin/resources/app/extensions/git/dist/main.js:2:948359)
	at async t.GitHistoryProvider.onDidRunGitStatus (/opt/vscodium-bin/resources/app/extensions/git/dist/main.js:2:941686)
2024-09-16 21:31:44.639 [error] Error: No such branch: master.
	at N.getBranch (/opt/vscodium-bin/resources/app/extensions/git/dist/main.js:2:937064)
	at async T.retryRun (/opt/vscodium-bin/resources/app/extensions/git/dist/main.js:2:1032765)
	at async T.run (/opt/vscodium-bin/resources/app/extensions/git/dist/main.js:2:1032369)
	at async T.getBranch (/opt/vscodium-bin/resources/app/extensions/git/dist/main.js:2:1020512)
	at async T.getBranchBase (/opt/vscodium-bin/resources/app/extensions/git/dist/main.js:2:1020798)
	at async t.GitHistoryProvider.resolveHEADMergeBase (/opt/vscodium-bin/resources/app/extensions/git/dist/main.js:2:948359)
	at async t.GitHistoryProvider.onDidRunGitStatus (/opt/vscodium-bin/resources/app/extensions/git/dist/main.js:2:941686)
2024-09-16 21:31:49.663 [error] Error: No such branch: master.
	at N.getBranch (/opt/vscodium-bin/resources/app/extensions/git/dist/main.js:2:937064)
	at async T.retryRun (/opt/vscodium-bin/resources/app/extensions/git/dist/main.js:2:1032765)
	at async T.run (/opt/vscodium-bin/resources/app/extensions/git/dist/main.js:2:1032369)
	at async T.getBranch (/opt/vscodium-bin/resources/app/extensions/git/dist/main.js:2:1020512)
	at async T.getBranchBase (/opt/vscodium-bin/resources/app/extensions/git/dist/main.js:2:1020798)
	at async t.GitHistoryProvider.resolveHEADMergeBase (/opt/vscodium-bin/resources/app/extensions/git/dist/main.js:2:948359)
	at async t.GitHistoryProvider.onDidRunGitStatus (/opt/vscodium-bin/resources/app/extensions/git/dist/main.js:2:941686)
2024-09-16 21:32:22.281 [error] Error: No such branch: master.
	at N.getBranch (/opt/vscodium-bin/resources/app/extensions/git/dist/main.js:2:937064)
	at async T.retryRun (/opt/vscodium-bin/resources/app/extensions/git/dist/main.js:2:1032765)
	at async T.run (/opt/vscodium-bin/resources/app/extensions/git/dist/main.js:2:1032369)
	at async T.getBranch (/opt/vscodium-bin/resources/app/extensions/git/dist/main.js:2:1020512)
	at async T.getBranchBase (/opt/vscodium-bin/resources/app/extensions/git/dist/main.js:2:1020798)
	at async t.GitHistoryProvider.resolveHEADMergeBase (/opt/vscodium-bin/resources/app/extensions/git/dist/main.js:2:948359)
	at async t.GitHistoryProvider.onDidRunGitStatus (/opt/vscodium-bin/resources/app/extensions/git/dist/main.js:2:941686)
2024-09-16 21:32:40.204 [error] Error: No such branch: master.
	at N.getBranch (/opt/vscodium-bin/resources/app/extensions/git/dist/main.js:2:937064)
	at async T.retryRun (/opt/vscodium-bin/resources/app/extensions/git/dist/main.js:2:1032765)
	at async T.run (/opt/vscodium-bin/resources/app/extensions/git/dist/main.js:2:1032369)
	at async T.getBranch (/opt/vscodium-bin/resources/app/extensions/git/dist/main.js:2:1020512)
	at async T.getBranchBase (/opt/vscodium-bin/resources/app/extensions/git/dist/main.js:2:1020798)
	at async t.GitHistoryProvider.resolveHEADMergeBase (/opt/vscodium-bin/resources/app/extensions/git/dist/main.js:2:948359)
	at async t.GitHistoryProvider.onDidRunGitStatus (/opt/vscodium-bin/resources/app/extensions/git/dist/main.js:2:941686)
2024-09-16 21:32:45.225 [error] Error: No such branch: master.
	at N.getBranch (/opt/vscodium-bin/resources/app/extensions/git/dist/main.js:2:937064)
	at async T.retryRun (/opt/vscodium-bin/resources/app/extensions/git/dist/main.js:2:1032765)
	at async T.run (/opt/vscodium-bin/resources/app/extensions/git/dist/main.js:2:1032369)
	at async T.getBranch (/opt/vscodium-bin/resources/app/extensions/git/dist/main.js:2:1020512)
	at async T.getBranchBase (/opt/vscodium-bin/resources/app/extensions/git/dist/main.js:2:1020798)
	at async t.GitHistoryProvider.resolveHEADMergeBase (/opt/vscodium-bin/resources/app/extensions/git/dist/main.js:2:948359)
	at async t.GitHistoryProvider.onDidRunGitStatus (/opt/vscodium-bin/resources/app/extensions/git/dist/main.js:2:941686)
2024-09-16 21:33:14.325 [error] Error: No such branch: master.
	at N.getBranch (/opt/vscodium-bin/resources/app/extensions/git/dist/main.js:2:937064)
	at async T.retryRun (/opt/vscodium-bin/resources/app/extensions/git/dist/main.js:2:1032765)
	at async T.run (/opt/vscodium-bin/resources/app/extensions/git/dist/main.js:2:1032369)
	at async T.getBranch (/opt/vscodium-bin/resources/app/extensions/git/dist/main.js:2:1020512)
	at async T.getBranchBase (/opt/vscodium-bin/resources/app/extensions/git/dist/main.js:2:1020798)
	at async t.GitHistoryProvider.resolveHEADMergeBase (/opt/vscodium-bin/resources/app/extensions/git/dist/main.js:2:948359)
	at async t.GitHistoryProvider.onDidRunGitStatus (/opt/vscodium-bin/resources/app/extensions/git/dist/main.js:2:941686)
2024-09-16 21:33:21.602 [error] Error: No such branch: master.
	at N.getBranch (/opt/vscodium-bin/resources/app/extensions/git/dist/main.js:2:937064)
	at async T.retryRun (/opt/vscodium-bin/resources/app/extensions/git/dist/main.js:2:1032765)
	at async T.run (/opt/vscodium-bin/resources/app/extensions/git/dist/main.js:2:1032369)
	at async T.getBranch (/opt/vscodium-bin/resources/app/extensions/git/dist/main.js:2:1020512)
	at async T.getBranchBase (/opt/vscodium-bin/resources/app/extensions/git/dist/main.js:2:1020798)
	at async t.GitHistoryProvider.resolveHEADMergeBase (/opt/vscodium-bin/resources/app/extensions/git/dist/main.js:2:948359)
	at async t.GitHistoryProvider.onDidRunGitStatus (/opt/vscodium-bin/resources/app/extensions/git/dist/main.js:2:941686)
2024-09-16 21:33:47.661 [error] Error: No such branch: master.
	at N.getBranch (/opt/vscodium-bin/resources/app/extensions/git/dist/main.js:2:937064)
	at async T.retryRun (/opt/vscodium-bin/resources/app/extensions/git/dist/main.js:2:1032765)
	at async T.run (/opt/vscodium-bin/resources/app/extensions/git/dist/main.js:2:1032369)
	at async T.getBranch (/opt/vscodium-bin/resources/app/extensions/git/dist/main.js:2:1020512)
	at async T.getBranchBase (/opt/vscodium-bin/resources/app/extensions/git/dist/main.js:2:1020798)
	at async t.GitHistoryProvider.resolveHEADMergeBase (/opt/vscodium-bin/resources/app/extensions/git/dist/main.js:2:948359)
	at async t.GitHistoryProvider.onDidRunGitStatus (/opt/vscodium-bin/resources/app/extensions/git/dist/main.js:2:941686)
2024-09-16 21:33:52.683 [error] Error: No such branch: master.
	at N.getBranch (/opt/vscodium-bin/resources/app/extensions/git/dist/main.js:2:937064)
	at async T.retryRun (/opt/vscodium-bin/resources/app/extensions/git/dist/main.js:2:1032765)
	at async T.run (/opt/vscodium-bin/resources/app/extensions/git/dist/main.js:2:1032369)
	at async T.getBranch (/opt/vscodium-bin/resources/app/extensions/git/dist/main.js:2:1020512)
	at async T.getBranchBase (/opt/vscodium-bin/resources/app/extensions/git/dist/main.js:2:1020798)
	at async t.GitHistoryProvider.resolveHEADMergeBase (/opt/vscodium-bin/resources/app/extensions/git/dist/main.js:2:948359)
	at async t.GitHistoryProvider.onDidRunGitStatus (/opt/vscodium-bin/resources/app/extensions/git/dist/main.js:2:941686)
2024-09-16 21:40:30.068 [error] Error: No such branch: master.
	at N.getBranch (/opt/vscodium-bin/resources/app/extensions/git/dist/main.js:2:937064)
	at async T.retryRun (/opt/vscodium-bin/resources/app/extensions/git/dist/main.js:2:1032765)
	at async T.run (/opt/vscodium-bin/resources/app/extensions/git/dist/main.js:2:1032369)
	at async T.getBranch (/opt/vscodium-bin/resources/app/extensions/git/dist/main.js:2:1020512)
	at async T.getBranchBase (/opt/vscodium-bin/resources/app/extensions/git/dist/main.js:2:1020798)
	at async t.GitHistoryProvider.resolveHEADMergeBase (/opt/vscodium-bin/resources/app/extensions/git/dist/main.js:2:948359)
	at async t.GitHistoryProvider.onDidRunGitStatus (/opt/vscodium-bin/resources/app/extensions/git/dist/main.js:2:941686)
2024-09-16 21:40:44.079 [error] Error: No such branch: master.
	at N.getBranch (/opt/vscodium-bin/resources/app/extensions/git/dist/main.js:2:937064)
	at async T.retryRun (/opt/vscodium-bin/resources/app/extensions/git/dist/main.js:2:1032765)
	at async T.run (/opt/vscodium-bin/resources/app/extensions/git/dist/main.js:2:1032369)
	at async T.getBranch (/opt/vscodium-bin/resources/app/extensions/git/dist/main.js:2:1020512)
	at async T.getBranchBase (/opt/vscodium-bin/resources/app/extensions/git/dist/main.js:2:1020798)
	at async t.GitHistoryProvider.resolveHEADMergeBase (/opt/vscodium-bin/resources/app/extensions/git/dist/main.js:2:948359)
	at async t.GitHistoryProvider.onDidRunGitStatus (/opt/vscodium-bin/resources/app/extensions/git/dist/main.js:2:941686)
2024-09-16 21:41:13.311 [error] Error: No such branch: master.
	at N.getBranch (/opt/vscodium-bin/resources/app/extensions/git/dist/main.js:2:937064)
	at async T.retryRun (/opt/vscodium-bin/resources/app/extensions/git/dist/main.js:2:1032765)
	at async T.run (/opt/vscodium-bin/resources/app/extensions/git/dist/main.js:2:1032369)
	at async T.getBranch (/opt/vscodium-bin/resources/app/extensions/git/dist/main.js:2:1020512)
	at async T.getBranchBase (/opt/vscodium-bin/resources/app/extensions/git/dist/main.js:2:1020798)
	at async t.GitHistoryProvider.resolveHEADMergeBase (/opt/vscodium-bin/resources/app/extensions/git/dist/main.js:2:948359)
	at async t.GitHistoryProvider.onDidRunGitStatus (/opt/vscodium-bin/resources/app/extensions/git/dist/main.js:2:941686)
2024-09-16 21:41:40.524 [error] Error: No such branch: master.
	at N.getBranch (/opt/vscodium-bin/resources/app/extensions/git/dist/main.js:2:937064)
	at async T.retryRun (/opt/vscodium-bin/resources/app/extensions/git/dist/main.js:2:1032765)
	at async T.run (/opt/vscodium-bin/resources/app/extensions/git/dist/main.js:2:1032369)
	at async T.getBranch (/opt/vscodium-bin/resources/app/extensions/git/dist/main.js:2:1020512)
	at async T.getBranchBase (/opt/vscodium-bin/resources/app/extensions/git/dist/main.js:2:1020798)
	at async t.GitHistoryProvider.resolveHEADMergeBase (/opt/vscodium-bin/resources/app/extensions/git/dist/main.js:2:948359)
	at async t.GitHistoryProvider.onDidRunGitStatus (/opt/vscodium-bin/resources/app/extensions/git/dist/main.js:2:941686)
2024-09-16 21:42:01.362 [error] Error: No such branch: master.
	at N.getBranch (/opt/vscodium-bin/resources/app/extensions/git/dist/main.js:2:937064)
	at async T.retryRun (/opt/vscodium-bin/resources/app/extensions/git/dist/main.js:2:1032765)
	at async T.run (/opt/vscodium-bin/resources/app/extensions/git/dist/main.js:2:1032369)
	at async T.getBranch (/opt/vscodium-bin/resources/app/extensions/git/dist/main.js:2:1020512)
	at async T.getBranchBase (/opt/vscodium-bin/resources/app/extensions/git/dist/main.js:2:1020798)
	at async t.GitHistoryProvider.resolveHEADMergeBase (/opt/vscodium-bin/resources/app/extensions/git/dist/main.js:2:948359)
	at async t.GitHistoryProvider.onDidRunGitStatus (/opt/vscodium-bin/resources/app/extensions/git/dist/main.js:2:941686)
2024-09-16 21:42:22.794 [error] Error: No such branch: master.
	at N.getBranch (/opt/vscodium-bin/resources/app/extensions/git/dist/main.js:2:937064)
	at async T.retryRun (/opt/vscodium-bin/resources/app/extensions/git/dist/main.js:2:1032765)
	at async T.run (/opt/vscodium-bin/resources/app/extensions/git/dist/main.js:2:1032369)
	at async T.getBranch (/opt/vscodium-bin/resources/app/extensions/git/dist/main.js:2:1020512)
	at async T.getBranchBase (/opt/vscodium-bin/resources/app/extensions/git/dist/main.js:2:1020798)
	at async t.GitHistoryProvider.resolveHEADMergeBase (/opt/vscodium-bin/resources/app/extensions/git/dist/main.js:2:948359)
	at async t.GitHistoryProvider.onDidRunGitStatus (/opt/vscodium-bin/resources/app/extensions/git/dist/main.js:2:941686)
2024-09-16 21:42:56.738 [error] Error: No such branch: master.
	at N.getBranch (/opt/vscodium-bin/resources/app/extensions/git/dist/main.js:2:937064)
	at async T.retryRun (/opt/vscodium-bin/resources/app/extensions/git/dist/main.js:2:1032765)
	at async T.run (/opt/vscodium-bin/resources/app/extensions/git/dist/main.js:2:1032369)
	at async T.getBranch (/opt/vscodium-bin/resources/app/extensions/git/dist/main.js:2:1020512)
	at async T.getBranchBase (/opt/vscodium-bin/resources/app/extensions/git/dist/main.js:2:1020798)
	at async t.GitHistoryProvider.resolveHEADMergeBase (/opt/vscodium-bin/resources/app/extensions/git/dist/main.js:2:948359)
	at async t.GitHistoryProvider.onDidRunGitStatus (/opt/vscodium-bin/resources/app/extensions/git/dist/main.js:2:941686)
2024-09-16 21:43:31.508 [error] Error: No such branch: master.
	at N.getBranch (/opt/vscodium-bin/resources/app/extensions/git/dist/main.js:2:937064)
	at async T.retryRun (/opt/vscodium-bin/resources/app/extensions/git/dist/main.js:2:1032765)
	at async T.run (/opt/vscodium-bin/resources/app/extensions/git/dist/main.js:2:1032369)
	at async T.getBranch (/opt/vscodium-bin/resources/app/extensions/git/dist/main.js:2:1020512)
	at async T.getBranchBase (/opt/vscodium-bin/resources/app/extensions/git/dist/main.js:2:1020798)
	at async t.GitHistoryProvider.resolveHEADMergeBase (/opt/vscodium-bin/resources/app/extensions/git/dist/main.js:2:948359)
	at async t.GitHistoryProvider.onDidRunGitStatus (/opt/vscodium-bin/resources/app/extensions/git/dist/main.js:2:941686)
2024-09-16 21:43:36.529 [error] Error: No such branch: master.
	at N.getBranch (/opt/vscodium-bin/resources/app/extensions/git/dist/main.js:2:937064)
	at async T.retryRun (/opt/vscodium-bin/resources/app/extensions/git/dist/main.js:2:1032765)
	at async T.run (/opt/vscodium-bin/resources/app/extensions/git/dist/main.js:2:1032369)
	at async T.getBranch (/opt/vscodium-bin/resources/app/extensions/git/dist/main.js:2:1020512)
	at async T.getBranchBase (/opt/vscodium-bin/resources/app/extensions/git/dist/main.js:2:1020798)
	at async t.GitHistoryProvider.resolveHEADMergeBase (/opt/vscodium-bin/resources/app/extensions/git/dist/main.js:2:948359)
	at async t.GitHistoryProvider.onDidRunGitStatus (/opt/vscodium-bin/resources/app/extensions/git/dist/main.js:2:941686)
2024-09-16 21:43:46.773 [error] Error: No such branch: master.
	at N.getBranch (/opt/vscodium-bin/resources/app/extensions/git/dist/main.js:2:937064)
	at async T.retryRun (/opt/vscodium-bin/resources/app/extensions/git/dist/main.js:2:1032765)
	at async T.run (/opt/vscodium-bin/resources/app/extensions/git/dist/main.js:2:1032369)
	at async T.getBranch (/opt/vscodium-bin/resources/app/extensions/git/dist/main.js:2:1020512)
	at async T.getBranchBase (/opt/vscodium-bin/resources/app/extensions/git/dist/main.js:2:1020798)
	at async t.GitHistoryProvider.resolveHEADMergeBase (/opt/vscodium-bin/resources/app/extensions/git/dist/main.js:2:948359)
	at async t.GitHistoryProvider.onDidRunGitStatus (/opt/vscodium-bin/resources/app/extensions/git/dist/main.js:2:941686)
2024-09-16 21:43:51.795 [error] Error: No such branch: master.
	at N.getBranch (/opt/vscodium-bin/resources/app/extensions/git/dist/main.js:2:937064)
	at async T.retryRun (/opt/vscodium-bin/resources/app/extensions/git/dist/main.js:2:1032765)
	at async T.run (/opt/vscodium-bin/resources/app/extensions/git/dist/main.js:2:1032369)
	at async T.getBranch (/opt/vscodium-bin/resources/app/extensions/git/dist/main.js:2:1020512)
	at async T.getBranchBase (/opt/vscodium-bin/resources/app/extensions/git/dist/main.js:2:1020798)
	at async t.GitHistoryProvider.resolveHEADMergeBase (/opt/vscodium-bin/resources/app/extensions/git/dist/main.js:2:948359)
	at async t.GitHistoryProvider.onDidRunGitStatus (/opt/vscodium-bin/resources/app/extensions/git/dist/main.js:2:941686)
2024-09-16 21:43:58.497 [error] Error: No such branch: master.
	at N.getBranch (/opt/vscodium-bin/resources/app/extensions/git/dist/main.js:2:937064)
	at async T.retryRun (/opt/vscodium-bin/resources/app/extensions/git/dist/main.js:2:1032765)
	at async T.run (/opt/vscodium-bin/resources/app/extensions/git/dist/main.js:2:1032369)
	at async T.getBranch (/opt/vscodium-bin/resources/app/extensions/git/dist/main.js:2:1020512)
	at async T.getBranchBase (/opt/vscodium-bin/resources/app/extensions/git/dist/main.js:2:1020798)
	at async t.GitHistoryProvider.resolveHEADMergeBase (/opt/vscodium-bin/resources/app/extensions/git/dist/main.js:2:948359)
	at async t.GitHistoryProvider.onDidRunGitStatus (/opt/vscodium-bin/resources/app/extensions/git/dist/main.js:2:941686)
2024-09-16 21:44:03.519 [error] Error: No such branch: master.
	at N.getBranch (/opt/vscodium-bin/resources/app/extensions/git/dist/main.js:2:937064)
	at async T.retryRun (/opt/vscodium-bin/resources/app/extensions/git/dist/main.js:2:1032765)
	at async T.run (/opt/vscodium-bin/resources/app/extensions/git/dist/main.js:2:1032369)
	at async T.getBranch (/opt/vscodium-bin/resources/app/extensions/git/dist/main.js:2:1020512)
	at async T.getBranchBase (/opt/vscodium-bin/resources/app/extensions/git/dist/main.js:2:1020798)
	at async t.GitHistoryProvider.resolveHEADMergeBase (/opt/vscodium-bin/resources/app/extensions/git/dist/main.js:2:948359)
	at async t.GitHistoryProvider.onDidRunGitStatus (/opt/vscodium-bin/resources/app/extensions/git/dist/main.js:2:941686)
2024-09-16 21:45:28.471 [error] Error: No such branch: master.
	at N.getBranch (/opt/vscodium-bin/resources/app/extensions/git/dist/main.js:2:937064)
	at process.processTicksAndRejections (node:internal/process/task_queues:95:5)
	at async T.retryRun (/opt/vscodium-bin/resources/app/extensions/git/dist/main.js:2:1032765)
	at async T.run (/opt/vscodium-bin/resources/app/extensions/git/dist/main.js:2:1032369)
	at async T.getBranch (/opt/vscodium-bin/resources/app/extensions/git/dist/main.js:2:1020512)
	at async T.getBranchBase (/opt/vscodium-bin/resources/app/extensions/git/dist/main.js:2:1020798)
	at async t.GitHistoryProvider.resolveHEADMergeBase (/opt/vscodium-bin/resources/app/extensions/git/dist/main.js:2:948359)
	at async t.GitHistoryProvider.onDidRunGitStatus (/opt/vscodium-bin/resources/app/extensions/git/dist/main.js:2:941686)
2024-09-16 21:45:33.495 [error] Error: No such branch: master.
	at N.getBranch (/opt/vscodium-bin/resources/app/extensions/git/dist/main.js:2:937064)
	at async T.retryRun (/opt/vscodium-bin/resources/app/extensions/git/dist/main.js:2:1032765)
	at async T.run (/opt/vscodium-bin/resources/app/extensions/git/dist/main.js:2:1032369)
	at async T.getBranch (/opt/vscodium-bin/resources/app/extensions/git/dist/main.js:2:1020512)
	at async T.getBranchBase (/opt/vscodium-bin/resources/app/extensions/git/dist/main.js:2:1020798)
	at async t.GitHistoryProvider.resolveHEADMergeBase (/opt/vscodium-bin/resources/app/extensions/git/dist/main.js:2:948359)
	at async t.GitHistoryProvider.onDidRunGitStatus (/opt/vscodium-bin/resources/app/extensions/git/dist/main.js:2:941686)
2024-09-16 21:46:57.113 [error] Error: No such branch: master.
	at N.getBranch (/opt/vscodium-bin/resources/app/extensions/git/dist/main.js:2:937064)
	at async T.retryRun (/opt/vscodium-bin/resources/app/extensions/git/dist/main.js:2:1032765)
	at async T.run (/opt/vscodium-bin/resources/app/extensions/git/dist/main.js:2:1032369)
	at async T.getBranch (/opt/vscodium-bin/resources/app/extensions/git/dist/main.js:2:1020512)
	at async T.getBranchBase (/opt/vscodium-bin/resources/app/extensions/git/dist/main.js:2:1020798)
	at async t.GitHistoryProvider.resolveHEADMergeBase (/opt/vscodium-bin/resources/app/extensions/git/dist/main.js:2:948359)
	at async t.GitHistoryProvider.onDidRunGitStatus (/opt/vscodium-bin/resources/app/extensions/git/dist/main.js:2:941686)
2024-09-16 21:47:04.021 [error] Error: No such branch: master.
	at N.getBranch (/opt/vscodium-bin/resources/app/extensions/git/dist/main.js:2:937064)
	at async T.retryRun (/opt/vscodium-bin/resources/app/extensions/git/dist/main.js:2:1032765)
	at async T.run (/opt/vscodium-bin/resources/app/extensions/git/dist/main.js:2:1032369)
	at async T.getBranch (/opt/vscodium-bin/resources/app/extensions/git/dist/main.js:2:1020512)
	at async T.getBranchBase (/opt/vscodium-bin/resources/app/extensions/git/dist/main.js:2:1020798)
	at async t.GitHistoryProvider.resolveHEADMergeBase (/opt/vscodium-bin/resources/app/extensions/git/dist/main.js:2:948359)
	at async t.GitHistoryProvider.onDidRunGitStatus (/opt/vscodium-bin/resources/app/extensions/git/dist/main.js:2:941686)
2024-09-16 21:48:19.506 [error] Error: No such branch: master.
	at N.getBranch (/opt/vscodium-bin/resources/app/extensions/git/dist/main.js:2:937064)
	at async T.retryRun (/opt/vscodium-bin/resources/app/extensions/git/dist/main.js:2:1032765)
	at async T.run (/opt/vscodium-bin/resources/app/extensions/git/dist/main.js:2:1032369)
	at async T.getBranch (/opt/vscodium-bin/resources/app/extensions/git/dist/main.js:2:1020512)
	at async T.getBranchBase (/opt/vscodium-bin/resources/app/extensions/git/dist/main.js:2:1020798)
	at async t.GitHistoryProvider.resolveHEADMergeBase (/opt/vscodium-bin/resources/app/extensions/git/dist/main.js:2:948359)
	at async t.GitHistoryProvider.onDidRunGitStatus (/opt/vscodium-bin/resources/app/extensions/git/dist/main.js:2:941686)
2024-09-16 21:48:24.532 [error] Error: No such branch: master.
	at N.getBranch (/opt/vscodium-bin/resources/app/extensions/git/dist/main.js:2:937064)
	at async T.retryRun (/opt/vscodium-bin/resources/app/extensions/git/dist/main.js:2:1032765)
	at async T.run (/opt/vscodium-bin/resources/app/extensions/git/dist/main.js:2:1032369)
	at async T.getBranch (/opt/vscodium-bin/resources/app/extensions/git/dist/main.js:2:1020512)
	at async T.getBranchBase (/opt/vscodium-bin/resources/app/extensions/git/dist/main.js:2:1020798)
	at async t.GitHistoryProvider.resolveHEADMergeBase (/opt/vscodium-bin/resources/app/extensions/git/dist/main.js:2:948359)
	at async t.GitHistoryProvider.onDidRunGitStatus (/opt/vscodium-bin/resources/app/extensions/git/dist/main.js:2:941686)
2024-09-16 21:48:52.507 [error] Error: No such branch: master.
	at N.getBranch (/opt/vscodium-bin/resources/app/extensions/git/dist/main.js:2:937064)
	at async T.retryRun (/opt/vscodium-bin/resources/app/extensions/git/dist/main.js:2:1032765)
	at async T.run (/opt/vscodium-bin/resources/app/extensions/git/dist/main.js:2:1032369)
	at async T.getBranch (/opt/vscodium-bin/resources/app/extensions/git/dist/main.js:2:1020512)
	at async T.getBranchBase (/opt/vscodium-bin/resources/app/extensions/git/dist/main.js:2:1020798)
	at async t.GitHistoryProvider.resolveHEADMergeBase (/opt/vscodium-bin/resources/app/extensions/git/dist/main.js:2:948359)
	at async t.GitHistoryProvider.onDidRunGitStatus (/opt/vscodium-bin/resources/app/extensions/git/dist/main.js:2:941686)
2024-09-16 21:48:57.525 [error] Error: No such branch: master.
	at N.getBranch (/opt/vscodium-bin/resources/app/extensions/git/dist/main.js:2:937064)
	at async T.retryRun (/opt/vscodium-bin/resources/app/extensions/git/dist/main.js:2:1032765)
	at async T.run (/opt/vscodium-bin/resources/app/extensions/git/dist/main.js:2:1032369)
	at async T.getBranch (/opt/vscodium-bin/resources/app/extensions/git/dist/main.js:2:1020512)
	at async T.getBranchBase (/opt/vscodium-bin/resources/app/extensions/git/dist/main.js:2:1020798)
	at async t.GitHistoryProvider.resolveHEADMergeBase (/opt/vscodium-bin/resources/app/extensions/git/dist/main.js:2:948359)
	at async t.GitHistoryProvider.onDidRunGitStatus (/opt/vscodium-bin/resources/app/extensions/git/dist/main.js:2:941686)
2024-09-16 22:37:12.861 [error] Error: No such branch: master.
	at N.getBranch (/opt/vscodium-bin/resources/app/extensions/git/dist/main.js:2:937064)
	at async T.retryRun (/opt/vscodium-bin/resources/app/extensions/git/dist/main.js:2:1032765)
	at async T.run (/opt/vscodium-bin/resources/app/extensions/git/dist/main.js:2:1032369)
	at async T.getBranch (/opt/vscodium-bin/resources/app/extensions/git/dist/main.js:2:1020512)
	at async T.getBranchBase (/opt/vscodium-bin/resources/app/extensions/git/dist/main.js:2:1020798)
	at async t.GitHistoryProvider.resolveHEADMergeBase (/opt/vscodium-bin/resources/app/extensions/git/dist/main.js:2:948359)
	at async t.GitHistoryProvider.onDidRunGitStatus (/opt/vscodium-bin/resources/app/extensions/git/dist/main.js:2:941686)
2024-09-16 22:37:17.884 [error] Error: No such branch: master.
	at N.getBranch (/opt/vscodium-bin/resources/app/extensions/git/dist/main.js:2:937064)
	at process.processTicksAndRejections (node:internal/process/task_queues:95:5)
	at async T.retryRun (/opt/vscodium-bin/resources/app/extensions/git/dist/main.js:2:1032765)
	at async T.run (/opt/vscodium-bin/resources/app/extensions/git/dist/main.js:2:1032369)
	at async T.getBranch (/opt/vscodium-bin/resources/app/extensions/git/dist/main.js:2:1020512)
	at async T.getBranchBase (/opt/vscodium-bin/resources/app/extensions/git/dist/main.js:2:1020798)
	at async t.GitHistoryProvider.resolveHEADMergeBase (/opt/vscodium-bin/resources/app/extensions/git/dist/main.js:2:948359)
	at async t.GitHistoryProvider.onDidRunGitStatus (/opt/vscodium-bin/resources/app/extensions/git/dist/main.js:2:941686)
2024-09-16 22:38:06.267 [error] Error: No such branch: master.
	at N.getBranch (/opt/vscodium-bin/resources/app/extensions/git/dist/main.js:2:937064)
	at async T.retryRun (/opt/vscodium-bin/resources/app/extensions/git/dist/main.js:2:1032765)
	at async T.run (/opt/vscodium-bin/resources/app/extensions/git/dist/main.js:2:1032369)
	at async T.getBranch (/opt/vscodium-bin/resources/app/extensions/git/dist/main.js:2:1020512)
	at async T.getBranchBase (/opt/vscodium-bin/resources/app/extensions/git/dist/main.js:2:1020798)
	at async t.GitHistoryProvider.resolveHEADMergeBase (/opt/vscodium-bin/resources/app/extensions/git/dist/main.js:2:948359)
	at async t.GitHistoryProvider.onDidRunGitStatus (/opt/vscodium-bin/resources/app/extensions/git/dist/main.js:2:941686)
2024-09-16 22:38:11.296 [error] Error: No such branch: master.
	at N.getBranch (/opt/vscodium-bin/resources/app/extensions/git/dist/main.js:2:937064)
	at async T.retryRun (/opt/vscodium-bin/resources/app/extensions/git/dist/main.js:2:1032765)
	at async T.run (/opt/vscodium-bin/resources/app/extensions/git/dist/main.js:2:1032369)
	at async T.getBranch (/opt/vscodium-bin/resources/app/extensions/git/dist/main.js:2:1020512)
	at async T.getBranchBase (/opt/vscodium-bin/resources/app/extensions/git/dist/main.js:2:1020798)
	at async t.GitHistoryProvider.resolveHEADMergeBase (/opt/vscodium-bin/resources/app/extensions/git/dist/main.js:2:948359)
	at async t.GitHistoryProvider.onDidRunGitStatus (/opt/vscodium-bin/resources/app/extensions/git/dist/main.js:2:941686)
2024-09-16 22:39:08.091 [error] Error: No such branch: master.
	at N.getBranch (/opt/vscodium-bin/resources/app/extensions/git/dist/main.js:2:937064)
	at async T.retryRun (/opt/vscodium-bin/resources/app/extensions/git/dist/main.js:2:1032765)
	at async T.run (/opt/vscodium-bin/resources/app/extensions/git/dist/main.js:2:1032369)
	at async T.getBranch (/opt/vscodium-bin/resources/app/extensions/git/dist/main.js:2:1020512)
	at async T.getBranchBase (/opt/vscodium-bin/resources/app/extensions/git/dist/main.js:2:1020798)
	at async t.GitHistoryProvider.resolveHEADMergeBase (/opt/vscodium-bin/resources/app/extensions/git/dist/main.js:2:948359)
	at async t.GitHistoryProvider.onDidRunGitStatus (/opt/vscodium-bin/resources/app/extensions/git/dist/main.js:2:941686)
2024-09-16 22:39:16.487 [error] Error: No such branch: master.
	at N.getBranch (/opt/vscodium-bin/resources/app/extensions/git/dist/main.js:2:937064)
	at async T.retryRun (/opt/vscodium-bin/resources/app/extensions/git/dist/main.js:2:1032765)
	at async T.run (/opt/vscodium-bin/resources/app/extensions/git/dist/main.js:2:1032369)
	at async T.getBranch (/opt/vscodium-bin/resources/app/extensions/git/dist/main.js:2:1020512)
	at async T.getBranchBase (/opt/vscodium-bin/resources/app/extensions/git/dist/main.js:2:1020798)
	at async t.GitHistoryProvider.resolveHEADMergeBase (/opt/vscodium-bin/resources/app/extensions/git/dist/main.js:2:948359)
	at async t.GitHistoryProvider.onDidRunGitStatus (/opt/vscodium-bin/resources/app/extensions/git/dist/main.js:2:941686)
2024-09-16 22:39:26.049 [error] Error: No such branch: master.
	at N.getBranch (/opt/vscodium-bin/resources/app/extensions/git/dist/main.js:2:937064)
	at async T.retryRun (/opt/vscodium-bin/resources/app/extensions/git/dist/main.js:2:1032765)
	at async T.run (/opt/vscodium-bin/resources/app/extensions/git/dist/main.js:2:1032369)
	at async T.getBranch (/opt/vscodium-bin/resources/app/extensions/git/dist/main.js:2:1020512)
	at async T.getBranchBase (/opt/vscodium-bin/resources/app/extensions/git/dist/main.js:2:1020798)
	at async t.GitHistoryProvider.resolveHEADMergeBase (/opt/vscodium-bin/resources/app/extensions/git/dist/main.js:2:948359)
	at async t.GitHistoryProvider.onDidRunGitStatus (/opt/vscodium-bin/resources/app/extensions/git/dist/main.js:2:941686)
2024-09-16 22:39:31.076 [error] Error: No such branch: master.
	at N.getBranch (/opt/vscodium-bin/resources/app/extensions/git/dist/main.js:2:937064)
	at async T.retryRun (/opt/vscodium-bin/resources/app/extensions/git/dist/main.js:2:1032765)
	at async T.run (/opt/vscodium-bin/resources/app/extensions/git/dist/main.js:2:1032369)
	at async T.getBranch (/opt/vscodium-bin/resources/app/extensions/git/dist/main.js:2:1020512)
	at async T.getBranchBase (/opt/vscodium-bin/resources/app/extensions/git/dist/main.js:2:1020798)
	at async t.GitHistoryProvider.resolveHEADMergeBase (/opt/vscodium-bin/resources/app/extensions/git/dist/main.js:2:948359)
	at async t.GitHistoryProvider.onDidRunGitStatus (/opt/vscodium-bin/resources/app/extensions/git/dist/main.js:2:941686)
2024-09-16 22:40:16.839 [error] Error: No such branch: master.
	at N.getBranch (/opt/vscodium-bin/resources/app/extensions/git/dist/main.js:2:937064)
	at async T.retryRun (/opt/vscodium-bin/resources/app/extensions/git/dist/main.js:2:1032765)
	at async T.run (/opt/vscodium-bin/resources/app/extensions/git/dist/main.js:2:1032369)
	at async T.getBranch (/opt/vscodium-bin/resources/app/extensions/git/dist/main.js:2:1020512)
	at async T.getBranchBase (/opt/vscodium-bin/resources/app/extensions/git/dist/main.js:2:1020798)
	at async t.GitHistoryProvider.resolveHEADMergeBase (/opt/vscodium-bin/resources/app/extensions/git/dist/main.js:2:948359)
	at async t.GitHistoryProvider.onDidRunGitStatus (/opt/vscodium-bin/resources/app/extensions/git/dist/main.js:2:941686)
2024-09-16 22:40:21.863 [error] Error: No such branch: master.
	at N.getBranch (/opt/vscodium-bin/resources/app/extensions/git/dist/main.js:2:937064)
	at async T.retryRun (/opt/vscodium-bin/resources/app/extensions/git/dist/main.js:2:1032765)
	at async T.run (/opt/vscodium-bin/resources/app/extensions/git/dist/main.js:2:1032369)
	at async T.getBranch (/opt/vscodium-bin/resources/app/extensions/git/dist/main.js:2:1020512)
	at async T.getBranchBase (/opt/vscodium-bin/resources/app/extensions/git/dist/main.js:2:1020798)
	at async t.GitHistoryProvider.resolveHEADMergeBase (/opt/vscodium-bin/resources/app/extensions/git/dist/main.js:2:948359)
	at async t.GitHistoryProvider.onDidRunGitStatus (/opt/vscodium-bin/resources/app/extensions/git/dist/main.js:2:941686)
2024-09-16 22:41:48.610 [error] Error: No such branch: master.
	at N.getBranch (/opt/vscodium-bin/resources/app/extensions/git/dist/main.js:2:937064)
	at async T.retryRun (/opt/vscodium-bin/resources/app/extensions/git/dist/main.js:2:1032765)
	at async T.run (/opt/vscodium-bin/resources/app/extensions/git/dist/main.js:2:1032369)
	at async T.getBranch (/opt/vscodium-bin/resources/app/extensions/git/dist/main.js:2:1020512)
	at async T.getBranchBase (/opt/vscodium-bin/resources/app/extensions/git/dist/main.js:2:1020798)
	at async t.GitHistoryProvider.resolveHEADMergeBase (/opt/vscodium-bin/resources/app/extensions/git/dist/main.js:2:948359)
	at async t.GitHistoryProvider.onDidRunGitStatus (/opt/vscodium-bin/resources/app/extensions/git/dist/main.js:2:941686)
2024-09-16 22:41:53.630 [error] Error: No such branch: master.
	at N.getBranch (/opt/vscodium-bin/resources/app/extensions/git/dist/main.js:2:937064)
	at async T.retryRun (/opt/vscodium-bin/resources/app/extensions/git/dist/main.js:2:1032765)
	at async T.run (/opt/vscodium-bin/resources/app/extensions/git/dist/main.js:2:1032369)
	at async T.getBranch (/opt/vscodium-bin/resources/app/extensions/git/dist/main.js:2:1020512)
	at async T.getBranchBase (/opt/vscodium-bin/resources/app/extensions/git/dist/main.js:2:1020798)
	at async t.GitHistoryProvider.resolveHEADMergeBase (/opt/vscodium-bin/resources/app/extensions/git/dist/main.js:2:948359)
	at async t.GitHistoryProvider.onDidRunGitStatus (/opt/vscodium-bin/resources/app/extensions/git/dist/main.js:2:941686)
2024-09-16 22:42:49.515 [error] Error: No such branch: master.
	at N.getBranch (/opt/vscodium-bin/resources/app/extensions/git/dist/main.js:2:937064)
	at async T.retryRun (/opt/vscodium-bin/resources/app/extensions/git/dist/main.js:2:1032765)
	at async T.run (/opt/vscodium-bin/resources/app/extensions/git/dist/main.js:2:1032369)
	at async T.getBranch (/opt/vscodium-bin/resources/app/extensions/git/dist/main.js:2:1020512)
	at async T.getBranchBase (/opt/vscodium-bin/resources/app/extensions/git/dist/main.js:2:1020798)
	at async t.GitHistoryProvider.resolveHEADMergeBase (/opt/vscodium-bin/resources/app/extensions/git/dist/main.js:2:948359)
	at async t.GitHistoryProvider.onDidRunGitStatus (/opt/vscodium-bin/resources/app/extensions/git/dist/main.js:2:941686)
2024-09-16 22:42:54.536 [error] Error: No such branch: master.
	at N.getBranch (/opt/vscodium-bin/resources/app/extensions/git/dist/main.js:2:937064)
	at async T.retryRun (/opt/vscodium-bin/resources/app/extensions/git/dist/main.js:2:1032765)
	at async T.run (/opt/vscodium-bin/resources/app/extensions/git/dist/main.js:2:1032369)
	at async T.getBranch (/opt/vscodium-bin/resources/app/extensions/git/dist/main.js:2:1020512)
	at async T.getBranchBase (/opt/vscodium-bin/resources/app/extensions/git/dist/main.js:2:1020798)
	at async t.GitHistoryProvider.resolveHEADMergeBase (/opt/vscodium-bin/resources/app/extensions/git/dist/main.js:2:948359)
	at async t.GitHistoryProvider.onDidRunGitStatus (/opt/vscodium-bin/resources/app/extensions/git/dist/main.js:2:941686)
2024-09-16 22:44:11.951 [error] Error: No such branch: master.
	at N.getBranch (/opt/vscodium-bin/resources/app/extensions/git/dist/main.js:2:937064)
	at async T.retryRun (/opt/vscodium-bin/resources/app/extensions/git/dist/main.js:2:1032765)
	at async T.run (/opt/vscodium-bin/resources/app/extensions/git/dist/main.js:2:1032369)
	at async T.getBranch (/opt/vscodium-bin/resources/app/extensions/git/dist/main.js:2:1020512)
	at async T.getBranchBase (/opt/vscodium-bin/resources/app/extensions/git/dist/main.js:2:1020798)
	at async t.GitHistoryProvider.resolveHEADMergeBase (/opt/vscodium-bin/resources/app/extensions/git/dist/main.js:2:948359)
	at async t.GitHistoryProvider.onDidRunGitStatus (/opt/vscodium-bin/resources/app/extensions/git/dist/main.js:2:941686)
2024-09-16 22:44:16.972 [error] Error: No such branch: master.
	at N.getBranch (/opt/vscodium-bin/resources/app/extensions/git/dist/main.js:2:937064)
	at async T.retryRun (/opt/vscodium-bin/resources/app/extensions/git/dist/main.js:2:1032765)
	at async T.run (/opt/vscodium-bin/resources/app/extensions/git/dist/main.js:2:1032369)
	at async T.getBranch (/opt/vscodium-bin/resources/app/extensions/git/dist/main.js:2:1020512)
	at async T.getBranchBase (/opt/vscodium-bin/resources/app/extensions/git/dist/main.js:2:1020798)
	at async t.GitHistoryProvider.resolveHEADMergeBase (/opt/vscodium-bin/resources/app/extensions/git/dist/main.js:2:948359)
	at async t.GitHistoryProvider.onDidRunGitStatus (/opt/vscodium-bin/resources/app/extensions/git/dist/main.js:2:941686)
2024-09-16 22:45:31.894 [error] Error: No such branch: master.
	at N.getBranch (/opt/vscodium-bin/resources/app/extensions/git/dist/main.js:2:937064)
	at async T.retryRun (/opt/vscodium-bin/resources/app/extensions/git/dist/main.js:2:1032765)
	at async T.run (/opt/vscodium-bin/resources/app/extensions/git/dist/main.js:2:1032369)
	at async T.getBranch (/opt/vscodium-bin/resources/app/extensions/git/dist/main.js:2:1020512)
	at async T.getBranchBase (/opt/vscodium-bin/resources/app/extensions/git/dist/main.js:2:1020798)
	at async t.GitHistoryProvider.resolveHEADMergeBase (/opt/vscodium-bin/resources/app/extensions/git/dist/main.js:2:948359)
	at async t.GitHistoryProvider.onDidRunGitStatus (/opt/vscodium-bin/resources/app/extensions/git/dist/main.js:2:941686)
2024-09-16 22:45:46.579 [error] Error: No such branch: master.
	at N.getBranch (/opt/vscodium-bin/resources/app/extensions/git/dist/main.js:2:937064)
	at async T.retryRun (/opt/vscodium-bin/resources/app/extensions/git/dist/main.js:2:1032765)
	at async T.run (/opt/vscodium-bin/resources/app/extensions/git/dist/main.js:2:1032369)
	at async T.getBranch (/opt/vscodium-bin/resources/app/extensions/git/dist/main.js:2:1020512)
	at async T.getBranchBase (/opt/vscodium-bin/resources/app/extensions/git/dist/main.js:2:1020798)
	at async t.GitHistoryProvider.resolveHEADMergeBase (/opt/vscodium-bin/resources/app/extensions/git/dist/main.js:2:948359)
	at async t.GitHistoryProvider.onDidRunGitStatus (/opt/vscodium-bin/resources/app/extensions/git/dist/main.js:2:941686)
2024-09-16 22:45:52.875 [error] Error: No such branch: master.
	at N.getBranch (/opt/vscodium-bin/resources/app/extensions/git/dist/main.js:2:937064)
	at async T.retryRun (/opt/vscodium-bin/resources/app/extensions/git/dist/main.js:2:1032765)
	at async T.run (/opt/vscodium-bin/resources/app/extensions/git/dist/main.js:2:1032369)
	at async T.getBranch (/opt/vscodium-bin/resources/app/extensions/git/dist/main.js:2:1020512)
	at async T.getBranchBase (/opt/vscodium-bin/resources/app/extensions/git/dist/main.js:2:1020798)
	at async t.GitHistoryProvider.resolveHEADMergeBase (/opt/vscodium-bin/resources/app/extensions/git/dist/main.js:2:948359)
	at async t.GitHistoryProvider.onDidRunGitStatus (/opt/vscodium-bin/resources/app/extensions/git/dist/main.js:2:941686)
