2024-09-17 13:59:00.584 [info] [main] Log level: Info
2024-09-17 13:59:00.584 [info] [main] Validating found git in: "git"
2024-09-17 13:59:00.584 [info] [main] Using git "2.46.0" from "git"
2024-09-17 13:59:00.584 [info] [Model][doInitialScan] Initial repository scan started
2024-09-17 13:59:00.584 [info] > git rev-parse --show-toplevel [2ms]
2024-09-17 13:59:00.584 [info] > git rev-parse --git-dir --git-common-dir [1ms]
2024-09-17 13:59:00.584 [info] [Model][openRepository] Opened repository: /home/arch/Projects/Rust/voice
2024-09-17 13:59:00.585 [info] > git rev-parse --show-toplevel [72ms]
2024-09-17 13:59:00.585 [info] > git config --get commit.template [75ms]
2024-09-17 13:59:00.622 [info] [Git][getRemotes] No remotes found in the git config file
2024-09-17 13:59:00.623 [info] > git rev-parse --show-toplevel [11ms]
2024-09-17 13:59:00.627 [info] > git for-each-ref --format=%(refname)%00%(upstream:short)%00%(objectname)%00%(upstream:track)%00%(upstream:remotename)%00%(upstream:remoteref) refs/heads/master refs/remotes/master [5ms]
2024-09-17 13:59:00.627 [warning] [Git][getBranch] No such branch: master
2024-09-17 13:59:00.632 [info] > git rev-parse --show-toplevel [6ms]
2024-09-17 13:59:00.644 [info] > git status -z -uall [13ms]
2024-09-17 13:59:00.658 [info] > git for-each-ref --format=%(refname)%00%(upstream:short)%00%(objectname)%00%(upstream:track)%00%(upstream:remotename)%00%(upstream:remoteref) refs/heads/master refs/remotes/master [9ms]
2024-09-17 13:59:00.658 [warning] [Git][getBranch] No such branch: master
2024-09-17 13:59:00.658 [info] > git rev-parse --show-toplevel [15ms]
2024-09-17 13:59:00.664 [info] > git config --get commit.template [6ms]
2024-09-17 13:59:00.667 [info] [Git][getRemotes] No remotes found in the git config file
2024-09-17 13:59:00.668 [info] > git rev-parse --show-toplevel [4ms]
2024-09-17 13:59:00.672 [info] > git for-each-ref --format=%(refname)%00%(upstream:short)%00%(objectname)%00%(upstream:track)%00%(upstream:remotename)%00%(upstream:remoteref) refs/heads/master refs/remotes/master [5ms]
2024-09-17 13:59:00.672 [warning] [Git][getBranch] No such branch: master
2024-09-17 13:59:00.675 [info] > git rev-parse --show-toplevel [4ms]
2024-09-17 13:59:00.675 [info] [Model][doInitialScan] Initial repository scan completed - repositories (1), closed repositories (0), parent repositories (0), unsafe repositories (0)
2024-09-17 13:59:00.676 [info] > git status -z -uall [1ms]
2024-09-17 13:59:00.681 [info] > git for-each-ref --format=%(refname)%00%(upstream:short)%00%(objectname)%00%(upstream:track)%00%(upstream:remotename)%00%(upstream:remoteref) refs/heads/master refs/remotes/master [2ms]
2024-09-17 13:59:00.681 [warning] [Git][getBranch] No such branch: master
2024-09-17 13:59:00.995 [info] > git show --textconv :src/audio.rs [4ms]
2024-09-17 13:59:00.996 [info] > git ls-files --stage -- /home/arch/Projects/Rust/voice/src/audio.rs [1ms]
2024-09-17 13:59:01.088 [info] > git check-ignore -v -z --stdin [1ms]
2024-09-17 13:59:02.865 [info] [Git][getRemotes] No remotes found in the git config file
2024-09-17 13:59:02.865 [info] > git config --get commit.template [3ms]
2024-09-17 13:59:02.866 [info] > git for-each-ref --format=%(refname)%00%(upstream:short)%00%(objectname)%00%(upstream:track)%00%(upstream:remotename)%00%(upstream:remoteref) refs/heads/master refs/remotes/master [1ms]
2024-09-17 13:59:02.866 [warning] [Git][getBranch] No such branch: master
2024-09-17 13:59:02.869 [info] > git status -z -uall [1ms]
2024-09-17 13:59:02.873 [info] > git for-each-ref --format=%(refname)%00%(upstream:short)%00%(objectname)%00%(upstream:track)%00%(upstream:remotename)%00%(upstream:remoteref) refs/heads/master refs/remotes/master [0ms]
2024-09-17 13:59:02.873 [warning] [Git][getBranch] No such branch: master
2024-09-17 13:59:02.908 [info] > git ls-files --stage -- /home/arch/Projects/Rust/voice/src/audio.rs [0ms]
2024-09-17 13:59:02.916 [info] > git show --textconv :src/audio.rs [1ms]
2024-09-17 14:00:51.344 [info] [Git][getRemotes] No remotes found in the git config file
2024-09-17 14:00:51.345 [info] > git config --get commit.template [4ms]
2024-09-17 14:00:51.345 [info] > git for-each-ref --format=%(refname)%00%(upstream:short)%00%(objectname)%00%(upstream:track)%00%(upstream:remotename)%00%(upstream:remoteref) refs/heads/master refs/remotes/master [1ms]
2024-09-17 14:00:51.345 [warning] [Git][getBranch] No such branch: master
2024-09-17 14:00:51.349 [info] > git status -z -uall [1ms]
2024-09-17 14:00:51.354 [info] > git for-each-ref --format=%(refname)%00%(upstream:short)%00%(objectname)%00%(upstream:track)%00%(upstream:remotename)%00%(upstream:remoteref) refs/heads/master refs/remotes/master [1ms]
2024-09-17 14:00:51.354 [warning] [Git][getBranch] No such branch: master
2024-09-17 14:00:56.364 [info] [Git][getRemotes] No remotes found in the git config file
2024-09-17 14:00:56.365 [info] > git config --get commit.template [5ms]
2024-09-17 14:00:56.365 [info] > git for-each-ref --format=%(refname)%00%(upstream:short)%00%(objectname)%00%(upstream:track)%00%(upstream:remotename)%00%(upstream:remoteref) refs/heads/master refs/remotes/master [1ms]
2024-09-17 14:00:56.365 [warning] [Git][getBranch] No such branch: master
2024-09-17 14:00:56.370 [info] > git status -z -uall [1ms]
2024-09-17 14:00:56.376 [info] > git for-each-ref --format=%(refname)%00%(upstream:short)%00%(objectname)%00%(upstream:track)%00%(upstream:remotename)%00%(upstream:remoteref) refs/heads/master refs/remotes/master [2ms]
2024-09-17 14:00:56.376 [warning] [Git][getBranch] No such branch: master
2024-09-17 14:01:03.116 [info] [Git][getRemotes] No remotes found in the git config file
2024-09-17 14:01:03.116 [info] > git config --get commit.template [4ms]
2024-09-17 14:01:03.116 [info] > git for-each-ref --format=%(refname)%00%(upstream:short)%00%(objectname)%00%(upstream:track)%00%(upstream:remotename)%00%(upstream:remoteref) refs/heads/master refs/remotes/master [1ms]
2024-09-17 14:01:03.116 [warning] [Git][getBranch] No such branch: master
2024-09-17 14:01:03.121 [info] > git status -z -uall [1ms]
2024-09-17 14:01:03.126 [info] > git for-each-ref --format=%(refname)%00%(upstream:short)%00%(objectname)%00%(upstream:track)%00%(upstream:remotename)%00%(upstream:remoteref) refs/heads/master refs/remotes/master [1ms]
2024-09-17 14:01:03.126 [warning] [Git][getBranch] No such branch: master
2024-09-17 14:01:04.633 [info] > git show --textconv :src/text_to_speech.rs [3ms]
2024-09-17 14:01:04.633 [info] > git ls-files --stage -- /home/arch/Projects/Rust/voice/src/text_to_speech.rs [1ms]
2024-09-17 14:01:04.905 [info] > git check-ignore -v -z --stdin [1ms]
2024-09-17 14:01:08.136 [info] [Git][getRemotes] No remotes found in the git config file
2024-09-17 14:01:08.136 [info] > git config --get commit.template [4ms]
2024-09-17 14:01:08.136 [info] > git for-each-ref --format=%(refname)%00%(upstream:short)%00%(objectname)%00%(upstream:track)%00%(upstream:remotename)%00%(upstream:remoteref) refs/heads/master refs/remotes/master [0ms]
2024-09-17 14:01:08.136 [warning] [Git][getBranch] No such branch: master
2024-09-17 14:01:08.140 [info] > git status -z -uall [1ms]
2024-09-17 14:01:08.145 [info] > git for-each-ref --format=%(refname)%00%(upstream:short)%00%(objectname)%00%(upstream:track)%00%(upstream:remotename)%00%(upstream:remoteref) refs/heads/master refs/remotes/master [1ms]
2024-09-17 14:01:08.145 [warning] [Git][getBranch] No such branch: master
2024-09-17 14:01:33.307 [info] > git show --textconv :src/main.rs [4ms]
2024-09-17 14:01:33.308 [info] > git ls-files --stage -- /home/arch/Projects/Rust/voice/src/main.rs [1ms]
2024-09-17 14:01:47.098 [info] [Git][getRemotes] No remotes found in the git config file
2024-09-17 14:01:47.098 [info] > git config --get commit.template [4ms]
2024-09-17 14:01:47.099 [info] > git for-each-ref --format=%(refname)%00%(upstream:short)%00%(objectname)%00%(upstream:track)%00%(upstream:remotename)%00%(upstream:remoteref) refs/heads/master refs/remotes/master [1ms]
2024-09-17 14:01:47.099 [warning] [Git][getBranch] No such branch: master
2024-09-17 14:01:47.102 [info] > git status -z -uall [0ms]
2024-09-17 14:01:47.107 [info] > git for-each-ref --format=%(refname)%00%(upstream:short)%00%(objectname)%00%(upstream:track)%00%(upstream:remotename)%00%(upstream:remoteref) refs/heads/master refs/remotes/master [1ms]
2024-09-17 14:01:47.107 [warning] [Git][getBranch] No such branch: master
2024-09-17 14:01:55.780 [info] [Git][getRemotes] No remotes found in the git config file
2024-09-17 14:01:55.780 [info] > git config --get commit.template [4ms]
2024-09-17 14:01:55.780 [info] > git for-each-ref --format=%(refname)%00%(upstream:short)%00%(objectname)%00%(upstream:track)%00%(upstream:remotename)%00%(upstream:remoteref) refs/heads/master refs/remotes/master [0ms]
2024-09-17 14:01:55.780 [warning] [Git][getBranch] No such branch: master
2024-09-17 14:01:55.784 [info] > git status -z -uall [1ms]
2024-09-17 14:01:55.789 [info] > git for-each-ref --format=%(refname)%00%(upstream:short)%00%(objectname)%00%(upstream:track)%00%(upstream:remotename)%00%(upstream:remoteref) refs/heads/master refs/remotes/master [1ms]
2024-09-17 14:01:55.789 [warning] [Git][getBranch] No such branch: master
2024-09-17 14:01:56.159 [info] > git show --textconv :src/text_to_speech.rs [4ms]
2024-09-17 14:01:56.160 [info] > git ls-files --stage -- /home/arch/Projects/Rust/voice/src/text_to_speech.rs [1ms]
2024-09-17 14:02:36.862 [info] > git show --textconv :src/speech_to_text.rs [5ms]
2024-09-17 14:02:36.862 [info] > git ls-files --stage -- /home/arch/Projects/Rust/voice/src/speech_to_text.rs [1ms]
2024-09-17 14:02:37.881 [info] > git show --textconv :src/text_to_speech.rs [4ms]
2024-09-17 14:02:37.882 [info] > git ls-files --stage -- /home/arch/Projects/Rust/voice/src/text_to_speech.rs [1ms]
2024-09-17 14:05:38.207 [info] > git show --textconv :src/audio.rs [4ms]
2024-09-17 14:05:38.208 [info] > git ls-files --stage -- /home/arch/Projects/Rust/voice/src/audio.rs [1ms]
2024-09-17 14:05:42.165 [info] > git show --textconv :src/text_to_speech.rs [4ms]
2024-09-17 14:05:42.165 [info] > git ls-files --stage -- /home/arch/Projects/Rust/voice/src/text_to_speech.rs [1ms]
2024-09-17 14:05:53.260 [info] > git show --textconv :src/audio.rs [4ms]
2024-09-17 14:05:53.260 [info] > git ls-files --stage -- /home/arch/Projects/Rust/voice/src/audio.rs [1ms]
2024-09-17 14:06:04.459 [info] > git show --textconv :src/text_to_speech.rs [5ms]
2024-09-17 14:06:04.459 [info] > git ls-files --stage -- /home/arch/Projects/Rust/voice/src/text_to_speech.rs [1ms]
2024-09-17 14:06:42.797 [info] > git show --textconv :src/audio.rs [4ms]
2024-09-17 14:06:42.798 [info] > git ls-files --stage -- /home/arch/Projects/Rust/voice/src/audio.rs [1ms]
2024-09-17 14:06:52.216 [info] > git show --textconv :src/text_to_speech.rs [3ms]
2024-09-17 14:06:52.216 [info] > git ls-files --stage -- /home/arch/Projects/Rust/voice/src/text_to_speech.rs [1ms]
2024-09-17 14:07:54.213 [info] > git show --textconv :src/audio.rs [4ms]
2024-09-17 14:07:54.214 [info] > git ls-files --stage -- /home/arch/Projects/Rust/voice/src/audio.rs [0ms]
2024-09-17 14:07:58.252 [info] > git show --textconv :src/text_to_speech.rs [3ms]
2024-09-17 14:07:58.253 [info] > git ls-files --stage -- /home/arch/Projects/Rust/voice/src/text_to_speech.rs [1ms]
2024-09-17 14:08:09.066 [info] > git show --textconv :src/audio.rs [4ms]
2024-09-17 14:08:09.066 [info] > git ls-files --stage -- /home/arch/Projects/Rust/voice/src/audio.rs [1ms]
2024-09-17 14:08:10.482 [info] > git show --textconv :src/text_to_speech.rs [4ms]
2024-09-17 14:08:10.482 [info] > git ls-files --stage -- /home/arch/Projects/Rust/voice/src/text_to_speech.rs [0ms]
2024-09-17 14:08:18.819 [info] > git show --textconv :src/audio.rs [3ms]
2024-09-17 14:08:18.820 [info] > git ls-files --stage -- /home/arch/Projects/Rust/voice/src/audio.rs [1ms]
2024-09-17 14:08:24.303 [info] > git show --textconv :src/text_to_speech.rs [4ms]
2024-09-17 14:08:24.303 [info] > git ls-files --stage -- /home/arch/Projects/Rust/voice/src/text_to_speech.rs [1ms]
2024-09-17 14:08:28.585 [info] [Git][getRemotes] No remotes found in the git config file
2024-09-17 14:08:28.585 [info] > git config --get commit.template [4ms]
2024-09-17 14:08:28.585 [info] > git for-each-ref --format=%(refname)%00%(upstream:short)%00%(objectname)%00%(upstream:track)%00%(upstream:remotename)%00%(upstream:remoteref) refs/heads/master refs/remotes/master [0ms]
2024-09-17 14:08:28.585 [warning] [Git][getBranch] No such branch: master
2024-09-17 14:08:28.590 [info] > git status -z -uall [1ms]
2024-09-17 14:08:28.595 [info] > git for-each-ref --format=%(refname)%00%(upstream:short)%00%(objectname)%00%(upstream:track)%00%(upstream:remotename)%00%(upstream:remoteref) refs/heads/master refs/remotes/master [1ms]
2024-09-17 14:08:28.595 [warning] [Git][getBranch] No such branch: master
2024-09-17 14:09:07.720 [info] > git show --textconv :src/audio.rs [4ms]
2024-09-17 14:09:07.720 [info] > git ls-files --stage -- /home/arch/Projects/Rust/voice/src/audio.rs [0ms]
2024-09-17 14:09:09.542 [info] > git show --textconv :src/text_to_speech.rs [5ms]
2024-09-17 14:09:09.542 [info] > git ls-files --stage -- /home/arch/Projects/Rust/voice/src/text_to_speech.rs [1ms]
2024-09-17 14:10:32.314 [info] [Git][getRemotes] No remotes found in the git config file
2024-09-17 14:10:32.314 [info] > git config --get commit.template [4ms]
2024-09-17 14:10:32.314 [info] > git for-each-ref --format=%(refname)%00%(upstream:short)%00%(objectname)%00%(upstream:track)%00%(upstream:remotename)%00%(upstream:remoteref) refs/heads/master refs/remotes/master [0ms]
2024-09-17 14:10:32.314 [warning] [Git][getBranch] No such branch: master
2024-09-17 14:10:32.319 [info] > git status -z -uall [1ms]
2024-09-17 14:10:32.323 [info] > git for-each-ref --format=%(refname)%00%(upstream:short)%00%(objectname)%00%(upstream:track)%00%(upstream:remotename)%00%(upstream:remoteref) refs/heads/master refs/remotes/master [0ms]
2024-09-17 14:10:32.323 [warning] [Git][getBranch] No such branch: master
2024-09-17 14:12:39.382 [info] [Git][getRemotes] No remotes found in the git config file
2024-09-17 14:12:39.382 [info] > git config --get commit.template [5ms]
2024-09-17 14:12:39.382 [info] > git for-each-ref --format=%(refname)%00%(upstream:short)%00%(objectname)%00%(upstream:track)%00%(upstream:remotename)%00%(upstream:remoteref) refs/heads/master refs/remotes/master [0ms]
2024-09-17 14:12:39.382 [warning] [Git][getBranch] No such branch: master
2024-09-17 14:12:39.387 [info] > git status -z -uall [1ms]
2024-09-17 14:12:39.392 [info] > git for-each-ref --format=%(refname)%00%(upstream:short)%00%(objectname)%00%(upstream:track)%00%(upstream:remotename)%00%(upstream:remoteref) refs/heads/master refs/remotes/master [1ms]
2024-09-17 14:12:39.392 [warning] [Git][getBranch] No such branch: master
2024-09-17 14:12:51.206 [info] [Git][getRemotes] No remotes found in the git config file
2024-09-17 14:12:51.206 [info] > git config --get commit.template [3ms]
2024-09-17 14:12:51.207 [info] > git for-each-ref --format=%(refname)%00%(upstream:short)%00%(objectname)%00%(upstream:track)%00%(upstream:remotename)%00%(upstream:remoteref) refs/heads/master refs/remotes/master [1ms]
2024-09-17 14:12:51.207 [warning] [Git][getBranch] No such branch: master
2024-09-17 14:12:51.211 [info] > git status -z -uall [1ms]
2024-09-17 14:12:51.216 [info] > git for-each-ref --format=%(refname)%00%(upstream:short)%00%(objectname)%00%(upstream:track)%00%(upstream:remotename)%00%(upstream:remoteref) refs/heads/master refs/remotes/master [1ms]
2024-09-17 14:12:51.216 [warning] [Git][getBranch] No such branch: master
2024-09-17 14:14:02.612 [info] [Git][getRemotes] No remotes found in the git config file
2024-09-17 14:14:02.612 [info] > git config --get commit.template [4ms]
2024-09-17 14:14:02.613 [info] > git for-each-ref --format=%(refname)%00%(upstream:short)%00%(objectname)%00%(upstream:track)%00%(upstream:remotename)%00%(upstream:remoteref) refs/heads/master refs/remotes/master [1ms]
2024-09-17 14:14:02.613 [warning] [Git][getBranch] No such branch: master
2024-09-17 14:14:02.618 [info] > git status -z -uall [1ms]
2024-09-17 14:14:02.622 [info] > git for-each-ref --format=%(refname)%00%(upstream:short)%00%(objectname)%00%(upstream:track)%00%(upstream:remotename)%00%(upstream:remoteref) refs/heads/master refs/remotes/master [1ms]
2024-09-17 14:14:02.622 [warning] [Git][getBranch] No such branch: master
2024-09-17 14:15:49.768 [info] [Git][getRemotes] No remotes found in the git config file
2024-09-17 14:15:49.769 [info] > git config --get commit.template [4ms]
2024-09-17 14:15:49.769 [info] > git for-each-ref --format=%(refname)%00%(upstream:short)%00%(objectname)%00%(upstream:track)%00%(upstream:remotename)%00%(upstream:remoteref) refs/heads/master refs/remotes/master [1ms]
2024-09-17 14:15:49.769 [warning] [Git][getBranch] No such branch: master
2024-09-17 14:15:49.773 [info] > git status -z -uall [1ms]
2024-09-17 14:15:49.778 [info] > git for-each-ref --format=%(refname)%00%(upstream:short)%00%(objectname)%00%(upstream:track)%00%(upstream:remotename)%00%(upstream:remoteref) refs/heads/master refs/remotes/master [1ms]
2024-09-17 14:15:49.778 [warning] [Git][getBranch] No such branch: master
2024-09-17 14:16:04.122 [info] [Git][getRemotes] No remotes found in the git config file
2024-09-17 14:16:04.122 [info] > git config --get commit.template [3ms]
2024-09-17 14:16:04.123 [info] > git for-each-ref --format=%(refname)%00%(upstream:short)%00%(objectname)%00%(upstream:track)%00%(upstream:remotename)%00%(upstream:remoteref) refs/heads/master refs/remotes/master [1ms]
2024-09-17 14:16:04.123 [warning] [Git][getBranch] No such branch: master
2024-09-17 14:16:04.126 [info] > git status -z -uall [1ms]
2024-09-17 14:16:04.130 [info] > git for-each-ref --format=%(refname)%00%(upstream:short)%00%(objectname)%00%(upstream:track)%00%(upstream:remotename)%00%(upstream:remoteref) refs/heads/master refs/remotes/master [0ms]
2024-09-17 14:16:04.130 [warning] [Git][getBranch] No such branch: master
2024-09-17 14:16:23.129 [info] [Git][getRemotes] No remotes found in the git config file
2024-09-17 14:16:23.130 [info] > git config --get commit.template [4ms]
2024-09-17 14:16:23.130 [info] > git for-each-ref --format=%(refname)%00%(upstream:short)%00%(objectname)%00%(upstream:track)%00%(upstream:remotename)%00%(upstream:remoteref) refs/heads/master refs/remotes/master [1ms]
2024-09-17 14:16:23.130 [warning] [Git][getBranch] No such branch: master
2024-09-17 14:16:23.135 [info] > git status -z -uall [1ms]
2024-09-17 14:16:23.140 [info] > git for-each-ref --format=%(refname)%00%(upstream:short)%00%(objectname)%00%(upstream:track)%00%(upstream:remotename)%00%(upstream:remoteref) refs/heads/master refs/remotes/master [1ms]
2024-09-17 14:16:23.140 [warning] [Git][getBranch] No such branch: master
2024-09-17 14:17:02.094 [info] > git config --get commit.template [1ms]
2024-09-17 14:17:02.098 [info] [Git][getRemotes] No remotes found in the git config file
2024-09-17 14:17:02.099 [info] > git for-each-ref --format=%(refname)%00%(upstream:short)%00%(objectname)%00%(upstream:track)%00%(upstream:remotename)%00%(upstream:remoteref) refs/heads/master refs/remotes/master [1ms]
2024-09-17 14:17:02.099 [warning] [Git][getBranch] No such branch: master
2024-09-17 14:17:02.103 [info] > git status -z -uall [1ms]
2024-09-17 14:17:02.108 [info] > git for-each-ref --format=%(refname)%00%(upstream:short)%00%(objectname)%00%(upstream:track)%00%(upstream:remotename)%00%(upstream:remoteref) refs/heads/master refs/remotes/master [1ms]
2024-09-17 14:17:02.108 [warning] [Git][getBranch] No such branch: master
2024-09-17 14:19:51.642 [info] [Git][getRemotes] No remotes found in the git config file
2024-09-17 14:19:51.642 [info] > git config --get commit.template [5ms]
2024-09-17 14:19:51.642 [info] > git for-each-ref --format=%(refname)%00%(upstream:short)%00%(objectname)%00%(upstream:track)%00%(upstream:remotename)%00%(upstream:remoteref) refs/heads/master refs/remotes/master [0ms]
2024-09-17 14:19:51.642 [warning] [Git][getBranch] No such branch: master
2024-09-17 14:19:51.647 [info] > git status -z -uall [1ms]
2024-09-17 14:19:51.651 [info] > git for-each-ref --format=%(refname)%00%(upstream:short)%00%(objectname)%00%(upstream:track)%00%(upstream:remotename)%00%(upstream:remoteref) refs/heads/master refs/remotes/master [1ms]
2024-09-17 14:19:51.651 [warning] [Git][getBranch] No such branch: master
2024-09-17 14:20:30.421 [info] [Git][getRemotes] No remotes found in the git config file
2024-09-17 14:20:30.422 [info] > git config --get commit.template [5ms]
2024-09-17 14:20:30.422 [info] > git for-each-ref --format=%(refname)%00%(upstream:short)%00%(objectname)%00%(upstream:track)%00%(upstream:remotename)%00%(upstream:remoteref) refs/heads/master refs/remotes/master [1ms]
2024-09-17 14:20:30.422 [warning] [Git][getBranch] No such branch: master
2024-09-17 14:20:30.427 [info] > git status -z -uall [1ms]
2024-09-17 14:20:30.432 [info] > git for-each-ref --format=%(refname)%00%(upstream:short)%00%(objectname)%00%(upstream:track)%00%(upstream:remotename)%00%(upstream:remoteref) refs/heads/master refs/remotes/master [1ms]
2024-09-17 14:20:30.433 [warning] [Git][getBranch] No such branch: master
2024-09-17 14:21:28.205 [info] > git show --textconv :src/main.rs [4ms]
2024-09-17 14:21:28.206 [info] > git ls-files --stage -- /home/arch/Projects/Rust/voice/src/main.rs [1ms]
2024-09-17 14:21:53.092 [info] > git show --textconv :src/text_to_speech.rs [4ms]
2024-09-17 14:21:53.093 [info] > git ls-files --stage -- /home/arch/Projects/Rust/voice/src/text_to_speech.rs [1ms]
2024-09-17 14:21:55.576 [info] > git show --textconv :src/audio.rs [4ms]
2024-09-17 14:21:55.577 [info] > git ls-files --stage -- /home/arch/Projects/Rust/voice/src/audio.rs [1ms]
2024-09-17 14:21:57.386 [info] > git show --textconv :src/text_to_speech.rs [4ms]
2024-09-17 14:21:57.386 [info] > git ls-files --stage -- /home/arch/Projects/Rust/voice/src/text_to_speech.rs [1ms]
2024-09-17 14:22:01.422 [info] > git show --textconv :src/main.rs [4ms]
2024-09-17 14:22:01.423 [info] > git ls-files --stage -- /home/arch/Projects/Rust/voice/src/main.rs [1ms]
2024-09-17 14:22:01.432 [info] [Git][getRemotes] No remotes found in the git config file
2024-09-17 14:22:01.432 [info] > git config --get commit.template [4ms]
2024-09-17 14:22:01.432 [info] > git for-each-ref --format=%(refname)%00%(upstream:short)%00%(objectname)%00%(upstream:track)%00%(upstream:remotename)%00%(upstream:remoteref) refs/heads/master refs/remotes/master [0ms]
2024-09-17 14:22:01.432 [warning] [Git][getBranch] No such branch: master
2024-09-17 14:22:01.437 [info] > git status -z -uall [1ms]
2024-09-17 14:22:01.441 [info] > git for-each-ref --format=%(refname)%00%(upstream:short)%00%(objectname)%00%(upstream:track)%00%(upstream:remotename)%00%(upstream:remoteref) refs/heads/master refs/remotes/master [1ms]
2024-09-17 14:22:01.441 [warning] [Git][getBranch] No such branch: master
2024-09-17 14:22:15.047 [info] [Git][getRemotes] No remotes found in the git config file
2024-09-17 14:22:15.047 [info] > git config --get commit.template [5ms]
2024-09-17 14:22:15.047 [info] > git for-each-ref --format=%(refname)%00%(upstream:short)%00%(objectname)%00%(upstream:track)%00%(upstream:remotename)%00%(upstream:remoteref) refs/heads/master refs/remotes/master [1ms]
2024-09-17 14:22:15.047 [warning] [Git][getBranch] No such branch: master
2024-09-17 14:22:15.052 [info] > git status -z -uall [1ms]
2024-09-17 14:22:15.056 [info] > git for-each-ref --format=%(refname)%00%(upstream:short)%00%(objectname)%00%(upstream:track)%00%(upstream:remotename)%00%(upstream:remoteref) refs/heads/master refs/remotes/master [1ms]
2024-09-17 14:22:15.056 [warning] [Git][getBranch] No such branch: master
2024-09-17 14:22:30.096 [info] [Git][getRemotes] No remotes found in the git config file
2024-09-17 14:22:30.100 [info] > git config --get commit.template [4ms]
2024-09-17 14:22:30.100 [info] > git for-each-ref --format=%(refname)%00%(upstream:short)%00%(objectname)%00%(upstream:track)%00%(upstream:remotename)%00%(upstream:remoteref) refs/heads/master refs/remotes/master [0ms]
2024-09-17 14:22:30.100 [warning] [Git][getBranch] No such branch: master
2024-09-17 14:22:30.106 [info] > git status -z -uall [2ms]
2024-09-17 14:22:30.110 [info] > git for-each-ref --format=%(refname)%00%(upstream:short)%00%(objectname)%00%(upstream:track)%00%(upstream:remotename)%00%(upstream:remoteref) refs/heads/master refs/remotes/master [1ms]
2024-09-17 14:22:30.110 [warning] [Git][getBranch] No such branch: master
2024-09-17 14:22:42.479 [info] [Git][getRemotes] No remotes found in the git config file
2024-09-17 14:22:42.479 [info] > git config --get commit.template [4ms]
2024-09-17 14:22:42.479 [info] > git for-each-ref --format=%(refname)%00%(upstream:short)%00%(objectname)%00%(upstream:track)%00%(upstream:remotename)%00%(upstream:remoteref) refs/heads/master refs/remotes/master [1ms]
2024-09-17 14:22:42.479 [warning] [Git][getBranch] No such branch: master
2024-09-17 14:22:42.484 [info] > git status -z -uall [1ms]
2024-09-17 14:22:42.488 [info] > git for-each-ref --format=%(refname)%00%(upstream:short)%00%(objectname)%00%(upstream:track)%00%(upstream:remotename)%00%(upstream:remoteref) refs/heads/master refs/remotes/master [1ms]
2024-09-17 14:22:42.488 [warning] [Git][getBranch] No such branch: master
2024-09-17 14:27:44.487 [info] > git show --textconv :src/text_to_speech.rs [8ms]
2024-09-17 14:27:44.487 [info] > git config --get commit.template [4ms]
2024-09-17 14:27:44.487 [info] > git ls-files --stage -- /home/arch/Projects/Rust/voice/src/text_to_speech.rs [1ms]
2024-09-17 14:27:44.487 [info] [Git][getRemotes] No remotes found in the git config file
2024-09-17 14:27:44.492 [info] > git for-each-ref --format=%(refname)%00%(upstream:short)%00%(objectname)%00%(upstream:track)%00%(upstream:remotename)%00%(upstream:remoteref) refs/heads/master refs/remotes/master [1ms]
2024-09-17 14:27:44.492 [warning] [Git][getBranch] No such branch: master
2024-09-17 14:27:44.496 [info] > git status -z -uall [1ms]
2024-09-17 14:27:44.501 [info] > git for-each-ref --format=%(refname)%00%(upstream:short)%00%(objectname)%00%(upstream:track)%00%(upstream:remotename)%00%(upstream:remoteref) refs/heads/master refs/remotes/master [1ms]
2024-09-17 14:27:44.501 [warning] [Git][getBranch] No such branch: master
2024-09-17 14:29:09.391 [info] [Git][getRemotes] No remotes found in the git config file
2024-09-17 14:29:09.391 [info] > git config --get commit.template [4ms]
2024-09-17 14:29:09.392 [info] > git for-each-ref --format=%(refname)%00%(upstream:short)%00%(objectname)%00%(upstream:track)%00%(upstream:remotename)%00%(upstream:remoteref) refs/heads/master refs/remotes/master [1ms]
2024-09-17 14:29:09.392 [warning] [Git][getBranch] No such branch: master
2024-09-17 14:29:09.396 [info] > git status -z -uall [1ms]
2024-09-17 14:29:09.402 [info] > git for-each-ref --format=%(refname)%00%(upstream:short)%00%(objectname)%00%(upstream:track)%00%(upstream:remotename)%00%(upstream:remoteref) refs/heads/master refs/remotes/master [2ms]
2024-09-17 14:29:09.402 [warning] [Git][getBranch] No such branch: master
2024-09-17 14:29:20.610 [info] [Git][getRemotes] No remotes found in the git config file
2024-09-17 14:29:20.610 [info] > git config --get commit.template [4ms]
2024-09-17 14:29:20.610 [info] > git for-each-ref --format=%(refname)%00%(upstream:short)%00%(objectname)%00%(upstream:track)%00%(upstream:remotename)%00%(upstream:remoteref) refs/heads/master refs/remotes/master [0ms]
2024-09-17 14:29:20.610 [warning] [Git][getBranch] No such branch: master
2024-09-17 14:29:20.615 [info] > git status -z -uall [1ms]
2024-09-17 14:29:20.619 [info] > git for-each-ref --format=%(refname)%00%(upstream:short)%00%(objectname)%00%(upstream:track)%00%(upstream:remotename)%00%(upstream:remoteref) refs/heads/master refs/remotes/master [1ms]
2024-09-17 14:29:20.619 [warning] [Git][getBranch] No such branch: master
2024-09-17 14:29:33.113 [info] [Git][getRemotes] No remotes found in the git config file
2024-09-17 14:29:33.117 [info] > git config --get commit.template [5ms]
2024-09-17 14:29:33.117 [info] > git for-each-ref --format=%(refname)%00%(upstream:short)%00%(objectname)%00%(upstream:track)%00%(upstream:remotename)%00%(upstream:remoteref) refs/heads/master refs/remotes/master [1ms]
2024-09-17 14:29:33.117 [warning] [Git][getBranch] No such branch: master
2024-09-17 14:29:33.122 [info] > git status -z -uall [1ms]
2024-09-17 14:29:33.127 [info] > git for-each-ref --format=%(refname)%00%(upstream:short)%00%(objectname)%00%(upstream:track)%00%(upstream:remotename)%00%(upstream:remoteref) refs/heads/master refs/remotes/master [0ms]
2024-09-17 14:29:33.127 [warning] [Git][getBranch] No such branch: master
2024-09-17 14:31:05.879 [info] [Git][getRemotes] No remotes found in the git config file
2024-09-17 14:31:05.880 [info] > git config --get commit.template [4ms]
2024-09-17 14:31:05.880 [info] > git for-each-ref --format=%(refname)%00%(upstream:short)%00%(objectname)%00%(upstream:track)%00%(upstream:remotename)%00%(upstream:remoteref) refs/heads/master refs/remotes/master [1ms]
2024-09-17 14:31:05.880 [warning] [Git][getBranch] No such branch: master
2024-09-17 14:31:05.885 [info] > git status -z -uall [1ms]
2024-09-17 14:31:05.890 [info] > git for-each-ref --format=%(refname)%00%(upstream:short)%00%(objectname)%00%(upstream:track)%00%(upstream:remotename)%00%(upstream:remoteref) refs/heads/master refs/remotes/master [1ms]
2024-09-17 14:31:05.890 [warning] [Git][getBranch] No such branch: master
2024-09-17 14:31:28.892 [info] [Git][getRemotes] No remotes found in the git config file
2024-09-17 14:31:28.892 [info] > git config --get commit.template [5ms]
2024-09-17 14:31:28.893 [info] > git for-each-ref --format=%(refname)%00%(upstream:short)%00%(objectname)%00%(upstream:track)%00%(upstream:remotename)%00%(upstream:remoteref) refs/heads/master refs/remotes/master [2ms]
2024-09-17 14:31:28.893 [warning] [Git][getBranch] No such branch: master
2024-09-17 14:31:28.897 [info] > git status -z -uall [1ms]
2024-09-17 14:31:28.901 [info] > git for-each-ref --format=%(refname)%00%(upstream:short)%00%(objectname)%00%(upstream:track)%00%(upstream:remotename)%00%(upstream:remoteref) refs/heads/master refs/remotes/master [0ms]
2024-09-17 14:31:28.901 [warning] [Git][getBranch] No such branch: master
2024-09-17 14:31:36.217 [info] [Git][getRemotes] No remotes found in the git config file
2024-09-17 14:31:36.217 [info] > git config --get commit.template [4ms]
2024-09-17 14:31:36.217 [info] > git for-each-ref --format=%(refname)%00%(upstream:short)%00%(objectname)%00%(upstream:track)%00%(upstream:remotename)%00%(upstream:remoteref) refs/heads/master refs/remotes/master [0ms]
2024-09-17 14:31:36.217 [warning] [Git][getBranch] No such branch: master
2024-09-17 14:31:36.222 [info] > git status -z -uall [1ms]
2024-09-17 14:31:36.227 [info] > git for-each-ref --format=%(refname)%00%(upstream:short)%00%(objectname)%00%(upstream:track)%00%(upstream:remotename)%00%(upstream:remoteref) refs/heads/master refs/remotes/master [2ms]
2024-09-17 14:31:36.227 [warning] [Git][getBranch] No such branch: master
2024-09-17 14:31:41.235 [info] [Git][getRemotes] No remotes found in the git config file
2024-09-17 14:31:41.236 [info] > git config --get commit.template [4ms]
2024-09-17 14:31:41.236 [info] > git for-each-ref --format=%(refname)%00%(upstream:short)%00%(objectname)%00%(upstream:track)%00%(upstream:remotename)%00%(upstream:remoteref) refs/heads/master refs/remotes/master [1ms]
2024-09-17 14:31:41.236 [warning] [Git][getBranch] No such branch: master
2024-09-17 14:31:41.240 [info] > git status -z -uall [1ms]
2024-09-17 14:31:41.245 [info] > git for-each-ref --format=%(refname)%00%(upstream:short)%00%(objectname)%00%(upstream:track)%00%(upstream:remotename)%00%(upstream:remoteref) refs/heads/master refs/remotes/master [1ms]
2024-09-17 14:31:41.245 [warning] [Git][getBranch] No such branch: master
2024-09-17 14:31:56.649 [info] > git show --textconv :src/build.rs [4ms]
2024-09-17 14:31:56.650 [info] > git ls-files --stage -- /home/arch/Projects/Rust/voice/src/build.rs [1ms]
2024-09-17 14:33:05.866 [info] > git show --textconv :src/text_to_speech.rs [3ms]
2024-09-17 14:33:05.867 [info] > git ls-files --stage -- /home/arch/Projects/Rust/voice/src/text_to_speech.rs [1ms]
2024-09-17 14:34:48.739 [info] [Git][getRemotes] No remotes found in the git config file
2024-09-17 14:34:48.740 [info] > git config --get commit.template [5ms]
2024-09-17 14:34:48.740 [info] > git for-each-ref --format=%(refname)%00%(upstream:short)%00%(objectname)%00%(upstream:track)%00%(upstream:remotename)%00%(upstream:remoteref) refs/heads/master refs/remotes/master [1ms]
2024-09-17 14:34:48.740 [warning] [Git][getBranch] No such branch: master
2024-09-17 14:34:48.744 [info] > git status -z -uall [1ms]
2024-09-17 14:34:48.749 [info] > git for-each-ref --format=%(refname)%00%(upstream:short)%00%(objectname)%00%(upstream:track)%00%(upstream:remotename)%00%(upstream:remoteref) refs/heads/master refs/remotes/master [1ms]
2024-09-17 14:34:48.749 [warning] [Git][getBranch] No such branch: master
2024-09-17 14:34:56.165 [info] [Git][getRemotes] No remotes found in the git config file
2024-09-17 14:34:56.166 [info] > git config --get commit.template [5ms]
2024-09-17 14:34:56.166 [info] > git for-each-ref --format=%(refname)%00%(upstream:short)%00%(objectname)%00%(upstream:track)%00%(upstream:remotename)%00%(upstream:remoteref) refs/heads/master refs/remotes/master [1ms]
2024-09-17 14:34:56.166 [warning] [Git][getBranch] No such branch: master
2024-09-17 14:34:56.170 [info] > git status -z -uall [1ms]
2024-09-17 14:34:56.175 [info] > git for-each-ref --format=%(refname)%00%(upstream:short)%00%(objectname)%00%(upstream:track)%00%(upstream:remotename)%00%(upstream:remoteref) refs/heads/master refs/remotes/master [1ms]
2024-09-17 14:34:56.175 [warning] [Git][getBranch] No such branch: master
2024-09-17 14:35:01.183 [info] [Git][getRemotes] No remotes found in the git config file
2024-09-17 14:35:01.184 [info] > git config --get commit.template [4ms]
2024-09-17 14:35:01.184 [info] > git for-each-ref --format=%(refname)%00%(upstream:short)%00%(objectname)%00%(upstream:track)%00%(upstream:remotename)%00%(upstream:remoteref) refs/heads/master refs/remotes/master [1ms]
2024-09-17 14:35:01.184 [warning] [Git][getBranch] No such branch: master
2024-09-17 14:35:01.189 [info] > git status -z -uall [1ms]
2024-09-17 14:35:01.194 [info] > git for-each-ref --format=%(refname)%00%(upstream:short)%00%(objectname)%00%(upstream:track)%00%(upstream:remotename)%00%(upstream:remoteref) refs/heads/master refs/remotes/master [1ms]
2024-09-17 14:35:01.194 [warning] [Git][getBranch] No such branch: master
2024-09-17 14:35:10.378 [info] [Git][getRemotes] No remotes found in the git config file
2024-09-17 14:35:10.380 [info] > git for-each-ref --format=%(refname)%00%(upstream:short)%00%(objectname)%00%(upstream:track)%00%(upstream:remotename)%00%(upstream:remoteref) refs/heads/master refs/remotes/master [2ms]
2024-09-17 14:35:10.380 [warning] [Git][getBranch] No such branch: master
2024-09-17 14:35:10.381 [info] > git config --get commit.template [10ms]
2024-09-17 14:35:10.392 [info] > git status -z -uall [1ms]
2024-09-17 14:35:10.404 [info] > git for-each-ref --format=%(refname)%00%(upstream:short)%00%(objectname)%00%(upstream:track)%00%(upstream:remotename)%00%(upstream:remoteref) refs/heads/master refs/remotes/master [5ms]
2024-09-17 14:35:10.404 [warning] [Git][getBranch] No such branch: master
2024-09-17 14:35:16.844 [info] [Git][getRemotes] No remotes found in the git config file
2024-09-17 14:35:16.844 [info] > git config --get commit.template [5ms]
2024-09-17 14:35:16.845 [info] > git for-each-ref --format=%(refname)%00%(upstream:short)%00%(objectname)%00%(upstream:track)%00%(upstream:remotename)%00%(upstream:remoteref) refs/heads/master refs/remotes/master [1ms]
2024-09-17 14:35:16.845 [warning] [Git][getBranch] No such branch: master
2024-09-17 14:35:16.849 [info] > git status -z -uall [1ms]
2024-09-17 14:35:16.854 [info] > git for-each-ref --format=%(refname)%00%(upstream:short)%00%(objectname)%00%(upstream:track)%00%(upstream:remotename)%00%(upstream:remoteref) refs/heads/master refs/remotes/master [1ms]
2024-09-17 14:35:16.854 [warning] [Git][getBranch] No such branch: master
2024-09-17 14:35:36.430 [info] [Git][getRemotes] No remotes found in the git config file
2024-09-17 14:35:36.430 [info] > git config --get commit.template [4ms]
2024-09-17 14:35:36.431 [info] > git for-each-ref --format=%(refname)%00%(upstream:short)%00%(objectname)%00%(upstream:track)%00%(upstream:remotename)%00%(upstream:remoteref) refs/heads/master refs/remotes/master [1ms]
2024-09-17 14:35:36.431 [warning] [Git][getBranch] No such branch: master
2024-09-17 14:35:36.436 [info] > git status -z -uall [1ms]
2024-09-17 14:35:36.441 [info] > git for-each-ref --format=%(refname)%00%(upstream:short)%00%(objectname)%00%(upstream:track)%00%(upstream:remotename)%00%(upstream:remoteref) refs/heads/master refs/remotes/master [1ms]
2024-09-17 14:35:36.441 [warning] [Git][getBranch] No such branch: master
2024-09-17 14:37:22.298 [info] [Git][getRemotes] No remotes found in the git config file
2024-09-17 14:37:22.298 [info] > git config --get commit.template [4ms]
2024-09-17 14:37:22.299 [info] > git for-each-ref --format=%(refname)%00%(upstream:short)%00%(objectname)%00%(upstream:track)%00%(upstream:remotename)%00%(upstream:remoteref) refs/heads/master refs/remotes/master [1ms]
2024-09-17 14:37:22.299 [warning] [Git][getBranch] No such branch: master
2024-09-17 14:37:22.303 [info] > git status -z -uall [1ms]
2024-09-17 14:37:22.308 [info] > git for-each-ref --format=%(refname)%00%(upstream:short)%00%(objectname)%00%(upstream:track)%00%(upstream:remotename)%00%(upstream:remoteref) refs/heads/master refs/remotes/master [0ms]
2024-09-17 14:37:22.308 [warning] [Git][getBranch] No such branch: master
2024-09-17 14:37:44.673 [info] [Git][getRemotes] No remotes found in the git config file
2024-09-17 14:37:44.673 [info] > git config --get commit.template [5ms]
2024-09-17 14:37:44.674 [info] > git for-each-ref --format=%(refname)%00%(upstream:short)%00%(objectname)%00%(upstream:track)%00%(upstream:remotename)%00%(upstream:remoteref) refs/heads/master refs/remotes/master [2ms]
2024-09-17 14:37:44.674 [warning] [Git][getBranch] No such branch: master
2024-09-17 14:37:44.678 [info] > git status -z -uall [1ms]
2024-09-17 14:37:44.683 [info] > git for-each-ref --format=%(refname)%00%(upstream:short)%00%(objectname)%00%(upstream:track)%00%(upstream:remotename)%00%(upstream:remoteref) refs/heads/master refs/remotes/master [1ms]
2024-09-17 14:37:44.683 [warning] [Git][getBranch] No such branch: master
2024-09-17 14:37:50.667 [info] [Git][getRemotes] No remotes found in the git config file
2024-09-17 14:37:50.668 [info] > git config --get commit.template [4ms]
2024-09-17 14:37:50.668 [info] > git for-each-ref --format=%(refname)%00%(upstream:short)%00%(objectname)%00%(upstream:track)%00%(upstream:remotename)%00%(upstream:remoteref) refs/heads/master refs/remotes/master [1ms]
2024-09-17 14:37:50.668 [warning] [Git][getBranch] No such branch: master
2024-09-17 14:37:50.674 [info] > git status -z -uall [1ms]
2024-09-17 14:37:50.679 [info] > git for-each-ref --format=%(refname)%00%(upstream:short)%00%(objectname)%00%(upstream:track)%00%(upstream:remotename)%00%(upstream:remoteref) refs/heads/master refs/remotes/master [2ms]
2024-09-17 14:37:50.679 [warning] [Git][getBranch] No such branch: master
2024-09-17 14:37:55.691 [info] [Git][getRemotes] No remotes found in the git config file
2024-09-17 14:37:55.691 [info] > git config --get commit.template [4ms]
2024-09-17 14:37:55.692 [info] > git for-each-ref --format=%(refname)%00%(upstream:short)%00%(objectname)%00%(upstream:track)%00%(upstream:remotename)%00%(upstream:remoteref) refs/heads/master refs/remotes/master [1ms]
2024-09-17 14:37:55.692 [warning] [Git][getBranch] No such branch: master
2024-09-17 14:37:55.697 [info] > git status -z -uall [1ms]
2024-09-17 14:37:55.702 [info] > git for-each-ref --format=%(refname)%00%(upstream:short)%00%(objectname)%00%(upstream:track)%00%(upstream:remotename)%00%(upstream:remoteref) refs/heads/master refs/remotes/master [1ms]
2024-09-17 14:37:55.702 [warning] [Git][getBranch] No such branch: master
2024-09-17 14:38:06.657 [info] [Git][getRemotes] No remotes found in the git config file
2024-09-17 14:38:06.657 [info] > git config --get commit.template [4ms]
2024-09-17 14:38:06.657 [info] > git for-each-ref --format=%(refname)%00%(upstream:short)%00%(objectname)%00%(upstream:track)%00%(upstream:remotename)%00%(upstream:remoteref) refs/heads/master refs/remotes/master [1ms]
2024-09-17 14:38:06.657 [warning] [Git][getBranch] No such branch: master
2024-09-17 14:38:06.661 [info] > git status -z -uall [1ms]
2024-09-17 14:38:06.666 [info] > git for-each-ref --format=%(refname)%00%(upstream:short)%00%(objectname)%00%(upstream:track)%00%(upstream:remotename)%00%(upstream:remoteref) refs/heads/master refs/remotes/master [1ms]
2024-09-17 14:38:06.666 [warning] [Git][getBranch] No such branch: master
2024-09-17 14:38:19.725 [info] [Git][getRemotes] No remotes found in the git config file
2024-09-17 14:38:19.725 [info] > git config --get commit.template [4ms]
2024-09-17 14:38:19.725 [info] > git for-each-ref --format=%(refname)%00%(upstream:short)%00%(objectname)%00%(upstream:track)%00%(upstream:remotename)%00%(upstream:remoteref) refs/heads/master refs/remotes/master [0ms]
2024-09-17 14:38:19.725 [warning] [Git][getBranch] No such branch: master
2024-09-17 14:38:19.729 [info] > git status -z -uall [0ms]
2024-09-17 14:38:19.733 [info] > git for-each-ref --format=%(refname)%00%(upstream:short)%00%(objectname)%00%(upstream:track)%00%(upstream:remotename)%00%(upstream:remoteref) refs/heads/master refs/remotes/master [0ms]
2024-09-17 14:38:19.733 [warning] [Git][getBranch] No such branch: master
2024-09-17 14:38:35.283 [info] [Git][getRemotes] No remotes found in the git config file
2024-09-17 14:38:35.283 [info] > git config --get commit.template [4ms]
2024-09-17 14:38:35.284 [info] > git for-each-ref --format=%(refname)%00%(upstream:short)%00%(objectname)%00%(upstream:track)%00%(upstream:remotename)%00%(upstream:remoteref) refs/heads/master refs/remotes/master [1ms]
2024-09-17 14:38:35.284 [warning] [Git][getBranch] No such branch: master
2024-09-17 14:38:35.288 [info] > git status -z -uall [1ms]
2024-09-17 14:38:35.292 [info] > git for-each-ref --format=%(refname)%00%(upstream:short)%00%(objectname)%00%(upstream:track)%00%(upstream:remotename)%00%(upstream:remoteref) refs/heads/master refs/remotes/master [1ms]
2024-09-17 14:38:35.292 [warning] [Git][getBranch] No such branch: master
2024-09-17 14:38:40.303 [info] > git config --get commit.template [1ms]
2024-09-17 14:38:40.312 [info] [Git][getRemotes] No remotes found in the git config file
2024-09-17 14:38:40.313 [info] > git for-each-ref --format=%(refname)%00%(upstream:short)%00%(objectname)%00%(upstream:track)%00%(upstream:remotename)%00%(upstream:remoteref) refs/heads/master refs/remotes/master [1ms]
2024-09-17 14:38:40.313 [warning] [Git][getBranch] No such branch: master
2024-09-17 14:38:40.325 [info] > git status -z -uall [4ms]
2024-09-17 14:38:40.346 [info] > git for-each-ref --format=%(refname)%00%(upstream:short)%00%(objectname)%00%(upstream:track)%00%(upstream:remotename)%00%(upstream:remoteref) refs/heads/master refs/remotes/master [4ms]
2024-09-17 14:38:40.346 [warning] [Git][getBranch] No such branch: master
2024-09-17 14:38:49.439 [info] [Git][getRemotes] No remotes found in the git config file
2024-09-17 14:38:49.440 [info] > git config --get commit.template [5ms]
2024-09-17 14:38:49.440 [info] > git for-each-ref --format=%(refname)%00%(upstream:short)%00%(objectname)%00%(upstream:track)%00%(upstream:remotename)%00%(upstream:remoteref) refs/heads/master refs/remotes/master [1ms]
2024-09-17 14:38:49.440 [warning] [Git][getBranch] No such branch: master
2024-09-17 14:38:49.445 [info] > git status -z -uall [1ms]
2024-09-17 14:38:49.451 [info] > git for-each-ref --format=%(refname)%00%(upstream:short)%00%(objectname)%00%(upstream:track)%00%(upstream:remotename)%00%(upstream:remoteref) refs/heads/master refs/remotes/master [1ms]
2024-09-17 14:38:49.451 [warning] [Git][getBranch] No such branch: master
2024-09-17 14:38:57.136 [info] [Git][getRemotes] No remotes found in the git config file
2024-09-17 14:38:57.136 [info] > git config --get commit.template [4ms]
2024-09-17 14:38:57.136 [info] > git for-each-ref --format=%(refname)%00%(upstream:short)%00%(objectname)%00%(upstream:track)%00%(upstream:remotename)%00%(upstream:remoteref) refs/heads/master refs/remotes/master [0ms]
2024-09-17 14:38:57.136 [warning] [Git][getBranch] No such branch: master
2024-09-17 14:38:57.140 [info] > git status -z -uall [1ms]
2024-09-17 14:38:57.145 [info] > git for-each-ref --format=%(refname)%00%(upstream:short)%00%(objectname)%00%(upstream:track)%00%(upstream:remotename)%00%(upstream:remoteref) refs/heads/master refs/remotes/master [1ms]
2024-09-17 14:38:57.145 [warning] [Git][getBranch] No such branch: master
2024-09-17 14:38:57.160 [info] > git check-ignore -v -z --stdin [1ms]
2024-09-17 14:39:30.219 [info] > git config --get commit.template [4ms]
2024-09-17 14:39:30.227 [info] [Git][getRemotes] No remotes found in the git config file
2024-09-17 14:39:30.228 [info] > git for-each-ref --format=%(refname)%00%(upstream:short)%00%(objectname)%00%(upstream:track)%00%(upstream:remotename)%00%(upstream:remoteref) refs/heads/master refs/remotes/master [2ms]
2024-09-17 14:39:30.228 [warning] [Git][getBranch] No such branch: master
2024-09-17 14:39:30.237 [info] > git status -z -uall [1ms]
2024-09-17 14:39:30.259 [info] > git for-each-ref --format=%(refname)%00%(upstream:short)%00%(objectname)%00%(upstream:track)%00%(upstream:remotename)%00%(upstream:remoteref) refs/heads/master refs/remotes/master [1ms]
2024-09-17 14:39:30.259 [warning] [Git][getBranch] No such branch: master
2024-09-17 14:39:35.268 [info] [Git][getRemotes] No remotes found in the git config file
2024-09-17 14:39:35.269 [info] > git config --get commit.template [4ms]
2024-09-17 14:39:35.269 [info] > git for-each-ref --format=%(refname)%00%(upstream:short)%00%(objectname)%00%(upstream:track)%00%(upstream:remotename)%00%(upstream:remoteref) refs/heads/master refs/remotes/master [1ms]
2024-09-17 14:39:35.269 [warning] [Git][getBranch] No such branch: master
2024-09-17 14:39:35.273 [info] > git status -z -uall [1ms]
2024-09-17 14:39:35.278 [info] > git for-each-ref --format=%(refname)%00%(upstream:short)%00%(objectname)%00%(upstream:track)%00%(upstream:remotename)%00%(upstream:remoteref) refs/heads/master refs/remotes/master [1ms]
2024-09-17 14:39:35.278 [warning] [Git][getBranch] No such branch: master
2024-09-17 14:39:40.286 [info] [Git][getRemotes] No remotes found in the git config file
2024-09-17 14:39:40.286 [info] > git config --get commit.template [4ms]
2024-09-17 14:39:40.287 [info] > git for-each-ref --format=%(refname)%00%(upstream:short)%00%(objectname)%00%(upstream:track)%00%(upstream:remotename)%00%(upstream:remoteref) refs/heads/master refs/remotes/master [1ms]
2024-09-17 14:39:40.287 [warning] [Git][getBranch] No such branch: master
2024-09-17 14:39:40.291 [info] > git status -z -uall [1ms]
2024-09-17 14:39:40.295 [info] > git for-each-ref --format=%(refname)%00%(upstream:short)%00%(objectname)%00%(upstream:track)%00%(upstream:remotename)%00%(upstream:remoteref) refs/heads/master refs/remotes/master [1ms]
2024-09-17 14:39:40.295 [warning] [Git][getBranch] No such branch: master
2024-09-17 14:40:23.369 [info] [Git][getRemotes] No remotes found in the git config file
2024-09-17 14:40:23.373 [info] > git config --get commit.template [4ms]
2024-09-17 14:40:23.373 [info] > git for-each-ref --format=%(refname)%00%(upstream:short)%00%(objectname)%00%(upstream:track)%00%(upstream:remotename)%00%(upstream:remoteref) refs/heads/master refs/remotes/master [0ms]
2024-09-17 14:40:23.373 [warning] [Git][getBranch] No such branch: master
2024-09-17 14:40:23.378 [info] > git status -z -uall [1ms]
2024-09-17 14:40:23.382 [info] > git for-each-ref --format=%(refname)%00%(upstream:short)%00%(objectname)%00%(upstream:track)%00%(upstream:remotename)%00%(upstream:remoteref) refs/heads/master refs/remotes/master [0ms]
2024-09-17 14:40:23.383 [warning] [Git][getBranch] No such branch: master
2024-09-17 14:41:56.487 [info] [Git][getRemotes] No remotes found in the git config file
2024-09-17 14:41:56.488 [info] > git config --get commit.template [4ms]
2024-09-17 14:41:56.488 [info] > git for-each-ref --format=%(refname)%00%(upstream:short)%00%(objectname)%00%(upstream:track)%00%(upstream:remotename)%00%(upstream:remoteref) refs/heads/master refs/remotes/master [1ms]
2024-09-17 14:41:56.488 [warning] [Git][getBranch] No such branch: master
2024-09-17 14:41:56.493 [info] > git status -z -uall [1ms]
2024-09-17 14:41:56.498 [info] > git for-each-ref --format=%(refname)%00%(upstream:short)%00%(objectname)%00%(upstream:track)%00%(upstream:remotename)%00%(upstream:remoteref) refs/heads/master refs/remotes/master [1ms]
2024-09-17 14:41:56.498 [warning] [Git][getBranch] No such branch: master
2024-09-17 14:42:01.509 [info] [Git][getRemotes] No remotes found in the git config file
2024-09-17 14:42:01.509 [info] > git config --get commit.template [5ms]
2024-09-17 14:42:01.510 [info] > git for-each-ref --format=%(refname)%00%(upstream:short)%00%(objectname)%00%(upstream:track)%00%(upstream:remotename)%00%(upstream:remoteref) refs/heads/master refs/remotes/master [1ms]
2024-09-17 14:42:01.510 [warning] [Git][getBranch] No such branch: master
2024-09-17 14:42:01.516 [info] > git status -z -uall [1ms]
2024-09-17 14:42:01.523 [info] > git for-each-ref --format=%(refname)%00%(upstream:short)%00%(objectname)%00%(upstream:track)%00%(upstream:remotename)%00%(upstream:remoteref) refs/heads/master refs/remotes/master [2ms]
2024-09-17 14:42:01.523 [warning] [Git][getBranch] No such branch: master
2024-09-17 14:42:06.534 [info] [Git][getRemotes] No remotes found in the git config file
2024-09-17 14:42:06.535 [info] > git config --get commit.template [4ms]
2024-09-17 14:42:06.535 [info] > git for-each-ref --format=%(refname)%00%(upstream:short)%00%(objectname)%00%(upstream:track)%00%(upstream:remotename)%00%(upstream:remoteref) refs/heads/master refs/remotes/master [1ms]
2024-09-17 14:42:06.535 [warning] [Git][getBranch] No such branch: master
2024-09-17 14:42:06.539 [info] > git status -z -uall [1ms]
2024-09-17 14:42:06.544 [info] > git for-each-ref --format=%(refname)%00%(upstream:short)%00%(objectname)%00%(upstream:track)%00%(upstream:remotename)%00%(upstream:remoteref) refs/heads/master refs/remotes/master [1ms]
2024-09-17 14:42:06.544 [warning] [Git][getBranch] No such branch: master
2024-09-17 14:43:33.842 [info] [Git][getRemotes] No remotes found in the git config file
2024-09-17 14:43:33.843 [info] > git config --get commit.template [5ms]
2024-09-17 14:43:33.843 [info] > git for-each-ref --format=%(refname)%00%(upstream:short)%00%(objectname)%00%(upstream:track)%00%(upstream:remotename)%00%(upstream:remoteref) refs/heads/master refs/remotes/master [1ms]
2024-09-17 14:43:33.843 [warning] [Git][getBranch] No such branch: master
2024-09-17 14:43:33.848 [info] > git status -z -uall [1ms]
2024-09-17 14:43:33.852 [info] > git for-each-ref --format=%(refname)%00%(upstream:short)%00%(objectname)%00%(upstream:track)%00%(upstream:remotename)%00%(upstream:remoteref) refs/heads/master refs/remotes/master [0ms]
2024-09-17 14:43:33.853 [warning] [Git][getBranch] No such branch: master
2024-09-17 14:43:38.858 [info] [Git][getRemotes] No remotes found in the git config file
2024-09-17 14:43:38.862 [info] > git config --get commit.template [5ms]
2024-09-17 14:43:38.862 [info] > git for-each-ref --format=%(refname)%00%(upstream:short)%00%(objectname)%00%(upstream:track)%00%(upstream:remotename)%00%(upstream:remoteref) refs/heads/master refs/remotes/master [1ms]
2024-09-17 14:43:38.862 [warning] [Git][getBranch] No such branch: master
2024-09-17 14:43:38.867 [info] > git status -z -uall [2ms]
2024-09-17 14:43:38.871 [info] > git for-each-ref --format=%(refname)%00%(upstream:short)%00%(objectname)%00%(upstream:track)%00%(upstream:remotename)%00%(upstream:remoteref) refs/heads/master refs/remotes/master [1ms]
2024-09-17 14:43:38.871 [warning] [Git][getBranch] No such branch: master
2024-09-17 14:43:43.880 [info] [Git][getRemotes] No remotes found in the git config file
2024-09-17 14:43:43.880 [info] > git config --get commit.template [4ms]
2024-09-17 14:43:43.881 [info] > git for-each-ref --format=%(refname)%00%(upstream:short)%00%(objectname)%00%(upstream:track)%00%(upstream:remotename)%00%(upstream:remoteref) refs/heads/master refs/remotes/master [1ms]
2024-09-17 14:43:43.881 [warning] [Git][getBranch] No such branch: master
2024-09-17 14:43:43.885 [info] > git status -z -uall [1ms]
2024-09-17 14:43:43.890 [info] > git for-each-ref --format=%(refname)%00%(upstream:short)%00%(objectname)%00%(upstream:track)%00%(upstream:remotename)%00%(upstream:remoteref) refs/heads/master refs/remotes/master [1ms]
2024-09-17 14:43:43.890 [warning] [Git][getBranch] No such branch: master
2024-09-17 14:43:57.057 [info] [Git][getRemotes] No remotes found in the git config file
2024-09-17 14:43:57.058 [info] > git config --get commit.template [4ms]
2024-09-17 14:43:57.058 [info] > git for-each-ref --format=%(refname)%00%(upstream:short)%00%(objectname)%00%(upstream:track)%00%(upstream:remotename)%00%(upstream:remoteref) refs/heads/master refs/remotes/master [1ms]
2024-09-17 14:43:57.058 [warning] [Git][getBranch] No such branch: master
2024-09-17 14:43:57.062 [info] > git status -z -uall [1ms]
2024-09-17 14:43:57.067 [info] > git for-each-ref --format=%(refname)%00%(upstream:short)%00%(objectname)%00%(upstream:track)%00%(upstream:remotename)%00%(upstream:remoteref) refs/heads/master refs/remotes/master [1ms]
2024-09-17 14:43:57.067 [warning] [Git][getBranch] No such branch: master
2024-09-17 14:49:00.142 [info] [Git][getRemotes] No remotes found in the git config file
2024-09-17 14:49:00.142 [info] > git config --get commit.template [4ms]
2024-09-17 14:49:00.142 [info] > git for-each-ref --format=%(refname)%00%(upstream:short)%00%(objectname)%00%(upstream:track)%00%(upstream:remotename)%00%(upstream:remoteref) refs/heads/master refs/remotes/master [1ms]
2024-09-17 14:49:00.142 [warning] [Git][getBranch] No such branch: master
2024-09-17 14:49:00.146 [info] > git status -z -uall [1ms]
2024-09-17 14:49:00.151 [info] > git for-each-ref --format=%(refname)%00%(upstream:short)%00%(objectname)%00%(upstream:track)%00%(upstream:remotename)%00%(upstream:remoteref) refs/heads/master refs/remotes/master [1ms]
2024-09-17 14:49:00.151 [warning] [Git][getBranch] No such branch: master
2024-09-17 14:49:05.160 [info] [Git][getRemotes] No remotes found in the git config file
2024-09-17 14:49:05.161 [info] > git config --get commit.template [3ms]
2024-09-17 14:49:05.162 [info] > git for-each-ref --format=%(refname)%00%(upstream:short)%00%(objectname)%00%(upstream:track)%00%(upstream:remotename)%00%(upstream:remoteref) refs/heads/master refs/remotes/master [2ms]
2024-09-17 14:49:05.162 [warning] [Git][getBranch] No such branch: master
2024-09-17 14:49:05.167 [info] > git status -z -uall [1ms]
2024-09-17 14:49:05.171 [info] > git for-each-ref --format=%(refname)%00%(upstream:short)%00%(objectname)%00%(upstream:track)%00%(upstream:remotename)%00%(upstream:remoteref) refs/heads/master refs/remotes/master [0ms]
2024-09-17 14:49:05.171 [warning] [Git][getBranch] No such branch: master
2024-09-17 14:49:28.901 [info] [Git][getRemotes] No remotes found in the git config file
2024-09-17 14:49:28.902 [info] > git config --get commit.template [5ms]
2024-09-17 14:49:28.902 [info] > git for-each-ref --format=%(refname)%00%(upstream:short)%00%(objectname)%00%(upstream:track)%00%(upstream:remotename)%00%(upstream:remoteref) refs/heads/master refs/remotes/master [1ms]
2024-09-17 14:49:28.902 [warning] [Git][getBranch] No such branch: master
2024-09-17 14:49:28.906 [info] > git status -z -uall [1ms]
2024-09-17 14:49:28.911 [info] > git for-each-ref --format=%(refname)%00%(upstream:short)%00%(objectname)%00%(upstream:track)%00%(upstream:remotename)%00%(upstream:remoteref) refs/heads/master refs/remotes/master [1ms]
2024-09-17 14:49:28.911 [warning] [Git][getBranch] No such branch: master
2024-09-17 14:51:18.870 [info] [Git][getRemotes] No remotes found in the git config file
2024-09-17 14:51:18.871 [info] > git config --get commit.template [5ms]
2024-09-17 14:51:18.871 [info] > git for-each-ref --format=%(refname)%00%(upstream:short)%00%(objectname)%00%(upstream:track)%00%(upstream:remotename)%00%(upstream:remoteref) refs/heads/master refs/remotes/master [1ms]
2024-09-17 14:51:18.871 [warning] [Git][getBranch] No such branch: master
2024-09-17 14:51:18.876 [info] > git status -z -uall [1ms]
2024-09-17 14:51:18.880 [info] > git for-each-ref --format=%(refname)%00%(upstream:short)%00%(objectname)%00%(upstream:track)%00%(upstream:remotename)%00%(upstream:remoteref) refs/heads/master refs/remotes/master [1ms]
2024-09-17 14:51:18.880 [warning] [Git][getBranch] No such branch: master
2024-09-17 14:51:23.895 [info] [Git][getRemotes] No remotes found in the git config file
2024-09-17 14:51:23.895 [info] > git config --get commit.template [5ms]
2024-09-17 14:51:23.895 [info] > git for-each-ref --format=%(refname)%00%(upstream:short)%00%(objectname)%00%(upstream:track)%00%(upstream:remotename)%00%(upstream:remoteref) refs/heads/master refs/remotes/master [1ms]
2024-09-17 14:51:23.895 [warning] [Git][getBranch] No such branch: master
2024-09-17 14:51:23.900 [info] > git status -z -uall [1ms]
2024-09-17 14:51:23.904 [info] > git for-each-ref --format=%(refname)%00%(upstream:short)%00%(objectname)%00%(upstream:track)%00%(upstream:remotename)%00%(upstream:remoteref) refs/heads/master refs/remotes/master [1ms]
2024-09-17 14:51:23.904 [warning] [Git][getBranch] No such branch: master
2024-09-17 14:52:10.446 [info] [Git][getRemotes] No remotes found in the git config file
2024-09-17 14:52:10.446 [info] > git config --get commit.template [4ms]
2024-09-17 14:52:10.447 [info] > git for-each-ref --format=%(refname)%00%(upstream:short)%00%(objectname)%00%(upstream:track)%00%(upstream:remotename)%00%(upstream:remoteref) refs/heads/master refs/remotes/master [1ms]
2024-09-17 14:52:10.447 [warning] [Git][getBranch] No such branch: master
2024-09-17 14:52:10.451 [info] > git status -z -uall [1ms]
2024-09-17 14:52:10.455 [info] > git for-each-ref --format=%(refname)%00%(upstream:short)%00%(objectname)%00%(upstream:track)%00%(upstream:remotename)%00%(upstream:remoteref) refs/heads/master refs/remotes/master [0ms]
2024-09-17 14:52:10.455 [warning] [Git][getBranch] No such branch: master
2024-09-17 14:52:34.551 [info] > git show --textconv :Cargo.toml [5ms]
2024-09-17 14:52:34.552 [info] > git ls-files --stage -- /home/arch/Projects/Rust/voice/Cargo.toml [1ms]
2024-09-17 14:52:41.325 [info] > git show --textconv :src/audio.rs [4ms]
2024-09-17 14:52:41.326 [info] > git ls-files --stage -- /home/arch/Projects/Rust/voice/src/audio.rs [1ms]
2024-09-17 14:52:42.539 [info] > git show --textconv :Cargo.toml [3ms]
2024-09-17 14:52:42.540 [info] > git ls-files --stage -- /home/arch/Projects/Rust/voice/Cargo.toml [1ms]
2024-09-17 14:52:57.725 [info] [Git][getRemotes] No remotes found in the git config file
2024-09-17 14:52:57.729 [info] > git config --get commit.template [5ms]
2024-09-17 14:52:57.729 [info] > git for-each-ref --format=%(refname)%00%(upstream:short)%00%(objectname)%00%(upstream:track)%00%(upstream:remotename)%00%(upstream:remoteref) refs/heads/master refs/remotes/master [1ms]
2024-09-17 14:52:57.729 [warning] [Git][getBranch] No such branch: master
2024-09-17 14:52:57.733 [info] > git status -z -uall [1ms]
2024-09-17 14:52:57.738 [info] > git for-each-ref --format=%(refname)%00%(upstream:short)%00%(objectname)%00%(upstream:track)%00%(upstream:remotename)%00%(upstream:remoteref) refs/heads/master refs/remotes/master [1ms]
2024-09-17 14:52:57.738 [warning] [Git][getBranch] No such branch: master
2024-09-17 14:53:39.851 [info] [Git][getRemotes] No remotes found in the git config file
2024-09-17 14:53:39.851 [info] > git config --get commit.template [4ms]
2024-09-17 14:53:39.852 [info] > git for-each-ref --format=%(refname)%00%(upstream:short)%00%(objectname)%00%(upstream:track)%00%(upstream:remotename)%00%(upstream:remoteref) refs/heads/master refs/remotes/master [1ms]
2024-09-17 14:53:39.852 [warning] [Git][getBranch] No such branch: master
2024-09-17 14:53:39.857 [info] > git status -z -uall [1ms]
2024-09-17 14:53:39.861 [info] > git for-each-ref --format=%(refname)%00%(upstream:short)%00%(objectname)%00%(upstream:track)%00%(upstream:remotename)%00%(upstream:remoteref) refs/heads/master refs/remotes/master [1ms]
2024-09-17 14:53:39.861 [warning] [Git][getBranch] No such branch: master
2024-09-17 14:54:04.594 [info] [Git][getRemotes] No remotes found in the git config file
2024-09-17 14:54:04.597 [info] > git config --get commit.template [4ms]
2024-09-17 14:54:04.598 [info] > git for-each-ref --format=%(refname)%00%(upstream:short)%00%(objectname)%00%(upstream:track)%00%(upstream:remotename)%00%(upstream:remoteref) refs/heads/master refs/remotes/master [1ms]
2024-09-17 14:54:04.598 [warning] [Git][getBranch] No such branch: master
2024-09-17 14:54:04.602 [info] > git status -z -uall [1ms]
2024-09-17 14:54:04.606 [info] > git for-each-ref --format=%(refname)%00%(upstream:short)%00%(objectname)%00%(upstream:track)%00%(upstream:remotename)%00%(upstream:remoteref) refs/heads/master refs/remotes/master [1ms]
2024-09-17 14:54:04.606 [warning] [Git][getBranch] No such branch: master
2024-09-17 14:54:09.618 [info] [Git][getRemotes] No remotes found in the git config file
2024-09-17 14:54:09.618 [info] > git config --get commit.template [4ms]
2024-09-17 14:54:09.619 [info] > git for-each-ref --format=%(refname)%00%(upstream:short)%00%(objectname)%00%(upstream:track)%00%(upstream:remotename)%00%(upstream:remoteref) refs/heads/master refs/remotes/master [1ms]
2024-09-17 14:54:09.619 [warning] [Git][getBranch] No such branch: master
2024-09-17 14:54:09.623 [info] > git status -z -uall [1ms]
2024-09-17 14:54:09.627 [info] > git for-each-ref --format=%(refname)%00%(upstream:short)%00%(objectname)%00%(upstream:track)%00%(upstream:remotename)%00%(upstream:remoteref) refs/heads/master refs/remotes/master [1ms]
2024-09-17 14:54:09.627 [warning] [Git][getBranch] No such branch: master
2024-09-17 14:54:12.893 [info] > git show --textconv :src/text_to_speech.rs [5ms]
2024-09-17 14:54:12.894 [info] > git ls-files --stage -- /home/arch/Projects/Rust/voice/src/text_to_speech.rs [1ms]
2024-09-17 14:57:13.312 [info] [Git][getRemotes] No remotes found in the git config file
2024-09-17 14:57:13.316 [info] > git config --get commit.template [4ms]
2024-09-17 14:57:13.316 [info] > git for-each-ref --format=%(refname)%00%(upstream:short)%00%(objectname)%00%(upstream:track)%00%(upstream:remotename)%00%(upstream:remoteref) refs/heads/master refs/remotes/master [1ms]
2024-09-17 14:57:13.316 [warning] [Git][getBranch] No such branch: master
2024-09-17 14:57:13.321 [info] > git status -z -uall [1ms]
2024-09-17 14:57:13.325 [info] > git for-each-ref --format=%(refname)%00%(upstream:short)%00%(objectname)%00%(upstream:track)%00%(upstream:remotename)%00%(upstream:remoteref) refs/heads/master refs/remotes/master [1ms]
2024-09-17 14:57:13.326 [warning] [Git][getBranch] No such branch: master
2024-09-17 14:57:18.334 [info] [Git][getRemotes] No remotes found in the git config file
2024-09-17 14:57:18.335 [info] > git config --get commit.template [5ms]
2024-09-17 14:57:18.335 [info] > git for-each-ref --format=%(refname)%00%(upstream:short)%00%(objectname)%00%(upstream:track)%00%(upstream:remotename)%00%(upstream:remoteref) refs/heads/master refs/remotes/master [1ms]
2024-09-17 14:57:18.335 [warning] [Git][getBranch] No such branch: master
2024-09-17 14:57:18.340 [info] > git status -z -uall [1ms]
2024-09-17 14:57:18.344 [info] > git for-each-ref --format=%(refname)%00%(upstream:short)%00%(objectname)%00%(upstream:track)%00%(upstream:remotename)%00%(upstream:remoteref) refs/heads/master refs/remotes/master [1ms]
2024-09-17 14:57:18.344 [warning] [Git][getBranch] No such branch: master
2024-09-17 14:58:45.425 [info] [Git][getRemotes] No remotes found in the git config file
2024-09-17 14:58:45.429 [info] > git config --get commit.template [5ms]
2024-09-17 14:58:45.430 [info] > git for-each-ref --format=%(refname)%00%(upstream:short)%00%(objectname)%00%(upstream:track)%00%(upstream:remotename)%00%(upstream:remoteref) refs/heads/master refs/remotes/master [1ms]
2024-09-17 14:58:45.430 [warning] [Git][getBranch] No such branch: master
2024-09-17 14:58:45.435 [info] > git status -z -uall [1ms]
2024-09-17 14:58:45.440 [info] > git for-each-ref --format=%(refname)%00%(upstream:short)%00%(objectname)%00%(upstream:track)%00%(upstream:remotename)%00%(upstream:remoteref) refs/heads/master refs/remotes/master [1ms]
2024-09-17 14:58:45.440 [warning] [Git][getBranch] No such branch: master
2024-09-17 14:58:50.585 [info] [Git][getRemotes] No remotes found in the git config file
2024-09-17 14:58:50.586 [info] > git config --get commit.template [5ms]
2024-09-17 14:58:50.586 [info] > git for-each-ref --format=%(refname)%00%(upstream:short)%00%(objectname)%00%(upstream:track)%00%(upstream:remotename)%00%(upstream:remoteref) refs/heads/master refs/remotes/master [1ms]
2024-09-17 14:58:50.586 [warning] [Git][getBranch] No such branch: master
2024-09-17 14:58:50.590 [info] > git status -z -uall [1ms]
2024-09-17 14:58:50.595 [info] > git for-each-ref --format=%(refname)%00%(upstream:short)%00%(objectname)%00%(upstream:track)%00%(upstream:remotename)%00%(upstream:remoteref) refs/heads/master refs/remotes/master [1ms]
2024-09-17 14:58:50.595 [warning] [Git][getBranch] No such branch: master
2024-09-17 14:58:55.609 [info] [Git][getRemotes] No remotes found in the git config file
2024-09-17 14:58:55.610 [info] > git config --get commit.template [5ms]
2024-09-17 14:58:55.610 [info] > git for-each-ref --format=%(refname)%00%(upstream:short)%00%(objectname)%00%(upstream:track)%00%(upstream:remotename)%00%(upstream:remoteref) refs/heads/master refs/remotes/master [1ms]
2024-09-17 14:58:55.610 [warning] [Git][getBranch] No such branch: master
2024-09-17 14:58:55.615 [info] > git status -z -uall [1ms]
2024-09-17 14:58:55.619 [info] > git for-each-ref --format=%(refname)%00%(upstream:short)%00%(objectname)%00%(upstream:track)%00%(upstream:remotename)%00%(upstream:remoteref) refs/heads/master refs/remotes/master [1ms]
2024-09-17 14:58:55.619 [warning] [Git][getBranch] No such branch: master
2024-09-17 14:59:23.323 [info] > git show --textconv :src/build.rs [4ms]
2024-09-17 14:59:23.324 [info] > git ls-files --stage -- /home/arch/Projects/Rust/voice/src/build.rs [1ms]
2024-09-17 15:00:30.892 [info] > git show --textconv :Cargo.toml [4ms]
2024-09-17 15:00:30.893 [info] > git ls-files --stage -- /home/arch/Projects/Rust/voice/Cargo.toml [1ms]
2024-09-17 15:00:36.758 [info] [Git][getRemotes] No remotes found in the git config file
2024-09-17 15:00:36.762 [info] > git config --get commit.template [4ms]
2024-09-17 15:00:36.762 [info] > git for-each-ref --format=%(refname)%00%(upstream:short)%00%(objectname)%00%(upstream:track)%00%(upstream:remotename)%00%(upstream:remoteref) refs/heads/master refs/remotes/master [1ms]
2024-09-17 15:00:36.762 [warning] [Git][getBranch] No such branch: master
2024-09-17 15:00:36.767 [info] > git status -z -uall [1ms]
2024-09-17 15:00:36.772 [info] > git for-each-ref --format=%(refname)%00%(upstream:short)%00%(objectname)%00%(upstream:track)%00%(upstream:remotename)%00%(upstream:remoteref) refs/heads/master refs/remotes/master [1ms]
2024-09-17 15:00:36.772 [warning] [Git][getBranch] No such branch: master
2024-09-17 15:00:41.782 [info] [Git][getRemotes] No remotes found in the git config file
2024-09-17 15:00:41.782 [info] > git config --get commit.template [4ms]
2024-09-17 15:00:41.783 [info] > git for-each-ref --format=%(refname)%00%(upstream:short)%00%(objectname)%00%(upstream:track)%00%(upstream:remotename)%00%(upstream:remoteref) refs/heads/master refs/remotes/master [1ms]
2024-09-17 15:00:41.783 [warning] [Git][getBranch] No such branch: master
2024-09-17 15:00:41.787 [info] > git status -z -uall [1ms]
2024-09-17 15:00:41.792 [info] > git for-each-ref --format=%(refname)%00%(upstream:short)%00%(objectname)%00%(upstream:track)%00%(upstream:remotename)%00%(upstream:remoteref) refs/heads/master refs/remotes/master [1ms]
2024-09-17 15:00:41.792 [warning] [Git][getBranch] No such branch: master
2024-09-17 15:00:46.801 [info] [Git][getRemotes] No remotes found in the git config file
2024-09-17 15:00:46.802 [info] > git config --get commit.template [6ms]
2024-09-17 15:00:46.802 [info] > git for-each-ref --format=%(refname)%00%(upstream:short)%00%(objectname)%00%(upstream:track)%00%(upstream:remotename)%00%(upstream:remoteref) refs/heads/master refs/remotes/master [1ms]
2024-09-17 15:00:46.802 [warning] [Git][getBranch] No such branch: master
2024-09-17 15:00:46.808 [info] > git status -z -uall [2ms]
2024-09-17 15:00:46.814 [info] > git for-each-ref --format=%(refname)%00%(upstream:short)%00%(objectname)%00%(upstream:track)%00%(upstream:remotename)%00%(upstream:remoteref) refs/heads/master refs/remotes/master [2ms]
2024-09-17 15:00:46.814 [warning] [Git][getBranch] No such branch: master
2024-09-17 15:00:47.403 [info] > git show --textconv :src/text_to_speech.rs [4ms]
2024-09-17 15:00:47.404 [info] > git ls-files --stage -- /home/arch/Projects/Rust/voice/src/text_to_speech.rs [1ms]
2024-09-17 15:00:56.718 [info] [Git][getRemotes] No remotes found in the git config file
2024-09-17 15:00:56.719 [info] > git config --get commit.template [5ms]
2024-09-17 15:00:56.719 [info] > git for-each-ref --format=%(refname)%00%(upstream:short)%00%(objectname)%00%(upstream:track)%00%(upstream:remotename)%00%(upstream:remoteref) refs/heads/master refs/remotes/master [1ms]
2024-09-17 15:00:56.719 [warning] [Git][getBranch] No such branch: master
2024-09-17 15:00:56.724 [info] > git status -z -uall [1ms]
2024-09-17 15:00:56.729 [info] > git for-each-ref --format=%(refname)%00%(upstream:short)%00%(objectname)%00%(upstream:track)%00%(upstream:remotename)%00%(upstream:remoteref) refs/heads/master refs/remotes/master [0ms]
2024-09-17 15:00:56.729 [warning] [Git][getBranch] No such branch: master
2024-09-17 15:01:01.739 [info] [Git][getRemotes] No remotes found in the git config file
2024-09-17 15:01:01.739 [info] > git config --get commit.template [4ms]
2024-09-17 15:01:01.740 [info] > git for-each-ref --format=%(refname)%00%(upstream:short)%00%(objectname)%00%(upstream:track)%00%(upstream:remotename)%00%(upstream:remoteref) refs/heads/master refs/remotes/master [1ms]
2024-09-17 15:01:01.740 [warning] [Git][getBranch] No such branch: master
2024-09-17 15:01:01.745 [info] > git status -z -uall [1ms]
2024-09-17 15:01:01.749 [info] > git for-each-ref --format=%(refname)%00%(upstream:short)%00%(objectname)%00%(upstream:track)%00%(upstream:remotename)%00%(upstream:remoteref) refs/heads/master refs/remotes/master [1ms]
2024-09-17 15:01:01.749 [warning] [Git][getBranch] No such branch: master
2024-09-17 15:01:16.909 [info] > git show --textconv :src/tts.py [4ms]
2024-09-17 15:01:16.910 [info] > git ls-files --stage -- /home/arch/Projects/Rust/voice/src/tts.py [1ms]
2024-09-17 15:01:17.190 [info] > git check-ignore -v -z --stdin [1ms]
2024-09-17 15:01:17.738 [info] [Git][getRemotes] No remotes found in the git config file
2024-09-17 15:01:17.739 [info] > git config --get commit.template [4ms]
2024-09-17 15:01:17.739 [info] > git for-each-ref --format=%(refname)%00%(upstream:short)%00%(objectname)%00%(upstream:track)%00%(upstream:remotename)%00%(upstream:remoteref) refs/heads/master refs/remotes/master [1ms]
2024-09-17 15:01:17.739 [warning] [Git][getBranch] No such branch: master
2024-09-17 15:01:17.743 [info] > git status -z -uall [1ms]
2024-09-17 15:01:17.748 [info] > git for-each-ref --format=%(refname)%00%(upstream:short)%00%(objectname)%00%(upstream:track)%00%(upstream:remotename)%00%(upstream:remoteref) refs/heads/master refs/remotes/master [1ms]
2024-09-17 15:01:17.748 [warning] [Git][getBranch] No such branch: master
2024-09-17 15:02:03.753 [info] [Git][getRemotes] No remotes found in the git config file
2024-09-17 15:02:03.753 [info] > git config --get commit.template [4ms]
2024-09-17 15:02:03.754 [info] > git for-each-ref --format=%(refname)%00%(upstream:short)%00%(objectname)%00%(upstream:track)%00%(upstream:remotename)%00%(upstream:remoteref) refs/heads/master refs/remotes/master [1ms]
2024-09-17 15:02:03.754 [warning] [Git][getBranch] No such branch: master
2024-09-17 15:02:03.758 [info] > git status -z -uall [1ms]
2024-09-17 15:02:03.763 [info] > git for-each-ref --format=%(refname)%00%(upstream:short)%00%(objectname)%00%(upstream:track)%00%(upstream:remotename)%00%(upstream:remoteref) refs/heads/master refs/remotes/master [1ms]
2024-09-17 15:02:03.763 [warning] [Git][getBranch] No such branch: master
2024-09-17 15:02:04.476 [info] > git show --textconv :src/text_to_speech.rs [4ms]
2024-09-17 15:02:04.476 [info] > git ls-files --stage -- /home/arch/Projects/Rust/voice/src/text_to_speech.rs [1ms]
2024-09-17 15:02:22.662 [info] [Git][getRemotes] No remotes found in the git config file
2024-09-17 15:02:22.663 [info] > git config --get commit.template [5ms]
2024-09-17 15:02:22.663 [info] > git for-each-ref --format=%(refname)%00%(upstream:short)%00%(objectname)%00%(upstream:track)%00%(upstream:remotename)%00%(upstream:remoteref) refs/heads/master refs/remotes/master [1ms]
2024-09-17 15:02:22.663 [warning] [Git][getBranch] No such branch: master
2024-09-17 15:02:22.668 [info] > git status -z -uall [1ms]
2024-09-17 15:02:22.673 [info] > git for-each-ref --format=%(refname)%00%(upstream:short)%00%(objectname)%00%(upstream:track)%00%(upstream:remotename)%00%(upstream:remoteref) refs/heads/master refs/remotes/master [0ms]
2024-09-17 15:02:22.673 [warning] [Git][getBranch] No such branch: master
2024-09-17 15:02:48.288 [info] [Git][getRemotes] No remotes found in the git config file
2024-09-17 15:02:48.288 [info] > git config --get commit.template [4ms]
2024-09-17 15:02:48.289 [info] > git for-each-ref --format=%(refname)%00%(upstream:short)%00%(objectname)%00%(upstream:track)%00%(upstream:remotename)%00%(upstream:remoteref) refs/heads/master refs/remotes/master [1ms]
2024-09-17 15:02:48.289 [warning] [Git][getBranch] No such branch: master
2024-09-17 15:02:48.293 [info] > git status -z -uall [1ms]
2024-09-17 15:02:48.297 [info] > git for-each-ref --format=%(refname)%00%(upstream:short)%00%(objectname)%00%(upstream:track)%00%(upstream:remotename)%00%(upstream:remoteref) refs/heads/master refs/remotes/master [1ms]
2024-09-17 15:02:48.297 [warning] [Git][getBranch] No such branch: master
2024-09-17 15:03:17.624 [info] [Git][getRemotes] No remotes found in the git config file
2024-09-17 15:03:17.624 [info] > git config --get commit.template [4ms]
2024-09-17 15:03:17.625 [info] > git for-each-ref --format=%(refname)%00%(upstream:short)%00%(objectname)%00%(upstream:track)%00%(upstream:remotename)%00%(upstream:remoteref) refs/heads/master refs/remotes/master [1ms]
2024-09-17 15:03:17.625 [warning] [Git][getBranch] No such branch: master
2024-09-17 15:03:17.629 [info] > git status -z -uall [1ms]
2024-09-17 15:03:17.634 [info] > git for-each-ref --format=%(refname)%00%(upstream:short)%00%(objectname)%00%(upstream:track)%00%(upstream:remotename)%00%(upstream:remoteref) refs/heads/master refs/remotes/master [1ms]
2024-09-17 15:03:17.634 [warning] [Git][getBranch] No such branch: master
2024-09-17 15:03:27.415 [info] [Git][getRemotes] No remotes found in the git config file
2024-09-17 15:03:27.416 [info] > git config --get commit.template [5ms]
2024-09-17 15:03:27.416 [info] > git for-each-ref --format=%(refname)%00%(upstream:short)%00%(objectname)%00%(upstream:track)%00%(upstream:remotename)%00%(upstream:remoteref) refs/heads/master refs/remotes/master [1ms]
2024-09-17 15:03:27.416 [warning] [Git][getBranch] No such branch: master
2024-09-17 15:03:27.420 [info] > git status -z -uall [1ms]
2024-09-17 15:03:27.425 [info] > git for-each-ref --format=%(refname)%00%(upstream:short)%00%(objectname)%00%(upstream:track)%00%(upstream:remotename)%00%(upstream:remoteref) refs/heads/master refs/remotes/master [1ms]
2024-09-17 15:03:27.426 [warning] [Git][getBranch] No such branch: master
2024-09-17 15:03:34.597 [info] [Git][getRemotes] No remotes found in the git config file
2024-09-17 15:03:34.597 [info] > git config --get commit.template [4ms]
2024-09-17 15:03:34.598 [info] > git for-each-ref --format=%(refname)%00%(upstream:short)%00%(objectname)%00%(upstream:track)%00%(upstream:remotename)%00%(upstream:remoteref) refs/heads/master refs/remotes/master [1ms]
2024-09-17 15:03:34.598 [warning] [Git][getBranch] No such branch: master
2024-09-17 15:03:34.602 [info] > git status -z -uall [1ms]
2024-09-17 15:03:34.607 [info] > git for-each-ref --format=%(refname)%00%(upstream:short)%00%(objectname)%00%(upstream:track)%00%(upstream:remotename)%00%(upstream:remoteref) refs/heads/master refs/remotes/master [1ms]
2024-09-17 15:03:34.607 [warning] [Git][getBranch] No such branch: master
2024-09-17 15:03:46.972 [info] [Git][getRemotes] No remotes found in the git config file
2024-09-17 15:03:46.972 [info] > git config --get commit.template [4ms]
2024-09-17 15:03:46.972 [info] > git for-each-ref --format=%(refname)%00%(upstream:short)%00%(objectname)%00%(upstream:track)%00%(upstream:remotename)%00%(upstream:remoteref) refs/heads/master refs/remotes/master [0ms]
2024-09-17 15:03:46.972 [warning] [Git][getBranch] No such branch: master
2024-09-17 15:03:46.977 [info] > git status -z -uall [2ms]
2024-09-17 15:03:46.981 [info] > git for-each-ref --format=%(refname)%00%(upstream:short)%00%(objectname)%00%(upstream:track)%00%(upstream:remotename)%00%(upstream:remoteref) refs/heads/master refs/remotes/master [1ms]
2024-09-17 15:03:46.981 [warning] [Git][getBranch] No such branch: master
2024-09-17 15:04:12.128 [info] [Git][getRemotes] No remotes found in the git config file
2024-09-17 15:04:12.129 [info] > git config --get commit.template [4ms]
2024-09-17 15:04:12.129 [info] > git for-each-ref --format=%(refname)%00%(upstream:short)%00%(objectname)%00%(upstream:track)%00%(upstream:remotename)%00%(upstream:remoteref) refs/heads/master refs/remotes/master [1ms]
2024-09-17 15:04:12.129 [warning] [Git][getBranch] No such branch: master
2024-09-17 15:04:12.133 [info] > git status -z -uall [1ms]
2024-09-17 15:04:12.137 [info] > git for-each-ref --format=%(refname)%00%(upstream:short)%00%(objectname)%00%(upstream:track)%00%(upstream:remotename)%00%(upstream:remoteref) refs/heads/master refs/remotes/master [1ms]
2024-09-17 15:04:12.137 [warning] [Git][getBranch] No such branch: master
2024-09-17 15:04:17.147 [info] [Git][getRemotes] No remotes found in the git config file
2024-09-17 15:04:17.151 [info] > git config --get commit.template [5ms]
2024-09-17 15:04:17.151 [info] > git for-each-ref --format=%(refname)%00%(upstream:short)%00%(objectname)%00%(upstream:track)%00%(upstream:remotename)%00%(upstream:remoteref) refs/heads/master refs/remotes/master [0ms]
2024-09-17 15:04:17.151 [warning] [Git][getBranch] No such branch: master
2024-09-17 15:04:17.156 [info] > git status -z -uall [1ms]
2024-09-17 15:04:17.161 [info] > git for-each-ref --format=%(refname)%00%(upstream:short)%00%(objectname)%00%(upstream:track)%00%(upstream:remotename)%00%(upstream:remoteref) refs/heads/master refs/remotes/master [0ms]
2024-09-17 15:04:17.161 [warning] [Git][getBranch] No such branch: master
2024-09-17 15:05:17.462 [info] > git show --textconv :Cargo.lock [4ms]
2024-09-17 15:05:17.463 [info] > git ls-files --stage -- /home/arch/Projects/Rust/voice/Cargo.lock [1ms]
2024-09-17 15:05:22.141 [info] > git show --textconv :Cargo.toml [4ms]
2024-09-17 15:05:22.142 [info] > git ls-files --stage -- /home/arch/Projects/Rust/voice/Cargo.toml [1ms]
2024-09-17 15:05:35.392 [info] [Git][getRemotes] No remotes found in the git config file
2024-09-17 15:05:35.392 [info] > git config --get commit.template [3ms]
2024-09-17 15:05:35.393 [info] > git for-each-ref --format=%(refname)%00%(upstream:short)%00%(objectname)%00%(upstream:track)%00%(upstream:remotename)%00%(upstream:remoteref) refs/heads/master refs/remotes/master [1ms]
2024-09-17 15:05:35.393 [warning] [Git][getBranch] No such branch: master
2024-09-17 15:05:35.397 [info] > git status -z -uall [1ms]
2024-09-17 15:05:35.401 [info] > git for-each-ref --format=%(refname)%00%(upstream:short)%00%(objectname)%00%(upstream:track)%00%(upstream:remotename)%00%(upstream:remoteref) refs/heads/master refs/remotes/master [1ms]
2024-09-17 15:05:35.401 [warning] [Git][getBranch] No such branch: master
2024-09-17 15:05:35.977 [info] > git show --textconv :src/tts.py [6ms]
2024-09-17 15:05:35.977 [info] > git ls-files --stage -- /home/arch/Projects/Rust/voice/src/tts.py [1ms]
2024-09-17 15:05:36.759 [info] > git show --textconv :src/text_to_speech.rs [4ms]
2024-09-17 15:05:36.760 [info] > git ls-files --stage -- /home/arch/Projects/Rust/voice/src/text_to_speech.rs [1ms]
2024-09-17 15:05:40.408 [info] [Git][getRemotes] No remotes found in the git config file
2024-09-17 15:05:40.412 [info] > git config --get commit.template [5ms]
2024-09-17 15:05:40.412 [info] > git for-each-ref --format=%(refname)%00%(upstream:short)%00%(objectname)%00%(upstream:track)%00%(upstream:remotename)%00%(upstream:remoteref) refs/heads/master refs/remotes/master [0ms]
2024-09-17 15:05:40.412 [warning] [Git][getBranch] No such branch: master
2024-09-17 15:05:40.417 [info] > git status -z -uall [1ms]
2024-09-17 15:05:40.422 [info] > git for-each-ref --format=%(refname)%00%(upstream:short)%00%(objectname)%00%(upstream:track)%00%(upstream:remotename)%00%(upstream:remoteref) refs/heads/master refs/remotes/master [1ms]
2024-09-17 15:05:40.422 [warning] [Git][getBranch] No such branch: master
2024-09-17 15:05:45.432 [info] [Git][getRemotes] No remotes found in the git config file
2024-09-17 15:05:45.432 [info] > git config --get commit.template [4ms]
2024-09-17 15:05:45.432 [info] > git for-each-ref --format=%(refname)%00%(upstream:short)%00%(objectname)%00%(upstream:track)%00%(upstream:remotename)%00%(upstream:remoteref) refs/heads/master refs/remotes/master [0ms]
2024-09-17 15:05:45.432 [warning] [Git][getBranch] No such branch: master
2024-09-17 15:05:45.437 [info] > git status -z -uall [1ms]
2024-09-17 15:05:45.442 [info] > git for-each-ref --format=%(refname)%00%(upstream:short)%00%(objectname)%00%(upstream:track)%00%(upstream:remotename)%00%(upstream:remoteref) refs/heads/master refs/remotes/master [1ms]
2024-09-17 15:05:45.442 [warning] [Git][getBranch] No such branch: master
2024-09-17 15:06:03.620 [info] [Git][getRemotes] No remotes found in the git config file
2024-09-17 15:06:03.620 [info] > git config --get commit.template [5ms]
2024-09-17 15:06:03.620 [info] > git for-each-ref --format=%(refname)%00%(upstream:short)%00%(objectname)%00%(upstream:track)%00%(upstream:remotename)%00%(upstream:remoteref) refs/heads/master refs/remotes/master [1ms]
2024-09-17 15:06:03.620 [warning] [Git][getBranch] No such branch: master
2024-09-17 15:06:03.625 [info] > git status -z -uall [1ms]
2024-09-17 15:06:03.630 [info] > git for-each-ref --format=%(refname)%00%(upstream:short)%00%(objectname)%00%(upstream:track)%00%(upstream:remotename)%00%(upstream:remoteref) refs/heads/master refs/remotes/master [1ms]
2024-09-17 15:06:03.630 [warning] [Git][getBranch] No such branch: master
2024-09-17 15:06:08.641 [info] [Git][getRemotes] No remotes found in the git config file
2024-09-17 15:06:08.642 [info] > git config --get commit.template [5ms]
2024-09-17 15:06:08.642 [info] > git for-each-ref --format=%(refname)%00%(upstream:short)%00%(objectname)%00%(upstream:track)%00%(upstream:remotename)%00%(upstream:remoteref) refs/heads/master refs/remotes/master [1ms]
2024-09-17 15:06:08.642 [warning] [Git][getBranch] No such branch: master
2024-09-17 15:06:08.647 [info] > git status -z -uall [1ms]
2024-09-17 15:06:08.651 [info] > git for-each-ref --format=%(refname)%00%(upstream:short)%00%(objectname)%00%(upstream:track)%00%(upstream:remotename)%00%(upstream:remoteref) refs/heads/master refs/remotes/master [1ms]
2024-09-17 15:06:08.651 [warning] [Git][getBranch] No such branch: master
2024-09-17 15:07:28.279 [info] [Git][getRemotes] No remotes found in the git config file
2024-09-17 15:07:28.279 [info] > git config --get commit.template [5ms]
2024-09-17 15:07:28.280 [info] > git for-each-ref --format=%(refname)%00%(upstream:short)%00%(objectname)%00%(upstream:track)%00%(upstream:remotename)%00%(upstream:remoteref) refs/heads/master refs/remotes/master [1ms]
2024-09-17 15:07:28.280 [warning] [Git][getBranch] No such branch: master
2024-09-17 15:07:28.284 [info] > git status -z -uall [1ms]
2024-09-17 15:07:28.289 [info] > git for-each-ref --format=%(refname)%00%(upstream:short)%00%(objectname)%00%(upstream:track)%00%(upstream:remotename)%00%(upstream:remoteref) refs/heads/master refs/remotes/master [1ms]
2024-09-17 15:07:28.289 [warning] [Git][getBranch] No such branch: master
2024-09-17 15:07:33.296 [info] [Git][getRemotes] No remotes found in the git config file
2024-09-17 15:07:33.297 [info] > git config --get commit.template [4ms]
2024-09-17 15:07:33.297 [info] > git for-each-ref --format=%(refname)%00%(upstream:short)%00%(objectname)%00%(upstream:track)%00%(upstream:remotename)%00%(upstream:remoteref) refs/heads/master refs/remotes/master [1ms]
2024-09-17 15:07:33.297 [warning] [Git][getBranch] No such branch: master
2024-09-17 15:07:33.302 [info] > git status -z -uall [1ms]
2024-09-17 15:07:33.306 [info] > git for-each-ref --format=%(refname)%00%(upstream:short)%00%(objectname)%00%(upstream:track)%00%(upstream:remotename)%00%(upstream:remoteref) refs/heads/master refs/remotes/master [1ms]
2024-09-17 15:07:33.306 [warning] [Git][getBranch] No such branch: master
2024-09-17 15:07:38.317 [info] [Git][getRemotes] No remotes found in the git config file
2024-09-17 15:07:38.317 [info] > git config --get commit.template [4ms]
2024-09-17 15:07:38.317 [info] > git for-each-ref --format=%(refname)%00%(upstream:short)%00%(objectname)%00%(upstream:track)%00%(upstream:remotename)%00%(upstream:remoteref) refs/heads/master refs/remotes/master [0ms]
2024-09-17 15:07:38.317 [warning] [Git][getBranch] No such branch: master
2024-09-17 15:07:38.322 [info] > git status -z -uall [1ms]
2024-09-17 15:07:38.326 [info] > git for-each-ref --format=%(refname)%00%(upstream:short)%00%(objectname)%00%(upstream:track)%00%(upstream:remotename)%00%(upstream:remoteref) refs/heads/master refs/remotes/master [0ms]
2024-09-17 15:07:38.326 [warning] [Git][getBranch] No such branch: master
2024-09-17 15:08:14.745 [info] > git show --textconv :src/text_to_speech.rs [3ms]
2024-09-17 15:08:14.746 [info] > git ls-files --stage -- /home/arch/Projects/Rust/voice/src/text_to_speech.rs [1ms]
2024-09-17 15:08:34.784 [info] > git show --textconv :src/text_to_speech.rs [4ms]
2024-09-17 15:08:34.785 [info] > git ls-files --stage -- /home/arch/Projects/Rust/voice/src/text_to_speech.rs [1ms]
2024-09-17 15:10:09.057 [info] [Git][getRemotes] No remotes found in the git config file
2024-09-17 15:10:09.057 [info] > git config --get commit.template [5ms]
2024-09-17 15:10:09.057 [info] > git for-each-ref --format=%(refname)%00%(upstream:short)%00%(objectname)%00%(upstream:track)%00%(upstream:remotename)%00%(upstream:remoteref) refs/heads/master refs/remotes/master [0ms]
2024-09-17 15:10:09.057 [warning] [Git][getBranch] No such branch: master
2024-09-17 15:10:09.062 [info] > git status -z -uall [1ms]
2024-09-17 15:10:09.067 [info] > git for-each-ref --format=%(refname)%00%(upstream:short)%00%(objectname)%00%(upstream:track)%00%(upstream:remotename)%00%(upstream:remoteref) refs/heads/master refs/remotes/master [1ms]
2024-09-17 15:10:09.067 [warning] [Git][getBranch] No such branch: master
2024-09-17 15:10:14.092 [info] [Git][getRemotes] No remotes found in the git config file
2024-09-17 15:10:14.092 [info] > git for-each-ref --format=%(refname)%00%(upstream:short)%00%(objectname)%00%(upstream:track)%00%(upstream:remotename)%00%(upstream:remoteref) refs/heads/master refs/remotes/master [1ms]
2024-09-17 15:10:14.092 [warning] [Git][getBranch] No such branch: master
2024-09-17 15:10:14.092 [info] > git config --get commit.template [7ms]
2024-09-17 15:10:14.109 [info] > git status -z -uall [5ms]
2024-09-17 15:10:14.128 [info] > git for-each-ref --format=%(refname)%00%(upstream:short)%00%(objectname)%00%(upstream:track)%00%(upstream:remotename)%00%(upstream:remoteref) refs/heads/master refs/remotes/master [2ms]
2024-09-17 15:10:14.128 [warning] [Git][getBranch] No such branch: master
2024-09-17 15:10:19.135 [info] [Git][getRemotes] No remotes found in the git config file
2024-09-17 15:10:19.135 [info] > git config --get commit.template [4ms]
2024-09-17 15:10:19.136 [info] > git for-each-ref --format=%(refname)%00%(upstream:short)%00%(objectname)%00%(upstream:track)%00%(upstream:remotename)%00%(upstream:remoteref) refs/heads/master refs/remotes/master [1ms]
2024-09-17 15:10:19.136 [warning] [Git][getBranch] No such branch: master
2024-09-17 15:10:19.140 [info] > git status -z -uall [1ms]
2024-09-17 15:10:19.144 [info] > git for-each-ref --format=%(refname)%00%(upstream:short)%00%(objectname)%00%(upstream:track)%00%(upstream:remotename)%00%(upstream:remoteref) refs/heads/master refs/remotes/master [0ms]
2024-09-17 15:10:19.144 [warning] [Git][getBranch] No such branch: master
2024-09-17 15:11:21.797 [info] [Git][getRemotes] No remotes found in the git config file
2024-09-17 15:11:21.798 [info] > git config --get commit.template [5ms]
2024-09-17 15:11:21.798 [info] > git for-each-ref --format=%(refname)%00%(upstream:short)%00%(objectname)%00%(upstream:track)%00%(upstream:remotename)%00%(upstream:remoteref) refs/heads/master refs/remotes/master [1ms]
2024-09-17 15:11:21.798 [warning] [Git][getBranch] No such branch: master
2024-09-17 15:11:21.803 [info] > git status -z -uall [1ms]
2024-09-17 15:11:21.807 [info] > git for-each-ref --format=%(refname)%00%(upstream:short)%00%(objectname)%00%(upstream:track)%00%(upstream:remotename)%00%(upstream:remoteref) refs/heads/master refs/remotes/master [1ms]
2024-09-17 15:11:21.807 [warning] [Git][getBranch] No such branch: master
2024-09-17 15:11:42.296 [info] [Git][getRemotes] No remotes found in the git config file
2024-09-17 15:11:42.296 [info] > git config --get commit.template [5ms]
2024-09-17 15:11:42.297 [info] > git for-each-ref --format=%(refname)%00%(upstream:short)%00%(objectname)%00%(upstream:track)%00%(upstream:remotename)%00%(upstream:remoteref) refs/heads/master refs/remotes/master [1ms]
2024-09-17 15:11:42.297 [warning] [Git][getBranch] No such branch: master
2024-09-17 15:11:42.301 [info] > git status -z -uall [1ms]
2024-09-17 15:11:42.306 [info] > git for-each-ref --format=%(refname)%00%(upstream:short)%00%(objectname)%00%(upstream:track)%00%(upstream:remotename)%00%(upstream:remoteref) refs/heads/master refs/remotes/master [1ms]
2024-09-17 15:11:42.306 [warning] [Git][getBranch] No such branch: master
2024-09-17 15:11:54.523 [info] [Git][getRemotes] No remotes found in the git config file
2024-09-17 15:11:54.523 [info] > git config --get commit.template [4ms]
2024-09-17 15:11:54.524 [info] > git for-each-ref --format=%(refname)%00%(upstream:short)%00%(objectname)%00%(upstream:track)%00%(upstream:remotename)%00%(upstream:remoteref) refs/heads/master refs/remotes/master [1ms]
2024-09-17 15:11:54.524 [warning] [Git][getBranch] No such branch: master
2024-09-17 15:11:54.528 [info] > git status -z -uall [1ms]
2024-09-17 15:11:54.533 [info] > git for-each-ref --format=%(refname)%00%(upstream:short)%00%(objectname)%00%(upstream:track)%00%(upstream:remotename)%00%(upstream:remoteref) refs/heads/master refs/remotes/master [1ms]
2024-09-17 15:11:54.533 [warning] [Git][getBranch] No such branch: master
2024-09-17 15:11:59.563 [info] [Git][getRemotes] No remotes found in the git config file
2024-09-17 15:11:59.564 [info] > git for-each-ref --format=%(refname)%00%(upstream:short)%00%(objectname)%00%(upstream:track)%00%(upstream:remotename)%00%(upstream:remoteref) refs/heads/master refs/remotes/master [1ms]
2024-09-17 15:11:59.564 [warning] [Git][getBranch] No such branch: master
2024-09-17 15:11:59.564 [info] > git config --get commit.template [10ms]
2024-09-17 15:11:59.574 [info] > git status -z -uall [1ms]
2024-09-17 15:11:59.604 [info] > git for-each-ref --format=%(refname)%00%(upstream:short)%00%(objectname)%00%(upstream:track)%00%(upstream:remotename)%00%(upstream:remoteref) refs/heads/master refs/remotes/master [5ms]
2024-09-17 15:11:59.604 [warning] [Git][getBranch] No such branch: master
2024-09-17 15:12:04.611 [info] [Git][getRemotes] No remotes found in the git config file
2024-09-17 15:12:04.611 [info] > git config --get commit.template [4ms]
2024-09-17 15:12:04.612 [info] > git for-each-ref --format=%(refname)%00%(upstream:short)%00%(objectname)%00%(upstream:track)%00%(upstream:remotename)%00%(upstream:remoteref) refs/heads/master refs/remotes/master [1ms]
2024-09-17 15:12:04.612 [warning] [Git][getBranch] No such branch: master
2024-09-17 15:12:04.616 [info] > git status -z -uall [1ms]
2024-09-17 15:12:04.621 [info] > git for-each-ref --format=%(refname)%00%(upstream:short)%00%(objectname)%00%(upstream:track)%00%(upstream:remotename)%00%(upstream:remoteref) refs/heads/master refs/remotes/master [1ms]
2024-09-17 15:12:04.621 [warning] [Git][getBranch] No such branch: master
2024-09-17 15:12:10.483 [info] [Git][getRemotes] No remotes found in the git config file
2024-09-17 15:12:10.484 [info] > git config --get commit.template [5ms]
2024-09-17 15:12:10.484 [info] > git for-each-ref --format=%(refname)%00%(upstream:short)%00%(objectname)%00%(upstream:track)%00%(upstream:remotename)%00%(upstream:remoteref) refs/heads/master refs/remotes/master [1ms]
2024-09-17 15:12:10.484 [warning] [Git][getBranch] No such branch: master
2024-09-17 15:12:10.489 [info] > git status -z -uall [1ms]
2024-09-17 15:12:10.494 [info] > git for-each-ref --format=%(refname)%00%(upstream:short)%00%(objectname)%00%(upstream:track)%00%(upstream:remotename)%00%(upstream:remoteref) refs/heads/master refs/remotes/master [1ms]
2024-09-17 15:12:10.494 [warning] [Git][getBranch] No such branch: master
2024-09-17 15:16:38.409 [info] > git show --textconv :Cargo.toml [4ms]
2024-09-17 15:16:38.409 [info] > git ls-files --stage -- /home/arch/Projects/Rust/voice/Cargo.toml [0ms]
2024-09-17 15:16:46.280 [info] [Git][getRemotes] No remotes found in the git config file
2024-09-17 15:16:46.281 [info] > git config --get commit.template [3ms]
2024-09-17 15:16:46.281 [info] > git for-each-ref --format=%(refname)%00%(upstream:short)%00%(objectname)%00%(upstream:track)%00%(upstream:remotename)%00%(upstream:remoteref) refs/heads/master refs/remotes/master [1ms]
2024-09-17 15:16:46.281 [warning] [Git][getBranch] No such branch: master
2024-09-17 15:16:46.285 [info] > git status -z -uall [1ms]
2024-09-17 15:16:46.290 [info] > git for-each-ref --format=%(refname)%00%(upstream:short)%00%(objectname)%00%(upstream:track)%00%(upstream:remotename)%00%(upstream:remoteref) refs/heads/master refs/remotes/master [1ms]
2024-09-17 15:16:46.290 [warning] [Git][getBranch] No such branch: master
2024-09-17 15:16:51.298 [info] [Git][getRemotes] No remotes found in the git config file
2024-09-17 15:16:51.299 [info] > git config --get commit.template [5ms]
2024-09-17 15:16:51.299 [info] > git for-each-ref --format=%(refname)%00%(upstream:short)%00%(objectname)%00%(upstream:track)%00%(upstream:remotename)%00%(upstream:remoteref) refs/heads/master refs/remotes/master [1ms]
2024-09-17 15:16:51.299 [warning] [Git][getBranch] No such branch: master
2024-09-17 15:16:51.303 [info] > git status -z -uall [1ms]
2024-09-17 15:16:51.308 [info] > git for-each-ref --format=%(refname)%00%(upstream:short)%00%(objectname)%00%(upstream:track)%00%(upstream:remotename)%00%(upstream:remoteref) refs/heads/master refs/remotes/master [1ms]
2024-09-17 15:16:51.308 [warning] [Git][getBranch] No such branch: master
2024-09-17 15:16:56.315 [info] [Git][getRemotes] No remotes found in the git config file
2024-09-17 15:16:56.316 [info] > git config --get commit.template [4ms]
2024-09-17 15:16:56.316 [info] > git for-each-ref --format=%(refname)%00%(upstream:short)%00%(objectname)%00%(upstream:track)%00%(upstream:remotename)%00%(upstream:remoteref) refs/heads/master refs/remotes/master [1ms]
2024-09-17 15:16:56.316 [warning] [Git][getBranch] No such branch: master
2024-09-17 15:16:56.321 [info] > git status -z -uall [2ms]
2024-09-17 15:16:56.325 [info] > git for-each-ref --format=%(refname)%00%(upstream:short)%00%(objectname)%00%(upstream:track)%00%(upstream:remotename)%00%(upstream:remoteref) refs/heads/master refs/remotes/master [1ms]
2024-09-17 15:16:56.325 [warning] [Git][getBranch] No such branch: master
2024-09-17 15:17:06.507 [info] [Git][getRemotes] No remotes found in the git config file
2024-09-17 15:17:06.508 [info] > git config --get commit.template [4ms]
2024-09-17 15:17:06.508 [info] > git for-each-ref --format=%(refname)%00%(upstream:short)%00%(objectname)%00%(upstream:track)%00%(upstream:remotename)%00%(upstream:remoteref) refs/heads/master refs/remotes/master [1ms]
2024-09-17 15:17:06.508 [warning] [Git][getBranch] No such branch: master
2024-09-17 15:17:06.512 [info] > git status -z -uall [1ms]
2024-09-17 15:17:06.516 [info] > git for-each-ref --format=%(refname)%00%(upstream:short)%00%(objectname)%00%(upstream:track)%00%(upstream:remotename)%00%(upstream:remoteref) refs/heads/master refs/remotes/master [1ms]
2024-09-17 15:17:06.516 [warning] [Git][getBranch] No such branch: master
2024-09-17 15:17:46.806 [info] [Git][getRemotes] No remotes found in the git config file
2024-09-17 15:17:46.806 [info] > git config --get commit.template [4ms]
2024-09-17 15:17:46.806 [info] > git for-each-ref --format=%(refname)%00%(upstream:short)%00%(objectname)%00%(upstream:track)%00%(upstream:remotename)%00%(upstream:remoteref) refs/heads/master refs/remotes/master [0ms]
2024-09-17 15:17:46.806 [warning] [Git][getBranch] No such branch: master
2024-09-17 15:17:46.810 [info] > git status -z -uall [1ms]
2024-09-17 15:17:46.814 [info] > git for-each-ref --format=%(refname)%00%(upstream:short)%00%(objectname)%00%(upstream:track)%00%(upstream:remotename)%00%(upstream:remoteref) refs/heads/master refs/remotes/master [1ms]
2024-09-17 15:17:46.814 [warning] [Git][getBranch] No such branch: master
2024-09-17 15:17:57.130 [info] > git config --get commit.template [2ms]
2024-09-17 15:17:57.147 [info] [Git][getRemotes] No remotes found in the git config file
2024-09-17 15:17:57.147 [info] > git for-each-ref --format=%(refname)%00%(upstream:short)%00%(objectname)%00%(upstream:track)%00%(upstream:remotename)%00%(upstream:remoteref) refs/heads/master refs/remotes/master [0ms]
2024-09-17 15:17:57.147 [warning] [Git][getBranch] No such branch: master
2024-09-17 15:17:57.159 [info] > git status -z -uall [0ms]
2024-09-17 15:17:57.179 [info] > git for-each-ref --format=%(refname)%00%(upstream:short)%00%(objectname)%00%(upstream:track)%00%(upstream:remotename)%00%(upstream:remoteref) refs/heads/master refs/remotes/master [7ms]
2024-09-17 15:17:57.179 [warning] [Git][getBranch] No such branch: master
2024-09-17 15:18:06.370 [info] [Git][getRemotes] No remotes found in the git config file
2024-09-17 15:18:06.370 [info] > git config --get commit.template [6ms]
2024-09-17 15:18:06.370 [info] > git for-each-ref --format=%(refname)%00%(upstream:short)%00%(objectname)%00%(upstream:track)%00%(upstream:remotename)%00%(upstream:remoteref) refs/heads/master refs/remotes/master [1ms]
2024-09-17 15:18:06.370 [warning] [Git][getBranch] No such branch: master
2024-09-17 15:18:06.376 [info] > git status -z -uall [1ms]
2024-09-17 15:18:06.385 [info] > git for-each-ref --format=%(refname)%00%(upstream:short)%00%(objectname)%00%(upstream:track)%00%(upstream:remotename)%00%(upstream:remoteref) refs/heads/master refs/remotes/master [2ms]
2024-09-17 15:18:06.385 [warning] [Git][getBranch] No such branch: master
2024-09-17 15:18:11.393 [info] [Git][getRemotes] No remotes found in the git config file
2024-09-17 15:18:11.394 [info] > git config --get commit.template [4ms]
2024-09-17 15:18:11.394 [info] > git for-each-ref --format=%(refname)%00%(upstream:short)%00%(objectname)%00%(upstream:track)%00%(upstream:remotename)%00%(upstream:remoteref) refs/heads/master refs/remotes/master [1ms]
2024-09-17 15:18:11.394 [warning] [Git][getBranch] No such branch: master
2024-09-17 15:18:11.398 [info] > git status -z -uall [1ms]
2024-09-17 15:18:11.403 [info] > git for-each-ref --format=%(refname)%00%(upstream:short)%00%(objectname)%00%(upstream:track)%00%(upstream:remotename)%00%(upstream:remoteref) refs/heads/master refs/remotes/master [0ms]
2024-09-17 15:18:11.403 [warning] [Git][getBranch] No such branch: master
2024-09-17 15:18:17.573 [info] > git show --textconv :Cargo.toml [4ms]
2024-09-17 15:18:17.573 [info] > git ls-files --stage -- /home/arch/Projects/Rust/voice/Cargo.toml [0ms]
2024-09-17 15:18:18.049 [info] > git show --textconv :src/text_to_speech.rs [4ms]
2024-09-17 15:18:18.049 [info] > git ls-files --stage -- /home/arch/Projects/Rust/voice/src/text_to_speech.rs [0ms]
2024-09-17 15:18:33.588 [info] [Git][getRemotes] No remotes found in the git config file
2024-09-17 15:18:33.588 [info] > git for-each-ref --format=%(refname)%00%(upstream:short)%00%(objectname)%00%(upstream:track)%00%(upstream:remotename)%00%(upstream:remoteref) refs/heads/master refs/remotes/master [1ms]
2024-09-17 15:18:33.588 [warning] [Git][getBranch] No such branch: master
2024-09-17 15:18:33.589 [info] > git config --get commit.template [11ms]
2024-09-17 15:18:33.609 [info] > git status -z -uall [5ms]
2024-09-17 15:18:33.632 [info] > git for-each-ref --format=%(refname)%00%(upstream:short)%00%(objectname)%00%(upstream:track)%00%(upstream:remotename)%00%(upstream:remoteref) refs/heads/master refs/remotes/master [9ms]
2024-09-17 15:18:33.632 [warning] [Git][getBranch] No such branch: master
2024-09-17 15:18:38.641 [info] [Git][getRemotes] No remotes found in the git config file
2024-09-17 15:18:38.642 [info] > git config --get commit.template [4ms]
2024-09-17 15:18:38.642 [info] > git for-each-ref --format=%(refname)%00%(upstream:short)%00%(objectname)%00%(upstream:track)%00%(upstream:remotename)%00%(upstream:remoteref) refs/heads/master refs/remotes/master [1ms]
2024-09-17 15:18:38.642 [warning] [Git][getBranch] No such branch: master
2024-09-17 15:18:38.646 [info] > git status -z -uall [1ms]
2024-09-17 15:18:38.651 [info] > git for-each-ref --format=%(refname)%00%(upstream:short)%00%(objectname)%00%(upstream:track)%00%(upstream:remotename)%00%(upstream:remoteref) refs/heads/master refs/remotes/master [1ms]
2024-09-17 15:18:38.651 [warning] [Git][getBranch] No such branch: master
2024-09-17 15:18:43.664 [info] [Git][getRemotes] No remotes found in the git config file
2024-09-17 15:18:43.664 [info] > git config --get commit.template [6ms]
2024-09-17 15:18:43.665 [info] > git for-each-ref --format=%(refname)%00%(upstream:short)%00%(objectname)%00%(upstream:track)%00%(upstream:remotename)%00%(upstream:remoteref) refs/heads/master refs/remotes/master [1ms]
2024-09-17 15:18:43.665 [warning] [Git][getBranch] No such branch: master
2024-09-17 15:18:43.671 [info] > git status -z -uall [1ms]
2024-09-17 15:18:43.678 [info] > git for-each-ref --format=%(refname)%00%(upstream:short)%00%(objectname)%00%(upstream:track)%00%(upstream:remotename)%00%(upstream:remoteref) refs/heads/master refs/remotes/master [1ms]
2024-09-17 15:18:43.678 [warning] [Git][getBranch] No such branch: master
2024-09-17 15:19:14.745 [info] [Git][getRemotes] No remotes found in the git config file
2024-09-17 15:19:14.746 [info] > git config --get commit.template [3ms]
2024-09-17 15:19:14.746 [info] > git for-each-ref --format=%(refname)%00%(upstream:short)%00%(objectname)%00%(upstream:track)%00%(upstream:remotename)%00%(upstream:remoteref) refs/heads/master refs/remotes/master [1ms]
2024-09-17 15:19:14.746 [warning] [Git][getBranch] No such branch: master
2024-09-17 15:19:14.751 [info] > git status -z -uall [1ms]
2024-09-17 15:19:14.755 [info] > git for-each-ref --format=%(refname)%00%(upstream:short)%00%(objectname)%00%(upstream:track)%00%(upstream:remotename)%00%(upstream:remoteref) refs/heads/master refs/remotes/master [1ms]
2024-09-17 15:19:14.755 [warning] [Git][getBranch] No such branch: master
2024-09-17 15:19:23.340 [info] > git show --textconv :src/text_to_speech.rs [3ms]
2024-09-17 15:19:23.340 [info] > git ls-files --stage -- /home/arch/Projects/Rust/voice/src/text_to_speech.rs [1ms]
2024-09-17 15:20:44.099 [info] > git show --textconv :Cargo.toml [4ms]
2024-09-17 15:20:44.100 [info] > git ls-files --stage -- /home/arch/Projects/Rust/voice/Cargo.toml [0ms]
2024-09-17 15:20:57.112 [info] > git show --textconv :src/text_to_speech.rs [5ms]
2024-09-17 15:20:57.113 [info] > git ls-files --stage -- /home/arch/Projects/Rust/voice/src/text_to_speech.rs [1ms]
2024-09-17 15:20:57.126 [info] [Git][getRemotes] No remotes found in the git config file
2024-09-17 15:20:57.127 [info] > git config --get commit.template [5ms]
2024-09-17 15:20:57.127 [info] > git for-each-ref --format=%(refname)%00%(upstream:short)%00%(objectname)%00%(upstream:track)%00%(upstream:remotename)%00%(upstream:remoteref) refs/heads/master refs/remotes/master [1ms]
2024-09-17 15:20:57.127 [warning] [Git][getBranch] No such branch: master
2024-09-17 15:20:57.132 [info] > git status -z -uall [1ms]
2024-09-17 15:20:57.136 [info] > git for-each-ref --format=%(refname)%00%(upstream:short)%00%(objectname)%00%(upstream:track)%00%(upstream:remotename)%00%(upstream:remoteref) refs/heads/master refs/remotes/master [0ms]
2024-09-17 15:20:57.137 [warning] [Git][getBranch] No such branch: master
2024-09-17 15:22:01.475 [info] [Git][getRemotes] No remotes found in the git config file
2024-09-17 15:22:01.475 [info] > git config --get commit.template [4ms]
2024-09-17 15:22:01.476 [info] > git for-each-ref --format=%(refname)%00%(upstream:short)%00%(objectname)%00%(upstream:track)%00%(upstream:remotename)%00%(upstream:remoteref) refs/heads/master refs/remotes/master [1ms]
2024-09-17 15:22:01.476 [warning] [Git][getBranch] No such branch: master
2024-09-17 15:22:01.480 [info] > git status -z -uall [1ms]
2024-09-17 15:22:01.485 [info] > git for-each-ref --format=%(refname)%00%(upstream:short)%00%(objectname)%00%(upstream:track)%00%(upstream:remotename)%00%(upstream:remoteref) refs/heads/master refs/remotes/master [1ms]
2024-09-17 15:22:01.485 [warning] [Git][getBranch] No such branch: master
2024-09-17 15:22:16.418 [info] [Git][getRemotes] No remotes found in the git config file
2024-09-17 15:22:16.419 [info] > git config --get commit.template [4ms]
2024-09-17 15:22:16.419 [info] > git for-each-ref --format=%(refname)%00%(upstream:short)%00%(objectname)%00%(upstream:track)%00%(upstream:remotename)%00%(upstream:remoteref) refs/heads/master refs/remotes/master [1ms]
2024-09-17 15:22:16.419 [warning] [Git][getBranch] No such branch: master
2024-09-17 15:22:16.423 [info] > git status -z -uall [1ms]
2024-09-17 15:22:16.428 [info] > git for-each-ref --format=%(refname)%00%(upstream:short)%00%(objectname)%00%(upstream:track)%00%(upstream:remotename)%00%(upstream:remoteref) refs/heads/master refs/remotes/master [1ms]
2024-09-17 15:22:16.428 [warning] [Git][getBranch] No such branch: master
2024-09-17 15:22:21.439 [info] [Git][getRemotes] No remotes found in the git config file
2024-09-17 15:22:21.440 [info] > git config --get commit.template [4ms]
2024-09-17 15:22:21.440 [info] > git for-each-ref --format=%(refname)%00%(upstream:short)%00%(objectname)%00%(upstream:track)%00%(upstream:remotename)%00%(upstream:remoteref) refs/heads/master refs/remotes/master [1ms]
2024-09-17 15:22:21.440 [warning] [Git][getBranch] No such branch: master
2024-09-17 15:22:21.444 [info] > git status -z -uall [1ms]
2024-09-17 15:22:21.449 [info] > git for-each-ref --format=%(refname)%00%(upstream:short)%00%(objectname)%00%(upstream:track)%00%(upstream:remotename)%00%(upstream:remoteref) refs/heads/master refs/remotes/master [1ms]
2024-09-17 15:22:21.449 [warning] [Git][getBranch] No such branch: master
2024-09-17 15:22:26.850 [info] > git show --textconv :src/build.rs [4ms]
2024-09-17 15:22:26.851 [info] > git ls-files --stage -- /home/arch/Projects/Rust/voice/src/build.rs [1ms]
2024-09-17 15:23:16.315 [info] [Git][getRemotes] No remotes found in the git config file
2024-09-17 15:23:16.315 [info] > git config --get commit.template [4ms]
2024-09-17 15:23:16.316 [info] > git for-each-ref --format=%(refname)%00%(upstream:short)%00%(objectname)%00%(upstream:track)%00%(upstream:remotename)%00%(upstream:remoteref) refs/heads/master refs/remotes/master [1ms]
2024-09-17 15:23:16.316 [warning] [Git][getBranch] No such branch: master
2024-09-17 15:23:16.320 [info] > git status -z -uall [1ms]
2024-09-17 15:23:16.325 [info] > git for-each-ref --format=%(refname)%00%(upstream:short)%00%(objectname)%00%(upstream:track)%00%(upstream:remotename)%00%(upstream:remoteref) refs/heads/master refs/remotes/master [1ms]
2024-09-17 15:23:16.325 [warning] [Git][getBranch] No such branch: master
2024-09-17 15:23:38.866 [info] [Git][getRemotes] No remotes found in the git config file
2024-09-17 15:23:38.866 [info] > git config --get commit.template [4ms]
2024-09-17 15:23:38.867 [info] > git for-each-ref --format=%(refname)%00%(upstream:short)%00%(objectname)%00%(upstream:track)%00%(upstream:remotename)%00%(upstream:remoteref) refs/heads/master refs/remotes/master [1ms]
2024-09-17 15:23:38.867 [warning] [Git][getBranch] No such branch: master
2024-09-17 15:23:38.872 [info] > git status -z -uall [1ms]
2024-09-17 15:23:38.877 [info] > git for-each-ref --format=%(refname)%00%(upstream:short)%00%(objectname)%00%(upstream:track)%00%(upstream:remotename)%00%(upstream:remoteref) refs/heads/master refs/remotes/master [1ms]
2024-09-17 15:23:38.877 [warning] [Git][getBranch] No such branch: master
2024-09-17 15:23:56.012 [info] [Git][getRemotes] No remotes found in the git config file
2024-09-17 15:23:56.013 [info] > git config --get commit.template [5ms]
2024-09-17 15:23:56.013 [info] > git for-each-ref --format=%(refname)%00%(upstream:short)%00%(objectname)%00%(upstream:track)%00%(upstream:remotename)%00%(upstream:remoteref) refs/heads/master refs/remotes/master [1ms]
2024-09-17 15:23:56.013 [warning] [Git][getBranch] No such branch: master
2024-09-17 15:23:56.018 [info] > git status -z -uall [1ms]
2024-09-17 15:23:56.023 [info] > git for-each-ref --format=%(refname)%00%(upstream:short)%00%(objectname)%00%(upstream:track)%00%(upstream:remotename)%00%(upstream:remoteref) refs/heads/master refs/remotes/master [1ms]
2024-09-17 15:23:56.023 [warning] [Git][getBranch] No such branch: master
2024-09-17 15:24:25.277 [info] [Git][getRemotes] No remotes found in the git config file
2024-09-17 15:24:25.278 [info] > git config --get commit.template [5ms]
2024-09-17 15:24:25.278 [info] > git for-each-ref --format=%(refname)%00%(upstream:short)%00%(objectname)%00%(upstream:track)%00%(upstream:remotename)%00%(upstream:remoteref) refs/heads/master refs/remotes/master [1ms]
2024-09-17 15:24:25.278 [warning] [Git][getBranch] No such branch: master
2024-09-17 15:24:25.283 [info] > git status -z -uall [1ms]
2024-09-17 15:24:25.287 [info] > git for-each-ref --format=%(refname)%00%(upstream:short)%00%(objectname)%00%(upstream:track)%00%(upstream:remotename)%00%(upstream:remoteref) refs/heads/master refs/remotes/master [1ms]
2024-09-17 15:24:25.287 [warning] [Git][getBranch] No such branch: master
2024-09-17 15:24:33.116 [info] [Git][getRemotes] No remotes found in the git config file
2024-09-17 15:24:33.116 [info] > git config --get commit.template [4ms]
2024-09-17 15:24:33.116 [info] > git for-each-ref --format=%(refname)%00%(upstream:short)%00%(objectname)%00%(upstream:track)%00%(upstream:remotename)%00%(upstream:remoteref) refs/heads/master refs/remotes/master [0ms]
2024-09-17 15:24:33.116 [warning] [Git][getBranch] No such branch: master
2024-09-17 15:24:33.120 [info] > git status -z -uall [1ms]
2024-09-17 15:24:33.124 [info] > git for-each-ref --format=%(refname)%00%(upstream:short)%00%(objectname)%00%(upstream:track)%00%(upstream:remotename)%00%(upstream:remoteref) refs/heads/master refs/remotes/master [0ms]
2024-09-17 15:24:33.124 [warning] [Git][getBranch] No such branch: master
2024-09-17 15:24:40.386 [info] > git show --textconv :Cargo.toml [4ms]
2024-09-17 15:24:40.386 [info] > git ls-files --stage -- /home/arch/Projects/Rust/voice/Cargo.toml [1ms]
2024-09-17 15:24:51.857 [info] [Git][getRemotes] No remotes found in the git config file
2024-09-17 15:24:51.858 [info] > git config --get commit.template [6ms]
2024-09-17 15:24:51.858 [info] > git for-each-ref --format=%(refname)%00%(upstream:short)%00%(objectname)%00%(upstream:track)%00%(upstream:remotename)%00%(upstream:remoteref) refs/heads/master refs/remotes/master [1ms]
2024-09-17 15:24:51.858 [warning] [Git][getBranch] No such branch: master
2024-09-17 15:24:51.864 [info] > git status -z -uall [2ms]
2024-09-17 15:24:51.868 [info] > git for-each-ref --format=%(refname)%00%(upstream:short)%00%(objectname)%00%(upstream:track)%00%(upstream:remotename)%00%(upstream:remoteref) refs/heads/master refs/remotes/master [1ms]
2024-09-17 15:24:51.868 [warning] [Git][getBranch] No such branch: master
2024-09-17 15:24:56.874 [info] [Git][getRemotes] No remotes found in the git config file
2024-09-17 15:24:56.877 [info] > git config --get commit.template [4ms]
2024-09-17 15:24:56.878 [info] > git for-each-ref --format=%(refname)%00%(upstream:short)%00%(objectname)%00%(upstream:track)%00%(upstream:remotename)%00%(upstream:remoteref) refs/heads/master refs/remotes/master [1ms]
2024-09-17 15:24:56.878 [warning] [Git][getBranch] No such branch: master
2024-09-17 15:24:56.882 [info] > git status -z -uall [1ms]
2024-09-17 15:24:56.887 [info] > git for-each-ref --format=%(refname)%00%(upstream:short)%00%(objectname)%00%(upstream:track)%00%(upstream:remotename)%00%(upstream:remoteref) refs/heads/master refs/remotes/master [1ms]
2024-09-17 15:24:56.887 [warning] [Git][getBranch] No such branch: master
2024-09-17 15:25:01.897 [info] [Git][getRemotes] No remotes found in the git config file
2024-09-17 15:25:01.897 [info] > git config --get commit.template [4ms]
2024-09-17 15:25:01.898 [info] > git for-each-ref --format=%(refname)%00%(upstream:short)%00%(objectname)%00%(upstream:track)%00%(upstream:remotename)%00%(upstream:remoteref) refs/heads/master refs/remotes/master [1ms]
2024-09-17 15:25:01.898 [warning] [Git][getBranch] No such branch: master
2024-09-17 15:25:01.902 [info] > git status -z -uall [1ms]
2024-09-17 15:25:01.907 [info] > git for-each-ref --format=%(refname)%00%(upstream:short)%00%(objectname)%00%(upstream:track)%00%(upstream:remotename)%00%(upstream:remoteref) refs/heads/master refs/remotes/master [1ms]
2024-09-17 15:25:01.907 [warning] [Git][getBranch] No such branch: master
2024-09-17 15:25:25.944 [info] [Git][getRemotes] No remotes found in the git config file
2024-09-17 15:25:25.944 [info] > git config --get commit.template [5ms]
2024-09-17 15:25:25.945 [info] > git for-each-ref --format=%(refname)%00%(upstream:short)%00%(objectname)%00%(upstream:track)%00%(upstream:remotename)%00%(upstream:remoteref) refs/heads/master refs/remotes/master [1ms]
2024-09-17 15:25:25.945 [warning] [Git][getBranch] No such branch: master
2024-09-17 15:25:25.949 [info] > git status -z -uall [1ms]
2024-09-17 15:25:25.954 [info] > git for-each-ref --format=%(refname)%00%(upstream:short)%00%(objectname)%00%(upstream:track)%00%(upstream:remotename)%00%(upstream:remoteref) refs/heads/master refs/remotes/master [1ms]
2024-09-17 15:25:25.954 [warning] [Git][getBranch] No such branch: master
2024-09-17 15:25:27.629 [info] > git show --textconv :src/text_to_speech.rs [5ms]
2024-09-17 15:25:27.630 [info] > git ls-files --stage -- /home/arch/Projects/Rust/voice/src/text_to_speech.rs [1ms]
2024-09-17 15:25:52.982 [info] [Git][getRemotes] No remotes found in the git config file
2024-09-17 15:25:52.983 [info] > git config --get commit.template [4ms]
2024-09-17 15:25:52.983 [info] > git for-each-ref --format=%(refname)%00%(upstream:short)%00%(objectname)%00%(upstream:track)%00%(upstream:remotename)%00%(upstream:remoteref) refs/heads/master refs/remotes/master [1ms]
2024-09-17 15:25:52.983 [warning] [Git][getBranch] No such branch: master
2024-09-17 15:25:52.987 [info] > git status -z -uall [1ms]
2024-09-17 15:25:52.991 [info] > git for-each-ref --format=%(refname)%00%(upstream:short)%00%(objectname)%00%(upstream:track)%00%(upstream:remotename)%00%(upstream:remoteref) refs/heads/master refs/remotes/master [1ms]
2024-09-17 15:25:52.991 [warning] [Git][getBranch] No such branch: master
2024-09-17 15:25:54.302 [info] > git show --textconv :src/audio.rs [5ms]
2024-09-17 15:25:54.302 [info] > git ls-files --stage -- /home/arch/Projects/Rust/voice/src/audio.rs [1ms]
2024-09-17 15:25:54.963 [info] > git show --textconv :src/text_to_speech.rs [4ms]
2024-09-17 15:25:54.963 [info] > git ls-files --stage -- /home/arch/Projects/Rust/voice/src/text_to_speech.rs [1ms]
2024-09-17 15:25:55.435 [info] > git show --textconv :src/audio.rs [4ms]
2024-09-17 15:25:55.435 [info] > git ls-files --stage -- /home/arch/Projects/Rust/voice/src/audio.rs [0ms]
2024-09-17 15:25:56.586 [info] > git show --textconv :src/text_to_speech.rs [4ms]
2024-09-17 15:25:56.587 [info] > git ls-files --stage -- /home/arch/Projects/Rust/voice/src/text_to_speech.rs [1ms]
2024-09-17 15:26:01.145 [info] [Git][getRemotes] No remotes found in the git config file
2024-09-17 15:26:01.145 [info] > git config --get commit.template [4ms]
2024-09-17 15:26:01.146 [info] > git for-each-ref --format=%(refname)%00%(upstream:short)%00%(objectname)%00%(upstream:track)%00%(upstream:remotename)%00%(upstream:remoteref) refs/heads/master refs/remotes/master [1ms]
2024-09-17 15:26:01.146 [warning] [Git][getBranch] No such branch: master
2024-09-17 15:26:01.150 [info] > git status -z -uall [1ms]
2024-09-17 15:26:01.155 [info] > git for-each-ref --format=%(refname)%00%(upstream:short)%00%(objectname)%00%(upstream:track)%00%(upstream:remotename)%00%(upstream:remoteref) refs/heads/master refs/remotes/master [1ms]
2024-09-17 15:26:01.155 [warning] [Git][getBranch] No such branch: master
2024-09-17 15:26:33.772 [info] [Git][getRemotes] No remotes found in the git config file
2024-09-17 15:26:33.773 [info] > git config --get commit.template [5ms]
2024-09-17 15:26:33.773 [info] > git for-each-ref --format=%(refname)%00%(upstream:short)%00%(objectname)%00%(upstream:track)%00%(upstream:remotename)%00%(upstream:remoteref) refs/heads/master refs/remotes/master [1ms]
2024-09-17 15:26:33.773 [warning] [Git][getBranch] No such branch: master
2024-09-17 15:26:33.777 [info] > git status -z -uall [1ms]
2024-09-17 15:26:33.782 [info] > git for-each-ref --format=%(refname)%00%(upstream:short)%00%(objectname)%00%(upstream:track)%00%(upstream:remotename)%00%(upstream:remoteref) refs/heads/master refs/remotes/master [1ms]
2024-09-17 15:26:33.782 [warning] [Git][getBranch] No such branch: master
2024-09-17 15:27:27.955 [info] [Git][getRemotes] No remotes found in the git config file
2024-09-17 15:27:27.956 [info] > git config --get commit.template [6ms]
2024-09-17 15:27:27.956 [info] > git for-each-ref --format=%(refname)%00%(upstream:short)%00%(objectname)%00%(upstream:track)%00%(upstream:remotename)%00%(upstream:remoteref) refs/heads/master refs/remotes/master [1ms]
2024-09-17 15:27:27.956 [warning] [Git][getBranch] No such branch: master
2024-09-17 15:27:27.961 [info] > git status -z -uall [1ms]
2024-09-17 15:27:27.967 [info] > git for-each-ref --format=%(refname)%00%(upstream:short)%00%(objectname)%00%(upstream:track)%00%(upstream:remotename)%00%(upstream:remoteref) refs/heads/master refs/remotes/master [1ms]
2024-09-17 15:27:27.967 [warning] [Git][getBranch] No such branch: master
2024-09-17 15:27:30.049 [info] > git show --textconv :src/build.rs [4ms]
2024-09-17 15:27:30.050 [info] > git ls-files --stage -- /home/arch/Projects/Rust/voice/src/build.rs [1ms]
2024-09-17 15:27:43.948 [info] [Git][getRemotes] No remotes found in the git config file
2024-09-17 15:27:43.948 [info] > git config --get commit.template [5ms]
2024-09-17 15:27:43.948 [info] > git for-each-ref --format=%(refname)%00%(upstream:short)%00%(objectname)%00%(upstream:track)%00%(upstream:remotename)%00%(upstream:remoteref) refs/heads/master refs/remotes/master [0ms]
2024-09-17 15:27:43.948 [warning] [Git][getBranch] No such branch: master
2024-09-17 15:27:43.953 [info] > git status -z -uall [1ms]
2024-09-17 15:27:43.957 [info] > git for-each-ref --format=%(refname)%00%(upstream:short)%00%(objectname)%00%(upstream:track)%00%(upstream:remotename)%00%(upstream:remoteref) refs/heads/master refs/remotes/master [0ms]
2024-09-17 15:27:43.957 [warning] [Git][getBranch] No such branch: master
2024-09-17 15:27:44.002 [info] > git show --textconv :src/text_to_speech.rs [3ms]
2024-09-17 15:27:44.003 [info] > git ls-files --stage -- /home/arch/Projects/Rust/voice/src/text_to_speech.rs [1ms]
2024-09-17 15:28:05.489 [info] [Git][getRemotes] No remotes found in the git config file
2024-09-17 15:28:05.489 [info] > git config --get commit.template [5ms]
2024-09-17 15:28:05.490 [info] > git for-each-ref --format=%(refname)%00%(upstream:short)%00%(objectname)%00%(upstream:track)%00%(upstream:remotename)%00%(upstream:remoteref) refs/heads/master refs/remotes/master [1ms]
2024-09-17 15:28:05.490 [warning] [Git][getBranch] No such branch: master
2024-09-17 15:28:05.495 [info] > git status -z -uall [1ms]
2024-09-17 15:28:05.500 [info] > git for-each-ref --format=%(refname)%00%(upstream:short)%00%(objectname)%00%(upstream:track)%00%(upstream:remotename)%00%(upstream:remoteref) refs/heads/master refs/remotes/master [1ms]
2024-09-17 15:28:05.500 [warning] [Git][getBranch] No such branch: master
2024-09-17 15:28:14.440 [info] [Git][getRemotes] No remotes found in the git config file
2024-09-17 15:28:14.440 [info] > git config --get commit.template [5ms]
2024-09-17 15:28:14.440 [info] > git for-each-ref --format=%(refname)%00%(upstream:short)%00%(objectname)%00%(upstream:track)%00%(upstream:remotename)%00%(upstream:remoteref) refs/heads/master refs/remotes/master [0ms]
2024-09-17 15:28:14.440 [warning] [Git][getBranch] No such branch: master
2024-09-17 15:28:14.445 [info] > git status -z -uall [1ms]
2024-09-17 15:28:14.450 [info] > git for-each-ref --format=%(refname)%00%(upstream:short)%00%(objectname)%00%(upstream:track)%00%(upstream:remotename)%00%(upstream:remoteref) refs/heads/master refs/remotes/master [1ms]
2024-09-17 15:28:14.450 [warning] [Git][getBranch] No such branch: master
2024-09-17 15:28:20.671 [info] [Git][getRemotes] No remotes found in the git config file
2024-09-17 15:28:20.672 [info] > git config --get commit.template [6ms]
2024-09-17 15:28:20.672 [info] > git for-each-ref --format=%(refname)%00%(upstream:short)%00%(objectname)%00%(upstream:track)%00%(upstream:remotename)%00%(upstream:remoteref) refs/heads/master refs/remotes/master [1ms]
2024-09-17 15:28:20.672 [warning] [Git][getBranch] No such branch: master
2024-09-17 15:28:20.676 [info] > git status -z -uall [1ms]
2024-09-17 15:28:20.681 [info] > git for-each-ref --format=%(refname)%00%(upstream:short)%00%(objectname)%00%(upstream:track)%00%(upstream:remotename)%00%(upstream:remoteref) refs/heads/master refs/remotes/master [1ms]
2024-09-17 15:28:20.681 [warning] [Git][getBranch] No such branch: master
2024-09-17 15:28:27.662 [info] > git show --textconv :src/build.rs [5ms]
2024-09-17 15:28:27.662 [info] > git ls-files --stage -- /home/arch/Projects/Rust/voice/src/build.rs [1ms]
2024-09-17 15:28:48.569 [info] [Git][getRemotes] No remotes found in the git config file
2024-09-17 15:28:48.569 [info] > git config --get commit.template [4ms]
2024-09-17 15:28:48.569 [info] > git for-each-ref --format=%(refname)%00%(upstream:short)%00%(objectname)%00%(upstream:track)%00%(upstream:remotename)%00%(upstream:remoteref) refs/heads/master refs/remotes/master [0ms]
2024-09-17 15:28:48.569 [warning] [Git][getBranch] No such branch: master
2024-09-17 15:28:48.574 [info] > git status -z -uall [1ms]
2024-09-17 15:28:48.578 [info] > git for-each-ref --format=%(refname)%00%(upstream:short)%00%(objectname)%00%(upstream:track)%00%(upstream:remotename)%00%(upstream:remoteref) refs/heads/master refs/remotes/master [1ms]
2024-09-17 15:28:48.578 [warning] [Git][getBranch] No such branch: master
2024-09-17 15:29:28.772 [info] > git show --textconv :Cargo.toml [4ms]
2024-09-17 15:29:28.773 [info] > git ls-files --stage -- /home/arch/Projects/Rust/voice/Cargo.toml [1ms]
2024-09-17 15:29:42.705 [info] [Git][getRemotes] No remotes found in the git config file
2024-09-17 15:29:42.705 [info] > git config --get commit.template [4ms]
2024-09-17 15:29:42.705 [info] > git for-each-ref --format=%(refname)%00%(upstream:short)%00%(objectname)%00%(upstream:track)%00%(upstream:remotename)%00%(upstream:remoteref) refs/heads/master refs/remotes/master [0ms]
2024-09-17 15:29:42.705 [warning] [Git][getBranch] No such branch: master
2024-09-17 15:29:42.710 [info] > git status -z -uall [1ms]
2024-09-17 15:29:42.714 [info] > git for-each-ref --format=%(refname)%00%(upstream:short)%00%(objectname)%00%(upstream:track)%00%(upstream:remotename)%00%(upstream:remoteref) refs/heads/master refs/remotes/master [0ms]
2024-09-17 15:29:42.714 [warning] [Git][getBranch] No such branch: master
2024-09-17 15:29:47.723 [info] [Git][getRemotes] No remotes found in the git config file
2024-09-17 15:29:47.723 [info] > git config --get commit.template [3ms]
2024-09-17 15:29:47.724 [info] > git for-each-ref --format=%(refname)%00%(upstream:short)%00%(objectname)%00%(upstream:track)%00%(upstream:remotename)%00%(upstream:remoteref) refs/heads/master refs/remotes/master [1ms]
2024-09-17 15:29:47.724 [warning] [Git][getBranch] No such branch: master
2024-09-17 15:29:47.728 [info] > git status -z -uall [1ms]
2024-09-17 15:29:47.733 [info] > git for-each-ref --format=%(refname)%00%(upstream:short)%00%(objectname)%00%(upstream:track)%00%(upstream:remotename)%00%(upstream:remoteref) refs/heads/master refs/remotes/master [1ms]
2024-09-17 15:29:47.733 [warning] [Git][getBranch] No such branch: master
2024-09-17 15:29:52.742 [info] [Git][getRemotes] No remotes found in the git config file
2024-09-17 15:29:52.742 [info] > git config --get commit.template [3ms]
2024-09-17 15:29:52.743 [info] > git for-each-ref --format=%(refname)%00%(upstream:short)%00%(objectname)%00%(upstream:track)%00%(upstream:remotename)%00%(upstream:remoteref) refs/heads/master refs/remotes/master [1ms]
2024-09-17 15:29:52.743 [warning] [Git][getBranch] No such branch: master
2024-09-17 15:29:52.748 [info] > git status -z -uall [1ms]
2024-09-17 15:29:52.753 [info] > git for-each-ref --format=%(refname)%00%(upstream:short)%00%(objectname)%00%(upstream:track)%00%(upstream:remotename)%00%(upstream:remoteref) refs/heads/master refs/remotes/master [1ms]
2024-09-17 15:29:52.753 [warning] [Git][getBranch] No such branch: master
2024-09-17 15:29:59.561 [info] > git show --textconv :src/build.rs [6ms]
2024-09-17 15:29:59.561 [info] > git ls-files --stage -- /home/arch/Projects/Rust/voice/src/build.rs [1ms]
2024-09-17 15:30:10.531 [info] [Git][getRemotes] No remotes found in the git config file
2024-09-17 15:30:10.531 [info] > git config --get commit.template [4ms]
2024-09-17 15:30:10.532 [info] > git for-each-ref --format=%(refname)%00%(upstream:short)%00%(objectname)%00%(upstream:track)%00%(upstream:remotename)%00%(upstream:remoteref) refs/heads/master refs/remotes/master [1ms]
2024-09-17 15:30:10.532 [warning] [Git][getBranch] No such branch: master
2024-09-17 15:30:10.538 [info] > git status -z -uall [2ms]
2024-09-17 15:30:10.543 [info] > git for-each-ref --format=%(refname)%00%(upstream:short)%00%(objectname)%00%(upstream:track)%00%(upstream:remotename)%00%(upstream:remoteref) refs/heads/master refs/remotes/master [1ms]
2024-09-17 15:30:10.543 [warning] [Git][getBranch] No such branch: master
2024-09-17 15:30:15.552 [info] [Git][getRemotes] No remotes found in the git config file
2024-09-17 15:30:15.553 [info] > git config --get commit.template [5ms]
2024-09-17 15:30:15.554 [info] > git for-each-ref --format=%(refname)%00%(upstream:short)%00%(objectname)%00%(upstream:track)%00%(upstream:remotename)%00%(upstream:remoteref) refs/heads/master refs/remotes/master [2ms]
2024-09-17 15:30:15.554 [warning] [Git][getBranch] No such branch: master
2024-09-17 15:30:15.558 [info] > git status -z -uall [1ms]
2024-09-17 15:30:15.562 [info] > git for-each-ref --format=%(refname)%00%(upstream:short)%00%(objectname)%00%(upstream:track)%00%(upstream:remotename)%00%(upstream:remoteref) refs/heads/master refs/remotes/master [0ms]
2024-09-17 15:30:15.562 [warning] [Git][getBranch] No such branch: master
2024-09-17 15:30:20.575 [info] [Git][getRemotes] No remotes found in the git config file
2024-09-17 15:30:20.576 [info] > git config --get commit.template [5ms]
2024-09-17 15:30:20.576 [info] > git for-each-ref --format=%(refname)%00%(upstream:short)%00%(objectname)%00%(upstream:track)%00%(upstream:remotename)%00%(upstream:remoteref) refs/heads/master refs/remotes/master [1ms]
2024-09-17 15:30:20.576 [warning] [Git][getBranch] No such branch: master
2024-09-17 15:30:20.581 [info] > git status -z -uall [1ms]
2024-09-17 15:30:20.585 [info] > git for-each-ref --format=%(refname)%00%(upstream:short)%00%(objectname)%00%(upstream:track)%00%(upstream:remotename)%00%(upstream:remoteref) refs/heads/master refs/remotes/master [0ms]
2024-09-17 15:30:20.585 [warning] [Git][getBranch] No such branch: master
2024-09-17 15:30:25.755 [info] [Git][getRemotes] No remotes found in the git config file
2024-09-17 15:30:25.756 [info] > git config --get commit.template [4ms]
2024-09-17 15:30:25.756 [info] > git for-each-ref --format=%(refname)%00%(upstream:short)%00%(objectname)%00%(upstream:track)%00%(upstream:remotename)%00%(upstream:remoteref) refs/heads/master refs/remotes/master [1ms]
2024-09-17 15:30:25.756 [warning] [Git][getBranch] No such branch: master
2024-09-17 15:30:25.760 [info] > git status -z -uall [1ms]
2024-09-17 15:30:25.765 [info] > git for-each-ref --format=%(refname)%00%(upstream:short)%00%(objectname)%00%(upstream:track)%00%(upstream:remotename)%00%(upstream:remoteref) refs/heads/master refs/remotes/master [1ms]
2024-09-17 15:30:25.765 [warning] [Git][getBranch] No such branch: master
2024-09-17 15:30:30.777 [info] [Git][getRemotes] No remotes found in the git config file
2024-09-17 15:30:30.778 [info] > git config --get commit.template [6ms]
2024-09-17 15:30:30.778 [info] > git for-each-ref --format=%(refname)%00%(upstream:short)%00%(objectname)%00%(upstream:track)%00%(upstream:remotename)%00%(upstream:remoteref) refs/heads/master refs/remotes/master [1ms]
2024-09-17 15:30:30.778 [warning] [Git][getBranch] No such branch: master
2024-09-17 15:30:30.784 [info] > git status -z -uall [2ms]
2024-09-17 15:30:30.788 [info] > git for-each-ref --format=%(refname)%00%(upstream:short)%00%(objectname)%00%(upstream:track)%00%(upstream:remotename)%00%(upstream:remoteref) refs/heads/master refs/remotes/master [1ms]
2024-09-17 15:30:30.788 [warning] [Git][getBranch] No such branch: master
2024-09-17 15:30:36.067 [info] [Git][getRemotes] No remotes found in the git config file
2024-09-17 15:30:36.067 [info] > git config --get commit.template [4ms]
2024-09-17 15:30:36.068 [info] > git for-each-ref --format=%(refname)%00%(upstream:short)%00%(objectname)%00%(upstream:track)%00%(upstream:remotename)%00%(upstream:remoteref) refs/heads/master refs/remotes/master [1ms]
2024-09-17 15:30:36.068 [warning] [Git][getBranch] No such branch: master
2024-09-17 15:30:36.072 [info] > git status -z -uall [1ms]
2024-09-17 15:30:36.077 [info] > git for-each-ref --format=%(refname)%00%(upstream:short)%00%(objectname)%00%(upstream:track)%00%(upstream:remotename)%00%(upstream:remoteref) refs/heads/master refs/remotes/master [1ms]
2024-09-17 15:30:36.077 [warning] [Git][getBranch] No such branch: master
2024-09-17 15:30:41.088 [info] [Git][getRemotes] No remotes found in the git config file
2024-09-17 15:30:41.088 [info] > git config --get commit.template [4ms]
2024-09-17 15:30:41.089 [info] > git for-each-ref --format=%(refname)%00%(upstream:short)%00%(objectname)%00%(upstream:track)%00%(upstream:remotename)%00%(upstream:remoteref) refs/heads/master refs/remotes/master [1ms]
2024-09-17 15:30:41.089 [warning] [Git][getBranch] No such branch: master
2024-09-17 15:30:41.093 [info] > git status -z -uall [1ms]
2024-09-17 15:30:41.097 [info] > git for-each-ref --format=%(refname)%00%(upstream:short)%00%(objectname)%00%(upstream:track)%00%(upstream:remotename)%00%(upstream:remoteref) refs/heads/master refs/remotes/master [0ms]
2024-09-17 15:30:41.097 [warning] [Git][getBranch] No such branch: master
2024-09-17 15:34:23.456 [info] [Git][getRemotes] No remotes found in the git config file
2024-09-17 15:34:23.456 [info] > git config --get commit.template [3ms]
2024-09-17 15:34:23.456 [info] > git for-each-ref --format=%(refname)%00%(upstream:short)%00%(objectname)%00%(upstream:track)%00%(upstream:remotename)%00%(upstream:remoteref) refs/heads/master refs/remotes/master [0ms]
2024-09-17 15:34:23.456 [warning] [Git][getBranch] No such branch: master
2024-09-17 15:34:23.460 [info] > git status -z -uall [1ms]
2024-09-17 15:34:23.465 [info] > git for-each-ref --format=%(refname)%00%(upstream:short)%00%(objectname)%00%(upstream:track)%00%(upstream:remotename)%00%(upstream:remoteref) refs/heads/master refs/remotes/master [1ms]
2024-09-17 15:34:23.465 [warning] [Git][getBranch] No such branch: master
2024-09-17 15:34:24.714 [info] > git show --textconv :src/text_to_speech.rs [4ms]
2024-09-17 15:34:24.715 [info] > git ls-files --stage -- /home/arch/Projects/Rust/voice/src/text_to_speech.rs [1ms]
2024-09-17 15:34:32.190 [info] [Git][getRemotes] No remotes found in the git config file
2024-09-17 15:34:32.190 [info] > git config --get commit.template [4ms]
2024-09-17 15:34:32.190 [info] > git for-each-ref --format=%(refname)%00%(upstream:short)%00%(objectname)%00%(upstream:track)%00%(upstream:remotename)%00%(upstream:remoteref) refs/heads/master refs/remotes/master [1ms]
2024-09-17 15:34:32.190 [warning] [Git][getBranch] No such branch: master
2024-09-17 15:34:32.194 [info] > git status -z -uall [1ms]
2024-09-17 15:34:32.199 [info] > git for-each-ref --format=%(refname)%00%(upstream:short)%00%(objectname)%00%(upstream:track)%00%(upstream:remotename)%00%(upstream:remoteref) refs/heads/master refs/remotes/master [1ms]
2024-09-17 15:34:32.199 [warning] [Git][getBranch] No such branch: master
2024-09-17 15:34:37.207 [info] [Git][getRemotes] No remotes found in the git config file
2024-09-17 15:34:37.208 [info] > git config --get commit.template [4ms]
2024-09-17 15:34:37.208 [info] > git for-each-ref --format=%(refname)%00%(upstream:short)%00%(objectname)%00%(upstream:track)%00%(upstream:remotename)%00%(upstream:remoteref) refs/heads/master refs/remotes/master [1ms]
2024-09-17 15:34:37.208 [warning] [Git][getBranch] No such branch: master
2024-09-17 15:34:37.213 [info] > git status -z -uall [1ms]
2024-09-17 15:34:37.218 [info] > git for-each-ref --format=%(refname)%00%(upstream:short)%00%(objectname)%00%(upstream:track)%00%(upstream:remotename)%00%(upstream:remoteref) refs/heads/master refs/remotes/master [1ms]
2024-09-17 15:34:37.218 [warning] [Git][getBranch] No such branch: master
2024-09-17 15:34:42.223 [info] [Git][getRemotes] No remotes found in the git config file
2024-09-17 15:34:42.228 [info] > git config --get commit.template [5ms]
2024-09-17 15:34:42.228 [info] > git for-each-ref --format=%(refname)%00%(upstream:short)%00%(objectname)%00%(upstream:track)%00%(upstream:remotename)%00%(upstream:remoteref) refs/heads/master refs/remotes/master [1ms]
2024-09-17 15:34:42.228 [warning] [Git][getBranch] No such branch: master
2024-09-17 15:34:42.233 [info] > git status -z -uall [1ms]
2024-09-17 15:34:42.237 [info] > git for-each-ref --format=%(refname)%00%(upstream:short)%00%(objectname)%00%(upstream:track)%00%(upstream:remotename)%00%(upstream:remoteref) refs/heads/master refs/remotes/master [1ms]
2024-09-17 15:34:42.238 [warning] [Git][getBranch] No such branch: master
2024-09-17 15:34:51.839 [info] > git show --textconv :src/build.rs [4ms]
2024-09-17 15:34:51.840 [info] > git ls-files --stage -- /home/arch/Projects/Rust/voice/src/build.rs [1ms]
2024-09-17 15:35:40.255 [info] [Git][getRemotes] No remotes found in the git config file
2024-09-17 15:35:40.255 [info] > git config --get commit.template [4ms]
2024-09-17 15:35:40.256 [info] > git for-each-ref --format=%(refname)%00%(upstream:short)%00%(objectname)%00%(upstream:track)%00%(upstream:remotename)%00%(upstream:remoteref) refs/heads/master refs/remotes/master [1ms]
2024-09-17 15:35:40.256 [warning] [Git][getBranch] No such branch: master
2024-09-17 15:35:40.261 [info] > git status -z -uall [2ms]
2024-09-17 15:35:40.265 [info] > git for-each-ref --format=%(refname)%00%(upstream:short)%00%(objectname)%00%(upstream:track)%00%(upstream:remotename)%00%(upstream:remoteref) refs/heads/master refs/remotes/master [1ms]
2024-09-17 15:35:40.265 [warning] [Git][getBranch] No such branch: master
2024-09-17 15:36:08.260 [info] > git show --textconv :Cargo.toml [4ms]
2024-09-17 15:36:08.261 [info] > git ls-files --stage -- /home/arch/Projects/Rust/voice/Cargo.toml [1ms]
2024-09-17 15:36:22.175 [info] [Git][getRemotes] No remotes found in the git config file
2024-09-17 15:36:22.175 [info] > git config --get commit.template [4ms]
2024-09-17 15:36:22.175 [info] > git for-each-ref --format=%(refname)%00%(upstream:short)%00%(objectname)%00%(upstream:track)%00%(upstream:remotename)%00%(upstream:remoteref) refs/heads/master refs/remotes/master [0ms]
2024-09-17 15:36:22.176 [warning] [Git][getBranch] No such branch: master
2024-09-17 15:36:22.180 [info] > git status -z -uall [1ms]
2024-09-17 15:36:22.185 [info] > git for-each-ref --format=%(refname)%00%(upstream:short)%00%(objectname)%00%(upstream:track)%00%(upstream:remotename)%00%(upstream:remoteref) refs/heads/master refs/remotes/master [1ms]
2024-09-17 15:36:22.185 [warning] [Git][getBranch] No such branch: master
2024-09-17 15:36:27.193 [info] [Git][getRemotes] No remotes found in the git config file
2024-09-17 15:36:27.193 [info] > git config --get commit.template [4ms]
2024-09-17 15:36:27.194 [info] > git for-each-ref --format=%(refname)%00%(upstream:short)%00%(objectname)%00%(upstream:track)%00%(upstream:remotename)%00%(upstream:remoteref) refs/heads/master refs/remotes/master [1ms]
2024-09-17 15:36:27.194 [warning] [Git][getBranch] No such branch: master
2024-09-17 15:36:27.198 [info] > git status -z -uall [1ms]
2024-09-17 15:36:27.203 [info] > git for-each-ref --format=%(refname)%00%(upstream:short)%00%(objectname)%00%(upstream:track)%00%(upstream:remotename)%00%(upstream:remoteref) refs/heads/master refs/remotes/master [1ms]
2024-09-17 15:36:27.203 [warning] [Git][getBranch] No such branch: master
2024-09-17 15:36:32.212 [info] [Git][getRemotes] No remotes found in the git config file
2024-09-17 15:36:32.213 [info] > git config --get commit.template [5ms]
2024-09-17 15:36:32.213 [info] > git for-each-ref --format=%(refname)%00%(upstream:short)%00%(objectname)%00%(upstream:track)%00%(upstream:remotename)%00%(upstream:remoteref) refs/heads/master refs/remotes/master [1ms]
2024-09-17 15:36:32.213 [warning] [Git][getBranch] No such branch: master
2024-09-17 15:36:32.217 [info] > git status -z -uall [1ms]
2024-09-17 15:36:32.222 [info] > git for-each-ref --format=%(refname)%00%(upstream:short)%00%(objectname)%00%(upstream:track)%00%(upstream:remotename)%00%(upstream:remoteref) refs/heads/master refs/remotes/master [1ms]
2024-09-17 15:36:32.222 [warning] [Git][getBranch] No such branch: master
2024-09-17 15:36:37.008 [info] > git show --textconv :src/text_to_speech.rs [4ms]
2024-09-17 15:36:37.009 [info] > git ls-files --stage -- /home/arch/Projects/Rust/voice/src/text_to_speech.rs [1ms]
2024-09-17 15:36:37.229 [info] [Git][getRemotes] No remotes found in the git config file
2024-09-17 15:36:37.233 [info] > git config --get commit.template [4ms]
2024-09-17 15:36:37.233 [info] > git for-each-ref --format=%(refname)%00%(upstream:short)%00%(objectname)%00%(upstream:track)%00%(upstream:remotename)%00%(upstream:remoteref) refs/heads/master refs/remotes/master [1ms]
2024-09-17 15:36:37.233 [warning] [Git][getBranch] No such branch: master
2024-09-17 15:36:37.238 [info] > git status -z -uall [1ms]
2024-09-17 15:36:37.244 [info] > git for-each-ref --format=%(refname)%00%(upstream:short)%00%(objectname)%00%(upstream:track)%00%(upstream:remotename)%00%(upstream:remoteref) refs/heads/master refs/remotes/master [2ms]
2024-09-17 15:36:37.244 [warning] [Git][getBranch] No such branch: master
2024-09-17 15:36:47.319 [info] [Git][getRemotes] No remotes found in the git config file
2024-09-17 15:36:47.323 [info] > git config --get commit.template [4ms]
2024-09-17 15:36:47.324 [info] > git for-each-ref --format=%(refname)%00%(upstream:short)%00%(objectname)%00%(upstream:track)%00%(upstream:remotename)%00%(upstream:remoteref) refs/heads/master refs/remotes/master [1ms]
2024-09-17 15:36:47.324 [warning] [Git][getBranch] No such branch: master
2024-09-17 15:36:47.329 [info] > git status -z -uall [1ms]
2024-09-17 15:36:47.333 [info] > git for-each-ref --format=%(refname)%00%(upstream:short)%00%(objectname)%00%(upstream:track)%00%(upstream:remotename)%00%(upstream:remoteref) refs/heads/master refs/remotes/master [1ms]
2024-09-17 15:36:47.333 [warning] [Git][getBranch] No such branch: master
2024-09-17 15:37:08.746 [info] [Git][getRemotes] No remotes found in the git config file
2024-09-17 15:37:08.747 [info] > git config --get commit.template [4ms]
2024-09-17 15:37:08.747 [info] > git for-each-ref --format=%(refname)%00%(upstream:short)%00%(objectname)%00%(upstream:track)%00%(upstream:remotename)%00%(upstream:remoteref) refs/heads/master refs/remotes/master [1ms]
2024-09-17 15:37:08.747 [warning] [Git][getBranch] No such branch: master
2024-09-17 15:37:08.752 [info] > git status -z -uall [1ms]
2024-09-17 15:37:08.756 [info] > git for-each-ref --format=%(refname)%00%(upstream:short)%00%(objectname)%00%(upstream:track)%00%(upstream:remotename)%00%(upstream:remoteref) refs/heads/master refs/remotes/master [0ms]
2024-09-17 15:37:08.756 [warning] [Git][getBranch] No such branch: master
2024-09-17 15:37:24.560 [info] [Git][getRemotes] No remotes found in the git config file
2024-09-17 15:37:24.560 [info] > git config --get commit.template [4ms]
2024-09-17 15:37:24.560 [info] > git for-each-ref --format=%(refname)%00%(upstream:short)%00%(objectname)%00%(upstream:track)%00%(upstream:remotename)%00%(upstream:remoteref) refs/heads/master refs/remotes/master [0ms]
2024-09-17 15:37:24.560 [warning] [Git][getBranch] No such branch: master
2024-09-17 15:37:24.565 [info] > git status -z -uall [1ms]
2024-09-17 15:37:24.569 [info] > git for-each-ref --format=%(refname)%00%(upstream:short)%00%(objectname)%00%(upstream:track)%00%(upstream:remotename)%00%(upstream:remoteref) refs/heads/master refs/remotes/master [1ms]
2024-09-17 15:37:24.569 [warning] [Git][getBranch] No such branch: master
2024-09-17 15:37:29.581 [info] [Git][getRemotes] No remotes found in the git config file
2024-09-17 15:37:29.582 [info] > git config --get commit.template [5ms]
2024-09-17 15:37:29.582 [info] > git for-each-ref --format=%(refname)%00%(upstream:short)%00%(objectname)%00%(upstream:track)%00%(upstream:remotename)%00%(upstream:remoteref) refs/heads/master refs/remotes/master [1ms]
2024-09-17 15:37:29.582 [warning] [Git][getBranch] No such branch: master
2024-09-17 15:37:29.587 [info] > git status -z -uall [1ms]
2024-09-17 15:37:29.591 [info] > git for-each-ref --format=%(refname)%00%(upstream:short)%00%(objectname)%00%(upstream:track)%00%(upstream:remotename)%00%(upstream:remoteref) refs/heads/master refs/remotes/master [1ms]
2024-09-17 15:37:29.591 [warning] [Git][getBranch] No such branch: master
2024-09-17 15:38:11.401 [info] > git check-ignore -v -z --stdin [1ms]
2024-09-17 15:38:12.912 [info] > git check-ignore -v -z --stdin [1ms]
2024-09-17 15:38:14.391 [info] > git check-ignore -v -z --stdin [1ms]
2024-09-17 15:38:16.996 [info] > git check-ignore -v -z --stdin [1ms]
2024-09-17 15:38:20.064 [info] > git check-ignore -v -z --stdin [2ms]
2024-09-17 15:38:21.265 [info] > git check-ignore -v -z --stdin [1ms]
2024-09-17 15:38:22.114 [info] > git check-ignore -v -z --stdin [1ms]
2024-09-17 15:38:22.749 [info] > git show --textconv :target/debug/build/voice-2b2ea3d44865b04b/out/bindings.rs [4ms]
2024-09-17 15:38:22.750 [info] > git ls-files --stage -- /home/arch/Projects/Rust/voice/target/debug/build/voice-2b2ea3d44865b04b/out/bindings.rs [1ms]
2024-09-17 15:41:42.157 [info] > git show --textconv :src/build.rs [4ms]
2024-09-17 15:41:42.158 [info] > git ls-files --stage -- /home/arch/Projects/Rust/voice/src/build.rs [1ms]
2024-09-17 15:44:18.014 [info] > git show --textconv :src/audio.rs [4ms]
2024-09-17 15:44:18.014 [info] > git ls-files --stage -- /home/arch/Projects/Rust/voice/src/audio.rs [1ms]
2024-09-17 15:44:19.401 [info] > git show --textconv :src/speech_to_text.rs [4ms]
2024-09-17 15:44:19.402 [info] > git ls-files --stage -- /home/arch/Projects/Rust/voice/src/speech_to_text.rs [1ms]
2024-09-17 15:44:20.732 [info] > git show --textconv :src/text_to_speech.rs [4ms]
2024-09-17 15:44:20.732 [info] > git ls-files --stage -- /home/arch/Projects/Rust/voice/src/text_to_speech.rs [0ms]
2024-09-17 15:44:50.235 [info] [Git][getRemotes] No remotes found in the git config file
2024-09-17 15:44:50.238 [info] > git config --get commit.template [4ms]
2024-09-17 15:44:50.239 [info] > git for-each-ref --format=%(refname)%00%(upstream:short)%00%(objectname)%00%(upstream:track)%00%(upstream:remotename)%00%(upstream:remoteref) refs/heads/master refs/remotes/master [1ms]
2024-09-17 15:44:50.239 [warning] [Git][getBranch] No such branch: master
2024-09-17 15:44:50.243 [info] > git status -z -uall [1ms]
2024-09-17 15:44:50.247 [info] > git for-each-ref --format=%(refname)%00%(upstream:short)%00%(objectname)%00%(upstream:track)%00%(upstream:remotename)%00%(upstream:remoteref) refs/heads/master refs/remotes/master [1ms]
2024-09-17 15:44:50.247 [warning] [Git][getBranch] No such branch: master
2024-09-17 15:44:55.259 [info] [Git][getRemotes] No remotes found in the git config file
2024-09-17 15:44:55.259 [info] > git config --get commit.template [4ms]
2024-09-17 15:44:55.260 [info] > git for-each-ref --format=%(refname)%00%(upstream:short)%00%(objectname)%00%(upstream:track)%00%(upstream:remotename)%00%(upstream:remoteref) refs/heads/master refs/remotes/master [1ms]
2024-09-17 15:44:55.260 [warning] [Git][getBranch] No such branch: master
2024-09-17 15:44:55.264 [info] > git status -z -uall [1ms]
2024-09-17 15:44:55.268 [info] > git for-each-ref --format=%(refname)%00%(upstream:short)%00%(objectname)%00%(upstream:track)%00%(upstream:remotename)%00%(upstream:remoteref) refs/heads/master refs/remotes/master [1ms]
2024-09-17 15:44:55.268 [warning] [Git][getBranch] No such branch: master
2024-09-17 15:45:29.576 [info] [Git][getRemotes] No remotes found in the git config file
2024-09-17 15:45:29.576 [info] > git config --get commit.template [4ms]
2024-09-17 15:45:29.577 [info] > git for-each-ref --format=%(refname)%00%(upstream:short)%00%(objectname)%00%(upstream:track)%00%(upstream:remotename)%00%(upstream:remoteref) refs/heads/master refs/remotes/master [1ms]
2024-09-17 15:45:29.577 [warning] [Git][getBranch] No such branch: master
2024-09-17 15:45:29.582 [info] > git status -z -uall [1ms]
2024-09-17 15:45:29.586 [info] > git for-each-ref --format=%(refname)%00%(upstream:short)%00%(objectname)%00%(upstream:track)%00%(upstream:remotename)%00%(upstream:remoteref) refs/heads/master refs/remotes/master [1ms]
2024-09-17 15:45:29.586 [warning] [Git][getBranch] No such branch: master
2024-09-17 15:45:34.600 [info] [Git][getRemotes] No remotes found in the git config file
2024-09-17 15:45:34.600 [info] > git config --get commit.template [5ms]
2024-09-17 15:45:34.601 [info] > git for-each-ref --format=%(refname)%00%(upstream:short)%00%(objectname)%00%(upstream:track)%00%(upstream:remotename)%00%(upstream:remoteref) refs/heads/master refs/remotes/master [1ms]
2024-09-17 15:45:34.601 [warning] [Git][getBranch] No such branch: master
2024-09-17 15:45:34.606 [info] > git status -z -uall [2ms]
2024-09-17 15:45:34.610 [info] > git for-each-ref --format=%(refname)%00%(upstream:short)%00%(objectname)%00%(upstream:track)%00%(upstream:remotename)%00%(upstream:remoteref) refs/heads/master refs/remotes/master [1ms]
2024-09-17 15:45:34.610 [warning] [Git][getBranch] No such branch: master
2024-09-17 15:46:27.764 [info] [Git][getRemotes] No remotes found in the git config file
2024-09-17 15:46:27.765 [info] > git config --get commit.template [5ms]
2024-09-17 15:46:27.765 [info] > git for-each-ref --format=%(refname)%00%(upstream:short)%00%(objectname)%00%(upstream:track)%00%(upstream:remotename)%00%(upstream:remoteref) refs/heads/master refs/remotes/master [1ms]
2024-09-17 15:46:27.765 [warning] [Git][getBranch] No such branch: master
2024-09-17 15:46:27.771 [info] > git status -z -uall [2ms]
2024-09-17 15:46:27.776 [info] > git for-each-ref --format=%(refname)%00%(upstream:short)%00%(objectname)%00%(upstream:track)%00%(upstream:remotename)%00%(upstream:remoteref) refs/heads/master refs/remotes/master [0ms]
2024-09-17 15:46:27.776 [warning] [Git][getBranch] No such branch: master
2024-09-17 15:46:32.785 [info] [Git][getRemotes] No remotes found in the git config file
2024-09-17 15:46:32.785 [info] > git config --get commit.template [5ms]
2024-09-17 15:46:32.785 [info] > git for-each-ref --format=%(refname)%00%(upstream:short)%00%(objectname)%00%(upstream:track)%00%(upstream:remotename)%00%(upstream:remoteref) refs/heads/master refs/remotes/master [1ms]
2024-09-17 15:46:32.785 [warning] [Git][getBranch] No such branch: master
2024-09-17 15:46:32.790 [info] > git status -z -uall [1ms]
2024-09-17 15:46:32.794 [info] > git for-each-ref --format=%(refname)%00%(upstream:short)%00%(objectname)%00%(upstream:track)%00%(upstream:remotename)%00%(upstream:remoteref) refs/heads/master refs/remotes/master [0ms]
2024-09-17 15:46:32.794 [warning] [Git][getBranch] No such branch: master
2024-09-17 15:47:49.015 [info] [Git][getRemotes] No remotes found in the git config file
2024-09-17 15:47:49.016 [info] > git config --get commit.template [4ms]
2024-09-17 15:47:49.016 [info] > git for-each-ref --format=%(refname)%00%(upstream:short)%00%(objectname)%00%(upstream:track)%00%(upstream:remotename)%00%(upstream:remoteref) refs/heads/master refs/remotes/master [1ms]
2024-09-17 15:47:49.016 [warning] [Git][getBranch] No such branch: master
2024-09-17 15:47:49.020 [info] > git status -z -uall [1ms]
2024-09-17 15:47:49.025 [info] > git for-each-ref --format=%(refname)%00%(upstream:short)%00%(objectname)%00%(upstream:track)%00%(upstream:remotename)%00%(upstream:remoteref) refs/heads/master refs/remotes/master [1ms]
2024-09-17 15:47:49.025 [warning] [Git][getBranch] No such branch: master
2024-09-17 15:47:54.039 [info] [Git][getRemotes] No remotes found in the git config file
2024-09-17 15:47:54.039 [info] > git config --get commit.template [4ms]
2024-09-17 15:47:54.040 [info] > git for-each-ref --format=%(refname)%00%(upstream:short)%00%(objectname)%00%(upstream:track)%00%(upstream:remotename)%00%(upstream:remoteref) refs/heads/master refs/remotes/master [2ms]
2024-09-17 15:47:54.040 [warning] [Git][getBranch] No such branch: master
2024-09-17 15:47:54.044 [info] > git status -z -uall [1ms]
2024-09-17 15:47:54.049 [info] > git for-each-ref --format=%(refname)%00%(upstream:short)%00%(objectname)%00%(upstream:track)%00%(upstream:remotename)%00%(upstream:remoteref) refs/heads/master refs/remotes/master [0ms]
2024-09-17 15:47:54.049 [warning] [Git][getBranch] No such branch: master
2024-09-17 15:48:04.048 [info] > git show --textconv :src/build.rs [4ms]
2024-09-17 15:48:04.049 [info] > git ls-files --stage -- /home/arch/Projects/Rust/voice/src/build.rs [1ms]
2024-09-17 15:57:31.581 [info] [Git][getRemotes] No remotes found in the git config file
2024-09-17 15:57:31.582 [info] > git config --get commit.template [6ms]
2024-09-17 15:57:31.582 [info] > git for-each-ref --format=%(refname)%00%(upstream:short)%00%(objectname)%00%(upstream:track)%00%(upstream:remotename)%00%(upstream:remoteref) refs/heads/master refs/remotes/master [1ms]
2024-09-17 15:57:31.582 [warning] [Git][getBranch] No such branch: master
2024-09-17 15:57:31.587 [info] > git status -z -uall [1ms]
2024-09-17 15:57:31.591 [info] > git for-each-ref --format=%(refname)%00%(upstream:short)%00%(objectname)%00%(upstream:track)%00%(upstream:remotename)%00%(upstream:remoteref) refs/heads/master refs/remotes/master [0ms]
2024-09-17 15:57:31.591 [warning] [Git][getBranch] No such branch: master
2024-09-17 15:57:31.630 [info] > git show --textconv :Cargo.toml [4ms]
2024-09-17 15:57:31.631 [info] > git ls-files --stage -- /home/arch/Projects/Rust/voice/Cargo.toml [1ms]
2024-09-17 15:57:38.429 [info] [Git][getRemotes] No remotes found in the git config file
2024-09-17 15:57:38.429 [info] > git config --get commit.template [5ms]
2024-09-17 15:57:38.429 [info] > git for-each-ref --format=%(refname)%00%(upstream:short)%00%(objectname)%00%(upstream:track)%00%(upstream:remotename)%00%(upstream:remoteref) refs/heads/master refs/remotes/master [1ms]
2024-09-17 15:57:38.429 [warning] [Git][getBranch] No such branch: master
2024-09-17 15:57:38.434 [info] > git status -z -uall [1ms]
2024-09-17 15:57:38.439 [info] > git for-each-ref --format=%(refname)%00%(upstream:short)%00%(objectname)%00%(upstream:track)%00%(upstream:remotename)%00%(upstream:remoteref) refs/heads/master refs/remotes/master [1ms]
2024-09-17 15:57:38.439 [warning] [Git][getBranch] No such branch: master
2024-09-17 15:57:39.166 [info] > git show --textconv :src/speech_to_text.rs [5ms]
2024-09-17 15:57:39.166 [info] > git ls-files --stage -- /home/arch/Projects/Rust/voice/src/speech_to_text.rs [1ms]
2024-09-17 15:57:54.675 [info] [Git][getRemotes] No remotes found in the git config file
2024-09-17 15:57:54.675 [info] > git config --get commit.template [5ms]
2024-09-17 15:57:54.676 [info] > git for-each-ref --format=%(refname)%00%(upstream:short)%00%(objectname)%00%(upstream:track)%00%(upstream:remotename)%00%(upstream:remoteref) refs/heads/master refs/remotes/master [2ms]
2024-09-17 15:57:54.676 [warning] [Git][getBranch] No such branch: master
2024-09-17 15:57:54.680 [info] > git status -z -uall [1ms]
2024-09-17 15:57:54.685 [info] > git for-each-ref --format=%(refname)%00%(upstream:short)%00%(objectname)%00%(upstream:track)%00%(upstream:remotename)%00%(upstream:remoteref) refs/heads/master refs/remotes/master [1ms]
2024-09-17 15:57:54.685 [warning] [Git][getBranch] No such branch: master
2024-09-17 15:57:59.695 [info] [Git][getRemotes] No remotes found in the git config file
2024-09-17 15:57:59.695 [info] > git config --get commit.template [5ms]
2024-09-17 15:57:59.696 [info] > git for-each-ref --format=%(refname)%00%(upstream:short)%00%(objectname)%00%(upstream:track)%00%(upstream:remotename)%00%(upstream:remoteref) refs/heads/master refs/remotes/master [1ms]
2024-09-17 15:57:59.696 [warning] [Git][getBranch] No such branch: master
2024-09-17 15:57:59.701 [info] > git status -z -uall [1ms]
2024-09-17 15:57:59.706 [info] > git for-each-ref --format=%(refname)%00%(upstream:short)%00%(objectname)%00%(upstream:track)%00%(upstream:remotename)%00%(upstream:remoteref) refs/heads/master refs/remotes/master [1ms]
2024-09-17 15:57:59.706 [warning] [Git][getBranch] No such branch: master
2024-09-17 15:58:04.718 [info] > git config --get commit.template [1ms]
2024-09-17 15:58:04.729 [info] [Git][getRemotes] No remotes found in the git config file
2024-09-17 15:58:04.731 [info] > git for-each-ref --format=%(refname)%00%(upstream:short)%00%(objectname)%00%(upstream:track)%00%(upstream:remotename)%00%(upstream:remoteref) refs/heads/master refs/remotes/master [2ms]
2024-09-17 15:58:04.731 [warning] [Git][getBranch] No such branch: master
2024-09-17 15:58:04.739 [info] > git status -z -uall [2ms]
2024-09-17 15:58:04.753 [info] > git for-each-ref --format=%(refname)%00%(upstream:short)%00%(objectname)%00%(upstream:track)%00%(upstream:remotename)%00%(upstream:remoteref) refs/heads/master refs/remotes/master [3ms]
2024-09-17 15:58:04.754 [warning] [Git][getBranch] No such branch: master
2024-09-17 15:58:05.482 [info] > git show --textconv :Cargo.toml [1ms]
2024-09-17 15:58:05.489 [info] > git ls-files --stage -- /home/arch/Projects/Rust/voice/Cargo.toml [1ms]
2024-09-17 15:58:08.164 [info] > git show --textconv :src/text_to_speech.rs [16ms]
2024-09-17 15:58:08.164 [info] > git ls-files --stage -- /home/arch/Projects/Rust/voice/src/text_to_speech.rs [0ms]
2024-09-17 15:58:15.787 [info] > git config --get commit.template [1ms]
2024-09-17 15:58:15.804 [info] [Git][getRemotes] No remotes found in the git config file
2024-09-17 15:58:15.809 [info] > git for-each-ref --format=%(refname)%00%(upstream:short)%00%(objectname)%00%(upstream:track)%00%(upstream:remotename)%00%(upstream:remoteref) refs/heads/master refs/remotes/master [5ms]
2024-09-17 15:58:15.809 [warning] [Git][getBranch] No such branch: master
2024-09-17 15:58:15.826 [info] > git status -z -uall [0ms]
2024-09-17 15:58:15.851 [info] > git for-each-ref --format=%(refname)%00%(upstream:short)%00%(objectname)%00%(upstream:track)%00%(upstream:remotename)%00%(upstream:remoteref) refs/heads/master refs/remotes/master [7ms]
2024-09-17 15:58:15.851 [warning] [Git][getBranch] No such branch: master
2024-09-17 15:58:33.247 [info] [Git][getRemotes] No remotes found in the git config file
2024-09-17 15:58:33.247 [info] > git config --get commit.template [4ms]
2024-09-17 15:58:33.248 [info] > git for-each-ref --format=%(refname)%00%(upstream:short)%00%(objectname)%00%(upstream:track)%00%(upstream:remotename)%00%(upstream:remoteref) refs/heads/master refs/remotes/master [1ms]
2024-09-17 15:58:33.248 [warning] [Git][getBranch] No such branch: master
2024-09-17 15:58:33.252 [info] > git status -z -uall [1ms]
2024-09-17 15:58:33.258 [info] > git for-each-ref --format=%(refname)%00%(upstream:short)%00%(objectname)%00%(upstream:track)%00%(upstream:remotename)%00%(upstream:remoteref) refs/heads/master refs/remotes/master [1ms]
2024-09-17 15:58:33.258 [warning] [Git][getBranch] No such branch: master
2024-09-17 15:58:48.937 [info] > git check-ignore -v -z --stdin [1ms]
2024-09-17 16:01:11.070 [info] [Git][getRemotes] No remotes found in the git config file
2024-09-17 16:01:11.070 [info] > git config --get commit.template [5ms]
2024-09-17 16:01:11.071 [info] > git for-each-ref --format=%(refname)%00%(upstream:short)%00%(objectname)%00%(upstream:track)%00%(upstream:remotename)%00%(upstream:remoteref) refs/heads/master refs/remotes/master [1ms]
2024-09-17 16:01:11.071 [warning] [Git][getBranch] No such branch: master
2024-09-17 16:01:11.075 [info] > git status -z -uall [1ms]
2024-09-17 16:01:11.080 [info] > git for-each-ref --format=%(refname)%00%(upstream:short)%00%(objectname)%00%(upstream:track)%00%(upstream:remotename)%00%(upstream:remoteref) refs/heads/master refs/remotes/master [1ms]
2024-09-17 16:01:11.080 [warning] [Git][getBranch] No such branch: master
2024-09-17 16:02:16.732 [info] [Git][getRemotes] No remotes found in the git config file
2024-09-17 16:02:16.732 [info] > git config --get commit.template [4ms]
2024-09-17 16:02:16.732 [info] > git for-each-ref --format=%(refname)%00%(upstream:short)%00%(objectname)%00%(upstream:track)%00%(upstream:remotename)%00%(upstream:remoteref) refs/heads/master refs/remotes/master [1ms]
2024-09-17 16:02:16.732 [warning] [Git][getBranch] No such branch: master
2024-09-17 16:02:16.737 [info] > git status -z -uall [1ms]
2024-09-17 16:02:16.741 [info] > git for-each-ref --format=%(refname)%00%(upstream:short)%00%(objectname)%00%(upstream:track)%00%(upstream:remotename)%00%(upstream:remoteref) refs/heads/master refs/remotes/master [0ms]
2024-09-17 16:02:16.741 [warning] [Git][getBranch] No such branch: master
2024-09-17 16:02:21.754 [info] [Git][getRemotes] No remotes found in the git config file
2024-09-17 16:02:21.754 [info] > git config --get commit.template [5ms]
2024-09-17 16:02:21.754 [info] > git for-each-ref --format=%(refname)%00%(upstream:short)%00%(objectname)%00%(upstream:track)%00%(upstream:remotename)%00%(upstream:remoteref) refs/heads/master refs/remotes/master [1ms]
2024-09-17 16:02:21.754 [warning] [Git][getBranch] No such branch: master
2024-09-17 16:02:21.759 [info] > git status -z -uall [1ms]
2024-09-17 16:02:21.764 [info] > git for-each-ref --format=%(refname)%00%(upstream:short)%00%(objectname)%00%(upstream:track)%00%(upstream:remotename)%00%(upstream:remoteref) refs/heads/master refs/remotes/master [2ms]
2024-09-17 16:02:21.764 [warning] [Git][getBranch] No such branch: master
2024-09-17 16:02:32.092 [info] [Git][getRemotes] No remotes found in the git config file
2024-09-17 16:02:32.092 [info] > git config --get commit.template [4ms]
2024-09-17 16:02:32.093 [info] > git for-each-ref --format=%(refname)%00%(upstream:short)%00%(objectname)%00%(upstream:track)%00%(upstream:remotename)%00%(upstream:remoteref) refs/heads/master refs/remotes/master [1ms]
2024-09-17 16:02:32.093 [warning] [Git][getBranch] No such branch: master
2024-09-17 16:02:32.097 [info] > git status -z -uall [1ms]
2024-09-17 16:02:32.101 [info] > git for-each-ref --format=%(refname)%00%(upstream:short)%00%(objectname)%00%(upstream:track)%00%(upstream:remotename)%00%(upstream:remoteref) refs/heads/master refs/remotes/master [0ms]
2024-09-17 16:02:32.101 [warning] [Git][getBranch] No such branch: master
2024-09-17 16:02:42.115 [info] [Git][getRemotes] No remotes found in the git config file
2024-09-17 16:02:42.116 [info] > git config --get commit.template [4ms]
2024-09-17 16:02:42.116 [info] > git for-each-ref --format=%(refname)%00%(upstream:short)%00%(objectname)%00%(upstream:track)%00%(upstream:remotename)%00%(upstream:remoteref) refs/heads/master refs/remotes/master [1ms]
2024-09-17 16:02:42.116 [warning] [Git][getBranch] No such branch: master
2024-09-17 16:02:42.121 [info] > git status -z -uall [1ms]
2024-09-17 16:02:42.125 [info] > git for-each-ref --format=%(refname)%00%(upstream:short)%00%(objectname)%00%(upstream:track)%00%(upstream:remotename)%00%(upstream:remoteref) refs/heads/master refs/remotes/master [0ms]
2024-09-17 16:02:42.125 [warning] [Git][getBranch] No such branch: master
2024-09-17 16:02:58.644 [info] [Git][getRemotes] No remotes found in the git config file
2024-09-17 16:02:58.645 [info] > git config --get commit.template [5ms]
2024-09-17 16:02:58.645 [info] > git for-each-ref --format=%(refname)%00%(upstream:short)%00%(objectname)%00%(upstream:track)%00%(upstream:remotename)%00%(upstream:remoteref) refs/heads/master refs/remotes/master [1ms]
2024-09-17 16:02:58.645 [warning] [Git][getBranch] No such branch: master
2024-09-17 16:02:58.649 [info] > git status -z -uall [1ms]
2024-09-17 16:02:58.654 [info] > git for-each-ref --format=%(refname)%00%(upstream:short)%00%(objectname)%00%(upstream:track)%00%(upstream:remotename)%00%(upstream:remoteref) refs/heads/master refs/remotes/master [1ms]
2024-09-17 16:02:58.655 [warning] [Git][getBranch] No such branch: master
2024-09-17 16:03:06.938 [info] [Git][getRemotes] No remotes found in the git config file
2024-09-17 16:03:06.938 [info] > git config --get commit.template [4ms]
2024-09-17 16:03:06.938 [info] > git for-each-ref --format=%(refname)%00%(upstream:short)%00%(objectname)%00%(upstream:track)%00%(upstream:remotename)%00%(upstream:remoteref) refs/heads/master refs/remotes/master [0ms]
2024-09-17 16:03:06.938 [warning] [Git][getBranch] No such branch: master
2024-09-17 16:03:06.943 [info] > git status -z -uall [1ms]
2024-09-17 16:03:06.948 [info] > git for-each-ref --format=%(refname)%00%(upstream:short)%00%(objectname)%00%(upstream:track)%00%(upstream:remotename)%00%(upstream:remoteref) refs/heads/master refs/remotes/master [1ms]
2024-09-17 16:03:06.948 [warning] [Git][getBranch] No such branch: master
2024-09-17 16:03:11.979 [info] > git config --get commit.template [1ms]
2024-09-17 16:03:11.992 [info] [Git][getRemotes] No remotes found in the git config file
2024-09-17 16:03:11.994 [info] > git for-each-ref --format=%(refname)%00%(upstream:short)%00%(objectname)%00%(upstream:track)%00%(upstream:remotename)%00%(upstream:remoteref) refs/heads/master refs/remotes/master [2ms]
2024-09-17 16:03:11.994 [warning] [Git][getBranch] No such branch: master
2024-09-17 16:03:12.021 [info] > git status -z -uall [17ms]
2024-09-17 16:03:12.033 [info] > git for-each-ref --format=%(refname)%00%(upstream:short)%00%(objectname)%00%(upstream:track)%00%(upstream:remotename)%00%(upstream:remoteref) refs/heads/master refs/remotes/master [1ms]
2024-09-17 16:03:12.033 [warning] [Git][getBranch] No such branch: master
2024-09-17 16:03:38.891 [info] [Git][getRemotes] No remotes found in the git config file
2024-09-17 16:03:38.891 [info] > git config --get commit.template [5ms]
2024-09-17 16:03:38.891 [info] > git for-each-ref --format=%(refname)%00%(upstream:short)%00%(objectname)%00%(upstream:track)%00%(upstream:remotename)%00%(upstream:remoteref) refs/heads/master refs/remotes/master [0ms]
2024-09-17 16:03:38.891 [warning] [Git][getBranch] No such branch: master
2024-09-17 16:03:38.896 [info] > git status -z -uall [1ms]
2024-09-17 16:03:38.900 [info] > git for-each-ref --format=%(refname)%00%(upstream:short)%00%(objectname)%00%(upstream:track)%00%(upstream:remotename)%00%(upstream:remoteref) refs/heads/master refs/remotes/master [0ms]
2024-09-17 16:03:38.901 [warning] [Git][getBranch] No such branch: master
2024-09-17 16:18:29.616 [info] [Git][getRemotes] No remotes found in the git config file
2024-09-17 16:18:29.621 [info] > git config --get commit.template [15ms]
2024-09-17 16:18:29.622 [info] > git for-each-ref --format=%(refname)%00%(upstream:short)%00%(objectname)%00%(upstream:track)%00%(upstream:remotename)%00%(upstream:remoteref) refs/heads/master refs/remotes/master [6ms]
2024-09-17 16:18:29.622 [warning] [Git][getBranch] No such branch: master
2024-09-17 16:18:29.642 [info] > git status -z -uall [7ms]
2024-09-17 16:18:29.669 [info] > git for-each-ref --format=%(refname)%00%(upstream:short)%00%(objectname)%00%(upstream:track)%00%(upstream:remotename)%00%(upstream:remoteref) refs/heads/master refs/remotes/master [5ms]
2024-09-17 16:18:29.669 [warning] [Git][getBranch] No such branch: master
2024-09-17 16:18:31.723 [info] > git show --textconv :src/text_to_speech.rs [0ms]
2024-09-17 16:18:31.740 [info] > git ls-files --stage -- /home/arch/Projects/Rust/voice/src/text_to_speech.rs [3ms]
2024-09-17 16:19:03.271 [info] [Git][getRemotes] No remotes found in the git config file
2024-09-17 16:19:03.271 [info] > git config --get commit.template [4ms]
2024-09-17 16:19:03.271 [info] > git for-each-ref --format=%(refname)%00%(upstream:short)%00%(objectname)%00%(upstream:track)%00%(upstream:remotename)%00%(upstream:remoteref) refs/heads/master refs/remotes/master [0ms]
2024-09-17 16:19:03.271 [warning] [Git][getBranch] No such branch: master
2024-09-17 16:19:03.276 [info] > git status -z -uall [1ms]
2024-09-17 16:19:03.281 [info] > git for-each-ref --format=%(refname)%00%(upstream:short)%00%(objectname)%00%(upstream:track)%00%(upstream:remotename)%00%(upstream:remoteref) refs/heads/master refs/remotes/master [1ms]
2024-09-17 16:19:03.281 [warning] [Git][getBranch] No such branch: master
2024-09-17 16:19:08.293 [info] [Git][getRemotes] No remotes found in the git config file
2024-09-17 16:19:08.293 [info] > git config --get commit.template [5ms]
2024-09-17 16:19:08.294 [info] > git for-each-ref --format=%(refname)%00%(upstream:short)%00%(objectname)%00%(upstream:track)%00%(upstream:remotename)%00%(upstream:remoteref) refs/heads/master refs/remotes/master [1ms]
2024-09-17 16:19:08.294 [warning] [Git][getBranch] No such branch: master
2024-09-17 16:19:08.299 [info] > git status -z -uall [1ms]
2024-09-17 16:19:08.304 [info] > git for-each-ref --format=%(refname)%00%(upstream:short)%00%(objectname)%00%(upstream:track)%00%(upstream:remotename)%00%(upstream:remoteref) refs/heads/master refs/remotes/master [1ms]
2024-09-17 16:19:08.304 [warning] [Git][getBranch] No such branch: master
2024-09-17 16:19:13.314 [info] [Git][getRemotes] No remotes found in the git config file
2024-09-17 16:19:13.314 [info] > git config --get commit.template [4ms]
2024-09-17 16:19:13.314 [info] > git for-each-ref --format=%(refname)%00%(upstream:short)%00%(objectname)%00%(upstream:track)%00%(upstream:remotename)%00%(upstream:remoteref) refs/heads/master refs/remotes/master [1ms]
2024-09-17 16:19:13.314 [warning] [Git][getBranch] No such branch: master
2024-09-17 16:19:13.319 [info] > git status -z -uall [1ms]
2024-09-17 16:19:13.323 [info] > git for-each-ref --format=%(refname)%00%(upstream:short)%00%(objectname)%00%(upstream:track)%00%(upstream:remotename)%00%(upstream:remoteref) refs/heads/master refs/remotes/master [1ms]
2024-09-17 16:19:13.323 [warning] [Git][getBranch] No such branch: master
2024-09-17 16:19:56.657 [info] [Git][getRemotes] No remotes found in the git config file
2024-09-17 16:19:56.657 [info] > git config --get commit.template [6ms]
2024-09-17 16:19:56.658 [info] > git for-each-ref --format=%(refname)%00%(upstream:short)%00%(objectname)%00%(upstream:track)%00%(upstream:remotename)%00%(upstream:remoteref) refs/heads/master refs/remotes/master [1ms]
2024-09-17 16:19:56.658 [warning] [Git][getBranch] No such branch: master
2024-09-17 16:19:56.666 [info] > git status -z -uall [2ms]
2024-09-17 16:19:56.673 [info] > git for-each-ref --format=%(refname)%00%(upstream:short)%00%(objectname)%00%(upstream:track)%00%(upstream:remotename)%00%(upstream:remoteref) refs/heads/master refs/remotes/master [1ms]
2024-09-17 16:19:56.673 [warning] [Git][getBranch] No such branch: master
2024-09-17 16:20:01.682 [info] [Git][getRemotes] No remotes found in the git config file
2024-09-17 16:20:01.682 [info] > git config --get commit.template [4ms]
2024-09-17 16:20:01.682 [info] > git for-each-ref --format=%(refname)%00%(upstream:short)%00%(objectname)%00%(upstream:track)%00%(upstream:remotename)%00%(upstream:remoteref) refs/heads/master refs/remotes/master [1ms]
2024-09-17 16:20:01.682 [warning] [Git][getBranch] No such branch: master
2024-09-17 16:20:01.686 [info] > git status -z -uall [1ms]
2024-09-17 16:20:01.691 [info] > git for-each-ref --format=%(refname)%00%(upstream:short)%00%(objectname)%00%(upstream:track)%00%(upstream:remotename)%00%(upstream:remoteref) refs/heads/master refs/remotes/master [1ms]
2024-09-17 16:20:01.691 [warning] [Git][getBranch] No such branch: master
2024-09-17 16:20:07.068 [info] [Git][getRemotes] No remotes found in the git config file
2024-09-17 16:20:07.068 [info] > git config --get commit.template [6ms]
2024-09-17 16:20:07.069 [info] > git for-each-ref --format=%(refname)%00%(upstream:short)%00%(objectname)%00%(upstream:track)%00%(upstream:remotename)%00%(upstream:remoteref) refs/heads/master refs/remotes/master [1ms]
2024-09-17 16:20:07.069 [warning] [Git][getBranch] No such branch: master
2024-09-17 16:20:07.075 [info] > git status -z -uall [2ms]
2024-09-17 16:20:07.082 [info] > git for-each-ref --format=%(refname)%00%(upstream:short)%00%(objectname)%00%(upstream:track)%00%(upstream:remotename)%00%(upstream:remoteref) refs/heads/master refs/remotes/master [2ms]
2024-09-17 16:20:07.082 [warning] [Git][getBranch] No such branch: master
2024-09-17 16:21:13.689 [info] [Git][getRemotes] No remotes found in the git config file
2024-09-17 16:21:13.689 [info] > git config --get commit.template [6ms]
2024-09-17 16:21:13.690 [info] > git for-each-ref --format=%(refname)%00%(upstream:short)%00%(objectname)%00%(upstream:track)%00%(upstream:remotename)%00%(upstream:remoteref) refs/heads/master refs/remotes/master [1ms]
2024-09-17 16:21:13.690 [warning] [Git][getBranch] No such branch: master
2024-09-17 16:21:13.696 [info] > git status -z -uall [2ms]
2024-09-17 16:21:13.704 [info] > git for-each-ref --format=%(refname)%00%(upstream:short)%00%(objectname)%00%(upstream:track)%00%(upstream:remotename)%00%(upstream:remoteref) refs/heads/master refs/remotes/master [2ms]
2024-09-17 16:21:13.704 [warning] [Git][getBranch] No such branch: master
2024-09-17 16:21:18.717 [info] > git config --get commit.template [0ms]
2024-09-17 16:21:18.722 [info] [Git][getRemotes] No remotes found in the git config file
2024-09-17 16:21:18.724 [info] > git for-each-ref --format=%(refname)%00%(upstream:short)%00%(objectname)%00%(upstream:track)%00%(upstream:remotename)%00%(upstream:remoteref) refs/heads/master refs/remotes/master [2ms]
2024-09-17 16:21:18.724 [warning] [Git][getBranch] No such branch: master
2024-09-17 16:21:18.730 [info] > git status -z -uall [0ms]
2024-09-17 16:21:18.743 [info] > git for-each-ref --format=%(refname)%00%(upstream:short)%00%(objectname)%00%(upstream:track)%00%(upstream:remotename)%00%(upstream:remoteref) refs/heads/master refs/remotes/master [1ms]
2024-09-17 16:21:18.743 [warning] [Git][getBranch] No such branch: master
2024-09-17 16:21:23.752 [info] [Git][getRemotes] No remotes found in the git config file
2024-09-17 16:21:23.752 [info] > git config --get commit.template [4ms]
2024-09-17 16:21:23.753 [info] > git for-each-ref --format=%(refname)%00%(upstream:short)%00%(objectname)%00%(upstream:track)%00%(upstream:remotename)%00%(upstream:remoteref) refs/heads/master refs/remotes/master [1ms]
2024-09-17 16:21:23.753 [warning] [Git][getBranch] No such branch: master
2024-09-17 16:21:23.757 [info] > git status -z -uall [1ms]
2024-09-17 16:21:23.762 [info] > git for-each-ref --format=%(refname)%00%(upstream:short)%00%(objectname)%00%(upstream:track)%00%(upstream:remotename)%00%(upstream:remoteref) refs/heads/master refs/remotes/master [1ms]
2024-09-17 16:21:23.762 [warning] [Git][getBranch] No such branch: master
2024-09-17 16:21:29.215 [info] [Git][getRemotes] No remotes found in the git config file
2024-09-17 16:21:29.215 [info] > git config --get commit.template [6ms]
2024-09-17 16:21:29.215 [info] > git for-each-ref --format=%(refname)%00%(upstream:short)%00%(objectname)%00%(upstream:track)%00%(upstream:remotename)%00%(upstream:remoteref) refs/heads/master refs/remotes/master [1ms]
2024-09-17 16:21:29.215 [warning] [Git][getBranch] No such branch: master
2024-09-17 16:21:29.222 [info] > git status -z -uall [1ms]
2024-09-17 16:21:29.227 [info] > git for-each-ref --format=%(refname)%00%(upstream:short)%00%(objectname)%00%(upstream:track)%00%(upstream:remotename)%00%(upstream:remoteref) refs/heads/master refs/remotes/master [1ms]
2024-09-17 16:21:29.227 [warning] [Git][getBranch] No such branch: master
2024-09-17 16:22:51.870 [info] [Git][getRemotes] No remotes found in the git config file
2024-09-17 16:22:51.870 [info] > git config --get commit.template [4ms]
2024-09-17 16:22:51.871 [info] > git for-each-ref --format=%(refname)%00%(upstream:short)%00%(objectname)%00%(upstream:track)%00%(upstream:remotename)%00%(upstream:remoteref) refs/heads/master refs/remotes/master [1ms]
2024-09-17 16:22:51.871 [warning] [Git][getBranch] No such branch: master
2024-09-17 16:22:51.876 [info] > git status -z -uall [1ms]
2024-09-17 16:22:51.880 [info] > git for-each-ref --format=%(refname)%00%(upstream:short)%00%(objectname)%00%(upstream:track)%00%(upstream:remotename)%00%(upstream:remoteref) refs/heads/master refs/remotes/master [1ms]
2024-09-17 16:22:51.880 [warning] [Git][getBranch] No such branch: master
2024-09-17 16:22:56.892 [info] [Git][getRemotes] No remotes found in the git config file
2024-09-17 16:22:56.892 [info] > git config --get commit.template [4ms]
2024-09-17 16:22:56.892 [info] > git for-each-ref --format=%(refname)%00%(upstream:short)%00%(objectname)%00%(upstream:track)%00%(upstream:remotename)%00%(upstream:remoteref) refs/heads/master refs/remotes/master [0ms]
2024-09-17 16:22:56.892 [warning] [Git][getBranch] No such branch: master
2024-09-17 16:22:56.898 [info] > git status -z -uall [2ms]
2024-09-17 16:22:56.903 [info] > git for-each-ref --format=%(refname)%00%(upstream:short)%00%(objectname)%00%(upstream:track)%00%(upstream:remotename)%00%(upstream:remoteref) refs/heads/master refs/remotes/master [2ms]
2024-09-17 16:22:56.903 [warning] [Git][getBranch] No such branch: master
2024-09-17 16:23:01.913 [info] [Git][getRemotes] No remotes found in the git config file
2024-09-17 16:23:01.914 [info] > git config --get commit.template [5ms]
2024-09-17 16:23:01.914 [info] > git for-each-ref --format=%(refname)%00%(upstream:short)%00%(objectname)%00%(upstream:track)%00%(upstream:remotename)%00%(upstream:remoteref) refs/heads/master refs/remotes/master [1ms]
2024-09-17 16:23:01.914 [warning] [Git][getBranch] No such branch: master
2024-09-17 16:23:01.918 [info] > git status -z -uall [1ms]
2024-09-17 16:23:01.922 [info] > git for-each-ref --format=%(refname)%00%(upstream:short)%00%(objectname)%00%(upstream:track)%00%(upstream:remotename)%00%(upstream:remoteref) refs/heads/master refs/remotes/master [1ms]
2024-09-17 16:23:01.922 [warning] [Git][getBranch] No such branch: master
2024-09-17 16:23:06.934 [info] [Git][getRemotes] No remotes found in the git config file
2024-09-17 16:23:06.934 [info] > git config --get commit.template [4ms]
2024-09-17 16:23:06.935 [info] > git for-each-ref --format=%(refname)%00%(upstream:short)%00%(objectname)%00%(upstream:track)%00%(upstream:remotename)%00%(upstream:remoteref) refs/heads/master refs/remotes/master [1ms]
2024-09-17 16:23:06.935 [warning] [Git][getBranch] No such branch: master
2024-09-17 16:23:06.939 [info] > git status -z -uall [1ms]
2024-09-17 16:23:06.944 [info] > git for-each-ref --format=%(refname)%00%(upstream:short)%00%(objectname)%00%(upstream:track)%00%(upstream:remotename)%00%(upstream:remoteref) refs/heads/master refs/remotes/master [1ms]
2024-09-17 16:23:06.944 [warning] [Git][getBranch] No such branch: master
2024-09-17 16:23:11.953 [info] > git config --get commit.template [2ms]
2024-09-17 16:23:11.958 [info] [Git][getRemotes] No remotes found in the git config file
2024-09-17 16:23:11.959 [info] > git for-each-ref --format=%(refname)%00%(upstream:short)%00%(objectname)%00%(upstream:track)%00%(upstream:remotename)%00%(upstream:remoteref) refs/heads/master refs/remotes/master [1ms]
2024-09-17 16:23:11.959 [warning] [Git][getBranch] No such branch: master
2024-09-17 16:23:11.966 [info] > git status -z -uall [2ms]
2024-09-17 16:23:11.973 [info] > git for-each-ref --format=%(refname)%00%(upstream:short)%00%(objectname)%00%(upstream:track)%00%(upstream:remotename)%00%(upstream:remoteref) refs/heads/master refs/remotes/master [1ms]
2024-09-17 16:23:11.973 [warning] [Git][getBranch] No such branch: master
2024-09-17 16:23:39.269 [info] [Git][getRemotes] No remotes found in the git config file
2024-09-17 16:23:39.270 [info] > git config --get commit.template [7ms]
2024-09-17 16:23:39.270 [info] > git for-each-ref --format=%(refname)%00%(upstream:short)%00%(objectname)%00%(upstream:track)%00%(upstream:remotename)%00%(upstream:remoteref) refs/heads/master refs/remotes/master [1ms]
2024-09-17 16:23:39.271 [warning] [Git][getBranch] No such branch: master
2024-09-17 16:23:39.278 [info] > git status -z -uall [2ms]
2024-09-17 16:23:39.288 [info] > git for-each-ref --format=%(refname)%00%(upstream:short)%00%(objectname)%00%(upstream:track)%00%(upstream:remotename)%00%(upstream:remoteref) refs/heads/master refs/remotes/master [3ms]
2024-09-17 16:23:39.288 [warning] [Git][getBranch] No such branch: master
2024-09-17 16:23:44.298 [info] [Git][getRemotes] No remotes found in the git config file
2024-09-17 16:23:44.299 [info] > git for-each-ref --format=%(refname)%00%(upstream:short)%00%(objectname)%00%(upstream:track)%00%(upstream:remotename)%00%(upstream:remoteref) refs/heads/master refs/remotes/master [1ms]
2024-09-17 16:23:44.299 [warning] [Git][getBranch] No such branch: master
2024-09-17 16:23:44.299 [info] > git config --get commit.template [5ms]
2024-09-17 16:23:44.303 [info] > git status -z -uall [1ms]
2024-09-17 16:23:44.308 [info] > git for-each-ref --format=%(refname)%00%(upstream:short)%00%(objectname)%00%(upstream:track)%00%(upstream:remotename)%00%(upstream:remoteref) refs/heads/master refs/remotes/master [1ms]
2024-09-17 16:23:44.308 [warning] [Git][getBranch] No such branch: master
2024-09-17 16:23:54.500 [info] [Git][getRemotes] No remotes found in the git config file
2024-09-17 16:23:54.501 [info] > git config --get commit.template [4ms]
2024-09-17 16:23:54.501 [info] > git for-each-ref --format=%(refname)%00%(upstream:short)%00%(objectname)%00%(upstream:track)%00%(upstream:remotename)%00%(upstream:remoteref) refs/heads/master refs/remotes/master [1ms]
2024-09-17 16:23:54.501 [warning] [Git][getBranch] No such branch: master
2024-09-17 16:23:54.505 [info] > git status -z -uall [1ms]
2024-09-17 16:23:54.510 [info] > git for-each-ref --format=%(refname)%00%(upstream:short)%00%(objectname)%00%(upstream:track)%00%(upstream:remotename)%00%(upstream:remoteref) refs/heads/master refs/remotes/master [1ms]
2024-09-17 16:23:54.510 [warning] [Git][getBranch] No such branch: master
2024-09-17 16:24:01.229 [info] [Git][getRemotes] No remotes found in the git config file
2024-09-17 16:24:01.230 [info] > git config --get commit.template [3ms]
2024-09-17 16:24:01.230 [info] > git for-each-ref --format=%(refname)%00%(upstream:short)%00%(objectname)%00%(upstream:track)%00%(upstream:remotename)%00%(upstream:remoteref) refs/heads/master refs/remotes/master [1ms]
2024-09-17 16:24:01.230 [warning] [Git][getBranch] No such branch: master
2024-09-17 16:24:01.235 [info] > git status -z -uall [1ms]
2024-09-17 16:24:01.241 [info] > git for-each-ref --format=%(refname)%00%(upstream:short)%00%(objectname)%00%(upstream:track)%00%(upstream:remotename)%00%(upstream:remoteref) refs/heads/master refs/remotes/master [1ms]
2024-09-17 16:24:01.241 [warning] [Git][getBranch] No such branch: master
2024-09-17 16:24:07.664 [info] [Git][getRemotes] No remotes found in the git config file
2024-09-17 16:24:07.665 [info] > git config --get commit.template [6ms]
2024-09-17 16:24:07.666 [info] > git for-each-ref --format=%(refname)%00%(upstream:short)%00%(objectname)%00%(upstream:track)%00%(upstream:remotename)%00%(upstream:remoteref) refs/heads/master refs/remotes/master [2ms]
2024-09-17 16:24:07.666 [warning] [Git][getBranch] No such branch: master
2024-09-17 16:24:07.673 [info] > git status -z -uall [2ms]
2024-09-17 16:24:07.680 [info] > git for-each-ref --format=%(refname)%00%(upstream:short)%00%(objectname)%00%(upstream:track)%00%(upstream:remotename)%00%(upstream:remoteref) refs/heads/master refs/remotes/master [1ms]
2024-09-17 16:24:07.680 [warning] [Git][getBranch] No such branch: master
2024-09-17 16:25:11.894 [info] [Git][getRemotes] No remotes found in the git config file
2024-09-17 16:25:11.894 [info] > git config --get commit.template [5ms]
2024-09-17 16:25:11.895 [info] > git for-each-ref --format=%(refname)%00%(upstream:short)%00%(objectname)%00%(upstream:track)%00%(upstream:remotename)%00%(upstream:remoteref) refs/heads/master refs/remotes/master [1ms]
2024-09-17 16:25:11.895 [warning] [Git][getBranch] No such branch: master
2024-09-17 16:25:11.899 [info] > git status -z -uall [1ms]
2024-09-17 16:25:11.904 [info] > git for-each-ref --format=%(refname)%00%(upstream:short)%00%(objectname)%00%(upstream:track)%00%(upstream:remotename)%00%(upstream:remoteref) refs/heads/master refs/remotes/master [1ms]
2024-09-17 16:25:11.904 [warning] [Git][getBranch] No such branch: master
2024-09-17 16:25:16.914 [info] [Git][getRemotes] No remotes found in the git config file
2024-09-17 16:25:16.914 [info] > git config --get commit.template [4ms]
2024-09-17 16:25:16.914 [info] > git for-each-ref --format=%(refname)%00%(upstream:short)%00%(objectname)%00%(upstream:track)%00%(upstream:remotename)%00%(upstream:remoteref) refs/heads/master refs/remotes/master [0ms]
2024-09-17 16:25:16.914 [warning] [Git][getBranch] No such branch: master
2024-09-17 16:25:16.919 [info] > git status -z -uall [1ms]
2024-09-17 16:25:16.924 [info] > git for-each-ref --format=%(refname)%00%(upstream:short)%00%(objectname)%00%(upstream:track)%00%(upstream:remotename)%00%(upstream:remoteref) refs/heads/master refs/remotes/master [1ms]
2024-09-17 16:25:16.924 [warning] [Git][getBranch] No such branch: master
2024-09-17 16:25:25.442 [info] [Git][getRemotes] No remotes found in the git config file
2024-09-17 16:25:25.442 [info] > git config --get commit.template [5ms]
2024-09-17 16:25:25.442 [info] > git for-each-ref --format=%(refname)%00%(upstream:short)%00%(objectname)%00%(upstream:track)%00%(upstream:remotename)%00%(upstream:remoteref) refs/heads/master refs/remotes/master [0ms]
2024-09-17 16:25:25.442 [warning] [Git][getBranch] No such branch: master
2024-09-17 16:25:25.447 [info] > git status -z -uall [1ms]
2024-09-17 16:25:25.452 [info] > git for-each-ref --format=%(refname)%00%(upstream:short)%00%(objectname)%00%(upstream:track)%00%(upstream:remotename)%00%(upstream:remoteref) refs/heads/master refs/remotes/master [1ms]
2024-09-17 16:25:25.452 [warning] [Git][getBranch] No such branch: master
2024-09-17 16:25:58.412 [info] [Git][getRemotes] No remotes found in the git config file
2024-09-17 16:25:58.413 [info] > git config --get commit.template [6ms]
2024-09-17 16:25:58.413 [info] > git for-each-ref --format=%(refname)%00%(upstream:short)%00%(objectname)%00%(upstream:track)%00%(upstream:remotename)%00%(upstream:remoteref) refs/heads/master refs/remotes/master [1ms]
2024-09-17 16:25:58.413 [warning] [Git][getBranch] No such branch: master
2024-09-17 16:25:58.419 [info] > git status -z -uall [1ms]
2024-09-17 16:25:58.428 [info] > git for-each-ref --format=%(refname)%00%(upstream:short)%00%(objectname)%00%(upstream:track)%00%(upstream:remotename)%00%(upstream:remoteref) refs/heads/master refs/remotes/master [2ms]
2024-09-17 16:25:58.428 [warning] [Git][getBranch] No such branch: master
2024-09-17 16:26:03.434 [info] [Git][getRemotes] No remotes found in the git config file
2024-09-17 16:26:03.435 [info] > git config --get commit.template [4ms]
2024-09-17 16:26:03.435 [info] > git for-each-ref --format=%(refname)%00%(upstream:short)%00%(objectname)%00%(upstream:track)%00%(upstream:remotename)%00%(upstream:remoteref) refs/heads/master refs/remotes/master [1ms]
2024-09-17 16:26:03.435 [warning] [Git][getBranch] No such branch: master
2024-09-17 16:26:03.439 [info] > git status -z -uall [1ms]
2024-09-17 16:26:03.444 [info] > git for-each-ref --format=%(refname)%00%(upstream:short)%00%(objectname)%00%(upstream:track)%00%(upstream:remotename)%00%(upstream:remoteref) refs/heads/master refs/remotes/master [1ms]
2024-09-17 16:26:03.444 [warning] [Git][getBranch] No such branch: master
2024-09-17 16:26:08.453 [info] [Git][getRemotes] No remotes found in the git config file
2024-09-17 16:26:08.454 [info] > git config --get commit.template [5ms]
2024-09-17 16:26:08.454 [info] > git for-each-ref --format=%(refname)%00%(upstream:short)%00%(objectname)%00%(upstream:track)%00%(upstream:remotename)%00%(upstream:remoteref) refs/heads/master refs/remotes/master [1ms]
2024-09-17 16:26:08.454 [warning] [Git][getBranch] No such branch: master
2024-09-17 16:26:08.458 [info] > git status -z -uall [1ms]
2024-09-17 16:26:08.463 [info] > git for-each-ref --format=%(refname)%00%(upstream:short)%00%(objectname)%00%(upstream:track)%00%(upstream:remotename)%00%(upstream:remoteref) refs/heads/master refs/remotes/master [1ms]
2024-09-17 16:26:08.463 [warning] [Git][getBranch] No such branch: master
2024-09-17 16:27:01.525 [info] [Git][getRemotes] No remotes found in the git config file
2024-09-17 16:27:01.526 [info] > git config --get commit.template [6ms]
2024-09-17 16:27:01.526 [info] > git for-each-ref --format=%(refname)%00%(upstream:short)%00%(objectname)%00%(upstream:track)%00%(upstream:remotename)%00%(upstream:remoteref) refs/heads/master refs/remotes/master [1ms]
2024-09-17 16:27:01.526 [warning] [Git][getBranch] No such branch: master
2024-09-17 16:27:01.533 [info] > git status -z -uall [2ms]
2024-09-17 16:27:01.540 [info] > git for-each-ref --format=%(refname)%00%(upstream:short)%00%(objectname)%00%(upstream:track)%00%(upstream:remotename)%00%(upstream:remoteref) refs/heads/master refs/remotes/master [1ms]
2024-09-17 16:27:01.540 [warning] [Git][getBranch] No such branch: master
2024-09-17 16:27:06.548 [info] [Git][getRemotes] No remotes found in the git config file
2024-09-17 16:27:06.548 [info] > git config --get commit.template [4ms]
2024-09-17 16:27:06.548 [info] > git for-each-ref --format=%(refname)%00%(upstream:short)%00%(objectname)%00%(upstream:track)%00%(upstream:remotename)%00%(upstream:remoteref) refs/heads/master refs/remotes/master [0ms]
2024-09-17 16:27:06.548 [warning] [Git][getBranch] No such branch: master
2024-09-17 16:27:06.552 [info] > git status -z -uall [1ms]
2024-09-17 16:27:06.557 [info] > git for-each-ref --format=%(refname)%00%(upstream:short)%00%(objectname)%00%(upstream:track)%00%(upstream:remotename)%00%(upstream:remoteref) refs/heads/master refs/remotes/master [0ms]
2024-09-17 16:27:06.557 [warning] [Git][getBranch] No such branch: master
2024-09-17 16:27:11.565 [info] [Git][getRemotes] No remotes found in the git config file
2024-09-17 16:27:11.565 [info] > git config --get commit.template [4ms]
2024-09-17 16:27:11.566 [info] > git for-each-ref --format=%(refname)%00%(upstream:short)%00%(objectname)%00%(upstream:track)%00%(upstream:remotename)%00%(upstream:remoteref) refs/heads/master refs/remotes/master [1ms]
2024-09-17 16:27:11.566 [warning] [Git][getBranch] No such branch: master
2024-09-17 16:27:11.570 [info] > git status -z -uall [1ms]
2024-09-17 16:27:11.576 [info] > git for-each-ref --format=%(refname)%00%(upstream:short)%00%(objectname)%00%(upstream:track)%00%(upstream:remotename)%00%(upstream:remoteref) refs/heads/master refs/remotes/master [1ms]
2024-09-17 16:27:11.576 [warning] [Git][getBranch] No such branch: master
2024-09-17 16:27:16.586 [info] [Git][getRemotes] No remotes found in the git config file
2024-09-17 16:27:16.586 [info] > git config --get commit.template [5ms]
2024-09-17 16:27:16.586 [info] > git for-each-ref --format=%(refname)%00%(upstream:short)%00%(objectname)%00%(upstream:track)%00%(upstream:remotename)%00%(upstream:remoteref) refs/heads/master refs/remotes/master [0ms]
2024-09-17 16:27:16.586 [warning] [Git][getBranch] No such branch: master
2024-09-17 16:27:16.591 [info] > git status -z -uall [1ms]
2024-09-17 16:27:16.597 [info] > git for-each-ref --format=%(refname)%00%(upstream:short)%00%(objectname)%00%(upstream:track)%00%(upstream:remotename)%00%(upstream:remoteref) refs/heads/master refs/remotes/master [1ms]
2024-09-17 16:27:16.597 [warning] [Git][getBranch] No such branch: master
2024-09-17 16:29:00.865 [info] [Git][getRemotes] No remotes found in the git config file
2024-09-17 16:29:00.866 [info] > git config --get commit.template [4ms]
2024-09-17 16:29:00.866 [info] > git for-each-ref --format=%(refname)%00%(upstream:short)%00%(objectname)%00%(upstream:track)%00%(upstream:remotename)%00%(upstream:remoteref) refs/heads/master refs/remotes/master [1ms]
2024-09-17 16:29:00.866 [warning] [Git][getBranch] No such branch: master
2024-09-17 16:29:00.870 [info] > git status -z -uall [1ms]
2024-09-17 16:29:00.875 [info] > git for-each-ref --format=%(refname)%00%(upstream:short)%00%(objectname)%00%(upstream:track)%00%(upstream:remotename)%00%(upstream:remoteref) refs/heads/master refs/remotes/master [1ms]
2024-09-17 16:29:00.875 [warning] [Git][getBranch] No such branch: master
2024-09-17 16:29:07.365 [info] [Git][getRemotes] No remotes found in the git config file
2024-09-17 16:29:07.365 [info] > git config --get commit.template [5ms]
2024-09-17 16:29:07.366 [info] > git for-each-ref --format=%(refname)%00%(upstream:short)%00%(objectname)%00%(upstream:track)%00%(upstream:remotename)%00%(upstream:remoteref) refs/heads/master refs/remotes/master [1ms]
2024-09-17 16:29:07.366 [warning] [Git][getBranch] No such branch: master
2024-09-17 16:29:07.371 [info] > git status -z -uall [1ms]
2024-09-17 16:29:07.376 [info] > git for-each-ref --format=%(refname)%00%(upstream:short)%00%(objectname)%00%(upstream:track)%00%(upstream:remotename)%00%(upstream:remoteref) refs/heads/master refs/remotes/master [1ms]
2024-09-17 16:29:07.376 [warning] [Git][getBranch] No such branch: master
2024-09-17 16:29:12.386 [info] [Git][getRemotes] No remotes found in the git config file
2024-09-17 16:29:12.387 [info] > git config --get commit.template [5ms]
2024-09-17 16:29:12.387 [info] > git for-each-ref --format=%(refname)%00%(upstream:short)%00%(objectname)%00%(upstream:track)%00%(upstream:remotename)%00%(upstream:remoteref) refs/heads/master refs/remotes/master [1ms]
2024-09-17 16:29:12.387 [warning] [Git][getBranch] No such branch: master
2024-09-17 16:29:12.392 [info] > git status -z -uall [1ms]
2024-09-17 16:29:12.397 [info] > git for-each-ref --format=%(refname)%00%(upstream:short)%00%(objectname)%00%(upstream:track)%00%(upstream:remotename)%00%(upstream:remoteref) refs/heads/master refs/remotes/master [1ms]
2024-09-17 16:29:12.397 [warning] [Git][getBranch] No such branch: master
2024-09-17 16:31:07.337 [info] [Git][getRemotes] No remotes found in the git config file
2024-09-17 16:31:07.337 [info] > git config --get commit.template [4ms]
2024-09-17 16:31:07.337 [info] > git for-each-ref --format=%(refname)%00%(upstream:short)%00%(objectname)%00%(upstream:track)%00%(upstream:remotename)%00%(upstream:remoteref) refs/heads/master refs/remotes/master [0ms]
2024-09-17 16:31:07.337 [warning] [Git][getBranch] No such branch: master
2024-09-17 16:31:07.343 [info] > git status -z -uall [1ms]
2024-09-17 16:31:07.347 [info] > git for-each-ref --format=%(refname)%00%(upstream:short)%00%(objectname)%00%(upstream:track)%00%(upstream:remotename)%00%(upstream:remoteref) refs/heads/master refs/remotes/master [0ms]
2024-09-17 16:31:07.347 [warning] [Git][getBranch] No such branch: master
2024-09-17 16:31:12.356 [info] [Git][getRemotes] No remotes found in the git config file
2024-09-17 16:31:12.356 [info] > git config --get commit.template [4ms]
2024-09-17 16:31:12.357 [info] > git for-each-ref --format=%(refname)%00%(upstream:short)%00%(objectname)%00%(upstream:track)%00%(upstream:remotename)%00%(upstream:remoteref) refs/heads/master refs/remotes/master [1ms]
2024-09-17 16:31:12.357 [warning] [Git][getBranch] No such branch: master
2024-09-17 16:31:12.361 [info] > git status -z -uall [1ms]
2024-09-17 16:31:12.366 [info] > git for-each-ref --format=%(refname)%00%(upstream:short)%00%(objectname)%00%(upstream:track)%00%(upstream:remotename)%00%(upstream:remoteref) refs/heads/master refs/remotes/master [1ms]
2024-09-17 16:31:12.366 [warning] [Git][getBranch] No such branch: master
2024-09-17 16:31:17.376 [info] [Git][getRemotes] No remotes found in the git config file
2024-09-17 16:31:17.377 [info] > git config --get commit.template [5ms]
2024-09-17 16:31:17.377 [info] > git for-each-ref --format=%(refname)%00%(upstream:short)%00%(objectname)%00%(upstream:track)%00%(upstream:remotename)%00%(upstream:remoteref) refs/heads/master refs/remotes/master [1ms]
2024-09-17 16:31:17.377 [warning] [Git][getBranch] No such branch: master
2024-09-17 16:31:17.381 [info] > git status -z -uall [1ms]
2024-09-17 16:31:17.387 [info] > git for-each-ref --format=%(refname)%00%(upstream:short)%00%(objectname)%00%(upstream:track)%00%(upstream:remotename)%00%(upstream:remoteref) refs/heads/master refs/remotes/master [2ms]
2024-09-17 16:31:17.387 [warning] [Git][getBranch] No such branch: master
2024-09-17 16:31:45.380 [info] [Git][getRemotes] No remotes found in the git config file
2024-09-17 16:31:45.381 [info] > git config --get commit.template [6ms]
2024-09-17 16:31:45.381 [info] > git for-each-ref --format=%(refname)%00%(upstream:short)%00%(objectname)%00%(upstream:track)%00%(upstream:remotename)%00%(upstream:remoteref) refs/heads/master refs/remotes/master [1ms]
2024-09-17 16:31:45.381 [warning] [Git][getBranch] No such branch: master
2024-09-17 16:31:45.388 [info] > git status -z -uall [2ms]
2024-09-17 16:31:45.394 [info] > git for-each-ref --format=%(refname)%00%(upstream:short)%00%(objectname)%00%(upstream:track)%00%(upstream:remotename)%00%(upstream:remoteref) refs/heads/master refs/remotes/master [1ms]
2024-09-17 16:31:45.394 [warning] [Git][getBranch] No such branch: master
2024-09-17 16:31:50.404 [info] [Git][getRemotes] No remotes found in the git config file
2024-09-17 16:31:50.404 [info] > git config --get commit.template [4ms]
2024-09-17 16:31:50.405 [info] > git for-each-ref --format=%(refname)%00%(upstream:short)%00%(objectname)%00%(upstream:track)%00%(upstream:remotename)%00%(upstream:remoteref) refs/heads/master refs/remotes/master [1ms]
2024-09-17 16:31:50.405 [warning] [Git][getBranch] No such branch: master
2024-09-17 16:31:50.409 [info] > git status -z -uall [1ms]
2024-09-17 16:31:50.414 [info] > git for-each-ref --format=%(refname)%00%(upstream:short)%00%(objectname)%00%(upstream:track)%00%(upstream:remotename)%00%(upstream:remoteref) refs/heads/master refs/remotes/master [1ms]
2024-09-17 16:31:50.414 [warning] [Git][getBranch] No such branch: master
2024-09-17 16:32:08.888 [info] [Git][getRemotes] No remotes found in the git config file
2024-09-17 16:32:08.888 [info] > git config --get commit.template [4ms]
2024-09-17 16:32:08.889 [info] > git for-each-ref --format=%(refname)%00%(upstream:short)%00%(objectname)%00%(upstream:track)%00%(upstream:remotename)%00%(upstream:remoteref) refs/heads/master refs/remotes/master [1ms]
2024-09-17 16:32:08.889 [warning] [Git][getBranch] No such branch: master
2024-09-17 16:32:08.893 [info] > git status -z -uall [1ms]
2024-09-17 16:32:08.898 [info] > git for-each-ref --format=%(refname)%00%(upstream:short)%00%(objectname)%00%(upstream:track)%00%(upstream:remotename)%00%(upstream:remoteref) refs/heads/master refs/remotes/master [1ms]
2024-09-17 16:32:08.898 [warning] [Git][getBranch] No such branch: master
2024-09-17 16:32:13.914 [info] [Git][getRemotes] No remotes found in the git config file
2024-09-17 16:32:13.914 [info] > git config --get commit.template [6ms]
2024-09-17 16:32:13.915 [info] > git for-each-ref --format=%(refname)%00%(upstream:short)%00%(objectname)%00%(upstream:track)%00%(upstream:remotename)%00%(upstream:remoteref) refs/heads/master refs/remotes/master [1ms]
2024-09-17 16:32:13.915 [warning] [Git][getBranch] No such branch: master
2024-09-17 16:32:13.923 [info] > git status -z -uall [2ms]
2024-09-17 16:32:13.931 [info] > git for-each-ref --format=%(refname)%00%(upstream:short)%00%(objectname)%00%(upstream:track)%00%(upstream:remotename)%00%(upstream:remoteref) refs/heads/master refs/remotes/master [1ms]
2024-09-17 16:32:13.931 [warning] [Git][getBranch] No such branch: master
2024-09-17 16:32:18.945 [info] [Git][getRemotes] No remotes found in the git config file
2024-09-17 16:32:18.945 [info] > git config --get commit.template [4ms]
2024-09-17 16:32:18.945 [info] > git for-each-ref --format=%(refname)%00%(upstream:short)%00%(objectname)%00%(upstream:track)%00%(upstream:remotename)%00%(upstream:remoteref) refs/heads/master refs/remotes/master [0ms]
2024-09-17 16:32:18.945 [warning] [Git][getBranch] No such branch: master
2024-09-17 16:32:18.950 [info] > git status -z -uall [1ms]
2024-09-17 16:32:18.955 [info] > git for-each-ref --format=%(refname)%00%(upstream:short)%00%(objectname)%00%(upstream:track)%00%(upstream:remotename)%00%(upstream:remoteref) refs/heads/master refs/remotes/master [1ms]
2024-09-17 16:32:18.955 [warning] [Git][getBranch] No such branch: master
2024-09-17 16:32:27.114 [info] [Git][getRemotes] No remotes found in the git config file
2024-09-17 16:32:27.115 [info] > git config --get commit.template [6ms]
2024-09-17 16:32:27.115 [info] > git for-each-ref --format=%(refname)%00%(upstream:short)%00%(objectname)%00%(upstream:track)%00%(upstream:remotename)%00%(upstream:remoteref) refs/heads/master refs/remotes/master [1ms]
2024-09-17 16:32:27.115 [warning] [Git][getBranch] No such branch: master
2024-09-17 16:32:27.122 [info] > git status -z -uall [2ms]
2024-09-17 16:32:27.129 [info] > git for-each-ref --format=%(refname)%00%(upstream:short)%00%(objectname)%00%(upstream:track)%00%(upstream:remotename)%00%(upstream:remoteref) refs/heads/master refs/remotes/master [1ms]
2024-09-17 16:32:27.129 [warning] [Git][getBranch] No such branch: master
2024-09-17 16:32:32.141 [info] [Git][getRemotes] No remotes found in the git config file
2024-09-17 16:32:32.142 [info] > git config --get commit.template [4ms]
2024-09-17 16:32:32.142 [info] > git for-each-ref --format=%(refname)%00%(upstream:short)%00%(objectname)%00%(upstream:track)%00%(upstream:remotename)%00%(upstream:remoteref) refs/heads/master refs/remotes/master [1ms]
2024-09-17 16:32:32.142 [warning] [Git][getBranch] No such branch: master
2024-09-17 16:32:32.148 [info] > git status -z -uall [2ms]
2024-09-17 16:32:32.155 [info] > git for-each-ref --format=%(refname)%00%(upstream:short)%00%(objectname)%00%(upstream:track)%00%(upstream:remotename)%00%(upstream:remoteref) refs/heads/master refs/remotes/master [1ms]
2024-09-17 16:32:32.155 [warning] [Git][getBranch] No such branch: master
2024-09-17 16:32:37.160 [info] [Git][getRemotes] No remotes found in the git config file
2024-09-17 16:32:37.164 [info] > git config --get commit.template [4ms]
2024-09-17 16:32:37.164 [info] > git for-each-ref --format=%(refname)%00%(upstream:short)%00%(objectname)%00%(upstream:track)%00%(upstream:remotename)%00%(upstream:remoteref) refs/heads/master refs/remotes/master [1ms]
2024-09-17 16:32:37.164 [warning] [Git][getBranch] No such branch: master
2024-09-17 16:32:37.168 [info] > git status -z -uall [1ms]
2024-09-17 16:32:37.173 [info] > git for-each-ref --format=%(refname)%00%(upstream:short)%00%(objectname)%00%(upstream:track)%00%(upstream:remotename)%00%(upstream:remoteref) refs/heads/master refs/remotes/master [1ms]
2024-09-17 16:32:37.173 [warning] [Git][getBranch] No such branch: master
2024-09-17 16:33:22.022 [info] > git check-ignore -v -z --stdin [1ms]
2024-09-17 16:33:26.095 [info] > git check-ignore -v -z --stdin [1ms]
2024-09-17 16:33:27.938 [info] > git check-ignore -v -z --stdin [0ms]
2024-09-17 16:33:30.440 [info] > git check-ignore -v -z --stdin [1ms]
2024-09-17 16:33:32.852 [info] > git show --textconv :target/debug/build/voice-d90aada23c5de057/output [4ms]
2024-09-17 16:33:32.852 [info] > git ls-files --stage -- /home/arch/Projects/Rust/voice/target/debug/build/voice-d90aada23c5de057/output [1ms]
2024-09-17 16:33:34.185 [info] > git show --textconv :target/debug/build/voice-d90aada23c5de057/root-output [4ms]
2024-09-17 16:33:34.186 [info] > git ls-files --stage -- /home/arch/Projects/Rust/voice/target/debug/build/voice-d90aada23c5de057/root-output [1ms]
2024-09-17 16:33:35.259 [info] > git show --textconv :target/debug/build/voice-d90aada23c5de057/stderr [5ms]
2024-09-17 16:33:35.259 [info] > git ls-files --stage -- /home/arch/Projects/Rust/voice/target/debug/build/voice-d90aada23c5de057/stderr [1ms]
2024-09-17 16:33:38.434 [info] > git show --textconv :src/text_to_speech.rs [4ms]
2024-09-17 16:33:38.435 [info] > git ls-files --stage -- /home/arch/Projects/Rust/voice/src/text_to_speech.rs [1ms]
2024-09-17 16:34:06.572 [info] [Git][getRemotes] No remotes found in the git config file
2024-09-17 16:34:06.572 [info] > git config --get commit.template [5ms]
2024-09-17 16:34:06.573 [info] > git for-each-ref --format=%(refname)%00%(upstream:short)%00%(objectname)%00%(upstream:track)%00%(upstream:remotename)%00%(upstream:remoteref) refs/heads/master refs/remotes/master [1ms]
2024-09-17 16:34:06.573 [warning] [Git][getBranch] No such branch: master
2024-09-17 16:34:06.580 [info] > git status -z -uall [2ms]
2024-09-17 16:34:06.587 [info] > git for-each-ref --format=%(refname)%00%(upstream:short)%00%(objectname)%00%(upstream:track)%00%(upstream:remotename)%00%(upstream:remoteref) refs/heads/master refs/remotes/master [1ms]
2024-09-17 16:34:06.587 [warning] [Git][getBranch] No such branch: master
2024-09-17 16:34:11.596 [info] [Git][getRemotes] No remotes found in the git config file
2024-09-17 16:34:11.596 [info] > git config --get commit.template [4ms]
2024-09-17 16:34:11.597 [info] > git for-each-ref --format=%(refname)%00%(upstream:short)%00%(objectname)%00%(upstream:track)%00%(upstream:remotename)%00%(upstream:remoteref) refs/heads/master refs/remotes/master [1ms]
2024-09-17 16:34:11.597 [warning] [Git][getBranch] No such branch: master
2024-09-17 16:34:11.602 [info] > git status -z -uall [2ms]
2024-09-17 16:34:11.606 [info] > git for-each-ref --format=%(refname)%00%(upstream:short)%00%(objectname)%00%(upstream:track)%00%(upstream:remotename)%00%(upstream:remoteref) refs/heads/master refs/remotes/master [1ms]
2024-09-17 16:34:11.606 [warning] [Git][getBranch] No such branch: master
2024-09-17 16:34:16.615 [info] [Git][getRemotes] No remotes found in the git config file
2024-09-17 16:34:16.615 [info] > git config --get commit.template [4ms]
2024-09-17 16:34:16.615 [info] > git for-each-ref --format=%(refname)%00%(upstream:short)%00%(objectname)%00%(upstream:track)%00%(upstream:remotename)%00%(upstream:remoteref) refs/heads/master refs/remotes/master [1ms]
2024-09-17 16:34:16.615 [warning] [Git][getBranch] No such branch: master
2024-09-17 16:34:16.620 [info] > git status -z -uall [2ms]
2024-09-17 16:34:16.624 [info] > git for-each-ref --format=%(refname)%00%(upstream:short)%00%(objectname)%00%(upstream:track)%00%(upstream:remotename)%00%(upstream:remoteref) refs/heads/master refs/remotes/master [1ms]
2024-09-17 16:34:16.624 [warning] [Git][getBranch] No such branch: master
2024-09-17 16:34:32.189 [info] [Git][getRemotes] No remotes found in the git config file
2024-09-17 16:34:32.190 [info] > git config --get commit.template [5ms]
2024-09-17 16:34:32.190 [info] > git for-each-ref --format=%(refname)%00%(upstream:short)%00%(objectname)%00%(upstream:track)%00%(upstream:remotename)%00%(upstream:remoteref) refs/heads/master refs/remotes/master [1ms]
2024-09-17 16:34:32.190 [warning] [Git][getBranch] No such branch: master
2024-09-17 16:34:32.195 [info] > git status -z -uall [1ms]
2024-09-17 16:34:32.200 [info] > git for-each-ref --format=%(refname)%00%(upstream:short)%00%(objectname)%00%(upstream:track)%00%(upstream:remotename)%00%(upstream:remoteref) refs/heads/master refs/remotes/master [2ms]
2024-09-17 16:34:32.200 [warning] [Git][getBranch] No such branch: master
2024-09-17 16:34:42.239 [info] [Git][getRemotes] No remotes found in the git config file
2024-09-17 16:34:42.240 [info] > git config --get commit.template [7ms]
2024-09-17 16:34:42.240 [info] > git for-each-ref --format=%(refname)%00%(upstream:short)%00%(objectname)%00%(upstream:track)%00%(upstream:remotename)%00%(upstream:remoteref) refs/heads/master refs/remotes/master [1ms]
2024-09-17 16:34:42.240 [warning] [Git][getBranch] No such branch: master
2024-09-17 16:34:42.245 [info] > git status -z -uall [1ms]
2024-09-17 16:34:42.250 [info] > git for-each-ref --format=%(refname)%00%(upstream:short)%00%(objectname)%00%(upstream:track)%00%(upstream:remotename)%00%(upstream:remoteref) refs/heads/master refs/remotes/master [1ms]
2024-09-17 16:34:42.250 [warning] [Git][getBranch] No such branch: master
2024-09-17 16:34:47.257 [info] [Git][getRemotes] No remotes found in the git config file
2024-09-17 16:34:47.258 [info] > git config --get commit.template [5ms]
2024-09-17 16:34:47.258 [info] > git for-each-ref --format=%(refname)%00%(upstream:short)%00%(objectname)%00%(upstream:track)%00%(upstream:remotename)%00%(upstream:remoteref) refs/heads/master refs/remotes/master [1ms]
2024-09-17 16:34:47.258 [warning] [Git][getBranch] No such branch: master
2024-09-17 16:34:47.262 [info] > git status -z -uall [1ms]
2024-09-17 16:34:47.266 [info] > git for-each-ref --format=%(refname)%00%(upstream:short)%00%(objectname)%00%(upstream:track)%00%(upstream:remotename)%00%(upstream:remoteref) refs/heads/master refs/remotes/master [1ms]
2024-09-17 16:34:47.266 [warning] [Git][getBranch] No such branch: master
2024-09-17 16:34:53.485 [info] [Git][getRemotes] No remotes found in the git config file
2024-09-17 16:34:53.485 [info] > git config --get commit.template [5ms]
2024-09-17 16:34:53.486 [info] > git for-each-ref --format=%(refname)%00%(upstream:short)%00%(objectname)%00%(upstream:track)%00%(upstream:remotename)%00%(upstream:remoteref) refs/heads/master refs/remotes/master [1ms]
2024-09-17 16:34:53.486 [warning] [Git][getBranch] No such branch: master
2024-09-17 16:34:53.491 [info] > git status -z -uall [2ms]
2024-09-17 16:34:53.496 [info] > git for-each-ref --format=%(refname)%00%(upstream:short)%00%(objectname)%00%(upstream:track)%00%(upstream:remotename)%00%(upstream:remoteref) refs/heads/master refs/remotes/master [1ms]
2024-09-17 16:34:53.496 [warning] [Git][getBranch] No such branch: master
2024-09-17 16:34:58.502 [info] [Git][getRemotes] No remotes found in the git config file
2024-09-17 16:34:58.506 [info] > git config --get commit.template [5ms]
2024-09-17 16:34:58.507 [info] > git for-each-ref --format=%(refname)%00%(upstream:short)%00%(objectname)%00%(upstream:track)%00%(upstream:remotename)%00%(upstream:remoteref) refs/heads/master refs/remotes/master [1ms]
2024-09-17 16:34:58.507 [warning] [Git][getBranch] No such branch: master
2024-09-17 16:34:58.513 [info] > git status -z -uall [2ms]
2024-09-17 16:34:58.519 [info] > git for-each-ref --format=%(refname)%00%(upstream:short)%00%(objectname)%00%(upstream:track)%00%(upstream:remotename)%00%(upstream:remoteref) refs/heads/master refs/remotes/master [1ms]
2024-09-17 16:34:58.519 [warning] [Git][getBranch] No such branch: master
2024-09-17 16:35:03.530 [info] [Git][getRemotes] No remotes found in the git config file
2024-09-17 16:35:03.530 [info] > git config --get commit.template [4ms]
2024-09-17 16:35:03.531 [info] > git for-each-ref --format=%(refname)%00%(upstream:short)%00%(objectname)%00%(upstream:track)%00%(upstream:remotename)%00%(upstream:remoteref) refs/heads/master refs/remotes/master [1ms]
2024-09-17 16:35:03.531 [warning] [Git][getBranch] No such branch: master
2024-09-17 16:35:03.535 [info] > git status -z -uall [1ms]
2024-09-17 16:35:03.540 [info] > git for-each-ref --format=%(refname)%00%(upstream:short)%00%(objectname)%00%(upstream:track)%00%(upstream:remotename)%00%(upstream:remoteref) refs/heads/master refs/remotes/master [1ms]
2024-09-17 16:35:03.540 [warning] [Git][getBranch] No such branch: master
2024-09-17 16:35:27.954 [info] [Git][getRemotes] No remotes found in the git config file
2024-09-17 16:35:27.954 [info] > git config --get commit.template [5ms]
2024-09-17 16:35:27.955 [info] > git for-each-ref --format=%(refname)%00%(upstream:short)%00%(objectname)%00%(upstream:track)%00%(upstream:remotename)%00%(upstream:remoteref) refs/heads/master refs/remotes/master [1ms]
2024-09-17 16:35:27.955 [warning] [Git][getBranch] No such branch: master
2024-09-17 16:35:27.960 [info] > git status -z -uall [2ms]
2024-09-17 16:35:27.966 [info] > git for-each-ref --format=%(refname)%00%(upstream:short)%00%(objectname)%00%(upstream:track)%00%(upstream:remotename)%00%(upstream:remoteref) refs/heads/master refs/remotes/master [1ms]
2024-09-17 16:35:27.966 [warning] [Git][getBranch] No such branch: master
2024-09-17 16:35:32.975 [info] [Git][getRemotes] No remotes found in the git config file
2024-09-17 16:35:32.976 [info] > git config --get commit.template [5ms]
2024-09-17 16:35:32.976 [info] > git for-each-ref --format=%(refname)%00%(upstream:short)%00%(objectname)%00%(upstream:track)%00%(upstream:remotename)%00%(upstream:remoteref) refs/heads/master refs/remotes/master [1ms]
2024-09-17 16:35:32.976 [warning] [Git][getBranch] No such branch: master
2024-09-17 16:35:32.982 [info] > git status -z -uall [2ms]
2024-09-17 16:35:33.009 [info] > git for-each-ref --format=%(refname)%00%(upstream:short)%00%(objectname)%00%(upstream:track)%00%(upstream:remotename)%00%(upstream:remoteref) refs/heads/master refs/remotes/master [1ms]
2024-09-17 16:35:33.009 [warning] [Git][getBranch] No such branch: master
2024-09-17 16:35:46.620 [info] [Git][getRemotes] No remotes found in the git config file
2024-09-17 16:35:46.621 [info] > git config --get commit.template [5ms]
2024-09-17 16:35:46.621 [info] > git for-each-ref --format=%(refname)%00%(upstream:short)%00%(objectname)%00%(upstream:track)%00%(upstream:remotename)%00%(upstream:remoteref) refs/heads/master refs/remotes/master [1ms]
2024-09-17 16:35:46.621 [warning] [Git][getBranch] No such branch: master
2024-09-17 16:35:46.626 [info] > git status -z -uall [1ms]
2024-09-17 16:35:46.630 [info] > git for-each-ref --format=%(refname)%00%(upstream:short)%00%(objectname)%00%(upstream:track)%00%(upstream:remotename)%00%(upstream:remoteref) refs/heads/master refs/remotes/master [1ms]
2024-09-17 16:35:46.630 [warning] [Git][getBranch] No such branch: master
2024-09-17 16:35:51.642 [info] [Git][getRemotes] No remotes found in the git config file
2024-09-17 16:35:51.642 [info] > git config --get commit.template [4ms]
2024-09-17 16:35:51.643 [info] > git for-each-ref --format=%(refname)%00%(upstream:short)%00%(objectname)%00%(upstream:track)%00%(upstream:remotename)%00%(upstream:remoteref) refs/heads/master refs/remotes/master [1ms]
2024-09-17 16:35:51.643 [warning] [Git][getBranch] No such branch: master
2024-09-17 16:35:51.647 [info] > git status -z -uall [1ms]
2024-09-17 16:35:51.652 [info] > git for-each-ref --format=%(refname)%00%(upstream:short)%00%(objectname)%00%(upstream:track)%00%(upstream:remotename)%00%(upstream:remoteref) refs/heads/master refs/remotes/master [1ms]
2024-09-17 16:35:51.652 [warning] [Git][getBranch] No such branch: master
2024-09-17 16:35:56.663 [info] [Git][getRemotes] No remotes found in the git config file
2024-09-17 16:35:56.663 [info] > git config --get commit.template [4ms]
2024-09-17 16:35:56.664 [info] > git for-each-ref --format=%(refname)%00%(upstream:short)%00%(objectname)%00%(upstream:track)%00%(upstream:remotename)%00%(upstream:remoteref) refs/heads/master refs/remotes/master [1ms]
2024-09-17 16:35:56.664 [warning] [Git][getBranch] No such branch: master
2024-09-17 16:35:56.669 [info] > git status -z -uall [1ms]
2024-09-17 16:35:56.673 [info] > git for-each-ref --format=%(refname)%00%(upstream:short)%00%(objectname)%00%(upstream:track)%00%(upstream:remotename)%00%(upstream:remoteref) refs/heads/master refs/remotes/master [0ms]
2024-09-17 16:35:56.673 [warning] [Git][getBranch] No such branch: master
2024-09-17 16:37:03.887 [info] [Git][getRemotes] No remotes found in the git config file
2024-09-17 16:37:03.887 [info] > git config --get commit.template [4ms]
2024-09-17 16:37:03.888 [info] > git for-each-ref --format=%(refname)%00%(upstream:short)%00%(objectname)%00%(upstream:track)%00%(upstream:remotename)%00%(upstream:remoteref) refs/heads/master refs/remotes/master [1ms]
2024-09-17 16:37:03.888 [warning] [Git][getBranch] No such branch: master
2024-09-17 16:37:03.892 [info] > git status -z -uall [1ms]
2024-09-17 16:37:03.896 [info] > git for-each-ref --format=%(refname)%00%(upstream:short)%00%(objectname)%00%(upstream:track)%00%(upstream:remotename)%00%(upstream:remoteref) refs/heads/master refs/remotes/master [1ms]
2024-09-17 16:37:03.896 [warning] [Git][getBranch] No such branch: master
2024-09-17 16:37:08.906 [info] [Git][getRemotes] No remotes found in the git config file
2024-09-17 16:37:08.907 [info] > git config --get commit.template [5ms]
2024-09-17 16:37:08.907 [info] > git for-each-ref --format=%(refname)%00%(upstream:short)%00%(objectname)%00%(upstream:track)%00%(upstream:remotename)%00%(upstream:remoteref) refs/heads/master refs/remotes/master [1ms]
2024-09-17 16:37:08.907 [warning] [Git][getBranch] No such branch: master
2024-09-17 16:37:08.912 [info] > git status -z -uall [1ms]
2024-09-17 16:37:08.917 [info] > git for-each-ref --format=%(refname)%00%(upstream:short)%00%(objectname)%00%(upstream:track)%00%(upstream:remotename)%00%(upstream:remoteref) refs/heads/master refs/remotes/master [1ms]
2024-09-17 16:37:08.917 [warning] [Git][getBranch] No such branch: master
2024-09-17 16:37:13.927 [info] [Git][getRemotes] No remotes found in the git config file
2024-09-17 16:37:13.927 [info] > git config --get commit.template [5ms]
2024-09-17 16:37:13.927 [info] > git for-each-ref --format=%(refname)%00%(upstream:short)%00%(objectname)%00%(upstream:track)%00%(upstream:remotename)%00%(upstream:remoteref) refs/heads/master refs/remotes/master [0ms]
2024-09-17 16:37:13.927 [warning] [Git][getBranch] No such branch: master
2024-09-17 16:37:13.932 [info] > git status -z -uall [1ms]
2024-09-17 16:37:13.936 [info] > git for-each-ref --format=%(refname)%00%(upstream:short)%00%(objectname)%00%(upstream:track)%00%(upstream:remotename)%00%(upstream:remoteref) refs/heads/master refs/remotes/master [1ms]
2024-09-17 16:37:13.936 [warning] [Git][getBranch] No such branch: master
2024-09-17 16:37:59.316 [info] > git show --textconv :src/main.rs [4ms]
2024-09-17 16:37:59.317 [info] > git ls-files --stage -- /home/arch/Projects/Rust/voice/src/main.rs [1ms]
2024-09-17 16:38:03.448 [info] > git show --textconv :src/text_to_speech.rs [3ms]
2024-09-17 16:38:03.449 [info] > git ls-files --stage -- /home/arch/Projects/Rust/voice/src/text_to_speech.rs [1ms]
2024-09-17 16:51:28.300 [info] [Git][getRemotes] No remotes found in the git config file
2024-09-17 16:51:28.301 [info] > git config --get commit.template [7ms]
2024-09-17 16:51:28.302 [info] > git for-each-ref --format=%(refname)%00%(upstream:short)%00%(objectname)%00%(upstream:track)%00%(upstream:remotename)%00%(upstream:remoteref) refs/heads/master refs/remotes/master [2ms]
2024-09-17 16:51:28.302 [warning] [Git][getBranch] No such branch: master
2024-09-17 16:51:28.309 [info] > git status -z -uall [2ms]
2024-09-17 16:51:28.318 [info] > git for-each-ref --format=%(refname)%00%(upstream:short)%00%(objectname)%00%(upstream:track)%00%(upstream:remotename)%00%(upstream:remoteref) refs/heads/master refs/remotes/master [1ms]
2024-09-17 16:51:28.318 [warning] [Git][getBranch] No such branch: master
2024-09-17 16:51:33.330 [info] [Git][getRemotes] No remotes found in the git config file
2024-09-17 16:51:33.331 [info] > git config --get commit.template [5ms]
2024-09-17 16:51:33.331 [info] > git for-each-ref --format=%(refname)%00%(upstream:short)%00%(objectname)%00%(upstream:track)%00%(upstream:remotename)%00%(upstream:remoteref) refs/heads/master refs/remotes/master [1ms]
2024-09-17 16:51:33.331 [warning] [Git][getBranch] No such branch: master
2024-09-17 16:51:33.337 [info] > git status -z -uall [1ms]
2024-09-17 16:51:33.342 [info] > git for-each-ref --format=%(refname)%00%(upstream:short)%00%(objectname)%00%(upstream:track)%00%(upstream:remotename)%00%(upstream:remoteref) refs/heads/master refs/remotes/master [1ms]
2024-09-17 16:51:33.342 [warning] [Git][getBranch] No such branch: master
2024-09-17 16:51:38.350 [info] [Git][getRemotes] No remotes found in the git config file
2024-09-17 16:51:38.351 [info] > git config --get commit.template [5ms]
2024-09-17 16:51:38.351 [info] > git for-each-ref --format=%(refname)%00%(upstream:short)%00%(objectname)%00%(upstream:track)%00%(upstream:remotename)%00%(upstream:remoteref) refs/heads/master refs/remotes/master [1ms]
2024-09-17 16:51:38.351 [warning] [Git][getBranch] No such branch: master
2024-09-17 16:51:38.356 [info] > git status -z -uall [1ms]
2024-09-17 16:51:38.360 [info] > git for-each-ref --format=%(refname)%00%(upstream:short)%00%(objectname)%00%(upstream:track)%00%(upstream:remotename)%00%(upstream:remoteref) refs/heads/master refs/remotes/master [1ms]
2024-09-17 16:51:38.360 [warning] [Git][getBranch] No such branch: master
2024-09-17 16:51:42.045 [info] > git check-ignore -v -z --stdin [1ms]
2024-09-17 16:51:43.371 [info] [Git][getRemotes] No remotes found in the git config file
2024-09-17 16:51:43.371 [info] > git config --get commit.template [4ms]
2024-09-17 16:51:43.372 [info] > git for-each-ref --format=%(refname)%00%(upstream:short)%00%(objectname)%00%(upstream:track)%00%(upstream:remotename)%00%(upstream:remoteref) refs/heads/master refs/remotes/master [1ms]
2024-09-17 16:51:43.372 [warning] [Git][getBranch] No such branch: master
2024-09-17 16:51:43.376 [info] > git status -z -uall [1ms]
2024-09-17 16:51:43.380 [info] > git for-each-ref --format=%(refname)%00%(upstream:short)%00%(objectname)%00%(upstream:track)%00%(upstream:remotename)%00%(upstream:remoteref) refs/heads/master refs/remotes/master [1ms]
2024-09-17 16:51:43.380 [warning] [Git][getBranch] No such branch: master
2024-09-17 16:51:57.357 [info] [Git][getRemotes] No remotes found in the git config file
2024-09-17 16:51:57.357 [info] > git config --get commit.template [6ms]
2024-09-17 16:51:57.358 [info] > git for-each-ref --format=%(refname)%00%(upstream:short)%00%(objectname)%00%(upstream:track)%00%(upstream:remotename)%00%(upstream:remoteref) refs/heads/master refs/remotes/master [1ms]
2024-09-17 16:51:57.358 [warning] [Git][getBranch] No such branch: master
2024-09-17 16:51:57.365 [info] > git status -z -uall [2ms]
2024-09-17 16:51:57.373 [info] > git for-each-ref --format=%(refname)%00%(upstream:short)%00%(objectname)%00%(upstream:track)%00%(upstream:remotename)%00%(upstream:remoteref) refs/heads/master refs/remotes/master [2ms]
2024-09-17 16:51:57.373 [warning] [Git][getBranch] No such branch: master
2024-09-17 16:52:02.382 [info] [Git][getRemotes] No remotes found in the git config file
2024-09-17 16:52:02.382 [info] > git config --get commit.template [5ms]
2024-09-17 16:52:02.383 [info] > git for-each-ref --format=%(refname)%00%(upstream:short)%00%(objectname)%00%(upstream:track)%00%(upstream:remotename)%00%(upstream:remoteref) refs/heads/master refs/remotes/master [1ms]
2024-09-17 16:52:02.383 [warning] [Git][getBranch] No such branch: master
2024-09-17 16:52:02.387 [info] > git status -z -uall [1ms]
2024-09-17 16:52:02.391 [info] > git for-each-ref --format=%(refname)%00%(upstream:short)%00%(objectname)%00%(upstream:track)%00%(upstream:remotename)%00%(upstream:remoteref) refs/heads/master refs/remotes/master [1ms]
2024-09-17 16:52:02.391 [warning] [Git][getBranch] No such branch: master
2024-09-17 16:52:07.401 [info] [Git][getRemotes] No remotes found in the git config file
2024-09-17 16:52:07.401 [info] > git config --get commit.template [4ms]
2024-09-17 16:52:07.401 [info] > git for-each-ref --format=%(refname)%00%(upstream:short)%00%(objectname)%00%(upstream:track)%00%(upstream:remotename)%00%(upstream:remoteref) refs/heads/master refs/remotes/master [1ms]
2024-09-17 16:52:07.401 [warning] [Git][getBranch] No such branch: master
2024-09-17 16:52:07.406 [info] > git status -z -uall [1ms]
2024-09-17 16:52:07.411 [info] > git for-each-ref --format=%(refname)%00%(upstream:short)%00%(objectname)%00%(upstream:track)%00%(upstream:remotename)%00%(upstream:remoteref) refs/heads/master refs/remotes/master [1ms]
2024-09-17 16:52:07.411 [warning] [Git][getBranch] No such branch: master
2024-09-17 16:52:12.426 [info] [Git][getRemotes] No remotes found in the git config file
2024-09-17 16:52:12.427 [info] > git config --get commit.template [5ms]
2024-09-17 16:52:12.427 [info] > git for-each-ref --format=%(refname)%00%(upstream:short)%00%(objectname)%00%(upstream:track)%00%(upstream:remotename)%00%(upstream:remoteref) refs/heads/master refs/remotes/master [1ms]
2024-09-17 16:52:12.427 [warning] [Git][getBranch] No such branch: master
2024-09-17 16:52:12.434 [info] > git status -z -uall [2ms]
2024-09-17 16:52:12.440 [info] > git for-each-ref --format=%(refname)%00%(upstream:short)%00%(objectname)%00%(upstream:track)%00%(upstream:remotename)%00%(upstream:remoteref) refs/heads/master refs/remotes/master [1ms]
2024-09-17 16:52:12.440 [warning] [Git][getBranch] No such branch: master
2024-09-17 16:52:34.524 [info] > git show --textconv :src/text_to_speech.rs [5ms]
2024-09-17 16:52:34.525 [info] > git ls-files --stage -- /home/arch/Projects/Rust/voice/src/text_to_speech.rs [1ms]
2024-09-17 16:58:44.612 [info] [Git][getRemotes] No remotes found in the git config file
2024-09-17 16:58:44.613 [info] > git config --get commit.template [7ms]
2024-09-17 16:58:44.613 [info] > git for-each-ref --format=%(refname)%00%(upstream:short)%00%(objectname)%00%(upstream:track)%00%(upstream:remotename)%00%(upstream:remoteref) refs/heads/master refs/remotes/master [1ms]
2024-09-17 16:58:44.613 [warning] [Git][getBranch] No such branch: master
2024-09-17 16:58:44.620 [info] > git status -z -uall [1ms]
2024-09-17 16:58:44.628 [info] > git for-each-ref --format=%(refname)%00%(upstream:short)%00%(objectname)%00%(upstream:track)%00%(upstream:remotename)%00%(upstream:remoteref) refs/heads/master refs/remotes/master [2ms]
2024-09-17 16:58:44.628 [warning] [Git][getBranch] No such branch: master
2024-09-17 16:58:49.643 [info] [Git][getRemotes] No remotes found in the git config file
2024-09-17 16:58:49.643 [info] > git config --get commit.template [7ms]
2024-09-17 16:58:49.644 [info] > git for-each-ref --format=%(refname)%00%(upstream:short)%00%(objectname)%00%(upstream:track)%00%(upstream:remotename)%00%(upstream:remoteref) refs/heads/master refs/remotes/master [1ms]
2024-09-17 16:58:49.644 [warning] [Git][getBranch] No such branch: master
2024-09-17 16:58:49.651 [info] > git status -z -uall [1ms]
2024-09-17 16:58:49.659 [info] > git for-each-ref --format=%(refname)%00%(upstream:short)%00%(objectname)%00%(upstream:track)%00%(upstream:remotename)%00%(upstream:remoteref) refs/heads/master refs/remotes/master [1ms]
2024-09-17 16:58:49.659 [warning] [Git][getBranch] No such branch: master
2024-09-17 16:58:54.671 [info] [Git][getRemotes] No remotes found in the git config file
2024-09-17 16:58:54.672 [info] > git config --get commit.template [4ms]
2024-09-17 16:58:54.672 [info] > git for-each-ref --format=%(refname)%00%(upstream:short)%00%(objectname)%00%(upstream:track)%00%(upstream:remotename)%00%(upstream:remoteref) refs/heads/master refs/remotes/master [1ms]
2024-09-17 16:58:54.672 [warning] [Git][getBranch] No such branch: master
2024-09-17 16:58:54.676 [info] > git status -z -uall [1ms]
2024-09-17 16:58:54.680 [info] > git for-each-ref --format=%(refname)%00%(upstream:short)%00%(objectname)%00%(upstream:track)%00%(upstream:remotename)%00%(upstream:remoteref) refs/heads/master refs/remotes/master [1ms]
2024-09-17 16:58:54.680 [warning] [Git][getBranch] No such branch: master
2024-09-17 16:59:09.304 [info] [Git][getRemotes] No remotes found in the git config file
2024-09-17 16:59:09.304 [info] > git config --get commit.template [6ms]
2024-09-17 16:59:09.305 [info] > git for-each-ref --format=%(refname)%00%(upstream:short)%00%(objectname)%00%(upstream:track)%00%(upstream:remotename)%00%(upstream:remoteref) refs/heads/master refs/remotes/master [1ms]
2024-09-17 16:59:09.305 [warning] [Git][getBranch] No such branch: master
2024-09-17 16:59:09.312 [info] > git status -z -uall [1ms]
2024-09-17 16:59:09.321 [info] > git for-each-ref --format=%(refname)%00%(upstream:short)%00%(objectname)%00%(upstream:track)%00%(upstream:remotename)%00%(upstream:remoteref) refs/heads/master refs/remotes/master [3ms]
2024-09-17 16:59:09.321 [warning] [Git][getBranch] No such branch: master
2024-09-17 16:59:14.331 [info] [Git][getRemotes] No remotes found in the git config file
2024-09-17 16:59:14.331 [info] > git config --get commit.template [5ms]
2024-09-17 16:59:14.332 [info] > git for-each-ref --format=%(refname)%00%(upstream:short)%00%(objectname)%00%(upstream:track)%00%(upstream:remotename)%00%(upstream:remoteref) refs/heads/master refs/remotes/master [1ms]
2024-09-17 16:59:14.332 [warning] [Git][getBranch] No such branch: master
2024-09-17 16:59:14.337 [info] > git status -z -uall [1ms]
2024-09-17 16:59:14.344 [info] > git for-each-ref --format=%(refname)%00%(upstream:short)%00%(objectname)%00%(upstream:track)%00%(upstream:remotename)%00%(upstream:remoteref) refs/heads/master refs/remotes/master [2ms]
2024-09-17 16:59:14.344 [warning] [Git][getBranch] No such branch: master
2024-09-17 16:59:19.358 [info] [Git][getRemotes] No remotes found in the git config file
2024-09-17 16:59:19.358 [info] > git config --get commit.template [4ms]
2024-09-17 16:59:19.358 [info] > git for-each-ref --format=%(refname)%00%(upstream:short)%00%(objectname)%00%(upstream:track)%00%(upstream:remotename)%00%(upstream:remoteref) refs/heads/master refs/remotes/master [0ms]
2024-09-17 16:59:19.358 [warning] [Git][getBranch] No such branch: master
2024-09-17 16:59:19.364 [info] > git status -z -uall [2ms]
2024-09-17 16:59:19.368 [info] > git for-each-ref --format=%(refname)%00%(upstream:short)%00%(objectname)%00%(upstream:track)%00%(upstream:remotename)%00%(upstream:remoteref) refs/heads/master refs/remotes/master [1ms]
2024-09-17 16:59:19.368 [warning] [Git][getBranch] No such branch: master
2024-09-17 16:59:34.569 [info] [Git][getRemotes] No remotes found in the git config file
2024-09-17 16:59:34.570 [info] > git config --get commit.template [6ms]
2024-09-17 16:59:34.570 [info] > git for-each-ref --format=%(refname)%00%(upstream:short)%00%(objectname)%00%(upstream:track)%00%(upstream:remotename)%00%(upstream:remoteref) refs/heads/master refs/remotes/master [1ms]
2024-09-17 16:59:34.570 [warning] [Git][getBranch] No such branch: master
2024-09-17 16:59:34.577 [info] > git status -z -uall [1ms]
2024-09-17 16:59:34.584 [info] > git for-each-ref --format=%(refname)%00%(upstream:short)%00%(objectname)%00%(upstream:track)%00%(upstream:remotename)%00%(upstream:remoteref) refs/heads/master refs/remotes/master [2ms]
2024-09-17 16:59:34.584 [warning] [Git][getBranch] No such branch: master
2024-09-17 16:59:39.593 [info] [Git][getRemotes] No remotes found in the git config file
2024-09-17 16:59:39.593 [info] > git config --get commit.template [3ms]
2024-09-17 16:59:39.594 [info] > git for-each-ref --format=%(refname)%00%(upstream:short)%00%(objectname)%00%(upstream:track)%00%(upstream:remotename)%00%(upstream:remoteref) refs/heads/master refs/remotes/master [1ms]
2024-09-17 16:59:39.594 [warning] [Git][getBranch] No such branch: master
2024-09-17 16:59:39.598 [info] > git status -z -uall [1ms]
2024-09-17 16:59:39.602 [info] > git for-each-ref --format=%(refname)%00%(upstream:short)%00%(objectname)%00%(upstream:track)%00%(upstream:remotename)%00%(upstream:remoteref) refs/heads/master refs/remotes/master [1ms]
2024-09-17 16:59:39.602 [warning] [Git][getBranch] No such branch: master
2024-09-17 16:59:44.612 [info] [Git][getRemotes] No remotes found in the git config file
2024-09-17 16:59:44.612 [info] > git config --get commit.template [4ms]
2024-09-17 16:59:44.613 [info] > git for-each-ref --format=%(refname)%00%(upstream:short)%00%(objectname)%00%(upstream:track)%00%(upstream:remotename)%00%(upstream:remoteref) refs/heads/master refs/remotes/master [1ms]
2024-09-17 16:59:44.613 [warning] [Git][getBranch] No such branch: master
2024-09-17 16:59:44.618 [info] > git status -z -uall [1ms]
2024-09-17 16:59:44.622 [info] > git for-each-ref --format=%(refname)%00%(upstream:short)%00%(objectname)%00%(upstream:track)%00%(upstream:remotename)%00%(upstream:remoteref) refs/heads/master refs/remotes/master [0ms]
2024-09-17 16:59:44.622 [warning] [Git][getBranch] No such branch: master
2024-09-17 16:59:49.634 [info] [Git][getRemotes] No remotes found in the git config file
2024-09-17 16:59:49.635 [info] > git config --get commit.template [5ms]
2024-09-17 16:59:49.635 [info] > git for-each-ref --format=%(refname)%00%(upstream:short)%00%(objectname)%00%(upstream:track)%00%(upstream:remotename)%00%(upstream:remoteref) refs/heads/master refs/remotes/master [1ms]
2024-09-17 16:59:49.635 [warning] [Git][getBranch] No such branch: master
2024-09-17 16:59:49.639 [info] > git status -z -uall [1ms]
2024-09-17 16:59:49.644 [info] > git for-each-ref --format=%(refname)%00%(upstream:short)%00%(objectname)%00%(upstream:track)%00%(upstream:remotename)%00%(upstream:remoteref) refs/heads/master refs/remotes/master [1ms]
2024-09-17 16:59:49.644 [warning] [Git][getBranch] No such branch: master
2024-09-17 17:00:03.084 [info] [Git][getRemotes] No remotes found in the git config file
2024-09-17 17:00:03.085 [info] > git config --get commit.template [5ms]
2024-09-17 17:00:03.085 [info] > git for-each-ref --format=%(refname)%00%(upstream:short)%00%(objectname)%00%(upstream:track)%00%(upstream:remotename)%00%(upstream:remoteref) refs/heads/master refs/remotes/master [1ms]
2024-09-17 17:00:03.085 [warning] [Git][getBranch] No such branch: master
2024-09-17 17:00:03.097 [info] > git status -z -uall [6ms]
2024-09-17 17:00:03.105 [info] > git for-each-ref --format=%(refname)%00%(upstream:short)%00%(objectname)%00%(upstream:track)%00%(upstream:remotename)%00%(upstream:remoteref) refs/heads/master refs/remotes/master [2ms]
2024-09-17 17:00:03.105 [warning] [Git][getBranch] No such branch: master
2024-09-17 17:00:08.116 [info] [Git][getRemotes] No remotes found in the git config file
2024-09-17 17:00:08.116 [info] > git config --get commit.template [5ms]
2024-09-17 17:00:08.117 [info] > git for-each-ref --format=%(refname)%00%(upstream:short)%00%(objectname)%00%(upstream:track)%00%(upstream:remotename)%00%(upstream:remoteref) refs/heads/master refs/remotes/master [1ms]
2024-09-17 17:00:08.117 [warning] [Git][getBranch] No such branch: master
2024-09-17 17:00:08.121 [info] > git status -z -uall [1ms]
2024-09-17 17:00:08.126 [info] > git for-each-ref --format=%(refname)%00%(upstream:short)%00%(objectname)%00%(upstream:track)%00%(upstream:remotename)%00%(upstream:remoteref) refs/heads/master refs/remotes/master [1ms]
2024-09-17 17:00:08.126 [warning] [Git][getBranch] No such branch: master
2024-09-17 17:00:13.135 [info] [Git][getRemotes] No remotes found in the git config file
2024-09-17 17:00:13.136 [info] > git config --get commit.template [5ms]
2024-09-17 17:00:13.136 [info] > git for-each-ref --format=%(refname)%00%(upstream:short)%00%(objectname)%00%(upstream:track)%00%(upstream:remotename)%00%(upstream:remoteref) refs/heads/master refs/remotes/master [1ms]
2024-09-17 17:00:13.136 [warning] [Git][getBranch] No such branch: master
2024-09-17 17:00:13.141 [info] > git status -z -uall [1ms]
2024-09-17 17:00:13.145 [info] > git for-each-ref --format=%(refname)%00%(upstream:short)%00%(objectname)%00%(upstream:track)%00%(upstream:remotename)%00%(upstream:remoteref) refs/heads/master refs/remotes/master [1ms]
2024-09-17 17:00:13.145 [warning] [Git][getBranch] No such branch: master
2024-09-17 17:00:18.159 [info] [Git][getRemotes] No remotes found in the git config file
2024-09-17 17:00:18.159 [info] > git config --get commit.template [5ms]
2024-09-17 17:00:18.160 [info] > git for-each-ref --format=%(refname)%00%(upstream:short)%00%(objectname)%00%(upstream:track)%00%(upstream:remotename)%00%(upstream:remoteref) refs/heads/master refs/remotes/master [2ms]
2024-09-17 17:00:18.160 [warning] [Git][getBranch] No such branch: master
2024-09-17 17:00:18.164 [info] > git status -z -uall [1ms]
2024-09-17 17:00:18.169 [info] > git for-each-ref --format=%(refname)%00%(upstream:short)%00%(objectname)%00%(upstream:track)%00%(upstream:remotename)%00%(upstream:remoteref) refs/heads/master refs/remotes/master [1ms]
2024-09-17 17:00:18.169 [warning] [Git][getBranch] No such branch: master
2024-09-17 17:00:28.996 [info] > git show --textconv :src/text_to_speech.rs [4ms]
2024-09-17 17:00:28.996 [info] > git ls-files --stage -- /home/arch/Projects/Rust/voice/src/text_to_speech.rs [1ms]
2024-09-17 17:00:45.128 [info] [Git][getRemotes] No remotes found in the git config file
2024-09-17 17:00:45.129 [info] > git config --get commit.template [4ms]
2024-09-17 17:00:45.129 [info] > git for-each-ref --format=%(refname)%00%(upstream:short)%00%(objectname)%00%(upstream:track)%00%(upstream:remotename)%00%(upstream:remoteref) refs/heads/master refs/remotes/master [1ms]
2024-09-17 17:00:45.129 [warning] [Git][getBranch] No such branch: master
2024-09-17 17:00:45.134 [info] > git status -z -uall [1ms]
2024-09-17 17:00:45.141 [info] > git for-each-ref --format=%(refname)%00%(upstream:short)%00%(objectname)%00%(upstream:track)%00%(upstream:remotename)%00%(upstream:remoteref) refs/heads/master refs/remotes/master [1ms]
2024-09-17 17:00:45.141 [warning] [Git][getBranch] No such branch: master
2024-09-17 17:00:50.150 [info] [Git][getRemotes] No remotes found in the git config file
2024-09-17 17:00:50.151 [info] > git config --get commit.template [5ms]
2024-09-17 17:00:50.151 [info] > git for-each-ref --format=%(refname)%00%(upstream:short)%00%(objectname)%00%(upstream:track)%00%(upstream:remotename)%00%(upstream:remoteref) refs/heads/master refs/remotes/master [1ms]
2024-09-17 17:00:50.151 [warning] [Git][getBranch] No such branch: master
2024-09-17 17:00:50.156 [info] > git status -z -uall [1ms]
2024-09-17 17:00:50.160 [info] > git for-each-ref --format=%(refname)%00%(upstream:short)%00%(objectname)%00%(upstream:track)%00%(upstream:remotename)%00%(upstream:remoteref) refs/heads/master refs/remotes/master [1ms]
2024-09-17 17:00:50.160 [warning] [Git][getBranch] No such branch: master
2024-09-17 17:02:03.040 [info] [Git][getRemotes] No remotes found in the git config file
2024-09-17 17:02:03.040 [info] > git config --get commit.template [4ms]
2024-09-17 17:02:03.041 [info] > git for-each-ref --format=%(refname)%00%(upstream:short)%00%(objectname)%00%(upstream:track)%00%(upstream:remotename)%00%(upstream:remoteref) refs/heads/master refs/remotes/master [1ms]
2024-09-17 17:02:03.041 [warning] [Git][getBranch] No such branch: master
2024-09-17 17:02:03.045 [info] > git status -z -uall [1ms]
2024-09-17 17:02:03.049 [info] > git for-each-ref --format=%(refname)%00%(upstream:short)%00%(objectname)%00%(upstream:track)%00%(upstream:remotename)%00%(upstream:remoteref) refs/heads/master refs/remotes/master [1ms]
2024-09-17 17:02:03.049 [warning] [Git][getBranch] No such branch: master
2024-09-17 17:02:08.058 [info] [Git][getRemotes] No remotes found in the git config file
2024-09-17 17:02:08.059 [info] > git config --get commit.template [5ms]
2024-09-17 17:02:08.059 [info] > git for-each-ref --format=%(refname)%00%(upstream:short)%00%(objectname)%00%(upstream:track)%00%(upstream:remotename)%00%(upstream:remoteref) refs/heads/master refs/remotes/master [1ms]
2024-09-17 17:02:08.059 [warning] [Git][getBranch] No such branch: master
2024-09-17 17:02:08.064 [info] > git status -z -uall [1ms]
2024-09-17 17:02:08.069 [info] > git for-each-ref --format=%(refname)%00%(upstream:short)%00%(objectname)%00%(upstream:track)%00%(upstream:remotename)%00%(upstream:remoteref) refs/heads/master refs/remotes/master [1ms]
2024-09-17 17:02:08.069 [warning] [Git][getBranch] No such branch: master
2024-09-17 17:03:34.959 [info] > git check-ignore -v -z --stdin [0ms]
2024-09-17 17:03:42.847 [info] > git check-ignore -v -z --stdin [1ms]
2024-09-17 17:03:45.406 [info] > git check-ignore -v -z --stdin [1ms]
2024-09-17 17:04:23.728 [info] > git config --get commit.template [5ms]
2024-09-17 17:04:23.731 [info] [Git][getRemotes] No remotes found in the git config file
2024-09-17 17:04:23.732 [info] > git ls-files --stage -- /home/arch/Projects/Rust/voice/src/text_to_speech.rs [5ms]
2024-09-17 17:04:23.732 [info] > git for-each-ref --format=%(refname)%00%(upstream:short)%00%(objectname)%00%(upstream:track)%00%(upstream:remotename)%00%(upstream:remoteref) refs/heads/master refs/remotes/master [1ms]
2024-09-17 17:04:23.732 [warning] [Git][getBranch] No such branch: master
2024-09-17 17:04:23.739 [info] > git status -z -uall [4ms]
2024-09-17 17:04:23.745 [info] > git show --textconv :src/text_to_speech.rs [6ms]
2024-09-17 17:04:23.745 [info] > git for-each-ref --format=%(refname)%00%(upstream:short)%00%(objectname)%00%(upstream:track)%00%(upstream:remotename)%00%(upstream:remoteref) refs/heads/master refs/remotes/master [2ms]
2024-09-17 17:04:23.745 [warning] [Git][getBranch] No such branch: master
2024-09-17 17:04:48.822 [info] [Git][getRemotes] No remotes found in the git config file
2024-09-17 17:04:48.822 [info] > git config --get commit.template [4ms]
2024-09-17 17:04:48.822 [info] > git for-each-ref --format=%(refname)%00%(upstream:short)%00%(objectname)%00%(upstream:track)%00%(upstream:remotename)%00%(upstream:remoteref) refs/heads/master refs/remotes/master [1ms]
2024-09-17 17:04:48.822 [warning] [Git][getBranch] No such branch: master
2024-09-17 17:04:48.827 [info] > git status -z -uall [1ms]
2024-09-17 17:04:48.832 [info] > git for-each-ref --format=%(refname)%00%(upstream:short)%00%(objectname)%00%(upstream:track)%00%(upstream:remotename)%00%(upstream:remoteref) refs/heads/master refs/remotes/master [1ms]
2024-09-17 17:04:48.832 [warning] [Git][getBranch] No such branch: master
2024-09-17 17:04:53.840 [info] [Git][getRemotes] No remotes found in the git config file
2024-09-17 17:04:53.841 [info] > git config --get commit.template [4ms]
2024-09-17 17:04:53.841 [info] > git for-each-ref --format=%(refname)%00%(upstream:short)%00%(objectname)%00%(upstream:track)%00%(upstream:remotename)%00%(upstream:remoteref) refs/heads/master refs/remotes/master [1ms]
2024-09-17 17:04:53.841 [warning] [Git][getBranch] No such branch: master
2024-09-17 17:04:53.846 [info] > git status -z -uall [2ms]
2024-09-17 17:04:53.851 [info] > git for-each-ref --format=%(refname)%00%(upstream:short)%00%(objectname)%00%(upstream:track)%00%(upstream:remotename)%00%(upstream:remoteref) refs/heads/master refs/remotes/master [1ms]
2024-09-17 17:04:53.851 [warning] [Git][getBranch] No such branch: master
2024-09-17 17:05:01.767 [info] [Git][getRemotes] No remotes found in the git config file
2024-09-17 17:05:01.768 [info] > git config --get commit.template [18ms]
2024-09-17 17:05:01.768 [info] > git for-each-ref --format=%(refname)%00%(upstream:short)%00%(objectname)%00%(upstream:track)%00%(upstream:remotename)%00%(upstream:remoteref) refs/heads/master refs/remotes/master [1ms]
2024-09-17 17:05:01.769 [warning] [Git][getBranch] No such branch: master
2024-09-17 17:05:01.794 [info] > git status -z -uall [11ms]
2024-09-17 17:05:01.810 [info] > git for-each-ref --format=%(refname)%00%(upstream:short)%00%(objectname)%00%(upstream:track)%00%(upstream:remotename)%00%(upstream:remoteref) refs/heads/master refs/remotes/master [4ms]
2024-09-17 17:05:01.810 [warning] [Git][getBranch] No such branch: master
2024-09-17 17:05:06.818 [info] > git config --get commit.template [2ms]
2024-09-17 17:05:06.822 [info] [Git][getRemotes] No remotes found in the git config file
2024-09-17 17:05:06.822 [info] > git for-each-ref --format=%(refname)%00%(upstream:short)%00%(objectname)%00%(upstream:track)%00%(upstream:remotename)%00%(upstream:remoteref) refs/heads/master refs/remotes/master [0ms]
2024-09-17 17:05:06.822 [warning] [Git][getBranch] No such branch: master
2024-09-17 17:05:06.827 [info] > git status -z -uall [1ms]
2024-09-17 17:05:06.832 [info] > git for-each-ref --format=%(refname)%00%(upstream:short)%00%(objectname)%00%(upstream:track)%00%(upstream:remotename)%00%(upstream:remoteref) refs/heads/master refs/remotes/master [1ms]
2024-09-17 17:05:06.832 [warning] [Git][getBranch] No such branch: master
2024-09-17 17:05:39.133 [info] [Git][getRemotes] No remotes found in the git config file
2024-09-17 17:05:39.134 [info] > git config --get commit.template [5ms]
2024-09-17 17:05:39.134 [info] > git for-each-ref --format=%(refname)%00%(upstream:short)%00%(objectname)%00%(upstream:track)%00%(upstream:remotename)%00%(upstream:remoteref) refs/heads/master refs/remotes/master [1ms]
2024-09-17 17:05:39.134 [warning] [Git][getBranch] No such branch: master
2024-09-17 17:05:39.139 [info] > git status -z -uall [1ms]
2024-09-17 17:05:39.143 [info] > git for-each-ref --format=%(refname)%00%(upstream:short)%00%(objectname)%00%(upstream:track)%00%(upstream:remotename)%00%(upstream:remoteref) refs/heads/master refs/remotes/master [0ms]
2024-09-17 17:05:39.143 [warning] [Git][getBranch] No such branch: master
2024-09-17 17:06:30.998 [info] [Git][getRemotes] No remotes found in the git config file
2024-09-17 17:06:30.998 [info] > git config --get commit.template [4ms]
2024-09-17 17:06:30.998 [info] > git for-each-ref --format=%(refname)%00%(upstream:short)%00%(objectname)%00%(upstream:track)%00%(upstream:remotename)%00%(upstream:remoteref) refs/heads/master refs/remotes/master [0ms]
2024-09-17 17:06:30.999 [warning] [Git][getBranch] No such branch: master
2024-09-17 17:06:31.003 [info] > git status -z -uall [1ms]
2024-09-17 17:06:31.008 [info] > git for-each-ref --format=%(refname)%00%(upstream:short)%00%(objectname)%00%(upstream:track)%00%(upstream:remotename)%00%(upstream:remoteref) refs/heads/master refs/remotes/master [1ms]
2024-09-17 17:06:31.008 [warning] [Git][getBranch] No such branch: master
2024-09-17 17:07:56.736 [info] [Git][getRemotes] No remotes found in the git config file
2024-09-17 17:07:56.736 [info] > git config --get commit.template [5ms]
2024-09-17 17:07:56.736 [info] > git for-each-ref --format=%(refname)%00%(upstream:short)%00%(objectname)%00%(upstream:track)%00%(upstream:remotename)%00%(upstream:remoteref) refs/heads/master refs/remotes/master [0ms]
2024-09-17 17:07:56.736 [warning] [Git][getBranch] No such branch: master
2024-09-17 17:07:56.741 [info] > git status -z -uall [1ms]
2024-09-17 17:07:56.746 [info] > git for-each-ref --format=%(refname)%00%(upstream:short)%00%(objectname)%00%(upstream:track)%00%(upstream:remotename)%00%(upstream:remoteref) refs/heads/master refs/remotes/master [1ms]
2024-09-17 17:07:56.746 [warning] [Git][getBranch] No such branch: master
2024-09-17 17:08:13.065 [info] [Git][getRemotes] No remotes found in the git config file
2024-09-17 17:08:13.069 [info] > git config --get commit.template [5ms]
2024-09-17 17:08:13.069 [info] > git for-each-ref --format=%(refname)%00%(upstream:short)%00%(objectname)%00%(upstream:track)%00%(upstream:remotename)%00%(upstream:remoteref) refs/heads/master refs/remotes/master [1ms]
2024-09-17 17:08:13.070 [warning] [Git][getBranch] No such branch: master
2024-09-17 17:08:13.074 [info] > git status -z -uall [1ms]
2024-09-17 17:08:13.079 [info] > git for-each-ref --format=%(refname)%00%(upstream:short)%00%(objectname)%00%(upstream:track)%00%(upstream:remotename)%00%(upstream:remoteref) refs/heads/master refs/remotes/master [1ms]
2024-09-17 17:08:13.079 [warning] [Git][getBranch] No such branch: master
2024-09-17 17:08:32.544 [info] [Git][getRemotes] No remotes found in the git config file
2024-09-17 17:08:32.544 [info] > git config --get commit.template [5ms]
2024-09-17 17:08:32.545 [info] > git for-each-ref --format=%(refname)%00%(upstream:short)%00%(objectname)%00%(upstream:track)%00%(upstream:remotename)%00%(upstream:remoteref) refs/heads/master refs/remotes/master [1ms]
2024-09-17 17:08:32.545 [warning] [Git][getBranch] No such branch: master
2024-09-17 17:08:32.549 [info] > git status -z -uall [1ms]
2024-09-17 17:08:32.554 [info] > git for-each-ref --format=%(refname)%00%(upstream:short)%00%(objectname)%00%(upstream:track)%00%(upstream:remotename)%00%(upstream:remoteref) refs/heads/master refs/remotes/master [1ms]
2024-09-17 17:08:32.554 [warning] [Git][getBranch] No such branch: master
2024-09-17 17:08:41.737 [info] [Git][getRemotes] No remotes found in the git config file
2024-09-17 17:08:41.737 [info] > git config --get commit.template [4ms]
2024-09-17 17:08:41.738 [info] > git for-each-ref --format=%(refname)%00%(upstream:short)%00%(objectname)%00%(upstream:track)%00%(upstream:remotename)%00%(upstream:remoteref) refs/heads/master refs/remotes/master [1ms]
2024-09-17 17:08:41.738 [warning] [Git][getBranch] No such branch: master
2024-09-17 17:08:41.742 [info] > git status -z -uall [1ms]
2024-09-17 17:08:41.747 [info] > git for-each-ref --format=%(refname)%00%(upstream:short)%00%(objectname)%00%(upstream:track)%00%(upstream:remotename)%00%(upstream:remoteref) refs/heads/master refs/remotes/master [1ms]
2024-09-17 17:08:41.747 [warning] [Git][getBranch] No such branch: master
2024-09-17 17:10:47.669 [info] [Git][getRemotes] No remotes found in the git config file
2024-09-17 17:10:47.669 [info] > git config --get commit.template [4ms]
2024-09-17 17:10:47.670 [info] > git for-each-ref --format=%(refname)%00%(upstream:short)%00%(objectname)%00%(upstream:track)%00%(upstream:remotename)%00%(upstream:remoteref) refs/heads/master refs/remotes/master [1ms]
2024-09-17 17:10:47.670 [warning] [Git][getBranch] No such branch: master
2024-09-17 17:10:47.675 [info] > git status -z -uall [1ms]
2024-09-17 17:10:47.680 [info] > git for-each-ref --format=%(refname)%00%(upstream:short)%00%(objectname)%00%(upstream:track)%00%(upstream:remotename)%00%(upstream:remoteref) refs/heads/master refs/remotes/master [1ms]
2024-09-17 17:10:47.680 [warning] [Git][getBranch] No such branch: master
2024-09-17 17:10:52.690 [info] [Git][getRemotes] No remotes found in the git config file
2024-09-17 17:10:52.690 [info] > git config --get commit.template [5ms]
2024-09-17 17:10:52.691 [info] > git for-each-ref --format=%(refname)%00%(upstream:short)%00%(objectname)%00%(upstream:track)%00%(upstream:remotename)%00%(upstream:remoteref) refs/heads/master refs/remotes/master [1ms]
2024-09-17 17:10:52.691 [warning] [Git][getBranch] No such branch: master
2024-09-17 17:10:52.695 [info] > git status -z -uall [1ms]
2024-09-17 17:10:52.700 [info] > git for-each-ref --format=%(refname)%00%(upstream:short)%00%(objectname)%00%(upstream:track)%00%(upstream:remotename)%00%(upstream:remoteref) refs/heads/master refs/remotes/master [0ms]
2024-09-17 17:10:52.700 [warning] [Git][getBranch] No such branch: master
2024-09-17 17:10:57.721 [info] [Git][getRemotes] No remotes found in the git config file
2024-09-17 17:10:57.722 [info] > git config --get commit.template [7ms]
2024-09-17 17:10:57.722 [info] > git for-each-ref --format=%(refname)%00%(upstream:short)%00%(objectname)%00%(upstream:track)%00%(upstream:remotename)%00%(upstream:remoteref) refs/heads/master refs/remotes/master [1ms]
2024-09-17 17:10:57.722 [warning] [Git][getBranch] No such branch: master
2024-09-17 17:10:57.730 [info] > git status -z -uall [1ms]
2024-09-17 17:10:57.736 [info] > git for-each-ref --format=%(refname)%00%(upstream:short)%00%(objectname)%00%(upstream:track)%00%(upstream:remotename)%00%(upstream:remoteref) refs/heads/master refs/remotes/master [1ms]
2024-09-17 17:10:57.736 [warning] [Git][getBranch] No such branch: master
2024-09-17 17:11:02.750 [info] [Git][getRemotes] No remotes found in the git config file
2024-09-17 17:11:02.750 [info] > git config --get commit.template [6ms]
2024-09-17 17:11:02.751 [info] > git for-each-ref --format=%(refname)%00%(upstream:short)%00%(objectname)%00%(upstream:track)%00%(upstream:remotename)%00%(upstream:remoteref) refs/heads/master refs/remotes/master [1ms]
2024-09-17 17:11:02.751 [warning] [Git][getBranch] No such branch: master
2024-09-17 17:11:02.758 [info] > git status -z -uall [2ms]
2024-09-17 17:11:02.766 [info] > git for-each-ref --format=%(refname)%00%(upstream:short)%00%(objectname)%00%(upstream:track)%00%(upstream:remotename)%00%(upstream:remoteref) refs/heads/master refs/remotes/master [2ms]
2024-09-17 17:11:02.766 [warning] [Git][getBranch] No such branch: master
2024-09-17 17:11:07.775 [info] [Git][getRemotes] No remotes found in the git config file
2024-09-17 17:11:07.775 [info] > git config --get commit.template [4ms]
2024-09-17 17:11:07.775 [info] > git for-each-ref --format=%(refname)%00%(upstream:short)%00%(objectname)%00%(upstream:track)%00%(upstream:remotename)%00%(upstream:remoteref) refs/heads/master refs/remotes/master [0ms]
2024-09-17 17:11:07.775 [warning] [Git][getBranch] No such branch: master
2024-09-17 17:11:07.780 [info] > git status -z -uall [1ms]
2024-09-17 17:11:07.788 [info] > git for-each-ref --format=%(refname)%00%(upstream:short)%00%(objectname)%00%(upstream:track)%00%(upstream:remotename)%00%(upstream:remoteref) refs/heads/master refs/remotes/master [4ms]
2024-09-17 17:11:07.788 [warning] [Git][getBranch] No such branch: master
2024-09-17 17:11:14.407 [info] > git show --textconv :src/text_to_speech.rs [5ms]
2024-09-17 17:11:14.408 [info] > git ls-files --stage -- /home/arch/Projects/Rust/voice/src/text_to_speech.rs [1ms]
2024-09-17 17:12:22.542 [info] [Git][getRemotes] No remotes found in the git config file
2024-09-17 17:12:22.542 [info] > git config --get commit.template [4ms]
2024-09-17 17:12:22.542 [info] > git for-each-ref --format=%(refname)%00%(upstream:short)%00%(objectname)%00%(upstream:track)%00%(upstream:remotename)%00%(upstream:remoteref) refs/heads/master refs/remotes/master [1ms]
2024-09-17 17:12:22.542 [warning] [Git][getBranch] No such branch: master
2024-09-17 17:12:22.548 [info] > git status -z -uall [2ms]
2024-09-17 17:12:22.552 [info] > git for-each-ref --format=%(refname)%00%(upstream:short)%00%(objectname)%00%(upstream:track)%00%(upstream:remotename)%00%(upstream:remoteref) refs/heads/master refs/remotes/master [1ms]
2024-09-17 17:12:22.552 [warning] [Git][getBranch] No such branch: master
2024-09-17 17:12:27.562 [info] [Git][getRemotes] No remotes found in the git config file
2024-09-17 17:12:27.567 [info] > git config --get commit.template [6ms]
2024-09-17 17:12:27.567 [info] > git for-each-ref --format=%(refname)%00%(upstream:short)%00%(objectname)%00%(upstream:track)%00%(upstream:remotename)%00%(upstream:remoteref) refs/heads/master refs/remotes/master [1ms]
2024-09-17 17:12:27.567 [warning] [Git][getBranch] No such branch: master
2024-09-17 17:12:27.574 [info] > git status -z -uall [2ms]
2024-09-17 17:12:27.580 [info] > git for-each-ref --format=%(refname)%00%(upstream:short)%00%(objectname)%00%(upstream:track)%00%(upstream:remotename)%00%(upstream:remoteref) refs/heads/master refs/remotes/master [1ms]
2024-09-17 17:12:27.581 [warning] [Git][getBranch] No such branch: master
2024-09-17 17:12:32.593 [info] [Git][getRemotes] No remotes found in the git config file
2024-09-17 17:12:32.593 [info] > git config --get commit.template [4ms]
2024-09-17 17:12:32.593 [info] > git for-each-ref --format=%(refname)%00%(upstream:short)%00%(objectname)%00%(upstream:track)%00%(upstream:remotename)%00%(upstream:remoteref) refs/heads/master refs/remotes/master [0ms]
2024-09-17 17:12:32.593 [warning] [Git][getBranch] No such branch: master
2024-09-17 17:12:32.598 [info] > git status -z -uall [1ms]
2024-09-17 17:12:32.604 [info] > git for-each-ref --format=%(refname)%00%(upstream:short)%00%(objectname)%00%(upstream:track)%00%(upstream:remotename)%00%(upstream:remoteref) refs/heads/master refs/remotes/master [1ms]
2024-09-17 17:12:32.604 [warning] [Git][getBranch] No such branch: master
2024-09-17 17:14:28.517 [info] [Git][getRemotes] No remotes found in the git config file
2024-09-17 17:14:28.518 [info] > git config --get commit.template [5ms]
2024-09-17 17:14:28.518 [info] > git for-each-ref --format=%(refname)%00%(upstream:short)%00%(objectname)%00%(upstream:track)%00%(upstream:remotename)%00%(upstream:remoteref) refs/heads/master refs/remotes/master [1ms]
2024-09-17 17:14:28.518 [warning] [Git][getBranch] No such branch: master
2024-09-17 17:14:28.523 [info] > git status -z -uall [1ms]
2024-09-17 17:14:28.528 [info] > git for-each-ref --format=%(refname)%00%(upstream:short)%00%(objectname)%00%(upstream:track)%00%(upstream:remotename)%00%(upstream:remoteref) refs/heads/master refs/remotes/master [1ms]
2024-09-17 17:14:28.528 [warning] [Git][getBranch] No such branch: master
2024-09-17 17:14:33.540 [info] [Git][getRemotes] No remotes found in the git config file
2024-09-17 17:14:33.540 [info] > git config --get commit.template [5ms]
2024-09-17 17:14:33.541 [info] > git for-each-ref --format=%(refname)%00%(upstream:short)%00%(objectname)%00%(upstream:track)%00%(upstream:remotename)%00%(upstream:remoteref) refs/heads/master refs/remotes/master [1ms]
2024-09-17 17:14:33.541 [warning] [Git][getBranch] No such branch: master
2024-09-17 17:14:33.546 [info] > git status -z -uall [1ms]
2024-09-17 17:14:33.551 [info] > git for-each-ref --format=%(refname)%00%(upstream:short)%00%(objectname)%00%(upstream:track)%00%(upstream:remotename)%00%(upstream:remoteref) refs/heads/master refs/remotes/master [1ms]
2024-09-17 17:14:33.551 [warning] [Git][getBranch] No such branch: master
2024-09-17 17:15:10.540 [info] [Git][getRemotes] No remotes found in the git config file
2024-09-17 17:15:10.541 [info] > git config --get commit.template [5ms]
2024-09-17 17:15:10.541 [info] > git for-each-ref --format=%(refname)%00%(upstream:short)%00%(objectname)%00%(upstream:track)%00%(upstream:remotename)%00%(upstream:remoteref) refs/heads/master refs/remotes/master [1ms]
2024-09-17 17:15:10.541 [warning] [Git][getBranch] No such branch: master
2024-09-17 17:15:10.547 [info] > git status -z -uall [2ms]
2024-09-17 17:15:10.551 [info] > git for-each-ref --format=%(refname)%00%(upstream:short)%00%(objectname)%00%(upstream:track)%00%(upstream:remotename)%00%(upstream:remoteref) refs/heads/master refs/remotes/master [0ms]
2024-09-17 17:15:10.551 [warning] [Git][getBranch] No such branch: master
2024-09-17 17:15:15.563 [info] [Git][getRemotes] No remotes found in the git config file
2024-09-17 17:15:15.563 [info] > git config --get commit.template [5ms]
2024-09-17 17:15:15.563 [info] > git for-each-ref --format=%(refname)%00%(upstream:short)%00%(objectname)%00%(upstream:track)%00%(upstream:remotename)%00%(upstream:remoteref) refs/heads/master refs/remotes/master [1ms]
2024-09-17 17:15:15.563 [warning] [Git][getBranch] No such branch: master
2024-09-17 17:15:15.568 [info] > git status -z -uall [1ms]
2024-09-17 17:15:15.573 [info] > git for-each-ref --format=%(refname)%00%(upstream:short)%00%(objectname)%00%(upstream:track)%00%(upstream:remotename)%00%(upstream:remoteref) refs/heads/master refs/remotes/master [1ms]
2024-09-17 17:15:15.573 [warning] [Git][getBranch] No such branch: master
2024-09-17 17:15:20.584 [info] [Git][getRemotes] No remotes found in the git config file
2024-09-17 17:15:20.584 [info] > git config --get commit.template [5ms]
2024-09-17 17:15:20.585 [info] > git for-each-ref --format=%(refname)%00%(upstream:short)%00%(objectname)%00%(upstream:track)%00%(upstream:remotename)%00%(upstream:remoteref) refs/heads/master refs/remotes/master [1ms]
2024-09-17 17:15:20.585 [warning] [Git][getBranch] No such branch: master
2024-09-17 17:15:20.590 [info] > git status -z -uall [1ms]
2024-09-17 17:15:20.595 [info] > git for-each-ref --format=%(refname)%00%(upstream:short)%00%(objectname)%00%(upstream:track)%00%(upstream:remotename)%00%(upstream:remoteref) refs/heads/master refs/remotes/master [1ms]
2024-09-17 17:15:20.595 [warning] [Git][getBranch] No such branch: master
2024-09-17 17:15:44.286 [info] > git show --textconv :src/text_to_speech.rs [4ms]
2024-09-17 17:15:44.287 [info] > git ls-files --stage -- /home/arch/Projects/Rust/voice/src/text_to_speech.rs [1ms]
2024-09-17 17:15:52.848 [info] [Git][getRemotes] No remotes found in the git config file
2024-09-17 17:15:52.848 [info] > git config --get commit.template [4ms]
2024-09-17 17:15:52.849 [info] > git for-each-ref --format=%(refname)%00%(upstream:short)%00%(objectname)%00%(upstream:track)%00%(upstream:remotename)%00%(upstream:remoteref) refs/heads/master refs/remotes/master [1ms]
2024-09-17 17:15:52.849 [warning] [Git][getBranch] No such branch: master
2024-09-17 17:15:52.853 [info] > git status -z -uall [1ms]
2024-09-17 17:15:52.858 [info] > git for-each-ref --format=%(refname)%00%(upstream:short)%00%(objectname)%00%(upstream:track)%00%(upstream:remotename)%00%(upstream:remoteref) refs/heads/master refs/remotes/master [1ms]
2024-09-17 17:15:52.858 [warning] [Git][getBranch] No such branch: master
2024-09-17 17:15:57.869 [info] [Git][getRemotes] No remotes found in the git config file
2024-09-17 17:15:57.869 [info] > git config --get commit.template [4ms]
2024-09-17 17:15:57.870 [info] > git for-each-ref --format=%(refname)%00%(upstream:short)%00%(objectname)%00%(upstream:track)%00%(upstream:remotename)%00%(upstream:remoteref) refs/heads/master refs/remotes/master [1ms]
2024-09-17 17:15:57.870 [warning] [Git][getBranch] No such branch: master
2024-09-17 17:15:57.874 [info] > git status -z -uall [1ms]
2024-09-17 17:15:57.880 [info] > git for-each-ref --format=%(refname)%00%(upstream:short)%00%(objectname)%00%(upstream:track)%00%(upstream:remotename)%00%(upstream:remoteref) refs/heads/master refs/remotes/master [2ms]
2024-09-17 17:15:57.880 [warning] [Git][getBranch] No such branch: master
2024-09-17 17:16:02.893 [info] [Git][getRemotes] No remotes found in the git config file
2024-09-17 17:16:02.893 [info] > git config --get commit.template [5ms]
2024-09-17 17:16:02.893 [info] > git for-each-ref --format=%(refname)%00%(upstream:short)%00%(objectname)%00%(upstream:track)%00%(upstream:remotename)%00%(upstream:remoteref) refs/heads/master refs/remotes/master [1ms]
2024-09-17 17:16:02.893 [warning] [Git][getBranch] No such branch: master
2024-09-17 17:16:02.898 [info] > git status -z -uall [1ms]
2024-09-17 17:16:02.903 [info] > git for-each-ref --format=%(refname)%00%(upstream:short)%00%(objectname)%00%(upstream:track)%00%(upstream:remotename)%00%(upstream:remoteref) refs/heads/master refs/remotes/master [1ms]
2024-09-17 17:16:02.903 [warning] [Git][getBranch] No such branch: master
2024-09-17 17:16:12.917 [info] > git show --textconv :src/audio.rs [5ms]
2024-09-17 17:16:12.918 [info] > git ls-files --stage -- /home/arch/Projects/Rust/voice/src/audio.rs [1ms]
2024-09-17 17:16:15.132 [info] > git show --textconv :src/text_to_speech.rs [4ms]
2024-09-17 17:16:15.133 [info] > git ls-files --stage -- /home/arch/Projects/Rust/voice/src/text_to_speech.rs [1ms]
2024-09-17 17:17:15.318 [info] [Git][getRemotes] No remotes found in the git config file
2024-09-17 17:17:15.318 [info] > git config --get commit.template [4ms]
2024-09-17 17:17:15.319 [info] > git for-each-ref --format=%(refname)%00%(upstream:short)%00%(objectname)%00%(upstream:track)%00%(upstream:remotename)%00%(upstream:remoteref) refs/heads/master refs/remotes/master [1ms]
2024-09-17 17:17:15.319 [warning] [Git][getBranch] No such branch: master
2024-09-17 17:17:15.323 [info] > git status -z -uall [1ms]
2024-09-17 17:17:15.328 [info] > git for-each-ref --format=%(refname)%00%(upstream:short)%00%(objectname)%00%(upstream:track)%00%(upstream:remotename)%00%(upstream:remoteref) refs/heads/master refs/remotes/master [1ms]
2024-09-17 17:17:15.328 [warning] [Git][getBranch] No such branch: master
2024-09-17 17:17:20.336 [info] [Git][getRemotes] No remotes found in the git config file
2024-09-17 17:17:20.336 [info] > git config --get commit.template [4ms]
2024-09-17 17:17:20.337 [info] > git for-each-ref --format=%(refname)%00%(upstream:short)%00%(objectname)%00%(upstream:track)%00%(upstream:remotename)%00%(upstream:remoteref) refs/heads/master refs/remotes/master [1ms]
2024-09-17 17:17:20.337 [warning] [Git][getBranch] No such branch: master
2024-09-17 17:17:20.341 [info] > git status -z -uall [1ms]
2024-09-17 17:17:20.346 [info] > git for-each-ref --format=%(refname)%00%(upstream:short)%00%(objectname)%00%(upstream:track)%00%(upstream:remotename)%00%(upstream:remoteref) refs/heads/master refs/remotes/master [1ms]
2024-09-17 17:17:20.346 [warning] [Git][getBranch] No such branch: master
2024-09-17 17:17:25.355 [info] [Git][getRemotes] No remotes found in the git config file
2024-09-17 17:17:25.356 [info] > git config --get commit.template [5ms]
2024-09-17 17:17:25.356 [info] > git for-each-ref --format=%(refname)%00%(upstream:short)%00%(objectname)%00%(upstream:track)%00%(upstream:remotename)%00%(upstream:remoteref) refs/heads/master refs/remotes/master [1ms]
2024-09-17 17:17:25.356 [warning] [Git][getBranch] No such branch: master
2024-09-17 17:17:25.361 [info] > git status -z -uall [1ms]
2024-09-17 17:17:25.366 [info] > git for-each-ref --format=%(refname)%00%(upstream:short)%00%(objectname)%00%(upstream:track)%00%(upstream:remotename)%00%(upstream:remoteref) refs/heads/master refs/remotes/master [1ms]
2024-09-17 17:17:25.366 [warning] [Git][getBranch] No such branch: master
2024-09-17 17:17:59.951 [info] [Git][getRemotes] No remotes found in the git config file
2024-09-17 17:17:59.951 [info] > git config --get commit.template [5ms]
2024-09-17 17:17:59.951 [info] > git for-each-ref --format=%(refname)%00%(upstream:short)%00%(objectname)%00%(upstream:track)%00%(upstream:remotename)%00%(upstream:remoteref) refs/heads/master refs/remotes/master [0ms]
2024-09-17 17:17:59.951 [warning] [Git][getBranch] No such branch: master
2024-09-17 17:17:59.957 [info] > git status -z -uall [2ms]
2024-09-17 17:17:59.962 [info] > git for-each-ref --format=%(refname)%00%(upstream:short)%00%(objectname)%00%(upstream:track)%00%(upstream:remotename)%00%(upstream:remoteref) refs/heads/master refs/remotes/master [1ms]
2024-09-17 17:17:59.962 [warning] [Git][getBranch] No such branch: master
2024-09-17 17:18:10.974 [info] [Git][getRemotes] No remotes found in the git config file
2024-09-17 17:18:10.975 [info] > git config --get commit.template [5ms]
2024-09-17 17:18:10.975 [info] > git for-each-ref --format=%(refname)%00%(upstream:short)%00%(objectname)%00%(upstream:track)%00%(upstream:remotename)%00%(upstream:remoteref) refs/heads/master refs/remotes/master [1ms]
2024-09-17 17:18:10.975 [warning] [Git][getBranch] No such branch: master
2024-09-17 17:18:10.979 [info] > git status -z -uall [1ms]
2024-09-17 17:18:10.984 [info] > git for-each-ref --format=%(refname)%00%(upstream:short)%00%(objectname)%00%(upstream:track)%00%(upstream:remotename)%00%(upstream:remoteref) refs/heads/master refs/remotes/master [1ms]
2024-09-17 17:18:10.984 [warning] [Git][getBranch] No such branch: master
2024-09-17 17:18:18.124 [info] [Git][getRemotes] No remotes found in the git config file
2024-09-17 17:18:18.124 [info] > git config --get commit.template [4ms]
2024-09-17 17:18:18.125 [info] > git for-each-ref --format=%(refname)%00%(upstream:short)%00%(objectname)%00%(upstream:track)%00%(upstream:remotename)%00%(upstream:remoteref) refs/heads/master refs/remotes/master [1ms]
2024-09-17 17:18:18.125 [warning] [Git][getBranch] No such branch: master
2024-09-17 17:18:18.129 [info] > git status -z -uall [1ms]
2024-09-17 17:18:18.133 [info] > git for-each-ref --format=%(refname)%00%(upstream:short)%00%(objectname)%00%(upstream:track)%00%(upstream:remotename)%00%(upstream:remoteref) refs/heads/master refs/remotes/master [1ms]
2024-09-17 17:18:18.133 [warning] [Git][getBranch] No such branch: master
2024-09-17 17:19:50.723 [info] [Git][getRemotes] No remotes found in the git config file
2024-09-17 17:19:50.723 [info] > git config --get commit.template [4ms]
2024-09-17 17:19:50.724 [info] > git for-each-ref --format=%(refname)%00%(upstream:short)%00%(objectname)%00%(upstream:track)%00%(upstream:remotename)%00%(upstream:remoteref) refs/heads/master refs/remotes/master [1ms]
2024-09-17 17:19:50.724 [warning] [Git][getBranch] No such branch: master
2024-09-17 17:19:50.728 [info] > git status -z -uall [1ms]
2024-09-17 17:19:50.733 [info] > git for-each-ref --format=%(refname)%00%(upstream:short)%00%(objectname)%00%(upstream:track)%00%(upstream:remotename)%00%(upstream:remoteref) refs/heads/master refs/remotes/master [1ms]
2024-09-17 17:19:50.733 [warning] [Git][getBranch] No such branch: master
2024-09-17 17:19:55.741 [info] [Git][getRemotes] No remotes found in the git config file
2024-09-17 17:19:55.742 [info] > git config --get commit.template [4ms]
2024-09-17 17:19:55.742 [info] > git for-each-ref --format=%(refname)%00%(upstream:short)%00%(objectname)%00%(upstream:track)%00%(upstream:remotename)%00%(upstream:remoteref) refs/heads/master refs/remotes/master [1ms]
2024-09-17 17:19:55.742 [warning] [Git][getBranch] No such branch: master
2024-09-17 17:19:55.747 [info] > git status -z -uall [1ms]
2024-09-17 17:19:55.752 [info] > git for-each-ref --format=%(refname)%00%(upstream:short)%00%(objectname)%00%(upstream:track)%00%(upstream:remotename)%00%(upstream:remoteref) refs/heads/master refs/remotes/master [1ms]
2024-09-17 17:19:55.752 [warning] [Git][getBranch] No such branch: master
2024-09-17 17:22:20.911 [info] [Git][getRemotes] No remotes found in the git config file
2024-09-17 17:22:20.912 [info] > git config --get commit.template [4ms]
2024-09-17 17:22:20.912 [info] > git for-each-ref --format=%(refname)%00%(upstream:short)%00%(objectname)%00%(upstream:track)%00%(upstream:remotename)%00%(upstream:remoteref) refs/heads/master refs/remotes/master [1ms]
2024-09-17 17:22:20.912 [warning] [Git][getBranch] No such branch: master
2024-09-17 17:22:20.916 [info] > git status -z -uall [1ms]
2024-09-17 17:22:20.921 [info] > git for-each-ref --format=%(refname)%00%(upstream:short)%00%(objectname)%00%(upstream:track)%00%(upstream:remotename)%00%(upstream:remoteref) refs/heads/master refs/remotes/master [1ms]
2024-09-17 17:22:20.921 [warning] [Git][getBranch] No such branch: master
2024-09-17 17:22:29.961 [info] [Git][getRemotes] No remotes found in the git config file
2024-09-17 17:22:29.961 [info] > git config --get commit.template [5ms]
2024-09-17 17:22:29.961 [info] > git for-each-ref --format=%(refname)%00%(upstream:short)%00%(objectname)%00%(upstream:track)%00%(upstream:remotename)%00%(upstream:remoteref) refs/heads/master refs/remotes/master [1ms]
2024-09-17 17:22:29.961 [warning] [Git][getBranch] No such branch: master
2024-09-17 17:22:29.966 [info] > git status -z -uall [1ms]
2024-09-17 17:22:29.970 [info] > git for-each-ref --format=%(refname)%00%(upstream:short)%00%(objectname)%00%(upstream:track)%00%(upstream:remotename)%00%(upstream:remoteref) refs/heads/master refs/remotes/master [1ms]
2024-09-17 17:22:29.970 [warning] [Git][getBranch] No such branch: master
2024-09-17 17:22:41.648 [info] [Git][getRemotes] No remotes found in the git config file
2024-09-17 17:22:41.648 [info] > git config --get commit.template [5ms]
2024-09-17 17:22:41.649 [info] > git for-each-ref --format=%(refname)%00%(upstream:short)%00%(objectname)%00%(upstream:track)%00%(upstream:remotename)%00%(upstream:remoteref) refs/heads/master refs/remotes/master [1ms]
2024-09-17 17:22:41.649 [warning] [Git][getBranch] No such branch: master
2024-09-17 17:22:41.654 [info] > git status -z -uall [1ms]
2024-09-17 17:22:41.659 [info] > git for-each-ref --format=%(refname)%00%(upstream:short)%00%(objectname)%00%(upstream:track)%00%(upstream:remotename)%00%(upstream:remoteref) refs/heads/master refs/remotes/master [1ms]
2024-09-17 17:22:41.659 [warning] [Git][getBranch] No such branch: master
2024-09-17 17:22:46.671 [info] [Git][getRemotes] No remotes found in the git config file
2024-09-17 17:22:46.671 [info] > git config --get commit.template [5ms]
2024-09-17 17:22:46.671 [info] > git for-each-ref --format=%(refname)%00%(upstream:short)%00%(objectname)%00%(upstream:track)%00%(upstream:remotename)%00%(upstream:remoteref) refs/heads/master refs/remotes/master [0ms]
2024-09-17 17:22:46.671 [warning] [Git][getBranch] No such branch: master
2024-09-17 17:22:46.676 [info] > git status -z -uall [1ms]
2024-09-17 17:22:46.681 [info] > git for-each-ref --format=%(refname)%00%(upstream:short)%00%(objectname)%00%(upstream:track)%00%(upstream:remotename)%00%(upstream:remoteref) refs/heads/master refs/remotes/master [1ms]
2024-09-17 17:22:46.681 [warning] [Git][getBranch] No such branch: master
2024-09-17 17:22:59.798 [info] [Git][getRemotes] No remotes found in the git config file
2024-09-17 17:22:59.802 [info] > git config --get commit.template [5ms]
2024-09-17 17:22:59.803 [info] > git for-each-ref --format=%(refname)%00%(upstream:short)%00%(objectname)%00%(upstream:track)%00%(upstream:remotename)%00%(upstream:remoteref) refs/heads/master refs/remotes/master [1ms]
2024-09-17 17:22:59.803 [warning] [Git][getBranch] No such branch: master
2024-09-17 17:22:59.807 [info] > git status -z -uall [1ms]
2024-09-17 17:22:59.811 [info] > git for-each-ref --format=%(refname)%00%(upstream:short)%00%(objectname)%00%(upstream:track)%00%(upstream:remotename)%00%(upstream:remoteref) refs/heads/master refs/remotes/master [1ms]
2024-09-17 17:22:59.811 [warning] [Git][getBranch] No such branch: master
2024-09-17 17:23:07.495 [info] [Git][getRemotes] No remotes found in the git config file
2024-09-17 17:23:07.495 [info] > git config --get commit.template [4ms]
2024-09-17 17:23:07.495 [info] > git for-each-ref --format=%(refname)%00%(upstream:short)%00%(objectname)%00%(upstream:track)%00%(upstream:remotename)%00%(upstream:remoteref) refs/heads/master refs/remotes/master [0ms]
2024-09-17 17:23:07.495 [warning] [Git][getBranch] No such branch: master
2024-09-17 17:23:07.500 [info] > git status -z -uall [1ms]
2024-09-17 17:23:07.505 [info] > git for-each-ref --format=%(refname)%00%(upstream:short)%00%(objectname)%00%(upstream:track)%00%(upstream:remotename)%00%(upstream:remoteref) refs/heads/master refs/remotes/master [1ms]
2024-09-17 17:23:07.505 [warning] [Git][getBranch] No such branch: master
2024-09-17 17:23:17.894 [info] [Git][getRemotes] No remotes found in the git config file
2024-09-17 17:23:17.894 [info] > git config --get commit.template [5ms]
2024-09-17 17:23:17.895 [info] > git for-each-ref --format=%(refname)%00%(upstream:short)%00%(objectname)%00%(upstream:track)%00%(upstream:remotename)%00%(upstream:remoteref) refs/heads/master refs/remotes/master [1ms]
2024-09-17 17:23:17.895 [warning] [Git][getBranch] No such branch: master
2024-09-17 17:23:17.899 [info] > git status -z -uall [1ms]
2024-09-17 17:23:17.904 [info] > git for-each-ref --format=%(refname)%00%(upstream:short)%00%(objectname)%00%(upstream:track)%00%(upstream:remotename)%00%(upstream:remoteref) refs/heads/master refs/remotes/master [1ms]
2024-09-17 17:23:17.904 [warning] [Git][getBranch] No such branch: master
2024-09-17 17:25:24.048 [info] > git config --get commit.template [1ms]
2024-09-17 17:25:24.052 [info] [Git][getRemotes] No remotes found in the git config file
2024-09-17 17:25:24.053 [info] > git for-each-ref --format=%(refname)%00%(upstream:short)%00%(objectname)%00%(upstream:track)%00%(upstream:remotename)%00%(upstream:remoteref) refs/heads/master refs/remotes/master [1ms]
2024-09-17 17:25:24.053 [warning] [Git][getBranch] No such branch: master
2024-09-17 17:25:24.058 [info] > git status -z -uall [2ms]
2024-09-17 17:25:24.062 [info] > git for-each-ref --format=%(refname)%00%(upstream:short)%00%(objectname)%00%(upstream:track)%00%(upstream:remotename)%00%(upstream:remoteref) refs/heads/master refs/remotes/master [0ms]
2024-09-17 17:25:24.062 [warning] [Git][getBranch] No such branch: master
2024-09-17 17:25:29.074 [info] [Git][getRemotes] No remotes found in the git config file
2024-09-17 17:25:29.074 [info] > git config --get commit.template [4ms]
2024-09-17 17:25:29.074 [info] > git for-each-ref --format=%(refname)%00%(upstream:short)%00%(objectname)%00%(upstream:track)%00%(upstream:remotename)%00%(upstream:remoteref) refs/heads/master refs/remotes/master [0ms]
2024-09-17 17:25:29.074 [warning] [Git][getBranch] No such branch: master
2024-09-17 17:25:29.079 [info] > git status -z -uall [1ms]
2024-09-17 17:25:29.085 [info] > git for-each-ref --format=%(refname)%00%(upstream:short)%00%(objectname)%00%(upstream:track)%00%(upstream:remotename)%00%(upstream:remoteref) refs/heads/master refs/remotes/master [2ms]
2024-09-17 17:25:29.085 [warning] [Git][getBranch] No such branch: master
2024-09-17 17:26:36.363 [info] [Git][getRemotes] No remotes found in the git config file
2024-09-17 17:26:36.363 [info] > git config --get commit.template [5ms]
2024-09-17 17:26:36.364 [info] > git for-each-ref --format=%(refname)%00%(upstream:short)%00%(objectname)%00%(upstream:track)%00%(upstream:remotename)%00%(upstream:remoteref) refs/heads/master refs/remotes/master [1ms]
2024-09-17 17:26:36.364 [warning] [Git][getBranch] No such branch: master
2024-09-17 17:26:36.368 [info] > git status -z -uall [1ms]
2024-09-17 17:26:36.373 [info] > git for-each-ref --format=%(refname)%00%(upstream:short)%00%(objectname)%00%(upstream:track)%00%(upstream:remotename)%00%(upstream:remoteref) refs/heads/master refs/remotes/master [1ms]
2024-09-17 17:26:36.373 [warning] [Git][getBranch] No such branch: master
2024-09-17 17:26:43.239 [info] [Git][getRemotes] No remotes found in the git config file
2024-09-17 17:26:43.239 [info] > git config --get commit.template [5ms]
2024-09-17 17:26:43.240 [info] > git for-each-ref --format=%(refname)%00%(upstream:short)%00%(objectname)%00%(upstream:track)%00%(upstream:remotename)%00%(upstream:remoteref) refs/heads/master refs/remotes/master [0ms]
2024-09-17 17:26:43.240 [warning] [Git][getBranch] No such branch: master
2024-09-17 17:26:43.244 [info] > git status -z -uall [1ms]
2024-09-17 17:26:43.249 [info] > git for-each-ref --format=%(refname)%00%(upstream:short)%00%(objectname)%00%(upstream:track)%00%(upstream:remotename)%00%(upstream:remoteref) refs/heads/master refs/remotes/master [1ms]
2024-09-17 17:26:43.249 [warning] [Git][getBranch] No such branch: master
2024-09-17 17:27:14.889 [info] [Git][getRemotes] No remotes found in the git config file
2024-09-17 17:27:14.890 [info] > git config --get commit.template [5ms]
2024-09-17 17:27:14.890 [info] > git for-each-ref --format=%(refname)%00%(upstream:short)%00%(objectname)%00%(upstream:track)%00%(upstream:remotename)%00%(upstream:remoteref) refs/heads/master refs/remotes/master [1ms]
2024-09-17 17:27:14.890 [warning] [Git][getBranch] No such branch: master
2024-09-17 17:27:14.895 [info] > git status -z -uall [1ms]
2024-09-17 17:27:14.899 [info] > git for-each-ref --format=%(refname)%00%(upstream:short)%00%(objectname)%00%(upstream:track)%00%(upstream:remotename)%00%(upstream:remoteref) refs/heads/master refs/remotes/master [1ms]
2024-09-17 17:27:14.899 [warning] [Git][getBranch] No such branch: master
2024-09-17 17:29:04.490 [info] [Git][getRemotes] No remotes found in the git config file
2024-09-17 17:29:04.491 [info] > git config --get commit.template [5ms]
2024-09-17 17:29:04.491 [info] > git for-each-ref --format=%(refname)%00%(upstream:short)%00%(objectname)%00%(upstream:track)%00%(upstream:remotename)%00%(upstream:remoteref) refs/heads/master refs/remotes/master [1ms]
2024-09-17 17:29:04.491 [warning] [Git][getBranch] No such branch: master
2024-09-17 17:29:04.497 [info] > git status -z -uall [2ms]
2024-09-17 17:29:04.501 [info] > git for-each-ref --format=%(refname)%00%(upstream:short)%00%(objectname)%00%(upstream:track)%00%(upstream:remotename)%00%(upstream:remoteref) refs/heads/master refs/remotes/master [0ms]
2024-09-17 17:29:04.501 [warning] [Git][getBranch] No such branch: master
2024-09-17 17:29:11.804 [info] [Git][getRemotes] No remotes found in the git config file
2024-09-17 17:29:11.805 [info] > git config --get commit.template [5ms]
2024-09-17 17:29:11.805 [info] > git for-each-ref --format=%(refname)%00%(upstream:short)%00%(objectname)%00%(upstream:track)%00%(upstream:remotename)%00%(upstream:remoteref) refs/heads/master refs/remotes/master [1ms]
2024-09-17 17:29:11.805 [warning] [Git][getBranch] No such branch: master
2024-09-17 17:29:11.810 [info] > git status -z -uall [1ms]
2024-09-17 17:29:11.815 [info] > git for-each-ref --format=%(refname)%00%(upstream:short)%00%(objectname)%00%(upstream:track)%00%(upstream:remotename)%00%(upstream:remoteref) refs/heads/master refs/remotes/master [1ms]
2024-09-17 17:29:11.815 [warning] [Git][getBranch] No such branch: master
2024-09-17 17:30:43.647 [info] [Git][getRemotes] No remotes found in the git config file
2024-09-17 17:30:43.648 [info] > git config --get commit.template [4ms]
2024-09-17 17:30:43.648 [info] > git for-each-ref --format=%(refname)%00%(upstream:short)%00%(objectname)%00%(upstream:track)%00%(upstream:remotename)%00%(upstream:remoteref) refs/heads/master refs/remotes/master [1ms]
2024-09-17 17:30:43.648 [warning] [Git][getBranch] No such branch: master
2024-09-17 17:30:43.652 [info] > git status -z -uall [1ms]
2024-09-17 17:30:43.658 [info] > git for-each-ref --format=%(refname)%00%(upstream:short)%00%(objectname)%00%(upstream:track)%00%(upstream:remotename)%00%(upstream:remoteref) refs/heads/master refs/remotes/master [2ms]
2024-09-17 17:30:43.658 [warning] [Git][getBranch] No such branch: master
2024-09-17 17:30:59.237 [info] [Git][getRemotes] No remotes found in the git config file
2024-09-17 17:30:59.238 [info] > git config --get commit.template [5ms]
2024-09-17 17:30:59.238 [info] > git for-each-ref --format=%(refname)%00%(upstream:short)%00%(objectname)%00%(upstream:track)%00%(upstream:remotename)%00%(upstream:remoteref) refs/heads/master refs/remotes/master [1ms]
2024-09-17 17:30:59.238 [warning] [Git][getBranch] No such branch: master
2024-09-17 17:30:59.242 [info] > git status -z -uall [1ms]
2024-09-17 17:30:59.248 [info] > git for-each-ref --format=%(refname)%00%(upstream:short)%00%(objectname)%00%(upstream:track)%00%(upstream:remotename)%00%(upstream:remoteref) refs/heads/master refs/remotes/master [1ms]
2024-09-17 17:30:59.248 [warning] [Git][getBranch] No such branch: master
2024-09-17 17:31:55.427 [info] [Git][getRemotes] No remotes found in the git config file
2024-09-17 17:31:55.427 [info] > git config --get commit.template [4ms]
2024-09-17 17:31:55.428 [info] > git for-each-ref --format=%(refname)%00%(upstream:short)%00%(objectname)%00%(upstream:track)%00%(upstream:remotename)%00%(upstream:remoteref) refs/heads/master refs/remotes/master [1ms]
2024-09-17 17:31:55.428 [warning] [Git][getBranch] No such branch: master
2024-09-17 17:31:55.432 [info] > git status -z -uall [1ms]
2024-09-17 17:31:55.437 [info] > git for-each-ref --format=%(refname)%00%(upstream:short)%00%(objectname)%00%(upstream:track)%00%(upstream:remotename)%00%(upstream:remoteref) refs/heads/master refs/remotes/master [1ms]
2024-09-17 17:31:55.437 [warning] [Git][getBranch] No such branch: master
2024-09-17 17:33:34.530 [info] [Git][getRemotes] No remotes found in the git config file
2024-09-17 17:33:34.531 [info] > git config --get commit.template [5ms]
2024-09-17 17:33:34.531 [info] > git for-each-ref --format=%(refname)%00%(upstream:short)%00%(objectname)%00%(upstream:track)%00%(upstream:remotename)%00%(upstream:remoteref) refs/heads/master refs/remotes/master [1ms]
2024-09-17 17:33:34.531 [warning] [Git][getBranch] No such branch: master
2024-09-17 17:33:34.536 [info] > git status -z -uall [1ms]
2024-09-17 17:33:34.541 [info] > git for-each-ref --format=%(refname)%00%(upstream:short)%00%(objectname)%00%(upstream:track)%00%(upstream:remotename)%00%(upstream:remoteref) refs/heads/master refs/remotes/master [1ms]
2024-09-17 17:33:34.541 [warning] [Git][getBranch] No such branch: master
2024-09-17 17:33:39.554 [info] [Git][getRemotes] No remotes found in the git config file
2024-09-17 17:33:39.554 [info] > git config --get commit.template [5ms]
2024-09-17 17:33:39.555 [info] > git for-each-ref --format=%(refname)%00%(upstream:short)%00%(objectname)%00%(upstream:track)%00%(upstream:remotename)%00%(upstream:remoteref) refs/heads/master refs/remotes/master [1ms]
2024-09-17 17:33:39.555 [warning] [Git][getBranch] No such branch: master
2024-09-17 17:33:39.560 [info] > git status -z -uall [1ms]
2024-09-17 17:33:39.565 [info] > git for-each-ref --format=%(refname)%00%(upstream:short)%00%(objectname)%00%(upstream:track)%00%(upstream:remotename)%00%(upstream:remoteref) refs/heads/master refs/remotes/master [1ms]
2024-09-17 17:33:39.565 [warning] [Git][getBranch] No such branch: master
2024-09-17 17:33:52.095 [info] [Git][getRemotes] No remotes found in the git config file
2024-09-17 17:33:52.096 [info] > git config --get commit.template [4ms]
2024-09-17 17:33:52.096 [info] > git for-each-ref --format=%(refname)%00%(upstream:short)%00%(objectname)%00%(upstream:track)%00%(upstream:remotename)%00%(upstream:remoteref) refs/heads/master refs/remotes/master [1ms]
2024-09-17 17:33:52.096 [warning] [Git][getBranch] No such branch: master
2024-09-17 17:33:52.101 [info] > git status -z -uall [1ms]
2024-09-17 17:33:52.106 [info] > git for-each-ref --format=%(refname)%00%(upstream:short)%00%(objectname)%00%(upstream:track)%00%(upstream:remotename)%00%(upstream:remoteref) refs/heads/master refs/remotes/master [1ms]
2024-09-17 17:33:52.106 [warning] [Git][getBranch] No such branch: master
2024-09-17 17:34:30.870 [info] [Git][getRemotes] No remotes found in the git config file
2024-09-17 17:34:30.874 [info] > git config --get commit.template [4ms]
2024-09-17 17:34:30.875 [info] > git for-each-ref --format=%(refname)%00%(upstream:short)%00%(objectname)%00%(upstream:track)%00%(upstream:remotename)%00%(upstream:remoteref) refs/heads/master refs/remotes/master [1ms]
2024-09-17 17:34:30.875 [warning] [Git][getBranch] No such branch: master
2024-09-17 17:34:30.879 [info] > git status -z -uall [1ms]
2024-09-17 17:34:30.884 [info] > git for-each-ref --format=%(refname)%00%(upstream:short)%00%(objectname)%00%(upstream:track)%00%(upstream:remotename)%00%(upstream:remoteref) refs/heads/master refs/remotes/master [1ms]
2024-09-17 17:34:30.884 [warning] [Git][getBranch] No such branch: master
2024-09-17 17:35:53.391 [info] [Git][getRemotes] No remotes found in the git config file
2024-09-17 17:35:53.391 [info] > git config --get commit.template [4ms]
2024-09-17 17:35:53.392 [info] > git for-each-ref --format=%(refname)%00%(upstream:short)%00%(objectname)%00%(upstream:track)%00%(upstream:remotename)%00%(upstream:remoteref) refs/heads/master refs/remotes/master [1ms]
2024-09-17 17:35:53.392 [warning] [Git][getBranch] No such branch: master
2024-09-17 17:35:53.397 [info] > git status -z -uall [1ms]
2024-09-17 17:35:53.402 [info] > git for-each-ref --format=%(refname)%00%(upstream:short)%00%(objectname)%00%(upstream:track)%00%(upstream:remotename)%00%(upstream:remoteref) refs/heads/master refs/remotes/master [1ms]
2024-09-17 17:35:53.402 [warning] [Git][getBranch] No such branch: master
2024-09-17 17:36:07.640 [info] [Git][getRemotes] No remotes found in the git config file
2024-09-17 17:36:07.641 [info] > git config --get commit.template [5ms]
2024-09-17 17:36:07.641 [info] > git for-each-ref --format=%(refname)%00%(upstream:short)%00%(objectname)%00%(upstream:track)%00%(upstream:remotename)%00%(upstream:remoteref) refs/heads/master refs/remotes/master [1ms]
2024-09-17 17:36:07.641 [warning] [Git][getBranch] No such branch: master
2024-09-17 17:36:07.646 [info] > git status -z -uall [1ms]
2024-09-17 17:36:07.650 [info] > git for-each-ref --format=%(refname)%00%(upstream:short)%00%(objectname)%00%(upstream:track)%00%(upstream:remotename)%00%(upstream:remoteref) refs/heads/master refs/remotes/master [1ms]
2024-09-17 17:36:07.650 [warning] [Git][getBranch] No such branch: master
2024-09-17 17:36:34.184 [info] [Git][getRemotes] No remotes found in the git config file
2024-09-17 17:36:34.185 [info] > git config --get commit.template [4ms]
2024-09-17 17:36:34.185 [info] > git for-each-ref --format=%(refname)%00%(upstream:short)%00%(objectname)%00%(upstream:track)%00%(upstream:remotename)%00%(upstream:remoteref) refs/heads/master refs/remotes/master [1ms]
2024-09-17 17:36:34.185 [warning] [Git][getBranch] No such branch: master
2024-09-17 17:36:34.190 [info] > git status -z -uall [1ms]
2024-09-17 17:36:34.195 [info] > git for-each-ref --format=%(refname)%00%(upstream:short)%00%(objectname)%00%(upstream:track)%00%(upstream:remotename)%00%(upstream:remoteref) refs/heads/master refs/remotes/master [1ms]
2024-09-17 17:36:34.195 [warning] [Git][getBranch] No such branch: master
2024-09-17 17:36:40.357 [info] [Git][getRemotes] No remotes found in the git config file
2024-09-17 17:36:40.358 [info] > git config --get commit.template [6ms]
2024-09-17 17:36:40.358 [info] > git for-each-ref --format=%(refname)%00%(upstream:short)%00%(objectname)%00%(upstream:track)%00%(upstream:remotename)%00%(upstream:remoteref) refs/heads/master refs/remotes/master [1ms]
2024-09-17 17:36:40.358 [warning] [Git][getBranch] No such branch: master
2024-09-17 17:36:40.362 [info] > git status -z -uall [1ms]
2024-09-17 17:36:40.367 [info] > git for-each-ref --format=%(refname)%00%(upstream:short)%00%(objectname)%00%(upstream:track)%00%(upstream:remotename)%00%(upstream:remoteref) refs/heads/master refs/remotes/master [1ms]
2024-09-17 17:36:40.367 [warning] [Git][getBranch] No such branch: master
2024-09-17 17:36:45.381 [info] [Git][getRemotes] No remotes found in the git config file
2024-09-17 17:36:45.381 [info] > git config --get commit.template [4ms]
2024-09-17 17:36:45.382 [info] > git for-each-ref --format=%(refname)%00%(upstream:short)%00%(objectname)%00%(upstream:track)%00%(upstream:remotename)%00%(upstream:remoteref) refs/heads/master refs/remotes/master [0ms]
2024-09-17 17:36:45.382 [warning] [Git][getBranch] No such branch: master
2024-09-17 17:36:45.386 [info] > git status -z -uall [1ms]
2024-09-17 17:36:45.391 [info] > git for-each-ref --format=%(refname)%00%(upstream:short)%00%(objectname)%00%(upstream:track)%00%(upstream:remotename)%00%(upstream:remoteref) refs/heads/master refs/remotes/master [1ms]
2024-09-17 17:36:45.391 [warning] [Git][getBranch] No such branch: master
2024-09-17 17:38:28.389 [info] [Git][getRemotes] No remotes found in the git config file
2024-09-17 17:38:28.389 [info] > git config --get commit.template [5ms]
2024-09-17 17:38:28.390 [info] > git for-each-ref --format=%(refname)%00%(upstream:short)%00%(objectname)%00%(upstream:track)%00%(upstream:remotename)%00%(upstream:remoteref) refs/heads/master refs/remotes/master [1ms]
2024-09-17 17:38:28.390 [warning] [Git][getBranch] No such branch: master
2024-09-17 17:38:28.394 [info] > git status -z -uall [1ms]
2024-09-17 17:38:28.399 [info] > git for-each-ref --format=%(refname)%00%(upstream:short)%00%(objectname)%00%(upstream:track)%00%(upstream:remotename)%00%(upstream:remoteref) refs/heads/master refs/remotes/master [1ms]
2024-09-17 17:38:28.399 [warning] [Git][getBranch] No such branch: master
2024-09-17 17:38:33.414 [info] [Git][getRemotes] No remotes found in the git config file
2024-09-17 17:38:33.414 [info] > git config --get commit.template [6ms]
2024-09-17 17:38:33.414 [info] > git for-each-ref --format=%(refname)%00%(upstream:short)%00%(objectname)%00%(upstream:track)%00%(upstream:remotename)%00%(upstream:remoteref) refs/heads/master refs/remotes/master [1ms]
2024-09-17 17:38:33.414 [warning] [Git][getBranch] No such branch: master
2024-09-17 17:38:33.421 [info] > git status -z -uall [2ms]
2024-09-17 17:38:33.428 [info] > git for-each-ref --format=%(refname)%00%(upstream:short)%00%(objectname)%00%(upstream:track)%00%(upstream:remotename)%00%(upstream:remoteref) refs/heads/master refs/remotes/master [1ms]
2024-09-17 17:38:33.428 [warning] [Git][getBranch] No such branch: master
2024-09-17 17:38:38.436 [info] [Git][getRemotes] No remotes found in the git config file
2024-09-17 17:38:38.441 [info] > git config --get commit.template [5ms]
2024-09-17 17:38:38.441 [info] > git for-each-ref --format=%(refname)%00%(upstream:short)%00%(objectname)%00%(upstream:track)%00%(upstream:remotename)%00%(upstream:remoteref) refs/heads/master refs/remotes/master [1ms]
2024-09-17 17:38:38.441 [warning] [Git][getBranch] No such branch: master
2024-09-17 17:38:38.446 [info] > git status -z -uall [1ms]
2024-09-17 17:38:38.451 [info] > git for-each-ref --format=%(refname)%00%(upstream:short)%00%(objectname)%00%(upstream:track)%00%(upstream:remotename)%00%(upstream:remoteref) refs/heads/master refs/remotes/master [2ms]
2024-09-17 17:38:38.451 [warning] [Git][getBranch] No such branch: master
2024-09-17 17:38:52.614 [info] [Git][getRemotes] No remotes found in the git config file
2024-09-17 17:38:52.615 [info] > git config --get commit.template [5ms]
2024-09-17 17:38:52.615 [info] > git for-each-ref --format=%(refname)%00%(upstream:short)%00%(objectname)%00%(upstream:track)%00%(upstream:remotename)%00%(upstream:remoteref) refs/heads/master refs/remotes/master [1ms]
2024-09-17 17:38:52.615 [warning] [Git][getBranch] No such branch: master
2024-09-17 17:38:52.620 [info] > git status -z -uall [1ms]
2024-09-17 17:38:52.626 [info] > git for-each-ref --format=%(refname)%00%(upstream:short)%00%(objectname)%00%(upstream:track)%00%(upstream:remotename)%00%(upstream:remoteref) refs/heads/master refs/remotes/master [1ms]
2024-09-17 17:38:52.626 [warning] [Git][getBranch] No such branch: master
2024-09-17 17:38:57.633 [info] [Git][getRemotes] No remotes found in the git config file
2024-09-17 17:38:57.637 [info] > git config --get commit.template [4ms]
2024-09-17 17:38:57.637 [info] > git for-each-ref --format=%(refname)%00%(upstream:short)%00%(objectname)%00%(upstream:track)%00%(upstream:remotename)%00%(upstream:remoteref) refs/heads/master refs/remotes/master [1ms]
2024-09-17 17:38:57.637 [warning] [Git][getBranch] No such branch: master
2024-09-17 17:38:57.641 [info] > git status -z -uall [1ms]
2024-09-17 17:38:57.646 [info] > git for-each-ref --format=%(refname)%00%(upstream:short)%00%(objectname)%00%(upstream:track)%00%(upstream:remotename)%00%(upstream:remoteref) refs/heads/master refs/remotes/master [1ms]
2024-09-17 17:38:57.646 [warning] [Git][getBranch] No such branch: master
2024-09-17 17:39:02.658 [info] [Git][getRemotes] No remotes found in the git config file
2024-09-17 17:39:02.658 [info] > git config --get commit.template [5ms]
2024-09-17 17:39:02.659 [info] > git for-each-ref --format=%(refname)%00%(upstream:short)%00%(objectname)%00%(upstream:track)%00%(upstream:remotename)%00%(upstream:remoteref) refs/heads/master refs/remotes/master [1ms]
2024-09-17 17:39:02.659 [warning] [Git][getBranch] No such branch: master
2024-09-17 17:39:02.664 [info] > git status -z -uall [1ms]
2024-09-17 17:39:02.669 [info] > git for-each-ref --format=%(refname)%00%(upstream:short)%00%(objectname)%00%(upstream:track)%00%(upstream:remotename)%00%(upstream:remoteref) refs/heads/master refs/remotes/master [1ms]
2024-09-17 17:39:02.669 [warning] [Git][getBranch] No such branch: master
2024-09-17 17:39:49.451 [info] > git show --textconv :src/text_to_speech.rs [5ms]
2024-09-17 17:39:49.451 [info] > git ls-files --stage -- /home/arch/Projects/Rust/voice/src/text_to_speech.rs [1ms]
2024-09-17 17:40:30.765 [info] [Git][getRemotes] No remotes found in the git config file
2024-09-17 17:40:30.765 [info] > git config --get commit.template [4ms]
2024-09-17 17:40:30.766 [info] > git for-each-ref --format=%(refname)%00%(upstream:short)%00%(objectname)%00%(upstream:track)%00%(upstream:remotename)%00%(upstream:remoteref) refs/heads/master refs/remotes/master [0ms]
2024-09-17 17:40:30.766 [warning] [Git][getBranch] No such branch: master
2024-09-17 17:40:30.770 [info] > git status -z -uall [1ms]
2024-09-17 17:40:30.775 [info] > git for-each-ref --format=%(refname)%00%(upstream:short)%00%(objectname)%00%(upstream:track)%00%(upstream:remotename)%00%(upstream:remoteref) refs/heads/master refs/remotes/master [1ms]
2024-09-17 17:40:30.775 [warning] [Git][getBranch] No such branch: master
2024-09-17 17:40:43.928 [info] [Git][getRemotes] No remotes found in the git config file
2024-09-17 17:40:43.932 [info] > git config --get commit.template [4ms]
2024-09-17 17:40:43.932 [info] > git for-each-ref --format=%(refname)%00%(upstream:short)%00%(objectname)%00%(upstream:track)%00%(upstream:remotename)%00%(upstream:remoteref) refs/heads/master refs/remotes/master [0ms]
2024-09-17 17:40:43.932 [warning] [Git][getBranch] No such branch: master
2024-09-17 17:40:43.938 [info] > git status -z -uall [1ms]
2024-09-17 17:40:43.942 [info] > git for-each-ref --format=%(refname)%00%(upstream:short)%00%(objectname)%00%(upstream:track)%00%(upstream:remotename)%00%(upstream:remoteref) refs/heads/master refs/remotes/master [1ms]
2024-09-17 17:40:43.942 [warning] [Git][getBranch] No such branch: master
2024-09-17 17:40:49.638 [info] [Git][getRemotes] No remotes found in the git config file
2024-09-17 17:40:49.638 [info] > git config --get commit.template [4ms]
2024-09-17 17:40:49.638 [info] > git for-each-ref --format=%(refname)%00%(upstream:short)%00%(objectname)%00%(upstream:track)%00%(upstream:remotename)%00%(upstream:remoteref) refs/heads/master refs/remotes/master [0ms]
2024-09-17 17:40:49.638 [warning] [Git][getBranch] No such branch: master
2024-09-17 17:40:49.642 [info] > git status -z -uall [1ms]
2024-09-17 17:40:49.646 [info] > git for-each-ref --format=%(refname)%00%(upstream:short)%00%(objectname)%00%(upstream:track)%00%(upstream:remotename)%00%(upstream:remoteref) refs/heads/master refs/remotes/master [0ms]
2024-09-17 17:40:49.647 [warning] [Git][getBranch] No such branch: master
2024-09-17 17:40:54.657 [info] [Git][getRemotes] No remotes found in the git config file
2024-09-17 17:40:54.657 [info] > git config --get commit.template [4ms]
2024-09-17 17:40:54.658 [info] > git for-each-ref --format=%(refname)%00%(upstream:short)%00%(objectname)%00%(upstream:track)%00%(upstream:remotename)%00%(upstream:remoteref) refs/heads/master refs/remotes/master [1ms]
2024-09-17 17:40:54.658 [warning] [Git][getBranch] No such branch: master
2024-09-17 17:40:54.662 [info] > git status -z -uall [1ms]
2024-09-17 17:40:54.667 [info] > git for-each-ref --format=%(refname)%00%(upstream:short)%00%(objectname)%00%(upstream:track)%00%(upstream:remotename)%00%(upstream:remoteref) refs/heads/master refs/remotes/master [1ms]
2024-09-17 17:40:54.667 [warning] [Git][getBranch] No such branch: master
2024-09-17 17:40:59.677 [info] [Git][getRemotes] No remotes found in the git config file
2024-09-17 17:40:59.678 [info] > git config --get commit.template [3ms]
2024-09-17 17:40:59.678 [info] > git for-each-ref --format=%(refname)%00%(upstream:short)%00%(objectname)%00%(upstream:track)%00%(upstream:remotename)%00%(upstream:remoteref) refs/heads/master refs/remotes/master [1ms]
2024-09-17 17:40:59.678 [warning] [Git][getBranch] No such branch: master
2024-09-17 17:40:59.682 [info] > git status -z -uall [1ms]
2024-09-17 17:40:59.687 [info] > git for-each-ref --format=%(refname)%00%(upstream:short)%00%(objectname)%00%(upstream:track)%00%(upstream:remotename)%00%(upstream:remoteref) refs/heads/master refs/remotes/master [1ms]
2024-09-17 17:40:59.687 [warning] [Git][getBranch] No such branch: master
2024-09-17 17:41:04.509 [info] > git show --textconv :src/text_to_speech.rs [4ms]
2024-09-17 17:41:04.509 [info] > git ls-files --stage -- /home/arch/Projects/Rust/voice/src/text_to_speech.rs [1ms]
2024-09-17 17:56:40.143 [info] > git show --textconv :src/text_to_speech.rs [3ms]
2024-09-17 17:56:40.143 [info] > git ls-files --stage -- /home/arch/Projects/Rust/voice/src/text_to_speech.rs [1ms]
2024-09-17 17:57:02.165 [info] [Git][getRemotes] No remotes found in the git config file
2024-09-17 17:57:02.165 [info] > git config --get commit.template [4ms]
2024-09-17 17:57:02.165 [info] > git for-each-ref --format=%(refname)%00%(upstream:short)%00%(objectname)%00%(upstream:track)%00%(upstream:remotename)%00%(upstream:remoteref) refs/heads/master refs/remotes/master [0ms]
2024-09-17 17:57:02.165 [warning] [Git][getBranch] No such branch: master
2024-09-17 17:57:02.170 [info] > git status -z -uall [1ms]
2024-09-17 17:57:02.175 [info] > git for-each-ref --format=%(refname)%00%(upstream:short)%00%(objectname)%00%(upstream:track)%00%(upstream:remotename)%00%(upstream:remoteref) refs/heads/master refs/remotes/master [1ms]
2024-09-17 17:57:02.175 [warning] [Git][getBranch] No such branch: master
2024-09-17 17:57:12.207 [info] > git show --textconv :src/audio.rs [5ms]
2024-09-17 17:57:12.208 [info] > git ls-files --stage -- /home/arch/Projects/Rust/voice/src/audio.rs [1ms]
2024-09-17 17:57:16.008 [info] > git show --textconv :src/text_to_speech.rs [4ms]
2024-09-17 17:57:16.009 [info] > git ls-files --stage -- /home/arch/Projects/Rust/voice/src/text_to_speech.rs [1ms]
2024-09-17 17:57:32.409 [info] [Git][getRemotes] No remotes found in the git config file
2024-09-17 17:57:32.409 [info] > git config --get commit.template [4ms]
2024-09-17 17:57:32.409 [info] > git for-each-ref --format=%(refname)%00%(upstream:short)%00%(objectname)%00%(upstream:track)%00%(upstream:remotename)%00%(upstream:remoteref) refs/heads/master refs/remotes/master [0ms]
2024-09-17 17:57:32.409 [warning] [Git][getBranch] No such branch: master
2024-09-17 17:57:32.414 [info] > git status -z -uall [1ms]
2024-09-17 17:57:32.419 [info] > git for-each-ref --format=%(refname)%00%(upstream:short)%00%(objectname)%00%(upstream:track)%00%(upstream:remotename)%00%(upstream:remoteref) refs/heads/master refs/remotes/master [1ms]
2024-09-17 17:57:32.419 [warning] [Git][getBranch] No such branch: master
2024-09-17 17:57:36.027 [info] > git show --textconv :src/audio.rs [5ms]
2024-09-17 17:57:36.028 [info] > git ls-files --stage -- /home/arch/Projects/Rust/voice/src/audio.rs [1ms]
2024-09-17 17:57:41.607 [info] > git show --textconv :src/text_to_speech.rs [5ms]
2024-09-17 17:57:41.608 [info] > git ls-files --stage -- /home/arch/Projects/Rust/voice/src/text_to_speech.rs [1ms]
2024-09-17 17:57:47.802 [info] [Git][getRemotes] No remotes found in the git config file
2024-09-17 17:57:47.802 [info] > git config --get commit.template [4ms]
2024-09-17 17:57:47.802 [info] > git for-each-ref --format=%(refname)%00%(upstream:short)%00%(objectname)%00%(upstream:track)%00%(upstream:remotename)%00%(upstream:remoteref) refs/heads/master refs/remotes/master [0ms]
2024-09-17 17:57:47.803 [warning] [Git][getBranch] No such branch: master
2024-09-17 17:57:47.807 [info] > git status -z -uall [1ms]
2024-09-17 17:57:47.813 [info] > git for-each-ref --format=%(refname)%00%(upstream:short)%00%(objectname)%00%(upstream:track)%00%(upstream:remotename)%00%(upstream:remoteref) refs/heads/master refs/remotes/master [2ms]
2024-09-17 17:57:47.813 [warning] [Git][getBranch] No such branch: master
2024-09-17 17:57:52.821 [info] [Git][getRemotes] No remotes found in the git config file
2024-09-17 17:57:52.822 [info] > git config --get commit.template [5ms]
2024-09-17 17:57:52.822 [info] > git for-each-ref --format=%(refname)%00%(upstream:short)%00%(objectname)%00%(upstream:track)%00%(upstream:remotename)%00%(upstream:remoteref) refs/heads/master refs/remotes/master [1ms]
2024-09-17 17:57:52.822 [warning] [Git][getBranch] No such branch: master
2024-09-17 17:57:52.827 [info] > git status -z -uall [1ms]
2024-09-17 17:57:52.832 [info] > git for-each-ref --format=%(refname)%00%(upstream:short)%00%(objectname)%00%(upstream:track)%00%(upstream:remotename)%00%(upstream:remoteref) refs/heads/master refs/remotes/master [1ms]
2024-09-17 17:57:52.832 [warning] [Git][getBranch] No such branch: master
2024-09-17 17:57:57.843 [info] [Git][getRemotes] No remotes found in the git config file
2024-09-17 17:57:57.843 [info] > git config --get commit.template [5ms]
2024-09-17 17:57:57.844 [info] > git for-each-ref --format=%(refname)%00%(upstream:short)%00%(objectname)%00%(upstream:track)%00%(upstream:remotename)%00%(upstream:remoteref) refs/heads/master refs/remotes/master [1ms]
2024-09-17 17:57:57.844 [warning] [Git][getBranch] No such branch: master
2024-09-17 17:57:57.848 [info] > git status -z -uall [1ms]
2024-09-17 17:57:57.853 [info] > git for-each-ref --format=%(refname)%00%(upstream:short)%00%(objectname)%00%(upstream:track)%00%(upstream:remotename)%00%(upstream:remoteref) refs/heads/master refs/remotes/master [1ms]
2024-09-17 17:57:57.853 [warning] [Git][getBranch] No such branch: master
2024-09-17 17:58:52.161 [info] [Git][getRemotes] No remotes found in the git config file
2024-09-17 17:58:52.161 [info] > git config --get commit.template [4ms]
2024-09-17 17:58:52.161 [info] > git for-each-ref --format=%(refname)%00%(upstream:short)%00%(objectname)%00%(upstream:track)%00%(upstream:remotename)%00%(upstream:remoteref) refs/heads/master refs/remotes/master [1ms]
2024-09-17 17:58:52.161 [warning] [Git][getBranch] No such branch: master
2024-09-17 17:58:52.166 [info] > git status -z -uall [1ms]
2024-09-17 17:58:52.170 [info] > git for-each-ref --format=%(refname)%00%(upstream:short)%00%(objectname)%00%(upstream:track)%00%(upstream:remotename)%00%(upstream:remoteref) refs/heads/master refs/remotes/master [0ms]
2024-09-17 17:58:52.170 [warning] [Git][getBranch] No such branch: master
2024-09-17 17:58:57.181 [info] [Git][getRemotes] No remotes found in the git config file
2024-09-17 17:58:57.182 [info] > git config --get commit.template [4ms]
2024-09-17 17:58:57.182 [info] > git for-each-ref --format=%(refname)%00%(upstream:short)%00%(objectname)%00%(upstream:track)%00%(upstream:remotename)%00%(upstream:remoteref) refs/heads/master refs/remotes/master [1ms]
2024-09-17 17:58:57.182 [warning] [Git][getBranch] No such branch: master
2024-09-17 17:58:57.187 [info] > git status -z -uall [1ms]
2024-09-17 17:58:57.192 [info] > git for-each-ref --format=%(refname)%00%(upstream:short)%00%(objectname)%00%(upstream:track)%00%(upstream:remotename)%00%(upstream:remoteref) refs/heads/master refs/remotes/master [1ms]
2024-09-17 17:58:57.192 [warning] [Git][getBranch] No such branch: master
2024-09-17 17:59:02.204 [info] [Git][getRemotes] No remotes found in the git config file
2024-09-17 17:59:02.204 [info] > git config --get commit.template [4ms]
2024-09-17 17:59:02.205 [info] > git for-each-ref --format=%(refname)%00%(upstream:short)%00%(objectname)%00%(upstream:track)%00%(upstream:remotename)%00%(upstream:remoteref) refs/heads/master refs/remotes/master [1ms]
2024-09-17 17:59:02.205 [warning] [Git][getBranch] No such branch: master
2024-09-17 17:59:02.209 [info] > git status -z -uall [1ms]
2024-09-17 17:59:02.214 [info] > git for-each-ref --format=%(refname)%00%(upstream:short)%00%(objectname)%00%(upstream:track)%00%(upstream:remotename)%00%(upstream:remoteref) refs/heads/master refs/remotes/master [1ms]
2024-09-17 17:59:02.214 [warning] [Git][getBranch] No such branch: master
2024-09-17 18:01:44.777 [info] [Git][getRemotes] No remotes found in the git config file
2024-09-17 18:01:44.777 [info] > git config --get commit.template [5ms]
2024-09-17 18:01:44.777 [info] > git for-each-ref --format=%(refname)%00%(upstream:short)%00%(objectname)%00%(upstream:track)%00%(upstream:remotename)%00%(upstream:remoteref) refs/heads/master refs/remotes/master [0ms]
2024-09-17 18:01:44.777 [warning] [Git][getBranch] No such branch: master
2024-09-17 18:01:44.782 [info] > git status -z -uall [1ms]
2024-09-17 18:01:44.787 [info] > git for-each-ref --format=%(refname)%00%(upstream:short)%00%(objectname)%00%(upstream:track)%00%(upstream:remotename)%00%(upstream:remoteref) refs/heads/master refs/remotes/master [1ms]
2024-09-17 18:01:44.787 [warning] [Git][getBranch] No such branch: master
2024-09-17 18:02:06.551 [info] [Git][getRemotes] No remotes found in the git config file
2024-09-17 18:02:06.551 [info] > git config --get commit.template [4ms]
2024-09-17 18:02:06.552 [info] > git for-each-ref --format=%(refname)%00%(upstream:short)%00%(objectname)%00%(upstream:track)%00%(upstream:remotename)%00%(upstream:remoteref) refs/heads/master refs/remotes/master [1ms]
2024-09-17 18:02:06.552 [warning] [Git][getBranch] No such branch: master
2024-09-17 18:02:06.557 [info] > git status -z -uall [0ms]
2024-09-17 18:02:06.562 [info] > git for-each-ref --format=%(refname)%00%(upstream:short)%00%(objectname)%00%(upstream:track)%00%(upstream:remotename)%00%(upstream:remoteref) refs/heads/master refs/remotes/master [1ms]
2024-09-17 18:02:06.562 [warning] [Git][getBranch] No such branch: master
2024-09-17 18:02:11.574 [info] [Git][getRemotes] No remotes found in the git config file
2024-09-17 18:02:11.575 [info] > git config --get commit.template [6ms]
2024-09-17 18:02:11.575 [info] > git for-each-ref --format=%(refname)%00%(upstream:short)%00%(objectname)%00%(upstream:track)%00%(upstream:remotename)%00%(upstream:remoteref) refs/heads/master refs/remotes/master [1ms]
2024-09-17 18:02:11.575 [warning] [Git][getBranch] No such branch: master
2024-09-17 18:02:11.581 [info] > git status -z -uall [1ms]
2024-09-17 18:02:11.588 [info] > git for-each-ref --format=%(refname)%00%(upstream:short)%00%(objectname)%00%(upstream:track)%00%(upstream:remotename)%00%(upstream:remoteref) refs/heads/master refs/remotes/master [1ms]
2024-09-17 18:02:11.588 [warning] [Git][getBranch] No such branch: master
2024-09-17 18:02:16.602 [info] [Git][getRemotes] No remotes found in the git config file
2024-09-17 18:02:16.603 [info] > git config --get commit.template [6ms]
2024-09-17 18:02:16.603 [info] > git for-each-ref --format=%(refname)%00%(upstream:short)%00%(objectname)%00%(upstream:track)%00%(upstream:remotename)%00%(upstream:remoteref) refs/heads/master refs/remotes/master [1ms]
2024-09-17 18:02:16.603 [warning] [Git][getBranch] No such branch: master
2024-09-17 18:02:16.608 [info] > git status -z -uall [1ms]
2024-09-17 18:02:16.613 [info] > git for-each-ref --format=%(refname)%00%(upstream:short)%00%(objectname)%00%(upstream:track)%00%(upstream:remotename)%00%(upstream:remoteref) refs/heads/master refs/remotes/master [1ms]
2024-09-17 18:02:16.613 [warning] [Git][getBranch] No such branch: master
2024-09-17 18:03:00.247 [info] [Git][getRemotes] No remotes found in the git config file
2024-09-17 18:03:00.247 [info] > git config --get commit.template [5ms]
2024-09-17 18:03:00.248 [info] > git for-each-ref --format=%(refname)%00%(upstream:short)%00%(objectname)%00%(upstream:track)%00%(upstream:remotename)%00%(upstream:remoteref) refs/heads/master refs/remotes/master [1ms]
2024-09-17 18:03:00.248 [warning] [Git][getBranch] No such branch: master
2024-09-17 18:03:00.252 [info] > git status -z -uall [1ms]
2024-09-17 18:03:00.257 [info] > git for-each-ref --format=%(refname)%00%(upstream:short)%00%(objectname)%00%(upstream:track)%00%(upstream:remotename)%00%(upstream:remoteref) refs/heads/master refs/remotes/master [1ms]
2024-09-17 18:03:00.257 [warning] [Git][getBranch] No such branch: master
2024-09-17 18:03:16.197 [info] [Git][getRemotes] No remotes found in the git config file
2024-09-17 18:03:16.201 [info] > git config --get commit.template [4ms]
2024-09-17 18:03:16.202 [info] > git for-each-ref --format=%(refname)%00%(upstream:short)%00%(objectname)%00%(upstream:track)%00%(upstream:remotename)%00%(upstream:remoteref) refs/heads/master refs/remotes/master [1ms]
2024-09-17 18:03:16.202 [warning] [Git][getBranch] No such branch: master
2024-09-17 18:03:16.206 [info] > git status -z -uall [1ms]
2024-09-17 18:03:16.211 [info] > git for-each-ref --format=%(refname)%00%(upstream:short)%00%(objectname)%00%(upstream:track)%00%(upstream:remotename)%00%(upstream:remoteref) refs/heads/master refs/remotes/master [1ms]
2024-09-17 18:03:16.211 [warning] [Git][getBranch] No such branch: master
2024-09-17 18:03:21.219 [info] [Git][getRemotes] No remotes found in the git config file
2024-09-17 18:03:21.219 [info] > git config --get commit.template [4ms]
2024-09-17 18:03:21.220 [info] > git for-each-ref --format=%(refname)%00%(upstream:short)%00%(objectname)%00%(upstream:track)%00%(upstream:remotename)%00%(upstream:remoteref) refs/heads/master refs/remotes/master [1ms]
2024-09-17 18:03:21.220 [warning] [Git][getBranch] No such branch: master
2024-09-17 18:03:21.224 [info] > git status -z -uall [1ms]
2024-09-17 18:03:21.229 [info] > git for-each-ref --format=%(refname)%00%(upstream:short)%00%(objectname)%00%(upstream:track)%00%(upstream:remotename)%00%(upstream:remoteref) refs/heads/master refs/remotes/master [1ms]
2024-09-17 18:03:21.229 [warning] [Git][getBranch] No such branch: master
2024-09-17 18:03:26.239 [info] [Git][getRemotes] No remotes found in the git config file
2024-09-17 18:03:26.240 [info] > git config --get commit.template [5ms]
2024-09-17 18:03:26.240 [info] > git for-each-ref --format=%(refname)%00%(upstream:short)%00%(objectname)%00%(upstream:track)%00%(upstream:remotename)%00%(upstream:remoteref) refs/heads/master refs/remotes/master [1ms]
2024-09-17 18:03:26.240 [warning] [Git][getBranch] No such branch: master
2024-09-17 18:03:26.245 [info] > git status -z -uall [1ms]
2024-09-17 18:03:26.250 [info] > git for-each-ref --format=%(refname)%00%(upstream:short)%00%(objectname)%00%(upstream:track)%00%(upstream:remotename)%00%(upstream:remoteref) refs/heads/master refs/remotes/master [1ms]
2024-09-17 18:03:26.250 [warning] [Git][getBranch] No such branch: master
2024-09-17 18:03:34.507 [info] > git show --textconv :src/text_to_speech.rs [4ms]
2024-09-17 18:03:34.508 [info] > git ls-files --stage -- /home/arch/Projects/Rust/voice/src/text_to_speech.rs [1ms]
2024-09-17 18:03:48.958 [info] [Git][getRemotes] No remotes found in the git config file
2024-09-17 18:03:48.958 [info] > git config --get commit.template [4ms]
2024-09-17 18:03:48.958 [info] > git for-each-ref --format=%(refname)%00%(upstream:short)%00%(objectname)%00%(upstream:track)%00%(upstream:remotename)%00%(upstream:remoteref) refs/heads/master refs/remotes/master [0ms]
2024-09-17 18:03:48.958 [warning] [Git][getBranch] No such branch: master
2024-09-17 18:03:48.963 [info] > git status -z -uall [1ms]
2024-09-17 18:03:48.969 [info] > git for-each-ref --format=%(refname)%00%(upstream:short)%00%(objectname)%00%(upstream:track)%00%(upstream:remotename)%00%(upstream:remoteref) refs/heads/master refs/remotes/master [1ms]
2024-09-17 18:03:48.969 [warning] [Git][getBranch] No such branch: master
2024-09-17 18:03:53.974 [info] [Git][getRemotes] No remotes found in the git config file
2024-09-17 18:03:53.978 [info] > git config --get commit.template [4ms]
2024-09-17 18:03:53.979 [info] > git for-each-ref --format=%(refname)%00%(upstream:short)%00%(objectname)%00%(upstream:track)%00%(upstream:remotename)%00%(upstream:remoteref) refs/heads/master refs/remotes/master [1ms]
2024-09-17 18:03:53.979 [warning] [Git][getBranch] No such branch: master
2024-09-17 18:03:53.983 [info] > git status -z -uall [1ms]
2024-09-17 18:03:53.988 [info] > git for-each-ref --format=%(refname)%00%(upstream:short)%00%(objectname)%00%(upstream:track)%00%(upstream:remotename)%00%(upstream:remoteref) refs/heads/master refs/remotes/master [1ms]
2024-09-17 18:03:53.988 [warning] [Git][getBranch] No such branch: master
2024-09-17 18:03:58.998 [info] [Git][getRemotes] No remotes found in the git config file
2024-09-17 18:03:58.999 [info] > git config --get commit.template [4ms]
2024-09-17 18:03:58.999 [info] > git for-each-ref --format=%(refname)%00%(upstream:short)%00%(objectname)%00%(upstream:track)%00%(upstream:remotename)%00%(upstream:remoteref) refs/heads/master refs/remotes/master [1ms]
2024-09-17 18:03:58.999 [warning] [Git][getBranch] No such branch: master
2024-09-17 18:03:59.004 [info] > git status -z -uall [1ms]
2024-09-17 18:03:59.009 [info] > git for-each-ref --format=%(refname)%00%(upstream:short)%00%(objectname)%00%(upstream:track)%00%(upstream:remotename)%00%(upstream:remoteref) refs/heads/master refs/remotes/master [1ms]
2024-09-17 18:03:59.009 [warning] [Git][getBranch] No such branch: master
2024-09-17 18:04:03.722 [info] > git show --textconv :src/text_to_speech.rs [5ms]
2024-09-17 18:04:03.723 [info] > git ls-files --stage -- /home/arch/Projects/Rust/voice/src/text_to_speech.rs [2ms]
2024-09-17 18:04:33.468 [info] [Git][getRemotes] No remotes found in the git config file
2024-09-17 18:04:33.468 [info] > git config --get commit.template [4ms]
2024-09-17 18:04:33.469 [info] > git for-each-ref --format=%(refname)%00%(upstream:short)%00%(objectname)%00%(upstream:track)%00%(upstream:remotename)%00%(upstream:remoteref) refs/heads/master refs/remotes/master [1ms]
2024-09-17 18:04:33.469 [warning] [Git][getBranch] No such branch: master
2024-09-17 18:04:33.474 [info] > git status -z -uall [1ms]
2024-09-17 18:04:33.480 [info] > git for-each-ref --format=%(refname)%00%(upstream:short)%00%(objectname)%00%(upstream:track)%00%(upstream:remotename)%00%(upstream:remoteref) refs/heads/master refs/remotes/master [2ms]
2024-09-17 18:04:33.480 [warning] [Git][getBranch] No such branch: master
2024-09-17 18:08:42.591 [info] [Git][getRemotes] No remotes found in the git config file
2024-09-17 18:08:42.591 [info] > git config --get commit.template [4ms]
2024-09-17 18:08:42.591 [info] > git for-each-ref --format=%(refname)%00%(upstream:short)%00%(objectname)%00%(upstream:track)%00%(upstream:remotename)%00%(upstream:remoteref) refs/heads/master refs/remotes/master [0ms]
2024-09-17 18:08:42.591 [warning] [Git][getBranch] No such branch: master
2024-09-17 18:08:42.597 [info] > git status -z -uall [2ms]
2024-09-17 18:08:42.601 [info] > git for-each-ref --format=%(refname)%00%(upstream:short)%00%(objectname)%00%(upstream:track)%00%(upstream:remotename)%00%(upstream:remoteref) refs/heads/master refs/remotes/master [0ms]
2024-09-17 18:08:42.601 [warning] [Git][getBranch] No such branch: master
2024-09-17 18:10:24.812 [info] > git show --textconv :Cargo.toml [5ms]
2024-09-17 18:10:24.813 [info] > git ls-files --stage -- /home/arch/Projects/Rust/voice/Cargo.toml [2ms]
2024-09-17 18:10:26.850 [info] > git show --textconv :src/text_to_speech.rs [5ms]
2024-09-17 18:10:26.850 [info] > git ls-files --stage -- /home/arch/Projects/Rust/voice/src/text_to_speech.rs [1ms]
2024-09-17 18:10:36.844 [info] [Git][getRemotes] No remotes found in the git config file
2024-09-17 18:10:36.844 [info] > git config --get commit.template [4ms]
2024-09-17 18:10:36.845 [info] > git for-each-ref --format=%(refname)%00%(upstream:short)%00%(objectname)%00%(upstream:track)%00%(upstream:remotename)%00%(upstream:remoteref) refs/heads/master refs/remotes/master [1ms]
2024-09-17 18:10:36.845 [warning] [Git][getBranch] No such branch: master
2024-09-17 18:10:36.849 [info] > git status -z -uall [1ms]
2024-09-17 18:10:36.854 [info] > git for-each-ref --format=%(refname)%00%(upstream:short)%00%(objectname)%00%(upstream:track)%00%(upstream:remotename)%00%(upstream:remoteref) refs/heads/master refs/remotes/master [1ms]
2024-09-17 18:10:36.854 [warning] [Git][getBranch] No such branch: master
2024-09-17 18:11:01.862 [info] [Git][getRemotes] No remotes found in the git config file
2024-09-17 18:11:01.863 [info] > git config --get commit.template [5ms]
2024-09-17 18:11:01.863 [info] > git for-each-ref --format=%(refname)%00%(upstream:short)%00%(objectname)%00%(upstream:track)%00%(upstream:remotename)%00%(upstream:remoteref) refs/heads/master refs/remotes/master [1ms]
2024-09-17 18:11:01.863 [warning] [Git][getBranch] No such branch: master
2024-09-17 18:11:01.868 [info] > git status -z -uall [1ms]
2024-09-17 18:11:01.873 [info] > git for-each-ref --format=%(refname)%00%(upstream:short)%00%(objectname)%00%(upstream:track)%00%(upstream:remotename)%00%(upstream:remoteref) refs/heads/master refs/remotes/master [1ms]
2024-09-17 18:11:01.873 [warning] [Git][getBranch] No such branch: master
2024-09-17 18:11:15.680 [info] [Git][getRemotes] No remotes found in the git config file
2024-09-17 18:11:15.680 [info] > git config --get commit.template [6ms]
2024-09-17 18:11:15.680 [info] > git for-each-ref --format=%(refname)%00%(upstream:short)%00%(objectname)%00%(upstream:track)%00%(upstream:remotename)%00%(upstream:remoteref) refs/heads/master refs/remotes/master [1ms]
2024-09-17 18:11:15.680 [warning] [Git][getBranch] No such branch: master
2024-09-17 18:11:15.685 [info] > git status -z -uall [1ms]
2024-09-17 18:11:15.690 [info] > git for-each-ref --format=%(refname)%00%(upstream:short)%00%(objectname)%00%(upstream:track)%00%(upstream:remotename)%00%(upstream:remoteref) refs/heads/master refs/remotes/master [1ms]
2024-09-17 18:11:15.690 [warning] [Git][getBranch] No such branch: master
2024-09-17 18:11:39.118 [info] [Git][getRemotes] No remotes found in the git config file
2024-09-17 18:11:39.118 [info] > git config --get commit.template [4ms]
2024-09-17 18:11:39.118 [info] > git for-each-ref --format=%(refname)%00%(upstream:short)%00%(objectname)%00%(upstream:track)%00%(upstream:remotename)%00%(upstream:remoteref) refs/heads/master refs/remotes/master [0ms]
2024-09-17 18:11:39.118 [warning] [Git][getBranch] No such branch: master
2024-09-17 18:11:39.124 [info] > git status -z -uall [1ms]
2024-09-17 18:11:39.129 [info] > git for-each-ref --format=%(refname)%00%(upstream:short)%00%(objectname)%00%(upstream:track)%00%(upstream:remotename)%00%(upstream:remoteref) refs/heads/master refs/remotes/master [1ms]
2024-09-17 18:11:39.129 [warning] [Git][getBranch] No such branch: master
2024-09-17 18:11:44.134 [info] [Git][getRemotes] No remotes found in the git config file
2024-09-17 18:11:44.138 [info] > git config --get commit.template [4ms]
2024-09-17 18:11:44.139 [info] > git for-each-ref --format=%(refname)%00%(upstream:short)%00%(objectname)%00%(upstream:track)%00%(upstream:remotename)%00%(upstream:remoteref) refs/heads/master refs/remotes/master [1ms]
2024-09-17 18:11:44.139 [warning] [Git][getBranch] No such branch: master
2024-09-17 18:11:44.143 [info] > git status -z -uall [1ms]
2024-09-17 18:11:44.148 [info] > git for-each-ref --format=%(refname)%00%(upstream:short)%00%(objectname)%00%(upstream:track)%00%(upstream:remotename)%00%(upstream:remoteref) refs/heads/master refs/remotes/master [1ms]
2024-09-17 18:11:44.148 [warning] [Git][getBranch] No such branch: master
2024-09-17 18:11:49.158 [info] [Git][getRemotes] No remotes found in the git config file
2024-09-17 18:11:49.158 [info] > git config --get commit.template [4ms]
2024-09-17 18:11:49.159 [info] > git for-each-ref --format=%(refname)%00%(upstream:short)%00%(objectname)%00%(upstream:track)%00%(upstream:remotename)%00%(upstream:remoteref) refs/heads/master refs/remotes/master [1ms]
2024-09-17 18:11:49.159 [warning] [Git][getBranch] No such branch: master
2024-09-17 18:11:49.163 [info] > git status -z -uall [1ms]
2024-09-17 18:11:49.167 [info] > git for-each-ref --format=%(refname)%00%(upstream:short)%00%(objectname)%00%(upstream:track)%00%(upstream:remotename)%00%(upstream:remoteref) refs/heads/master refs/remotes/master [0ms]
2024-09-17 18:11:49.167 [warning] [Git][getBranch] No such branch: master
2024-09-17 18:12:31.427 [info] [Git][getRemotes] No remotes found in the git config file
2024-09-17 18:12:31.427 [info] > git config --get commit.template [4ms]
2024-09-17 18:12:31.427 [info] > git for-each-ref --format=%(refname)%00%(upstream:short)%00%(objectname)%00%(upstream:track)%00%(upstream:remotename)%00%(upstream:remoteref) refs/heads/master refs/remotes/master [1ms]
2024-09-17 18:12:31.427 [warning] [Git][getBranch] No such branch: master
2024-09-17 18:12:31.432 [info] > git status -z -uall [2ms]
2024-09-17 18:12:31.436 [info] > git for-each-ref --format=%(refname)%00%(upstream:short)%00%(objectname)%00%(upstream:track)%00%(upstream:remotename)%00%(upstream:remoteref) refs/heads/master refs/remotes/master [0ms]
2024-09-17 18:12:31.436 [warning] [Git][getBranch] No such branch: master
2024-09-17 18:12:36.442 [info] [Git][getRemotes] No remotes found in the git config file
2024-09-17 18:12:36.446 [info] > git config --get commit.template [4ms]
2024-09-17 18:12:36.447 [info] > git for-each-ref --format=%(refname)%00%(upstream:short)%00%(objectname)%00%(upstream:track)%00%(upstream:remotename)%00%(upstream:remoteref) refs/heads/master refs/remotes/master [1ms]
2024-09-17 18:12:36.447 [warning] [Git][getBranch] No such branch: master
2024-09-17 18:12:36.451 [info] > git status -z -uall [1ms]
2024-09-17 18:12:36.456 [info] > git for-each-ref --format=%(refname)%00%(upstream:short)%00%(objectname)%00%(upstream:track)%00%(upstream:remotename)%00%(upstream:remoteref) refs/heads/master refs/remotes/master [1ms]
2024-09-17 18:12:36.456 [warning] [Git][getBranch] No such branch: master
2024-09-17 18:13:13.399 [info] [Git][getRemotes] No remotes found in the git config file
2024-09-17 18:13:13.399 [info] > git config --get commit.template [4ms]
2024-09-17 18:13:13.400 [info] > git for-each-ref --format=%(refname)%00%(upstream:short)%00%(objectname)%00%(upstream:track)%00%(upstream:remotename)%00%(upstream:remoteref) refs/heads/master refs/remotes/master [1ms]
2024-09-17 18:13:13.400 [warning] [Git][getBranch] No such branch: master
2024-09-17 18:13:13.405 [info] > git status -z -uall [1ms]
2024-09-17 18:13:13.410 [info] > git for-each-ref --format=%(refname)%00%(upstream:short)%00%(objectname)%00%(upstream:track)%00%(upstream:remotename)%00%(upstream:remoteref) refs/heads/master refs/remotes/master [1ms]
2024-09-17 18:13:13.410 [warning] [Git][getBranch] No such branch: master
2024-09-17 18:13:23.808 [info] [Git][getRemotes] No remotes found in the git config file
2024-09-17 18:13:23.809 [info] > git config --get commit.template [5ms]
2024-09-17 18:13:23.809 [info] > git for-each-ref --format=%(refname)%00%(upstream:short)%00%(objectname)%00%(upstream:track)%00%(upstream:remotename)%00%(upstream:remoteref) refs/heads/master refs/remotes/master [1ms]
2024-09-17 18:13:23.809 [warning] [Git][getBranch] No such branch: master
2024-09-17 18:13:23.814 [info] > git status -z -uall [1ms]
2024-09-17 18:13:23.819 [info] > git for-each-ref --format=%(refname)%00%(upstream:short)%00%(objectname)%00%(upstream:track)%00%(upstream:remotename)%00%(upstream:remoteref) refs/heads/master refs/remotes/master [1ms]
2024-09-17 18:13:23.819 [warning] [Git][getBranch] No such branch: master
2024-09-17 18:13:28.834 [info] [Git][getRemotes] No remotes found in the git config file
2024-09-17 18:13:28.834 [info] > git config --get commit.template [7ms]
2024-09-17 18:13:28.835 [info] > git for-each-ref --format=%(refname)%00%(upstream:short)%00%(objectname)%00%(upstream:track)%00%(upstream:remotename)%00%(upstream:remoteref) refs/heads/master refs/remotes/master [1ms]
2024-09-17 18:13:28.835 [warning] [Git][getBranch] No such branch: master
2024-09-17 18:13:28.841 [info] > git status -z -uall [1ms]
2024-09-17 18:13:28.849 [info] > git for-each-ref --format=%(refname)%00%(upstream:short)%00%(objectname)%00%(upstream:track)%00%(upstream:remotename)%00%(upstream:remoteref) refs/heads/master refs/remotes/master [2ms]
2024-09-17 18:13:28.849 [warning] [Git][getBranch] No such branch: master
2024-09-17 18:13:33.861 [info] [Git][getRemotes] No remotes found in the git config file
2024-09-17 18:13:33.861 [info] > git config --get commit.template [4ms]
2024-09-17 18:13:33.862 [info] > git for-each-ref --format=%(refname)%00%(upstream:short)%00%(objectname)%00%(upstream:track)%00%(upstream:remotename)%00%(upstream:remoteref) refs/heads/master refs/remotes/master [1ms]
2024-09-17 18:13:33.862 [warning] [Git][getBranch] No such branch: master
2024-09-17 18:13:33.867 [info] > git status -z -uall [1ms]
2024-09-17 18:13:33.872 [info] > git for-each-ref --format=%(refname)%00%(upstream:short)%00%(objectname)%00%(upstream:track)%00%(upstream:remotename)%00%(upstream:remoteref) refs/heads/master refs/remotes/master [1ms]
2024-09-17 18:13:33.872 [warning] [Git][getBranch] No such branch: master
2024-09-17 18:13:34.756 [info] > git show --textconv :src/text_to_speech.rs [5ms]
2024-09-17 18:13:34.756 [info] > git ls-files --stage -- /home/arch/Projects/Rust/voice/src/text_to_speech.rs [1ms]
2024-09-17 18:14:04.844 [info] [Git][getRemotes] No remotes found in the git config file
2024-09-17 18:14:04.844 [info] > git config --get commit.template [4ms]
2024-09-17 18:14:04.845 [info] > git for-each-ref --format=%(refname)%00%(upstream:short)%00%(objectname)%00%(upstream:track)%00%(upstream:remotename)%00%(upstream:remoteref) refs/heads/master refs/remotes/master [1ms]
2024-09-17 18:14:04.845 [warning] [Git][getBranch] No such branch: master
2024-09-17 18:14:04.849 [info] > git status -z -uall [1ms]
2024-09-17 18:14:04.854 [info] > git for-each-ref --format=%(refname)%00%(upstream:short)%00%(objectname)%00%(upstream:track)%00%(upstream:remotename)%00%(upstream:remoteref) refs/heads/master refs/remotes/master [1ms]
2024-09-17 18:14:04.854 [warning] [Git][getBranch] No such branch: master
2024-09-17 18:14:09.866 [info] [Git][getRemotes] No remotes found in the git config file
2024-09-17 18:14:09.867 [info] > git config --get commit.template [5ms]
2024-09-17 18:14:09.867 [info] > git for-each-ref --format=%(refname)%00%(upstream:short)%00%(objectname)%00%(upstream:track)%00%(upstream:remotename)%00%(upstream:remoteref) refs/heads/master refs/remotes/master [1ms]
2024-09-17 18:14:09.867 [warning] [Git][getBranch] No such branch: master
2024-09-17 18:14:09.872 [info] > git status -z -uall [1ms]
2024-09-17 18:14:09.877 [info] > git for-each-ref --format=%(refname)%00%(upstream:short)%00%(objectname)%00%(upstream:track)%00%(upstream:remotename)%00%(upstream:remoteref) refs/heads/master refs/remotes/master [1ms]
2024-09-17 18:14:09.877 [warning] [Git][getBranch] No such branch: master
2024-09-17 18:14:14.892 [info] [Git][getRemotes] No remotes found in the git config file
2024-09-17 18:14:14.892 [info] > git config --get commit.template [5ms]
2024-09-17 18:14:14.893 [info] > git for-each-ref --format=%(refname)%00%(upstream:short)%00%(objectname)%00%(upstream:track)%00%(upstream:remotename)%00%(upstream:remoteref) refs/heads/master refs/remotes/master [2ms]
2024-09-17 18:14:14.893 [warning] [Git][getBranch] No such branch: master
2024-09-17 18:14:14.897 [info] > git status -z -uall [1ms]
2024-09-17 18:14:14.902 [info] > git for-each-ref --format=%(refname)%00%(upstream:short)%00%(objectname)%00%(upstream:track)%00%(upstream:remotename)%00%(upstream:remoteref) refs/heads/master refs/remotes/master [1ms]
2024-09-17 18:14:14.902 [warning] [Git][getBranch] No such branch: master
2024-09-17 18:14:23.592 [info] > git show --textconv :src/text_to_speech.rs [4ms]
2024-09-17 18:14:23.592 [info] > git ls-files --stage -- /home/arch/Projects/Rust/voice/src/text_to_speech.rs [0ms]
2024-09-17 18:14:37.978 [info] [Git][getRemotes] No remotes found in the git config file
2024-09-17 18:14:37.978 [info] > git config --get commit.template [5ms]
2024-09-17 18:14:37.979 [info] > git for-each-ref --format=%(refname)%00%(upstream:short)%00%(objectname)%00%(upstream:track)%00%(upstream:remotename)%00%(upstream:remoteref) refs/heads/master refs/remotes/master [1ms]
2024-09-17 18:14:37.979 [warning] [Git][getBranch] No such branch: master
2024-09-17 18:14:37.984 [info] > git status -z -uall [1ms]
2024-09-17 18:14:37.989 [info] > git for-each-ref --format=%(refname)%00%(upstream:short)%00%(objectname)%00%(upstream:track)%00%(upstream:remotename)%00%(upstream:remoteref) refs/heads/master refs/remotes/master [1ms]
2024-09-17 18:14:37.989 [warning] [Git][getBranch] No such branch: master
2024-09-17 18:14:47.071 [info] [Git][getRemotes] No remotes found in the git config file
2024-09-17 18:14:47.072 [info] > git config --get commit.template [6ms]
2024-09-17 18:14:47.072 [info] > git for-each-ref --format=%(refname)%00%(upstream:short)%00%(objectname)%00%(upstream:track)%00%(upstream:remotename)%00%(upstream:remoteref) refs/heads/master refs/remotes/master [1ms]
2024-09-17 18:14:47.072 [warning] [Git][getBranch] No such branch: master
2024-09-17 18:14:47.077 [info] > git status -z -uall [1ms]
2024-09-17 18:14:47.083 [info] > git for-each-ref --format=%(refname)%00%(upstream:short)%00%(objectname)%00%(upstream:track)%00%(upstream:remotename)%00%(upstream:remoteref) refs/heads/master refs/remotes/master [1ms]
2024-09-17 18:14:47.083 [warning] [Git][getBranch] No such branch: master
2024-09-17 18:14:52.094 [info] [Git][getRemotes] No remotes found in the git config file
2024-09-17 18:14:52.094 [info] > git config --get commit.template [5ms]
2024-09-17 18:14:52.094 [info] > git for-each-ref --format=%(refname)%00%(upstream:short)%00%(objectname)%00%(upstream:track)%00%(upstream:remotename)%00%(upstream:remoteref) refs/heads/master refs/remotes/master [0ms]
2024-09-17 18:14:52.095 [warning] [Git][getBranch] No such branch: master
2024-09-17 18:14:52.099 [info] > git status -z -uall [1ms]
2024-09-17 18:14:52.104 [info] > git for-each-ref --format=%(refname)%00%(upstream:short)%00%(objectname)%00%(upstream:track)%00%(upstream:remotename)%00%(upstream:remoteref) refs/heads/master refs/remotes/master [1ms]
2024-09-17 18:14:52.104 [warning] [Git][getBranch] No such branch: master
2024-09-17 18:14:58.784 [info] > git show --textconv :src/text_to_speech.rs [5ms]
2024-09-17 18:14:58.785 [info] > git ls-files --stage -- /home/arch/Projects/Rust/voice/src/text_to_speech.rs [2ms]
2024-09-17 18:15:26.550 [info] [Git][getRemotes] No remotes found in the git config file
2024-09-17 18:15:26.550 [info] > git config --get commit.template [5ms]
2024-09-17 18:15:26.550 [info] > git for-each-ref --format=%(refname)%00%(upstream:short)%00%(objectname)%00%(upstream:track)%00%(upstream:remotename)%00%(upstream:remoteref) refs/heads/master refs/remotes/master [0ms]
2024-09-17 18:15:26.550 [warning] [Git][getBranch] No such branch: master
2024-09-17 18:15:26.555 [info] > git status -z -uall [1ms]
2024-09-17 18:15:26.560 [info] > git for-each-ref --format=%(refname)%00%(upstream:short)%00%(objectname)%00%(upstream:track)%00%(upstream:remotename)%00%(upstream:remoteref) refs/heads/master refs/remotes/master [1ms]
2024-09-17 18:15:26.560 [warning] [Git][getBranch] No such branch: master
2024-09-17 18:15:43.788 [info] [Git][getRemotes] No remotes found in the git config file
2024-09-17 18:15:43.788 [info] > git config --get commit.template [5ms]
2024-09-17 18:15:43.788 [info] > git for-each-ref --format=%(refname)%00%(upstream:short)%00%(objectname)%00%(upstream:track)%00%(upstream:remotename)%00%(upstream:remoteref) refs/heads/master refs/remotes/master [0ms]
2024-09-17 18:15:43.788 [warning] [Git][getBranch] No such branch: master
2024-09-17 18:15:43.793 [info] > git status -z -uall [1ms]
2024-09-17 18:15:43.797 [info] > git for-each-ref --format=%(refname)%00%(upstream:short)%00%(objectname)%00%(upstream:track)%00%(upstream:remotename)%00%(upstream:remoteref) refs/heads/master refs/remotes/master [0ms]
2024-09-17 18:15:43.797 [warning] [Git][getBranch] No such branch: master
2024-09-17 18:17:39.168 [info] [Git][getRemotes] No remotes found in the git config file
2024-09-17 18:17:39.168 [info] > git config --get commit.template [4ms]
2024-09-17 18:17:39.169 [info] > git for-each-ref --format=%(refname)%00%(upstream:short)%00%(objectname)%00%(upstream:track)%00%(upstream:remotename)%00%(upstream:remoteref) refs/heads/master refs/remotes/master [1ms]
2024-09-17 18:17:39.169 [warning] [Git][getBranch] No such branch: master
2024-09-17 18:17:39.174 [info] > git status -z -uall [1ms]
2024-09-17 18:17:39.179 [info] > git for-each-ref --format=%(refname)%00%(upstream:short)%00%(objectname)%00%(upstream:track)%00%(upstream:remotename)%00%(upstream:remoteref) refs/heads/master refs/remotes/master [1ms]
2024-09-17 18:17:39.179 [warning] [Git][getBranch] No such branch: master
2024-09-17 18:17:44.185 [info] [Git][getRemotes] No remotes found in the git config file
2024-09-17 18:17:44.190 [info] > git config --get commit.template [4ms]
2024-09-17 18:17:44.190 [info] > git for-each-ref --format=%(refname)%00%(upstream:short)%00%(objectname)%00%(upstream:track)%00%(upstream:remotename)%00%(upstream:remoteref) refs/heads/master refs/remotes/master [1ms]
2024-09-17 18:17:44.190 [warning] [Git][getBranch] No such branch: master
2024-09-17 18:17:44.196 [info] > git status -z -uall [2ms]
2024-09-17 18:17:44.201 [info] > git for-each-ref --format=%(refname)%00%(upstream:short)%00%(objectname)%00%(upstream:track)%00%(upstream:remotename)%00%(upstream:remoteref) refs/heads/master refs/remotes/master [1ms]
2024-09-17 18:17:44.201 [warning] [Git][getBranch] No such branch: master
2024-09-17 18:19:11.648 [info] [Git][getRemotes] No remotes found in the git config file
2024-09-17 18:19:11.648 [info] > git config --get commit.template [4ms]
2024-09-17 18:19:11.649 [info] > git for-each-ref --format=%(refname)%00%(upstream:short)%00%(objectname)%00%(upstream:track)%00%(upstream:remotename)%00%(upstream:remoteref) refs/heads/master refs/remotes/master [1ms]
2024-09-17 18:19:11.649 [warning] [Git][getBranch] No such branch: master
2024-09-17 18:19:11.654 [info] > git status -z -uall [1ms]
2024-09-17 18:19:11.660 [info] > git for-each-ref --format=%(refname)%00%(upstream:short)%00%(objectname)%00%(upstream:track)%00%(upstream:remotename)%00%(upstream:remoteref) refs/heads/master refs/remotes/master [1ms]
2024-09-17 18:19:11.660 [warning] [Git][getBranch] No such branch: master
2024-09-17 18:19:18.731 [info] [Git][getRemotes] No remotes found in the git config file
2024-09-17 18:19:18.731 [info] > git config --get commit.template [4ms]
2024-09-17 18:19:18.732 [info] > git for-each-ref --format=%(refname)%00%(upstream:short)%00%(objectname)%00%(upstream:track)%00%(upstream:remotename)%00%(upstream:remoteref) refs/heads/master refs/remotes/master [1ms]
2024-09-17 18:19:18.732 [warning] [Git][getBranch] No such branch: master
2024-09-17 18:19:18.736 [info] > git status -z -uall [1ms]
2024-09-17 18:19:18.740 [info] > git for-each-ref --format=%(refname)%00%(upstream:short)%00%(objectname)%00%(upstream:track)%00%(upstream:remotename)%00%(upstream:remoteref) refs/heads/master refs/remotes/master [1ms]
2024-09-17 18:19:18.740 [warning] [Git][getBranch] No such branch: master
2024-09-17 18:20:42.135 [info] [Git][getRemotes] No remotes found in the git config file
2024-09-17 18:20:42.140 [info] > git config --get commit.template [5ms]
2024-09-17 18:20:42.140 [info] > git for-each-ref --format=%(refname)%00%(upstream:short)%00%(objectname)%00%(upstream:track)%00%(upstream:remotename)%00%(upstream:remoteref) refs/heads/master refs/remotes/master [1ms]
2024-09-17 18:20:42.140 [warning] [Git][getBranch] No such branch: master
2024-09-17 18:20:42.145 [info] > git status -z -uall [1ms]
2024-09-17 18:20:42.149 [info] > git for-each-ref --format=%(refname)%00%(upstream:short)%00%(objectname)%00%(upstream:track)%00%(upstream:remotename)%00%(upstream:remoteref) refs/heads/master refs/remotes/master [1ms]
2024-09-17 18:20:42.149 [warning] [Git][getBranch] No such branch: master
2024-09-17 18:21:15.104 [info] [Git][getRemotes] No remotes found in the git config file
2024-09-17 18:21:15.108 [info] > git config --get commit.template [5ms]
2024-09-17 18:21:15.108 [info] > git for-each-ref --format=%(refname)%00%(upstream:short)%00%(objectname)%00%(upstream:track)%00%(upstream:remotename)%00%(upstream:remoteref) refs/heads/master refs/remotes/master [1ms]
2024-09-17 18:21:15.108 [warning] [Git][getBranch] No such branch: master
2024-09-17 18:21:15.113 [info] > git status -z -uall [1ms]
2024-09-17 18:21:15.117 [info] > git for-each-ref --format=%(refname)%00%(upstream:short)%00%(objectname)%00%(upstream:track)%00%(upstream:remotename)%00%(upstream:remoteref) refs/heads/master refs/remotes/master [1ms]
2024-09-17 18:21:15.117 [warning] [Git][getBranch] No such branch: master
2024-09-17 18:21:26.400 [info] [Git][getRemotes] No remotes found in the git config file
2024-09-17 18:21:26.400 [info] > git config --get commit.template [5ms]
2024-09-17 18:21:26.401 [info] > git for-each-ref --format=%(refname)%00%(upstream:short)%00%(objectname)%00%(upstream:track)%00%(upstream:remotename)%00%(upstream:remoteref) refs/heads/master refs/remotes/master [1ms]
2024-09-17 18:21:26.401 [warning] [Git][getBranch] No such branch: master
2024-09-17 18:21:26.405 [info] > git status -z -uall [1ms]
2024-09-17 18:21:26.410 [info] > git for-each-ref --format=%(refname)%00%(upstream:short)%00%(objectname)%00%(upstream:track)%00%(upstream:remotename)%00%(upstream:remoteref) refs/heads/master refs/remotes/master [1ms]
2024-09-17 18:21:26.410 [warning] [Git][getBranch] No such branch: master
2024-09-17 18:22:00.014 [info] [Git][getRemotes] No remotes found in the git config file
2024-09-17 18:22:00.015 [info] > git config --get commit.template [4ms]
2024-09-17 18:22:00.015 [info] > git for-each-ref --format=%(refname)%00%(upstream:short)%00%(objectname)%00%(upstream:track)%00%(upstream:remotename)%00%(upstream:remoteref) refs/heads/master refs/remotes/master [1ms]
2024-09-17 18:22:00.015 [warning] [Git][getBranch] No such branch: master
2024-09-17 18:22:00.020 [info] > git status -z -uall [1ms]
2024-09-17 18:22:00.025 [info] > git for-each-ref --format=%(refname)%00%(upstream:short)%00%(objectname)%00%(upstream:track)%00%(upstream:remotename)%00%(upstream:remoteref) refs/heads/master refs/remotes/master [1ms]
2024-09-17 18:22:00.025 [warning] [Git][getBranch] No such branch: master
2024-09-17 18:22:05.038 [info] [Git][getRemotes] No remotes found in the git config file
2024-09-17 18:22:05.038 [info] > git config --get commit.template [5ms]
2024-09-17 18:22:05.039 [info] > git for-each-ref --format=%(refname)%00%(upstream:short)%00%(objectname)%00%(upstream:track)%00%(upstream:remotename)%00%(upstream:remoteref) refs/heads/master refs/remotes/master [1ms]
2024-09-17 18:22:05.039 [warning] [Git][getBranch] No such branch: master
2024-09-17 18:22:05.043 [info] > git status -z -uall [1ms]
2024-09-17 18:22:05.047 [info] > git for-each-ref --format=%(refname)%00%(upstream:short)%00%(objectname)%00%(upstream:track)%00%(upstream:remotename)%00%(upstream:remoteref) refs/heads/master refs/remotes/master [1ms]
2024-09-17 18:22:05.047 [warning] [Git][getBranch] No such branch: master
2024-09-17 18:22:45.747 [info] [Git][getRemotes] No remotes found in the git config file
2024-09-17 18:22:45.747 [info] > git config --get commit.template [5ms]
2024-09-17 18:22:45.747 [info] > git for-each-ref --format=%(refname)%00%(upstream:short)%00%(objectname)%00%(upstream:track)%00%(upstream:remotename)%00%(upstream:remoteref) refs/heads/master refs/remotes/master [0ms]
2024-09-17 18:22:45.747 [warning] [Git][getBranch] No such branch: master
2024-09-17 18:22:45.752 [info] > git status -z -uall [1ms]
2024-09-17 18:22:45.757 [info] > git for-each-ref --format=%(refname)%00%(upstream:short)%00%(objectname)%00%(upstream:track)%00%(upstream:remotename)%00%(upstream:remoteref) refs/heads/master refs/remotes/master [1ms]
2024-09-17 18:22:45.757 [warning] [Git][getBranch] No such branch: master
2024-09-17 18:22:54.020 [info] [Git][getRemotes] No remotes found in the git config file
2024-09-17 18:22:54.020 [info] > git config --get commit.template [5ms]
2024-09-17 18:22:54.021 [info] > git for-each-ref --format=%(refname)%00%(upstream:short)%00%(objectname)%00%(upstream:track)%00%(upstream:remotename)%00%(upstream:remoteref) refs/heads/master refs/remotes/master [1ms]
2024-09-17 18:22:54.021 [warning] [Git][getBranch] No such branch: master
2024-09-17 18:22:54.025 [info] > git status -z -uall [1ms]
2024-09-17 18:22:54.030 [info] > git for-each-ref --format=%(refname)%00%(upstream:short)%00%(objectname)%00%(upstream:track)%00%(upstream:remotename)%00%(upstream:remoteref) refs/heads/master refs/remotes/master [1ms]
2024-09-17 18:22:54.030 [warning] [Git][getBranch] No such branch: master
2024-09-17 18:23:01.437 [info] [Git][getRemotes] No remotes found in the git config file
2024-09-17 18:23:01.441 [info] > git config --get commit.template [5ms]
2024-09-17 18:23:01.442 [info] > git for-each-ref --format=%(refname)%00%(upstream:short)%00%(objectname)%00%(upstream:track)%00%(upstream:remotename)%00%(upstream:remoteref) refs/heads/master refs/remotes/master [1ms]
2024-09-17 18:23:01.442 [warning] [Git][getBranch] No such branch: master
2024-09-17 18:23:01.446 [info] > git status -z -uall [1ms]
2024-09-17 18:23:01.452 [info] > git for-each-ref --format=%(refname)%00%(upstream:short)%00%(objectname)%00%(upstream:track)%00%(upstream:remotename)%00%(upstream:remoteref) refs/heads/master refs/remotes/master [2ms]
2024-09-17 18:23:01.452 [warning] [Git][getBranch] No such branch: master
2024-09-17 18:23:06.462 [info] [Git][getRemotes] No remotes found in the git config file
2024-09-17 18:23:06.462 [info] > git config --get commit.template [5ms]
2024-09-17 18:23:06.463 [info] > git for-each-ref --format=%(refname)%00%(upstream:short)%00%(objectname)%00%(upstream:track)%00%(upstream:remotename)%00%(upstream:remoteref) refs/heads/master refs/remotes/master [1ms]
2024-09-17 18:23:06.463 [warning] [Git][getBranch] No such branch: master
2024-09-17 18:23:06.467 [info] > git status -z -uall [1ms]
2024-09-17 18:23:06.473 [info] > git for-each-ref --format=%(refname)%00%(upstream:short)%00%(objectname)%00%(upstream:track)%00%(upstream:remotename)%00%(upstream:remoteref) refs/heads/master refs/remotes/master [2ms]
2024-09-17 18:23:06.473 [warning] [Git][getBranch] No such branch: master
2024-09-17 18:23:11.486 [info] [Git][getRemotes] No remotes found in the git config file
2024-09-17 18:23:11.486 [info] > git config --get commit.template [5ms]
2024-09-17 18:23:11.487 [info] > git for-each-ref --format=%(refname)%00%(upstream:short)%00%(objectname)%00%(upstream:track)%00%(upstream:remotename)%00%(upstream:remoteref) refs/heads/master refs/remotes/master [1ms]
2024-09-17 18:23:11.487 [warning] [Git][getBranch] No such branch: master
2024-09-17 18:23:11.492 [info] > git status -z -uall [1ms]
2024-09-17 18:23:11.496 [info] > git for-each-ref --format=%(refname)%00%(upstream:short)%00%(objectname)%00%(upstream:track)%00%(upstream:remotename)%00%(upstream:remoteref) refs/heads/master refs/remotes/master [1ms]
2024-09-17 18:23:11.496 [warning] [Git][getBranch] No such branch: master
2024-09-17 18:26:10.818 [info] [Git][getRemotes] No remotes found in the git config file
2024-09-17 18:26:10.818 [info] > git config --get commit.template [4ms]
2024-09-17 18:26:10.818 [info] > git for-each-ref --format=%(refname)%00%(upstream:short)%00%(objectname)%00%(upstream:track)%00%(upstream:remotename)%00%(upstream:remoteref) refs/heads/master refs/remotes/master [0ms]
2024-09-17 18:26:10.818 [warning] [Git][getBranch] No such branch: master
2024-09-17 18:26:10.824 [info] > git status -z -uall [2ms]
2024-09-17 18:26:10.828 [info] > git for-each-ref --format=%(refname)%00%(upstream:short)%00%(objectname)%00%(upstream:track)%00%(upstream:remotename)%00%(upstream:remoteref) refs/heads/master refs/remotes/master [0ms]
2024-09-17 18:26:10.828 [warning] [Git][getBranch] No such branch: master
2024-09-17 18:26:19.585 [info] [Git][getRemotes] No remotes found in the git config file
2024-09-17 18:26:19.585 [info] > git config --get commit.template [5ms]
2024-09-17 18:26:19.586 [info] > git for-each-ref --format=%(refname)%00%(upstream:short)%00%(objectname)%00%(upstream:track)%00%(upstream:remotename)%00%(upstream:remoteref) refs/heads/master refs/remotes/master [1ms]
2024-09-17 18:26:19.586 [warning] [Git][getBranch] No such branch: master
2024-09-17 18:26:19.591 [info] > git status -z -uall [1ms]
2024-09-17 18:26:19.596 [info] > git for-each-ref --format=%(refname)%00%(upstream:short)%00%(objectname)%00%(upstream:track)%00%(upstream:remotename)%00%(upstream:remoteref) refs/heads/master refs/remotes/master [2ms]
2024-09-17 18:26:19.596 [warning] [Git][getBranch] No such branch: master
2024-09-17 18:26:24.603 [info] [Git][getRemotes] No remotes found in the git config file
2024-09-17 18:26:24.607 [info] > git config --get commit.template [5ms]
2024-09-17 18:26:24.607 [info] > git for-each-ref --format=%(refname)%00%(upstream:short)%00%(objectname)%00%(upstream:track)%00%(upstream:remotename)%00%(upstream:remoteref) refs/heads/master refs/remotes/master [0ms]
2024-09-17 18:26:24.607 [warning] [Git][getBranch] No such branch: master
2024-09-17 18:26:24.612 [info] > git status -z -uall [1ms]
2024-09-17 18:26:24.617 [info] > git for-each-ref --format=%(refname)%00%(upstream:short)%00%(objectname)%00%(upstream:track)%00%(upstream:remotename)%00%(upstream:remoteref) refs/heads/master refs/remotes/master [1ms]
2024-09-17 18:26:24.617 [warning] [Git][getBranch] No such branch: master
2024-09-17 18:26:29.633 [info] [Git][getRemotes] No remotes found in the git config file
2024-09-17 18:26:29.633 [info] > git config --get commit.template [6ms]
2024-09-17 18:26:29.634 [info] > git for-each-ref --format=%(refname)%00%(upstream:short)%00%(objectname)%00%(upstream:track)%00%(upstream:remotename)%00%(upstream:remoteref) refs/heads/master refs/remotes/master [1ms]
2024-09-17 18:26:29.634 [warning] [Git][getBranch] No such branch: master
2024-09-17 18:26:29.638 [info] > git status -z -uall [1ms]
2024-09-17 18:26:29.643 [info] > git for-each-ref --format=%(refname)%00%(upstream:short)%00%(objectname)%00%(upstream:track)%00%(upstream:remotename)%00%(upstream:remoteref) refs/heads/master refs/remotes/master [1ms]
2024-09-17 18:26:29.643 [warning] [Git][getBranch] No such branch: master
2024-09-17 18:26:35.871 [info] > git show --textconv :src/audio.rs [5ms]
2024-09-17 18:26:35.871 [info] > git ls-files --stage -- /home/arch/Projects/Rust/voice/src/audio.rs [0ms]
2024-09-17 18:26:42.465 [info] > git show --textconv :src/text_to_speech.rs [4ms]
2024-09-17 18:26:42.466 [info] > git ls-files --stage -- /home/arch/Projects/Rust/voice/src/text_to_speech.rs [1ms]
2024-09-17 18:26:51.335 [info] > git show --textconv :src/text_to_speech.rs [5ms]
2024-09-17 18:26:51.335 [info] > git ls-files --stage -- /home/arch/Projects/Rust/voice/src/text_to_speech.rs [1ms]
2024-09-17 18:28:09.861 [info] [Git][getRemotes] No remotes found in the git config file
2024-09-17 18:28:09.861 [info] > git config --get commit.template [5ms]
2024-09-17 18:28:09.861 [info] > git for-each-ref --format=%(refname)%00%(upstream:short)%00%(objectname)%00%(upstream:track)%00%(upstream:remotename)%00%(upstream:remoteref) refs/heads/master refs/remotes/master [1ms]
2024-09-17 18:28:09.861 [warning] [Git][getBranch] No such branch: master
2024-09-17 18:28:09.866 [info] > git status -z -uall [1ms]
2024-09-17 18:28:09.871 [info] > git for-each-ref --format=%(refname)%00%(upstream:short)%00%(objectname)%00%(upstream:track)%00%(upstream:remotename)%00%(upstream:remoteref) refs/heads/master refs/remotes/master [1ms]
2024-09-17 18:28:09.871 [warning] [Git][getBranch] No such branch: master
2024-09-17 18:28:16.527 [info] [Git][getRemotes] No remotes found in the git config file
2024-09-17 18:28:16.527 [info] > git config --get commit.template [5ms]
2024-09-17 18:28:16.528 [info] > git for-each-ref --format=%(refname)%00%(upstream:short)%00%(objectname)%00%(upstream:track)%00%(upstream:remotename)%00%(upstream:remoteref) refs/heads/master refs/remotes/master [1ms]
2024-09-17 18:28:16.528 [warning] [Git][getBranch] No such branch: master
2024-09-17 18:28:16.532 [info] > git status -z -uall [1ms]
2024-09-17 18:28:16.537 [info] > git for-each-ref --format=%(refname)%00%(upstream:short)%00%(objectname)%00%(upstream:track)%00%(upstream:remotename)%00%(upstream:remoteref) refs/heads/master refs/remotes/master [1ms]
2024-09-17 18:28:16.537 [warning] [Git][getBranch] No such branch: master
2024-09-17 18:28:21.550 [info] [Git][getRemotes] No remotes found in the git config file
2024-09-17 18:28:21.550 [info] > git config --get commit.template [5ms]
2024-09-17 18:28:21.551 [info] > git for-each-ref --format=%(refname)%00%(upstream:short)%00%(objectname)%00%(upstream:track)%00%(upstream:remotename)%00%(upstream:remoteref) refs/heads/master refs/remotes/master [1ms]
2024-09-17 18:28:21.551 [warning] [Git][getBranch] No such branch: master
2024-09-17 18:28:21.556 [info] > git status -z -uall [1ms]
2024-09-17 18:28:21.564 [info] > git for-each-ref --format=%(refname)%00%(upstream:short)%00%(objectname)%00%(upstream:track)%00%(upstream:remotename)%00%(upstream:remoteref) refs/heads/master refs/remotes/master [1ms]
2024-09-17 18:28:21.564 [warning] [Git][getBranch] No such branch: master
2024-09-17 18:29:09.487 [info] [Git][getRemotes] No remotes found in the git config file
2024-09-17 18:29:09.488 [info] > git config --get commit.template [5ms]
2024-09-17 18:29:09.488 [info] > git for-each-ref --format=%(refname)%00%(upstream:short)%00%(objectname)%00%(upstream:track)%00%(upstream:remotename)%00%(upstream:remoteref) refs/heads/master refs/remotes/master [1ms]
2024-09-17 18:29:09.488 [warning] [Git][getBranch] No such branch: master
2024-09-17 18:29:09.493 [info] > git status -z -uall [1ms]
2024-09-17 18:29:09.497 [info] > git for-each-ref --format=%(refname)%00%(upstream:short)%00%(objectname)%00%(upstream:track)%00%(upstream:remotename)%00%(upstream:remoteref) refs/heads/master refs/remotes/master [0ms]
2024-09-17 18:29:09.497 [warning] [Git][getBranch] No such branch: master
2024-09-17 18:30:32.776 [info] [Git][getRemotes] No remotes found in the git config file
2024-09-17 18:30:32.776 [info] > git config --get commit.template [5ms]
2024-09-17 18:30:32.777 [info] > git for-each-ref --format=%(refname)%00%(upstream:short)%00%(objectname)%00%(upstream:track)%00%(upstream:remotename)%00%(upstream:remoteref) refs/heads/master refs/remotes/master [1ms]
2024-09-17 18:30:32.777 [warning] [Git][getBranch] No such branch: master
2024-09-17 18:30:32.781 [info] > git status -z -uall [1ms]
2024-09-17 18:30:32.786 [info] > git for-each-ref --format=%(refname)%00%(upstream:short)%00%(objectname)%00%(upstream:track)%00%(upstream:remotename)%00%(upstream:remoteref) refs/heads/master refs/remotes/master [1ms]
2024-09-17 18:30:32.786 [warning] [Git][getBranch] No such branch: master
2024-09-17 18:33:12.849 [info] [Git][getRemotes] No remotes found in the git config file
2024-09-17 18:33:12.854 [info] > git config --get commit.template [5ms]
2024-09-17 18:33:12.854 [info] > git for-each-ref --format=%(refname)%00%(upstream:short)%00%(objectname)%00%(upstream:track)%00%(upstream:remotename)%00%(upstream:remoteref) refs/heads/master refs/remotes/master [1ms]
2024-09-17 18:33:12.854 [warning] [Git][getBranch] No such branch: master
2024-09-17 18:33:12.859 [info] > git status -z -uall [1ms]
2024-09-17 18:33:12.864 [info] > git for-each-ref --format=%(refname)%00%(upstream:short)%00%(objectname)%00%(upstream:track)%00%(upstream:remotename)%00%(upstream:remoteref) refs/heads/master refs/remotes/master [1ms]
2024-09-17 18:33:12.864 [warning] [Git][getBranch] No such branch: master
2024-09-17 18:33:28.797 [info] [Git][getRemotes] No remotes found in the git config file
2024-09-17 18:33:28.797 [info] > git config --get commit.template [6ms]
2024-09-17 18:33:28.797 [info] > git for-each-ref --format=%(refname)%00%(upstream:short)%00%(objectname)%00%(upstream:track)%00%(upstream:remotename)%00%(upstream:remoteref) refs/heads/master refs/remotes/master [0ms]
2024-09-17 18:33:28.797 [warning] [Git][getBranch] No such branch: master
2024-09-17 18:33:28.802 [info] > git status -z -uall [1ms]
2024-09-17 18:33:28.808 [info] > git for-each-ref --format=%(refname)%00%(upstream:short)%00%(objectname)%00%(upstream:track)%00%(upstream:remotename)%00%(upstream:remoteref) refs/heads/master refs/remotes/master [2ms]
2024-09-17 18:33:28.808 [warning] [Git][getBranch] No such branch: master
2024-09-17 18:33:44.622 [info] [Git][getRemotes] No remotes found in the git config file
2024-09-17 18:33:44.622 [info] > git config --get commit.template [5ms]
2024-09-17 18:33:44.623 [info] > git for-each-ref --format=%(refname)%00%(upstream:short)%00%(objectname)%00%(upstream:track)%00%(upstream:remotename)%00%(upstream:remoteref) refs/heads/master refs/remotes/master [1ms]
2024-09-17 18:33:44.623 [warning] [Git][getBranch] No such branch: master
2024-09-17 18:33:44.628 [info] > git status -z -uall [1ms]
2024-09-17 18:33:44.632 [info] > git for-each-ref --format=%(refname)%00%(upstream:short)%00%(objectname)%00%(upstream:track)%00%(upstream:remotename)%00%(upstream:remoteref) refs/heads/master refs/remotes/master [1ms]
2024-09-17 18:33:44.632 [warning] [Git][getBranch] No such branch: master
2024-09-17 18:34:02.587 [info] [Git][getRemotes] No remotes found in the git config file
2024-09-17 18:34:02.587 [info] > git config --get commit.template [6ms]
2024-09-17 18:34:02.587 [info] > git for-each-ref --format=%(refname)%00%(upstream:short)%00%(objectname)%00%(upstream:track)%00%(upstream:remotename)%00%(upstream:remoteref) refs/heads/master refs/remotes/master [1ms]
2024-09-17 18:34:02.587 [warning] [Git][getBranch] No such branch: master
2024-09-17 18:34:02.592 [info] > git status -z -uall [1ms]
2024-09-17 18:34:02.596 [info] > git for-each-ref --format=%(refname)%00%(upstream:short)%00%(objectname)%00%(upstream:track)%00%(upstream:remotename)%00%(upstream:remoteref) refs/heads/master refs/remotes/master [0ms]
2024-09-17 18:34:02.596 [warning] [Git][getBranch] No such branch: master
2024-09-17 18:34:09.238 [info] [Git][getRemotes] No remotes found in the git config file
2024-09-17 18:34:09.238 [info] > git config --get commit.template [5ms]
2024-09-17 18:34:09.239 [info] > git for-each-ref --format=%(refname)%00%(upstream:short)%00%(objectname)%00%(upstream:track)%00%(upstream:remotename)%00%(upstream:remoteref) refs/heads/master refs/remotes/master [1ms]
2024-09-17 18:34:09.239 [warning] [Git][getBranch] No such branch: master
2024-09-17 18:34:09.244 [info] > git status -z -uall [1ms]
2024-09-17 18:34:09.249 [info] > git for-each-ref --format=%(refname)%00%(upstream:short)%00%(objectname)%00%(upstream:track)%00%(upstream:remotename)%00%(upstream:remoteref) refs/heads/master refs/remotes/master [1ms]
2024-09-17 18:34:09.249 [warning] [Git][getBranch] No such branch: master
2024-09-17 18:34:42.162 [info] [Git][getRemotes] No remotes found in the git config file
2024-09-17 18:34:42.163 [info] > git config --get commit.template [5ms]
2024-09-17 18:34:42.163 [info] > git for-each-ref --format=%(refname)%00%(upstream:short)%00%(objectname)%00%(upstream:track)%00%(upstream:remotename)%00%(upstream:remoteref) refs/heads/master refs/remotes/master [1ms]
2024-09-17 18:34:42.163 [warning] [Git][getBranch] No such branch: master
2024-09-17 18:34:42.168 [info] > git status -z -uall [1ms]
2024-09-17 18:34:42.172 [info] > git for-each-ref --format=%(refname)%00%(upstream:short)%00%(objectname)%00%(upstream:track)%00%(upstream:remotename)%00%(upstream:remoteref) refs/heads/master refs/remotes/master [0ms]
2024-09-17 18:34:42.172 [warning] [Git][getBranch] No such branch: master
2024-09-17 18:34:47.445 [info] [Git][getRemotes] No remotes found in the git config file
2024-09-17 18:34:47.445 [info] > git config --get commit.template [4ms]
2024-09-17 18:34:47.446 [info] > git for-each-ref --format=%(refname)%00%(upstream:short)%00%(objectname)%00%(upstream:track)%00%(upstream:remotename)%00%(upstream:remoteref) refs/heads/master refs/remotes/master [1ms]
2024-09-17 18:34:47.446 [warning] [Git][getBranch] No such branch: master
2024-09-17 18:34:47.451 [info] > git status -z -uall [1ms]
2024-09-17 18:34:47.455 [info] > git for-each-ref --format=%(refname)%00%(upstream:short)%00%(objectname)%00%(upstream:track)%00%(upstream:remotename)%00%(upstream:remoteref) refs/heads/master refs/remotes/master [1ms]
2024-09-17 18:34:47.455 [warning] [Git][getBranch] No such branch: master
2024-09-17 18:35:17.508 [info] [Git][getRemotes] No remotes found in the git config file
2024-09-17 18:35:17.508 [info] > git config --get commit.template [5ms]
2024-09-17 18:35:17.509 [info] > git for-each-ref --format=%(refname)%00%(upstream:short)%00%(objectname)%00%(upstream:track)%00%(upstream:remotename)%00%(upstream:remoteref) refs/heads/master refs/remotes/master [1ms]
2024-09-17 18:35:17.509 [warning] [Git][getBranch] No such branch: master
2024-09-17 18:35:17.513 [info] > git status -z -uall [1ms]
2024-09-17 18:35:17.519 [info] > git for-each-ref --format=%(refname)%00%(upstream:short)%00%(objectname)%00%(upstream:track)%00%(upstream:remotename)%00%(upstream:remoteref) refs/heads/master refs/remotes/master [2ms]
2024-09-17 18:35:17.519 [warning] [Git][getBranch] No such branch: master
2024-09-17 18:35:51.683 [info] [Git][getRemotes] No remotes found in the git config file
2024-09-17 18:35:51.683 [info] > git config --get commit.template [4ms]
2024-09-17 18:35:51.684 [info] > git for-each-ref --format=%(refname)%00%(upstream:short)%00%(objectname)%00%(upstream:track)%00%(upstream:remotename)%00%(upstream:remoteref) refs/heads/master refs/remotes/master [1ms]
2024-09-17 18:35:51.684 [warning] [Git][getBranch] No such branch: master
2024-09-17 18:35:51.689 [info] > git status -z -uall [2ms]
2024-09-17 18:35:51.693 [info] > git for-each-ref --format=%(refname)%00%(upstream:short)%00%(objectname)%00%(upstream:track)%00%(upstream:remotename)%00%(upstream:remoteref) refs/heads/master refs/remotes/master [0ms]
2024-09-17 18:35:51.694 [warning] [Git][getBranch] No such branch: master
2024-09-17 18:35:56.705 [info] [Git][getRemotes] No remotes found in the git config file
2024-09-17 18:35:56.706 [info] > git config --get commit.template [4ms]
2024-09-17 18:35:56.706 [info] > git for-each-ref --format=%(refname)%00%(upstream:short)%00%(objectname)%00%(upstream:track)%00%(upstream:remotename)%00%(upstream:remoteref) refs/heads/master refs/remotes/master [1ms]
2024-09-17 18:35:56.706 [warning] [Git][getBranch] No such branch: master
2024-09-17 18:35:56.711 [info] > git status -z -uall [1ms]
2024-09-17 18:35:56.715 [info] > git for-each-ref --format=%(refname)%00%(upstream:short)%00%(objectname)%00%(upstream:track)%00%(upstream:remotename)%00%(upstream:remoteref) refs/heads/master refs/remotes/master [0ms]
2024-09-17 18:35:56.716 [warning] [Git][getBranch] No such branch: master
2024-09-17 18:36:01.721 [info] [Git][getRemotes] No remotes found in the git config file
2024-09-17 18:36:01.724 [info] > git config --get commit.template [3ms]
2024-09-17 18:36:01.725 [info] > git for-each-ref --format=%(refname)%00%(upstream:short)%00%(objectname)%00%(upstream:track)%00%(upstream:remotename)%00%(upstream:remoteref) refs/heads/master refs/remotes/master [1ms]
2024-09-17 18:36:01.725 [warning] [Git][getBranch] No such branch: master
2024-09-17 18:36:01.730 [info] > git status -z -uall [2ms]
2024-09-17 18:36:01.734 [info] > git for-each-ref --format=%(refname)%00%(upstream:short)%00%(objectname)%00%(upstream:track)%00%(upstream:remotename)%00%(upstream:remoteref) refs/heads/master refs/remotes/master [1ms]
2024-09-17 18:36:01.734 [warning] [Git][getBranch] No such branch: master
2024-09-17 18:36:18.391 [info] [Git][getRemotes] No remotes found in the git config file
2024-09-17 18:36:18.391 [info] > git config --get commit.template [4ms]
2024-09-17 18:36:18.392 [info] > git for-each-ref --format=%(refname)%00%(upstream:short)%00%(objectname)%00%(upstream:track)%00%(upstream:remotename)%00%(upstream:remoteref) refs/heads/master refs/remotes/master [1ms]
2024-09-17 18:36:18.392 [warning] [Git][getBranch] No such branch: master
2024-09-17 18:36:18.396 [info] > git status -z -uall [1ms]
2024-09-17 18:36:18.401 [info] > git for-each-ref --format=%(refname)%00%(upstream:short)%00%(objectname)%00%(upstream:track)%00%(upstream:remotename)%00%(upstream:remoteref) refs/heads/master refs/remotes/master [1ms]
2024-09-17 18:36:18.401 [warning] [Git][getBranch] No such branch: master
2024-09-17 18:36:23.416 [info] [Git][getRemotes] No remotes found in the git config file
2024-09-17 18:36:23.416 [info] > git config --get commit.template [7ms]
2024-09-17 18:36:23.417 [info] > git for-each-ref --format=%(refname)%00%(upstream:short)%00%(objectname)%00%(upstream:track)%00%(upstream:remotename)%00%(upstream:remoteref) refs/heads/master refs/remotes/master [1ms]
2024-09-17 18:36:23.417 [warning] [Git][getBranch] No such branch: master
2024-09-17 18:36:23.424 [info] > git status -z -uall [2ms]
2024-09-17 18:36:23.430 [info] > git for-each-ref --format=%(refname)%00%(upstream:short)%00%(objectname)%00%(upstream:track)%00%(upstream:remotename)%00%(upstream:remoteref) refs/heads/master refs/remotes/master [1ms]
2024-09-17 18:36:23.430 [warning] [Git][getBranch] No such branch: master
2024-09-17 18:36:28.441 [info] [Git][getRemotes] No remotes found in the git config file
2024-09-17 18:36:28.442 [info] > git config --get commit.template [4ms]
2024-09-17 18:36:28.442 [info] > git for-each-ref --format=%(refname)%00%(upstream:short)%00%(objectname)%00%(upstream:track)%00%(upstream:remotename)%00%(upstream:remoteref) refs/heads/master refs/remotes/master [1ms]
2024-09-17 18:36:28.442 [warning] [Git][getBranch] No such branch: master
2024-09-17 18:36:28.447 [info] > git status -z -uall [1ms]
2024-09-17 18:36:28.452 [info] > git for-each-ref --format=%(refname)%00%(upstream:short)%00%(objectname)%00%(upstream:track)%00%(upstream:remotename)%00%(upstream:remoteref) refs/heads/master refs/remotes/master [1ms]
2024-09-17 18:36:28.452 [warning] [Git][getBranch] No such branch: master
2024-09-17 18:37:08.801 [info] [Git][getRemotes] No remotes found in the git config file
2024-09-17 18:37:08.801 [info] > git config --get commit.template [4ms]
2024-09-17 18:37:08.801 [info] > git for-each-ref --format=%(refname)%00%(upstream:short)%00%(objectname)%00%(upstream:track)%00%(upstream:remotename)%00%(upstream:remoteref) refs/heads/master refs/remotes/master [0ms]
2024-09-17 18:37:08.801 [warning] [Git][getBranch] No such branch: master
2024-09-17 18:37:08.806 [info] > git status -z -uall [1ms]
2024-09-17 18:37:08.811 [info] > git for-each-ref --format=%(refname)%00%(upstream:short)%00%(objectname)%00%(upstream:track)%00%(upstream:remotename)%00%(upstream:remoteref) refs/heads/master refs/remotes/master [1ms]
2024-09-17 18:37:08.811 [warning] [Git][getBranch] No such branch: master
2024-09-17 18:37:14.503 [info] [Git][getRemotes] No remotes found in the git config file
2024-09-17 18:37:14.503 [info] > git config --get commit.template [4ms]
2024-09-17 18:37:14.504 [info] > git for-each-ref --format=%(refname)%00%(upstream:short)%00%(objectname)%00%(upstream:track)%00%(upstream:remotename)%00%(upstream:remoteref) refs/heads/master refs/remotes/master [1ms]
2024-09-17 18:37:14.504 [warning] [Git][getBranch] No such branch: master
2024-09-17 18:37:14.508 [info] > git status -z -uall [1ms]
2024-09-17 18:37:14.513 [info] > git for-each-ref --format=%(refname)%00%(upstream:short)%00%(objectname)%00%(upstream:track)%00%(upstream:remotename)%00%(upstream:remoteref) refs/heads/master refs/remotes/master [1ms]
2024-09-17 18:37:14.513 [warning] [Git][getBranch] No such branch: master
2024-09-17 18:37:19.525 [info] [Git][getRemotes] No remotes found in the git config file
2024-09-17 18:37:19.525 [info] > git config --get commit.template [4ms]
2024-09-17 18:37:19.525 [info] > git for-each-ref --format=%(refname)%00%(upstream:short)%00%(objectname)%00%(upstream:track)%00%(upstream:remotename)%00%(upstream:remoteref) refs/heads/master refs/remotes/master [0ms]
2024-09-17 18:37:19.526 [warning] [Git][getBranch] No such branch: master
2024-09-17 18:37:19.531 [info] > git status -z -uall [1ms]
2024-09-17 18:37:19.536 [info] > git for-each-ref --format=%(refname)%00%(upstream:short)%00%(objectname)%00%(upstream:track)%00%(upstream:remotename)%00%(upstream:remoteref) refs/heads/master refs/remotes/master [1ms]
2024-09-17 18:37:19.536 [warning] [Git][getBranch] No such branch: master
2024-09-17 18:37:24.548 [info] [Git][getRemotes] No remotes found in the git config file
2024-09-17 18:37:24.549 [info] > git config --get commit.template [5ms]
2024-09-17 18:37:24.549 [info] > git for-each-ref --format=%(refname)%00%(upstream:short)%00%(objectname)%00%(upstream:track)%00%(upstream:remotename)%00%(upstream:remoteref) refs/heads/master refs/remotes/master [1ms]
2024-09-17 18:37:24.549 [warning] [Git][getBranch] No such branch: master
2024-09-17 18:37:24.554 [info] > git status -z -uall [1ms]
2024-09-17 18:37:24.559 [info] > git for-each-ref --format=%(refname)%00%(upstream:short)%00%(objectname)%00%(upstream:track)%00%(upstream:remotename)%00%(upstream:remoteref) refs/heads/master refs/remotes/master [1ms]
2024-09-17 18:37:24.559 [warning] [Git][getBranch] No such branch: master
2024-09-17 18:37:53.310 [info] [Git][getRemotes] No remotes found in the git config file
2024-09-17 18:37:53.313 [info] > git config --get commit.template [4ms]
2024-09-17 18:37:53.314 [info] > git for-each-ref --format=%(refname)%00%(upstream:short)%00%(objectname)%00%(upstream:track)%00%(upstream:remotename)%00%(upstream:remoteref) refs/heads/master refs/remotes/master [1ms]
2024-09-17 18:37:53.314 [warning] [Git][getBranch] No such branch: master
2024-09-17 18:37:53.318 [info] > git status -z -uall [1ms]
2024-09-17 18:37:53.323 [info] > git for-each-ref --format=%(refname)%00%(upstream:short)%00%(objectname)%00%(upstream:track)%00%(upstream:remotename)%00%(upstream:remoteref) refs/heads/master refs/remotes/master [1ms]
2024-09-17 18:37:53.323 [warning] [Git][getBranch] No such branch: master
2024-09-17 18:38:03.540 [info] [Git][getRemotes] No remotes found in the git config file
2024-09-17 18:38:03.544 [info] > git config --get commit.template [4ms]
2024-09-17 18:38:03.545 [info] > git for-each-ref --format=%(refname)%00%(upstream:short)%00%(objectname)%00%(upstream:track)%00%(upstream:remotename)%00%(upstream:remoteref) refs/heads/master refs/remotes/master [1ms]
2024-09-17 18:38:03.545 [warning] [Git][getBranch] No such branch: master
2024-09-17 18:38:03.551 [info] > git status -z -uall [1ms]
2024-09-17 18:38:03.555 [info] > git for-each-ref --format=%(refname)%00%(upstream:short)%00%(objectname)%00%(upstream:track)%00%(upstream:remotename)%00%(upstream:remoteref) refs/heads/master refs/remotes/master [0ms]
2024-09-17 18:38:03.555 [warning] [Git][getBranch] No such branch: master
2024-09-17 18:38:12.865 [info] [Git][getRemotes] No remotes found in the git config file
2024-09-17 18:38:12.866 [info] > git config --get commit.template [5ms]
2024-09-17 18:38:12.866 [info] > git for-each-ref --format=%(refname)%00%(upstream:short)%00%(objectname)%00%(upstream:track)%00%(upstream:remotename)%00%(upstream:remoteref) refs/heads/master refs/remotes/master [1ms]
2024-09-17 18:38:12.866 [warning] [Git][getBranch] No such branch: master
2024-09-17 18:38:12.871 [info] > git status -z -uall [1ms]
2024-09-17 18:38:12.875 [info] > git for-each-ref --format=%(refname)%00%(upstream:short)%00%(objectname)%00%(upstream:track)%00%(upstream:remotename)%00%(upstream:remoteref) refs/heads/master refs/remotes/master [1ms]
2024-09-17 18:38:12.875 [warning] [Git][getBranch] No such branch: master
2024-09-17 18:38:17.887 [info] [Git][getRemotes] No remotes found in the git config file
2024-09-17 18:38:17.888 [info] > git config --get commit.template [4ms]
2024-09-17 18:38:17.888 [info] > git for-each-ref --format=%(refname)%00%(upstream:short)%00%(objectname)%00%(upstream:track)%00%(upstream:remotename)%00%(upstream:remoteref) refs/heads/master refs/remotes/master [1ms]
2024-09-17 18:38:17.888 [warning] [Git][getBranch] No such branch: master
2024-09-17 18:38:17.892 [info] > git status -z -uall [1ms]
2024-09-17 18:38:17.896 [info] > git for-each-ref --format=%(refname)%00%(upstream:short)%00%(objectname)%00%(upstream:track)%00%(upstream:remotename)%00%(upstream:remoteref) refs/heads/master refs/remotes/master [1ms]
2024-09-17 18:38:17.896 [warning] [Git][getBranch] No such branch: master
2024-09-17 18:38:26.341 [info] [Git][getRemotes] No remotes found in the git config file
2024-09-17 18:38:26.341 [info] > git config --get commit.template [4ms]
2024-09-17 18:38:26.341 [info] > git for-each-ref --format=%(refname)%00%(upstream:short)%00%(objectname)%00%(upstream:track)%00%(upstream:remotename)%00%(upstream:remoteref) refs/heads/master refs/remotes/master [0ms]
2024-09-17 18:38:26.341 [warning] [Git][getBranch] No such branch: master
2024-09-17 18:38:26.346 [info] > git status -z -uall [1ms]
2024-09-17 18:38:26.351 [info] > git for-each-ref --format=%(refname)%00%(upstream:short)%00%(objectname)%00%(upstream:track)%00%(upstream:remotename)%00%(upstream:remoteref) refs/heads/master refs/remotes/master [1ms]
2024-09-17 18:38:26.351 [warning] [Git][getBranch] No such branch: master
2024-09-17 18:38:31.363 [info] [Git][getRemotes] No remotes found in the git config file
2024-09-17 18:38:31.364 [info] > git config --get commit.template [7ms]
2024-09-17 18:38:31.364 [info] > git for-each-ref --format=%(refname)%00%(upstream:short)%00%(objectname)%00%(upstream:track)%00%(upstream:remotename)%00%(upstream:remoteref) refs/heads/master refs/remotes/master [1ms]
2024-09-17 18:38:31.364 [warning] [Git][getBranch] No such branch: master
2024-09-17 18:38:31.370 [info] > git status -z -uall [1ms]
2024-09-17 18:38:31.377 [info] > git for-each-ref --format=%(refname)%00%(upstream:short)%00%(objectname)%00%(upstream:track)%00%(upstream:remotename)%00%(upstream:remoteref) refs/heads/master refs/remotes/master [1ms]
2024-09-17 18:38:31.378 [warning] [Git][getBranch] No such branch: master
2024-09-17 18:38:36.388 [info] [Git][getRemotes] No remotes found in the git config file
2024-09-17 18:38:36.388 [info] > git config --get commit.template [4ms]
2024-09-17 18:38:36.389 [info] > git for-each-ref --format=%(refname)%00%(upstream:short)%00%(objectname)%00%(upstream:track)%00%(upstream:remotename)%00%(upstream:remoteref) refs/heads/master refs/remotes/master [1ms]
2024-09-17 18:38:36.389 [warning] [Git][getBranch] No such branch: master
2024-09-17 18:38:36.393 [info] > git status -z -uall [1ms]
2024-09-17 18:38:36.398 [info] > git for-each-ref --format=%(refname)%00%(upstream:short)%00%(objectname)%00%(upstream:track)%00%(upstream:remotename)%00%(upstream:remoteref) refs/heads/master refs/remotes/master [1ms]
2024-09-17 18:38:36.398 [warning] [Git][getBranch] No such branch: master
2024-09-17 18:38:45.534 [info] [Git][getRemotes] No remotes found in the git config file
2024-09-17 18:38:45.534 [info] > git config --get commit.template [4ms]
2024-09-17 18:38:45.535 [info] > git for-each-ref --format=%(refname)%00%(upstream:short)%00%(objectname)%00%(upstream:track)%00%(upstream:remotename)%00%(upstream:remoteref) refs/heads/master refs/remotes/master [1ms]
2024-09-17 18:38:45.535 [warning] [Git][getBranch] No such branch: master
2024-09-17 18:38:45.539 [info] > git status -z -uall [1ms]
2024-09-17 18:38:45.544 [info] > git for-each-ref --format=%(refname)%00%(upstream:short)%00%(objectname)%00%(upstream:track)%00%(upstream:remotename)%00%(upstream:remoteref) refs/heads/master refs/remotes/master [1ms]
2024-09-17 18:38:45.544 [warning] [Git][getBranch] No such branch: master
2024-09-17 18:38:50.559 [info] [Git][getRemotes] No remotes found in the git config file
2024-09-17 18:38:50.560 [info] > git config --get commit.template [6ms]
2024-09-17 18:38:50.560 [info] > git for-each-ref --format=%(refname)%00%(upstream:short)%00%(objectname)%00%(upstream:track)%00%(upstream:remotename)%00%(upstream:remoteref) refs/heads/master refs/remotes/master [1ms]
2024-09-17 18:38:50.560 [warning] [Git][getBranch] No such branch: master
2024-09-17 18:38:50.567 [info] > git status -z -uall [2ms]
2024-09-17 18:38:50.573 [info] > git for-each-ref --format=%(refname)%00%(upstream:short)%00%(objectname)%00%(upstream:track)%00%(upstream:remotename)%00%(upstream:remoteref) refs/heads/master refs/remotes/master [1ms]
2024-09-17 18:38:50.573 [warning] [Git][getBranch] No such branch: master
2024-09-17 18:38:55.588 [info] [Git][getRemotes] No remotes found in the git config file
2024-09-17 18:38:55.588 [info] > git config --get commit.template [4ms]
2024-09-17 18:38:55.589 [info] > git for-each-ref --format=%(refname)%00%(upstream:short)%00%(objectname)%00%(upstream:track)%00%(upstream:remotename)%00%(upstream:remoteref) refs/heads/master refs/remotes/master [1ms]
2024-09-17 18:38:55.589 [warning] [Git][getBranch] No such branch: master
2024-09-17 18:38:55.594 [info] > git status -z -uall [1ms]
2024-09-17 18:38:55.599 [info] > git for-each-ref --format=%(refname)%00%(upstream:short)%00%(objectname)%00%(upstream:track)%00%(upstream:remotename)%00%(upstream:remoteref) refs/heads/master refs/remotes/master [1ms]
2024-09-17 18:38:55.599 [warning] [Git][getBranch] No such branch: master
2024-09-17 18:39:14.461 [info] [Git][getRemotes] No remotes found in the git config file
2024-09-17 18:39:14.461 [info] > git config --get commit.template [5ms]
2024-09-17 18:39:14.462 [info] > git for-each-ref --format=%(refname)%00%(upstream:short)%00%(objectname)%00%(upstream:track)%00%(upstream:remotename)%00%(upstream:remoteref) refs/heads/master refs/remotes/master [1ms]
2024-09-17 18:39:14.462 [warning] [Git][getBranch] No such branch: master
2024-09-17 18:39:14.467 [info] > git status -z -uall [1ms]
2024-09-17 18:39:14.472 [info] > git for-each-ref --format=%(refname)%00%(upstream:short)%00%(objectname)%00%(upstream:track)%00%(upstream:remotename)%00%(upstream:remoteref) refs/heads/master refs/remotes/master [1ms]
2024-09-17 18:39:14.472 [warning] [Git][getBranch] No such branch: master
2024-09-17 18:39:19.482 [info] [Git][getRemotes] No remotes found in the git config file
2024-09-17 18:39:19.482 [info] > git config --get commit.template [4ms]
2024-09-17 18:39:19.483 [info] > git for-each-ref --format=%(refname)%00%(upstream:short)%00%(objectname)%00%(upstream:track)%00%(upstream:remotename)%00%(upstream:remoteref) refs/heads/master refs/remotes/master [1ms]
2024-09-17 18:39:19.483 [warning] [Git][getBranch] No such branch: master
2024-09-17 18:39:19.487 [info] > git status -z -uall [1ms]
2024-09-17 18:39:19.492 [info] > git for-each-ref --format=%(refname)%00%(upstream:short)%00%(objectname)%00%(upstream:track)%00%(upstream:remotename)%00%(upstream:remoteref) refs/heads/master refs/remotes/master [1ms]
2024-09-17 18:39:19.492 [warning] [Git][getBranch] No such branch: master
2024-09-17 18:39:24.502 [info] [Git][getRemotes] No remotes found in the git config file
2024-09-17 18:39:24.506 [info] > git config --get commit.template [5ms]
2024-09-17 18:39:24.506 [info] > git for-each-ref --format=%(refname)%00%(upstream:short)%00%(objectname)%00%(upstream:track)%00%(upstream:remotename)%00%(upstream:remoteref) refs/heads/master refs/remotes/master [0ms]
2024-09-17 18:39:24.506 [warning] [Git][getBranch] No such branch: master
2024-09-17 18:39:24.512 [info] > git status -z -uall [2ms]
2024-09-17 18:39:24.517 [info] > git for-each-ref --format=%(refname)%00%(upstream:short)%00%(objectname)%00%(upstream:track)%00%(upstream:remotename)%00%(upstream:remoteref) refs/heads/master refs/remotes/master [1ms]
2024-09-17 18:39:24.517 [warning] [Git][getBranch] No such branch: master
2024-09-17 18:39:44.934 [info] [Git][getRemotes] No remotes found in the git config file
2024-09-17 18:39:44.934 [info] > git config --get commit.template [4ms]
2024-09-17 18:39:44.935 [info] > git for-each-ref --format=%(refname)%00%(upstream:short)%00%(objectname)%00%(upstream:track)%00%(upstream:remotename)%00%(upstream:remoteref) refs/heads/master refs/remotes/master [1ms]
2024-09-17 18:39:44.935 [warning] [Git][getBranch] No such branch: master
2024-09-17 18:39:44.939 [info] > git status -z -uall [1ms]
2024-09-17 18:39:44.944 [info] > git for-each-ref --format=%(refname)%00%(upstream:short)%00%(objectname)%00%(upstream:track)%00%(upstream:remotename)%00%(upstream:remoteref) refs/heads/master refs/remotes/master [1ms]
2024-09-17 18:39:44.944 [warning] [Git][getBranch] No such branch: master
2024-09-17 18:40:18.702 [info] > git config --get commit.template [0ms]
2024-09-17 18:40:18.706 [info] [Git][getRemotes] No remotes found in the git config file
2024-09-17 18:40:18.707 [info] > git for-each-ref --format=%(refname)%00%(upstream:short)%00%(objectname)%00%(upstream:track)%00%(upstream:remotename)%00%(upstream:remoteref) refs/heads/master refs/remotes/master [1ms]
2024-09-17 18:40:18.707 [warning] [Git][getBranch] No such branch: master
2024-09-17 18:40:18.711 [info] > git status -z -uall [1ms]
2024-09-17 18:40:18.716 [info] > git for-each-ref --format=%(refname)%00%(upstream:short)%00%(objectname)%00%(upstream:track)%00%(upstream:remotename)%00%(upstream:remoteref) refs/heads/master refs/remotes/master [1ms]
2024-09-17 18:40:18.716 [warning] [Git][getBranch] No such branch: master
2024-09-17 18:40:23.729 [info] [Git][getRemotes] No remotes found in the git config file
2024-09-17 18:40:23.730 [info] > git config --get commit.template [7ms]
2024-09-17 18:40:23.730 [info] > git for-each-ref --format=%(refname)%00%(upstream:short)%00%(objectname)%00%(upstream:track)%00%(upstream:remotename)%00%(upstream:remoteref) refs/heads/master refs/remotes/master [1ms]
2024-09-17 18:40:23.730 [warning] [Git][getBranch] No such branch: master
2024-09-17 18:40:23.737 [info] > git status -z -uall [1ms]
2024-09-17 18:40:23.745 [info] > git for-each-ref --format=%(refname)%00%(upstream:short)%00%(objectname)%00%(upstream:track)%00%(upstream:remotename)%00%(upstream:remoteref) refs/heads/master refs/remotes/master [2ms]
2024-09-17 18:40:23.745 [warning] [Git][getBranch] No such branch: master
2024-09-17 18:40:28.758 [info] [Git][getRemotes] No remotes found in the git config file
2024-09-17 18:40:28.759 [info] > git config --get commit.template [5ms]
2024-09-17 18:40:28.759 [info] > git for-each-ref --format=%(refname)%00%(upstream:short)%00%(objectname)%00%(upstream:track)%00%(upstream:remotename)%00%(upstream:remoteref) refs/heads/master refs/remotes/master [1ms]
2024-09-17 18:40:28.759 [warning] [Git][getBranch] No such branch: master
2024-09-17 18:40:28.764 [info] > git status -z -uall [1ms]
2024-09-17 18:40:28.769 [info] > git for-each-ref --format=%(refname)%00%(upstream:short)%00%(objectname)%00%(upstream:track)%00%(upstream:remotename)%00%(upstream:remoteref) refs/heads/master refs/remotes/master [1ms]
2024-09-17 18:40:28.769 [warning] [Git][getBranch] No such branch: master
2024-09-17 18:41:08.221 [info] [Git][getRemotes] No remotes found in the git config file
2024-09-17 18:41:08.221 [info] > git config --get commit.template [4ms]
2024-09-17 18:41:08.221 [info] > git for-each-ref --format=%(refname)%00%(upstream:short)%00%(objectname)%00%(upstream:track)%00%(upstream:remotename)%00%(upstream:remoteref) refs/heads/master refs/remotes/master [0ms]
2024-09-17 18:41:08.221 [warning] [Git][getBranch] No such branch: master
2024-09-17 18:41:08.226 [info] > git status -z -uall [1ms]
2024-09-17 18:41:08.231 [info] > git for-each-ref --format=%(refname)%00%(upstream:short)%00%(objectname)%00%(upstream:track)%00%(upstream:remotename)%00%(upstream:remoteref) refs/heads/master refs/remotes/master [1ms]
2024-09-17 18:41:08.231 [warning] [Git][getBranch] No such branch: master
2024-09-17 18:41:22.216 [info] [Git][getRemotes] No remotes found in the git config file
2024-09-17 18:41:22.220 [info] > git config --get commit.template [5ms]
2024-09-17 18:41:22.221 [info] > git for-each-ref --format=%(refname)%00%(upstream:short)%00%(objectname)%00%(upstream:track)%00%(upstream:remotename)%00%(upstream:remoteref) refs/heads/master refs/remotes/master [1ms]
2024-09-17 18:41:22.221 [warning] [Git][getBranch] No such branch: master
2024-09-17 18:41:22.226 [info] > git status -z -uall [1ms]
2024-09-17 18:41:22.230 [info] > git for-each-ref --format=%(refname)%00%(upstream:short)%00%(objectname)%00%(upstream:track)%00%(upstream:remotename)%00%(upstream:remoteref) refs/heads/master refs/remotes/master [0ms]
2024-09-17 18:41:22.230 [warning] [Git][getBranch] No such branch: master
2024-09-17 18:41:27.239 [info] [Git][getRemotes] No remotes found in the git config file
2024-09-17 18:41:27.239 [info] > git config --get commit.template [4ms]
2024-09-17 18:41:27.240 [info] > git for-each-ref --format=%(refname)%00%(upstream:short)%00%(objectname)%00%(upstream:track)%00%(upstream:remotename)%00%(upstream:remoteref) refs/heads/master refs/remotes/master [1ms]
2024-09-17 18:41:27.240 [warning] [Git][getBranch] No such branch: master
2024-09-17 18:41:27.244 [info] > git status -z -uall [1ms]
2024-09-17 18:41:27.249 [info] > git for-each-ref --format=%(refname)%00%(upstream:short)%00%(objectname)%00%(upstream:track)%00%(upstream:remotename)%00%(upstream:remoteref) refs/heads/master refs/remotes/master [1ms]
2024-09-17 18:41:27.249 [warning] [Git][getBranch] No such branch: master
2024-09-17 18:41:32.261 [info] [Git][getRemotes] No remotes found in the git config file
2024-09-17 18:41:32.261 [info] > git config --get commit.template [5ms]
2024-09-17 18:41:32.261 [info] > git for-each-ref --format=%(refname)%00%(upstream:short)%00%(objectname)%00%(upstream:track)%00%(upstream:remotename)%00%(upstream:remoteref) refs/heads/master refs/remotes/master [0ms]
2024-09-17 18:41:32.261 [warning] [Git][getBranch] No such branch: master
2024-09-17 18:41:32.266 [info] > git status -z -uall [1ms]
2024-09-17 18:41:32.272 [info] > git for-each-ref --format=%(refname)%00%(upstream:short)%00%(objectname)%00%(upstream:track)%00%(upstream:remotename)%00%(upstream:remoteref) refs/heads/master refs/remotes/master [1ms]
2024-09-17 18:41:32.272 [warning] [Git][getBranch] No such branch: master
2024-09-17 18:42:20.846 [info] [Git][getRemotes] No remotes found in the git config file
2024-09-17 18:42:20.847 [info] > git config --get commit.template [5ms]
2024-09-17 18:42:20.847 [info] > git for-each-ref --format=%(refname)%00%(upstream:short)%00%(objectname)%00%(upstream:track)%00%(upstream:remotename)%00%(upstream:remoteref) refs/heads/master refs/remotes/master [1ms]
2024-09-17 18:42:20.847 [warning] [Git][getBranch] No such branch: master
2024-09-17 18:42:20.851 [info] > git status -z -uall [0ms]
2024-09-17 18:42:20.856 [info] > git for-each-ref --format=%(refname)%00%(upstream:short)%00%(objectname)%00%(upstream:track)%00%(upstream:remotename)%00%(upstream:remoteref) refs/heads/master refs/remotes/master [1ms]
2024-09-17 18:42:20.856 [warning] [Git][getBranch] No such branch: master
2024-09-17 18:42:25.868 [info] [Git][getRemotes] No remotes found in the git config file
2024-09-17 18:42:25.868 [info] > git config --get commit.template [4ms]
2024-09-17 18:42:25.869 [info] > git for-each-ref --format=%(refname)%00%(upstream:short)%00%(objectname)%00%(upstream:track)%00%(upstream:remotename)%00%(upstream:remoteref) refs/heads/master refs/remotes/master [1ms]
2024-09-17 18:42:25.869 [warning] [Git][getBranch] No such branch: master
2024-09-17 18:42:25.874 [info] > git status -z -uall [1ms]
2024-09-17 18:42:25.878 [info] > git for-each-ref --format=%(refname)%00%(upstream:short)%00%(objectname)%00%(upstream:track)%00%(upstream:remotename)%00%(upstream:remoteref) refs/heads/master refs/remotes/master [0ms]
2024-09-17 18:42:25.879 [warning] [Git][getBranch] No such branch: master
2024-09-17 18:42:30.891 [info] [Git][getRemotes] No remotes found in the git config file
2024-09-17 18:42:30.892 [info] > git config --get commit.template [5ms]
2024-09-17 18:42:30.892 [info] > git for-each-ref --format=%(refname)%00%(upstream:short)%00%(objectname)%00%(upstream:track)%00%(upstream:remotename)%00%(upstream:remoteref) refs/heads/master refs/remotes/master [1ms]
2024-09-17 18:42:30.892 [warning] [Git][getBranch] No such branch: master
2024-09-17 18:42:30.897 [info] > git status -z -uall [1ms]
2024-09-17 18:42:30.902 [info] > git for-each-ref --format=%(refname)%00%(upstream:short)%00%(objectname)%00%(upstream:track)%00%(upstream:remotename)%00%(upstream:remoteref) refs/heads/master refs/remotes/master [1ms]
2024-09-17 18:42:30.902 [warning] [Git][getBranch] No such branch: master
2024-09-17 18:44:01.804 [info] [Git][getRemotes] No remotes found in the git config file
2024-09-17 18:44:01.805 [info] > git config --get commit.template [5ms]
2024-09-17 18:44:01.805 [info] > git for-each-ref --format=%(refname)%00%(upstream:short)%00%(objectname)%00%(upstream:track)%00%(upstream:remotename)%00%(upstream:remoteref) refs/heads/master refs/remotes/master [1ms]
2024-09-17 18:44:01.805 [warning] [Git][getBranch] No such branch: master
2024-09-17 18:44:01.810 [info] > git status -z -uall [1ms]
2024-09-17 18:44:01.815 [info] > git for-each-ref --format=%(refname)%00%(upstream:short)%00%(objectname)%00%(upstream:track)%00%(upstream:remotename)%00%(upstream:remoteref) refs/heads/master refs/remotes/master [1ms]
2024-09-17 18:44:01.815 [warning] [Git][getBranch] No such branch: master
2024-09-17 18:44:06.825 [info] [Git][getRemotes] No remotes found in the git config file
2024-09-17 18:44:06.825 [info] > git config --get commit.template [4ms]
2024-09-17 18:44:06.825 [info] > git for-each-ref --format=%(refname)%00%(upstream:short)%00%(objectname)%00%(upstream:track)%00%(upstream:remotename)%00%(upstream:remoteref) refs/heads/master refs/remotes/master [1ms]
2024-09-17 18:44:06.825 [warning] [Git][getBranch] No such branch: master
2024-09-17 18:44:06.830 [info] > git status -z -uall [1ms]
2024-09-17 18:44:06.835 [info] > git for-each-ref --format=%(refname)%00%(upstream:short)%00%(objectname)%00%(upstream:track)%00%(upstream:remotename)%00%(upstream:remoteref) refs/heads/master refs/remotes/master [1ms]
2024-09-17 18:44:06.835 [warning] [Git][getBranch] No such branch: master
2024-09-17 18:44:11.845 [info] [Git][getRemotes] No remotes found in the git config file
2024-09-17 18:44:11.846 [info] > git config --get commit.template [5ms]
2024-09-17 18:44:11.846 [info] > git for-each-ref --format=%(refname)%00%(upstream:short)%00%(objectname)%00%(upstream:track)%00%(upstream:remotename)%00%(upstream:remoteref) refs/heads/master refs/remotes/master [1ms]
2024-09-17 18:44:11.846 [warning] [Git][getBranch] No such branch: master
2024-09-17 18:44:11.851 [info] > git status -z -uall [1ms]
2024-09-17 18:44:11.855 [info] > git for-each-ref --format=%(refname)%00%(upstream:short)%00%(objectname)%00%(upstream:track)%00%(upstream:remotename)%00%(upstream:remoteref) refs/heads/master refs/remotes/master [0ms]
2024-09-17 18:44:11.855 [warning] [Git][getBranch] No such branch: master
2024-09-17 18:44:24.422 [info] [Git][getRemotes] No remotes found in the git config file
2024-09-17 18:44:24.422 [info] > git config --get commit.template [5ms]
2024-09-17 18:44:24.422 [info] > git for-each-ref --format=%(refname)%00%(upstream:short)%00%(objectname)%00%(upstream:track)%00%(upstream:remotename)%00%(upstream:remoteref) refs/heads/master refs/remotes/master [0ms]
2024-09-17 18:44:24.422 [warning] [Git][getBranch] No such branch: master
2024-09-17 18:44:24.427 [info] > git status -z -uall [1ms]
2024-09-17 18:44:24.432 [info] > git for-each-ref --format=%(refname)%00%(upstream:short)%00%(objectname)%00%(upstream:track)%00%(upstream:remotename)%00%(upstream:remoteref) refs/heads/master refs/remotes/master [1ms]
2024-09-17 18:44:24.432 [warning] [Git][getBranch] No such branch: master
2024-09-17 18:44:29.443 [info] [Git][getRemotes] No remotes found in the git config file
2024-09-17 18:44:29.443 [info] > git config --get commit.template [5ms]
2024-09-17 18:44:29.443 [info] > git for-each-ref --format=%(refname)%00%(upstream:short)%00%(objectname)%00%(upstream:track)%00%(upstream:remotename)%00%(upstream:remoteref) refs/heads/master refs/remotes/master [1ms]
2024-09-17 18:44:29.443 [warning] [Git][getBranch] No such branch: master
2024-09-17 18:44:29.448 [info] > git status -z -uall [1ms]
2024-09-17 18:44:29.453 [info] > git for-each-ref --format=%(refname)%00%(upstream:short)%00%(objectname)%00%(upstream:track)%00%(upstream:remotename)%00%(upstream:remoteref) refs/heads/master refs/remotes/master [1ms]
2024-09-17 18:44:29.453 [warning] [Git][getBranch] No such branch: master
2024-09-17 18:44:34.461 [info] [Git][getRemotes] No remotes found in the git config file
2024-09-17 18:44:34.461 [info] > git config --get commit.template [4ms]
2024-09-17 18:44:34.462 [info] > git for-each-ref --format=%(refname)%00%(upstream:short)%00%(objectname)%00%(upstream:track)%00%(upstream:remotename)%00%(upstream:remoteref) refs/heads/master refs/remotes/master [1ms]
2024-09-17 18:44:34.462 [warning] [Git][getBranch] No such branch: master
2024-09-17 18:44:34.466 [info] > git status -z -uall [1ms]
2024-09-17 18:44:34.471 [info] > git for-each-ref --format=%(refname)%00%(upstream:short)%00%(objectname)%00%(upstream:track)%00%(upstream:remotename)%00%(upstream:remoteref) refs/heads/master refs/remotes/master [1ms]
2024-09-17 18:44:34.471 [warning] [Git][getBranch] No such branch: master
2024-09-17 18:46:39.291 [info] [Git][getRemotes] No remotes found in the git config file
2024-09-17 18:46:39.291 [info] > git config --get commit.template [4ms]
2024-09-17 18:46:39.292 [info] > git for-each-ref --format=%(refname)%00%(upstream:short)%00%(objectname)%00%(upstream:track)%00%(upstream:remotename)%00%(upstream:remoteref) refs/heads/master refs/remotes/master [1ms]
2024-09-17 18:46:39.292 [warning] [Git][getBranch] No such branch: master
2024-09-17 18:46:39.297 [info] > git status -z -uall [2ms]
2024-09-17 18:46:39.302 [info] > git for-each-ref --format=%(refname)%00%(upstream:short)%00%(objectname)%00%(upstream:track)%00%(upstream:remotename)%00%(upstream:remoteref) refs/heads/master refs/remotes/master [1ms]
2024-09-17 18:46:39.302 [warning] [Git][getBranch] No such branch: master
2024-09-17 18:48:20.121 [info] [Git][getRemotes] No remotes found in the git config file
2024-09-17 18:48:20.121 [info] > git config --get commit.template [4ms]
2024-09-17 18:48:20.122 [info] > git for-each-ref --format=%(refname)%00%(upstream:short)%00%(objectname)%00%(upstream:track)%00%(upstream:remotename)%00%(upstream:remoteref) refs/heads/master refs/remotes/master [1ms]
2024-09-17 18:48:20.122 [warning] [Git][getBranch] No such branch: master
2024-09-17 18:48:20.126 [info] > git status -z -uall [1ms]
2024-09-17 18:48:20.132 [info] > git for-each-ref --format=%(refname)%00%(upstream:short)%00%(objectname)%00%(upstream:track)%00%(upstream:remotename)%00%(upstream:remoteref) refs/heads/master refs/remotes/master [2ms]
2024-09-17 18:48:20.132 [warning] [Git][getBranch] No such branch: master
2024-09-17 18:48:25.344 [info] [Git][getRemotes] No remotes found in the git config file
2024-09-17 18:48:25.344 [info] > git config --get commit.template [4ms]
2024-09-17 18:48:25.345 [info] > git for-each-ref --format=%(refname)%00%(upstream:short)%00%(objectname)%00%(upstream:track)%00%(upstream:remotename)%00%(upstream:remoteref) refs/heads/master refs/remotes/master [1ms]
2024-09-17 18:48:25.345 [warning] [Git][getBranch] No such branch: master
2024-09-17 18:48:25.349 [info] > git status -z -uall [1ms]
2024-09-17 18:48:25.355 [info] > git for-each-ref --format=%(refname)%00%(upstream:short)%00%(objectname)%00%(upstream:track)%00%(upstream:remotename)%00%(upstream:remoteref) refs/heads/master refs/remotes/master [1ms]
2024-09-17 18:48:25.355 [warning] [Git][getBranch] No such branch: master
2024-09-17 18:48:30.365 [info] [Git][getRemotes] No remotes found in the git config file
2024-09-17 18:48:30.366 [info] > git config --get commit.template [4ms]
2024-09-17 18:48:30.366 [info] > git for-each-ref --format=%(refname)%00%(upstream:short)%00%(objectname)%00%(upstream:track)%00%(upstream:remotename)%00%(upstream:remoteref) refs/heads/master refs/remotes/master [1ms]
2024-09-17 18:48:30.366 [warning] [Git][getBranch] No such branch: master
2024-09-17 18:48:30.371 [info] > git status -z -uall [1ms]
2024-09-17 18:48:30.376 [info] > git for-each-ref --format=%(refname)%00%(upstream:short)%00%(objectname)%00%(upstream:track)%00%(upstream:remotename)%00%(upstream:remoteref) refs/heads/master refs/remotes/master [1ms]
2024-09-17 18:48:30.376 [warning] [Git][getBranch] No such branch: master
2024-09-17 18:48:39.696 [info] [Git][getRemotes] No remotes found in the git config file
2024-09-17 18:48:39.696 [info] > git config --get commit.template [4ms]
2024-09-17 18:48:39.697 [info] > git for-each-ref --format=%(refname)%00%(upstream:short)%00%(objectname)%00%(upstream:track)%00%(upstream:remotename)%00%(upstream:remoteref) refs/heads/master refs/remotes/master [1ms]
2024-09-17 18:48:39.697 [warning] [Git][getBranch] No such branch: master
2024-09-17 18:48:39.701 [info] > git status -z -uall [1ms]
2024-09-17 18:48:39.706 [info] > git for-each-ref --format=%(refname)%00%(upstream:short)%00%(objectname)%00%(upstream:track)%00%(upstream:remotename)%00%(upstream:remoteref) refs/heads/master refs/remotes/master [1ms]
2024-09-17 18:48:39.706 [warning] [Git][getBranch] No such branch: master
2024-09-17 18:48:47.872 [info] [Git][getRemotes] No remotes found in the git config file
2024-09-17 18:48:47.872 [info] > git config --get commit.template [5ms]
2024-09-17 18:48:47.873 [info] > git for-each-ref --format=%(refname)%00%(upstream:short)%00%(objectname)%00%(upstream:track)%00%(upstream:remotename)%00%(upstream:remoteref) refs/heads/master refs/remotes/master [1ms]
2024-09-17 18:48:47.873 [warning] [Git][getBranch] No such branch: master
2024-09-17 18:48:47.877 [info] > git status -z -uall [1ms]
2024-09-17 18:48:47.882 [info] > git for-each-ref --format=%(refname)%00%(upstream:short)%00%(objectname)%00%(upstream:track)%00%(upstream:remotename)%00%(upstream:remoteref) refs/heads/master refs/remotes/master [1ms]
2024-09-17 18:48:47.882 [warning] [Git][getBranch] No such branch: master
2024-09-17 18:50:58.144 [info] [Git][getRemotes] No remotes found in the git config file
2024-09-17 18:50:58.144 [info] > git config --get commit.template [4ms]
2024-09-17 18:50:58.144 [info] > git for-each-ref --format=%(refname)%00%(upstream:short)%00%(objectname)%00%(upstream:track)%00%(upstream:remotename)%00%(upstream:remoteref) refs/heads/master refs/remotes/master [0ms]
2024-09-17 18:50:58.144 [warning] [Git][getBranch] No such branch: master
2024-09-17 18:50:58.149 [info] > git status -z -uall [1ms]
2024-09-17 18:50:58.154 [info] > git for-each-ref --format=%(refname)%00%(upstream:short)%00%(objectname)%00%(upstream:track)%00%(upstream:remotename)%00%(upstream:remoteref) refs/heads/master refs/remotes/master [1ms]
2024-09-17 18:50:58.154 [warning] [Git][getBranch] No such branch: master
2024-09-17 18:51:08.393 [info] [Git][getRemotes] No remotes found in the git config file
2024-09-17 18:51:08.397 [info] > git config --get commit.template [5ms]
2024-09-17 18:51:08.397 [info] > git for-each-ref --format=%(refname)%00%(upstream:short)%00%(objectname)%00%(upstream:track)%00%(upstream:remotename)%00%(upstream:remoteref) refs/heads/master refs/remotes/master [0ms]
2024-09-17 18:51:08.397 [warning] [Git][getBranch] No such branch: master
2024-09-17 18:51:08.402 [info] > git status -z -uall [1ms]
2024-09-17 18:51:08.407 [info] > git for-each-ref --format=%(refname)%00%(upstream:short)%00%(objectname)%00%(upstream:track)%00%(upstream:remotename)%00%(upstream:remoteref) refs/heads/master refs/remotes/master [1ms]
2024-09-17 18:51:08.407 [warning] [Git][getBranch] No such branch: master
2024-09-17 18:51:29.313 [info] [Git][getRemotes] No remotes found in the git config file
2024-09-17 18:51:29.313 [info] > git config --get commit.template [4ms]
2024-09-17 18:51:29.314 [info] > git for-each-ref --format=%(refname)%00%(upstream:short)%00%(objectname)%00%(upstream:track)%00%(upstream:remotename)%00%(upstream:remoteref) refs/heads/master refs/remotes/master [1ms]
2024-09-17 18:51:29.314 [warning] [Git][getBranch] No such branch: master
2024-09-17 18:51:29.318 [info] > git status -z -uall [1ms]
2024-09-17 18:51:29.323 [info] > git for-each-ref --format=%(refname)%00%(upstream:short)%00%(objectname)%00%(upstream:track)%00%(upstream:remotename)%00%(upstream:remoteref) refs/heads/master refs/remotes/master [1ms]
2024-09-17 18:51:29.323 [warning] [Git][getBranch] No such branch: master
2024-09-17 18:51:45.840 [info] [Git][getRemotes] No remotes found in the git config file
2024-09-17 18:51:45.840 [info] > git config --get commit.template [5ms]
2024-09-17 18:51:45.841 [info] > git for-each-ref --format=%(refname)%00%(upstream:short)%00%(objectname)%00%(upstream:track)%00%(upstream:remotename)%00%(upstream:remoteref) refs/heads/master refs/remotes/master [1ms]
2024-09-17 18:51:45.841 [warning] [Git][getBranch] No such branch: master
2024-09-17 18:51:45.846 [info] > git status -z -uall [1ms]
2024-09-17 18:51:45.851 [info] > git for-each-ref --format=%(refname)%00%(upstream:short)%00%(objectname)%00%(upstream:track)%00%(upstream:remotename)%00%(upstream:remoteref) refs/heads/master refs/remotes/master [2ms]
2024-09-17 18:51:45.851 [warning] [Git][getBranch] No such branch: master
2024-09-17 18:52:00.106 [info] [Git][getRemotes] No remotes found in the git config file
2024-09-17 18:52:00.106 [info] > git config --get commit.template [4ms]
2024-09-17 18:52:00.107 [info] > git for-each-ref --format=%(refname)%00%(upstream:short)%00%(objectname)%00%(upstream:track)%00%(upstream:remotename)%00%(upstream:remoteref) refs/heads/master refs/remotes/master [1ms]
2024-09-17 18:52:00.107 [warning] [Git][getBranch] No such branch: master
2024-09-17 18:52:00.112 [info] > git status -z -uall [1ms]
2024-09-17 18:52:00.116 [info] > git for-each-ref --format=%(refname)%00%(upstream:short)%00%(objectname)%00%(upstream:track)%00%(upstream:remotename)%00%(upstream:remoteref) refs/heads/master refs/remotes/master [1ms]
2024-09-17 18:52:00.116 [warning] [Git][getBranch] No such branch: master
2024-09-17 18:52:08.460 [info] [Git][getRemotes] No remotes found in the git config file
2024-09-17 18:52:08.460 [info] > git config --get commit.template [5ms]
2024-09-17 18:52:08.461 [info] > git for-each-ref --format=%(refname)%00%(upstream:short)%00%(objectname)%00%(upstream:track)%00%(upstream:remotename)%00%(upstream:remoteref) refs/heads/master refs/remotes/master [1ms]
2024-09-17 18:52:08.461 [warning] [Git][getBranch] No such branch: master
2024-09-17 18:52:08.465 [info] > git status -z -uall [1ms]
2024-09-17 18:52:08.470 [info] > git for-each-ref --format=%(refname)%00%(upstream:short)%00%(objectname)%00%(upstream:track)%00%(upstream:remotename)%00%(upstream:remoteref) refs/heads/master refs/remotes/master [1ms]
2024-09-17 18:52:08.470 [warning] [Git][getBranch] No such branch: master
2024-09-17 18:52:15.276 [info] [Git][getRemotes] No remotes found in the git config file
2024-09-17 18:52:15.277 [info] > git config --get commit.template [5ms]
2024-09-17 18:52:15.277 [info] > git for-each-ref --format=%(refname)%00%(upstream:short)%00%(objectname)%00%(upstream:track)%00%(upstream:remotename)%00%(upstream:remoteref) refs/heads/master refs/remotes/master [1ms]
2024-09-17 18:52:15.277 [warning] [Git][getBranch] No such branch: master
2024-09-17 18:52:15.282 [info] > git status -z -uall [1ms]
2024-09-17 18:52:15.286 [info] > git for-each-ref --format=%(refname)%00%(upstream:short)%00%(objectname)%00%(upstream:track)%00%(upstream:remotename)%00%(upstream:remoteref) refs/heads/master refs/remotes/master [0ms]
2024-09-17 18:52:15.286 [warning] [Git][getBranch] No such branch: master
2024-09-17 18:52:20.297 [info] [Git][getRemotes] No remotes found in the git config file
2024-09-17 18:52:20.298 [info] > git config --get commit.template [5ms]
2024-09-17 18:52:20.298 [info] > git for-each-ref --format=%(refname)%00%(upstream:short)%00%(objectname)%00%(upstream:track)%00%(upstream:remotename)%00%(upstream:remoteref) refs/heads/master refs/remotes/master [1ms]
2024-09-17 18:52:20.298 [warning] [Git][getBranch] No such branch: master
2024-09-17 18:52:20.303 [info] > git status -z -uall [1ms]
2024-09-17 18:52:20.308 [info] > git for-each-ref --format=%(refname)%00%(upstream:short)%00%(objectname)%00%(upstream:track)%00%(upstream:remotename)%00%(upstream:remoteref) refs/heads/master refs/remotes/master [1ms]
2024-09-17 18:52:20.308 [warning] [Git][getBranch] No such branch: master
2024-09-17 18:52:25.321 [info] [Git][getRemotes] No remotes found in the git config file
2024-09-17 18:52:25.321 [info] > git config --get commit.template [5ms]
2024-09-17 18:52:25.321 [info] > git for-each-ref --format=%(refname)%00%(upstream:short)%00%(objectname)%00%(upstream:track)%00%(upstream:remotename)%00%(upstream:remoteref) refs/heads/master refs/remotes/master [0ms]
2024-09-17 18:52:25.321 [warning] [Git][getBranch] No such branch: master
2024-09-17 18:52:25.326 [info] > git status -z -uall [1ms]
2024-09-17 18:52:25.330 [info] > git for-each-ref --format=%(refname)%00%(upstream:short)%00%(objectname)%00%(upstream:track)%00%(upstream:remotename)%00%(upstream:remoteref) refs/heads/master refs/remotes/master [0ms]
2024-09-17 18:52:25.330 [warning] [Git][getBranch] No such branch: master
2024-09-17 18:52:33.567 [info] > git show --textconv :src/text_to_speech.rs [4ms]
2024-09-17 18:52:33.568 [info] > git ls-files --stage -- /home/arch/Projects/Rust/voice/src/text_to_speech.rs [1ms]
2024-09-17 18:52:35.310 [info] > git show --textconv :src/audio.rs [5ms]
2024-09-17 18:52:35.311 [info] > git ls-files --stage -- /home/arch/Projects/Rust/voice/src/audio.rs [1ms]
2024-09-17 18:52:36.279 [info] > git show --textconv :src/text_to_speech.rs [5ms]
2024-09-17 18:52:36.279 [info] > git ls-files --stage -- /home/arch/Projects/Rust/voice/src/text_to_speech.rs [1ms]
2024-09-17 18:55:05.491 [info] [Git][getRemotes] No remotes found in the git config file
2024-09-17 18:55:05.491 [info] > git config --get commit.template [5ms]
2024-09-17 18:55:05.491 [info] > git for-each-ref --format=%(refname)%00%(upstream:short)%00%(objectname)%00%(upstream:track)%00%(upstream:remotename)%00%(upstream:remoteref) refs/heads/master refs/remotes/master [0ms]
2024-09-17 18:55:05.491 [warning] [Git][getBranch] No such branch: master
2024-09-17 18:55:05.496 [info] > git status -z -uall [1ms]
2024-09-17 18:55:05.501 [info] > git for-each-ref --format=%(refname)%00%(upstream:short)%00%(objectname)%00%(upstream:track)%00%(upstream:remotename)%00%(upstream:remoteref) refs/heads/master refs/remotes/master [1ms]
2024-09-17 18:55:05.501 [warning] [Git][getBranch] No such branch: master
2024-09-17 18:55:12.708 [info] [Git][getRemotes] No remotes found in the git config file
2024-09-17 18:55:12.712 [info] > git config --get commit.template [4ms]
2024-09-17 18:55:12.713 [info] > git for-each-ref --format=%(refname)%00%(upstream:short)%00%(objectname)%00%(upstream:track)%00%(upstream:remotename)%00%(upstream:remoteref) refs/heads/master refs/remotes/master [1ms]
2024-09-17 18:55:12.713 [warning] [Git][getBranch] No such branch: master
2024-09-17 18:55:12.717 [info] > git status -z -uall [1ms]
2024-09-17 18:55:12.722 [info] > git for-each-ref --format=%(refname)%00%(upstream:short)%00%(objectname)%00%(upstream:track)%00%(upstream:remotename)%00%(upstream:remoteref) refs/heads/master refs/remotes/master [1ms]
2024-09-17 18:55:12.722 [warning] [Git][getBranch] No such branch: master
2024-09-17 18:55:50.367 [info] [Git][getRemotes] No remotes found in the git config file
2024-09-17 18:55:50.367 [info] > git config --get commit.template [4ms]
2024-09-17 18:55:50.368 [info] > git for-each-ref --format=%(refname)%00%(upstream:short)%00%(objectname)%00%(upstream:track)%00%(upstream:remotename)%00%(upstream:remoteref) refs/heads/master refs/remotes/master [1ms]
2024-09-17 18:55:50.368 [warning] [Git][getBranch] No such branch: master
2024-09-17 18:55:50.372 [info] > git status -z -uall [1ms]
2024-09-17 18:55:50.377 [info] > git for-each-ref --format=%(refname)%00%(upstream:short)%00%(objectname)%00%(upstream:track)%00%(upstream:remotename)%00%(upstream:remoteref) refs/heads/master refs/remotes/master [0ms]
2024-09-17 18:55:50.377 [warning] [Git][getBranch] No such branch: master
2024-09-17 18:56:27.690 [info] [Git][getRemotes] No remotes found in the git config file
2024-09-17 18:56:27.690 [info] > git config --get commit.template [5ms]
2024-09-17 18:56:27.691 [info] > git for-each-ref --format=%(refname)%00%(upstream:short)%00%(objectname)%00%(upstream:track)%00%(upstream:remotename)%00%(upstream:remoteref) refs/heads/master refs/remotes/master [1ms]
2024-09-17 18:56:27.691 [warning] [Git][getBranch] No such branch: master
2024-09-17 18:56:27.695 [info] > git status -z -uall [1ms]
2024-09-17 18:56:27.700 [info] > git for-each-ref --format=%(refname)%00%(upstream:short)%00%(objectname)%00%(upstream:track)%00%(upstream:remotename)%00%(upstream:remoteref) refs/heads/master refs/remotes/master [1ms]
2024-09-17 18:56:27.700 [warning] [Git][getBranch] No such branch: master
2024-09-17 18:56:32.710 [info] [Git][getRemotes] No remotes found in the git config file
2024-09-17 18:56:32.711 [info] > git config --get commit.template [4ms]
2024-09-17 18:56:32.711 [info] > git for-each-ref --format=%(refname)%00%(upstream:short)%00%(objectname)%00%(upstream:track)%00%(upstream:remotename)%00%(upstream:remoteref) refs/heads/master refs/remotes/master [1ms]
2024-09-17 18:56:32.711 [warning] [Git][getBranch] No such branch: master
2024-09-17 18:56:32.716 [info] > git status -z -uall [1ms]
2024-09-17 18:56:32.721 [info] > git for-each-ref --format=%(refname)%00%(upstream:short)%00%(objectname)%00%(upstream:track)%00%(upstream:remotename)%00%(upstream:remoteref) refs/heads/master refs/remotes/master [1ms]
2024-09-17 18:56:32.721 [warning] [Git][getBranch] No such branch: master
2024-09-17 18:56:43.604 [info] [Git][getRemotes] No remotes found in the git config file
2024-09-17 18:56:43.605 [info] > git config --get commit.template [5ms]
2024-09-17 18:56:43.605 [info] > git for-each-ref --format=%(refname)%00%(upstream:short)%00%(objectname)%00%(upstream:track)%00%(upstream:remotename)%00%(upstream:remoteref) refs/heads/master refs/remotes/master [1ms]
2024-09-17 18:56:43.605 [warning] [Git][getBranch] No such branch: master
2024-09-17 18:56:43.610 [info] > git status -z -uall [1ms]
2024-09-17 18:56:43.615 [info] > git for-each-ref --format=%(refname)%00%(upstream:short)%00%(objectname)%00%(upstream:track)%00%(upstream:remotename)%00%(upstream:remoteref) refs/heads/master refs/remotes/master [1ms]
2024-09-17 18:56:43.615 [warning] [Git][getBranch] No such branch: master
2024-09-17 18:56:48.628 [info] [Git][getRemotes] No remotes found in the git config file
2024-09-17 18:56:48.629 [info] > git config --get commit.template [5ms]
2024-09-17 18:56:48.629 [info] > git for-each-ref --format=%(refname)%00%(upstream:short)%00%(objectname)%00%(upstream:track)%00%(upstream:remotename)%00%(upstream:remoteref) refs/heads/master refs/remotes/master [1ms]
2024-09-17 18:56:48.629 [warning] [Git][getBranch] No such branch: master
2024-09-17 18:56:48.634 [info] > git status -z -uall [1ms]
2024-09-17 18:56:48.640 [info] > git for-each-ref --format=%(refname)%00%(upstream:short)%00%(objectname)%00%(upstream:track)%00%(upstream:remotename)%00%(upstream:remoteref) refs/heads/master refs/remotes/master [0ms]
2024-09-17 18:56:48.640 [warning] [Git][getBranch] No such branch: master
2024-09-17 18:56:53.653 [info] [Git][getRemotes] No remotes found in the git config file
2024-09-17 18:56:53.653 [info] > git config --get commit.template [4ms]
2024-09-17 18:56:53.654 [info] > git for-each-ref --format=%(refname)%00%(upstream:short)%00%(objectname)%00%(upstream:track)%00%(upstream:remotename)%00%(upstream:remoteref) refs/heads/master refs/remotes/master [1ms]
2024-09-17 18:56:53.654 [warning] [Git][getBranch] No such branch: master
2024-09-17 18:56:53.658 [info] > git status -z -uall [1ms]
2024-09-17 18:56:53.664 [info] > git for-each-ref --format=%(refname)%00%(upstream:short)%00%(objectname)%00%(upstream:track)%00%(upstream:remotename)%00%(upstream:remoteref) refs/heads/master refs/remotes/master [1ms]
2024-09-17 18:56:53.664 [warning] [Git][getBranch] No such branch: master
2024-09-17 18:57:06.143 [info] [Git][getRemotes] No remotes found in the git config file
2024-09-17 18:57:06.144 [info] > git config --get commit.template [4ms]
2024-09-17 18:57:06.144 [info] > git for-each-ref --format=%(refname)%00%(upstream:short)%00%(objectname)%00%(upstream:track)%00%(upstream:remotename)%00%(upstream:remoteref) refs/heads/master refs/remotes/master [1ms]
2024-09-17 18:57:06.144 [warning] [Git][getBranch] No such branch: master
2024-09-17 18:57:06.149 [info] > git status -z -uall [1ms]
2024-09-17 18:57:06.155 [info] > git for-each-ref --format=%(refname)%00%(upstream:short)%00%(objectname)%00%(upstream:track)%00%(upstream:remotename)%00%(upstream:remoteref) refs/heads/master refs/remotes/master [2ms]
2024-09-17 18:57:06.155 [warning] [Git][getBranch] No such branch: master
2024-09-17 18:57:11.170 [info] [Git][getRemotes] No remotes found in the git config file
2024-09-17 18:57:11.170 [info] > git config --get commit.template [7ms]
2024-09-17 18:57:11.170 [info] > git for-each-ref --format=%(refname)%00%(upstream:short)%00%(objectname)%00%(upstream:track)%00%(upstream:remotename)%00%(upstream:remoteref) refs/heads/master refs/remotes/master [1ms]
2024-09-17 18:57:11.170 [warning] [Git][getBranch] No such branch: master
2024-09-17 18:57:11.178 [info] > git status -z -uall [1ms]
2024-09-17 18:57:11.185 [info] > git for-each-ref --format=%(refname)%00%(upstream:short)%00%(objectname)%00%(upstream:track)%00%(upstream:remotename)%00%(upstream:remoteref) refs/heads/master refs/remotes/master [1ms]
2024-09-17 18:57:11.185 [warning] [Git][getBranch] No such branch: master
2024-09-17 18:57:16.198 [info] [Git][getRemotes] No remotes found in the git config file
2024-09-17 18:57:16.198 [info] > git config --get commit.template [5ms]
2024-09-17 18:57:16.198 [info] > git for-each-ref --format=%(refname)%00%(upstream:short)%00%(objectname)%00%(upstream:track)%00%(upstream:remotename)%00%(upstream:remoteref) refs/heads/master refs/remotes/master [0ms]
2024-09-17 18:57:16.198 [warning] [Git][getBranch] No such branch: master
2024-09-17 18:57:16.203 [info] > git status -z -uall [1ms]
2024-09-17 18:57:16.209 [info] > git for-each-ref --format=%(refname)%00%(upstream:short)%00%(objectname)%00%(upstream:track)%00%(upstream:remotename)%00%(upstream:remoteref) refs/heads/master refs/remotes/master [1ms]
2024-09-17 18:57:16.209 [warning] [Git][getBranch] No such branch: master
2024-09-17 19:03:44.454 [info] > git config --get commit.template [5ms]
2024-09-17 19:03:44.454 [info] [Git][getRemotes] No remotes found in the git config file
2024-09-17 19:03:44.455 [info] > git for-each-ref --format=%(refname)%00%(upstream:short)%00%(objectname)%00%(upstream:track)%00%(upstream:remotename)%00%(upstream:remoteref) refs/heads/master refs/remotes/master [1ms]
2024-09-17 19:03:44.455 [warning] [Git][getBranch] No such branch: master
2024-09-17 19:03:44.459 [info] > git status -z -uall [1ms]
2024-09-17 19:03:44.463 [info] > git for-each-ref --format=%(refname)%00%(upstream:short)%00%(objectname)%00%(upstream:track)%00%(upstream:remotename)%00%(upstream:remoteref) refs/heads/master refs/remotes/master [0ms]
2024-09-17 19:03:44.463 [warning] [Git][getBranch] No such branch: master
2024-09-17 19:03:54.082 [info] [Git][getRemotes] No remotes found in the git config file
2024-09-17 19:03:54.082 [info] > git config --get commit.template [4ms]
2024-09-17 19:03:54.083 [info] > git for-each-ref --format=%(refname)%00%(upstream:short)%00%(objectname)%00%(upstream:track)%00%(upstream:remotename)%00%(upstream:remoteref) refs/heads/master refs/remotes/master [1ms]
2024-09-17 19:03:54.083 [warning] [Git][getBranch] No such branch: master
2024-09-17 19:03:54.088 [info] > git status -z -uall [1ms]
2024-09-17 19:03:54.094 [info] > git for-each-ref --format=%(refname)%00%(upstream:short)%00%(objectname)%00%(upstream:track)%00%(upstream:remotename)%00%(upstream:remoteref) refs/heads/master refs/remotes/master [1ms]
2024-09-17 19:03:54.094 [warning] [Git][getBranch] No such branch: master
2024-09-17 19:03:59.101 [info] [Git][getRemotes] No remotes found in the git config file
2024-09-17 19:03:59.106 [info] > git config --get commit.template [4ms]
2024-09-17 19:03:59.106 [info] > git for-each-ref --format=%(refname)%00%(upstream:short)%00%(objectname)%00%(upstream:track)%00%(upstream:remotename)%00%(upstream:remoteref) refs/heads/master refs/remotes/master [1ms]
2024-09-17 19:03:59.106 [warning] [Git][getBranch] No such branch: master
2024-09-17 19:03:59.112 [info] > git status -z -uall [1ms]
2024-09-17 19:03:59.121 [info] > git for-each-ref --format=%(refname)%00%(upstream:short)%00%(objectname)%00%(upstream:track)%00%(upstream:remotename)%00%(upstream:remoteref) refs/heads/master refs/remotes/master [2ms]
2024-09-17 19:03:59.121 [warning] [Git][getBranch] No such branch: master
2024-09-17 19:04:04.132 [info] [Git][getRemotes] No remotes found in the git config file
2024-09-17 19:04:04.133 [info] > git config --get commit.template [4ms]
2024-09-17 19:04:04.133 [info] > git for-each-ref --format=%(refname)%00%(upstream:short)%00%(objectname)%00%(upstream:track)%00%(upstream:remotename)%00%(upstream:remoteref) refs/heads/master refs/remotes/master [1ms]
2024-09-17 19:04:04.133 [warning] [Git][getBranch] No such branch: master
2024-09-17 19:04:04.138 [info] > git status -z -uall [1ms]
2024-09-17 19:04:04.142 [info] > git for-each-ref --format=%(refname)%00%(upstream:short)%00%(objectname)%00%(upstream:track)%00%(upstream:remotename)%00%(upstream:remoteref) refs/heads/master refs/remotes/master [0ms]
2024-09-17 19:04:04.143 [warning] [Git][getBranch] No such branch: master
2024-09-17 19:06:21.592 [info] [Git][getRemotes] No remotes found in the git config file
2024-09-17 19:06:21.597 [info] > git config --get commit.template [5ms]
2024-09-17 19:06:21.597 [info] > git for-each-ref --format=%(refname)%00%(upstream:short)%00%(objectname)%00%(upstream:track)%00%(upstream:remotename)%00%(upstream:remoteref) refs/heads/master refs/remotes/master [1ms]
2024-09-17 19:06:21.597 [warning] [Git][getBranch] No such branch: master
2024-09-17 19:06:21.602 [info] > git status -z -uall [1ms]
2024-09-17 19:06:21.606 [info] > git for-each-ref --format=%(refname)%00%(upstream:short)%00%(objectname)%00%(upstream:track)%00%(upstream:remotename)%00%(upstream:remoteref) refs/heads/master refs/remotes/master [0ms]
2024-09-17 19:06:21.606 [warning] [Git][getBranch] No such branch: master
2024-09-17 19:07:33.697 [info] [Git][getRemotes] No remotes found in the git config file
2024-09-17 19:07:33.698 [info] > git config --get commit.template [4ms]
2024-09-17 19:07:33.698 [info] > git for-each-ref --format=%(refname)%00%(upstream:short)%00%(objectname)%00%(upstream:track)%00%(upstream:remotename)%00%(upstream:remoteref) refs/heads/master refs/remotes/master [1ms]
2024-09-17 19:07:33.698 [warning] [Git][getBranch] No such branch: master
2024-09-17 19:07:33.704 [info] > git status -z -uall [2ms]
2024-09-17 19:07:33.708 [info] > git for-each-ref --format=%(refname)%00%(upstream:short)%00%(objectname)%00%(upstream:track)%00%(upstream:remotename)%00%(upstream:remoteref) refs/heads/master refs/remotes/master [1ms]
2024-09-17 19:07:33.708 [warning] [Git][getBranch] No such branch: master
2024-09-17 19:07:48.397 [info] [Git][getRemotes] No remotes found in the git config file
2024-09-17 19:07:48.401 [info] > git config --get commit.template [5ms]
2024-09-17 19:07:48.402 [info] > git for-each-ref --format=%(refname)%00%(upstream:short)%00%(objectname)%00%(upstream:track)%00%(upstream:remotename)%00%(upstream:remoteref) refs/heads/master refs/remotes/master [1ms]
2024-09-17 19:07:48.402 [warning] [Git][getBranch] No such branch: master
2024-09-17 19:07:48.407 [info] > git status -z -uall [1ms]
2024-09-17 19:07:48.411 [info] > git for-each-ref --format=%(refname)%00%(upstream:short)%00%(objectname)%00%(upstream:track)%00%(upstream:remotename)%00%(upstream:remoteref) refs/heads/master refs/remotes/master [0ms]
2024-09-17 19:07:48.411 [warning] [Git][getBranch] No such branch: master
2024-09-17 19:07:58.547 [info] [Git][getRemotes] No remotes found in the git config file
2024-09-17 19:07:58.547 [info] > git config --get commit.template [5ms]
2024-09-17 19:07:58.547 [info] > git for-each-ref --format=%(refname)%00%(upstream:short)%00%(objectname)%00%(upstream:track)%00%(upstream:remotename)%00%(upstream:remoteref) refs/heads/master refs/remotes/master [0ms]
2024-09-17 19:07:58.547 [warning] [Git][getBranch] No such branch: master
2024-09-17 19:07:58.552 [info] > git status -z -uall [1ms]
2024-09-17 19:07:58.557 [info] > git for-each-ref --format=%(refname)%00%(upstream:short)%00%(objectname)%00%(upstream:track)%00%(upstream:remotename)%00%(upstream:remoteref) refs/heads/master refs/remotes/master [1ms]
2024-09-17 19:07:58.557 [warning] [Git][getBranch] No such branch: master
2024-09-17 19:08:19.460 [info] [Git][getRemotes] No remotes found in the git config file
2024-09-17 19:08:19.461 [info] > git config --get commit.template [5ms]
2024-09-17 19:08:19.461 [info] > git for-each-ref --format=%(refname)%00%(upstream:short)%00%(objectname)%00%(upstream:track)%00%(upstream:remotename)%00%(upstream:remoteref) refs/heads/master refs/remotes/master [1ms]
2024-09-17 19:08:19.461 [warning] [Git][getBranch] No such branch: master
2024-09-17 19:08:19.466 [info] > git status -z -uall [1ms]
2024-09-17 19:08:19.471 [info] > git for-each-ref --format=%(refname)%00%(upstream:short)%00%(objectname)%00%(upstream:track)%00%(upstream:remotename)%00%(upstream:remoteref) refs/heads/master refs/remotes/master [1ms]
2024-09-17 19:08:19.471 [warning] [Git][getBranch] No such branch: master
2024-09-17 19:08:31.164 [info] [Git][getRemotes] No remotes found in the git config file
2024-09-17 19:08:31.164 [info] > git config --get commit.template [4ms]
2024-09-17 19:08:31.165 [info] > git for-each-ref --format=%(refname)%00%(upstream:short)%00%(objectname)%00%(upstream:track)%00%(upstream:remotename)%00%(upstream:remoteref) refs/heads/master refs/remotes/master [1ms]
2024-09-17 19:08:31.165 [warning] [Git][getBranch] No such branch: master
2024-09-17 19:08:31.170 [info] > git status -z -uall [1ms]
2024-09-17 19:08:31.175 [info] > git for-each-ref --format=%(refname)%00%(upstream:short)%00%(objectname)%00%(upstream:track)%00%(upstream:remotename)%00%(upstream:remoteref) refs/heads/master refs/remotes/master [1ms]
2024-09-17 19:08:31.175 [warning] [Git][getBranch] No such branch: master
2024-09-17 19:08:36.187 [info] [Git][getRemotes] No remotes found in the git config file
2024-09-17 19:08:36.187 [info] > git config --get commit.template [5ms]
2024-09-17 19:08:36.187 [info] > git for-each-ref --format=%(refname)%00%(upstream:short)%00%(objectname)%00%(upstream:track)%00%(upstream:remotename)%00%(upstream:remoteref) refs/heads/master refs/remotes/master [1ms]
2024-09-17 19:08:36.187 [warning] [Git][getBranch] No such branch: master
2024-09-17 19:08:36.192 [info] > git status -z -uall [1ms]
2024-09-17 19:08:36.197 [info] > git for-each-ref --format=%(refname)%00%(upstream:short)%00%(objectname)%00%(upstream:track)%00%(upstream:remotename)%00%(upstream:remoteref) refs/heads/master refs/remotes/master [1ms]
2024-09-17 19:08:36.197 [warning] [Git][getBranch] No such branch: master
2024-09-17 19:08:41.208 [info] [Git][getRemotes] No remotes found in the git config file
2024-09-17 19:08:41.208 [info] > git config --get commit.template [4ms]
2024-09-17 19:08:41.209 [info] > git for-each-ref --format=%(refname)%00%(upstream:short)%00%(objectname)%00%(upstream:track)%00%(upstream:remotename)%00%(upstream:remoteref) refs/heads/master refs/remotes/master [1ms]
2024-09-17 19:08:41.209 [warning] [Git][getBranch] No such branch: master
2024-09-17 19:08:41.214 [info] > git status -z -uall [1ms]
2024-09-17 19:08:41.219 [info] > git for-each-ref --format=%(refname)%00%(upstream:short)%00%(objectname)%00%(upstream:track)%00%(upstream:remotename)%00%(upstream:remoteref) refs/heads/master refs/remotes/master [1ms]
2024-09-17 19:08:41.219 [warning] [Git][getBranch] No such branch: master
2024-09-17 19:09:00.187 [info] > git config --get commit.template [0ms]
2024-09-17 19:09:00.192 [info] [Git][getRemotes] No remotes found in the git config file
2024-09-17 19:09:00.193 [info] > git for-each-ref --format=%(refname)%00%(upstream:short)%00%(objectname)%00%(upstream:track)%00%(upstream:remotename)%00%(upstream:remoteref) refs/heads/master refs/remotes/master [1ms]
2024-09-17 19:09:00.193 [warning] [Git][getBranch] No such branch: master
2024-09-17 19:09:00.198 [info] > git status -z -uall [1ms]
2024-09-17 19:09:00.202 [info] > git for-each-ref --format=%(refname)%00%(upstream:short)%00%(objectname)%00%(upstream:track)%00%(upstream:remotename)%00%(upstream:remoteref) refs/heads/master refs/remotes/master [1ms]
2024-09-17 19:09:00.202 [warning] [Git][getBranch] No such branch: master
2024-09-17 19:10:03.213 [info] [Git][getRemotes] No remotes found in the git config file
2024-09-17 19:10:03.213 [info] > git config --get commit.template [4ms]
2024-09-17 19:10:03.213 [info] > git for-each-ref --format=%(refname)%00%(upstream:short)%00%(objectname)%00%(upstream:track)%00%(upstream:remotename)%00%(upstream:remoteref) refs/heads/master refs/remotes/master [0ms]
2024-09-17 19:10:03.213 [warning] [Git][getBranch] No such branch: master
2024-09-17 19:10:03.218 [info] > git status -z -uall [1ms]
2024-09-17 19:10:03.223 [info] > git for-each-ref --format=%(refname)%00%(upstream:short)%00%(objectname)%00%(upstream:track)%00%(upstream:remotename)%00%(upstream:remoteref) refs/heads/master refs/remotes/master [1ms]
2024-09-17 19:10:03.223 [warning] [Git][getBranch] No such branch: master
2024-09-17 19:12:31.407 [info] [Git][getRemotes] No remotes found in the git config file
2024-09-17 19:12:31.407 [info] > git config --get commit.template [4ms]
2024-09-17 19:12:31.408 [info] > git for-each-ref --format=%(refname)%00%(upstream:short)%00%(objectname)%00%(upstream:track)%00%(upstream:remotename)%00%(upstream:remoteref) refs/heads/master refs/remotes/master [1ms]
2024-09-17 19:12:31.408 [warning] [Git][getBranch] No such branch: master
2024-09-17 19:12:31.413 [info] > git status -z -uall [1ms]
2024-09-17 19:12:31.419 [info] > git for-each-ref --format=%(refname)%00%(upstream:short)%00%(objectname)%00%(upstream:track)%00%(upstream:remotename)%00%(upstream:remoteref) refs/heads/master refs/remotes/master [1ms]
2024-09-17 19:12:31.419 [warning] [Git][getBranch] No such branch: master
2024-09-17 19:12:38.799 [info] [Git][getRemotes] No remotes found in the git config file
2024-09-17 19:12:38.799 [info] > git config --get commit.template [4ms]
2024-09-17 19:12:38.799 [info] > git for-each-ref --format=%(refname)%00%(upstream:short)%00%(objectname)%00%(upstream:track)%00%(upstream:remotename)%00%(upstream:remoteref) refs/heads/master refs/remotes/master [0ms]
2024-09-17 19:12:38.799 [warning] [Git][getBranch] No such branch: master
2024-09-17 19:12:38.805 [info] > git status -z -uall [1ms]
2024-09-17 19:12:38.811 [info] > git for-each-ref --format=%(refname)%00%(upstream:short)%00%(objectname)%00%(upstream:track)%00%(upstream:remotename)%00%(upstream:remoteref) refs/heads/master refs/remotes/master [1ms]
2024-09-17 19:12:38.812 [warning] [Git][getBranch] No such branch: master
2024-09-17 19:12:58.072 [info] [Git][getRemotes] No remotes found in the git config file
2024-09-17 19:12:58.078 [info] > git config --get commit.template [5ms]
2024-09-17 19:12:58.078 [info] > git for-each-ref --format=%(refname)%00%(upstream:short)%00%(objectname)%00%(upstream:track)%00%(upstream:remotename)%00%(upstream:remoteref) refs/heads/master refs/remotes/master [1ms]
2024-09-17 19:12:58.078 [warning] [Git][getBranch] No such branch: master
2024-09-17 19:12:58.084 [info] > git status -z -uall [1ms]
2024-09-17 19:12:58.089 [info] > git for-each-ref --format=%(refname)%00%(upstream:short)%00%(objectname)%00%(upstream:track)%00%(upstream:remotename)%00%(upstream:remoteref) refs/heads/master refs/remotes/master [1ms]
2024-09-17 19:12:58.089 [warning] [Git][getBranch] No such branch: master
2024-09-17 19:13:03.099 [info] [Git][getRemotes] No remotes found in the git config file
2024-09-17 19:13:03.099 [info] > git config --get commit.template [4ms]
2024-09-17 19:13:03.100 [info] > git for-each-ref --format=%(refname)%00%(upstream:short)%00%(objectname)%00%(upstream:track)%00%(upstream:remotename)%00%(upstream:remoteref) refs/heads/master refs/remotes/master [1ms]
2024-09-17 19:13:03.100 [warning] [Git][getBranch] No such branch: master
2024-09-17 19:13:03.104 [info] > git status -z -uall [1ms]
2024-09-17 19:13:03.108 [info] > git for-each-ref --format=%(refname)%00%(upstream:short)%00%(objectname)%00%(upstream:track)%00%(upstream:remotename)%00%(upstream:remoteref) refs/heads/master refs/remotes/master [1ms]
2024-09-17 19:13:03.108 [warning] [Git][getBranch] No such branch: master
2024-09-17 19:13:08.119 [info] [Git][getRemotes] No remotes found in the git config file
2024-09-17 19:13:08.119 [info] > git config --get commit.template [5ms]
2024-09-17 19:13:08.120 [info] > git for-each-ref --format=%(refname)%00%(upstream:short)%00%(objectname)%00%(upstream:track)%00%(upstream:remotename)%00%(upstream:remoteref) refs/heads/master refs/remotes/master [1ms]
2024-09-17 19:13:08.120 [warning] [Git][getBranch] No such branch: master
2024-09-17 19:13:08.126 [info] > git status -z -uall [2ms]
2024-09-17 19:13:08.131 [info] > git for-each-ref --format=%(refname)%00%(upstream:short)%00%(objectname)%00%(upstream:track)%00%(upstream:remotename)%00%(upstream:remoteref) refs/heads/master refs/remotes/master [1ms]
2024-09-17 19:13:08.131 [warning] [Git][getBranch] No such branch: master
2024-09-17 19:13:32.248 [info] [Git][getRemotes] No remotes found in the git config file
2024-09-17 19:13:32.248 [info] > git config --get commit.template [4ms]
2024-09-17 19:13:32.248 [info] > git for-each-ref --format=%(refname)%00%(upstream:short)%00%(objectname)%00%(upstream:track)%00%(upstream:remotename)%00%(upstream:remoteref) refs/heads/master refs/remotes/master [1ms]
2024-09-17 19:13:32.248 [warning] [Git][getBranch] No such branch: master
2024-09-17 19:13:32.254 [info] > git status -z -uall [2ms]
2024-09-17 19:13:32.259 [info] > git for-each-ref --format=%(refname)%00%(upstream:short)%00%(objectname)%00%(upstream:track)%00%(upstream:remotename)%00%(upstream:remoteref) refs/heads/master refs/remotes/master [1ms]
2024-09-17 19:13:32.259 [warning] [Git][getBranch] No such branch: master
2024-09-17 19:13:37.270 [info] [Git][getRemotes] No remotes found in the git config file
2024-09-17 19:13:37.270 [info] > git config --get commit.template [5ms]
2024-09-17 19:13:37.271 [info] > git for-each-ref --format=%(refname)%00%(upstream:short)%00%(objectname)%00%(upstream:track)%00%(upstream:remotename)%00%(upstream:remoteref) refs/heads/master refs/remotes/master [1ms]
2024-09-17 19:13:37.271 [warning] [Git][getBranch] No such branch: master
2024-09-17 19:13:37.275 [info] > git status -z -uall [1ms]
2024-09-17 19:13:37.280 [info] > git for-each-ref --format=%(refname)%00%(upstream:short)%00%(objectname)%00%(upstream:track)%00%(upstream:remotename)%00%(upstream:remoteref) refs/heads/master refs/remotes/master [1ms]
2024-09-17 19:13:37.280 [warning] [Git][getBranch] No such branch: master
2024-09-17 19:13:42.292 [info] [Git][getRemotes] No remotes found in the git config file
2024-09-17 19:13:42.293 [info] > git config --get commit.template [5ms]
2024-09-17 19:13:42.293 [info] > git for-each-ref --format=%(refname)%00%(upstream:short)%00%(objectname)%00%(upstream:track)%00%(upstream:remotename)%00%(upstream:remoteref) refs/heads/master refs/remotes/master [1ms]
2024-09-17 19:13:42.294 [warning] [Git][getBranch] No such branch: master
2024-09-17 19:13:42.299 [info] > git status -z -uall [2ms]
2024-09-17 19:13:42.304 [info] > git for-each-ref --format=%(refname)%00%(upstream:short)%00%(objectname)%00%(upstream:track)%00%(upstream:remotename)%00%(upstream:remoteref) refs/heads/master refs/remotes/master [1ms]
2024-09-17 19:13:42.304 [warning] [Git][getBranch] No such branch: master
2024-09-17 19:13:58.333 [info] > git show --textconv :src/text_to_speech.rs [4ms]
2024-09-17 19:13:58.333 [info] > git ls-files --stage -- /home/arch/Projects/Rust/voice/src/text_to_speech.rs [0ms]
2024-09-17 19:14:24.693 [info] > git show --textconv :src/audio.rs [4ms]
2024-09-17 19:14:24.694 [info] > git ls-files --stage -- /home/arch/Projects/Rust/voice/src/audio.rs [1ms]
2024-09-17 19:14:36.759 [info] > git show --textconv :src/text_to_speech.rs [5ms]
2024-09-17 19:14:36.760 [info] > git ls-files --stage -- /home/arch/Projects/Rust/voice/src/text_to_speech.rs [1ms]
2024-09-17 19:16:29.240 [info] [Git][getRemotes] No remotes found in the git config file
2024-09-17 19:16:29.241 [info] > git config --get commit.template [4ms]
2024-09-17 19:16:29.241 [info] > git for-each-ref --format=%(refname)%00%(upstream:short)%00%(objectname)%00%(upstream:track)%00%(upstream:remotename)%00%(upstream:remoteref) refs/heads/master refs/remotes/master [1ms]
2024-09-17 19:16:29.241 [warning] [Git][getBranch] No such branch: master
2024-09-17 19:16:29.246 [info] > git status -z -uall [1ms]
2024-09-17 19:16:29.251 [info] > git for-each-ref --format=%(refname)%00%(upstream:short)%00%(objectname)%00%(upstream:track)%00%(upstream:remotename)%00%(upstream:remoteref) refs/heads/master refs/remotes/master [1ms]
2024-09-17 19:16:29.251 [warning] [Git][getBranch] No such branch: master
2024-09-17 19:16:48.181 [info] > git config --get commit.template [1ms]
2024-09-17 19:16:48.185 [info] [Git][getRemotes] No remotes found in the git config file
2024-09-17 19:16:48.186 [info] > git for-each-ref --format=%(refname)%00%(upstream:short)%00%(objectname)%00%(upstream:track)%00%(upstream:remotename)%00%(upstream:remoteref) refs/heads/master refs/remotes/master [1ms]
2024-09-17 19:16:48.186 [warning] [Git][getBranch] No such branch: master
2024-09-17 19:16:48.191 [info] > git status -z -uall [1ms]
2024-09-17 19:16:48.196 [info] > git for-each-ref --format=%(refname)%00%(upstream:short)%00%(objectname)%00%(upstream:track)%00%(upstream:remotename)%00%(upstream:remoteref) refs/heads/master refs/remotes/master [1ms]
2024-09-17 19:16:48.196 [warning] [Git][getBranch] No such branch: master
2024-09-17 19:16:53.205 [info] [Git][getRemotes] No remotes found in the git config file
2024-09-17 19:16:53.205 [info] > git config --get commit.template [4ms]
2024-09-17 19:16:53.205 [info] > git for-each-ref --format=%(refname)%00%(upstream:short)%00%(objectname)%00%(upstream:track)%00%(upstream:remotename)%00%(upstream:remoteref) refs/heads/master refs/remotes/master [0ms]
2024-09-17 19:16:53.205 [warning] [Git][getBranch] No such branch: master
2024-09-17 19:16:53.210 [info] > git status -z -uall [1ms]
2024-09-17 19:16:53.216 [info] > git for-each-ref --format=%(refname)%00%(upstream:short)%00%(objectname)%00%(upstream:track)%00%(upstream:remotename)%00%(upstream:remoteref) refs/heads/master refs/remotes/master [2ms]
2024-09-17 19:16:53.216 [warning] [Git][getBranch] No such branch: master
2024-09-17 19:16:58.226 [info] [Git][getRemotes] No remotes found in the git config file
2024-09-17 19:16:58.226 [info] > git config --get commit.template [5ms]
2024-09-17 19:16:58.226 [info] > git for-each-ref --format=%(refname)%00%(upstream:short)%00%(objectname)%00%(upstream:track)%00%(upstream:remotename)%00%(upstream:remoteref) refs/heads/master refs/remotes/master [1ms]
2024-09-17 19:16:58.226 [warning] [Git][getBranch] No such branch: master
2024-09-17 19:16:58.231 [info] > git status -z -uall [1ms]
2024-09-17 19:16:58.235 [info] > git for-each-ref --format=%(refname)%00%(upstream:short)%00%(objectname)%00%(upstream:track)%00%(upstream:remotename)%00%(upstream:remoteref) refs/heads/master refs/remotes/master [0ms]
2024-09-17 19:16:58.236 [warning] [Git][getBranch] No such branch: master
2024-09-17 19:17:03.246 [info] [Git][getRemotes] No remotes found in the git config file
2024-09-17 19:17:03.246 [info] > git config --get commit.template [5ms]
2024-09-17 19:17:03.247 [info] > git for-each-ref --format=%(refname)%00%(upstream:short)%00%(objectname)%00%(upstream:track)%00%(upstream:remotename)%00%(upstream:remoteref) refs/heads/master refs/remotes/master [1ms]
2024-09-17 19:17:03.247 [warning] [Git][getBranch] No such branch: master
2024-09-17 19:17:03.251 [info] > git status -z -uall [1ms]
2024-09-17 19:17:03.256 [info] > git for-each-ref --format=%(refname)%00%(upstream:short)%00%(objectname)%00%(upstream:track)%00%(upstream:remotename)%00%(upstream:remoteref) refs/heads/master refs/remotes/master [1ms]
2024-09-17 19:17:03.256 [warning] [Git][getBranch] No such branch: master
2024-09-17 19:18:47.000 [info] [Git][getRemotes] No remotes found in the git config file
2024-09-17 19:18:47.000 [info] > git config --get commit.template [4ms]
2024-09-17 19:18:47.001 [info] > git for-each-ref --format=%(refname)%00%(upstream:short)%00%(objectname)%00%(upstream:track)%00%(upstream:remotename)%00%(upstream:remoteref) refs/heads/master refs/remotes/master [1ms]
2024-09-17 19:18:47.001 [warning] [Git][getBranch] No such branch: master
2024-09-17 19:18:47.005 [info] > git status -z -uall [1ms]
2024-09-17 19:18:47.010 [info] > git for-each-ref --format=%(refname)%00%(upstream:short)%00%(objectname)%00%(upstream:track)%00%(upstream:remotename)%00%(upstream:remoteref) refs/heads/master refs/remotes/master [1ms]
2024-09-17 19:18:47.010 [warning] [Git][getBranch] No such branch: master
2024-09-17 19:19:03.534 [info] [Git][getRemotes] No remotes found in the git config file
2024-09-17 19:19:03.534 [info] > git config --get commit.template [4ms]
2024-09-17 19:19:03.535 [info] > git for-each-ref --format=%(refname)%00%(upstream:short)%00%(objectname)%00%(upstream:track)%00%(upstream:remotename)%00%(upstream:remoteref) refs/heads/master refs/remotes/master [1ms]
2024-09-17 19:19:03.535 [warning] [Git][getBranch] No such branch: master
2024-09-17 19:19:03.540 [info] > git status -z -uall [1ms]
2024-09-17 19:19:03.546 [info] > git for-each-ref --format=%(refname)%00%(upstream:short)%00%(objectname)%00%(upstream:track)%00%(upstream:remotename)%00%(upstream:remoteref) refs/heads/master refs/remotes/master [1ms]
2024-09-17 19:19:03.546 [warning] [Git][getBranch] No such branch: master
2024-09-17 19:19:09.757 [info] [Git][getRemotes] No remotes found in the git config file
2024-09-17 19:19:09.758 [info] > git config --get commit.template [5ms]
2024-09-17 19:19:09.758 [info] > git for-each-ref --format=%(refname)%00%(upstream:short)%00%(objectname)%00%(upstream:track)%00%(upstream:remotename)%00%(upstream:remoteref) refs/heads/master refs/remotes/master [1ms]
2024-09-17 19:19:09.758 [warning] [Git][getBranch] No such branch: master
2024-09-17 19:19:09.762 [info] > git status -z -uall [1ms]
2024-09-17 19:19:09.767 [info] > git for-each-ref --format=%(refname)%00%(upstream:short)%00%(objectname)%00%(upstream:track)%00%(upstream:remotename)%00%(upstream:remoteref) refs/heads/master refs/remotes/master [1ms]
2024-09-17 19:19:09.767 [warning] [Git][getBranch] No such branch: master
2024-09-17 19:19:14.777 [info] [Git][getRemotes] No remotes found in the git config file
2024-09-17 19:19:14.777 [info] > git config --get commit.template [4ms]
2024-09-17 19:19:14.777 [info] > git for-each-ref --format=%(refname)%00%(upstream:short)%00%(objectname)%00%(upstream:track)%00%(upstream:remotename)%00%(upstream:remoteref) refs/heads/master refs/remotes/master [0ms]
2024-09-17 19:19:14.777 [warning] [Git][getBranch] No such branch: master
2024-09-17 19:19:14.782 [info] > git status -z -uall [1ms]
2024-09-17 19:19:14.786 [info] > git for-each-ref --format=%(refname)%00%(upstream:short)%00%(objectname)%00%(upstream:track)%00%(upstream:remotename)%00%(upstream:remoteref) refs/heads/master refs/remotes/master [1ms]
2024-09-17 19:19:14.786 [warning] [Git][getBranch] No such branch: master
2024-09-17 19:19:19.801 [info] [Git][getRemotes] No remotes found in the git config file
2024-09-17 19:19:19.801 [info] > git config --get commit.template [5ms]
2024-09-17 19:19:19.801 [info] > git for-each-ref --format=%(refname)%00%(upstream:short)%00%(objectname)%00%(upstream:track)%00%(upstream:remotename)%00%(upstream:remoteref) refs/heads/master refs/remotes/master [1ms]
2024-09-17 19:19:19.801 [warning] [Git][getBranch] No such branch: master
2024-09-17 19:19:19.806 [info] > git status -z -uall [1ms]
2024-09-17 19:19:19.811 [info] > git for-each-ref --format=%(refname)%00%(upstream:short)%00%(objectname)%00%(upstream:track)%00%(upstream:remotename)%00%(upstream:remoteref) refs/heads/master refs/remotes/master [1ms]
2024-09-17 19:19:19.811 [warning] [Git][getBranch] No such branch: master
2024-09-17 19:19:40.640 [info] [Git][getRemotes] No remotes found in the git config file
2024-09-17 19:19:40.640 [info] > git config --get commit.template [5ms]
2024-09-17 19:19:40.640 [info] > git for-each-ref --format=%(refname)%00%(upstream:short)%00%(objectname)%00%(upstream:track)%00%(upstream:remotename)%00%(upstream:remoteref) refs/heads/master refs/remotes/master [0ms]
2024-09-17 19:19:40.640 [warning] [Git][getBranch] No such branch: master
2024-09-17 19:19:40.646 [info] > git status -z -uall [2ms]
2024-09-17 19:19:40.651 [info] > git for-each-ref --format=%(refname)%00%(upstream:short)%00%(objectname)%00%(upstream:track)%00%(upstream:remotename)%00%(upstream:remoteref) refs/heads/master refs/remotes/master [1ms]
2024-09-17 19:19:40.651 [warning] [Git][getBranch] No such branch: master
2024-09-17 19:19:45.916 [info] [Git][getRemotes] No remotes found in the git config file
2024-09-17 19:19:45.917 [info] > git config --get commit.template [5ms]
2024-09-17 19:19:45.917 [info] > git for-each-ref --format=%(refname)%00%(upstream:short)%00%(objectname)%00%(upstream:track)%00%(upstream:remotename)%00%(upstream:remoteref) refs/heads/master refs/remotes/master [1ms]
2024-09-17 19:19:45.917 [warning] [Git][getBranch] No such branch: master
2024-09-17 19:19:45.922 [info] > git status -z -uall [1ms]
2024-09-17 19:19:45.926 [info] > git for-each-ref --format=%(refname)%00%(upstream:short)%00%(objectname)%00%(upstream:track)%00%(upstream:remotename)%00%(upstream:remoteref) refs/heads/master refs/remotes/master [1ms]
2024-09-17 19:19:45.926 [warning] [Git][getBranch] No such branch: master
2024-09-17 19:19:50.937 [info] [Git][getRemotes] No remotes found in the git config file
2024-09-17 19:19:50.938 [info] > git config --get commit.template [5ms]
2024-09-17 19:19:50.938 [info] > git for-each-ref --format=%(refname)%00%(upstream:short)%00%(objectname)%00%(upstream:track)%00%(upstream:remotename)%00%(upstream:remoteref) refs/heads/master refs/remotes/master [1ms]
2024-09-17 19:19:50.938 [warning] [Git][getBranch] No such branch: master
2024-09-17 19:19:50.942 [info] > git status -z -uall [1ms]
2024-09-17 19:19:50.947 [info] > git for-each-ref --format=%(refname)%00%(upstream:short)%00%(objectname)%00%(upstream:track)%00%(upstream:remotename)%00%(upstream:remoteref) refs/heads/master refs/remotes/master [0ms]
2024-09-17 19:19:50.947 [warning] [Git][getBranch] No such branch: master
2024-09-17 19:19:55.960 [info] [Git][getRemotes] No remotes found in the git config file
2024-09-17 19:19:55.961 [info] > git for-each-ref --format=%(refname)%00%(upstream:short)%00%(objectname)%00%(upstream:track)%00%(upstream:remotename)%00%(upstream:remoteref) refs/heads/master refs/remotes/master [1ms]
2024-09-17 19:19:55.961 [warning] [Git][getBranch] No such branch: master
2024-09-17 19:19:55.961 [info] > git config --get commit.template [5ms]
2024-09-17 19:19:55.965 [info] > git status -z -uall [1ms]
2024-09-17 19:19:55.970 [info] > git for-each-ref --format=%(refname)%00%(upstream:short)%00%(objectname)%00%(upstream:track)%00%(upstream:remotename)%00%(upstream:remoteref) refs/heads/master refs/remotes/master [1ms]
2024-09-17 19:19:55.970 [warning] [Git][getBranch] No such branch: master
2024-09-17 19:21:38.721 [info] [Git][getRemotes] No remotes found in the git config file
2024-09-17 19:21:38.721 [info] > git config --get commit.template [5ms]
2024-09-17 19:21:38.721 [info] > git for-each-ref --format=%(refname)%00%(upstream:short)%00%(objectname)%00%(upstream:track)%00%(upstream:remotename)%00%(upstream:remoteref) refs/heads/master refs/remotes/master [0ms]
2024-09-17 19:21:38.722 [warning] [Git][getBranch] No such branch: master
2024-09-17 19:21:38.726 [info] > git status -z -uall [1ms]
2024-09-17 19:21:38.732 [info] > git for-each-ref --format=%(refname)%00%(upstream:short)%00%(objectname)%00%(upstream:track)%00%(upstream:remotename)%00%(upstream:remoteref) refs/heads/master refs/remotes/master [2ms]
2024-09-17 19:21:38.732 [warning] [Git][getBranch] No such branch: master
2024-09-17 19:22:05.234 [info] [Git][getRemotes] No remotes found in the git config file
2024-09-17 19:22:05.235 [info] > git config --get commit.template [4ms]
2024-09-17 19:22:05.235 [info] > git for-each-ref --format=%(refname)%00%(upstream:short)%00%(objectname)%00%(upstream:track)%00%(upstream:remotename)%00%(upstream:remoteref) refs/heads/master refs/remotes/master [1ms]
2024-09-17 19:22:05.235 [warning] [Git][getBranch] No such branch: master
2024-09-17 19:22:05.240 [info] > git status -z -uall [1ms]
2024-09-17 19:22:05.244 [info] > git for-each-ref --format=%(refname)%00%(upstream:short)%00%(objectname)%00%(upstream:track)%00%(upstream:remotename)%00%(upstream:remoteref) refs/heads/master refs/remotes/master [1ms]
2024-09-17 19:22:05.244 [warning] [Git][getBranch] No such branch: master
2024-09-17 19:22:18.330 [info] [Git][getRemotes] No remotes found in the git config file
2024-09-17 19:22:18.331 [info] > git config --get commit.template [5ms]
2024-09-17 19:22:18.331 [info] > git for-each-ref --format=%(refname)%00%(upstream:short)%00%(objectname)%00%(upstream:track)%00%(upstream:remotename)%00%(upstream:remoteref) refs/heads/master refs/remotes/master [1ms]
2024-09-17 19:22:18.331 [warning] [Git][getBranch] No such branch: master
2024-09-17 19:22:18.336 [info] > git status -z -uall [1ms]
2024-09-17 19:22:18.340 [info] > git for-each-ref --format=%(refname)%00%(upstream:short)%00%(objectname)%00%(upstream:track)%00%(upstream:remotename)%00%(upstream:remoteref) refs/heads/master refs/remotes/master [1ms]
2024-09-17 19:22:18.340 [warning] [Git][getBranch] No such branch: master
2024-09-17 19:23:54.280 [info] [Git][getRemotes] No remotes found in the git config file
2024-09-17 19:23:54.281 [info] > git for-each-ref --format=%(refname)%00%(upstream:short)%00%(objectname)%00%(upstream:track)%00%(upstream:remotename)%00%(upstream:remoteref) refs/heads/master refs/remotes/master [1ms]
2024-09-17 19:23:54.281 [warning] [Git][getBranch] No such branch: master
2024-09-17 19:23:54.281 [info] > git config --get commit.template [5ms]
2024-09-17 19:23:54.286 [info] > git status -z -uall [1ms]
2024-09-17 19:23:54.291 [info] > git for-each-ref --format=%(refname)%00%(upstream:short)%00%(objectname)%00%(upstream:track)%00%(upstream:remotename)%00%(upstream:remoteref) refs/heads/master refs/remotes/master [1ms]
2024-09-17 19:23:54.291 [warning] [Git][getBranch] No such branch: master
2024-09-17 19:24:37.772 [info] > git config --get commit.template [0ms]
2024-09-17 19:24:37.775 [info] [Git][getRemotes] No remotes found in the git config file
2024-09-17 19:24:37.776 [info] > git for-each-ref --format=%(refname)%00%(upstream:short)%00%(objectname)%00%(upstream:track)%00%(upstream:remotename)%00%(upstream:remoteref) refs/heads/master refs/remotes/master [1ms]
2024-09-17 19:24:37.776 [warning] [Git][getBranch] No such branch: master
2024-09-17 19:24:37.781 [info] > git status -z -uall [1ms]
2024-09-17 19:24:37.785 [info] > git for-each-ref --format=%(refname)%00%(upstream:short)%00%(objectname)%00%(upstream:track)%00%(upstream:remotename)%00%(upstream:remoteref) refs/heads/master refs/remotes/master [0ms]
2024-09-17 19:24:37.785 [warning] [Git][getBranch] No such branch: master
2024-09-17 19:24:42.837 [info] [Git][getRemotes] No remotes found in the git config file
2024-09-17 19:24:42.838 [info] > git config --get commit.template [5ms]
2024-09-17 19:24:42.838 [info] > git for-each-ref --format=%(refname)%00%(upstream:short)%00%(objectname)%00%(upstream:track)%00%(upstream:remotename)%00%(upstream:remoteref) refs/heads/master refs/remotes/master [1ms]
2024-09-17 19:24:42.838 [warning] [Git][getBranch] No such branch: master
2024-09-17 19:24:42.843 [info] > git status -z -uall [1ms]
2024-09-17 19:24:42.849 [info] > git for-each-ref --format=%(refname)%00%(upstream:short)%00%(objectname)%00%(upstream:track)%00%(upstream:remotename)%00%(upstream:remoteref) refs/heads/master refs/remotes/master [1ms]
2024-09-17 19:24:42.850 [warning] [Git][getBranch] No such branch: master
2024-09-17 19:24:52.332 [info] [Git][getRemotes] No remotes found in the git config file
2024-09-17 19:24:52.332 [info] > git config --get commit.template [4ms]
2024-09-17 19:24:52.333 [info] > git for-each-ref --format=%(refname)%00%(upstream:short)%00%(objectname)%00%(upstream:track)%00%(upstream:remotename)%00%(upstream:remoteref) refs/heads/master refs/remotes/master [1ms]
2024-09-17 19:24:52.333 [warning] [Git][getBranch] No such branch: master
2024-09-17 19:24:52.337 [info] > git status -z -uall [1ms]
2024-09-17 19:24:52.342 [info] > git for-each-ref --format=%(refname)%00%(upstream:short)%00%(objectname)%00%(upstream:track)%00%(upstream:remotename)%00%(upstream:remoteref) refs/heads/master refs/remotes/master [1ms]
2024-09-17 19:24:52.342 [warning] [Git][getBranch] No such branch: master
2024-09-17 19:24:57.349 [info] [Git][getRemotes] No remotes found in the git config file
2024-09-17 19:24:57.354 [info] > git config --get commit.template [4ms]
2024-09-17 19:24:57.354 [info] > git for-each-ref --format=%(refname)%00%(upstream:short)%00%(objectname)%00%(upstream:track)%00%(upstream:remotename)%00%(upstream:remoteref) refs/heads/master refs/remotes/master [1ms]
2024-09-17 19:24:57.354 [warning] [Git][getBranch] No such branch: master
2024-09-17 19:24:57.359 [info] > git status -z -uall [1ms]
2024-09-17 19:24:57.364 [info] > git for-each-ref --format=%(refname)%00%(upstream:short)%00%(objectname)%00%(upstream:track)%00%(upstream:remotename)%00%(upstream:remoteref) refs/heads/master refs/remotes/master [1ms]
2024-09-17 19:24:57.364 [warning] [Git][getBranch] No such branch: master
2024-09-17 19:25:02.379 [info] [Git][getRemotes] No remotes found in the git config file
2024-09-17 19:25:02.380 [info] > git config --get commit.template [5ms]
2024-09-17 19:25:02.380 [info] > git for-each-ref --format=%(refname)%00%(upstream:short)%00%(objectname)%00%(upstream:track)%00%(upstream:remotename)%00%(upstream:remoteref) refs/heads/master refs/remotes/master [1ms]
2024-09-17 19:25:02.380 [warning] [Git][getBranch] No such branch: master
2024-09-17 19:25:02.385 [info] > git status -z -uall [1ms]
2024-09-17 19:25:02.390 [info] > git for-each-ref --format=%(refname)%00%(upstream:short)%00%(objectname)%00%(upstream:track)%00%(upstream:remotename)%00%(upstream:remoteref) refs/heads/master refs/remotes/master [1ms]
2024-09-17 19:25:02.390 [warning] [Git][getBranch] No such branch: master
2024-09-17 19:25:10.830 [info] [Git][getRemotes] No remotes found in the git config file
2024-09-17 19:25:10.830 [info] > git config --get commit.template [5ms]
2024-09-17 19:25:10.831 [info] > git for-each-ref --format=%(refname)%00%(upstream:short)%00%(objectname)%00%(upstream:track)%00%(upstream:remotename)%00%(upstream:remoteref) refs/heads/master refs/remotes/master [1ms]
2024-09-17 19:25:10.831 [warning] [Git][getBranch] No such branch: master
2024-09-17 19:25:10.835 [info] > git status -z -uall [1ms]
2024-09-17 19:25:10.840 [info] > git for-each-ref --format=%(refname)%00%(upstream:short)%00%(objectname)%00%(upstream:track)%00%(upstream:remotename)%00%(upstream:remoteref) refs/heads/master refs/remotes/master [1ms]
2024-09-17 19:25:10.840 [warning] [Git][getBranch] No such branch: master
2024-09-17 19:25:15.851 [info] [Git][getRemotes] No remotes found in the git config file
2024-09-17 19:25:15.852 [info] > git config --get commit.template [5ms]
2024-09-17 19:25:15.852 [info] > git for-each-ref --format=%(refname)%00%(upstream:short)%00%(objectname)%00%(upstream:track)%00%(upstream:remotename)%00%(upstream:remoteref) refs/heads/master refs/remotes/master [1ms]
2024-09-17 19:25:15.852 [warning] [Git][getBranch] No such branch: master
2024-09-17 19:25:15.857 [info] > git status -z -uall [1ms]
2024-09-17 19:25:15.862 [info] > git for-each-ref --format=%(refname)%00%(upstream:short)%00%(objectname)%00%(upstream:track)%00%(upstream:remotename)%00%(upstream:remoteref) refs/heads/master refs/remotes/master [1ms]
2024-09-17 19:25:15.862 [warning] [Git][getBranch] No such branch: master
2024-09-17 19:25:22.607 [info] > git show --textconv :src/text_to_speech.rs [4ms]
2024-09-17 19:25:22.607 [info] > git ls-files --stage -- /home/arch/Projects/Rust/voice/src/text_to_speech.rs [1ms]
2024-09-17 19:25:34.708 [info] > git show --textconv :src/text_to_speech.rs [4ms]
2024-09-17 19:25:34.709 [info] > git ls-files --stage -- /home/arch/Projects/Rust/voice/src/text_to_speech.rs [1ms]
2024-09-17 19:25:37.477 [info] > git show --textconv :src/text_to_speech.rs [3ms]
2024-09-17 19:25:37.478 [info] > git ls-files --stage -- /home/arch/Projects/Rust/voice/src/text_to_speech.rs [1ms]
2024-09-17 19:27:36.877 [info] > git show --textconv :src/test.rs [5ms]
2024-09-17 19:27:36.877 [info] > git ls-files --stage -- /home/arch/Projects/Rust/voice/src/test.rs [1ms]
2024-09-17 19:27:37.160 [info] > git check-ignore -v -z --stdin [1ms]
2024-09-17 19:27:38.084 [info] [Git][getRemotes] No remotes found in the git config file
2024-09-17 19:27:38.084 [info] > git config --get commit.template [4ms]
2024-09-17 19:27:38.084 [info] > git for-each-ref --format=%(refname)%00%(upstream:short)%00%(objectname)%00%(upstream:track)%00%(upstream:remotename)%00%(upstream:remoteref) refs/heads/master refs/remotes/master [0ms]
2024-09-17 19:27:38.084 [warning] [Git][getBranch] No such branch: master
2024-09-17 19:27:38.089 [info] > git status -z -uall [1ms]
2024-09-17 19:27:38.094 [info] > git for-each-ref --format=%(refname)%00%(upstream:short)%00%(objectname)%00%(upstream:track)%00%(upstream:remotename)%00%(upstream:remoteref) refs/heads/master refs/remotes/master [1ms]
2024-09-17 19:27:38.094 [warning] [Git][getBranch] No such branch: master
2024-09-17 19:27:44.170 [info] [Git][getRemotes] No remotes found in the git config file
2024-09-17 19:27:44.170 [info] > git config --get commit.template [4ms]
2024-09-17 19:27:44.171 [info] > git for-each-ref --format=%(refname)%00%(upstream:short)%00%(objectname)%00%(upstream:track)%00%(upstream:remotename)%00%(upstream:remoteref) refs/heads/master refs/remotes/master [1ms]
2024-09-17 19:27:44.171 [warning] [Git][getBranch] No such branch: master
2024-09-17 19:27:44.176 [info] > git status -z -uall [1ms]
2024-09-17 19:27:44.181 [info] > git for-each-ref --format=%(refname)%00%(upstream:short)%00%(objectname)%00%(upstream:track)%00%(upstream:remotename)%00%(upstream:remoteref) refs/heads/master refs/remotes/master [1ms]
2024-09-17 19:27:44.181 [warning] [Git][getBranch] No such branch: master
2024-09-17 19:27:44.434 [info] > git show --textconv :src/text_to_speech.rs [4ms]
2024-09-17 19:27:44.435 [info] > git ls-files --stage -- /home/arch/Projects/Rust/voice/src/text_to_speech.rs [1ms]
2024-09-17 19:27:46.134 [info] > git show --textconv :src/main.rs [5ms]
2024-09-17 19:27:46.135 [info] > git ls-files --stage -- /home/arch/Projects/Rust/voice/src/main.rs [1ms]
2024-09-17 19:27:49.191 [info] [Git][getRemotes] No remotes found in the git config file
2024-09-17 19:27:49.191 [info] > git config --get commit.template [4ms]
2024-09-17 19:27:49.192 [info] > git for-each-ref --format=%(refname)%00%(upstream:short)%00%(objectname)%00%(upstream:track)%00%(upstream:remotename)%00%(upstream:remoteref) refs/heads/master refs/remotes/master [1ms]
2024-09-17 19:27:49.192 [warning] [Git][getBranch] No such branch: master
2024-09-17 19:27:49.197 [info] > git status -z -uall [1ms]
2024-09-17 19:27:49.203 [info] > git for-each-ref --format=%(refname)%00%(upstream:short)%00%(objectname)%00%(upstream:track)%00%(upstream:remotename)%00%(upstream:remoteref) refs/heads/master refs/remotes/master [2ms]
2024-09-17 19:27:49.203 [warning] [Git][getBranch] No such branch: master
2024-09-17 19:27:59.366 [info] [Git][getRemotes] No remotes found in the git config file
2024-09-17 19:27:59.366 [info] > git config --get commit.template [3ms]
2024-09-17 19:27:59.367 [info] > git for-each-ref --format=%(refname)%00%(upstream:short)%00%(objectname)%00%(upstream:track)%00%(upstream:remotename)%00%(upstream:remoteref) refs/heads/master refs/remotes/master [1ms]
2024-09-17 19:27:59.367 [warning] [Git][getBranch] No such branch: master
2024-09-17 19:27:59.371 [info] > git status -z -uall [1ms]
2024-09-17 19:27:59.375 [info] > git for-each-ref --format=%(refname)%00%(upstream:short)%00%(objectname)%00%(upstream:track)%00%(upstream:remotename)%00%(upstream:remoteref) refs/heads/master refs/remotes/master [1ms]
2024-09-17 19:27:59.375 [warning] [Git][getBranch] No such branch: master
2024-09-17 19:29:04.236 [info] [Git][getRemotes] No remotes found in the git config file
2024-09-17 19:29:04.236 [info] > git config --get commit.template [5ms]
2024-09-17 19:29:04.236 [info] > git for-each-ref --format=%(refname)%00%(upstream:short)%00%(objectname)%00%(upstream:track)%00%(upstream:remotename)%00%(upstream:remoteref) refs/heads/master refs/remotes/master [1ms]
2024-09-17 19:29:04.236 [warning] [Git][getBranch] No such branch: master
2024-09-17 19:29:04.241 [info] > git status -z -uall [1ms]
2024-09-17 19:29:04.246 [info] > git for-each-ref --format=%(refname)%00%(upstream:short)%00%(objectname)%00%(upstream:track)%00%(upstream:remotename)%00%(upstream:remoteref) refs/heads/master refs/remotes/master [1ms]
2024-09-17 19:29:04.246 [warning] [Git][getBranch] No such branch: master
2024-09-17 19:29:13.560 [info] [Git][getRemotes] No remotes found in the git config file
2024-09-17 19:29:13.560 [info] > git config --get commit.template [4ms]
2024-09-17 19:29:13.560 [info] > git for-each-ref --format=%(refname)%00%(upstream:short)%00%(objectname)%00%(upstream:track)%00%(upstream:remotename)%00%(upstream:remoteref) refs/heads/master refs/remotes/master [0ms]
2024-09-17 19:29:13.560 [warning] [Git][getBranch] No such branch: master
2024-09-17 19:29:13.565 [info] > git status -z -uall [1ms]
2024-09-17 19:29:13.569 [info] > git for-each-ref --format=%(refname)%00%(upstream:short)%00%(objectname)%00%(upstream:track)%00%(upstream:remotename)%00%(upstream:remoteref) refs/heads/master refs/remotes/master [0ms]
2024-09-17 19:29:13.569 [warning] [Git][getBranch] No such branch: master
2024-09-17 19:29:18.581 [info] [Git][getRemotes] No remotes found in the git config file
2024-09-17 19:29:18.581 [info] > git config --get commit.template [4ms]
2024-09-17 19:29:18.581 [info] > git for-each-ref --format=%(refname)%00%(upstream:short)%00%(objectname)%00%(upstream:track)%00%(upstream:remotename)%00%(upstream:remoteref) refs/heads/master refs/remotes/master [1ms]
2024-09-17 19:29:18.581 [warning] [Git][getBranch] No such branch: master
2024-09-17 19:29:18.587 [info] > git status -z -uall [1ms]
2024-09-17 19:29:18.591 [info] > git for-each-ref --format=%(refname)%00%(upstream:short)%00%(objectname)%00%(upstream:track)%00%(upstream:remotename)%00%(upstream:remoteref) refs/heads/master refs/remotes/master [0ms]
2024-09-17 19:29:18.591 [warning] [Git][getBranch] No such branch: master
2024-09-17 19:29:30.785 [info] > git show --textconv :src/test.rs [4ms]
2024-09-17 19:29:30.785 [info] > git ls-files --stage -- /home/arch/Projects/Rust/voice/src/test.rs [1ms]
2024-09-17 19:29:49.370 [info] [Git][getRemotes] No remotes found in the git config file
2024-09-17 19:29:49.371 [info] > git config --get commit.template [5ms]
2024-09-17 19:29:49.371 [info] > git for-each-ref --format=%(refname)%00%(upstream:short)%00%(objectname)%00%(upstream:track)%00%(upstream:remotename)%00%(upstream:remoteref) refs/heads/master refs/remotes/master [1ms]
2024-09-17 19:29:49.372 [warning] [Git][getBranch] No such branch: master
2024-09-17 19:29:49.376 [info] > git status -z -uall [1ms]
2024-09-17 19:29:49.381 [info] > git for-each-ref --format=%(refname)%00%(upstream:short)%00%(objectname)%00%(upstream:track)%00%(upstream:remotename)%00%(upstream:remoteref) refs/heads/master refs/remotes/master [1ms]
2024-09-17 19:29:49.381 [warning] [Git][getBranch] No such branch: master
2024-09-17 19:30:03.383 [info] [Git][getRemotes] No remotes found in the git config file
2024-09-17 19:30:03.383 [info] > git config --get commit.template [5ms]
2024-09-17 19:30:03.384 [info] > git for-each-ref --format=%(refname)%00%(upstream:short)%00%(objectname)%00%(upstream:track)%00%(upstream:remotename)%00%(upstream:remoteref) refs/heads/master refs/remotes/master [1ms]
2024-09-17 19:30:03.384 [warning] [Git][getBranch] No such branch: master
2024-09-17 19:30:03.388 [info] > git status -z -uall [0ms]
2024-09-17 19:30:03.393 [info] > git for-each-ref --format=%(refname)%00%(upstream:short)%00%(objectname)%00%(upstream:track)%00%(upstream:remotename)%00%(upstream:remoteref) refs/heads/master refs/remotes/master [1ms]
2024-09-17 19:30:03.393 [warning] [Git][getBranch] No such branch: master
2024-09-17 19:30:11.284 [info] [Git][getRemotes] No remotes found in the git config file
2024-09-17 19:30:11.285 [info] > git config --get commit.template [5ms]
2024-09-17 19:30:11.285 [info] > git for-each-ref --format=%(refname)%00%(upstream:short)%00%(objectname)%00%(upstream:track)%00%(upstream:remotename)%00%(upstream:remoteref) refs/heads/master refs/remotes/master [1ms]
2024-09-17 19:30:11.285 [warning] [Git][getBranch] No such branch: master
2024-09-17 19:30:11.290 [info] > git status -z -uall [1ms]
2024-09-17 19:30:11.296 [info] > git for-each-ref --format=%(refname)%00%(upstream:short)%00%(objectname)%00%(upstream:track)%00%(upstream:remotename)%00%(upstream:remoteref) refs/heads/master refs/remotes/master [2ms]
2024-09-17 19:30:11.296 [warning] [Git][getBranch] No such branch: master
2024-09-17 19:30:33.876 [info] [Git][getRemotes] No remotes found in the git config file
2024-09-17 19:30:33.876 [info] > git config --get commit.template [4ms]
2024-09-17 19:30:33.877 [info] > git for-each-ref --format=%(refname)%00%(upstream:short)%00%(objectname)%00%(upstream:track)%00%(upstream:remotename)%00%(upstream:remoteref) refs/heads/master refs/remotes/master [1ms]
2024-09-17 19:30:33.877 [warning] [Git][getBranch] No such branch: master
2024-09-17 19:30:33.882 [info] > git status -z -uall [1ms]
2024-09-17 19:30:33.886 [info] > git for-each-ref --format=%(refname)%00%(upstream:short)%00%(objectname)%00%(upstream:track)%00%(upstream:remotename)%00%(upstream:remoteref) refs/heads/master refs/remotes/master [1ms]
2024-09-17 19:30:33.886 [warning] [Git][getBranch] No such branch: master
2024-09-17 19:30:51.624 [info] [Git][getRemotes] No remotes found in the git config file
2024-09-17 19:30:51.624 [info] > git config --get commit.template [4ms]
2024-09-17 19:30:51.625 [info] > git for-each-ref --format=%(refname)%00%(upstream:short)%00%(objectname)%00%(upstream:track)%00%(upstream:remotename)%00%(upstream:remoteref) refs/heads/master refs/remotes/master [1ms]
2024-09-17 19:30:51.625 [warning] [Git][getBranch] No such branch: master
2024-09-17 19:30:51.629 [info] > git status -z -uall [1ms]
2024-09-17 19:30:51.634 [info] > git for-each-ref --format=%(refname)%00%(upstream:short)%00%(objectname)%00%(upstream:track)%00%(upstream:remotename)%00%(upstream:remoteref) refs/heads/master refs/remotes/master [1ms]
2024-09-17 19:30:51.634 [warning] [Git][getBranch] No such branch: master
2024-09-17 19:30:56.648 [info] [Git][getRemotes] No remotes found in the git config file
2024-09-17 19:30:56.648 [info] > git config --get commit.template [4ms]
2024-09-17 19:30:56.648 [info] > git for-each-ref --format=%(refname)%00%(upstream:short)%00%(objectname)%00%(upstream:track)%00%(upstream:remotename)%00%(upstream:remoteref) refs/heads/master refs/remotes/master [0ms]
2024-09-17 19:30:56.648 [warning] [Git][getBranch] No such branch: master
2024-09-17 19:30:56.653 [info] > git status -z -uall [1ms]
2024-09-17 19:30:56.658 [info] > git for-each-ref --format=%(refname)%00%(upstream:short)%00%(objectname)%00%(upstream:track)%00%(upstream:remotename)%00%(upstream:remoteref) refs/heads/master refs/remotes/master [1ms]
2024-09-17 19:30:56.658 [warning] [Git][getBranch] No such branch: master
2024-09-17 19:34:47.879 [info] [Git][getRemotes] No remotes found in the git config file
2024-09-17 19:34:47.880 [info] > git config --get commit.template [5ms]
2024-09-17 19:34:47.884 [info] > git for-each-ref --format=%(refname)%00%(upstream:short)%00%(objectname)%00%(upstream:track)%00%(upstream:remotename)%00%(upstream:remoteref) refs/heads/master refs/remotes/master [5ms]
2024-09-17 19:34:47.884 [warning] [Git][getBranch] No such branch: master
2024-09-17 19:34:47.887 [info] > git check-ignore -v -z --stdin [4ms]
2024-09-17 19:34:47.888 [info] > git status -z -uall [1ms]
2024-09-17 19:34:47.893 [info] > git for-each-ref --format=%(refname)%00%(upstream:short)%00%(objectname)%00%(upstream:track)%00%(upstream:remotename)%00%(upstream:remoteref) refs/heads/master refs/remotes/master [1ms]
2024-09-17 19:34:47.893 [warning] [Git][getBranch] No such branch: master
2024-09-17 19:34:56.595 [info] > git show --textconv :src/test.rs [4ms]
2024-09-17 19:34:56.596 [info] > git ls-files --stage -- /home/arch/Projects/Rust/voice/src/test.rs [1ms]
2024-09-17 19:34:58.336 [info] > git show --textconv :src/main.rs [4ms]
2024-09-17 19:34:58.337 [info] > git ls-files --stage -- /home/arch/Projects/Rust/voice/src/main.rs [1ms]
2024-09-17 19:35:03.537 [info] [Git][getRemotes] No remotes found in the git config file
2024-09-17 19:35:03.538 [info] > git config --get commit.template [5ms]
2024-09-17 19:35:03.538 [info] > git for-each-ref --format=%(refname)%00%(upstream:short)%00%(objectname)%00%(upstream:track)%00%(upstream:remotename)%00%(upstream:remoteref) refs/heads/master refs/remotes/master [1ms]
2024-09-17 19:35:03.538 [warning] [Git][getBranch] No such branch: master
2024-09-17 19:35:03.543 [info] > git status -z -uall [1ms]
2024-09-17 19:35:03.548 [info] > git for-each-ref --format=%(refname)%00%(upstream:short)%00%(objectname)%00%(upstream:track)%00%(upstream:remotename)%00%(upstream:remoteref) refs/heads/master refs/remotes/master [1ms]
2024-09-17 19:35:03.548 [warning] [Git][getBranch] No such branch: master
2024-09-17 19:35:09.453 [info] [Git][getRemotes] No remotes found in the git config file
2024-09-17 19:35:09.453 [info] > git config --get commit.template [4ms]
2024-09-17 19:35:09.453 [info] > git for-each-ref --format=%(refname)%00%(upstream:short)%00%(objectname)%00%(upstream:track)%00%(upstream:remotename)%00%(upstream:remoteref) refs/heads/master refs/remotes/master [0ms]
2024-09-17 19:35:09.453 [warning] [Git][getBranch] No such branch: master
2024-09-17 19:35:09.458 [info] > git status -z -uall [1ms]
2024-09-17 19:35:09.462 [info] > git for-each-ref --format=%(refname)%00%(upstream:short)%00%(objectname)%00%(upstream:track)%00%(upstream:remotename)%00%(upstream:remoteref) refs/heads/master refs/remotes/master [1ms]
2024-09-17 19:35:09.462 [warning] [Git][getBranch] No such branch: master
2024-09-17 19:35:14.475 [info] [Git][getRemotes] No remotes found in the git config file
2024-09-17 19:35:14.475 [info] > git config --get commit.template [4ms]
2024-09-17 19:35:14.475 [info] > git for-each-ref --format=%(refname)%00%(upstream:short)%00%(objectname)%00%(upstream:track)%00%(upstream:remotename)%00%(upstream:remoteref) refs/heads/master refs/remotes/master [0ms]
2024-09-17 19:35:14.475 [warning] [Git][getBranch] No such branch: master
2024-09-17 19:35:14.480 [info] > git status -z -uall [1ms]
2024-09-17 19:35:14.484 [info] > git for-each-ref --format=%(refname)%00%(upstream:short)%00%(objectname)%00%(upstream:track)%00%(upstream:remotename)%00%(upstream:remoteref) refs/heads/master refs/remotes/master [1ms]
2024-09-17 19:35:14.484 [warning] [Git][getBranch] No such branch: master
2024-09-17 19:38:37.858 [info] > git show --textconv :src/text_to_speech.rs [4ms]
2024-09-17 19:38:37.859 [info] > git ls-files --stage -- /home/arch/Projects/Rust/voice/src/text_to_speech.rs [1ms]
2024-09-17 19:38:58.351 [info] [Git][getRemotes] No remotes found in the git config file
2024-09-17 19:38:58.351 [info] > git config --get commit.template [4ms]
2024-09-17 19:38:58.352 [info] > git for-each-ref --format=%(refname)%00%(upstream:short)%00%(objectname)%00%(upstream:track)%00%(upstream:remotename)%00%(upstream:remoteref) refs/heads/master refs/remotes/master [1ms]
2024-09-17 19:38:58.352 [warning] [Git][getBranch] No such branch: master
2024-09-17 19:38:58.357 [info] > git status -z -uall [1ms]
2024-09-17 19:38:58.362 [info] > git for-each-ref --format=%(refname)%00%(upstream:short)%00%(objectname)%00%(upstream:track)%00%(upstream:remotename)%00%(upstream:remoteref) refs/heads/master refs/remotes/master [1ms]
2024-09-17 19:38:58.362 [warning] [Git][getBranch] No such branch: master
2024-09-17 19:39:09.374 [info] [Git][getRemotes] No remotes found in the git config file
2024-09-17 19:39:09.379 [info] > git config --get commit.template [5ms]
2024-09-17 19:39:09.379 [info] > git for-each-ref --format=%(refname)%00%(upstream:short)%00%(objectname)%00%(upstream:track)%00%(upstream:remotename)%00%(upstream:remoteref) refs/heads/master refs/remotes/master [1ms]
2024-09-17 19:39:09.379 [warning] [Git][getBranch] No such branch: master
2024-09-17 19:39:09.384 [info] > git status -z -uall [1ms]
2024-09-17 19:39:09.389 [info] > git for-each-ref --format=%(refname)%00%(upstream:short)%00%(objectname)%00%(upstream:track)%00%(upstream:remotename)%00%(upstream:remoteref) refs/heads/master refs/remotes/master [1ms]
2024-09-17 19:39:09.389 [warning] [Git][getBranch] No such branch: master
2024-09-17 19:39:12.361 [info] > git show --textconv :Cargo.toml [4ms]
2024-09-17 19:39:12.361 [info] > git ls-files --stage -- /home/arch/Projects/Rust/voice/Cargo.toml [0ms]
2024-09-17 19:39:13.721 [info] > git show --textconv :src/text_to_speech.rs [5ms]
2024-09-17 19:39:13.722 [info] > git ls-files --stage -- /home/arch/Projects/Rust/voice/src/text_to_speech.rs [1ms]
2024-09-17 19:39:14.797 [info] > git show --textconv :src/build.rs [4ms]
2024-09-17 19:39:14.798 [info] > git ls-files --stage -- /home/arch/Projects/Rust/voice/src/build.rs [1ms]
2024-09-17 19:39:16.019 [info] > git show --textconv :src/main.rs [5ms]
2024-09-17 19:39:16.019 [info] > git ls-files --stage -- /home/arch/Projects/Rust/voice/src/main.rs [1ms]
2024-09-17 19:39:29.665 [info] [Git][getRemotes] No remotes found in the git config file
2024-09-17 19:39:29.665 [info] > git config --get commit.template [5ms]
2024-09-17 19:39:29.666 [info] > git for-each-ref --format=%(refname)%00%(upstream:short)%00%(objectname)%00%(upstream:track)%00%(upstream:remotename)%00%(upstream:remoteref) refs/heads/master refs/remotes/master [1ms]
2024-09-17 19:39:29.666 [warning] [Git][getBranch] No such branch: master
2024-09-17 19:39:29.670 [info] > git status -z -uall [1ms]
2024-09-17 19:39:29.675 [info] > git for-each-ref --format=%(refname)%00%(upstream:short)%00%(objectname)%00%(upstream:track)%00%(upstream:remotename)%00%(upstream:remoteref) refs/heads/master refs/remotes/master [1ms]
2024-09-17 19:39:29.675 [warning] [Git][getBranch] No such branch: master
2024-09-17 19:39:59.727 [info] [Git][getRemotes] No remotes found in the git config file
2024-09-17 19:39:59.727 [info] > git config --get commit.template [4ms]
2024-09-17 19:39:59.728 [info] > git for-each-ref --format=%(refname)%00%(upstream:short)%00%(objectname)%00%(upstream:track)%00%(upstream:remotename)%00%(upstream:remoteref) refs/heads/master refs/remotes/master [1ms]
2024-09-17 19:39:59.728 [warning] [Git][getBranch] No such branch: master
2024-09-17 19:39:59.732 [info] > git status -z -uall [1ms]
2024-09-17 19:39:59.737 [info] > git for-each-ref --format=%(refname)%00%(upstream:short)%00%(objectname)%00%(upstream:track)%00%(upstream:remotename)%00%(upstream:remoteref) refs/heads/master refs/remotes/master [1ms]
2024-09-17 19:39:59.737 [warning] [Git][getBranch] No such branch: master
2024-09-17 19:40:04.749 [info] [Git][getRemotes] No remotes found in the git config file
2024-09-17 19:40:04.749 [info] > git config --get commit.template [5ms]
2024-09-17 19:40:04.749 [info] > git for-each-ref --format=%(refname)%00%(upstream:short)%00%(objectname)%00%(upstream:track)%00%(upstream:remotename)%00%(upstream:remoteref) refs/heads/master refs/remotes/master [0ms]
2024-09-17 19:40:04.749 [warning] [Git][getBranch] No such branch: master
2024-09-17 19:40:04.754 [info] > git status -z -uall [1ms]
2024-09-17 19:40:04.759 [info] > git for-each-ref --format=%(refname)%00%(upstream:short)%00%(objectname)%00%(upstream:track)%00%(upstream:remotename)%00%(upstream:remoteref) refs/heads/master refs/remotes/master [1ms]
2024-09-17 19:40:04.759 [warning] [Git][getBranch] No such branch: master
2024-09-17 19:40:09.772 [info] [Git][getRemotes] No remotes found in the git config file
2024-09-17 19:40:09.772 [info] > git config --get commit.template [5ms]
2024-09-17 19:40:09.772 [info] > git for-each-ref --format=%(refname)%00%(upstream:short)%00%(objectname)%00%(upstream:track)%00%(upstream:remotename)%00%(upstream:remoteref) refs/heads/master refs/remotes/master [0ms]
2024-09-17 19:40:09.772 [warning] [Git][getBranch] No such branch: master
2024-09-17 19:40:09.778 [info] > git status -z -uall [1ms]
2024-09-17 19:40:09.783 [info] > git for-each-ref --format=%(refname)%00%(upstream:short)%00%(objectname)%00%(upstream:track)%00%(upstream:remotename)%00%(upstream:remoteref) refs/heads/master refs/remotes/master [1ms]
2024-09-17 19:40:09.783 [warning] [Git][getBranch] No such branch: master
2024-09-17 19:40:19.814 [info] [Git][getRemotes] No remotes found in the git config file
2024-09-17 19:40:19.814 [info] > git config --get commit.template [4ms]
2024-09-17 19:40:19.815 [info] > git for-each-ref --format=%(refname)%00%(upstream:short)%00%(objectname)%00%(upstream:track)%00%(upstream:remotename)%00%(upstream:remoteref) refs/heads/master refs/remotes/master [1ms]
2024-09-17 19:40:19.815 [warning] [Git][getBranch] No such branch: master
2024-09-17 19:40:19.820 [info] > git status -z -uall [1ms]
2024-09-17 19:40:19.825 [info] > git for-each-ref --format=%(refname)%00%(upstream:short)%00%(objectname)%00%(upstream:track)%00%(upstream:remotename)%00%(upstream:remoteref) refs/heads/master refs/remotes/master [1ms]
2024-09-17 19:40:19.825 [warning] [Git][getBranch] No such branch: master
2024-09-17 19:40:24.835 [info] [Git][getRemotes] No remotes found in the git config file
2024-09-17 19:40:24.836 [info] > git config --get commit.template [5ms]
2024-09-17 19:40:24.836 [info] > git for-each-ref --format=%(refname)%00%(upstream:short)%00%(objectname)%00%(upstream:track)%00%(upstream:remotename)%00%(upstream:remoteref) refs/heads/master refs/remotes/master [1ms]
2024-09-17 19:40:24.836 [warning] [Git][getBranch] No such branch: master
2024-09-17 19:40:24.841 [info] > git status -z -uall [1ms]
2024-09-17 19:40:24.846 [info] > git for-each-ref --format=%(refname)%00%(upstream:short)%00%(objectname)%00%(upstream:track)%00%(upstream:remotename)%00%(upstream:remoteref) refs/heads/master refs/remotes/master [1ms]
2024-09-17 19:40:24.846 [warning] [Git][getBranch] No such branch: master
2024-09-17 19:40:56.041 [info] > git show --textconv :src/text_to_speech.rs [5ms]
2024-09-17 19:40:56.041 [info] > git ls-files --stage -- /home/arch/Projects/Rust/voice/src/text_to_speech.rs [1ms]
2024-09-17 19:41:20.282 [info] [Git][getRemotes] No remotes found in the git config file
2024-09-17 19:41:20.282 [info] > git config --get commit.template [5ms]
2024-09-17 19:41:20.283 [info] > git for-each-ref --format=%(refname)%00%(upstream:short)%00%(objectname)%00%(upstream:track)%00%(upstream:remotename)%00%(upstream:remoteref) refs/heads/master refs/remotes/master [1ms]
2024-09-17 19:41:20.283 [warning] [Git][getBranch] No such branch: master
2024-09-17 19:41:20.288 [info] > git status -z -uall [1ms]
2024-09-17 19:41:20.293 [info] > git for-each-ref --format=%(refname)%00%(upstream:short)%00%(objectname)%00%(upstream:track)%00%(upstream:remotename)%00%(upstream:remoteref) refs/heads/master refs/remotes/master [2ms]
2024-09-17 19:41:20.293 [warning] [Git][getBranch] No such branch: master
2024-09-17 19:41:32.484 [info] [Git][getRemotes] No remotes found in the git config file
2024-09-17 19:41:32.484 [info] > git config --get commit.template [4ms]
2024-09-17 19:41:32.484 [info] > git for-each-ref --format=%(refname)%00%(upstream:short)%00%(objectname)%00%(upstream:track)%00%(upstream:remotename)%00%(upstream:remoteref) refs/heads/master refs/remotes/master [0ms]
2024-09-17 19:41:32.485 [warning] [Git][getBranch] No such branch: master
2024-09-17 19:41:32.489 [info] > git status -z -uall [1ms]
2024-09-17 19:41:32.493 [info] > git for-each-ref --format=%(refname)%00%(upstream:short)%00%(objectname)%00%(upstream:track)%00%(upstream:remotename)%00%(upstream:remoteref) refs/heads/master refs/remotes/master [1ms]
2024-09-17 19:41:32.493 [warning] [Git][getBranch] No such branch: master
2024-09-17 19:41:37.504 [info] [Git][getRemotes] No remotes found in the git config file
2024-09-17 19:41:37.504 [info] > git config --get commit.template [4ms]
2024-09-17 19:41:37.505 [info] > git for-each-ref --format=%(refname)%00%(upstream:short)%00%(objectname)%00%(upstream:track)%00%(upstream:remotename)%00%(upstream:remoteref) refs/heads/master refs/remotes/master [1ms]
2024-09-17 19:41:37.505 [warning] [Git][getBranch] No such branch: master
2024-09-17 19:41:37.510 [info] > git status -z -uall [1ms]
2024-09-17 19:41:37.515 [info] > git for-each-ref --format=%(refname)%00%(upstream:short)%00%(objectname)%00%(upstream:track)%00%(upstream:remotename)%00%(upstream:remoteref) refs/heads/master refs/remotes/master [1ms]
2024-09-17 19:41:37.515 [warning] [Git][getBranch] No such branch: master
2024-09-17 19:41:39.438 [info] > git show --textconv :src/audio.rs [6ms]
2024-09-17 19:41:39.439 [info] > git ls-files --stage -- /home/arch/Projects/Rust/voice/src/audio.rs [1ms]
2024-09-17 19:41:41.555 [info] > git show --textconv :src/main.rs [5ms]
2024-09-17 19:41:41.555 [info] > git ls-files --stage -- /home/arch/Projects/Rust/voice/src/main.rs [1ms]
2024-09-17 19:41:53.019 [info] [Git][getRemotes] No remotes found in the git config file
2024-09-17 19:41:53.024 [info] > git config --get commit.template [4ms]
2024-09-17 19:41:53.024 [info] > git for-each-ref --format=%(refname)%00%(upstream:short)%00%(objectname)%00%(upstream:track)%00%(upstream:remotename)%00%(upstream:remoteref) refs/heads/master refs/remotes/master [1ms]
2024-09-17 19:41:53.024 [warning] [Git][getBranch] No such branch: master
2024-09-17 19:41:53.029 [info] > git status -z -uall [1ms]
2024-09-17 19:41:53.034 [info] > git for-each-ref --format=%(refname)%00%(upstream:short)%00%(objectname)%00%(upstream:track)%00%(upstream:remotename)%00%(upstream:remoteref) refs/heads/master refs/remotes/master [1ms]
2024-09-17 19:41:53.034 [warning] [Git][getBranch] No such branch: master
2024-09-17 19:41:58.049 [info] [Git][getRemotes] No remotes found in the git config file
2024-09-17 19:41:58.050 [info] > git config --get commit.template [7ms]
2024-09-17 19:41:58.050 [info] > git for-each-ref --format=%(refname)%00%(upstream:short)%00%(objectname)%00%(upstream:track)%00%(upstream:remotename)%00%(upstream:remoteref) refs/heads/master refs/remotes/master [1ms]
2024-09-17 19:41:58.050 [warning] [Git][getBranch] No such branch: master
2024-09-17 19:41:58.057 [info] > git status -z -uall [2ms]
2024-09-17 19:41:58.065 [info] > git for-each-ref --format=%(refname)%00%(upstream:short)%00%(objectname)%00%(upstream:track)%00%(upstream:remotename)%00%(upstream:remoteref) refs/heads/master refs/remotes/master [2ms]
2024-09-17 19:41:58.065 [warning] [Git][getBranch] No such branch: master
2024-09-17 19:42:03.077 [info] [Git][getRemotes] No remotes found in the git config file
2024-09-17 19:42:03.078 [info] > git config --get commit.template [5ms]
2024-09-17 19:42:03.078 [info] > git for-each-ref --format=%(refname)%00%(upstream:short)%00%(objectname)%00%(upstream:track)%00%(upstream:remotename)%00%(upstream:remoteref) refs/heads/master refs/remotes/master [1ms]
2024-09-17 19:42:03.078 [warning] [Git][getBranch] No such branch: master
2024-09-17 19:42:03.083 [info] > git status -z -uall [1ms]
2024-09-17 19:42:03.089 [info] > git for-each-ref --format=%(refname)%00%(upstream:short)%00%(objectname)%00%(upstream:track)%00%(upstream:remotename)%00%(upstream:remoteref) refs/heads/master refs/remotes/master [2ms]
2024-09-17 19:42:03.089 [warning] [Git][getBranch] No such branch: master
2024-09-17 19:42:11.937 [info] [Git][getRemotes] No remotes found in the git config file
2024-09-17 19:42:11.937 [info] > git config --get commit.template [5ms]
2024-09-17 19:42:11.938 [info] > git for-each-ref --format=%(refname)%00%(upstream:short)%00%(objectname)%00%(upstream:track)%00%(upstream:remotename)%00%(upstream:remoteref) refs/heads/master refs/remotes/master [1ms]
2024-09-17 19:42:11.938 [warning] [Git][getBranch] No such branch: master
2024-09-17 19:42:11.943 [info] > git status -z -uall [1ms]
2024-09-17 19:42:11.948 [info] > git for-each-ref --format=%(refname)%00%(upstream:short)%00%(objectname)%00%(upstream:track)%00%(upstream:remotename)%00%(upstream:remoteref) refs/heads/master refs/remotes/master [1ms]
2024-09-17 19:42:11.948 [warning] [Git][getBranch] No such branch: master
2024-09-17 19:42:16.960 [info] [Git][getRemotes] No remotes found in the git config file
2024-09-17 19:42:16.961 [info] > git config --get commit.template [5ms]
2024-09-17 19:42:16.961 [info] > git for-each-ref --format=%(refname)%00%(upstream:short)%00%(objectname)%00%(upstream:track)%00%(upstream:remotename)%00%(upstream:remoteref) refs/heads/master refs/remotes/master [1ms]
2024-09-17 19:42:16.961 [warning] [Git][getBranch] No such branch: master
2024-09-17 19:42:16.966 [info] > git status -z -uall [1ms]
2024-09-17 19:42:16.971 [info] > git for-each-ref --format=%(refname)%00%(upstream:short)%00%(objectname)%00%(upstream:track)%00%(upstream:remotename)%00%(upstream:remoteref) refs/heads/master refs/remotes/master [1ms]
2024-09-17 19:42:16.971 [warning] [Git][getBranch] No such branch: master
2024-09-17 19:42:21.986 [info] [Git][getRemotes] No remotes found in the git config file
2024-09-17 19:42:21.986 [info] > git config --get commit.template [5ms]
2024-09-17 19:42:21.987 [info] > git for-each-ref --format=%(refname)%00%(upstream:short)%00%(objectname)%00%(upstream:track)%00%(upstream:remotename)%00%(upstream:remoteref) refs/heads/master refs/remotes/master [1ms]
2024-09-17 19:42:21.987 [warning] [Git][getBranch] No such branch: master
2024-09-17 19:42:21.991 [info] > git status -z -uall [1ms]
2024-09-17 19:42:21.996 [info] > git for-each-ref --format=%(refname)%00%(upstream:short)%00%(objectname)%00%(upstream:track)%00%(upstream:remotename)%00%(upstream:remoteref) refs/heads/master refs/remotes/master [0ms]
2024-09-17 19:42:21.996 [warning] [Git][getBranch] No such branch: master
2024-09-17 19:42:25.081 [info] > git show --textconv :src/tts.py [4ms]
2024-09-17 19:42:25.081 [info] > git ls-files --stage -- /home/arch/Projects/Rust/voice/src/tts.py [0ms]
2024-09-17 19:42:26.617 [info] > git show --textconv :src/test.rs [5ms]
2024-09-17 19:42:26.617 [info] > git ls-files --stage -- /home/arch/Projects/Rust/voice/src/test.rs [1ms]
2024-09-17 19:42:32.768 [info] > git show --textconv :src/text_to_speech.rs [4ms]
2024-09-17 19:42:32.769 [info] > git ls-files --stage -- /home/arch/Projects/Rust/voice/src/text_to_speech.rs [1ms]
2024-09-17 19:42:40.268 [info] > git show --textconv :src/test.rs [4ms]
2024-09-17 19:42:40.269 [info] > git ls-files --stage -- /home/arch/Projects/Rust/voice/src/test.rs [1ms]
2024-09-17 19:43:16.163 [info] > git show --textconv :src/text_to_speech.rs [5ms]
2024-09-17 19:43:16.164 [info] > git ls-files --stage -- /home/arch/Projects/Rust/voice/src/text_to_speech.rs [1ms]
2024-09-17 19:43:37.286 [info] [Git][getRemotes] No remotes found in the git config file
2024-09-17 19:43:37.286 [info] > git config --get commit.template [4ms]
2024-09-17 19:43:37.287 [info] > git for-each-ref --format=%(refname)%00%(upstream:short)%00%(objectname)%00%(upstream:track)%00%(upstream:remotename)%00%(upstream:remoteref) refs/heads/master refs/remotes/master [1ms]
2024-09-17 19:43:37.287 [warning] [Git][getBranch] No such branch: master
2024-09-17 19:43:37.291 [info] > git status -z -uall [1ms]
2024-09-17 19:43:37.296 [info] > git for-each-ref --format=%(refname)%00%(upstream:short)%00%(objectname)%00%(upstream:track)%00%(upstream:remotename)%00%(upstream:remoteref) refs/heads/master refs/remotes/master [1ms]
2024-09-17 19:43:37.296 [warning] [Git][getBranch] No such branch: master
2024-09-17 19:43:55.246 [info] [Git][getRemotes] No remotes found in the git config file
2024-09-17 19:43:55.246 [info] > git config --get commit.template [5ms]
2024-09-17 19:43:55.246 [info] > git for-each-ref --format=%(refname)%00%(upstream:short)%00%(objectname)%00%(upstream:track)%00%(upstream:remotename)%00%(upstream:remoteref) refs/heads/master refs/remotes/master [0ms]
2024-09-17 19:43:55.247 [warning] [Git][getBranch] No such branch: master
2024-09-17 19:43:55.252 [info] > git status -z -uall [1ms]
2024-09-17 19:43:55.256 [info] > git for-each-ref --format=%(refname)%00%(upstream:short)%00%(objectname)%00%(upstream:track)%00%(upstream:remotename)%00%(upstream:remoteref) refs/heads/master refs/remotes/master [0ms]
2024-09-17 19:43:55.256 [warning] [Git][getBranch] No such branch: master
2024-09-17 19:43:55.984 [info] > git show --textconv :src/tts.py [5ms]
2024-09-17 19:43:55.984 [info] > git ls-files --stage -- /home/arch/Projects/Rust/voice/src/tts.py [0ms]
2024-09-17 19:43:56.410 [info] > git show --textconv :src/test.rs [4ms]
2024-09-17 19:43:56.411 [info] > git ls-files --stage -- /home/arch/Projects/Rust/voice/src/test.rs [1ms]
2024-09-17 19:44:03.232 [info] > git show --textconv :src/text_to_speech.rs [5ms]
2024-09-17 19:44:03.233 [info] > git ls-files --stage -- /home/arch/Projects/Rust/voice/src/text_to_speech.rs [1ms]
2024-09-17 19:44:37.616 [info] [Git][getRemotes] No remotes found in the git config file
2024-09-17 19:44:37.616 [info] > git config --get commit.template [4ms]
2024-09-17 19:44:37.617 [info] > git for-each-ref --format=%(refname)%00%(upstream:short)%00%(objectname)%00%(upstream:track)%00%(upstream:remotename)%00%(upstream:remoteref) refs/heads/master refs/remotes/master [1ms]
2024-09-17 19:44:37.617 [warning] [Git][getBranch] No such branch: master
2024-09-17 19:44:37.622 [info] > git status -z -uall [1ms]
2024-09-17 19:44:37.627 [info] > git for-each-ref --format=%(refname)%00%(upstream:short)%00%(objectname)%00%(upstream:track)%00%(upstream:remotename)%00%(upstream:remoteref) refs/heads/master refs/remotes/master [1ms]
2024-09-17 19:44:37.627 [warning] [Git][getBranch] No such branch: master
2024-09-17 19:44:48.974 [info] > git show --textconv :src/test.rs [5ms]
2024-09-17 19:44:48.974 [info] > git ls-files --stage -- /home/arch/Projects/Rust/voice/src/test.rs [1ms]
2024-09-17 19:44:56.436 [info] > git show --textconv :src/audio.rs [4ms]
2024-09-17 19:44:56.437 [info] > git ls-files --stage -- /home/arch/Projects/Rust/voice/src/audio.rs [1ms]
2024-09-17 19:44:58.366 [info] > git show --textconv :src/text_to_speech.rs [5ms]
2024-09-17 19:44:58.366 [info] > git ls-files --stage -- /home/arch/Projects/Rust/voice/src/text_to_speech.rs [1ms]
2024-09-17 19:45:12.895 [info] [Git][getRemotes] No remotes found in the git config file
2024-09-17 19:45:12.895 [info] > git config --get commit.template [4ms]
2024-09-17 19:45:12.896 [info] > git for-each-ref --format=%(refname)%00%(upstream:short)%00%(objectname)%00%(upstream:track)%00%(upstream:remotename)%00%(upstream:remoteref) refs/heads/master refs/remotes/master [1ms]
2024-09-17 19:45:12.896 [warning] [Git][getBranch] No such branch: master
2024-09-17 19:45:12.901 [info] > git status -z -uall [1ms]
2024-09-17 19:45:12.907 [info] > git for-each-ref --format=%(refname)%00%(upstream:short)%00%(objectname)%00%(upstream:track)%00%(upstream:remotename)%00%(upstream:remoteref) refs/heads/master refs/remotes/master [1ms]
2024-09-17 19:45:12.907 [warning] [Git][getBranch] No such branch: master
2024-09-17 19:45:13.303 [info] > git show --textconv :src/test.rs [5ms]
2024-09-17 19:45:13.303 [info] > git ls-files --stage -- /home/arch/Projects/Rust/voice/src/test.rs [0ms]
2024-09-17 19:45:22.705 [info] > git show --textconv :src/text_to_speech.rs [5ms]
2024-09-17 19:45:22.705 [info] > git ls-files --stage -- /home/arch/Projects/Rust/voice/src/text_to_speech.rs [1ms]
2024-09-17 19:45:46.611 [info] [Git][getRemotes] No remotes found in the git config file
2024-09-17 19:45:46.611 [info] > git config --get commit.template [5ms]
2024-09-17 19:45:46.612 [info] > git for-each-ref --format=%(refname)%00%(upstream:short)%00%(objectname)%00%(upstream:track)%00%(upstream:remotename)%00%(upstream:remoteref) refs/heads/master refs/remotes/master [1ms]
2024-09-17 19:45:46.612 [warning] [Git][getBranch] No such branch: master
2024-09-17 19:45:46.617 [info] > git status -z -uall [1ms]
2024-09-17 19:45:46.622 [info] > git for-each-ref --format=%(refname)%00%(upstream:short)%00%(objectname)%00%(upstream:track)%00%(upstream:remotename)%00%(upstream:remoteref) refs/heads/master refs/remotes/master [1ms]
2024-09-17 19:45:46.622 [warning] [Git][getBranch] No such branch: master
2024-09-17 19:45:51.633 [info] [Git][getRemotes] No remotes found in the git config file
2024-09-17 19:45:51.634 [info] > git config --get commit.template [5ms]
2024-09-17 19:45:51.634 [info] > git for-each-ref --format=%(refname)%00%(upstream:short)%00%(objectname)%00%(upstream:track)%00%(upstream:remotename)%00%(upstream:remoteref) refs/heads/master refs/remotes/master [1ms]
2024-09-17 19:45:51.634 [warning] [Git][getBranch] No such branch: master
2024-09-17 19:45:51.640 [info] > git status -z -uall [1ms]
2024-09-17 19:45:51.645 [info] > git for-each-ref --format=%(refname)%00%(upstream:short)%00%(objectname)%00%(upstream:track)%00%(upstream:remotename)%00%(upstream:remoteref) refs/heads/master refs/remotes/master [1ms]
2024-09-17 19:45:51.645 [warning] [Git][getBranch] No such branch: master
2024-09-17 19:46:02.023 [info] [Git][getRemotes] No remotes found in the git config file
2024-09-17 19:46:02.023 [info] > git config --get commit.template [5ms]
2024-09-17 19:46:02.023 [info] > git for-each-ref --format=%(refname)%00%(upstream:short)%00%(objectname)%00%(upstream:track)%00%(upstream:remotename)%00%(upstream:remoteref) refs/heads/master refs/remotes/master [0ms]
2024-09-17 19:46:02.023 [warning] [Git][getBranch] No such branch: master
2024-09-17 19:46:02.028 [info] > git status -z -uall [1ms]
2024-09-17 19:46:02.034 [info] > git for-each-ref --format=%(refname)%00%(upstream:short)%00%(objectname)%00%(upstream:track)%00%(upstream:remotename)%00%(upstream:remoteref) refs/heads/master refs/remotes/master [1ms]
2024-09-17 19:46:02.034 [warning] [Git][getBranch] No such branch: master
2024-09-17 19:46:02.144 [info] > git show --textconv :src/test.rs [5ms]
2024-09-17 19:46:02.144 [info] > git ls-files --stage -- /home/arch/Projects/Rust/voice/src/test.rs [0ms]
2024-09-17 19:46:06.484 [info] > git show --textconv :src/text_to_speech.rs [5ms]
2024-09-17 19:46:06.484 [info] > git ls-files --stage -- /home/arch/Projects/Rust/voice/src/text_to_speech.rs [1ms]
2024-09-17 19:46:09.856 [info] > git show --textconv :src/main.rs [4ms]
2024-09-17 19:46:09.857 [info] > git ls-files --stage -- /home/arch/Projects/Rust/voice/src/main.rs [1ms]
2024-09-17 19:46:12.595 [info] [Git][getRemotes] No remotes found in the git config file
2024-09-17 19:46:12.595 [info] > git config --get commit.template [4ms]
2024-09-17 19:46:12.596 [info] > git for-each-ref --format=%(refname)%00%(upstream:short)%00%(objectname)%00%(upstream:track)%00%(upstream:remotename)%00%(upstream:remoteref) refs/heads/master refs/remotes/master [1ms]
2024-09-17 19:46:12.596 [warning] [Git][getBranch] No such branch: master
2024-09-17 19:46:12.601 [info] > git status -z -uall [1ms]
2024-09-17 19:46:12.605 [info] > git for-each-ref --format=%(refname)%00%(upstream:short)%00%(objectname)%00%(upstream:track)%00%(upstream:remotename)%00%(upstream:remoteref) refs/heads/master refs/remotes/master [0ms]
2024-09-17 19:46:12.605 [warning] [Git][getBranch] No such branch: master
2024-09-17 19:46:17.613 [info] [Git][getRemotes] No remotes found in the git config file
2024-09-17 19:46:17.617 [info] > git config --get commit.template [4ms]
2024-09-17 19:46:17.618 [info] > git for-each-ref --format=%(refname)%00%(upstream:short)%00%(objectname)%00%(upstream:track)%00%(upstream:remotename)%00%(upstream:remoteref) refs/heads/master refs/remotes/master [1ms]
2024-09-17 19:46:17.618 [warning] [Git][getBranch] No such branch: master
2024-09-17 19:46:17.622 [info] > git status -z -uall [1ms]
2024-09-17 19:46:17.627 [info] > git for-each-ref --format=%(refname)%00%(upstream:short)%00%(objectname)%00%(upstream:track)%00%(upstream:remotename)%00%(upstream:remoteref) refs/heads/master refs/remotes/master [0ms]
2024-09-17 19:46:17.627 [warning] [Git][getBranch] No such branch: master
2024-09-17 19:46:22.642 [info] [Git][getRemotes] No remotes found in the git config file
2024-09-17 19:46:22.642 [info] > git config --get commit.template [5ms]
2024-09-17 19:46:22.643 [info] > git for-each-ref --format=%(refname)%00%(upstream:short)%00%(objectname)%00%(upstream:track)%00%(upstream:remotename)%00%(upstream:remoteref) refs/heads/master refs/remotes/master [1ms]
2024-09-17 19:46:22.643 [warning] [Git][getBranch] No such branch: master
2024-09-17 19:46:22.647 [info] > git status -z -uall [1ms]
2024-09-17 19:46:22.652 [info] > git for-each-ref --format=%(refname)%00%(upstream:short)%00%(objectname)%00%(upstream:track)%00%(upstream:remotename)%00%(upstream:remoteref) refs/heads/master refs/remotes/master [1ms]
2024-09-17 19:46:22.652 [warning] [Git][getBranch] No such branch: master
2024-09-17 19:46:25.267 [info] > git show --textconv :src/text_to_speech.rs [5ms]
2024-09-17 19:46:25.267 [info] > git ls-files --stage -- /home/arch/Projects/Rust/voice/src/text_to_speech.rs [1ms]
2024-09-17 19:46:58.674 [info] [Git][getRemotes] No remotes found in the git config file
2024-09-17 19:46:58.674 [info] > git config --get commit.template [5ms]
2024-09-17 19:46:58.674 [info] > git for-each-ref --format=%(refname)%00%(upstream:short)%00%(objectname)%00%(upstream:track)%00%(upstream:remotename)%00%(upstream:remoteref) refs/heads/master refs/remotes/master [1ms]
2024-09-17 19:46:58.674 [warning] [Git][getBranch] No such branch: master
2024-09-17 19:46:58.679 [info] > git status -z -uall [1ms]
2024-09-17 19:46:58.684 [info] > git for-each-ref --format=%(refname)%00%(upstream:short)%00%(objectname)%00%(upstream:track)%00%(upstream:remotename)%00%(upstream:remoteref) refs/heads/master refs/remotes/master [0ms]
2024-09-17 19:46:58.684 [warning] [Git][getBranch] No such branch: master
2024-09-17 19:47:03.698 [info] [Git][getRemotes] No remotes found in the git config file
2024-09-17 19:47:03.699 [info] > git config --get commit.template [7ms]
2024-09-17 19:47:03.699 [info] > git for-each-ref --format=%(refname)%00%(upstream:short)%00%(objectname)%00%(upstream:track)%00%(upstream:remotename)%00%(upstream:remoteref) refs/heads/master refs/remotes/master [1ms]
2024-09-17 19:47:03.699 [warning] [Git][getBranch] No such branch: master
2024-09-17 19:47:03.706 [info] > git status -z -uall [1ms]
2024-09-17 19:47:03.714 [info] > git for-each-ref --format=%(refname)%00%(upstream:short)%00%(objectname)%00%(upstream:track)%00%(upstream:remotename)%00%(upstream:remoteref) refs/heads/master refs/remotes/master [2ms]
2024-09-17 19:47:03.714 [warning] [Git][getBranch] No such branch: master
2024-09-17 19:47:08.727 [info] [Git][getRemotes] No remotes found in the git config file
2024-09-17 19:47:08.727 [info] > git config --get commit.template [4ms]
2024-09-17 19:47:08.728 [info] > git for-each-ref --format=%(refname)%00%(upstream:short)%00%(objectname)%00%(upstream:track)%00%(upstream:remotename)%00%(upstream:remoteref) refs/heads/master refs/remotes/master [1ms]
2024-09-17 19:47:08.728 [warning] [Git][getBranch] No such branch: master
2024-09-17 19:47:08.733 [info] > git status -z -uall [1ms]
2024-09-17 19:47:08.738 [info] > git for-each-ref --format=%(refname)%00%(upstream:short)%00%(objectname)%00%(upstream:track)%00%(upstream:remotename)%00%(upstream:remoteref) refs/heads/master refs/remotes/master [0ms]
2024-09-17 19:47:08.739 [warning] [Git][getBranch] No such branch: master
2024-09-17 19:47:27.857 [info] [Git][getRemotes] No remotes found in the git config file
2024-09-17 19:47:27.858 [info] > git config --get commit.template [4ms]
2024-09-17 19:47:27.858 [info] > git for-each-ref --format=%(refname)%00%(upstream:short)%00%(objectname)%00%(upstream:track)%00%(upstream:remotename)%00%(upstream:remoteref) refs/heads/master refs/remotes/master [1ms]
2024-09-17 19:47:27.858 [warning] [Git][getBranch] No such branch: master
2024-09-17 19:47:27.863 [info] > git status -z -uall [1ms]
2024-09-17 19:47:27.867 [info] > git for-each-ref --format=%(refname)%00%(upstream:short)%00%(objectname)%00%(upstream:track)%00%(upstream:remotename)%00%(upstream:remoteref) refs/heads/master refs/remotes/master [0ms]
2024-09-17 19:47:27.867 [warning] [Git][getBranch] No such branch: master
2024-09-17 19:47:51.094 [info] > git show --textconv :src/text_to_speech.rs [4ms]
2024-09-17 19:47:51.094 [info] > git ls-files --stage -- /home/arch/Projects/Rust/voice/src/text_to_speech.rs [0ms]
2024-09-17 19:49:26.392 [info] [Git][getRemotes] No remotes found in the git config file
2024-09-17 19:49:26.397 [info] > git config --get commit.template [5ms]
2024-09-17 19:49:26.398 [info] > git for-each-ref --format=%(refname)%00%(upstream:short)%00%(objectname)%00%(upstream:track)%00%(upstream:remotename)%00%(upstream:remoteref) refs/heads/master refs/remotes/master [1ms]
2024-09-17 19:49:26.398 [warning] [Git][getBranch] No such branch: master
2024-09-17 19:49:26.403 [info] > git status -z -uall [1ms]
2024-09-17 19:49:26.408 [info] > git for-each-ref --format=%(refname)%00%(upstream:short)%00%(objectname)%00%(upstream:track)%00%(upstream:remotename)%00%(upstream:remoteref) refs/heads/master refs/remotes/master [1ms]
2024-09-17 19:49:26.408 [warning] [Git][getBranch] No such branch: master
2024-09-17 19:49:38.462 [info] [Git][getRemotes] No remotes found in the git config file
2024-09-17 19:49:38.462 [info] > git config --get commit.template [5ms]
2024-09-17 19:49:38.462 [info] > git for-each-ref --format=%(refname)%00%(upstream:short)%00%(objectname)%00%(upstream:track)%00%(upstream:remotename)%00%(upstream:remoteref) refs/heads/master refs/remotes/master [1ms]
2024-09-17 19:49:38.462 [warning] [Git][getBranch] No such branch: master
2024-09-17 19:49:38.467 [info] > git status -z -uall [1ms]
2024-09-17 19:49:38.471 [info] > git for-each-ref --format=%(refname)%00%(upstream:short)%00%(objectname)%00%(upstream:track)%00%(upstream:remotename)%00%(upstream:remoteref) refs/heads/master refs/remotes/master [1ms]
2024-09-17 19:49:38.471 [warning] [Git][getBranch] No such branch: master
2024-09-17 19:49:52.910 [info] [Git][getRemotes] No remotes found in the git config file
2024-09-17 19:49:52.911 [info] > git config --get commit.template [5ms]
2024-09-17 19:49:52.911 [info] > git for-each-ref --format=%(refname)%00%(upstream:short)%00%(objectname)%00%(upstream:track)%00%(upstream:remotename)%00%(upstream:remoteref) refs/heads/master refs/remotes/master [1ms]
2024-09-17 19:49:52.911 [warning] [Git][getBranch] No such branch: master
2024-09-17 19:49:52.916 [info] > git status -z -uall [1ms]
2024-09-17 19:49:52.921 [info] > git for-each-ref --format=%(refname)%00%(upstream:short)%00%(objectname)%00%(upstream:track)%00%(upstream:remotename)%00%(upstream:remoteref) refs/heads/master refs/remotes/master [1ms]
2024-09-17 19:49:52.921 [warning] [Git][getBranch] No such branch: master
2024-09-17 19:49:56.791 [info] > git show --textconv :src/audio.rs [5ms]
2024-09-17 19:49:56.791 [info] > git ls-files --stage -- /home/arch/Projects/Rust/voice/src/audio.rs [1ms]
2024-09-17 19:49:58.143 [info] > git show --textconv :src/main.rs [5ms]
2024-09-17 19:49:58.143 [info] > git ls-files --stage -- /home/arch/Projects/Rust/voice/src/main.rs [0ms]
2024-09-17 19:50:14.892 [info] [Git][getRemotes] No remotes found in the git config file
2024-09-17 19:50:14.893 [info] > git config --get commit.template [4ms]
2024-09-17 19:50:14.893 [info] > git for-each-ref --format=%(refname)%00%(upstream:short)%00%(objectname)%00%(upstream:track)%00%(upstream:remotename)%00%(upstream:remoteref) refs/heads/master refs/remotes/master [1ms]
2024-09-17 19:50:14.893 [warning] [Git][getBranch] No such branch: master
2024-09-17 19:50:14.898 [info] > git status -z -uall [1ms]
2024-09-17 19:50:14.902 [info] > git for-each-ref --format=%(refname)%00%(upstream:short)%00%(objectname)%00%(upstream:track)%00%(upstream:remotename)%00%(upstream:remoteref) refs/heads/master refs/remotes/master [0ms]
2024-09-17 19:50:14.902 [warning] [Git][getBranch] No such branch: master
2024-09-17 19:50:15.784 [info] > git show --textconv :src/text_to_speech.rs [6ms]
2024-09-17 19:50:15.784 [info] > git ls-files --stage -- /home/arch/Projects/Rust/voice/src/text_to_speech.rs [1ms]
2024-09-17 19:50:24.332 [info] [Git][getRemotes] No remotes found in the git config file
2024-09-17 19:50:24.333 [info] > git config --get commit.template [5ms]
2024-09-17 19:50:24.333 [info] > git for-each-ref --format=%(refname)%00%(upstream:short)%00%(objectname)%00%(upstream:track)%00%(upstream:remotename)%00%(upstream:remoteref) refs/heads/master refs/remotes/master [1ms]
2024-09-17 19:50:24.333 [warning] [Git][getBranch] No such branch: master
2024-09-17 19:50:24.338 [info] > git status -z -uall [1ms]
2024-09-17 19:50:24.343 [info] > git for-each-ref --format=%(refname)%00%(upstream:short)%00%(objectname)%00%(upstream:track)%00%(upstream:remotename)%00%(upstream:remoteref) refs/heads/master refs/remotes/master [1ms]
2024-09-17 19:50:24.343 [warning] [Git][getBranch] No such branch: master
2024-09-17 19:50:29.353 [info] [Git][getRemotes] No remotes found in the git config file
2024-09-17 19:50:29.353 [info] > git config --get commit.template [5ms]
2024-09-17 19:50:29.354 [info] > git for-each-ref --format=%(refname)%00%(upstream:short)%00%(objectname)%00%(upstream:track)%00%(upstream:remotename)%00%(upstream:remoteref) refs/heads/master refs/remotes/master [1ms]
2024-09-17 19:50:29.354 [warning] [Git][getBranch] No such branch: master
2024-09-17 19:50:29.359 [info] > git status -z -uall [1ms]
2024-09-17 19:50:29.364 [info] > git for-each-ref --format=%(refname)%00%(upstream:short)%00%(objectname)%00%(upstream:track)%00%(upstream:remotename)%00%(upstream:remoteref) refs/heads/master refs/remotes/master [1ms]
2024-09-17 19:50:29.364 [warning] [Git][getBranch] No such branch: master
2024-09-17 19:50:34.987 [info] > git show --textconv :src/main.rs [4ms]
2024-09-17 19:50:34.988 [info] > git ls-files --stage -- /home/arch/Projects/Rust/voice/src/main.rs [1ms]
2024-09-17 19:50:40.283 [info] [Git][getRemotes] No remotes found in the git config file
2024-09-17 19:50:40.283 [info] > git config --get commit.template [5ms]
2024-09-17 19:50:40.284 [info] > git for-each-ref --format=%(refname)%00%(upstream:short)%00%(objectname)%00%(upstream:track)%00%(upstream:remotename)%00%(upstream:remoteref) refs/heads/master refs/remotes/master [1ms]
2024-09-17 19:50:40.284 [warning] [Git][getBranch] No such branch: master
2024-09-17 19:50:40.288 [info] > git status -z -uall [1ms]
2024-09-17 19:50:40.293 [info] > git for-each-ref --format=%(refname)%00%(upstream:short)%00%(objectname)%00%(upstream:track)%00%(upstream:remotename)%00%(upstream:remoteref) refs/heads/master refs/remotes/master [1ms]
2024-09-17 19:50:40.293 [warning] [Git][getBranch] No such branch: master
2024-09-17 19:50:45.303 [info] [Git][getRemotes] No remotes found in the git config file
2024-09-17 19:50:45.309 [info] > git config --get commit.template [7ms]
2024-09-17 19:50:45.309 [info] > git for-each-ref --format=%(refname)%00%(upstream:short)%00%(objectname)%00%(upstream:track)%00%(upstream:remotename)%00%(upstream:remoteref) refs/heads/master refs/remotes/master [1ms]
2024-09-17 19:50:45.309 [warning] [Git][getBranch] No such branch: master
2024-09-17 19:50:45.316 [info] > git status -z -uall [2ms]
2024-09-17 19:50:45.323 [info] > git for-each-ref --format=%(refname)%00%(upstream:short)%00%(objectname)%00%(upstream:track)%00%(upstream:remotename)%00%(upstream:remoteref) refs/heads/master refs/remotes/master [2ms]
2024-09-17 19:50:45.323 [warning] [Git][getBranch] No such branch: master
2024-09-17 19:50:50.332 [info] [Git][getRemotes] No remotes found in the git config file
2024-09-17 19:50:50.332 [info] > git config --get commit.template [4ms]
2024-09-17 19:50:50.332 [info] > git for-each-ref --format=%(refname)%00%(upstream:short)%00%(objectname)%00%(upstream:track)%00%(upstream:remotename)%00%(upstream:remoteref) refs/heads/master refs/remotes/master [0ms]
2024-09-17 19:50:50.332 [warning] [Git][getBranch] No such branch: master
2024-09-17 19:50:50.337 [info] > git status -z -uall [1ms]
2024-09-17 19:50:50.342 [info] > git for-each-ref --format=%(refname)%00%(upstream:short)%00%(objectname)%00%(upstream:track)%00%(upstream:remotename)%00%(upstream:remoteref) refs/heads/master refs/remotes/master [1ms]
2024-09-17 19:50:50.342 [warning] [Git][getBranch] No such branch: master
2024-09-17 19:52:51.700 [info] > git show --textconv :src/main.rs [5ms]
2024-09-17 19:52:51.701 [info] > git ls-files --stage -- /home/arch/Projects/Rust/voice/src/main.rs [1ms]
2024-09-17 19:53:04.443 [info] [Git][getRemotes] No remotes found in the git config file
2024-09-17 19:53:04.443 [info] > git config --get commit.template [5ms]
2024-09-17 19:53:04.443 [info] > git for-each-ref --format=%(refname)%00%(upstream:short)%00%(objectname)%00%(upstream:track)%00%(upstream:remotename)%00%(upstream:remoteref) refs/heads/master refs/remotes/master [0ms]
2024-09-17 19:53:04.443 [warning] [Git][getBranch] No such branch: master
2024-09-17 19:53:04.448 [info] > git status -z -uall [1ms]
2024-09-17 19:53:04.453 [info] > git for-each-ref --format=%(refname)%00%(upstream:short)%00%(objectname)%00%(upstream:track)%00%(upstream:remotename)%00%(upstream:remoteref) refs/heads/master refs/remotes/master [1ms]
2024-09-17 19:53:04.453 [warning] [Git][getBranch] No such branch: master
2024-09-17 19:53:09.460 [info] [Git][getRemotes] No remotes found in the git config file
2024-09-17 19:53:09.461 [info] > git config --get commit.template [4ms]
2024-09-17 19:53:09.461 [info] > git for-each-ref --format=%(refname)%00%(upstream:short)%00%(objectname)%00%(upstream:track)%00%(upstream:remotename)%00%(upstream:remoteref) refs/heads/master refs/remotes/master [1ms]
2024-09-17 19:53:09.461 [warning] [Git][getBranch] No such branch: master
2024-09-17 19:53:09.465 [info] > git status -z -uall [1ms]
2024-09-17 19:53:09.470 [info] > git for-each-ref --format=%(refname)%00%(upstream:short)%00%(objectname)%00%(upstream:track)%00%(upstream:remotename)%00%(upstream:remoteref) refs/heads/master refs/remotes/master [1ms]
2024-09-17 19:53:09.470 [warning] [Git][getBranch] No such branch: master
2024-09-17 19:53:14.484 [info] [Git][getRemotes] No remotes found in the git config file
2024-09-17 19:53:14.485 [info] > git config --get commit.template [4ms]
2024-09-17 19:53:14.485 [info] > git for-each-ref --format=%(refname)%00%(upstream:short)%00%(objectname)%00%(upstream:track)%00%(upstream:remotename)%00%(upstream:remoteref) refs/heads/master refs/remotes/master [1ms]
2024-09-17 19:53:14.485 [warning] [Git][getBranch] No such branch: master
2024-09-17 19:53:14.491 [info] > git status -z -uall [2ms]
2024-09-17 19:53:14.495 [info] > git for-each-ref --format=%(refname)%00%(upstream:short)%00%(objectname)%00%(upstream:track)%00%(upstream:remotename)%00%(upstream:remoteref) refs/heads/master refs/remotes/master [1ms]
2024-09-17 19:53:14.495 [warning] [Git][getBranch] No such branch: master
2024-09-17 19:53:33.685 [info] > git show --textconv :src/main.rs [5ms]
2024-09-17 19:53:33.685 [info] > git ls-files --stage -- /home/arch/Projects/Rust/voice/src/main.rs [1ms]
2024-09-17 19:53:34.181 [info] > git show --textconv :src/build.rs [5ms]
2024-09-17 19:53:34.182 [info] > git ls-files --stage -- /home/arch/Projects/Rust/voice/src/build.rs [2ms]
2024-09-17 19:53:35.906 [info] > git show --textconv :src/main.rs [5ms]
2024-09-17 19:53:35.906 [info] > git ls-files --stage -- /home/arch/Projects/Rust/voice/src/main.rs [1ms]
2024-09-17 19:54:03.484 [info] > git show --textconv :src/main.rs [4ms]
2024-09-17 19:54:03.484 [info] > git ls-files --stage -- /home/arch/Projects/Rust/voice/src/main.rs [0ms]
2024-09-17 19:54:07.973 [info] [Git][getRemotes] No remotes found in the git config file
2024-09-17 19:54:07.974 [info] > git config --get commit.template [5ms]
2024-09-17 19:54:07.974 [info] > git for-each-ref --format=%(refname)%00%(upstream:short)%00%(objectname)%00%(upstream:track)%00%(upstream:remotename)%00%(upstream:remoteref) refs/heads/master refs/remotes/master [1ms]
2024-09-17 19:54:07.974 [warning] [Git][getBranch] No such branch: master
2024-09-17 19:54:07.979 [info] > git status -z -uall [1ms]
2024-09-17 19:54:07.984 [info] > git for-each-ref --format=%(refname)%00%(upstream:short)%00%(objectname)%00%(upstream:track)%00%(upstream:remotename)%00%(upstream:remoteref) refs/heads/master refs/remotes/master [1ms]
2024-09-17 19:54:07.984 [warning] [Git][getBranch] No such branch: master
2024-09-17 19:54:12.991 [info] [Git][getRemotes] No remotes found in the git config file
2024-09-17 19:54:12.995 [info] > git config --get commit.template [4ms]
2024-09-17 19:54:12.995 [info] > git for-each-ref --format=%(refname)%00%(upstream:short)%00%(objectname)%00%(upstream:track)%00%(upstream:remotename)%00%(upstream:remoteref) refs/heads/master refs/remotes/master [0ms]
2024-09-17 19:54:12.995 [warning] [Git][getBranch] No such branch: master
2024-09-17 19:54:13.000 [info] > git status -z -uall [1ms]
2024-09-17 19:54:13.005 [info] > git for-each-ref --format=%(refname)%00%(upstream:short)%00%(objectname)%00%(upstream:track)%00%(upstream:remotename)%00%(upstream:remoteref) refs/heads/master refs/remotes/master [1ms]
2024-09-17 19:54:13.005 [warning] [Git][getBranch] No such branch: master
2024-09-17 19:54:26.510 [info] > git show --textconv :src/text_to_speech.rs [5ms]
2024-09-17 19:54:26.511 [info] > git ls-files --stage -- /home/arch/Projects/Rust/voice/src/text_to_speech.rs [1ms]
2024-09-17 19:56:12.676 [info] [Git][getRemotes] No remotes found in the git config file
2024-09-17 19:56:12.677 [info] > git config --get commit.template [5ms]
2024-09-17 19:56:12.677 [info] > git for-each-ref --format=%(refname)%00%(upstream:short)%00%(objectname)%00%(upstream:track)%00%(upstream:remotename)%00%(upstream:remoteref) refs/heads/master refs/remotes/master [1ms]
2024-09-17 19:56:12.677 [warning] [Git][getBranch] No such branch: master
2024-09-17 19:56:12.682 [info] > git status -z -uall [1ms]
2024-09-17 19:56:12.688 [info] > git for-each-ref --format=%(refname)%00%(upstream:short)%00%(objectname)%00%(upstream:track)%00%(upstream:remotename)%00%(upstream:remoteref) refs/heads/master refs/remotes/master [2ms]
2024-09-17 19:56:12.688 [warning] [Git][getBranch] No such branch: master
2024-09-17 19:56:26.216 [info] [Git][getRemotes] No remotes found in the git config file
2024-09-17 19:56:26.220 [info] > git config --get commit.template [5ms]
2024-09-17 19:56:26.221 [info] > git for-each-ref --format=%(refname)%00%(upstream:short)%00%(objectname)%00%(upstream:track)%00%(upstream:remotename)%00%(upstream:remoteref) refs/heads/master refs/remotes/master [1ms]
2024-09-17 19:56:26.221 [warning] [Git][getBranch] No such branch: master
2024-09-17 19:56:26.225 [info] > git status -z -uall [1ms]
2024-09-17 19:56:26.230 [info] > git for-each-ref --format=%(refname)%00%(upstream:short)%00%(objectname)%00%(upstream:track)%00%(upstream:remotename)%00%(upstream:remoteref) refs/heads/master refs/remotes/master [1ms]
2024-09-17 19:56:26.230 [warning] [Git][getBranch] No such branch: master
2024-09-17 19:56:33.037 [info] [Git][getRemotes] No remotes found in the git config file
2024-09-17 19:56:33.038 [info] > git config --get commit.template [4ms]
2024-09-17 19:56:33.038 [info] > git for-each-ref --format=%(refname)%00%(upstream:short)%00%(objectname)%00%(upstream:track)%00%(upstream:remotename)%00%(upstream:remoteref) refs/heads/master refs/remotes/master [1ms]
2024-09-17 19:56:33.038 [warning] [Git][getBranch] No such branch: master
2024-09-17 19:56:33.042 [info] > git status -z -uall [1ms]
2024-09-17 19:56:33.047 [info] > git for-each-ref --format=%(refname)%00%(upstream:short)%00%(objectname)%00%(upstream:track)%00%(upstream:remotename)%00%(upstream:remoteref) refs/heads/master refs/remotes/master [1ms]
2024-09-17 19:56:33.047 [warning] [Git][getBranch] No such branch: master
2024-09-17 19:57:23.683 [info] [Git][getRemotes] No remotes found in the git config file
2024-09-17 19:57:23.687 [info] > git config --get commit.template [4ms]
2024-09-17 19:57:23.687 [info] > git for-each-ref --format=%(refname)%00%(upstream:short)%00%(objectname)%00%(upstream:track)%00%(upstream:remotename)%00%(upstream:remoteref) refs/heads/master refs/remotes/master [1ms]
2024-09-17 19:57:23.687 [warning] [Git][getBranch] No such branch: master
2024-09-17 19:57:23.691 [info] > git status -z -uall [1ms]
2024-09-17 19:57:23.695 [info] > git for-each-ref --format=%(refname)%00%(upstream:short)%00%(objectname)%00%(upstream:track)%00%(upstream:remotename)%00%(upstream:remoteref) refs/heads/master refs/remotes/master [1ms]
2024-09-17 19:57:23.695 [warning] [Git][getBranch] No such branch: master
2024-09-17 19:57:47.654 [info] [Git][getRemotes] No remotes found in the git config file
2024-09-17 19:57:47.654 [info] > git config --get commit.template [5ms]
2024-09-17 19:57:47.654 [info] > git for-each-ref --format=%(refname)%00%(upstream:short)%00%(objectname)%00%(upstream:track)%00%(upstream:remotename)%00%(upstream:remoteref) refs/heads/master refs/remotes/master [1ms]
2024-09-17 19:57:47.654 [warning] [Git][getBranch] No such branch: master
2024-09-17 19:57:47.658 [info] > git status -z -uall [1ms]
2024-09-17 19:57:47.663 [info] > git for-each-ref --format=%(refname)%00%(upstream:short)%00%(objectname)%00%(upstream:track)%00%(upstream:remotename)%00%(upstream:remoteref) refs/heads/master refs/remotes/master [1ms]
2024-09-17 19:57:47.663 [warning] [Git][getBranch] No such branch: master
2024-09-17 19:58:04.646 [info] [Git][getRemotes] No remotes found in the git config file
2024-09-17 19:58:04.647 [info] > git config --get commit.template [5ms]
2024-09-17 19:58:04.647 [info] > git for-each-ref --format=%(refname)%00%(upstream:short)%00%(objectname)%00%(upstream:track)%00%(upstream:remotename)%00%(upstream:remoteref) refs/heads/master refs/remotes/master [1ms]
2024-09-17 19:58:04.647 [warning] [Git][getBranch] No such branch: master
2024-09-17 19:58:04.652 [info] > git status -z -uall [1ms]
2024-09-17 19:58:04.656 [info] > git for-each-ref --format=%(refname)%00%(upstream:short)%00%(objectname)%00%(upstream:track)%00%(upstream:remotename)%00%(upstream:remoteref) refs/heads/master refs/remotes/master [0ms]
2024-09-17 19:58:04.656 [warning] [Git][getBranch] No such branch: master
2024-09-17 19:58:41.791 [info] [Git][getRemotes] No remotes found in the git config file
2024-09-17 19:58:41.791 [info] > git config --get commit.template [4ms]
2024-09-17 19:58:41.792 [info] > git for-each-ref --format=%(refname)%00%(upstream:short)%00%(objectname)%00%(upstream:track)%00%(upstream:remotename)%00%(upstream:remoteref) refs/heads/master refs/remotes/master [1ms]
2024-09-17 19:58:41.792 [warning] [Git][getBranch] No such branch: master
2024-09-17 19:58:41.796 [info] > git status -z -uall [1ms]
2024-09-17 19:58:41.801 [info] > git for-each-ref --format=%(refname)%00%(upstream:short)%00%(objectname)%00%(upstream:track)%00%(upstream:remotename)%00%(upstream:remoteref) refs/heads/master refs/remotes/master [1ms]
2024-09-17 19:58:41.801 [warning] [Git][getBranch] No such branch: master
2024-09-17 19:58:52.310 [info] [Git][getRemotes] No remotes found in the git config file
2024-09-17 19:58:52.311 [info] > git config --get commit.template [5ms]
2024-09-17 19:58:52.311 [info] > git for-each-ref --format=%(refname)%00%(upstream:short)%00%(objectname)%00%(upstream:track)%00%(upstream:remotename)%00%(upstream:remoteref) refs/heads/master refs/remotes/master [1ms]
2024-09-17 19:58:52.311 [warning] [Git][getBranch] No such branch: master
2024-09-17 19:58:52.316 [info] > git status -z -uall [0ms]
2024-09-17 19:58:52.320 [info] > git for-each-ref --format=%(refname)%00%(upstream:short)%00%(objectname)%00%(upstream:track)%00%(upstream:remotename)%00%(upstream:remoteref) refs/heads/master refs/remotes/master [1ms]
2024-09-17 19:58:52.320 [warning] [Git][getBranch] No such branch: master
2024-09-17 19:59:03.304 [info] [Git][getRemotes] No remotes found in the git config file
2024-09-17 19:59:03.304 [info] > git config --get commit.template [4ms]
2024-09-17 19:59:03.305 [info] > git for-each-ref --format=%(refname)%00%(upstream:short)%00%(objectname)%00%(upstream:track)%00%(upstream:remotename)%00%(upstream:remoteref) refs/heads/master refs/remotes/master [1ms]
2024-09-17 19:59:03.305 [warning] [Git][getBranch] No such branch: master
2024-09-17 19:59:03.309 [info] > git status -z -uall [0ms]
2024-09-17 19:59:03.314 [info] > git for-each-ref --format=%(refname)%00%(upstream:short)%00%(objectname)%00%(upstream:track)%00%(upstream:remotename)%00%(upstream:remoteref) refs/heads/master refs/remotes/master [1ms]
2024-09-17 19:59:03.314 [warning] [Git][getBranch] No such branch: master
2024-09-17 19:59:25.564 [info] [Git][getRemotes] No remotes found in the git config file
2024-09-17 19:59:25.564 [info] > git config --get commit.template [5ms]
2024-09-17 19:59:25.564 [info] > git for-each-ref --format=%(refname)%00%(upstream:short)%00%(objectname)%00%(upstream:track)%00%(upstream:remotename)%00%(upstream:remoteref) refs/heads/master refs/remotes/master [1ms]
2024-09-17 19:59:25.564 [warning] [Git][getBranch] No such branch: master
2024-09-17 19:59:25.570 [info] > git status -z -uall [2ms]
2024-09-17 19:59:25.575 [info] > git for-each-ref --format=%(refname)%00%(upstream:short)%00%(objectname)%00%(upstream:track)%00%(upstream:remotename)%00%(upstream:remoteref) refs/heads/master refs/remotes/master [1ms]
2024-09-17 19:59:25.575 [warning] [Git][getBranch] No such branch: master
2024-09-17 19:59:48.279 [info] [Git][getRemotes] No remotes found in the git config file
2024-09-17 19:59:48.279 [info] > git config --get commit.template [4ms]
2024-09-17 19:59:48.280 [info] > git for-each-ref --format=%(refname)%00%(upstream:short)%00%(objectname)%00%(upstream:track)%00%(upstream:remotename)%00%(upstream:remoteref) refs/heads/master refs/remotes/master [1ms]
2024-09-17 19:59:48.280 [warning] [Git][getBranch] No such branch: master
2024-09-17 19:59:48.286 [info] > git status -z -uall [2ms]
2024-09-17 19:59:48.290 [info] > git for-each-ref --format=%(refname)%00%(upstream:short)%00%(objectname)%00%(upstream:track)%00%(upstream:remotename)%00%(upstream:remoteref) refs/heads/master refs/remotes/master [1ms]
2024-09-17 19:59:48.290 [warning] [Git][getBranch] No such branch: master
2024-09-17 20:00:51.144 [info] [Git][getRemotes] No remotes found in the git config file
2024-09-17 20:00:51.144 [info] > git config --get commit.template [4ms]
2024-09-17 20:00:51.145 [info] > git for-each-ref --format=%(refname)%00%(upstream:short)%00%(objectname)%00%(upstream:track)%00%(upstream:remotename)%00%(upstream:remoteref) refs/heads/master refs/remotes/master [1ms]
2024-09-17 20:00:51.145 [warning] [Git][getBranch] No such branch: master
2024-09-17 20:00:51.150 [info] > git status -z -uall [1ms]
2024-09-17 20:00:51.154 [info] > git for-each-ref --format=%(refname)%00%(upstream:short)%00%(objectname)%00%(upstream:track)%00%(upstream:remotename)%00%(upstream:remoteref) refs/heads/master refs/remotes/master [0ms]
2024-09-17 20:00:51.154 [warning] [Git][getBranch] No such branch: master
2024-09-17 20:01:29.270 [info] [Git][getRemotes] No remotes found in the git config file
2024-09-17 20:01:29.271 [info] > git config --get commit.template [4ms]
2024-09-17 20:01:29.271 [info] > git for-each-ref --format=%(refname)%00%(upstream:short)%00%(objectname)%00%(upstream:track)%00%(upstream:remotename)%00%(upstream:remoteref) refs/heads/master refs/remotes/master [1ms]
2024-09-17 20:01:29.271 [warning] [Git][getBranch] No such branch: master
2024-09-17 20:01:29.276 [info] > git status -z -uall [1ms]
2024-09-17 20:01:29.281 [info] > git for-each-ref --format=%(refname)%00%(upstream:short)%00%(objectname)%00%(upstream:track)%00%(upstream:remotename)%00%(upstream:remoteref) refs/heads/master refs/remotes/master [1ms]
2024-09-17 20:01:29.281 [warning] [Git][getBranch] No such branch: master
2024-09-17 20:01:35.163 [info] [Git][getRemotes] No remotes found in the git config file
2024-09-17 20:01:35.168 [info] > git config --get commit.template [5ms]
2024-09-17 20:01:35.168 [info] > git for-each-ref --format=%(refname)%00%(upstream:short)%00%(objectname)%00%(upstream:track)%00%(upstream:remotename)%00%(upstream:remoteref) refs/heads/master refs/remotes/master [1ms]
2024-09-17 20:01:35.168 [warning] [Git][getBranch] No such branch: master
2024-09-17 20:01:35.173 [info] > git status -z -uall [1ms]
2024-09-17 20:01:35.177 [info] > git for-each-ref --format=%(refname)%00%(upstream:short)%00%(objectname)%00%(upstream:track)%00%(upstream:remotename)%00%(upstream:remoteref) refs/heads/master refs/remotes/master [1ms]
2024-09-17 20:01:35.177 [warning] [Git][getBranch] No such branch: master
2024-09-17 20:01:44.706 [info] [Git][getRemotes] No remotes found in the git config file
2024-09-17 20:01:44.706 [info] > git config --get commit.template [4ms]
2024-09-17 20:01:44.707 [info] > git for-each-ref --format=%(refname)%00%(upstream:short)%00%(objectname)%00%(upstream:track)%00%(upstream:remotename)%00%(upstream:remoteref) refs/heads/master refs/remotes/master [1ms]
2024-09-17 20:01:44.707 [warning] [Git][getBranch] No such branch: master
2024-09-17 20:01:44.711 [info] > git status -z -uall [1ms]
2024-09-17 20:01:44.715 [info] > git for-each-ref --format=%(refname)%00%(upstream:short)%00%(objectname)%00%(upstream:track)%00%(upstream:remotename)%00%(upstream:remoteref) refs/heads/master refs/remotes/master [1ms]
2024-09-17 20:01:44.715 [warning] [Git][getBranch] No such branch: master
2024-09-17 20:01:50.194 [info] [Git][getRemotes] No remotes found in the git config file
2024-09-17 20:01:50.194 [info] > git config --get commit.template [5ms]
2024-09-17 20:01:50.195 [info] > git for-each-ref --format=%(refname)%00%(upstream:short)%00%(objectname)%00%(upstream:track)%00%(upstream:remotename)%00%(upstream:remoteref) refs/heads/master refs/remotes/master [1ms]
2024-09-17 20:01:50.195 [warning] [Git][getBranch] No such branch: master
2024-09-17 20:01:50.200 [info] > git status -z -uall [1ms]
2024-09-17 20:01:50.206 [info] > git for-each-ref --format=%(refname)%00%(upstream:short)%00%(objectname)%00%(upstream:track)%00%(upstream:remotename)%00%(upstream:remoteref) refs/heads/master refs/remotes/master [2ms]
2024-09-17 20:01:50.206 [warning] [Git][getBranch] No such branch: master
2024-09-17 20:02:03.017 [info] [Git][getRemotes] No remotes found in the git config file
2024-09-17 20:02:03.017 [info] > git config --get commit.template [5ms]
2024-09-17 20:02:03.017 [info] > git for-each-ref --format=%(refname)%00%(upstream:short)%00%(objectname)%00%(upstream:track)%00%(upstream:remotename)%00%(upstream:remoteref) refs/heads/master refs/remotes/master [1ms]
2024-09-17 20:02:03.017 [warning] [Git][getBranch] No such branch: master
2024-09-17 20:02:03.022 [info] > git status -z -uall [1ms]
2024-09-17 20:02:03.026 [info] > git for-each-ref --format=%(refname)%00%(upstream:short)%00%(objectname)%00%(upstream:track)%00%(upstream:remotename)%00%(upstream:remoteref) refs/heads/master refs/remotes/master [1ms]
2024-09-17 20:02:03.026 [warning] [Git][getBranch] No such branch: master
2024-09-17 20:02:13.887 [info] [Git][getRemotes] No remotes found in the git config file
2024-09-17 20:02:13.887 [info] > git config --get commit.template [6ms]
2024-09-17 20:02:13.888 [info] > git for-each-ref --format=%(refname)%00%(upstream:short)%00%(objectname)%00%(upstream:track)%00%(upstream:remotename)%00%(upstream:remoteref) refs/heads/master refs/remotes/master [1ms]
2024-09-17 20:02:13.888 [warning] [Git][getBranch] No such branch: master
2024-09-17 20:02:13.894 [info] > git status -z -uall [1ms]
2024-09-17 20:02:13.900 [info] > git for-each-ref --format=%(refname)%00%(upstream:short)%00%(objectname)%00%(upstream:track)%00%(upstream:remotename)%00%(upstream:remoteref) refs/heads/master refs/remotes/master [1ms]
2024-09-17 20:02:13.900 [warning] [Git][getBranch] No such branch: master
2024-09-17 20:04:18.736 [info] [Git][getRemotes] No remotes found in the git config file
2024-09-17 20:04:18.737 [info] > git config --get commit.template [5ms]
2024-09-17 20:04:18.737 [info] > git for-each-ref --format=%(refname)%00%(upstream:short)%00%(objectname)%00%(upstream:track)%00%(upstream:remotename)%00%(upstream:remoteref) refs/heads/master refs/remotes/master [1ms]
2024-09-17 20:04:18.737 [warning] [Git][getBranch] No such branch: master
2024-09-17 20:04:18.742 [info] > git status -z -uall [1ms]
2024-09-17 20:04:18.747 [info] > git for-each-ref --format=%(refname)%00%(upstream:short)%00%(objectname)%00%(upstream:track)%00%(upstream:remotename)%00%(upstream:remoteref) refs/heads/master refs/remotes/master [1ms]
2024-09-17 20:04:18.747 [warning] [Git][getBranch] No such branch: master
2024-09-17 20:04:34.710 [info] [Git][getRemotes] No remotes found in the git config file
2024-09-17 20:04:34.711 [info] > git config --get commit.template [5ms]
2024-09-17 20:04:34.712 [info] > git for-each-ref --format=%(refname)%00%(upstream:short)%00%(objectname)%00%(upstream:track)%00%(upstream:remotename)%00%(upstream:remoteref) refs/heads/master refs/remotes/master [2ms]
2024-09-17 20:04:34.712 [warning] [Git][getBranch] No such branch: master
2024-09-17 20:04:34.716 [info] > git status -z -uall [1ms]
2024-09-17 20:04:34.721 [info] > git for-each-ref --format=%(refname)%00%(upstream:short)%00%(objectname)%00%(upstream:track)%00%(upstream:remotename)%00%(upstream:remoteref) refs/heads/master refs/remotes/master [1ms]
2024-09-17 20:04:34.721 [warning] [Git][getBranch] No such branch: master
2024-09-17 20:04:49.117 [info] [Git][getRemotes] No remotes found in the git config file
2024-09-17 20:04:49.118 [info] > git config --get commit.template [5ms]
2024-09-17 20:04:49.118 [info] > git for-each-ref --format=%(refname)%00%(upstream:short)%00%(objectname)%00%(upstream:track)%00%(upstream:remotename)%00%(upstream:remoteref) refs/heads/master refs/remotes/master [1ms]
2024-09-17 20:04:49.118 [warning] [Git][getBranch] No such branch: master
2024-09-17 20:04:49.123 [info] > git status -z -uall [1ms]
2024-09-17 20:04:49.129 [info] > git for-each-ref --format=%(refname)%00%(upstream:short)%00%(objectname)%00%(upstream:track)%00%(upstream:remotename)%00%(upstream:remoteref) refs/heads/master refs/remotes/master [2ms]
2024-09-17 20:04:49.129 [warning] [Git][getBranch] No such branch: master
2024-09-17 20:04:54.818 [info] [Git][getRemotes] No remotes found in the git config file
2024-09-17 20:04:54.819 [info] > git config --get commit.template [5ms]
2024-09-17 20:04:54.819 [info] > git for-each-ref --format=%(refname)%00%(upstream:short)%00%(objectname)%00%(upstream:track)%00%(upstream:remotename)%00%(upstream:remoteref) refs/heads/master refs/remotes/master [1ms]
2024-09-17 20:04:54.819 [warning] [Git][getBranch] No such branch: master
2024-09-17 20:04:54.825 [info] > git status -z -uall [1ms]
2024-09-17 20:04:54.831 [info] > git for-each-ref --format=%(refname)%00%(upstream:short)%00%(objectname)%00%(upstream:track)%00%(upstream:remotename)%00%(upstream:remoteref) refs/heads/master refs/remotes/master [1ms]
2024-09-17 20:04:54.832 [warning] [Git][getBranch] No such branch: master
2024-09-17 20:04:59.842 [info] [Git][getRemotes] No remotes found in the git config file
2024-09-17 20:04:59.847 [info] > git config --get commit.template [6ms]
2024-09-17 20:04:59.848 [info] > git for-each-ref --format=%(refname)%00%(upstream:short)%00%(objectname)%00%(upstream:track)%00%(upstream:remotename)%00%(upstream:remoteref) refs/heads/master refs/remotes/master [1ms]
2024-09-17 20:04:59.848 [warning] [Git][getBranch] No such branch: master
2024-09-17 20:04:59.853 [info] > git status -z -uall [1ms]
2024-09-17 20:04:59.858 [info] > git for-each-ref --format=%(refname)%00%(upstream:short)%00%(objectname)%00%(upstream:track)%00%(upstream:remotename)%00%(upstream:remoteref) refs/heads/master refs/remotes/master [1ms]
2024-09-17 20:04:59.858 [warning] [Git][getBranch] No such branch: master
2024-09-17 20:05:07.668 [info] > git show --textconv :src/main.rs [6ms]
2024-09-17 20:05:07.668 [info] > git ls-files --stage -- /home/arch/Projects/Rust/voice/src/main.rs [1ms]
2024-09-17 20:05:15.888 [info] [Git][getRemotes] No remotes found in the git config file
2024-09-17 20:05:15.889 [info] > git config --get commit.template [5ms]
2024-09-17 20:05:15.889 [info] > git for-each-ref --format=%(refname)%00%(upstream:short)%00%(objectname)%00%(upstream:track)%00%(upstream:remotename)%00%(upstream:remoteref) refs/heads/master refs/remotes/master [1ms]
2024-09-17 20:05:15.889 [warning] [Git][getBranch] No such branch: master
2024-09-17 20:05:15.895 [info] > git status -z -uall [2ms]
2024-09-17 20:05:15.901 [info] > git for-each-ref --format=%(refname)%00%(upstream:short)%00%(objectname)%00%(upstream:track)%00%(upstream:remotename)%00%(upstream:remoteref) refs/heads/master refs/remotes/master [1ms]
2024-09-17 20:05:15.901 [warning] [Git][getBranch] No such branch: master
2024-09-17 20:05:20.911 [info] [Git][getRemotes] No remotes found in the git config file
2024-09-17 20:05:20.912 [info] > git config --get commit.template [4ms]
2024-09-17 20:05:20.912 [info] > git for-each-ref --format=%(refname)%00%(upstream:short)%00%(objectname)%00%(upstream:track)%00%(upstream:remotename)%00%(upstream:remoteref) refs/heads/master refs/remotes/master [1ms]
2024-09-17 20:05:20.912 [warning] [Git][getBranch] No such branch: master
2024-09-17 20:05:20.917 [info] > git status -z -uall [1ms]
2024-09-17 20:05:20.922 [info] > git for-each-ref --format=%(refname)%00%(upstream:short)%00%(objectname)%00%(upstream:track)%00%(upstream:remotename)%00%(upstream:remoteref) refs/heads/master refs/remotes/master [1ms]
2024-09-17 20:05:20.922 [warning] [Git][getBranch] No such branch: master
2024-09-17 20:05:25.935 [info] [Git][getRemotes] No remotes found in the git config file
2024-09-17 20:05:25.935 [info] > git config --get commit.template [5ms]
2024-09-17 20:05:25.936 [info] > git for-each-ref --format=%(refname)%00%(upstream:short)%00%(objectname)%00%(upstream:track)%00%(upstream:remotename)%00%(upstream:remoteref) refs/heads/master refs/remotes/master [1ms]
2024-09-17 20:05:25.936 [warning] [Git][getBranch] No such branch: master
2024-09-17 20:05:25.941 [info] > git status -z -uall [1ms]
2024-09-17 20:05:25.946 [info] > git for-each-ref --format=%(refname)%00%(upstream:short)%00%(objectname)%00%(upstream:track)%00%(upstream:remotename)%00%(upstream:remoteref) refs/heads/master refs/remotes/master [1ms]
2024-09-17 20:05:25.946 [warning] [Git][getBranch] No such branch: master
2024-09-17 20:05:45.817 [info] [Git][getRemotes] No remotes found in the git config file
2024-09-17 20:05:45.817 [info] > git config --get commit.template [4ms]
2024-09-17 20:05:45.818 [info] > git for-each-ref --format=%(refname)%00%(upstream:short)%00%(objectname)%00%(upstream:track)%00%(upstream:remotename)%00%(upstream:remoteref) refs/heads/master refs/remotes/master [1ms]
2024-09-17 20:05:45.818 [warning] [Git][getBranch] No such branch: master
2024-09-17 20:05:45.822 [info] > git status -z -uall [1ms]
2024-09-17 20:05:45.827 [info] > git for-each-ref --format=%(refname)%00%(upstream:short)%00%(objectname)%00%(upstream:track)%00%(upstream:remotename)%00%(upstream:remoteref) refs/heads/master refs/remotes/master [1ms]
2024-09-17 20:05:45.827 [warning] [Git][getBranch] No such branch: master
2024-09-17 20:05:50.839 [info] [Git][getRemotes] No remotes found in the git config file
2024-09-17 20:05:50.840 [info] > git config --get commit.template [5ms]
2024-09-17 20:05:50.840 [info] > git for-each-ref --format=%(refname)%00%(upstream:short)%00%(objectname)%00%(upstream:track)%00%(upstream:remotename)%00%(upstream:remoteref) refs/heads/master refs/remotes/master [1ms]
2024-09-17 20:05:50.840 [warning] [Git][getBranch] No such branch: master
2024-09-17 20:05:50.845 [info] > git status -z -uall [1ms]
2024-09-17 20:05:50.850 [info] > git for-each-ref --format=%(refname)%00%(upstream:short)%00%(objectname)%00%(upstream:track)%00%(upstream:remotename)%00%(upstream:remoteref) refs/heads/master refs/remotes/master [1ms]
2024-09-17 20:05:50.850 [warning] [Git][getBranch] No such branch: master
2024-09-17 20:06:15.487 [info] [Git][getRemotes] No remotes found in the git config file
2024-09-17 20:06:15.487 [info] > git config --get commit.template [4ms]
2024-09-17 20:06:15.488 [info] > git for-each-ref --format=%(refname)%00%(upstream:short)%00%(objectname)%00%(upstream:track)%00%(upstream:remotename)%00%(upstream:remoteref) refs/heads/master refs/remotes/master [1ms]
2024-09-17 20:06:15.488 [warning] [Git][getBranch] No such branch: master
2024-09-17 20:06:15.493 [info] > git status -z -uall [1ms]
2024-09-17 20:06:15.498 [info] > git for-each-ref --format=%(refname)%00%(upstream:short)%00%(objectname)%00%(upstream:track)%00%(upstream:remotename)%00%(upstream:remoteref) refs/heads/master refs/remotes/master [1ms]
2024-09-17 20:06:15.498 [warning] [Git][getBranch] No such branch: master
2024-09-17 20:06:21.520 [info] [Git][getRemotes] No remotes found in the git config file
2024-09-17 20:06:21.520 [info] > git config --get commit.template [4ms]
2024-09-17 20:06:21.521 [info] > git for-each-ref --format=%(refname)%00%(upstream:short)%00%(objectname)%00%(upstream:track)%00%(upstream:remotename)%00%(upstream:remoteref) refs/heads/master refs/remotes/master [1ms]
2024-09-17 20:06:21.521 [warning] [Git][getBranch] No such branch: master
2024-09-17 20:06:21.526 [info] > git status -z -uall [2ms]
2024-09-17 20:06:21.531 [info] > git for-each-ref --format=%(refname)%00%(upstream:short)%00%(objectname)%00%(upstream:track)%00%(upstream:remotename)%00%(upstream:remoteref) refs/heads/master refs/remotes/master [1ms]
2024-09-17 20:06:21.531 [warning] [Git][getBranch] No such branch: master
2024-09-17 20:06:26.544 [info] [Git][getRemotes] No remotes found in the git config file
2024-09-17 20:06:26.544 [info] > git config --get commit.template [4ms]
2024-09-17 20:06:26.544 [info] > git for-each-ref --format=%(refname)%00%(upstream:short)%00%(objectname)%00%(upstream:track)%00%(upstream:remotename)%00%(upstream:remoteref) refs/heads/master refs/remotes/master [0ms]
2024-09-17 20:06:26.544 [warning] [Git][getBranch] No such branch: master
2024-09-17 20:06:26.549 [info] > git status -z -uall [1ms]
2024-09-17 20:06:26.554 [info] > git for-each-ref --format=%(refname)%00%(upstream:short)%00%(objectname)%00%(upstream:track)%00%(upstream:remotename)%00%(upstream:remoteref) refs/heads/master refs/remotes/master [1ms]
2024-09-17 20:06:26.554 [warning] [Git][getBranch] No such branch: master
2024-09-17 20:06:43.977 [info] > git show --textconv :src/tts.py [4ms]
2024-09-17 20:06:43.978 [info] > git ls-files --stage -- /home/arch/Projects/Rust/voice/src/tts.py [1ms]
2024-09-17 20:06:51.933 [info] [Git][getRemotes] No remotes found in the git config file
2024-09-17 20:06:51.937 [info] > git config --get commit.template [5ms]
2024-09-17 20:06:51.938 [info] > git for-each-ref --format=%(refname)%00%(upstream:short)%00%(objectname)%00%(upstream:track)%00%(upstream:remotename)%00%(upstream:remoteref) refs/heads/master refs/remotes/master [1ms]
2024-09-17 20:06:51.938 [warning] [Git][getBranch] No such branch: master
2024-09-17 20:06:51.944 [info] > git status -z -uall [1ms]
2024-09-17 20:06:51.949 [info] > git for-each-ref --format=%(refname)%00%(upstream:short)%00%(objectname)%00%(upstream:track)%00%(upstream:remotename)%00%(upstream:remoteref) refs/heads/master refs/remotes/master [1ms]
2024-09-17 20:06:51.949 [warning] [Git][getBranch] No such branch: master
2024-09-17 20:06:53.867 [info] > git show --textconv :src/main.rs [5ms]
2024-09-17 20:06:53.868 [info] > git ls-files --stage -- /home/arch/Projects/Rust/voice/src/main.rs [1ms]
2024-09-17 20:06:57.977 [info] > git show --textconv :src/test.rs [5ms]
2024-09-17 20:06:57.977 [info] > git ls-files --stage -- /home/arch/Projects/Rust/voice/src/test.rs [1ms]
2024-09-17 20:07:03.318 [info] > git show --textconv :src/main.rs [5ms]
2024-09-17 20:07:03.318 [info] > git ls-files --stage -- /home/arch/Projects/Rust/voice/src/main.rs [1ms]
2024-09-17 20:07:27.061 [info] > git show --textconv :src/text_to_speech.rs [4ms]
2024-09-17 20:07:27.061 [info] > git ls-files --stage -- /home/arch/Projects/Rust/voice/src/text_to_speech.rs [0ms]
2024-09-17 20:09:00.717 [info] [Git][getRemotes] No remotes found in the git config file
2024-09-17 20:09:00.717 [info] > git config --get commit.template [3ms]
2024-09-17 20:09:00.718 [info] > git for-each-ref --format=%(refname)%00%(upstream:short)%00%(objectname)%00%(upstream:track)%00%(upstream:remotename)%00%(upstream:remoteref) refs/heads/master refs/remotes/master [1ms]
2024-09-17 20:09:00.718 [warning] [Git][getBranch] No such branch: master
2024-09-17 20:09:00.723 [info] > git status -z -uall [1ms]
2024-09-17 20:09:00.727 [info] > git for-each-ref --format=%(refname)%00%(upstream:short)%00%(objectname)%00%(upstream:track)%00%(upstream:remotename)%00%(upstream:remoteref) refs/heads/master refs/remotes/master [1ms]
2024-09-17 20:09:00.727 [warning] [Git][getBranch] No such branch: master
2024-09-17 20:09:20.523 [info] [Git][getRemotes] No remotes found in the git config file
2024-09-17 20:09:20.523 [info] > git config --get commit.template [4ms]
2024-09-17 20:09:20.523 [info] > git for-each-ref --format=%(refname)%00%(upstream:short)%00%(objectname)%00%(upstream:track)%00%(upstream:remotename)%00%(upstream:remoteref) refs/heads/master refs/remotes/master [0ms]
2024-09-17 20:09:20.524 [warning] [Git][getBranch] No such branch: master
2024-09-17 20:09:20.528 [info] > git status -z -uall [1ms]
2024-09-17 20:09:20.534 [info] > git for-each-ref --format=%(refname)%00%(upstream:short)%00%(objectname)%00%(upstream:track)%00%(upstream:remotename)%00%(upstream:remoteref) refs/heads/master refs/remotes/master [1ms]
2024-09-17 20:09:20.534 [warning] [Git][getBranch] No such branch: master
2024-09-17 20:09:36.524 [info] [Git][getRemotes] No remotes found in the git config file
2024-09-17 20:09:36.524 [info] > git config --get commit.template [4ms]
2024-09-17 20:09:36.525 [info] > git for-each-ref --format=%(refname)%00%(upstream:short)%00%(objectname)%00%(upstream:track)%00%(upstream:remotename)%00%(upstream:remoteref) refs/heads/master refs/remotes/master [1ms]
2024-09-17 20:09:36.525 [warning] [Git][getBranch] No such branch: master
2024-09-17 20:09:36.530 [info] > git status -z -uall [1ms]
2024-09-17 20:09:36.535 [info] > git for-each-ref --format=%(refname)%00%(upstream:short)%00%(objectname)%00%(upstream:track)%00%(upstream:remotename)%00%(upstream:remoteref) refs/heads/master refs/remotes/master [1ms]
2024-09-17 20:09:36.535 [warning] [Git][getBranch] No such branch: master
2024-09-17 20:10:00.930 [info] [Git][getRemotes] No remotes found in the git config file
2024-09-17 20:10:00.930 [info] > git config --get commit.template [4ms]
2024-09-17 20:10:00.931 [info] > git for-each-ref --format=%(refname)%00%(upstream:short)%00%(objectname)%00%(upstream:track)%00%(upstream:remotename)%00%(upstream:remoteref) refs/heads/master refs/remotes/master [1ms]
2024-09-17 20:10:00.931 [warning] [Git][getBranch] No such branch: master
2024-09-17 20:10:00.935 [info] > git status -z -uall [1ms]
2024-09-17 20:10:00.940 [info] > git for-each-ref --format=%(refname)%00%(upstream:short)%00%(objectname)%00%(upstream:track)%00%(upstream:remotename)%00%(upstream:remoteref) refs/heads/master refs/remotes/master [1ms]
2024-09-17 20:10:00.940 [warning] [Git][getBranch] No such branch: master
2024-09-17 20:10:14.490 [info] [Git][getRemotes] No remotes found in the git config file
2024-09-17 20:10:14.490 [info] > git config --get commit.template [4ms]
2024-09-17 20:10:14.491 [info] > git for-each-ref --format=%(refname)%00%(upstream:short)%00%(objectname)%00%(upstream:track)%00%(upstream:remotename)%00%(upstream:remoteref) refs/heads/master refs/remotes/master [1ms]
2024-09-17 20:10:14.491 [warning] [Git][getBranch] No such branch: master
2024-09-17 20:10:14.495 [info] > git status -z -uall [1ms]
2024-09-17 20:10:14.500 [info] > git for-each-ref --format=%(refname)%00%(upstream:short)%00%(objectname)%00%(upstream:track)%00%(upstream:remotename)%00%(upstream:remoteref) refs/heads/master refs/remotes/master [1ms]
2024-09-17 20:10:14.500 [warning] [Git][getBranch] No such branch: master
2024-09-17 20:10:26.174 [info] [Git][getRemotes] No remotes found in the git config file
2024-09-17 20:10:26.174 [info] > git config --get commit.template [4ms]
2024-09-17 20:10:26.174 [info] > git for-each-ref --format=%(refname)%00%(upstream:short)%00%(objectname)%00%(upstream:track)%00%(upstream:remotename)%00%(upstream:remoteref) refs/heads/master refs/remotes/master [0ms]
2024-09-17 20:10:26.174 [warning] [Git][getBranch] No such branch: master
2024-09-17 20:10:26.180 [info] > git status -z -uall [2ms]
2024-09-17 20:10:26.185 [info] > git for-each-ref --format=%(refname)%00%(upstream:short)%00%(objectname)%00%(upstream:track)%00%(upstream:remotename)%00%(upstream:remoteref) refs/heads/master refs/remotes/master [1ms]
2024-09-17 20:10:26.185 [warning] [Git][getBranch] No such branch: master
2024-09-17 20:11:12.777 [info] [Git][getRemotes] No remotes found in the git config file
2024-09-17 20:11:12.777 [info] > git config --get commit.template [5ms]
2024-09-17 20:11:12.777 [info] > git for-each-ref --format=%(refname)%00%(upstream:short)%00%(objectname)%00%(upstream:track)%00%(upstream:remotename)%00%(upstream:remoteref) refs/heads/master refs/remotes/master [0ms]
2024-09-17 20:11:12.777 [warning] [Git][getBranch] No such branch: master
2024-09-17 20:11:12.782 [info] > git status -z -uall [1ms]
2024-09-17 20:11:12.787 [info] > git for-each-ref --format=%(refname)%00%(upstream:short)%00%(objectname)%00%(upstream:track)%00%(upstream:remotename)%00%(upstream:remoteref) refs/heads/master refs/remotes/master [1ms]
2024-09-17 20:11:12.787 [warning] [Git][getBranch] No such branch: master
2024-09-17 20:11:15.061 [info] > git show --textconv :src/main.rs [5ms]
2024-09-17 20:11:15.061 [info] > git ls-files --stage -- /home/arch/Projects/Rust/voice/src/main.rs [1ms]
2024-09-17 20:11:24.231 [info] [Git][getRemotes] No remotes found in the git config file
2024-09-17 20:11:24.231 [info] > git config --get commit.template [4ms]
2024-09-17 20:11:24.232 [info] > git for-each-ref --format=%(refname)%00%(upstream:short)%00%(objectname)%00%(upstream:track)%00%(upstream:remotename)%00%(upstream:remoteref) refs/heads/master refs/remotes/master [1ms]
2024-09-17 20:11:24.232 [warning] [Git][getBranch] No such branch: master
2024-09-17 20:11:24.236 [info] > git status -z -uall [1ms]
2024-09-17 20:11:24.242 [info] > git for-each-ref --format=%(refname)%00%(upstream:short)%00%(objectname)%00%(upstream:track)%00%(upstream:remotename)%00%(upstream:remoteref) refs/heads/master refs/remotes/master [1ms]
2024-09-17 20:11:24.242 [warning] [Git][getBranch] No such branch: master
2024-09-17 20:11:32.593 [info] [Git][getRemotes] No remotes found in the git config file
2024-09-17 20:11:32.593 [info] > git config --get commit.template [5ms]
2024-09-17 20:11:32.594 [info] > git for-each-ref --format=%(refname)%00%(upstream:short)%00%(objectname)%00%(upstream:track)%00%(upstream:remotename)%00%(upstream:remoteref) refs/heads/master refs/remotes/master [1ms]
2024-09-17 20:11:32.594 [warning] [Git][getBranch] No such branch: master
2024-09-17 20:11:32.599 [info] > git status -z -uall [1ms]
2024-09-17 20:11:32.604 [info] > git for-each-ref --format=%(refname)%00%(upstream:short)%00%(objectname)%00%(upstream:track)%00%(upstream:remotename)%00%(upstream:remoteref) refs/heads/master refs/remotes/master [1ms]
2024-09-17 20:11:32.604 [warning] [Git][getBranch] No such branch: master
2024-09-17 20:11:42.433 [info] > git show --textconv :src/text_to_speech.rs [5ms]
2024-09-17 20:11:42.434 [info] > git ls-files --stage -- /home/arch/Projects/Rust/voice/src/text_to_speech.rs [1ms]
2024-09-17 20:11:46.850 [info] [Git][getRemotes] No remotes found in the git config file
2024-09-17 20:11:46.850 [info] > git config --get commit.template [4ms]
2024-09-17 20:11:46.851 [info] > git for-each-ref --format=%(refname)%00%(upstream:short)%00%(objectname)%00%(upstream:track)%00%(upstream:remotename)%00%(upstream:remoteref) refs/heads/master refs/remotes/master [1ms]
2024-09-17 20:11:46.851 [warning] [Git][getBranch] No such branch: master
2024-09-17 20:11:46.855 [info] > git status -z -uall [1ms]
2024-09-17 20:11:46.860 [info] > git for-each-ref --format=%(refname)%00%(upstream:short)%00%(objectname)%00%(upstream:track)%00%(upstream:remotename)%00%(upstream:remoteref) refs/heads/master refs/remotes/master [1ms]
2024-09-17 20:11:46.860 [warning] [Git][getBranch] No such branch: master
2024-09-17 20:11:51.870 [info] [Git][getRemotes] No remotes found in the git config file
2024-09-17 20:11:51.870 [info] > git config --get commit.template [4ms]
2024-09-17 20:11:51.871 [info] > git for-each-ref --format=%(refname)%00%(upstream:short)%00%(objectname)%00%(upstream:track)%00%(upstream:remotename)%00%(upstream:remoteref) refs/heads/master refs/remotes/master [1ms]
2024-09-17 20:11:51.871 [warning] [Git][getBranch] No such branch: master
2024-09-17 20:11:51.875 [info] > git status -z -uall [1ms]
2024-09-17 20:11:51.880 [info] > git for-each-ref --format=%(refname)%00%(upstream:short)%00%(objectname)%00%(upstream:track)%00%(upstream:remotename)%00%(upstream:remoteref) refs/heads/master refs/remotes/master [1ms]
2024-09-17 20:11:51.880 [warning] [Git][getBranch] No such branch: master
2024-09-17 20:11:56.892 [info] [Git][getRemotes] No remotes found in the git config file
2024-09-17 20:11:56.893 [info] > git config --get commit.template [6ms]
2024-09-17 20:11:56.893 [info] > git for-each-ref --format=%(refname)%00%(upstream:short)%00%(objectname)%00%(upstream:track)%00%(upstream:remotename)%00%(upstream:remoteref) refs/heads/master refs/remotes/master [1ms]
2024-09-17 20:11:56.893 [warning] [Git][getBranch] No such branch: master
2024-09-17 20:11:56.898 [info] > git status -z -uall [1ms]
2024-09-17 20:11:56.902 [info] > git for-each-ref --format=%(refname)%00%(upstream:short)%00%(objectname)%00%(upstream:track)%00%(upstream:remotename)%00%(upstream:remoteref) refs/heads/master refs/remotes/master [0ms]
2024-09-17 20:11:56.903 [warning] [Git][getBranch] No such branch: master
2024-09-17 20:12:08.248 [info] > git show --textconv :src/audio.rs [4ms]
2024-09-17 20:12:08.248 [info] > git ls-files --stage -- /home/arch/Projects/Rust/voice/src/audio.rs [0ms]
2024-09-17 20:12:08.707 [info] > git show --textconv :src/text_to_speech.rs [4ms]
2024-09-17 20:12:08.708 [info] > git ls-files --stage -- /home/arch/Projects/Rust/voice/src/text_to_speech.rs [1ms]
2024-09-17 20:12:09.579 [info] > git show --textconv :src/audio.rs [4ms]
2024-09-17 20:12:09.580 [info] > git ls-files --stage -- /home/arch/Projects/Rust/voice/src/audio.rs [1ms]
2024-09-17 20:12:10.458 [info] > git show --textconv :src/text_to_speech.rs [5ms]
2024-09-17 20:12:10.458 [info] > git ls-files --stage -- /home/arch/Projects/Rust/voice/src/text_to_speech.rs [1ms]
2024-09-17 20:13:15.674 [info] [Git][getRemotes] No remotes found in the git config file
2024-09-17 20:13:15.674 [info] > git config --get commit.template [4ms]
2024-09-17 20:13:15.675 [info] > git for-each-ref --format=%(refname)%00%(upstream:short)%00%(objectname)%00%(upstream:track)%00%(upstream:remotename)%00%(upstream:remoteref) refs/heads/master refs/remotes/master [1ms]
2024-09-17 20:13:15.675 [warning] [Git][getBranch] No such branch: master
2024-09-17 20:13:15.679 [info] > git status -z -uall [1ms]
2024-09-17 20:13:15.685 [info] > git for-each-ref --format=%(refname)%00%(upstream:short)%00%(objectname)%00%(upstream:track)%00%(upstream:remotename)%00%(upstream:remoteref) refs/heads/master refs/remotes/master [1ms]
2024-09-17 20:13:15.685 [warning] [Git][getBranch] No such branch: master
2024-09-17 20:13:42.051 [info] [Git][getRemotes] No remotes found in the git config file
2024-09-17 20:13:42.051 [info] > git config --get commit.template [4ms]
2024-09-17 20:13:42.051 [info] > git for-each-ref --format=%(refname)%00%(upstream:short)%00%(objectname)%00%(upstream:track)%00%(upstream:remotename)%00%(upstream:remoteref) refs/heads/master refs/remotes/master [1ms]
2024-09-17 20:13:42.051 [warning] [Git][getBranch] No such branch: master
2024-09-17 20:13:42.057 [info] > git status -z -uall [1ms]
2024-09-17 20:13:42.061 [info] > git for-each-ref --format=%(refname)%00%(upstream:short)%00%(objectname)%00%(upstream:track)%00%(upstream:remotename)%00%(upstream:remoteref) refs/heads/master refs/remotes/master [0ms]
2024-09-17 20:13:42.061 [warning] [Git][getBranch] No such branch: master
2024-09-17 20:13:48.280 [info] [Git][getRemotes] No remotes found in the git config file
2024-09-17 20:13:48.280 [info] > git config --get commit.template [5ms]
2024-09-17 20:13:48.281 [info] > git for-each-ref --format=%(refname)%00%(upstream:short)%00%(objectname)%00%(upstream:track)%00%(upstream:remotename)%00%(upstream:remoteref) refs/heads/master refs/remotes/master [0ms]
2024-09-17 20:13:48.281 [warning] [Git][getBranch] No such branch: master
2024-09-17 20:13:48.285 [info] > git status -z -uall [1ms]
2024-09-17 20:13:48.290 [info] > git for-each-ref --format=%(refname)%00%(upstream:short)%00%(objectname)%00%(upstream:track)%00%(upstream:remotename)%00%(upstream:remoteref) refs/heads/master refs/remotes/master [1ms]
2024-09-17 20:13:48.290 [warning] [Git][getBranch] No such branch: master
2024-09-17 20:13:58.504 [info] [Git][getRemotes] No remotes found in the git config file
2024-09-17 20:13:58.504 [info] > git config --get commit.template [4ms]
2024-09-17 20:13:58.505 [info] > git for-each-ref --format=%(refname)%00%(upstream:short)%00%(objectname)%00%(upstream:track)%00%(upstream:remotename)%00%(upstream:remoteref) refs/heads/master refs/remotes/master [1ms]
2024-09-17 20:13:58.505 [warning] [Git][getBranch] No such branch: master
2024-09-17 20:13:58.510 [info] > git status -z -uall [1ms]
2024-09-17 20:13:58.515 [info] > git for-each-ref --format=%(refname)%00%(upstream:short)%00%(objectname)%00%(upstream:track)%00%(upstream:remotename)%00%(upstream:remoteref) refs/heads/master refs/remotes/master [1ms]
2024-09-17 20:13:58.515 [warning] [Git][getBranch] No such branch: master
2024-09-17 20:14:15.003 [info] [Git][getRemotes] No remotes found in the git config file
2024-09-17 20:14:15.003 [info] > git config --get commit.template [5ms]
2024-09-17 20:14:15.004 [info] > git for-each-ref --format=%(refname)%00%(upstream:short)%00%(objectname)%00%(upstream:track)%00%(upstream:remotename)%00%(upstream:remoteref) refs/heads/master refs/remotes/master [1ms]
2024-09-17 20:14:15.004 [warning] [Git][getBranch] No such branch: master
2024-09-17 20:14:15.008 [info] > git status -z -uall [1ms]
2024-09-17 20:14:15.014 [info] > git for-each-ref --format=%(refname)%00%(upstream:short)%00%(objectname)%00%(upstream:track)%00%(upstream:remotename)%00%(upstream:remoteref) refs/heads/master refs/remotes/master [1ms]
2024-09-17 20:14:15.014 [warning] [Git][getBranch] No such branch: master
2024-09-17 20:14:22.757 [info] [Git][getRemotes] No remotes found in the git config file
2024-09-17 20:14:22.757 [info] > git config --get commit.template [4ms]
2024-09-17 20:14:22.758 [info] > git for-each-ref --format=%(refname)%00%(upstream:short)%00%(objectname)%00%(upstream:track)%00%(upstream:remotename)%00%(upstream:remoteref) refs/heads/master refs/remotes/master [1ms]
2024-09-17 20:14:22.758 [warning] [Git][getBranch] No such branch: master
2024-09-17 20:14:22.762 [info] > git status -z -uall [1ms]
2024-09-17 20:14:22.768 [info] > git for-each-ref --format=%(refname)%00%(upstream:short)%00%(objectname)%00%(upstream:track)%00%(upstream:remotename)%00%(upstream:remoteref) refs/heads/master refs/remotes/master [1ms]
2024-09-17 20:14:22.768 [warning] [Git][getBranch] No such branch: master
2024-09-17 20:14:40.393 [info] > git show --textconv :src/main.rs [5ms]
2024-09-17 20:14:40.394 [info] > git ls-files --stage -- /home/arch/Projects/Rust/voice/src/main.rs [1ms]
2024-09-17 20:14:59.050 [info] [Git][getRemotes] No remotes found in the git config file
2024-09-17 20:14:59.050 [info] > git config --get commit.template [5ms]
2024-09-17 20:14:59.050 [info] > git for-each-ref --format=%(refname)%00%(upstream:short)%00%(objectname)%00%(upstream:track)%00%(upstream:remotename)%00%(upstream:remoteref) refs/heads/master refs/remotes/master [1ms]
2024-09-17 20:14:59.050 [warning] [Git][getBranch] No such branch: master
2024-09-17 20:14:59.055 [info] > git status -z -uall [1ms]
2024-09-17 20:14:59.060 [info] > git for-each-ref --format=%(refname)%00%(upstream:short)%00%(objectname)%00%(upstream:track)%00%(upstream:remotename)%00%(upstream:remoteref) refs/heads/master refs/remotes/master [1ms]
2024-09-17 20:14:59.060 [warning] [Git][getBranch] No such branch: master
2024-09-17 20:15:11.948 [info] [Git][getRemotes] No remotes found in the git config file
2024-09-17 20:15:11.948 [info] > git config --get commit.template [5ms]
2024-09-17 20:15:11.949 [info] > git for-each-ref --format=%(refname)%00%(upstream:short)%00%(objectname)%00%(upstream:track)%00%(upstream:remotename)%00%(upstream:remoteref) refs/heads/master refs/remotes/master [1ms]
2024-09-17 20:15:11.949 [warning] [Git][getBranch] No such branch: master
2024-09-17 20:15:11.954 [info] > git status -z -uall [1ms]
2024-09-17 20:15:11.959 [info] > git for-each-ref --format=%(refname)%00%(upstream:short)%00%(objectname)%00%(upstream:track)%00%(upstream:remotename)%00%(upstream:remoteref) refs/heads/master refs/remotes/master [2ms]
2024-09-17 20:15:11.959 [warning] [Git][getBranch] No such branch: master
2024-09-17 20:15:16.968 [info] [Git][getRemotes] No remotes found in the git config file
2024-09-17 20:15:16.968 [info] > git config --get commit.template [4ms]
2024-09-17 20:15:16.969 [info] > git for-each-ref --format=%(refname)%00%(upstream:short)%00%(objectname)%00%(upstream:track)%00%(upstream:remotename)%00%(upstream:remoteref) refs/heads/master refs/remotes/master [1ms]
2024-09-17 20:15:16.969 [warning] [Git][getBranch] No such branch: master
2024-09-17 20:15:16.974 [info] > git status -z -uall [1ms]
2024-09-17 20:15:16.979 [info] > git for-each-ref --format=%(refname)%00%(upstream:short)%00%(objectname)%00%(upstream:track)%00%(upstream:remotename)%00%(upstream:remoteref) refs/heads/master refs/remotes/master [1ms]
2024-09-17 20:15:16.979 [warning] [Git][getBranch] No such branch: master
2024-09-17 20:15:21.990 [info] [Git][getRemotes] No remotes found in the git config file
2024-09-17 20:15:21.990 [info] > git config --get commit.template [5ms]
2024-09-17 20:15:21.990 [info] > git for-each-ref --format=%(refname)%00%(upstream:short)%00%(objectname)%00%(upstream:track)%00%(upstream:remotename)%00%(upstream:remoteref) refs/heads/master refs/remotes/master [0ms]
2024-09-17 20:15:21.990 [warning] [Git][getBranch] No such branch: master
2024-09-17 20:15:21.996 [info] > git status -z -uall [2ms]
2024-09-17 20:15:22.001 [info] > git for-each-ref --format=%(refname)%00%(upstream:short)%00%(objectname)%00%(upstream:track)%00%(upstream:remotename)%00%(upstream:remoteref) refs/heads/master refs/remotes/master [1ms]
2024-09-17 20:15:22.001 [warning] [Git][getBranch] No such branch: master
2024-09-17 20:15:53.403 [info] > git show --textconv :src/text_to_speech.rs [4ms]
2024-09-17 20:15:53.404 [info] > git ls-files --stage -- /home/arch/Projects/Rust/voice/src/text_to_speech.rs [1ms]
2024-09-17 20:15:55.989 [info] > git show --textconv :src/test.rs [5ms]
2024-09-17 20:15:55.990 [info] > git ls-files --stage -- /home/arch/Projects/Rust/voice/src/test.rs [2ms]
2024-09-17 20:15:57.556 [info] > git show --textconv :src/audio.rs [5ms]
2024-09-17 20:15:57.557 [info] > git ls-files --stage -- /home/arch/Projects/Rust/voice/src/audio.rs [1ms]
2024-09-17 20:15:58.391 [info] > git show --textconv :src/test.rs [5ms]
2024-09-17 20:15:58.392 [info] > git ls-files --stage -- /home/arch/Projects/Rust/voice/src/test.rs [1ms]
2024-09-17 20:16:09.740 [info] > git show --textconv :src/build.rs [5ms]
2024-09-17 20:16:09.740 [info] > git ls-files --stage -- /home/arch/Projects/Rust/voice/src/build.rs [0ms]
2024-09-17 20:16:10.972 [info] > git show --textconv :src/main.rs [5ms]
2024-09-17 20:16:10.973 [info] > git ls-files --stage -- /home/arch/Projects/Rust/voice/src/main.rs [1ms]
2024-09-17 20:16:15.897 [info] [Git][getRemotes] No remotes found in the git config file
2024-09-17 20:16:15.897 [info] > git config --get commit.template [5ms]
2024-09-17 20:16:15.898 [info] > git for-each-ref --format=%(refname)%00%(upstream:short)%00%(objectname)%00%(upstream:track)%00%(upstream:remotename)%00%(upstream:remoteref) refs/heads/master refs/remotes/master [1ms]
2024-09-17 20:16:15.898 [warning] [Git][getBranch] No such branch: master
2024-09-17 20:16:15.903 [info] > git status -z -uall [1ms]
2024-09-17 20:16:15.908 [info] > git for-each-ref --format=%(refname)%00%(upstream:short)%00%(objectname)%00%(upstream:track)%00%(upstream:remotename)%00%(upstream:remoteref) refs/heads/master refs/remotes/master [1ms]
2024-09-17 20:16:15.908 [warning] [Git][getBranch] No such branch: master
2024-09-17 20:16:20.920 [info] [Git][getRemotes] No remotes found in the git config file
2024-09-17 20:16:20.920 [info] > git config --get commit.template [4ms]
2024-09-17 20:16:20.921 [info] > git for-each-ref --format=%(refname)%00%(upstream:short)%00%(objectname)%00%(upstream:track)%00%(upstream:remotename)%00%(upstream:remoteref) refs/heads/master refs/remotes/master [1ms]
2024-09-17 20:16:20.921 [warning] [Git][getBranch] No such branch: master
2024-09-17 20:16:20.926 [info] > git status -z -uall [1ms]
2024-09-17 20:16:20.931 [info] > git for-each-ref --format=%(refname)%00%(upstream:short)%00%(objectname)%00%(upstream:track)%00%(upstream:remotename)%00%(upstream:remoteref) refs/heads/master refs/remotes/master [1ms]
2024-09-17 20:16:20.931 [warning] [Git][getBranch] No such branch: master
2024-09-17 20:16:28.713 [info] [Git][getRemotes] No remotes found in the git config file
2024-09-17 20:16:28.713 [info] > git config --get commit.template [4ms]
2024-09-17 20:16:28.714 [info] > git for-each-ref --format=%(refname)%00%(upstream:short)%00%(objectname)%00%(upstream:track)%00%(upstream:remotename)%00%(upstream:remoteref) refs/heads/master refs/remotes/master [1ms]
2024-09-17 20:16:28.714 [warning] [Git][getBranch] No such branch: master
2024-09-17 20:16:28.718 [info] > git status -z -uall [1ms]
2024-09-17 20:16:28.723 [info] > git for-each-ref --format=%(refname)%00%(upstream:short)%00%(objectname)%00%(upstream:track)%00%(upstream:remotename)%00%(upstream:remoteref) refs/heads/master refs/remotes/master [0ms]
2024-09-17 20:16:28.723 [warning] [Git][getBranch] No such branch: master
2024-09-17 20:16:35.689 [info] > git show --textconv :src/text_to_speech.rs [6ms]
2024-09-17 20:16:35.689 [info] > git ls-files --stage -- /home/arch/Projects/Rust/voice/src/text_to_speech.rs [1ms]
2024-09-17 20:16:50.708 [info] > git show --textconv :src/test.rs [5ms]
2024-09-17 20:16:50.709 [info] > git ls-files --stage -- /home/arch/Projects/Rust/voice/src/test.rs [2ms]
2024-09-17 20:17:05.812 [info] [Git][getRemotes] No remotes found in the git config file
2024-09-17 20:17:05.812 [info] > git config --get commit.template [5ms]
2024-09-17 20:17:05.813 [info] > git for-each-ref --format=%(refname)%00%(upstream:short)%00%(objectname)%00%(upstream:track)%00%(upstream:remotename)%00%(upstream:remoteref) refs/heads/master refs/remotes/master [1ms]
2024-09-17 20:17:05.813 [warning] [Git][getBranch] No such branch: master
2024-09-17 20:17:05.818 [info] > git status -z -uall [1ms]
2024-09-17 20:17:05.823 [info] > git for-each-ref --format=%(refname)%00%(upstream:short)%00%(objectname)%00%(upstream:track)%00%(upstream:remotename)%00%(upstream:remoteref) refs/heads/master refs/remotes/master [1ms]
2024-09-17 20:17:05.823 [warning] [Git][getBranch] No such branch: master
2024-09-17 20:17:14.019 [info] [Git][getRemotes] No remotes found in the git config file
2024-09-17 20:17:14.019 [info] > git config --get commit.template [4ms]
2024-09-17 20:17:14.020 [info] > git for-each-ref --format=%(refname)%00%(upstream:short)%00%(objectname)%00%(upstream:track)%00%(upstream:remotename)%00%(upstream:remoteref) refs/heads/master refs/remotes/master [1ms]
2024-09-17 20:17:14.020 [warning] [Git][getBranch] No such branch: master
2024-09-17 20:17:14.024 [info] > git status -z -uall [1ms]
2024-09-17 20:17:14.028 [info] > git for-each-ref --format=%(refname)%00%(upstream:short)%00%(objectname)%00%(upstream:track)%00%(upstream:remotename)%00%(upstream:remoteref) refs/heads/master refs/remotes/master [1ms]
2024-09-17 20:17:14.028 [warning] [Git][getBranch] No such branch: master
2024-09-17 20:17:19.040 [info] [Git][getRemotes] No remotes found in the git config file
2024-09-17 20:17:19.040 [info] > git config --get commit.template [4ms]
2024-09-17 20:17:19.041 [info] > git for-each-ref --format=%(refname)%00%(upstream:short)%00%(objectname)%00%(upstream:track)%00%(upstream:remotename)%00%(upstream:remoteref) refs/heads/master refs/remotes/master [1ms]
2024-09-17 20:17:19.041 [warning] [Git][getBranch] No such branch: master
2024-09-17 20:17:19.045 [info] > git status -z -uall [1ms]
2024-09-17 20:17:19.050 [info] > git for-each-ref --format=%(refname)%00%(upstream:short)%00%(objectname)%00%(upstream:track)%00%(upstream:remotename)%00%(upstream:remoteref) refs/heads/master refs/remotes/master [1ms]
2024-09-17 20:17:19.050 [warning] [Git][getBranch] No such branch: master
2024-09-17 20:17:24.062 [info] [Git][getRemotes] No remotes found in the git config file
2024-09-17 20:17:24.063 [info] > git config --get commit.template [4ms]
2024-09-17 20:17:24.063 [info] > git for-each-ref --format=%(refname)%00%(upstream:short)%00%(objectname)%00%(upstream:track)%00%(upstream:remotename)%00%(upstream:remoteref) refs/heads/master refs/remotes/master [1ms]
2024-09-17 20:17:24.063 [warning] [Git][getBranch] No such branch: master
2024-09-17 20:17:24.068 [info] > git status -z -uall [1ms]
2024-09-17 20:17:24.073 [info] > git for-each-ref --format=%(refname)%00%(upstream:short)%00%(objectname)%00%(upstream:track)%00%(upstream:remotename)%00%(upstream:remoteref) refs/heads/master refs/remotes/master [1ms]
2024-09-17 20:17:24.073 [warning] [Git][getBranch] No such branch: master
2024-09-17 20:18:03.067 [info] [Git][getRemotes] No remotes found in the git config file
2024-09-17 20:18:03.068 [info] > git config --get commit.template [6ms]
2024-09-17 20:18:03.068 [info] > git for-each-ref --format=%(refname)%00%(upstream:short)%00%(objectname)%00%(upstream:track)%00%(upstream:remotename)%00%(upstream:remoteref) refs/heads/master refs/remotes/master [1ms]
2024-09-17 20:18:03.068 [warning] [Git][getBranch] No such branch: master
2024-09-17 20:18:03.073 [info] > git status -z -uall [1ms]
2024-09-17 20:18:03.078 [info] > git for-each-ref --format=%(refname)%00%(upstream:short)%00%(objectname)%00%(upstream:track)%00%(upstream:remotename)%00%(upstream:remoteref) refs/heads/master refs/remotes/master [1ms]
2024-09-17 20:18:03.078 [warning] [Git][getBranch] No such branch: master
2024-09-17 20:20:24.334 [info] [Git][getRemotes] No remotes found in the git config file
2024-09-17 20:20:24.335 [info] > git config --get commit.template [5ms]
2024-09-17 20:20:24.335 [info] > git for-each-ref --format=%(refname)%00%(upstream:short)%00%(objectname)%00%(upstream:track)%00%(upstream:remotename)%00%(upstream:remoteref) refs/heads/master refs/remotes/master [1ms]
2024-09-17 20:20:24.335 [warning] [Git][getBranch] No such branch: master
2024-09-17 20:20:24.340 [info] > git status -z -uall [1ms]
2024-09-17 20:20:24.344 [info] > git for-each-ref --format=%(refname)%00%(upstream:short)%00%(objectname)%00%(upstream:track)%00%(upstream:remotename)%00%(upstream:remoteref) refs/heads/master refs/remotes/master [0ms]
2024-09-17 20:20:24.344 [warning] [Git][getBranch] No such branch: master
2024-09-17 20:20:29.918 [info] [Git][getRemotes] No remotes found in the git config file
2024-09-17 20:20:29.918 [info] > git config --get commit.template [5ms]
2024-09-17 20:20:29.919 [info] > git for-each-ref --format=%(refname)%00%(upstream:short)%00%(objectname)%00%(upstream:track)%00%(upstream:remotename)%00%(upstream:remoteref) refs/heads/master refs/remotes/master [1ms]
2024-09-17 20:20:29.919 [warning] [Git][getBranch] No such branch: master
2024-09-17 20:20:29.923 [info] > git status -z -uall [0ms]
2024-09-17 20:20:29.928 [info] > git for-each-ref --format=%(refname)%00%(upstream:short)%00%(objectname)%00%(upstream:track)%00%(upstream:remotename)%00%(upstream:remoteref) refs/heads/master refs/remotes/master [1ms]
2024-09-17 20:20:29.928 [warning] [Git][getBranch] No such branch: master
2024-09-17 20:20:46.144 [info] [Git][getRemotes] No remotes found in the git config file
2024-09-17 20:20:46.145 [info] > git config --get commit.template [4ms]
2024-09-17 20:20:46.145 [info] > git for-each-ref --format=%(refname)%00%(upstream:short)%00%(objectname)%00%(upstream:track)%00%(upstream:remotename)%00%(upstream:remoteref) refs/heads/master refs/remotes/master [1ms]
2024-09-17 20:20:46.145 [warning] [Git][getBranch] No such branch: master
2024-09-17 20:20:46.150 [info] > git status -z -uall [1ms]
2024-09-17 20:20:46.154 [info] > git for-each-ref --format=%(refname)%00%(upstream:short)%00%(objectname)%00%(upstream:track)%00%(upstream:remotename)%00%(upstream:remoteref) refs/heads/master refs/remotes/master [0ms]
2024-09-17 20:20:46.154 [warning] [Git][getBranch] No such branch: master
2024-09-17 20:20:51.170 [info] [Git][getRemotes] No remotes found in the git config file
2024-09-17 20:20:51.170 [info] > git config --get commit.template [5ms]
2024-09-17 20:20:51.171 [info] > git for-each-ref --format=%(refname)%00%(upstream:short)%00%(objectname)%00%(upstream:track)%00%(upstream:remotename)%00%(upstream:remoteref) refs/heads/master refs/remotes/master [1ms]
2024-09-17 20:20:51.171 [warning] [Git][getBranch] No such branch: master
2024-09-17 20:20:51.176 [info] > git status -z -uall [1ms]
2024-09-17 20:20:51.182 [info] > git for-each-ref --format=%(refname)%00%(upstream:short)%00%(objectname)%00%(upstream:track)%00%(upstream:remotename)%00%(upstream:remoteref) refs/heads/master refs/remotes/master [1ms]
2024-09-17 20:20:51.182 [warning] [Git][getBranch] No such branch: master
2024-09-17 20:20:56.195 [info] [Git][getRemotes] No remotes found in the git config file
2024-09-17 20:20:56.195 [info] > git config --get commit.template [5ms]
2024-09-17 20:20:56.196 [info] > git for-each-ref --format=%(refname)%00%(upstream:short)%00%(objectname)%00%(upstream:track)%00%(upstream:remotename)%00%(upstream:remoteref) refs/heads/master refs/remotes/master [2ms]
2024-09-17 20:20:56.196 [warning] [Git][getBranch] No such branch: master
2024-09-17 20:20:56.202 [info] > git status -z -uall [2ms]
2024-09-17 20:20:56.206 [info] > git for-each-ref --format=%(refname)%00%(upstream:short)%00%(objectname)%00%(upstream:track)%00%(upstream:remotename)%00%(upstream:remoteref) refs/heads/master refs/remotes/master [0ms]
2024-09-17 20:20:56.206 [warning] [Git][getBranch] No such branch: master
2024-09-17 20:21:47.458 [info] [Git][getRemotes] No remotes found in the git config file
2024-09-17 20:21:47.459 [info] > git config --get commit.template [4ms]
2024-09-17 20:21:47.459 [info] > git for-each-ref --format=%(refname)%00%(upstream:short)%00%(objectname)%00%(upstream:track)%00%(upstream:remotename)%00%(upstream:remoteref) refs/heads/master refs/remotes/master [1ms]
2024-09-17 20:21:47.459 [warning] [Git][getBranch] No such branch: master
2024-09-17 20:21:47.464 [info] > git status -z -uall [1ms]
2024-09-17 20:21:47.469 [info] > git for-each-ref --format=%(refname)%00%(upstream:short)%00%(objectname)%00%(upstream:track)%00%(upstream:remotename)%00%(upstream:remoteref) refs/heads/master refs/remotes/master [1ms]
2024-09-17 20:21:47.469 [warning] [Git][getBranch] No such branch: master
2024-09-17 20:21:52.480 [info] [Git][getRemotes] No remotes found in the git config file
2024-09-17 20:21:52.481 [info] > git config --get commit.template [5ms]
2024-09-17 20:21:52.481 [info] > git for-each-ref --format=%(refname)%00%(upstream:short)%00%(objectname)%00%(upstream:track)%00%(upstream:remotename)%00%(upstream:remoteref) refs/heads/master refs/remotes/master [1ms]
2024-09-17 20:21:52.481 [warning] [Git][getBranch] No such branch: master
2024-09-17 20:21:52.486 [info] > git status -z -uall [1ms]
2024-09-17 20:21:52.491 [info] > git for-each-ref --format=%(refname)%00%(upstream:short)%00%(objectname)%00%(upstream:track)%00%(upstream:remotename)%00%(upstream:remoteref) refs/heads/master refs/remotes/master [1ms]
2024-09-17 20:21:52.491 [warning] [Git][getBranch] No such branch: master
2024-09-17 20:21:57.503 [info] [Git][getRemotes] No remotes found in the git config file
2024-09-17 20:21:57.504 [info] > git config --get commit.template [5ms]
2024-09-17 20:21:57.504 [info] > git for-each-ref --format=%(refname)%00%(upstream:short)%00%(objectname)%00%(upstream:track)%00%(upstream:remotename)%00%(upstream:remoteref) refs/heads/master refs/remotes/master [1ms]
2024-09-17 20:21:57.504 [warning] [Git][getBranch] No such branch: master
2024-09-17 20:21:57.508 [info] > git status -z -uall [1ms]
2024-09-17 20:21:57.514 [info] > git for-each-ref --format=%(refname)%00%(upstream:short)%00%(objectname)%00%(upstream:track)%00%(upstream:remotename)%00%(upstream:remoteref) refs/heads/master refs/remotes/master [1ms]
2024-09-17 20:21:57.514 [warning] [Git][getBranch] No such branch: master
2024-09-17 20:23:16.806 [info] [Git][getRemotes] No remotes found in the git config file
2024-09-17 20:23:16.807 [info] > git config --get commit.template [5ms]
2024-09-17 20:23:16.807 [info] > git for-each-ref --format=%(refname)%00%(upstream:short)%00%(objectname)%00%(upstream:track)%00%(upstream:remotename)%00%(upstream:remoteref) refs/heads/master refs/remotes/master [1ms]
2024-09-17 20:23:16.807 [warning] [Git][getBranch] No such branch: master
2024-09-17 20:23:16.812 [info] > git status -z -uall [1ms]
2024-09-17 20:23:16.817 [info] > git for-each-ref --format=%(refname)%00%(upstream:short)%00%(objectname)%00%(upstream:track)%00%(upstream:remotename)%00%(upstream:remoteref) refs/heads/master refs/remotes/master [1ms]
2024-09-17 20:23:16.817 [warning] [Git][getBranch] No such branch: master
2024-09-17 20:23:21.829 [info] [Git][getRemotes] No remotes found in the git config file
2024-09-17 20:23:21.830 [info] > git config --get commit.template [6ms]
2024-09-17 20:23:21.830 [info] > git for-each-ref --format=%(refname)%00%(upstream:short)%00%(objectname)%00%(upstream:track)%00%(upstream:remotename)%00%(upstream:remoteref) refs/heads/master refs/remotes/master [1ms]
2024-09-17 20:23:21.830 [warning] [Git][getBranch] No such branch: master
2024-09-17 20:23:21.838 [info] > git status -z -uall [2ms]
2024-09-17 20:23:21.845 [info] > git for-each-ref --format=%(refname)%00%(upstream:short)%00%(objectname)%00%(upstream:track)%00%(upstream:remotename)%00%(upstream:remoteref) refs/heads/master refs/remotes/master [1ms]
2024-09-17 20:23:21.845 [warning] [Git][getBranch] No such branch: master
2024-09-17 20:23:26.857 [info] [Git][getRemotes] No remotes found in the git config file
2024-09-17 20:23:26.857 [info] > git config --get commit.template [5ms]
2024-09-17 20:23:26.858 [info] > git for-each-ref --format=%(refname)%00%(upstream:short)%00%(objectname)%00%(upstream:track)%00%(upstream:remotename)%00%(upstream:remoteref) refs/heads/master refs/remotes/master [1ms]
2024-09-17 20:23:26.858 [warning] [Git][getBranch] No such branch: master
2024-09-17 20:23:26.862 [info] > git status -z -uall [1ms]
2024-09-17 20:23:26.867 [info] > git for-each-ref --format=%(refname)%00%(upstream:short)%00%(objectname)%00%(upstream:track)%00%(upstream:remotename)%00%(upstream:remoteref) refs/heads/master refs/remotes/master [1ms]
2024-09-17 20:23:26.867 [warning] [Git][getBranch] No such branch: master
2024-09-17 20:23:31.880 [info] [Git][getRemotes] No remotes found in the git config file
2024-09-17 20:23:31.880 [info] > git config --get commit.template [4ms]
2024-09-17 20:23:31.881 [info] > git for-each-ref --format=%(refname)%00%(upstream:short)%00%(objectname)%00%(upstream:track)%00%(upstream:remotename)%00%(upstream:remoteref) refs/heads/master refs/remotes/master [1ms]
2024-09-17 20:23:31.881 [warning] [Git][getBranch] No such branch: master
2024-09-17 20:23:31.885 [info] > git status -z -uall [1ms]
2024-09-17 20:23:31.890 [info] > git for-each-ref --format=%(refname)%00%(upstream:short)%00%(objectname)%00%(upstream:track)%00%(upstream:remotename)%00%(upstream:remoteref) refs/heads/master refs/remotes/master [1ms]
2024-09-17 20:23:31.890 [warning] [Git][getBranch] No such branch: master
2024-09-17 20:24:48.487 [info] [Git][getRemotes] No remotes found in the git config file
2024-09-17 20:24:48.491 [info] > git config --get commit.template [4ms]
2024-09-17 20:24:48.492 [info] > git for-each-ref --format=%(refname)%00%(upstream:short)%00%(objectname)%00%(upstream:track)%00%(upstream:remotename)%00%(upstream:remoteref) refs/heads/master refs/remotes/master [1ms]
2024-09-17 20:24:48.492 [warning] [Git][getBranch] No such branch: master
2024-09-17 20:24:48.497 [info] > git status -z -uall [1ms]
2024-09-17 20:24:48.502 [info] > git for-each-ref --format=%(refname)%00%(upstream:short)%00%(objectname)%00%(upstream:track)%00%(upstream:remotename)%00%(upstream:remoteref) refs/heads/master refs/remotes/master [1ms]
2024-09-17 20:24:48.502 [warning] [Git][getBranch] No such branch: master
2024-09-17 20:25:12.533 [info] [Git][getRemotes] No remotes found in the git config file
2024-09-17 20:25:12.533 [info] > git config --get commit.template [5ms]
2024-09-17 20:25:12.533 [info] > git for-each-ref --format=%(refname)%00%(upstream:short)%00%(objectname)%00%(upstream:track)%00%(upstream:remotename)%00%(upstream:remoteref) refs/heads/master refs/remotes/master [0ms]
2024-09-17 20:25:12.533 [warning] [Git][getBranch] No such branch: master
2024-09-17 20:25:12.539 [info] > git status -z -uall [2ms]
2024-09-17 20:25:12.544 [info] > git for-each-ref --format=%(refname)%00%(upstream:short)%00%(objectname)%00%(upstream:track)%00%(upstream:remotename)%00%(upstream:remoteref) refs/heads/master refs/remotes/master [1ms]
2024-09-17 20:25:12.544 [warning] [Git][getBranch] No such branch: master
2024-09-17 20:25:27.645 [info] [Git][getRemotes] No remotes found in the git config file
2024-09-17 20:25:27.645 [info] > git config --get commit.template [5ms]
2024-09-17 20:25:27.646 [info] > git for-each-ref --format=%(refname)%00%(upstream:short)%00%(objectname)%00%(upstream:track)%00%(upstream:remotename)%00%(upstream:remoteref) refs/heads/master refs/remotes/master [1ms]
2024-09-17 20:25:27.646 [warning] [Git][getBranch] No such branch: master
2024-09-17 20:25:27.650 [info] > git status -z -uall [1ms]
2024-09-17 20:25:27.656 [info] > git for-each-ref --format=%(refname)%00%(upstream:short)%00%(objectname)%00%(upstream:track)%00%(upstream:remotename)%00%(upstream:remoteref) refs/heads/master refs/remotes/master [1ms]
2024-09-17 20:25:27.656 [warning] [Git][getBranch] No such branch: master
2024-09-17 20:26:00.951 [info] [Git][getRemotes] No remotes found in the git config file
2024-09-17 20:26:00.955 [info] > git config --get commit.template [5ms]
2024-09-17 20:26:00.956 [info] > git for-each-ref --format=%(refname)%00%(upstream:short)%00%(objectname)%00%(upstream:track)%00%(upstream:remotename)%00%(upstream:remoteref) refs/heads/master refs/remotes/master [1ms]
2024-09-17 20:26:00.956 [warning] [Git][getBranch] No such branch: master
2024-09-17 20:26:00.961 [info] > git status -z -uall [1ms]
2024-09-17 20:26:00.966 [info] > git for-each-ref --format=%(refname)%00%(upstream:short)%00%(objectname)%00%(upstream:track)%00%(upstream:remotename)%00%(upstream:remoteref) refs/heads/master refs/remotes/master [1ms]
2024-09-17 20:26:00.966 [warning] [Git][getBranch] No such branch: master
2024-09-17 20:26:05.971 [info] [Git][getRemotes] No remotes found in the git config file
2024-09-17 20:26:05.975 [info] > git config --get commit.template [4ms]
2024-09-17 20:26:05.976 [info] > git for-each-ref --format=%(refname)%00%(upstream:short)%00%(objectname)%00%(upstream:track)%00%(upstream:remotename)%00%(upstream:remoteref) refs/heads/master refs/remotes/master [1ms]
2024-09-17 20:26:05.976 [warning] [Git][getBranch] No such branch: master
2024-09-17 20:26:05.981 [info] > git status -z -uall [2ms]
2024-09-17 20:26:05.986 [info] > git for-each-ref --format=%(refname)%00%(upstream:short)%00%(objectname)%00%(upstream:track)%00%(upstream:remotename)%00%(upstream:remoteref) refs/heads/master refs/remotes/master [1ms]
2024-09-17 20:26:05.986 [warning] [Git][getBranch] No such branch: master
2024-09-17 20:26:11.000 [info] [Git][getRemotes] No remotes found in the git config file
2024-09-17 20:26:11.000 [info] > git config --get commit.template [5ms]
2024-09-17 20:26:11.001 [info] > git for-each-ref --format=%(refname)%00%(upstream:short)%00%(objectname)%00%(upstream:track)%00%(upstream:remotename)%00%(upstream:remoteref) refs/heads/master refs/remotes/master [1ms]
2024-09-17 20:26:11.001 [warning] [Git][getBranch] No such branch: master
2024-09-17 20:26:11.006 [info] > git status -z -uall [1ms]
2024-09-17 20:26:11.012 [info] > git for-each-ref --format=%(refname)%00%(upstream:short)%00%(objectname)%00%(upstream:track)%00%(upstream:remotename)%00%(upstream:remoteref) refs/heads/master refs/remotes/master [1ms]
2024-09-17 20:26:11.012 [warning] [Git][getBranch] No such branch: master
2024-09-17 20:26:16.505 [info] [Git][getRemotes] No remotes found in the git config file
2024-09-17 20:26:16.505 [info] > git config --get commit.template [4ms]
2024-09-17 20:26:16.506 [info] > git for-each-ref --format=%(refname)%00%(upstream:short)%00%(objectname)%00%(upstream:track)%00%(upstream:remotename)%00%(upstream:remoteref) refs/heads/master refs/remotes/master [1ms]
2024-09-17 20:26:16.506 [warning] [Git][getBranch] No such branch: master
2024-09-17 20:26:16.511 [info] > git status -z -uall [1ms]
2024-09-17 20:26:16.516 [info] > git for-each-ref --format=%(refname)%00%(upstream:short)%00%(objectname)%00%(upstream:track)%00%(upstream:remotename)%00%(upstream:remoteref) refs/heads/master refs/remotes/master [1ms]
2024-09-17 20:26:16.516 [warning] [Git][getBranch] No such branch: master
2024-09-17 20:26:25.600 [info] > git config --get commit.template [0ms]
2024-09-17 20:26:25.604 [info] [Git][getRemotes] No remotes found in the git config file
2024-09-17 20:26:25.605 [info] > git for-each-ref --format=%(refname)%00%(upstream:short)%00%(objectname)%00%(upstream:track)%00%(upstream:remotename)%00%(upstream:remoteref) refs/heads/master refs/remotes/master [1ms]
2024-09-17 20:26:25.605 [warning] [Git][getBranch] No such branch: master
2024-09-17 20:26:25.610 [info] > git status -z -uall [1ms]
2024-09-17 20:26:25.615 [info] > git for-each-ref --format=%(refname)%00%(upstream:short)%00%(objectname)%00%(upstream:track)%00%(upstream:remotename)%00%(upstream:remoteref) refs/heads/master refs/remotes/master [1ms]
2024-09-17 20:26:25.616 [warning] [Git][getBranch] No such branch: master
2024-09-17 20:26:30.622 [info] [Git][getRemotes] No remotes found in the git config file
2024-09-17 20:26:30.626 [info] > git config --get commit.template [5ms]
2024-09-17 20:26:30.626 [info] > git for-each-ref --format=%(refname)%00%(upstream:short)%00%(objectname)%00%(upstream:track)%00%(upstream:remotename)%00%(upstream:remoteref) refs/heads/master refs/remotes/master [0ms]
2024-09-17 20:26:30.626 [warning] [Git][getBranch] No such branch: master
2024-09-17 20:26:30.631 [info] > git status -z -uall [1ms]
2024-09-17 20:26:30.637 [info] > git for-each-ref --format=%(refname)%00%(upstream:short)%00%(objectname)%00%(upstream:track)%00%(upstream:remotename)%00%(upstream:remoteref) refs/heads/master refs/remotes/master [2ms]
2024-09-17 20:26:30.637 [warning] [Git][getBranch] No such branch: master
2024-09-17 20:26:35.969 [info] [Git][getRemotes] No remotes found in the git config file
2024-09-17 20:26:35.969 [info] > git config --get commit.template [5ms]
2024-09-17 20:26:35.970 [info] > git for-each-ref --format=%(refname)%00%(upstream:short)%00%(objectname)%00%(upstream:track)%00%(upstream:remotename)%00%(upstream:remoteref) refs/heads/master refs/remotes/master [1ms]
2024-09-17 20:26:35.970 [warning] [Git][getBranch] No such branch: master
2024-09-17 20:26:35.974 [info] > git status -z -uall [1ms]
2024-09-17 20:26:35.980 [info] > git for-each-ref --format=%(refname)%00%(upstream:short)%00%(objectname)%00%(upstream:track)%00%(upstream:remotename)%00%(upstream:remoteref) refs/heads/master refs/remotes/master [1ms]
2024-09-17 20:26:35.980 [warning] [Git][getBranch] No such branch: master
2024-09-17 20:27:01.896 [info] [Git][getRemotes] No remotes found in the git config file
2024-09-17 20:27:01.900 [info] > git config --get commit.template [4ms]
2024-09-17 20:27:01.901 [info] > git for-each-ref --format=%(refname)%00%(upstream:short)%00%(objectname)%00%(upstream:track)%00%(upstream:remotename)%00%(upstream:remoteref) refs/heads/master refs/remotes/master [1ms]
2024-09-17 20:27:01.901 [warning] [Git][getBranch] No such branch: master
2024-09-17 20:27:01.905 [info] > git status -z -uall [1ms]
2024-09-17 20:27:01.910 [info] > git for-each-ref --format=%(refname)%00%(upstream:short)%00%(objectname)%00%(upstream:track)%00%(upstream:remotename)%00%(upstream:remoteref) refs/heads/master refs/remotes/master [0ms]
2024-09-17 20:27:01.910 [warning] [Git][getBranch] No such branch: master
2024-09-17 20:27:09.028 [info] [Git][getRemotes] No remotes found in the git config file
2024-09-17 20:27:09.028 [info] > git config --get commit.template [5ms]
2024-09-17 20:27:09.028 [info] > git for-each-ref --format=%(refname)%00%(upstream:short)%00%(objectname)%00%(upstream:track)%00%(upstream:remotename)%00%(upstream:remoteref) refs/heads/master refs/remotes/master [0ms]
2024-09-17 20:27:09.028 [warning] [Git][getBranch] No such branch: master
2024-09-17 20:27:09.034 [info] > git status -z -uall [1ms]
2024-09-17 20:27:09.039 [info] > git for-each-ref --format=%(refname)%00%(upstream:short)%00%(objectname)%00%(upstream:track)%00%(upstream:remotename)%00%(upstream:remoteref) refs/heads/master refs/remotes/master [1ms]
2024-09-17 20:27:09.039 [warning] [Git][getBranch] No such branch: master
2024-09-17 20:27:14.048 [info] [Git][getRemotes] No remotes found in the git config file
2024-09-17 20:27:14.054 [info] > git config --get commit.template [7ms]
2024-09-17 20:27:14.054 [info] > git for-each-ref --format=%(refname)%00%(upstream:short)%00%(objectname)%00%(upstream:track)%00%(upstream:remotename)%00%(upstream:remoteref) refs/heads/master refs/remotes/master [1ms]
2024-09-17 20:27:14.054 [warning] [Git][getBranch] No such branch: master
2024-09-17 20:27:14.061 [info] > git status -z -uall [1ms]
2024-09-17 20:27:14.068 [info] > git for-each-ref --format=%(refname)%00%(upstream:short)%00%(objectname)%00%(upstream:track)%00%(upstream:remotename)%00%(upstream:remoteref) refs/heads/master refs/remotes/master [1ms]
2024-09-17 20:27:14.068 [warning] [Git][getBranch] No such branch: master
2024-09-17 20:27:19.082 [info] [Git][getRemotes] No remotes found in the git config file
2024-09-17 20:27:19.083 [info] > git config --get commit.template [5ms]
2024-09-17 20:27:19.083 [info] > git for-each-ref --format=%(refname)%00%(upstream:short)%00%(objectname)%00%(upstream:track)%00%(upstream:remotename)%00%(upstream:remoteref) refs/heads/master refs/remotes/master [1ms]
2024-09-17 20:27:19.083 [warning] [Git][getBranch] No such branch: master
2024-09-17 20:27:19.088 [info] > git status -z -uall [1ms]
2024-09-17 20:27:19.093 [info] > git for-each-ref --format=%(refname)%00%(upstream:short)%00%(objectname)%00%(upstream:track)%00%(upstream:remotename)%00%(upstream:remoteref) refs/heads/master refs/remotes/master [0ms]
2024-09-17 20:27:19.093 [warning] [Git][getBranch] No such branch: master
2024-09-17 20:27:24.108 [info] [Git][getRemotes] No remotes found in the git config file
2024-09-17 20:27:24.108 [info] > git config --get commit.template [5ms]
2024-09-17 20:27:24.108 [info] > git for-each-ref --format=%(refname)%00%(upstream:short)%00%(objectname)%00%(upstream:track)%00%(upstream:remotename)%00%(upstream:remoteref) refs/heads/master refs/remotes/master [1ms]
2024-09-17 20:27:24.108 [warning] [Git][getBranch] No such branch: master
2024-09-17 20:27:24.113 [info] > git status -z -uall [1ms]
2024-09-17 20:27:24.118 [info] > git for-each-ref --format=%(refname)%00%(upstream:short)%00%(objectname)%00%(upstream:track)%00%(upstream:remotename)%00%(upstream:remoteref) refs/heads/master refs/remotes/master [1ms]
2024-09-17 20:27:24.118 [warning] [Git][getBranch] No such branch: master
2024-09-17 20:29:20.107 [info] [Git][getRemotes] No remotes found in the git config file
2024-09-17 20:29:20.108 [info] > git config --get commit.template [5ms]
2024-09-17 20:29:20.108 [info] > git for-each-ref --format=%(refname)%00%(upstream:short)%00%(objectname)%00%(upstream:track)%00%(upstream:remotename)%00%(upstream:remoteref) refs/heads/master refs/remotes/master [1ms]
2024-09-17 20:29:20.108 [warning] [Git][getBranch] No such branch: master
2024-09-17 20:29:20.113 [info] > git status -z -uall [1ms]
2024-09-17 20:29:20.118 [info] > git for-each-ref --format=%(refname)%00%(upstream:short)%00%(objectname)%00%(upstream:track)%00%(upstream:remotename)%00%(upstream:remoteref) refs/heads/master refs/remotes/master [1ms]
2024-09-17 20:29:20.118 [warning] [Git][getBranch] No such branch: master
2024-09-17 20:29:25.500 [info] [Git][getRemotes] No remotes found in the git config file
2024-09-17 20:29:25.501 [info] > git config --get commit.template [4ms]
2024-09-17 20:29:25.501 [info] > git for-each-ref --format=%(refname)%00%(upstream:short)%00%(objectname)%00%(upstream:track)%00%(upstream:remotename)%00%(upstream:remoteref) refs/heads/master refs/remotes/master [1ms]
2024-09-17 20:29:25.501 [warning] [Git][getBranch] No such branch: master
2024-09-17 20:29:25.505 [info] > git status -z -uall [1ms]
2024-09-17 20:29:25.510 [info] > git for-each-ref --format=%(refname)%00%(upstream:short)%00%(objectname)%00%(upstream:track)%00%(upstream:remotename)%00%(upstream:remoteref) refs/heads/master refs/remotes/master [1ms]
2024-09-17 20:29:25.510 [warning] [Git][getBranch] No such branch: master
2024-09-17 20:29:30.522 [info] [Git][getRemotes] No remotes found in the git config file
2024-09-17 20:29:30.522 [info] > git config --get commit.template [5ms]
2024-09-17 20:29:30.522 [info] > git for-each-ref --format=%(refname)%00%(upstream:short)%00%(objectname)%00%(upstream:track)%00%(upstream:remotename)%00%(upstream:remoteref) refs/heads/master refs/remotes/master [1ms]
2024-09-17 20:29:30.522 [warning] [Git][getBranch] No such branch: master
2024-09-17 20:29:30.527 [info] > git status -z -uall [1ms]
2024-09-17 20:29:30.532 [info] > git for-each-ref --format=%(refname)%00%(upstream:short)%00%(objectname)%00%(upstream:track)%00%(upstream:remotename)%00%(upstream:remoteref) refs/heads/master refs/remotes/master [1ms]
2024-09-17 20:29:30.532 [warning] [Git][getBranch] No such branch: master
2024-09-17 20:29:35.544 [info] [Git][getRemotes] No remotes found in the git config file
2024-09-17 20:29:35.544 [info] > git config --get commit.template [4ms]
2024-09-17 20:29:35.544 [info] > git for-each-ref --format=%(refname)%00%(upstream:short)%00%(objectname)%00%(upstream:track)%00%(upstream:remotename)%00%(upstream:remoteref) refs/heads/master refs/remotes/master [0ms]
2024-09-17 20:29:35.544 [warning] [Git][getBranch] No such branch: master
2024-09-17 20:29:35.549 [info] > git status -z -uall [1ms]
2024-09-17 20:29:35.554 [info] > git for-each-ref --format=%(refname)%00%(upstream:short)%00%(objectname)%00%(upstream:track)%00%(upstream:remotename)%00%(upstream:remoteref) refs/heads/master refs/remotes/master [1ms]
2024-09-17 20:29:35.554 [warning] [Git][getBranch] No such branch: master
2024-09-17 20:29:55.842 [info] [Git][getRemotes] No remotes found in the git config file
2024-09-17 20:29:55.846 [info] > git config --get commit.template [5ms]
2024-09-17 20:29:55.847 [info] > git for-each-ref --format=%(refname)%00%(upstream:short)%00%(objectname)%00%(upstream:track)%00%(upstream:remotename)%00%(upstream:remoteref) refs/heads/master refs/remotes/master [1ms]
2024-09-17 20:29:55.847 [warning] [Git][getBranch] No such branch: master
2024-09-17 20:29:55.851 [info] > git status -z -uall [1ms]
2024-09-17 20:29:55.856 [info] > git for-each-ref --format=%(refname)%00%(upstream:short)%00%(objectname)%00%(upstream:track)%00%(upstream:remotename)%00%(upstream:remoteref) refs/heads/master refs/remotes/master [1ms]
2024-09-17 20:29:55.856 [warning] [Git][getBranch] No such branch: master
2024-09-17 20:30:00.868 [info] [Git][getRemotes] No remotes found in the git config file
2024-09-17 20:30:00.869 [info] > git config --get commit.template [4ms]
2024-09-17 20:30:00.869 [info] > git for-each-ref --format=%(refname)%00%(upstream:short)%00%(objectname)%00%(upstream:track)%00%(upstream:remotename)%00%(upstream:remoteref) refs/heads/master refs/remotes/master [1ms]
2024-09-17 20:30:00.869 [warning] [Git][getBranch] No such branch: master
2024-09-17 20:30:00.874 [info] > git status -z -uall [1ms]
2024-09-17 20:30:00.880 [info] > git for-each-ref --format=%(refname)%00%(upstream:short)%00%(objectname)%00%(upstream:track)%00%(upstream:remotename)%00%(upstream:remoteref) refs/heads/master refs/remotes/master [1ms]
2024-09-17 20:30:00.880 [warning] [Git][getBranch] No such branch: master
2024-09-17 20:30:08.362 [info] [Git][getRemotes] No remotes found in the git config file
2024-09-17 20:30:08.362 [info] > git config --get commit.template [5ms]
2024-09-17 20:30:08.362 [info] > git for-each-ref --format=%(refname)%00%(upstream:short)%00%(objectname)%00%(upstream:track)%00%(upstream:remotename)%00%(upstream:remoteref) refs/heads/master refs/remotes/master [1ms]
2024-09-17 20:30:08.362 [warning] [Git][getBranch] No such branch: master
2024-09-17 20:30:08.367 [info] > git status -z -uall [1ms]
2024-09-17 20:30:08.372 [info] > git for-each-ref --format=%(refname)%00%(upstream:short)%00%(objectname)%00%(upstream:track)%00%(upstream:remotename)%00%(upstream:remoteref) refs/heads/master refs/remotes/master [1ms]
2024-09-17 20:30:08.372 [warning] [Git][getBranch] No such branch: master
2024-09-17 20:30:19.684 [info] [Git][getRemotes] No remotes found in the git config file
2024-09-17 20:30:19.684 [info] > git config --get commit.template [5ms]
2024-09-17 20:30:19.685 [info] > git for-each-ref --format=%(refname)%00%(upstream:short)%00%(objectname)%00%(upstream:track)%00%(upstream:remotename)%00%(upstream:remoteref) refs/heads/master refs/remotes/master [1ms]
2024-09-17 20:30:19.685 [warning] [Git][getBranch] No such branch: master
2024-09-17 20:30:19.690 [info] > git status -z -uall [1ms]
2024-09-17 20:30:19.694 [info] > git for-each-ref --format=%(refname)%00%(upstream:short)%00%(objectname)%00%(upstream:track)%00%(upstream:remotename)%00%(upstream:remoteref) refs/heads/master refs/remotes/master [0ms]
2024-09-17 20:30:19.695 [warning] [Git][getBranch] No such branch: master
2024-09-17 20:30:24.705 [info] [Git][getRemotes] No remotes found in the git config file
2024-09-17 20:30:24.705 [info] > git config --get commit.template [5ms]
2024-09-17 20:30:24.706 [info] > git for-each-ref --format=%(refname)%00%(upstream:short)%00%(objectname)%00%(upstream:track)%00%(upstream:remotename)%00%(upstream:remoteref) refs/heads/master refs/remotes/master [1ms]
2024-09-17 20:30:24.706 [warning] [Git][getBranch] No such branch: master
2024-09-17 20:30:24.710 [info] > git status -z -uall [1ms]
2024-09-17 20:30:24.715 [info] > git for-each-ref --format=%(refname)%00%(upstream:short)%00%(objectname)%00%(upstream:track)%00%(upstream:remotename)%00%(upstream:remoteref) refs/heads/master refs/remotes/master [1ms]
2024-09-17 20:30:24.715 [warning] [Git][getBranch] No such branch: master
2024-09-17 20:30:31.552 [info] [Git][getRemotes] No remotes found in the git config file
2024-09-17 20:30:31.552 [info] > git config --get commit.template [5ms]
2024-09-17 20:30:31.553 [info] > git for-each-ref --format=%(refname)%00%(upstream:short)%00%(objectname)%00%(upstream:track)%00%(upstream:remotename)%00%(upstream:remoteref) refs/heads/master refs/remotes/master [1ms]
2024-09-17 20:30:31.553 [warning] [Git][getBranch] No such branch: master
2024-09-17 20:30:31.557 [info] > git status -z -uall [1ms]
2024-09-17 20:30:31.563 [info] > git for-each-ref --format=%(refname)%00%(upstream:short)%00%(objectname)%00%(upstream:track)%00%(upstream:remotename)%00%(upstream:remoteref) refs/heads/master refs/remotes/master [1ms]
2024-09-17 20:30:31.563 [warning] [Git][getBranch] No such branch: master
2024-09-17 20:30:46.351 [info] > git show --textconv :src/main.rs [6ms]
2024-09-17 20:30:46.351 [info] > git ls-files --stage -- /home/arch/Projects/Rust/voice/src/main.rs [1ms]
2024-09-17 20:32:37.239 [info] [Git][getRemotes] No remotes found in the git config file
2024-09-17 20:32:37.239 [info] > git config --get commit.template [4ms]
2024-09-17 20:32:37.240 [info] > git for-each-ref --format=%(refname)%00%(upstream:short)%00%(objectname)%00%(upstream:track)%00%(upstream:remotename)%00%(upstream:remoteref) refs/heads/master refs/remotes/master [1ms]
2024-09-17 20:32:37.240 [warning] [Git][getBranch] No such branch: master
2024-09-17 20:32:37.244 [info] > git status -z -uall [1ms]
2024-09-17 20:32:37.248 [info] > git for-each-ref --format=%(refname)%00%(upstream:short)%00%(objectname)%00%(upstream:track)%00%(upstream:remotename)%00%(upstream:remoteref) refs/heads/master refs/remotes/master [1ms]
2024-09-17 20:32:37.248 [warning] [Git][getBranch] No such branch: master
2024-09-17 20:32:47.419 [info] [Git][getRemotes] No remotes found in the git config file
2024-09-17 20:32:47.419 [info] > git config --get commit.template [4ms]
2024-09-17 20:32:47.420 [info] > git for-each-ref --format=%(refname)%00%(upstream:short)%00%(objectname)%00%(upstream:track)%00%(upstream:remotename)%00%(upstream:remoteref) refs/heads/master refs/remotes/master [1ms]
2024-09-17 20:32:47.420 [warning] [Git][getBranch] No such branch: master
2024-09-17 20:32:47.425 [info] > git status -z -uall [1ms]
2024-09-17 20:32:47.429 [info] > git for-each-ref --format=%(refname)%00%(upstream:short)%00%(objectname)%00%(upstream:track)%00%(upstream:remotename)%00%(upstream:remoteref) refs/heads/master refs/remotes/master [1ms]
2024-09-17 20:32:47.429 [warning] [Git][getBranch] No such branch: master
2024-09-17 20:33:03.020 [info] [Git][getRemotes] No remotes found in the git config file
2024-09-17 20:33:03.021 [info] > git config --get commit.template [5ms]
2024-09-17 20:33:03.021 [info] > git for-each-ref --format=%(refname)%00%(upstream:short)%00%(objectname)%00%(upstream:track)%00%(upstream:remotename)%00%(upstream:remoteref) refs/heads/master refs/remotes/master [1ms]
2024-09-17 20:33:03.021 [warning] [Git][getBranch] No such branch: master
2024-09-17 20:33:03.025 [info] > git status -z -uall [1ms]
2024-09-17 20:33:03.030 [info] > git for-each-ref --format=%(refname)%00%(upstream:short)%00%(objectname)%00%(upstream:track)%00%(upstream:remotename)%00%(upstream:remoteref) refs/heads/master refs/remotes/master [1ms]
2024-09-17 20:33:03.030 [warning] [Git][getBranch] No such branch: master
2024-09-17 20:33:16.782 [info] [Git][getRemotes] No remotes found in the git config file
2024-09-17 20:33:16.783 [info] > git config --get commit.template [6ms]
2024-09-17 20:33:16.783 [info] > git for-each-ref --format=%(refname)%00%(upstream:short)%00%(objectname)%00%(upstream:track)%00%(upstream:remotename)%00%(upstream:remoteref) refs/heads/master refs/remotes/master [1ms]
2024-09-17 20:33:16.783 [warning] [Git][getBranch] No such branch: master
2024-09-17 20:33:16.788 [info] > git status -z -uall [1ms]
2024-09-17 20:33:16.793 [info] > git for-each-ref --format=%(refname)%00%(upstream:short)%00%(objectname)%00%(upstream:track)%00%(upstream:remotename)%00%(upstream:remoteref) refs/heads/master refs/remotes/master [0ms]
2024-09-17 20:33:16.793 [warning] [Git][getBranch] No such branch: master
2024-09-17 20:33:22.591 [info] [Git][getRemotes] No remotes found in the git config file
2024-09-17 20:33:22.592 [info] > git config --get commit.template [5ms]
2024-09-17 20:33:22.592 [info] > git for-each-ref --format=%(refname)%00%(upstream:short)%00%(objectname)%00%(upstream:track)%00%(upstream:remotename)%00%(upstream:remoteref) refs/heads/master refs/remotes/master [1ms]
2024-09-17 20:33:22.592 [warning] [Git][getBranch] No such branch: master
2024-09-17 20:33:22.597 [info] > git status -z -uall [1ms]
2024-09-17 20:33:22.602 [info] > git for-each-ref --format=%(refname)%00%(upstream:short)%00%(objectname)%00%(upstream:track)%00%(upstream:remotename)%00%(upstream:remoteref) refs/heads/master refs/remotes/master [1ms]
2024-09-17 20:33:22.602 [warning] [Git][getBranch] No such branch: master
2024-09-17 20:33:28.353 [info] [Git][getRemotes] No remotes found in the git config file
2024-09-17 20:33:28.354 [info] > git config --get commit.template [5ms]
2024-09-17 20:33:28.354 [info] > git for-each-ref --format=%(refname)%00%(upstream:short)%00%(objectname)%00%(upstream:track)%00%(upstream:remotename)%00%(upstream:remoteref) refs/heads/master refs/remotes/master [1ms]
2024-09-17 20:33:28.354 [warning] [Git][getBranch] No such branch: master
2024-09-17 20:33:28.359 [info] > git status -z -uall [1ms]
2024-09-17 20:33:28.364 [info] > git for-each-ref --format=%(refname)%00%(upstream:short)%00%(objectname)%00%(upstream:track)%00%(upstream:remotename)%00%(upstream:remoteref) refs/heads/master refs/remotes/master [1ms]
2024-09-17 20:33:28.364 [warning] [Git][getBranch] No such branch: master
2024-09-17 20:33:33.379 [info] [Git][getRemotes] No remotes found in the git config file
2024-09-17 20:33:33.379 [info] > git config --get commit.template [5ms]
2024-09-17 20:33:33.380 [info] > git for-each-ref --format=%(refname)%00%(upstream:short)%00%(objectname)%00%(upstream:track)%00%(upstream:remotename)%00%(upstream:remoteref) refs/heads/master refs/remotes/master [1ms]
2024-09-17 20:33:33.380 [warning] [Git][getBranch] No such branch: master
2024-09-17 20:33:33.384 [info] > git status -z -uall [0ms]
2024-09-17 20:33:33.389 [info] > git for-each-ref --format=%(refname)%00%(upstream:short)%00%(objectname)%00%(upstream:track)%00%(upstream:remotename)%00%(upstream:remoteref) refs/heads/master refs/remotes/master [1ms]
2024-09-17 20:33:33.389 [warning] [Git][getBranch] No such branch: master
2024-09-17 20:33:38.398 [info] [Git][getRemotes] No remotes found in the git config file
2024-09-17 20:33:38.403 [info] > git config --get commit.template [6ms]
2024-09-17 20:33:38.403 [info] > git for-each-ref --format=%(refname)%00%(upstream:short)%00%(objectname)%00%(upstream:track)%00%(upstream:remotename)%00%(upstream:remoteref) refs/heads/master refs/remotes/master [1ms]
2024-09-17 20:33:38.403 [warning] [Git][getBranch] No such branch: master
2024-09-17 20:33:38.408 [info] > git status -z -uall [1ms]
2024-09-17 20:33:38.413 [info] > git for-each-ref --format=%(refname)%00%(upstream:short)%00%(objectname)%00%(upstream:track)%00%(upstream:remotename)%00%(upstream:remoteref) refs/heads/master refs/remotes/master [1ms]
2024-09-17 20:33:38.413 [warning] [Git][getBranch] No such branch: master
2024-09-17 20:34:00.307 [info] [Git][getRemotes] No remotes found in the git config file
2024-09-17 20:34:00.307 [info] > git config --get commit.template [5ms]
2024-09-17 20:34:00.308 [info] > git for-each-ref --format=%(refname)%00%(upstream:short)%00%(objectname)%00%(upstream:track)%00%(upstream:remotename)%00%(upstream:remoteref) refs/heads/master refs/remotes/master [1ms]
2024-09-17 20:34:00.308 [warning] [Git][getBranch] No such branch: master
2024-09-17 20:34:00.313 [info] > git status -z -uall [1ms]
2024-09-17 20:34:00.318 [info] > git for-each-ref --format=%(refname)%00%(upstream:short)%00%(objectname)%00%(upstream:track)%00%(upstream:remotename)%00%(upstream:remoteref) refs/heads/master refs/remotes/master [0ms]
2024-09-17 20:34:00.318 [warning] [Git][getBranch] No such branch: master
2024-09-17 20:34:02.407 [info] > git show --textconv :src/text_to_speech.rs [5ms]
2024-09-17 20:34:02.407 [info] > git ls-files --stage -- /home/arch/Projects/Rust/voice/src/text_to_speech.rs [0ms]
2024-09-17 20:34:05.330 [info] [Git][getRemotes] No remotes found in the git config file
2024-09-17 20:34:05.330 [info] > git config --get commit.template [4ms]
2024-09-17 20:34:05.330 [info] > git for-each-ref --format=%(refname)%00%(upstream:short)%00%(objectname)%00%(upstream:track)%00%(upstream:remotename)%00%(upstream:remoteref) refs/heads/master refs/remotes/master [0ms]
2024-09-17 20:34:05.330 [warning] [Git][getBranch] No such branch: master
2024-09-17 20:34:05.335 [info] > git status -z -uall [1ms]
2024-09-17 20:34:05.341 [info] > git for-each-ref --format=%(refname)%00%(upstream:short)%00%(objectname)%00%(upstream:track)%00%(upstream:remotename)%00%(upstream:remoteref) refs/heads/master refs/remotes/master [1ms]
2024-09-17 20:34:05.341 [warning] [Git][getBranch] No such branch: master
2024-09-17 20:34:34.290 [info] > git show --textconv :src/test.rs [4ms]
2024-09-17 20:34:34.291 [info] > git ls-files --stage -- /home/arch/Projects/Rust/voice/src/test.rs [1ms]
2024-09-17 20:35:08.676 [info] [Git][getRemotes] No remotes found in the git config file
2024-09-17 20:35:08.680 [info] > git config --get commit.template [4ms]
2024-09-17 20:35:08.681 [info] > git for-each-ref --format=%(refname)%00%(upstream:short)%00%(objectname)%00%(upstream:track)%00%(upstream:remotename)%00%(upstream:remoteref) refs/heads/master refs/remotes/master [1ms]
2024-09-17 20:35:08.681 [warning] [Git][getBranch] No such branch: master
2024-09-17 20:35:08.685 [info] > git status -z -uall [1ms]
2024-09-17 20:35:08.690 [info] > git for-each-ref --format=%(refname)%00%(upstream:short)%00%(objectname)%00%(upstream:track)%00%(upstream:remotename)%00%(upstream:remoteref) refs/heads/master refs/remotes/master [1ms]
2024-09-17 20:35:08.690 [warning] [Git][getBranch] No such branch: master
2024-09-17 20:35:18.832 [info] [Git][getRemotes] No remotes found in the git config file
2024-09-17 20:35:18.833 [info] > git config --get commit.template [5ms]
2024-09-17 20:35:18.833 [info] > git for-each-ref --format=%(refname)%00%(upstream:short)%00%(objectname)%00%(upstream:track)%00%(upstream:remotename)%00%(upstream:remoteref) refs/heads/master refs/remotes/master [1ms]
2024-09-17 20:35:18.833 [warning] [Git][getBranch] No such branch: master
2024-09-17 20:35:18.838 [info] > git status -z -uall [1ms]
2024-09-17 20:35:18.843 [info] > git for-each-ref --format=%(refname)%00%(upstream:short)%00%(objectname)%00%(upstream:track)%00%(upstream:remotename)%00%(upstream:remoteref) refs/heads/master refs/remotes/master [1ms]
2024-09-17 20:35:18.843 [warning] [Git][getBranch] No such branch: master
2024-09-17 20:35:31.695 [info] [Git][getRemotes] No remotes found in the git config file
2024-09-17 20:35:31.696 [info] > git config --get commit.template [6ms]
2024-09-17 20:35:31.696 [info] > git for-each-ref --format=%(refname)%00%(upstream:short)%00%(objectname)%00%(upstream:track)%00%(upstream:remotename)%00%(upstream:remoteref) refs/heads/master refs/remotes/master [1ms]
2024-09-17 20:35:31.696 [warning] [Git][getBranch] No such branch: master
2024-09-17 20:35:31.701 [info] > git status -z -uall [1ms]
2024-09-17 20:35:31.705 [info] > git for-each-ref --format=%(refname)%00%(upstream:short)%00%(objectname)%00%(upstream:track)%00%(upstream:remotename)%00%(upstream:remoteref) refs/heads/master refs/remotes/master [1ms]
2024-09-17 20:35:31.705 [warning] [Git][getBranch] No such branch: master
2024-09-17 20:38:18.745 [info] [Git][getRemotes] No remotes found in the git config file
2024-09-17 20:38:18.745 [info] > git config --get commit.template [5ms]
2024-09-17 20:38:18.746 [info] > git for-each-ref --format=%(refname)%00%(upstream:short)%00%(objectname)%00%(upstream:track)%00%(upstream:remotename)%00%(upstream:remoteref) refs/heads/master refs/remotes/master [1ms]
2024-09-17 20:38:18.746 [warning] [Git][getBranch] No such branch: master
2024-09-17 20:38:18.751 [info] > git status -z -uall [1ms]
2024-09-17 20:38:18.755 [info] > git for-each-ref --format=%(refname)%00%(upstream:short)%00%(objectname)%00%(upstream:track)%00%(upstream:remotename)%00%(upstream:remoteref) refs/heads/master refs/remotes/master [1ms]
2024-09-17 20:38:18.755 [warning] [Git][getBranch] No such branch: master
2024-09-17 20:39:04.638 [info] > git config --get commit.template [1ms]
2024-09-17 20:39:04.642 [info] [Git][getRemotes] No remotes found in the git config file
2024-09-17 20:39:04.643 [info] > git for-each-ref --format=%(refname)%00%(upstream:short)%00%(objectname)%00%(upstream:track)%00%(upstream:remotename)%00%(upstream:remoteref) refs/heads/master refs/remotes/master [1ms]
2024-09-17 20:39:04.643 [warning] [Git][getBranch] No such branch: master
2024-09-17 20:39:04.648 [info] > git status -z -uall [1ms]
2024-09-17 20:39:04.654 [info] > git for-each-ref --format=%(refname)%00%(upstream:short)%00%(objectname)%00%(upstream:track)%00%(upstream:remotename)%00%(upstream:remoteref) refs/heads/master refs/remotes/master [1ms]
2024-09-17 20:39:04.654 [warning] [Git][getBranch] No such branch: master
2024-09-17 20:39:14.001 [info] [Git][getRemotes] No remotes found in the git config file
2024-09-17 20:39:14.001 [info] > git config --get commit.template [5ms]
2024-09-17 20:39:14.002 [info] > git for-each-ref --format=%(refname)%00%(upstream:short)%00%(objectname)%00%(upstream:track)%00%(upstream:remotename)%00%(upstream:remoteref) refs/heads/master refs/remotes/master [1ms]
2024-09-17 20:39:14.002 [warning] [Git][getBranch] No such branch: master
2024-09-17 20:39:14.006 [info] > git status -z -uall [1ms]
2024-09-17 20:39:14.011 [info] > git for-each-ref --format=%(refname)%00%(upstream:short)%00%(objectname)%00%(upstream:track)%00%(upstream:remotename)%00%(upstream:remoteref) refs/heads/master refs/remotes/master [1ms]
2024-09-17 20:39:14.011 [warning] [Git][getBranch] No such branch: master
2024-09-17 20:39:19.021 [info] [Git][getRemotes] No remotes found in the git config file
2024-09-17 20:39:19.021 [info] > git config --get commit.template [4ms]
2024-09-17 20:39:19.022 [info] > git for-each-ref --format=%(refname)%00%(upstream:short)%00%(objectname)%00%(upstream:track)%00%(upstream:remotename)%00%(upstream:remoteref) refs/heads/master refs/remotes/master [1ms]
2024-09-17 20:39:19.022 [warning] [Git][getBranch] No such branch: master
2024-09-17 20:39:19.026 [info] > git status -z -uall [1ms]
2024-09-17 20:39:19.031 [info] > git for-each-ref --format=%(refname)%00%(upstream:short)%00%(objectname)%00%(upstream:track)%00%(upstream:remotename)%00%(upstream:remoteref) refs/heads/master refs/remotes/master [1ms]
2024-09-17 20:39:19.031 [warning] [Git][getBranch] No such branch: master
2024-09-17 20:39:29.365 [info] [Git][getRemotes] No remotes found in the git config file
2024-09-17 20:39:29.370 [info] > git config --get commit.template [5ms]
2024-09-17 20:39:29.371 [info] > git for-each-ref --format=%(refname)%00%(upstream:short)%00%(objectname)%00%(upstream:track)%00%(upstream:remotename)%00%(upstream:remoteref) refs/heads/master refs/remotes/master [1ms]
2024-09-17 20:39:29.371 [warning] [Git][getBranch] No such branch: master
2024-09-17 20:39:29.376 [info] > git status -z -uall [1ms]
2024-09-17 20:39:29.381 [info] > git for-each-ref --format=%(refname)%00%(upstream:short)%00%(objectname)%00%(upstream:track)%00%(upstream:remotename)%00%(upstream:remoteref) refs/heads/master refs/remotes/master [1ms]
2024-09-17 20:39:29.381 [warning] [Git][getBranch] No such branch: master
2024-09-17 20:39:54.041 [info] [Git][getRemotes] No remotes found in the git config file
2024-09-17 20:39:54.042 [info] > git config --get commit.template [6ms]
2024-09-17 20:39:54.043 [info] > git for-each-ref --format=%(refname)%00%(upstream:short)%00%(objectname)%00%(upstream:track)%00%(upstream:remotename)%00%(upstream:remoteref) refs/heads/master refs/remotes/master [2ms]
2024-09-17 20:39:54.043 [warning] [Git][getBranch] No such branch: master
2024-09-17 20:39:54.049 [info] > git status -z -uall [2ms]
2024-09-17 20:39:54.054 [info] > git for-each-ref --format=%(refname)%00%(upstream:short)%00%(objectname)%00%(upstream:track)%00%(upstream:remotename)%00%(upstream:remoteref) refs/heads/master refs/remotes/master [1ms]
2024-09-17 20:39:54.054 [warning] [Git][getBranch] No such branch: master
2024-09-17 20:40:19.091 [info] [Git][getRemotes] No remotes found in the git config file
2024-09-17 20:40:19.091 [info] > git config --get commit.template [4ms]
2024-09-17 20:40:19.092 [info] > git for-each-ref --format=%(refname)%00%(upstream:short)%00%(objectname)%00%(upstream:track)%00%(upstream:remotename)%00%(upstream:remoteref) refs/heads/master refs/remotes/master [1ms]
2024-09-17 20:40:19.092 [warning] [Git][getBranch] No such branch: master
2024-09-17 20:40:19.096 [info] > git status -z -uall [1ms]
2024-09-17 20:40:19.100 [info] > git for-each-ref --format=%(refname)%00%(upstream:short)%00%(objectname)%00%(upstream:track)%00%(upstream:remotename)%00%(upstream:remoteref) refs/heads/master refs/remotes/master [1ms]
2024-09-17 20:40:19.100 [warning] [Git][getBranch] No such branch: master
2024-09-17 20:40:26.775 [info] [Git][getRemotes] No remotes found in the git config file
2024-09-17 20:40:26.779 [info] > git config --get commit.template [4ms]
2024-09-17 20:40:26.780 [info] > git for-each-ref --format=%(refname)%00%(upstream:short)%00%(objectname)%00%(upstream:track)%00%(upstream:remotename)%00%(upstream:remoteref) refs/heads/master refs/remotes/master [1ms]
2024-09-17 20:40:26.780 [warning] [Git][getBranch] No such branch: master
2024-09-17 20:40:26.784 [info] > git status -z -uall [1ms]
2024-09-17 20:40:26.789 [info] > git for-each-ref --format=%(refname)%00%(upstream:short)%00%(objectname)%00%(upstream:track)%00%(upstream:remotename)%00%(upstream:remoteref) refs/heads/master refs/remotes/master [1ms]
2024-09-17 20:40:26.790 [warning] [Git][getBranch] No such branch: master
2024-09-17 20:40:31.801 [info] [Git][getRemotes] No remotes found in the git config file
2024-09-17 20:40:31.802 [info] > git config --get commit.template [4ms]
2024-09-17 20:40:31.802 [info] > git for-each-ref --format=%(refname)%00%(upstream:short)%00%(objectname)%00%(upstream:track)%00%(upstream:remotename)%00%(upstream:remoteref) refs/heads/master refs/remotes/master [1ms]
2024-09-17 20:40:31.802 [warning] [Git][getBranch] No such branch: master
2024-09-17 20:40:31.808 [info] > git status -z -uall [2ms]
2024-09-17 20:40:31.813 [info] > git for-each-ref --format=%(refname)%00%(upstream:short)%00%(objectname)%00%(upstream:track)%00%(upstream:remotename)%00%(upstream:remoteref) refs/heads/master refs/remotes/master [1ms]
2024-09-17 20:40:31.813 [warning] [Git][getBranch] No such branch: master
2024-09-17 20:40:36.826 [info] [Git][getRemotes] No remotes found in the git config file
2024-09-17 20:40:36.826 [info] > git config --get commit.template [4ms]
2024-09-17 20:40:36.826 [info] > git for-each-ref --format=%(refname)%00%(upstream:short)%00%(objectname)%00%(upstream:track)%00%(upstream:remotename)%00%(upstream:remoteref) refs/heads/master refs/remotes/master [0ms]
2024-09-17 20:40:36.826 [warning] [Git][getBranch] No such branch: master
2024-09-17 20:40:36.831 [info] > git status -z -uall [1ms]
2024-09-17 20:40:36.836 [info] > git for-each-ref --format=%(refname)%00%(upstream:short)%00%(objectname)%00%(upstream:track)%00%(upstream:remotename)%00%(upstream:remoteref) refs/heads/master refs/remotes/master [1ms]
2024-09-17 20:40:36.836 [warning] [Git][getBranch] No such branch: master
2024-09-17 20:40:48.393 [info] > git show --textconv :src/text_to_speech.rs [6ms]
2024-09-17 20:40:48.393 [info] > git ls-files --stage -- /home/arch/Projects/Rust/voice/src/text_to_speech.rs [1ms]
2024-09-17 20:40:57.693 [info] [Git][getRemotes] No remotes found in the git config file
2024-09-17 20:40:57.693 [info] > git config --get commit.template [5ms]
2024-09-17 20:40:57.693 [info] > git for-each-ref --format=%(refname)%00%(upstream:short)%00%(objectname)%00%(upstream:track)%00%(upstream:remotename)%00%(upstream:remoteref) refs/heads/master refs/remotes/master [0ms]
2024-09-17 20:40:57.693 [warning] [Git][getBranch] No such branch: master
2024-09-17 20:40:57.698 [info] > git status -z -uall [1ms]
2024-09-17 20:40:57.703 [info] > git for-each-ref --format=%(refname)%00%(upstream:short)%00%(objectname)%00%(upstream:track)%00%(upstream:remotename)%00%(upstream:remoteref) refs/heads/master refs/remotes/master [1ms]
2024-09-17 20:40:57.703 [warning] [Git][getBranch] No such branch: master
2024-09-17 20:41:12.913 [info] [Git][getRemotes] No remotes found in the git config file
2024-09-17 20:41:12.914 [info] > git config --get commit.template [6ms]
2024-09-17 20:41:12.914 [info] > git for-each-ref --format=%(refname)%00%(upstream:short)%00%(objectname)%00%(upstream:track)%00%(upstream:remotename)%00%(upstream:remoteref) refs/heads/master refs/remotes/master [1ms]
2024-09-17 20:41:12.914 [warning] [Git][getBranch] No such branch: master
2024-09-17 20:41:12.919 [info] > git status -z -uall [1ms]
2024-09-17 20:41:12.924 [info] > git for-each-ref --format=%(refname)%00%(upstream:short)%00%(objectname)%00%(upstream:track)%00%(upstream:remotename)%00%(upstream:remoteref) refs/heads/master refs/remotes/master [1ms]
2024-09-17 20:41:12.924 [warning] [Git][getBranch] No such branch: master
2024-09-17 20:41:13.573 [info] > git show --textconv :src/test.rs [5ms]
2024-09-17 20:41:13.574 [info] > git ls-files --stage -- /home/arch/Projects/Rust/voice/src/test.rs [1ms]
2024-09-17 20:41:17.067 [info] > git show --textconv :src/build.rs [5ms]
2024-09-17 20:41:17.068 [info] > git ls-files --stage -- /home/arch/Projects/Rust/voice/src/build.rs [1ms]
2024-09-17 20:41:17.829 [info] > git show --textconv :src/main.rs [5ms]
2024-09-17 20:41:17.830 [info] > git ls-files --stage -- /home/arch/Projects/Rust/voice/src/main.rs [1ms]
2024-09-17 20:41:51.443 [info] > git show --textconv :src/text_to_speech.rs [4ms]
2024-09-17 20:41:51.443 [info] > git ls-files --stage -- /home/arch/Projects/Rust/voice/src/text_to_speech.rs [1ms]
2024-09-17 20:41:58.354 [info] > git show --textconv :src/test.rs [4ms]
2024-09-17 20:41:58.355 [info] > git ls-files --stage -- /home/arch/Projects/Rust/voice/src/test.rs [1ms]
2024-09-17 20:44:12.239 [info] [Git][getRemotes] No remotes found in the git config file
2024-09-17 20:44:12.240 [info] > git config --get commit.template [4ms]
2024-09-17 20:44:12.240 [info] > git for-each-ref --format=%(refname)%00%(upstream:short)%00%(objectname)%00%(upstream:track)%00%(upstream:remotename)%00%(upstream:remoteref) refs/heads/master refs/remotes/master [1ms]
2024-09-17 20:44:12.240 [warning] [Git][getBranch] No such branch: master
2024-09-17 20:44:12.244 [info] > git status -z -uall [1ms]
2024-09-17 20:44:12.249 [info] > git for-each-ref --format=%(refname)%00%(upstream:short)%00%(objectname)%00%(upstream:track)%00%(upstream:remotename)%00%(upstream:remoteref) refs/heads/master refs/remotes/master [1ms]
2024-09-17 20:44:12.249 [warning] [Git][getBranch] No such branch: master
2024-09-17 20:44:28.138 [info] [Git][getRemotes] No remotes found in the git config file
2024-09-17 20:44:28.138 [info] > git config --get commit.template [5ms]
2024-09-17 20:44:28.139 [info] > git for-each-ref --format=%(refname)%00%(upstream:short)%00%(objectname)%00%(upstream:track)%00%(upstream:remotename)%00%(upstream:remoteref) refs/heads/master refs/remotes/master [2ms]
2024-09-17 20:44:28.139 [warning] [Git][getBranch] No such branch: master
2024-09-17 20:44:28.143 [info] > git status -z -uall [1ms]
2024-09-17 20:44:28.148 [info] > git for-each-ref --format=%(refname)%00%(upstream:short)%00%(objectname)%00%(upstream:track)%00%(upstream:remotename)%00%(upstream:remoteref) refs/heads/master refs/remotes/master [1ms]
2024-09-17 20:44:28.148 [warning] [Git][getBranch] No such branch: master
2024-09-17 20:44:46.751 [info] [Git][getRemotes] No remotes found in the git config file
2024-09-17 20:44:46.751 [info] > git config --get commit.template [5ms]
2024-09-17 20:44:46.752 [info] > git for-each-ref --format=%(refname)%00%(upstream:short)%00%(objectname)%00%(upstream:track)%00%(upstream:remotename)%00%(upstream:remoteref) refs/heads/master refs/remotes/master [1ms]
2024-09-17 20:44:46.752 [warning] [Git][getBranch] No such branch: master
2024-09-17 20:44:46.757 [info] > git status -z -uall [1ms]
2024-09-17 20:44:46.762 [info] > git for-each-ref --format=%(refname)%00%(upstream:short)%00%(objectname)%00%(upstream:track)%00%(upstream:remotename)%00%(upstream:remoteref) refs/heads/master refs/remotes/master [1ms]
2024-09-17 20:44:46.762 [warning] [Git][getBranch] No such branch: master
2024-09-17 20:44:53.908 [info] [Git][getRemotes] No remotes found in the git config file
2024-09-17 20:44:53.908 [info] > git config --get commit.template [4ms]
2024-09-17 20:44:53.909 [info] > git for-each-ref --format=%(refname)%00%(upstream:short)%00%(objectname)%00%(upstream:track)%00%(upstream:remotename)%00%(upstream:remoteref) refs/heads/master refs/remotes/master [1ms]
2024-09-17 20:44:53.909 [warning] [Git][getBranch] No such branch: master
2024-09-17 20:44:53.914 [info] > git status -z -uall [1ms]
2024-09-17 20:44:53.919 [info] > git for-each-ref --format=%(refname)%00%(upstream:short)%00%(objectname)%00%(upstream:track)%00%(upstream:remotename)%00%(upstream:remoteref) refs/heads/master refs/remotes/master [0ms]
2024-09-17 20:44:53.919 [warning] [Git][getBranch] No such branch: master
2024-09-17 20:48:17.034 [info] [Git][getRemotes] No remotes found in the git config file
2024-09-17 20:48:17.034 [info] > git config --get commit.template [4ms]
2024-09-17 20:48:17.035 [info] > git for-each-ref --format=%(refname)%00%(upstream:short)%00%(objectname)%00%(upstream:track)%00%(upstream:remotename)%00%(upstream:remoteref) refs/heads/master refs/remotes/master [1ms]
2024-09-17 20:48:17.035 [warning] [Git][getBranch] No such branch: master
2024-09-17 20:48:17.040 [info] > git status -z -uall [1ms]
2024-09-17 20:48:17.044 [info] > git for-each-ref --format=%(refname)%00%(upstream:short)%00%(objectname)%00%(upstream:track)%00%(upstream:remotename)%00%(upstream:remoteref) refs/heads/master refs/remotes/master [1ms]
2024-09-17 20:48:17.044 [warning] [Git][getBranch] No such branch: master
2024-09-17 20:48:22.965 [info] [Git][getRemotes] No remotes found in the git config file
2024-09-17 20:48:22.966 [info] > git config --get commit.template [5ms]
2024-09-17 20:48:22.966 [info] > git for-each-ref --format=%(refname)%00%(upstream:short)%00%(objectname)%00%(upstream:track)%00%(upstream:remotename)%00%(upstream:remoteref) refs/heads/master refs/remotes/master [1ms]
2024-09-17 20:48:22.966 [warning] [Git][getBranch] No such branch: master
2024-09-17 20:48:22.971 [info] > git status -z -uall [1ms]
2024-09-17 20:48:22.976 [info] > git for-each-ref --format=%(refname)%00%(upstream:short)%00%(objectname)%00%(upstream:track)%00%(upstream:remotename)%00%(upstream:remoteref) refs/heads/master refs/remotes/master [1ms]
2024-09-17 20:48:22.976 [warning] [Git][getBranch] No such branch: master
2024-09-17 20:49:17.434 [info] [Git][getRemotes] No remotes found in the git config file
2024-09-17 20:49:17.435 [info] > git config --get commit.template [4ms]
2024-09-17 20:49:17.435 [info] > git for-each-ref --format=%(refname)%00%(upstream:short)%00%(objectname)%00%(upstream:track)%00%(upstream:remotename)%00%(upstream:remoteref) refs/heads/master refs/remotes/master [1ms]
2024-09-17 20:49:17.435 [warning] [Git][getBranch] No such branch: master
2024-09-17 20:49:17.439 [info] > git status -z -uall [1ms]
2024-09-17 20:49:17.445 [info] > git for-each-ref --format=%(refname)%00%(upstream:short)%00%(objectname)%00%(upstream:track)%00%(upstream:remotename)%00%(upstream:remoteref) refs/heads/master refs/remotes/master [1ms]
2024-09-17 20:49:17.445 [warning] [Git][getBranch] No such branch: master
2024-09-17 20:49:23.539 [info] [Git][getRemotes] No remotes found in the git config file
2024-09-17 20:49:23.539 [info] > git config --get commit.template [5ms]
2024-09-17 20:49:23.539 [info] > git for-each-ref --format=%(refname)%00%(upstream:short)%00%(objectname)%00%(upstream:track)%00%(upstream:remotename)%00%(upstream:remoteref) refs/heads/master refs/remotes/master [1ms]
2024-09-17 20:49:23.539 [warning] [Git][getBranch] No such branch: master
2024-09-17 20:49:23.544 [info] > git status -z -uall [1ms]
2024-09-17 20:49:23.549 [info] > git for-each-ref --format=%(refname)%00%(upstream:short)%00%(objectname)%00%(upstream:track)%00%(upstream:remotename)%00%(upstream:remoteref) refs/heads/master refs/remotes/master [1ms]
2024-09-17 20:49:23.549 [warning] [Git][getBranch] No such branch: master
2024-09-17 20:49:28.560 [info] [Git][getRemotes] No remotes found in the git config file
2024-09-17 20:49:28.560 [info] > git config --get commit.template [5ms]
2024-09-17 20:49:28.561 [info] > git for-each-ref --format=%(refname)%00%(upstream:short)%00%(objectname)%00%(upstream:track)%00%(upstream:remotename)%00%(upstream:remoteref) refs/heads/master refs/remotes/master [1ms]
2024-09-17 20:49:28.561 [warning] [Git][getBranch] No such branch: master
2024-09-17 20:49:28.565 [info] > git status -z -uall [1ms]
2024-09-17 20:49:28.570 [info] > git for-each-ref --format=%(refname)%00%(upstream:short)%00%(objectname)%00%(upstream:track)%00%(upstream:remotename)%00%(upstream:remoteref) refs/heads/master refs/remotes/master [1ms]
2024-09-17 20:49:28.571 [warning] [Git][getBranch] No such branch: master
2024-09-17 20:49:44.243 [info] [Git][getRemotes] No remotes found in the git config file
2024-09-17 20:49:44.244 [info] > git config --get commit.template [4ms]
2024-09-17 20:49:44.244 [info] > git for-each-ref --format=%(refname)%00%(upstream:short)%00%(objectname)%00%(upstream:track)%00%(upstream:remotename)%00%(upstream:remoteref) refs/heads/master refs/remotes/master [1ms]
2024-09-17 20:49:44.244 [warning] [Git][getBranch] No such branch: master
2024-09-17 20:49:44.249 [info] > git status -z -uall [1ms]
2024-09-17 20:49:44.253 [info] > git for-each-ref --format=%(refname)%00%(upstream:short)%00%(objectname)%00%(upstream:track)%00%(upstream:remotename)%00%(upstream:remoteref) refs/heads/master refs/remotes/master [0ms]
2024-09-17 20:49:44.253 [warning] [Git][getBranch] No such branch: master
2024-09-17 20:50:00.057 [info] [Git][getRemotes] No remotes found in the git config file
2024-09-17 20:50:00.057 [info] > git config --get commit.template [5ms]
2024-09-17 20:50:00.058 [info] > git for-each-ref --format=%(refname)%00%(upstream:short)%00%(objectname)%00%(upstream:track)%00%(upstream:remotename)%00%(upstream:remoteref) refs/heads/master refs/remotes/master [1ms]
2024-09-17 20:50:00.058 [warning] [Git][getBranch] No such branch: master
2024-09-17 20:50:00.063 [info] > git status -z -uall [1ms]
2024-09-17 20:50:00.069 [info] > git for-each-ref --format=%(refname)%00%(upstream:short)%00%(objectname)%00%(upstream:track)%00%(upstream:remotename)%00%(upstream:remoteref) refs/heads/master refs/remotes/master [2ms]
2024-09-17 20:50:00.069 [warning] [Git][getBranch] No such branch: master
2024-09-17 20:50:05.080 [info] [Git][getRemotes] No remotes found in the git config file
2024-09-17 20:50:05.081 [info] > git config --get commit.template [7ms]
2024-09-17 20:50:05.081 [info] > git for-each-ref --format=%(refname)%00%(upstream:short)%00%(objectname)%00%(upstream:track)%00%(upstream:remotename)%00%(upstream:remoteref) refs/heads/master refs/remotes/master [1ms]
2024-09-17 20:50:05.081 [warning] [Git][getBranch] No such branch: master
2024-09-17 20:50:05.088 [info] > git status -z -uall [2ms]
2024-09-17 20:50:05.095 [info] > git for-each-ref --format=%(refname)%00%(upstream:short)%00%(objectname)%00%(upstream:track)%00%(upstream:remotename)%00%(upstream:remoteref) refs/heads/master refs/remotes/master [2ms]
2024-09-17 20:50:05.095 [warning] [Git][getBranch] No such branch: master
2024-09-17 20:50:10.109 [info] [Git][getRemotes] No remotes found in the git config file
2024-09-17 20:50:10.109 [info] > git config --get commit.template [6ms]
2024-09-17 20:50:10.109 [info] > git for-each-ref --format=%(refname)%00%(upstream:short)%00%(objectname)%00%(upstream:track)%00%(upstream:remotename)%00%(upstream:remoteref) refs/heads/master refs/remotes/master [1ms]
2024-09-17 20:50:10.110 [warning] [Git][getBranch] No such branch: master
2024-09-17 20:50:10.114 [info] > git status -z -uall [1ms]
2024-09-17 20:50:10.119 [info] > git for-each-ref --format=%(refname)%00%(upstream:short)%00%(objectname)%00%(upstream:track)%00%(upstream:remotename)%00%(upstream:remoteref) refs/heads/master refs/remotes/master [1ms]
2024-09-17 20:50:10.119 [warning] [Git][getBranch] No such branch: master
2024-09-17 20:50:15.131 [info] [Git][getRemotes] No remotes found in the git config file
2024-09-17 20:50:15.132 [info] > git config --get commit.template [5ms]
2024-09-17 20:50:15.132 [info] > git for-each-ref --format=%(refname)%00%(upstream:short)%00%(objectname)%00%(upstream:track)%00%(upstream:remotename)%00%(upstream:remoteref) refs/heads/master refs/remotes/master [1ms]
2024-09-17 20:50:15.132 [warning] [Git][getBranch] No such branch: master
2024-09-17 20:50:15.137 [info] > git status -z -uall [1ms]
2024-09-17 20:50:15.142 [info] > git for-each-ref --format=%(refname)%00%(upstream:short)%00%(objectname)%00%(upstream:track)%00%(upstream:remotename)%00%(upstream:remoteref) refs/heads/master refs/remotes/master [1ms]
2024-09-17 20:50:15.142 [warning] [Git][getBranch] No such branch: master
2024-09-17 20:50:20.406 [info] [Git][getRemotes] No remotes found in the git config file
2024-09-17 20:50:20.407 [info] > git config --get commit.template [5ms]
2024-09-17 20:50:20.407 [info] > git for-each-ref --format=%(refname)%00%(upstream:short)%00%(objectname)%00%(upstream:track)%00%(upstream:remotename)%00%(upstream:remoteref) refs/heads/master refs/remotes/master [1ms]
2024-09-17 20:50:20.407 [warning] [Git][getBranch] No such branch: master
2024-09-17 20:50:20.412 [info] > git status -z -uall [1ms]
2024-09-17 20:50:20.416 [info] > git for-each-ref --format=%(refname)%00%(upstream:short)%00%(objectname)%00%(upstream:track)%00%(upstream:remotename)%00%(upstream:remoteref) refs/heads/master refs/remotes/master [0ms]
2024-09-17 20:50:20.417 [warning] [Git][getBranch] No such branch: master
2024-09-17 20:50:26.882 [info] [Git][getRemotes] No remotes found in the git config file
2024-09-17 20:50:26.882 [info] > git config --get commit.template [5ms]
2024-09-17 20:50:26.883 [info] > git for-each-ref --format=%(refname)%00%(upstream:short)%00%(objectname)%00%(upstream:track)%00%(upstream:remotename)%00%(upstream:remoteref) refs/heads/master refs/remotes/master [1ms]
2024-09-17 20:50:26.883 [warning] [Git][getBranch] No such branch: master
2024-09-17 20:50:26.887 [info] > git status -z -uall [1ms]
2024-09-17 20:50:26.892 [info] > git for-each-ref --format=%(refname)%00%(upstream:short)%00%(objectname)%00%(upstream:track)%00%(upstream:remotename)%00%(upstream:remoteref) refs/heads/master refs/remotes/master [1ms]
2024-09-17 20:50:26.892 [warning] [Git][getBranch] No such branch: master
2024-09-17 20:50:59.750 [info] [Git][getRemotes] No remotes found in the git config file
2024-09-17 20:50:59.750 [info] > git config --get commit.template [5ms]
2024-09-17 20:50:59.750 [info] > git for-each-ref --format=%(refname)%00%(upstream:short)%00%(objectname)%00%(upstream:track)%00%(upstream:remotename)%00%(upstream:remoteref) refs/heads/master refs/remotes/master [1ms]
2024-09-17 20:50:59.750 [warning] [Git][getBranch] No such branch: master
2024-09-17 20:50:59.755 [info] > git status -z -uall [1ms]
2024-09-17 20:50:59.760 [info] > git for-each-ref --format=%(refname)%00%(upstream:short)%00%(objectname)%00%(upstream:track)%00%(upstream:remotename)%00%(upstream:remoteref) refs/heads/master refs/remotes/master [1ms]
2024-09-17 20:50:59.760 [warning] [Git][getBranch] No such branch: master
2024-09-17 20:51:04.774 [info] [Git][getRemotes] No remotes found in the git config file
2024-09-17 20:51:04.774 [info] > git config --get commit.template [5ms]
2024-09-17 20:51:04.775 [info] > git for-each-ref --format=%(refname)%00%(upstream:short)%00%(objectname)%00%(upstream:track)%00%(upstream:remotename)%00%(upstream:remoteref) refs/heads/master refs/remotes/master [1ms]
2024-09-17 20:51:04.775 [warning] [Git][getBranch] No such branch: master
2024-09-17 20:51:04.779 [info] > git status -z -uall [1ms]
2024-09-17 20:51:04.785 [info] > git for-each-ref --format=%(refname)%00%(upstream:short)%00%(objectname)%00%(upstream:track)%00%(upstream:remotename)%00%(upstream:remoteref) refs/heads/master refs/remotes/master [1ms]
2024-09-17 20:51:04.785 [warning] [Git][getBranch] No such branch: master
2024-09-17 20:51:56.351 [info] > git check-ignore -v -z --stdin [0ms]
2024-09-17 20:51:59.257 [info] > git check-ignore -v -z --stdin [0ms]
2024-09-17 20:52:01.709 [info] > git show --textconv :src/audio.rs [4ms]
2024-09-17 20:52:01.710 [info] > git ls-files --stage -- /home/arch/Projects/Rust/voice/src/audio.rs [1ms]
2024-09-17 20:52:16.126 [info] > git show --textconv :src/build.rs [4ms]
2024-09-17 20:52:16.127 [info] > git ls-files --stage -- /home/arch/Projects/Rust/voice/src/build.rs [1ms]
2024-09-17 20:52:16.336 [info] [Git][getRemotes] No remotes found in the git config file
2024-09-17 20:52:16.341 [info] > git config --get commit.template [4ms]
2024-09-17 20:52:16.341 [info] > git for-each-ref --format=%(refname)%00%(upstream:short)%00%(objectname)%00%(upstream:track)%00%(upstream:remotename)%00%(upstream:remoteref) refs/heads/master refs/remotes/master [1ms]
2024-09-17 20:52:16.341 [warning] [Git][getBranch] No such branch: master
2024-09-17 20:52:16.346 [info] > git status -z -uall [1ms]
2024-09-17 20:52:16.351 [info] > git for-each-ref --format=%(refname)%00%(upstream:short)%00%(objectname)%00%(upstream:track)%00%(upstream:remotename)%00%(upstream:remoteref) refs/heads/master refs/remotes/master [1ms]
2024-09-17 20:52:16.351 [warning] [Git][getBranch] No such branch: master
2024-09-17 20:52:18.249 [info] > git show --textconv :src/main.rs [5ms]
2024-09-17 20:52:18.249 [info] > git ls-files --stage -- /home/arch/Projects/Rust/voice/src/main.rs [1ms]
2024-09-17 20:52:24.943 [info] > git show --textconv :src/speech_to_text.rs [5ms]
2024-09-17 20:52:24.943 [info] > git ls-files --stage -- /home/arch/Projects/Rust/voice/src/speech_to_text.rs [0ms]
2024-09-17 20:52:29.700 [info] > git show --textconv :src/test.rs [4ms]
2024-09-17 20:52:29.701 [info] > git ls-files --stage -- /home/arch/Projects/Rust/voice/src/test.rs [1ms]
2024-09-17 20:52:31.557 [info] > git show --textconv :src/text_to_speech.rs [4ms]
2024-09-17 20:52:31.557 [info] > git ls-files --stage -- /home/arch/Projects/Rust/voice/src/text_to_speech.rs [0ms]
2024-09-17 20:53:16.176 [info] [Git][getRemotes] No remotes found in the git config file
2024-09-17 20:53:16.176 [info] > git config --get commit.template [5ms]
2024-09-17 20:53:16.177 [info] > git for-each-ref --format=%(refname)%00%(upstream:short)%00%(objectname)%00%(upstream:track)%00%(upstream:remotename)%00%(upstream:remoteref) refs/heads/master refs/remotes/master [1ms]
2024-09-17 20:53:16.177 [warning] [Git][getBranch] No such branch: master
2024-09-17 20:53:16.182 [info] > git status -z -uall [1ms]
2024-09-17 20:53:16.186 [info] > git for-each-ref --format=%(refname)%00%(upstream:short)%00%(objectname)%00%(upstream:track)%00%(upstream:remotename)%00%(upstream:remoteref) refs/heads/master refs/remotes/master [0ms]
2024-09-17 20:53:16.186 [warning] [Git][getBranch] No such branch: master
2024-09-17 20:53:16.347 [info] > git show --textconv :src/test.rs [5ms]
2024-09-17 20:53:16.347 [info] > git ls-files --stage -- /home/arch/Projects/Rust/voice/src/test.rs [1ms]
2024-09-17 20:53:35.334 [info] [Git][getRemotes] No remotes found in the git config file
2024-09-17 20:53:35.339 [info] > git config --get commit.template [5ms]
2024-09-17 20:53:35.340 [info] > git for-each-ref --format=%(refname)%00%(upstream:short)%00%(objectname)%00%(upstream:track)%00%(upstream:remotename)%00%(upstream:remoteref) refs/heads/master refs/remotes/master [1ms]
2024-09-17 20:53:35.340 [warning] [Git][getBranch] No such branch: master
2024-09-17 20:53:35.344 [info] > git status -z -uall [1ms]
2024-09-17 20:53:35.349 [info] > git for-each-ref --format=%(refname)%00%(upstream:short)%00%(objectname)%00%(upstream:track)%00%(upstream:remotename)%00%(upstream:remoteref) refs/heads/master refs/remotes/master [1ms]
2024-09-17 20:53:35.349 [warning] [Git][getBranch] No such branch: master
2024-09-17 20:53:40.362 [info] [Git][getRemotes] No remotes found in the git config file
2024-09-17 20:53:40.362 [info] > git config --get commit.template [5ms]
2024-09-17 20:53:40.363 [info] > git for-each-ref --format=%(refname)%00%(upstream:short)%00%(objectname)%00%(upstream:track)%00%(upstream:remotename)%00%(upstream:remoteref) refs/heads/master refs/remotes/master [1ms]
2024-09-17 20:53:40.363 [warning] [Git][getBranch] No such branch: master
2024-09-17 20:53:40.368 [info] > git status -z -uall [1ms]
2024-09-17 20:53:40.373 [info] > git for-each-ref --format=%(refname)%00%(upstream:short)%00%(objectname)%00%(upstream:track)%00%(upstream:remotename)%00%(upstream:remoteref) refs/heads/master refs/remotes/master [0ms]
2024-09-17 20:53:40.373 [warning] [Git][getBranch] No such branch: master
2024-09-17 20:53:57.150 [info] [Git][getRemotes] No remotes found in the git config file
2024-09-17 20:53:57.150 [info] > git config --get commit.template [5ms]
2024-09-17 20:53:57.150 [info] > git for-each-ref --format=%(refname)%00%(upstream:short)%00%(objectname)%00%(upstream:track)%00%(upstream:remotename)%00%(upstream:remoteref) refs/heads/master refs/remotes/master [0ms]
2024-09-17 20:53:57.150 [warning] [Git][getBranch] No such branch: master
2024-09-17 20:53:57.155 [info] > git status -z -uall [1ms]
2024-09-17 20:53:57.160 [info] > git for-each-ref --format=%(refname)%00%(upstream:short)%00%(objectname)%00%(upstream:track)%00%(upstream:remotename)%00%(upstream:remoteref) refs/heads/master refs/remotes/master [1ms]
2024-09-17 20:53:57.160 [warning] [Git][getBranch] No such branch: master
2024-09-17 20:54:02.173 [info] [Git][getRemotes] No remotes found in the git config file
2024-09-17 20:54:02.174 [info] > git config --get commit.template [7ms]
2024-09-17 20:54:02.174 [info] > git for-each-ref --format=%(refname)%00%(upstream:short)%00%(objectname)%00%(upstream:track)%00%(upstream:remotename)%00%(upstream:remoteref) refs/heads/master refs/remotes/master [1ms]
2024-09-17 20:54:02.174 [warning] [Git][getBranch] No such branch: master
2024-09-17 20:54:02.181 [info] > git status -z -uall [1ms]
2024-09-17 20:54:02.189 [info] > git for-each-ref --format=%(refname)%00%(upstream:short)%00%(objectname)%00%(upstream:track)%00%(upstream:remotename)%00%(upstream:remoteref) refs/heads/master refs/remotes/master [2ms]
2024-09-17 20:54:02.189 [warning] [Git][getBranch] No such branch: master
2024-09-17 20:54:10.338 [info] [Git][getRemotes] No remotes found in the git config file
2024-09-17 20:54:10.338 [info] > git config --get commit.template [4ms]
2024-09-17 20:54:10.339 [info] > git for-each-ref --format=%(refname)%00%(upstream:short)%00%(objectname)%00%(upstream:track)%00%(upstream:remotename)%00%(upstream:remoteref) refs/heads/master refs/remotes/master [1ms]
2024-09-17 20:54:10.339 [warning] [Git][getBranch] No such branch: master
2024-09-17 20:54:10.343 [info] > git status -z -uall [1ms]
2024-09-17 20:54:10.348 [info] > git for-each-ref --format=%(refname)%00%(upstream:short)%00%(objectname)%00%(upstream:track)%00%(upstream:remotename)%00%(upstream:remoteref) refs/heads/master refs/remotes/master [1ms]
2024-09-17 20:54:10.348 [warning] [Git][getBranch] No such branch: master
2024-09-17 20:54:36.261 [info] [Git][getRemotes] No remotes found in the git config file
2024-09-17 20:54:36.261 [info] > git config --get commit.template [5ms]
2024-09-17 20:54:36.262 [info] > git for-each-ref --format=%(refname)%00%(upstream:short)%00%(objectname)%00%(upstream:track)%00%(upstream:remotename)%00%(upstream:remoteref) refs/heads/master refs/remotes/master [1ms]
2024-09-17 20:54:36.262 [warning] [Git][getBranch] No such branch: master
2024-09-17 20:54:36.267 [info] > git status -z -uall [1ms]
2024-09-17 20:54:36.272 [info] > git for-each-ref --format=%(refname)%00%(upstream:short)%00%(objectname)%00%(upstream:track)%00%(upstream:remotename)%00%(upstream:remoteref) refs/heads/master refs/remotes/master [1ms]
2024-09-17 20:54:36.272 [warning] [Git][getBranch] No such branch: master
2024-09-17 20:54:47.972 [info] [Git][getRemotes] No remotes found in the git config file
2024-09-17 20:54:47.973 [info] > git config --get commit.template [6ms]
2024-09-17 20:54:47.973 [info] > git for-each-ref --format=%(refname)%00%(upstream:short)%00%(objectname)%00%(upstream:track)%00%(upstream:remotename)%00%(upstream:remoteref) refs/heads/master refs/remotes/master [1ms]
2024-09-17 20:54:47.973 [warning] [Git][getBranch] No such branch: master
2024-09-17 20:54:47.978 [info] > git status -z -uall [1ms]
2024-09-17 20:54:47.982 [info] > git for-each-ref --format=%(refname)%00%(upstream:short)%00%(objectname)%00%(upstream:track)%00%(upstream:remotename)%00%(upstream:remoteref) refs/heads/master refs/remotes/master [0ms]
2024-09-17 20:54:47.983 [warning] [Git][getBranch] No such branch: master
2024-09-17 20:54:59.581 [info] [Git][getRemotes] No remotes found in the git config file
2024-09-17 20:54:59.582 [info] > git config --get commit.template [5ms]
2024-09-17 20:54:59.582 [info] > git for-each-ref --format=%(refname)%00%(upstream:short)%00%(objectname)%00%(upstream:track)%00%(upstream:remotename)%00%(upstream:remoteref) refs/heads/master refs/remotes/master [1ms]
2024-09-17 20:54:59.582 [warning] [Git][getBranch] No such branch: master
2024-09-17 20:54:59.587 [info] > git status -z -uall [1ms]
2024-09-17 20:54:59.592 [info] > git for-each-ref --format=%(refname)%00%(upstream:short)%00%(objectname)%00%(upstream:track)%00%(upstream:remotename)%00%(upstream:remoteref) refs/heads/master refs/remotes/master [1ms]
2024-09-17 20:54:59.592 [warning] [Git][getBranch] No such branch: master
2024-09-17 20:59:22.963 [info] [Git][getRemotes] No remotes found in the git config file
2024-09-17 20:59:22.963 [info] > git config --get commit.template [6ms]
2024-09-17 20:59:22.963 [info] > git for-each-ref --format=%(refname)%00%(upstream:short)%00%(objectname)%00%(upstream:track)%00%(upstream:remotename)%00%(upstream:remoteref) refs/heads/master refs/remotes/master [0ms]
2024-09-17 20:59:22.963 [warning] [Git][getBranch] No such branch: master
2024-09-17 20:59:22.968 [info] > git status -z -uall [1ms]
2024-09-17 20:59:22.973 [info] > git for-each-ref --format=%(refname)%00%(upstream:short)%00%(objectname)%00%(upstream:track)%00%(upstream:remotename)%00%(upstream:remoteref) refs/heads/master refs/remotes/master [1ms]
2024-09-17 20:59:22.973 [warning] [Git][getBranch] No such branch: master
2024-09-17 20:59:29.507 [info] [Git][getRemotes] No remotes found in the git config file
2024-09-17 20:59:29.508 [info] > git config --get commit.template [4ms]
2024-09-17 20:59:29.508 [info] > git for-each-ref --format=%(refname)%00%(upstream:short)%00%(objectname)%00%(upstream:track)%00%(upstream:remotename)%00%(upstream:remoteref) refs/heads/master refs/remotes/master [1ms]
2024-09-17 20:59:29.508 [warning] [Git][getBranch] No such branch: master
2024-09-17 20:59:29.513 [info] > git status -z -uall [1ms]
2024-09-17 20:59:29.517 [info] > git for-each-ref --format=%(refname)%00%(upstream:short)%00%(objectname)%00%(upstream:track)%00%(upstream:remotename)%00%(upstream:remoteref) refs/heads/master refs/remotes/master [0ms]
2024-09-17 20:59:29.518 [warning] [Git][getBranch] No such branch: master
2024-09-17 20:59:34.532 [info] [Git][getRemotes] No remotes found in the git config file
2024-09-17 20:59:34.532 [info] > git config --get commit.template [5ms]
2024-09-17 20:59:34.533 [info] > git for-each-ref --format=%(refname)%00%(upstream:short)%00%(objectname)%00%(upstream:track)%00%(upstream:remotename)%00%(upstream:remoteref) refs/heads/master refs/remotes/master [2ms]
2024-09-17 20:59:34.533 [warning] [Git][getBranch] No such branch: master
2024-09-17 20:59:34.538 [info] > git status -z -uall [1ms]
2024-09-17 20:59:34.542 [info] > git for-each-ref --format=%(refname)%00%(upstream:short)%00%(objectname)%00%(upstream:track)%00%(upstream:remotename)%00%(upstream:remoteref) refs/heads/master refs/remotes/master [1ms]
2024-09-17 20:59:34.542 [warning] [Git][getBranch] No such branch: master
2024-09-17 20:59:39.552 [info] [Git][getRemotes] No remotes found in the git config file
2024-09-17 20:59:39.552 [info] > git config --get commit.template [4ms]
2024-09-17 20:59:39.553 [info] > git for-each-ref --format=%(refname)%00%(upstream:short)%00%(objectname)%00%(upstream:track)%00%(upstream:remotename)%00%(upstream:remoteref) refs/heads/master refs/remotes/master [1ms]
2024-09-17 20:59:39.553 [warning] [Git][getBranch] No such branch: master
2024-09-17 20:59:39.558 [info] > git status -z -uall [1ms]
2024-09-17 20:59:39.562 [info] > git for-each-ref --format=%(refname)%00%(upstream:short)%00%(objectname)%00%(upstream:track)%00%(upstream:remotename)%00%(upstream:remoteref) refs/heads/master refs/remotes/master [0ms]
2024-09-17 20:59:39.562 [warning] [Git][getBranch] No such branch: master
2024-09-17 20:59:57.713 [info] [Git][getRemotes] No remotes found in the git config file
2024-09-17 20:59:57.713 [info] > git config --get commit.template [5ms]
2024-09-17 20:59:57.714 [info] > git for-each-ref --format=%(refname)%00%(upstream:short)%00%(objectname)%00%(upstream:track)%00%(upstream:remotename)%00%(upstream:remoteref) refs/heads/master refs/remotes/master [2ms]
2024-09-17 20:59:57.714 [warning] [Git][getBranch] No such branch: master
2024-09-17 20:59:57.718 [info] > git status -z -uall [1ms]
2024-09-17 20:59:57.723 [info] > git for-each-ref --format=%(refname)%00%(upstream:short)%00%(objectname)%00%(upstream:track)%00%(upstream:remotename)%00%(upstream:remoteref) refs/heads/master refs/remotes/master [1ms]
2024-09-17 20:59:57.724 [warning] [Git][getBranch] No such branch: master
2024-09-17 21:00:02.735 [info] [Git][getRemotes] No remotes found in the git config file
2024-09-17 21:00:02.736 [info] > git config --get commit.template [5ms]
2024-09-17 21:00:02.736 [info] > git for-each-ref --format=%(refname)%00%(upstream:short)%00%(objectname)%00%(upstream:track)%00%(upstream:remotename)%00%(upstream:remoteref) refs/heads/master refs/remotes/master [1ms]
2024-09-17 21:00:02.736 [warning] [Git][getBranch] No such branch: master
2024-09-17 21:00:02.741 [info] > git status -z -uall [1ms]
2024-09-17 21:00:02.746 [info] > git for-each-ref --format=%(refname)%00%(upstream:short)%00%(objectname)%00%(upstream:track)%00%(upstream:remotename)%00%(upstream:remoteref) refs/heads/master refs/remotes/master [1ms]
2024-09-17 21:00:02.746 [warning] [Git][getBranch] No such branch: master
2024-09-17 21:00:10.637 [info] [Git][getRemotes] No remotes found in the git config file
2024-09-17 21:00:10.637 [info] > git config --get commit.template [4ms]
2024-09-17 21:00:10.638 [info] > git for-each-ref --format=%(refname)%00%(upstream:short)%00%(objectname)%00%(upstream:track)%00%(upstream:remotename)%00%(upstream:remoteref) refs/heads/master refs/remotes/master [1ms]
2024-09-17 21:00:10.638 [warning] [Git][getBranch] No such branch: master
2024-09-17 21:00:10.642 [info] > git status -z -uall [1ms]
2024-09-17 21:00:10.648 [info] > git for-each-ref --format=%(refname)%00%(upstream:short)%00%(objectname)%00%(upstream:track)%00%(upstream:remotename)%00%(upstream:remoteref) refs/heads/master refs/remotes/master [1ms]
2024-09-17 21:00:10.648 [warning] [Git][getBranch] No such branch: master
2024-09-17 21:00:24.376 [info] [Git][getRemotes] No remotes found in the git config file
2024-09-17 21:00:24.380 [info] > git config --get commit.template [4ms]
2024-09-17 21:00:24.381 [info] > git for-each-ref --format=%(refname)%00%(upstream:short)%00%(objectname)%00%(upstream:track)%00%(upstream:remotename)%00%(upstream:remoteref) refs/heads/master refs/remotes/master [1ms]
2024-09-17 21:00:24.381 [warning] [Git][getBranch] No such branch: master
2024-09-17 21:00:24.386 [info] > git status -z -uall [1ms]
2024-09-17 21:00:24.391 [info] > git for-each-ref --format=%(refname)%00%(upstream:short)%00%(objectname)%00%(upstream:track)%00%(upstream:remotename)%00%(upstream:remoteref) refs/heads/master refs/remotes/master [1ms]
2024-09-17 21:00:24.391 [warning] [Git][getBranch] No such branch: master
2024-09-17 21:01:40.810 [info] [Git][getRemotes] No remotes found in the git config file
2024-09-17 21:01:40.811 [info] > git config --get commit.template [5ms]
2024-09-17 21:01:40.811 [info] > git for-each-ref --format=%(refname)%00%(upstream:short)%00%(objectname)%00%(upstream:track)%00%(upstream:remotename)%00%(upstream:remoteref) refs/heads/master refs/remotes/master [1ms]
2024-09-17 21:01:40.811 [warning] [Git][getBranch] No such branch: master
2024-09-17 21:01:40.817 [info] > git status -z -uall [1ms]
2024-09-17 21:01:40.822 [info] > git for-each-ref --format=%(refname)%00%(upstream:short)%00%(objectname)%00%(upstream:track)%00%(upstream:remotename)%00%(upstream:remoteref) refs/heads/master refs/remotes/master [1ms]
2024-09-17 21:01:40.822 [warning] [Git][getBranch] No such branch: master
2024-09-17 21:01:45.836 [info] [Git][getRemotes] No remotes found in the git config file
2024-09-17 21:01:45.837 [info] > git config --get commit.template [7ms]
2024-09-17 21:01:45.837 [info] > git for-each-ref --format=%(refname)%00%(upstream:short)%00%(objectname)%00%(upstream:track)%00%(upstream:remotename)%00%(upstream:remoteref) refs/heads/master refs/remotes/master [1ms]
2024-09-17 21:01:45.837 [warning] [Git][getBranch] No such branch: master
2024-09-17 21:01:45.845 [info] > git status -z -uall [2ms]
2024-09-17 21:01:45.853 [info] > git for-each-ref --format=%(refname)%00%(upstream:short)%00%(objectname)%00%(upstream:track)%00%(upstream:remotename)%00%(upstream:remoteref) refs/heads/master refs/remotes/master [2ms]
2024-09-17 21:01:45.853 [warning] [Git][getBranch] No such branch: master
2024-09-17 21:01:50.867 [info] [Git][getRemotes] No remotes found in the git config file
2024-09-17 21:01:50.867 [info] > git config --get commit.template [5ms]
2024-09-17 21:01:50.868 [info] > git for-each-ref --format=%(refname)%00%(upstream:short)%00%(objectname)%00%(upstream:track)%00%(upstream:remotename)%00%(upstream:remoteref) refs/heads/master refs/remotes/master [1ms]
2024-09-17 21:01:50.868 [warning] [Git][getBranch] No such branch: master
2024-09-17 21:01:50.873 [info] > git status -z -uall [1ms]
2024-09-17 21:01:50.877 [info] > git for-each-ref --format=%(refname)%00%(upstream:short)%00%(objectname)%00%(upstream:track)%00%(upstream:remotename)%00%(upstream:remoteref) refs/heads/master refs/remotes/master [0ms]
2024-09-17 21:01:50.878 [warning] [Git][getBranch] No such branch: master
2024-09-17 21:01:55.890 [info] [Git][getRemotes] No remotes found in the git config file
2024-09-17 21:01:55.890 [info] > git config --get commit.template [5ms]
2024-09-17 21:01:55.891 [info] > git for-each-ref --format=%(refname)%00%(upstream:short)%00%(objectname)%00%(upstream:track)%00%(upstream:remotename)%00%(upstream:remoteref) refs/heads/master refs/remotes/master [1ms]
2024-09-17 21:01:55.891 [warning] [Git][getBranch] No such branch: master
2024-09-17 21:01:55.896 [info] > git status -z -uall [1ms]
2024-09-17 21:01:55.901 [info] > git for-each-ref --format=%(refname)%00%(upstream:short)%00%(objectname)%00%(upstream:track)%00%(upstream:remotename)%00%(upstream:remoteref) refs/heads/master refs/remotes/master [1ms]
2024-09-17 21:01:55.901 [warning] [Git][getBranch] No such branch: master
2024-09-17 21:02:04.093 [info] [Git][getRemotes] No remotes found in the git config file
2024-09-17 21:02:04.094 [info] > git config --get commit.template [5ms]
2024-09-17 21:02:04.094 [info] > git for-each-ref --format=%(refname)%00%(upstream:short)%00%(objectname)%00%(upstream:track)%00%(upstream:remotename)%00%(upstream:remoteref) refs/heads/master refs/remotes/master [1ms]
2024-09-17 21:02:04.094 [warning] [Git][getBranch] No such branch: master
2024-09-17 21:02:04.099 [info] > git status -z -uall [1ms]
2024-09-17 21:02:04.104 [info] > git for-each-ref --format=%(refname)%00%(upstream:short)%00%(objectname)%00%(upstream:track)%00%(upstream:remotename)%00%(upstream:remoteref) refs/heads/master refs/remotes/master [1ms]
2024-09-17 21:02:04.104 [warning] [Git][getBranch] No such branch: master
2024-09-17 21:02:57.496 [info] [Git][getRemotes] No remotes found in the git config file
2024-09-17 21:02:57.496 [info] > git config --get commit.template [4ms]
2024-09-17 21:02:57.497 [info] > git for-each-ref --format=%(refname)%00%(upstream:short)%00%(objectname)%00%(upstream:track)%00%(upstream:remotename)%00%(upstream:remoteref) refs/heads/master refs/remotes/master [1ms]
2024-09-17 21:02:57.497 [warning] [Git][getBranch] No such branch: master
2024-09-17 21:02:57.503 [info] > git status -z -uall [1ms]
2024-09-17 21:02:57.508 [info] > git for-each-ref --format=%(refname)%00%(upstream:short)%00%(objectname)%00%(upstream:track)%00%(upstream:remotename)%00%(upstream:remoteref) refs/heads/master refs/remotes/master [1ms]
2024-09-17 21:02:57.508 [warning] [Git][getBranch] No such branch: master
2024-09-17 21:03:02.519 [info] [Git][getRemotes] No remotes found in the git config file
2024-09-17 21:03:02.520 [info] > git config --get commit.template [5ms]
2024-09-17 21:03:02.520 [info] > git for-each-ref --format=%(refname)%00%(upstream:short)%00%(objectname)%00%(upstream:track)%00%(upstream:remotename)%00%(upstream:remoteref) refs/heads/master refs/remotes/master [1ms]
2024-09-17 21:03:02.520 [warning] [Git][getBranch] No such branch: master
2024-09-17 21:03:02.525 [info] > git status -z -uall [1ms]
2024-09-17 21:03:02.529 [info] > git for-each-ref --format=%(refname)%00%(upstream:short)%00%(objectname)%00%(upstream:track)%00%(upstream:remotename)%00%(upstream:remoteref) refs/heads/master refs/remotes/master [0ms]
2024-09-17 21:03:02.529 [warning] [Git][getBranch] No such branch: master
2024-09-17 21:03:07.542 [info] [Git][getRemotes] No remotes found in the git config file
2024-09-17 21:03:07.543 [info] > git config --get commit.template [6ms]
2024-09-17 21:03:07.543 [info] > git for-each-ref --format=%(refname)%00%(upstream:short)%00%(objectname)%00%(upstream:track)%00%(upstream:remotename)%00%(upstream:remoteref) refs/heads/master refs/remotes/master [1ms]
2024-09-17 21:03:07.543 [warning] [Git][getBranch] No such branch: master
2024-09-17 21:03:07.548 [info] > git status -z -uall [1ms]
2024-09-17 21:03:07.553 [info] > git for-each-ref --format=%(refname)%00%(upstream:short)%00%(objectname)%00%(upstream:track)%00%(upstream:remotename)%00%(upstream:remoteref) refs/heads/master refs/remotes/master [0ms]
2024-09-17 21:03:07.553 [warning] [Git][getBranch] No such branch: master
2024-09-17 21:03:50.576 [info] [Git][getRemotes] No remotes found in the git config file
2024-09-17 21:03:50.577 [info] > git config --get commit.template [5ms]
2024-09-17 21:03:50.577 [info] > git for-each-ref --format=%(refname)%00%(upstream:short)%00%(objectname)%00%(upstream:track)%00%(upstream:remotename)%00%(upstream:remoteref) refs/heads/master refs/remotes/master [1ms]
2024-09-17 21:03:50.577 [warning] [Git][getBranch] No such branch: master
2024-09-17 21:03:50.582 [info] > git status -z -uall [1ms]
2024-09-17 21:03:50.588 [info] > git for-each-ref --format=%(refname)%00%(upstream:short)%00%(objectname)%00%(upstream:track)%00%(upstream:remotename)%00%(upstream:remoteref) refs/heads/master refs/remotes/master [1ms]
2024-09-17 21:03:50.588 [warning] [Git][getBranch] No such branch: master
2024-09-17 21:03:55.597 [info] [Git][getRemotes] No remotes found in the git config file
2024-09-17 21:03:55.598 [info] > git config --get commit.template [5ms]
2024-09-17 21:03:55.598 [info] > git for-each-ref --format=%(refname)%00%(upstream:short)%00%(objectname)%00%(upstream:track)%00%(upstream:remotename)%00%(upstream:remoteref) refs/heads/master refs/remotes/master [1ms]
2024-09-17 21:03:55.598 [warning] [Git][getBranch] No such branch: master
2024-09-17 21:03:55.603 [info] > git status -z -uall [1ms]
2024-09-17 21:03:55.608 [info] > git for-each-ref --format=%(refname)%00%(upstream:short)%00%(objectname)%00%(upstream:track)%00%(upstream:remotename)%00%(upstream:remoteref) refs/heads/master refs/remotes/master [1ms]
2024-09-17 21:03:55.608 [warning] [Git][getBranch] No such branch: master
2024-09-17 21:04:28.992 [info] [Git][getRemotes] No remotes found in the git config file
2024-09-17 21:04:28.993 [info] > git config --get commit.template [5ms]
2024-09-17 21:04:28.993 [info] > git for-each-ref --format=%(refname)%00%(upstream:short)%00%(objectname)%00%(upstream:track)%00%(upstream:remotename)%00%(upstream:remoteref) refs/heads/master refs/remotes/master [1ms]
2024-09-17 21:04:28.993 [warning] [Git][getBranch] No such branch: master
2024-09-17 21:04:28.998 [info] > git status -z -uall [1ms]
2024-09-17 21:04:29.003 [info] > git for-each-ref --format=%(refname)%00%(upstream:short)%00%(objectname)%00%(upstream:track)%00%(upstream:remotename)%00%(upstream:remoteref) refs/heads/master refs/remotes/master [0ms]
2024-09-17 21:04:29.003 [warning] [Git][getBranch] No such branch: master
2024-09-17 21:04:34.013 [info] [Git][getRemotes] No remotes found in the git config file
2024-09-17 21:04:34.013 [info] > git config --get commit.template [4ms]
2024-09-17 21:04:34.014 [info] > git for-each-ref --format=%(refname)%00%(upstream:short)%00%(objectname)%00%(upstream:track)%00%(upstream:remotename)%00%(upstream:remoteref) refs/heads/master refs/remotes/master [1ms]
2024-09-17 21:04:34.014 [warning] [Git][getBranch] No such branch: master
2024-09-17 21:04:34.019 [info] > git status -z -uall [2ms]
2024-09-17 21:04:34.023 [info] > git for-each-ref --format=%(refname)%00%(upstream:short)%00%(objectname)%00%(upstream:track)%00%(upstream:remotename)%00%(upstream:remoteref) refs/heads/master refs/remotes/master [0ms]
2024-09-17 21:04:34.023 [warning] [Git][getBranch] No such branch: master
2024-09-17 21:05:22.376 [info] [Git][getRemotes] No remotes found in the git config file
2024-09-17 21:05:22.376 [info] > git config --get commit.template [5ms]
2024-09-17 21:05:22.377 [info] > git for-each-ref --format=%(refname)%00%(upstream:short)%00%(objectname)%00%(upstream:track)%00%(upstream:remotename)%00%(upstream:remoteref) refs/heads/master refs/remotes/master [1ms]
2024-09-17 21:05:22.377 [warning] [Git][getBranch] No such branch: master
2024-09-17 21:05:22.382 [info] > git status -z -uall [1ms]
2024-09-17 21:05:22.386 [info] > git for-each-ref --format=%(refname)%00%(upstream:short)%00%(objectname)%00%(upstream:track)%00%(upstream:remotename)%00%(upstream:remoteref) refs/heads/master refs/remotes/master [0ms]
2024-09-17 21:05:22.387 [warning] [Git][getBranch] No such branch: master
2024-09-17 21:05:27.392 [info] [Git][getRemotes] No remotes found in the git config file
2024-09-17 21:05:27.396 [info] > git config --get commit.template [4ms]
2024-09-17 21:05:27.396 [info] > git for-each-ref --format=%(refname)%00%(upstream:short)%00%(objectname)%00%(upstream:track)%00%(upstream:remotename)%00%(upstream:remoteref) refs/heads/master refs/remotes/master [0ms]
2024-09-17 21:05:27.396 [warning] [Git][getBranch] No such branch: master
2024-09-17 21:05:27.401 [info] > git status -z -uall [1ms]
2024-09-17 21:05:27.406 [info] > git for-each-ref --format=%(refname)%00%(upstream:short)%00%(objectname)%00%(upstream:track)%00%(upstream:remotename)%00%(upstream:remoteref) refs/heads/master refs/remotes/master [1ms]
2024-09-17 21:05:27.406 [warning] [Git][getBranch] No such branch: master
2024-09-17 21:05:38.056 [info] [Git][getRemotes] No remotes found in the git config file
2024-09-17 21:05:38.061 [info] > git config --get commit.template [4ms]
2024-09-17 21:05:38.061 [info] > git for-each-ref --format=%(refname)%00%(upstream:short)%00%(objectname)%00%(upstream:track)%00%(upstream:remotename)%00%(upstream:remoteref) refs/heads/master refs/remotes/master [1ms]
2024-09-17 21:05:38.061 [warning] [Git][getBranch] No such branch: master
2024-09-17 21:05:38.066 [info] > git status -z -uall [1ms]
2024-09-17 21:05:38.072 [info] > git for-each-ref --format=%(refname)%00%(upstream:short)%00%(objectname)%00%(upstream:track)%00%(upstream:remotename)%00%(upstream:remoteref) refs/heads/master refs/remotes/master [1ms]
2024-09-17 21:05:38.072 [warning] [Git][getBranch] No such branch: master
2024-09-17 21:05:55.626 [info] [Git][getRemotes] No remotes found in the git config file
2024-09-17 21:05:55.626 [info] > git config --get commit.template [4ms]
2024-09-17 21:05:55.627 [info] > git for-each-ref --format=%(refname)%00%(upstream:short)%00%(objectname)%00%(upstream:track)%00%(upstream:remotename)%00%(upstream:remoteref) refs/heads/master refs/remotes/master [1ms]
2024-09-17 21:05:55.627 [warning] [Git][getBranch] No such branch: master
2024-09-17 21:05:55.631 [info] > git status -z -uall [1ms]
2024-09-17 21:05:55.636 [info] > git for-each-ref --format=%(refname)%00%(upstream:short)%00%(objectname)%00%(upstream:track)%00%(upstream:remotename)%00%(upstream:remoteref) refs/heads/master refs/remotes/master [1ms]
2024-09-17 21:05:55.636 [warning] [Git][getBranch] No such branch: master
2024-09-17 21:06:19.873 [info] [Git][getRemotes] No remotes found in the git config file
2024-09-17 21:06:19.874 [info] > git config --get commit.template [4ms]
2024-09-17 21:06:19.874 [info] > git for-each-ref --format=%(refname)%00%(upstream:short)%00%(objectname)%00%(upstream:track)%00%(upstream:remotename)%00%(upstream:remoteref) refs/heads/master refs/remotes/master [1ms]
2024-09-17 21:06:19.874 [warning] [Git][getBranch] No such branch: master
2024-09-17 21:06:19.879 [info] > git status -z -uall [1ms]
2024-09-17 21:06:19.884 [info] > git for-each-ref --format=%(refname)%00%(upstream:short)%00%(objectname)%00%(upstream:track)%00%(upstream:remotename)%00%(upstream:remoteref) refs/heads/master refs/remotes/master [1ms]
2024-09-17 21:06:19.884 [warning] [Git][getBranch] No such branch: master
2024-09-17 21:06:24.893 [info] [Git][getRemotes] No remotes found in the git config file
2024-09-17 21:06:24.893 [info] > git config --get commit.template [4ms]
2024-09-17 21:06:24.894 [info] > git for-each-ref --format=%(refname)%00%(upstream:short)%00%(objectname)%00%(upstream:track)%00%(upstream:remotename)%00%(upstream:remoteref) refs/heads/master refs/remotes/master [1ms]
2024-09-17 21:06:24.894 [warning] [Git][getBranch] No such branch: master
2024-09-17 21:06:24.898 [info] > git status -z -uall [1ms]
2024-09-17 21:06:24.903 [info] > git for-each-ref --format=%(refname)%00%(upstream:short)%00%(objectname)%00%(upstream:track)%00%(upstream:remotename)%00%(upstream:remoteref) refs/heads/master refs/remotes/master [1ms]
2024-09-17 21:06:24.903 [warning] [Git][getBranch] No such branch: master
2024-09-17 21:06:29.917 [info] [Git][getRemotes] No remotes found in the git config file
2024-09-17 21:06:29.917 [info] > git config --get commit.template [5ms]
2024-09-17 21:06:29.918 [info] > git for-each-ref --format=%(refname)%00%(upstream:short)%00%(objectname)%00%(upstream:track)%00%(upstream:remotename)%00%(upstream:remoteref) refs/heads/master refs/remotes/master [1ms]
2024-09-17 21:06:29.918 [warning] [Git][getBranch] No such branch: master
2024-09-17 21:06:29.923 [info] > git status -z -uall [1ms]
2024-09-17 21:06:29.928 [info] > git for-each-ref --format=%(refname)%00%(upstream:short)%00%(objectname)%00%(upstream:track)%00%(upstream:remotename)%00%(upstream:remoteref) refs/heads/master refs/remotes/master [1ms]
2024-09-17 21:06:29.928 [warning] [Git][getBranch] No such branch: master
2024-09-17 21:07:20.246 [info] [Git][getRemotes] No remotes found in the git config file
2024-09-17 21:07:20.246 [info] > git config --get commit.template [5ms]
2024-09-17 21:07:20.247 [info] > git for-each-ref --format=%(refname)%00%(upstream:short)%00%(objectname)%00%(upstream:track)%00%(upstream:remotename)%00%(upstream:remoteref) refs/heads/master refs/remotes/master [1ms]
2024-09-17 21:07:20.247 [warning] [Git][getBranch] No such branch: master
2024-09-17 21:07:20.251 [info] > git status -z -uall [1ms]
2024-09-17 21:07:20.256 [info] > git for-each-ref --format=%(refname)%00%(upstream:short)%00%(objectname)%00%(upstream:track)%00%(upstream:remotename)%00%(upstream:remoteref) refs/heads/master refs/remotes/master [1ms]
2024-09-17 21:07:20.256 [warning] [Git][getBranch] No such branch: master
2024-09-17 21:07:27.901 [info] [Git][getRemotes] No remotes found in the git config file
2024-09-17 21:07:27.902 [info] > git config --get commit.template [6ms]
2024-09-17 21:07:27.902 [info] > git for-each-ref --format=%(refname)%00%(upstream:short)%00%(objectname)%00%(upstream:track)%00%(upstream:remotename)%00%(upstream:remoteref) refs/heads/master refs/remotes/master [1ms]
2024-09-17 21:07:27.902 [warning] [Git][getBranch] No such branch: master
2024-09-17 21:07:27.907 [info] > git status -z -uall [1ms]
2024-09-17 21:07:27.912 [info] > git for-each-ref --format=%(refname)%00%(upstream:short)%00%(objectname)%00%(upstream:track)%00%(upstream:remotename)%00%(upstream:remoteref) refs/heads/master refs/remotes/master [1ms]
2024-09-17 21:07:27.912 [warning] [Git][getBranch] No such branch: master
2024-09-17 21:07:34.475 [info] [Git][getRemotes] No remotes found in the git config file
2024-09-17 21:07:34.475 [info] > git config --get commit.template [5ms]
2024-09-17 21:07:34.476 [info] > git for-each-ref --format=%(refname)%00%(upstream:short)%00%(objectname)%00%(upstream:track)%00%(upstream:remotename)%00%(upstream:remoteref) refs/heads/master refs/remotes/master [2ms]
2024-09-17 21:07:34.476 [warning] [Git][getBranch] No such branch: master
2024-09-17 21:07:34.480 [info] > git status -z -uall [1ms]
2024-09-17 21:07:34.485 [info] > git for-each-ref --format=%(refname)%00%(upstream:short)%00%(objectname)%00%(upstream:track)%00%(upstream:remotename)%00%(upstream:remoteref) refs/heads/master refs/remotes/master [1ms]
2024-09-17 21:07:34.485 [warning] [Git][getBranch] No such branch: master
2024-09-17 21:07:40.081 [info] [Git][getRemotes] No remotes found in the git config file
2024-09-17 21:07:40.081 [info] > git config --get commit.template [5ms]
2024-09-17 21:07:40.082 [info] > git for-each-ref --format=%(refname)%00%(upstream:short)%00%(objectname)%00%(upstream:track)%00%(upstream:remotename)%00%(upstream:remoteref) refs/heads/master refs/remotes/master [1ms]
2024-09-17 21:07:40.082 [warning] [Git][getBranch] No such branch: master
2024-09-17 21:07:40.087 [info] > git status -z -uall [1ms]
2024-09-17 21:07:40.092 [info] > git for-each-ref --format=%(refname)%00%(upstream:short)%00%(objectname)%00%(upstream:track)%00%(upstream:remotename)%00%(upstream:remoteref) refs/heads/master refs/remotes/master [1ms]
2024-09-17 21:07:40.092 [warning] [Git][getBranch] No such branch: master
2024-09-17 21:08:23.531 [info] [Git][getRemotes] No remotes found in the git config file
2024-09-17 21:08:23.531 [info] > git config --get commit.template [5ms]
2024-09-17 21:08:23.532 [info] > git for-each-ref --format=%(refname)%00%(upstream:short)%00%(objectname)%00%(upstream:track)%00%(upstream:remotename)%00%(upstream:remoteref) refs/heads/master refs/remotes/master [1ms]
2024-09-17 21:08:23.532 [warning] [Git][getBranch] No such branch: master
2024-09-17 21:08:23.537 [info] > git status -z -uall [1ms]
2024-09-17 21:08:23.542 [info] > git for-each-ref --format=%(refname)%00%(upstream:short)%00%(objectname)%00%(upstream:track)%00%(upstream:remotename)%00%(upstream:remoteref) refs/heads/master refs/remotes/master [1ms]
2024-09-17 21:08:23.542 [warning] [Git][getBranch] No such branch: master
2024-09-17 21:08:37.406 [info] [Git][getRemotes] No remotes found in the git config file
2024-09-17 21:08:37.406 [info] > git config --get commit.template [5ms]
2024-09-17 21:08:37.406 [info] > git for-each-ref --format=%(refname)%00%(upstream:short)%00%(objectname)%00%(upstream:track)%00%(upstream:remotename)%00%(upstream:remoteref) refs/heads/master refs/remotes/master [0ms]
2024-09-17 21:08:37.406 [warning] [Git][getBranch] No such branch: master
2024-09-17 21:08:37.411 [info] > git status -z -uall [1ms]
2024-09-17 21:08:37.417 [info] > git for-each-ref --format=%(refname)%00%(upstream:short)%00%(objectname)%00%(upstream:track)%00%(upstream:remotename)%00%(upstream:remoteref) refs/heads/master refs/remotes/master [1ms]
2024-09-17 21:08:37.417 [warning] [Git][getBranch] No such branch: master
2024-09-17 21:08:45.134 [info] [Git][getRemotes] No remotes found in the git config file
2024-09-17 21:08:45.134 [info] > git config --get commit.template [5ms]
2024-09-17 21:08:45.135 [info] > git for-each-ref --format=%(refname)%00%(upstream:short)%00%(objectname)%00%(upstream:track)%00%(upstream:remotename)%00%(upstream:remoteref) refs/heads/master refs/remotes/master [1ms]
2024-09-17 21:08:45.135 [warning] [Git][getBranch] No such branch: master
2024-09-17 21:08:45.140 [info] > git status -z -uall [1ms]
2024-09-17 21:08:45.145 [info] > git for-each-ref --format=%(refname)%00%(upstream:short)%00%(objectname)%00%(upstream:track)%00%(upstream:remotename)%00%(upstream:remoteref) refs/heads/master refs/remotes/master [1ms]
2024-09-17 21:08:45.145 [warning] [Git][getBranch] No such branch: master
2024-09-17 21:08:54.903 [info] [Git][getRemotes] No remotes found in the git config file
2024-09-17 21:08:54.904 [info] > git config --get commit.template [6ms]
2024-09-17 21:08:54.904 [info] > git for-each-ref --format=%(refname)%00%(upstream:short)%00%(objectname)%00%(upstream:track)%00%(upstream:remotename)%00%(upstream:remoteref) refs/heads/master refs/remotes/master [1ms]
2024-09-17 21:08:54.904 [warning] [Git][getBranch] No such branch: master
2024-09-17 21:08:54.909 [info] > git status -z -uall [1ms]
2024-09-17 21:08:54.913 [info] > git for-each-ref --format=%(refname)%00%(upstream:short)%00%(objectname)%00%(upstream:track)%00%(upstream:remotename)%00%(upstream:remoteref) refs/heads/master refs/remotes/master [1ms]
2024-09-17 21:08:54.913 [warning] [Git][getBranch] No such branch: master
2024-09-17 21:08:59.920 [info] [Git][getRemotes] No remotes found in the git config file
2024-09-17 21:08:59.924 [info] > git config --get commit.template [5ms]
2024-09-17 21:08:59.925 [info] > git for-each-ref --format=%(refname)%00%(upstream:short)%00%(objectname)%00%(upstream:track)%00%(upstream:remotename)%00%(upstream:remoteref) refs/heads/master refs/remotes/master [1ms]
2024-09-17 21:08:59.925 [warning] [Git][getBranch] No such branch: master
2024-09-17 21:08:59.929 [info] > git status -z -uall [1ms]
2024-09-17 21:08:59.934 [info] > git for-each-ref --format=%(refname)%00%(upstream:short)%00%(objectname)%00%(upstream:track)%00%(upstream:remotename)%00%(upstream:remoteref) refs/heads/master refs/remotes/master [0ms]
2024-09-17 21:08:59.935 [warning] [Git][getBranch] No such branch: master
2024-09-17 21:09:04.949 [info] [Git][getRemotes] No remotes found in the git config file
2024-09-17 21:09:04.949 [info] > git config --get commit.template [4ms]
2024-09-17 21:09:04.950 [info] > git for-each-ref --format=%(refname)%00%(upstream:short)%00%(objectname)%00%(upstream:track)%00%(upstream:remotename)%00%(upstream:remoteref) refs/heads/master refs/remotes/master [1ms]
2024-09-17 21:09:04.950 [warning] [Git][getBranch] No such branch: master
2024-09-17 21:09:04.955 [info] > git status -z -uall [2ms]
2024-09-17 21:09:04.959 [info] > git for-each-ref --format=%(refname)%00%(upstream:short)%00%(objectname)%00%(upstream:track)%00%(upstream:remotename)%00%(upstream:remoteref) refs/heads/master refs/remotes/master [1ms]
2024-09-17 21:09:04.959 [warning] [Git][getBranch] No such branch: master
2024-09-17 21:09:11.782 [info] [Git][getRemotes] No remotes found in the git config file
2024-09-17 21:09:11.783 [info] > git config --get commit.template [4ms]
2024-09-17 21:09:11.783 [info] > git for-each-ref --format=%(refname)%00%(upstream:short)%00%(objectname)%00%(upstream:track)%00%(upstream:remotename)%00%(upstream:remoteref) refs/heads/master refs/remotes/master [1ms]
2024-09-17 21:09:11.783 [warning] [Git][getBranch] No such branch: master
2024-09-17 21:09:11.788 [info] > git status -z -uall [1ms]
2024-09-17 21:09:11.793 [info] > git for-each-ref --format=%(refname)%00%(upstream:short)%00%(objectname)%00%(upstream:track)%00%(upstream:remotename)%00%(upstream:remoteref) refs/heads/master refs/remotes/master [1ms]
2024-09-17 21:09:11.793 [warning] [Git][getBranch] No such branch: master
2024-09-17 21:09:34.306 [info] > git show --textconv :src/main.rs [5ms]
2024-09-17 21:09:34.307 [info] > git ls-files --stage -- /home/arch/Projects/Rust/voice/src/main.rs [2ms]
2024-09-17 21:09:34.585 [info] [Git][getRemotes] No remotes found in the git config file
2024-09-17 21:09:34.585 [info] > git config --get commit.template [5ms]
2024-09-17 21:09:34.586 [info] > git for-each-ref --format=%(refname)%00%(upstream:short)%00%(objectname)%00%(upstream:track)%00%(upstream:remotename)%00%(upstream:remoteref) refs/heads/master refs/remotes/master [1ms]
2024-09-17 21:09:34.586 [warning] [Git][getBranch] No such branch: master
2024-09-17 21:09:34.591 [info] > git status -z -uall [1ms]
2024-09-17 21:09:34.596 [info] > git for-each-ref --format=%(refname)%00%(upstream:short)%00%(objectname)%00%(upstream:track)%00%(upstream:remotename)%00%(upstream:remoteref) refs/heads/master refs/remotes/master [1ms]
2024-09-17 21:09:34.596 [warning] [Git][getBranch] No such branch: master
2024-09-17 21:09:42.614 [info] [Git][getRemotes] No remotes found in the git config file
2024-09-17 21:09:42.615 [info] > git config --get commit.template [4ms]
2024-09-17 21:09:42.615 [info] > git for-each-ref --format=%(refname)%00%(upstream:short)%00%(objectname)%00%(upstream:track)%00%(upstream:remotename)%00%(upstream:remoteref) refs/heads/master refs/remotes/master [1ms]
2024-09-17 21:09:42.615 [warning] [Git][getBranch] No such branch: master
2024-09-17 21:09:42.620 [info] > git status -z -uall [1ms]
2024-09-17 21:09:42.625 [info] > git for-each-ref --format=%(refname)%00%(upstream:short)%00%(objectname)%00%(upstream:track)%00%(upstream:remotename)%00%(upstream:remoteref) refs/heads/master refs/remotes/master [1ms]
2024-09-17 21:09:42.625 [warning] [Git][getBranch] No such branch: master
2024-09-17 21:12:14.993 [info] [Git][getRemotes] No remotes found in the git config file
2024-09-17 21:12:14.993 [info] > git config --get commit.template [5ms]
2024-09-17 21:12:14.994 [info] > git for-each-ref --format=%(refname)%00%(upstream:short)%00%(objectname)%00%(upstream:track)%00%(upstream:remotename)%00%(upstream:remoteref) refs/heads/master refs/remotes/master [1ms]
2024-09-17 21:12:14.994 [warning] [Git][getBranch] No such branch: master
2024-09-17 21:12:14.999 [info] > git status -z -uall [1ms]
2024-09-17 21:12:15.004 [info] > git for-each-ref --format=%(refname)%00%(upstream:short)%00%(objectname)%00%(upstream:track)%00%(upstream:remotename)%00%(upstream:remoteref) refs/heads/master refs/remotes/master [1ms]
2024-09-17 21:12:15.004 [warning] [Git][getBranch] No such branch: master
2024-09-17 21:12:22.990 [info] [Git][getRemotes] No remotes found in the git config file
2024-09-17 21:12:22.994 [info] > git config --get commit.template [4ms]
2024-09-17 21:12:22.994 [info] > git for-each-ref --format=%(refname)%00%(upstream:short)%00%(objectname)%00%(upstream:track)%00%(upstream:remotename)%00%(upstream:remoteref) refs/heads/master refs/remotes/master [0ms]
2024-09-17 21:12:22.994 [warning] [Git][getBranch] No such branch: master
2024-09-17 21:12:23.000 [info] > git status -z -uall [1ms]
2024-09-17 21:12:23.005 [info] > git for-each-ref --format=%(refname)%00%(upstream:short)%00%(objectname)%00%(upstream:track)%00%(upstream:remotename)%00%(upstream:remoteref) refs/heads/master refs/remotes/master [1ms]
2024-09-17 21:12:23.005 [warning] [Git][getBranch] No such branch: master
2024-09-17 21:13:25.873 [info] [Git][getRemotes] No remotes found in the git config file
2024-09-17 21:13:25.873 [info] > git config --get commit.template [5ms]
2024-09-17 21:13:25.873 [info] > git for-each-ref --format=%(refname)%00%(upstream:short)%00%(objectname)%00%(upstream:track)%00%(upstream:remotename)%00%(upstream:remoteref) refs/heads/master refs/remotes/master [1ms]
2024-09-17 21:13:25.873 [warning] [Git][getBranch] No such branch: master
2024-09-17 21:13:25.878 [info] > git status -z -uall [1ms]
2024-09-17 21:13:25.883 [info] > git for-each-ref --format=%(refname)%00%(upstream:short)%00%(objectname)%00%(upstream:track)%00%(upstream:remotename)%00%(upstream:remoteref) refs/heads/master refs/remotes/master [1ms]
2024-09-17 21:13:25.883 [warning] [Git][getBranch] No such branch: master
2024-09-17 21:13:30.894 [info] [Git][getRemotes] No remotes found in the git config file
2024-09-17 21:13:30.894 [info] > git config --get commit.template [5ms]
2024-09-17 21:13:30.894 [info] > git for-each-ref --format=%(refname)%00%(upstream:short)%00%(objectname)%00%(upstream:track)%00%(upstream:remotename)%00%(upstream:remoteref) refs/heads/master refs/remotes/master [0ms]
2024-09-17 21:13:30.894 [warning] [Git][getBranch] No such branch: master
2024-09-17 21:13:30.899 [info] > git status -z -uall [1ms]
2024-09-17 21:13:30.904 [info] > git for-each-ref --format=%(refname)%00%(upstream:short)%00%(objectname)%00%(upstream:track)%00%(upstream:remotename)%00%(upstream:remoteref) refs/heads/master refs/remotes/master [1ms]
2024-09-17 21:13:30.904 [warning] [Git][getBranch] No such branch: master
2024-09-17 21:13:35.917 [info] [Git][getRemotes] No remotes found in the git config file
2024-09-17 21:13:35.917 [info] > git config --get commit.template [5ms]
2024-09-17 21:13:35.917 [info] > git for-each-ref --format=%(refname)%00%(upstream:short)%00%(objectname)%00%(upstream:track)%00%(upstream:remotename)%00%(upstream:remoteref) refs/heads/master refs/remotes/master [0ms]
2024-09-17 21:13:35.917 [warning] [Git][getBranch] No such branch: master
2024-09-17 21:13:35.923 [info] > git status -z -uall [2ms]
2024-09-17 21:13:35.927 [info] > git for-each-ref --format=%(refname)%00%(upstream:short)%00%(objectname)%00%(upstream:track)%00%(upstream:remotename)%00%(upstream:remoteref) refs/heads/master refs/remotes/master [0ms]
2024-09-17 21:13:35.927 [warning] [Git][getBranch] No such branch: master
2024-09-17 21:13:49.213 [info] [Git][getRemotes] No remotes found in the git config file
2024-09-17 21:13:49.213 [info] > git config --get commit.template [5ms]
2024-09-17 21:13:49.214 [info] > git for-each-ref --format=%(refname)%00%(upstream:short)%00%(objectname)%00%(upstream:track)%00%(upstream:remotename)%00%(upstream:remoteref) refs/heads/master refs/remotes/master [1ms]
2024-09-17 21:13:49.214 [warning] [Git][getBranch] No such branch: master
2024-09-17 21:13:49.218 [info] > git status -z -uall [1ms]
2024-09-17 21:13:49.223 [info] > git for-each-ref --format=%(refname)%00%(upstream:short)%00%(objectname)%00%(upstream:track)%00%(upstream:remotename)%00%(upstream:remoteref) refs/heads/master refs/remotes/master [1ms]
2024-09-17 21:13:49.223 [warning] [Git][getBranch] No such branch: master
2024-09-17 21:14:04.784 [info] [Git][getRemotes] No remotes found in the git config file
2024-09-17 21:14:04.784 [info] > git config --get commit.template [5ms]
2024-09-17 21:14:04.785 [info] > git for-each-ref --format=%(refname)%00%(upstream:short)%00%(objectname)%00%(upstream:track)%00%(upstream:remotename)%00%(upstream:remoteref) refs/heads/master refs/remotes/master [1ms]
2024-09-17 21:14:04.785 [warning] [Git][getBranch] No such branch: master
2024-09-17 21:14:04.790 [info] > git status -z -uall [1ms]
2024-09-17 21:14:04.795 [info] > git for-each-ref --format=%(refname)%00%(upstream:short)%00%(objectname)%00%(upstream:track)%00%(upstream:remotename)%00%(upstream:remoteref) refs/heads/master refs/remotes/master [1ms]
2024-09-17 21:14:04.795 [warning] [Git][getBranch] No such branch: master
2024-09-17 21:14:49.696 [info] > git config --get commit.template [1ms]
2024-09-17 21:14:49.700 [info] [Git][getRemotes] No remotes found in the git config file
2024-09-17 21:14:49.701 [info] > git for-each-ref --format=%(refname)%00%(upstream:short)%00%(objectname)%00%(upstream:track)%00%(upstream:remotename)%00%(upstream:remoteref) refs/heads/master refs/remotes/master [1ms]
2024-09-17 21:14:49.701 [warning] [Git][getBranch] No such branch: master
2024-09-17 21:14:49.706 [info] > git status -z -uall [1ms]
2024-09-17 21:14:49.711 [info] > git for-each-ref --format=%(refname)%00%(upstream:short)%00%(objectname)%00%(upstream:track)%00%(upstream:remotename)%00%(upstream:remoteref) refs/heads/master refs/remotes/master [0ms]
2024-09-17 21:14:49.711 [warning] [Git][getBranch] No such branch: master
2024-09-17 21:15:00.112 [info] [Git][getRemotes] No remotes found in the git config file
2024-09-17 21:15:00.112 [info] > git config --get commit.template [5ms]
2024-09-17 21:15:00.113 [info] > git for-each-ref --format=%(refname)%00%(upstream:short)%00%(objectname)%00%(upstream:track)%00%(upstream:remotename)%00%(upstream:remoteref) refs/heads/master refs/remotes/master [1ms]
2024-09-17 21:15:00.113 [warning] [Git][getBranch] No such branch: master
2024-09-17 21:15:00.117 [info] > git status -z -uall [1ms]
2024-09-17 21:15:00.122 [info] > git for-each-ref --format=%(refname)%00%(upstream:short)%00%(objectname)%00%(upstream:track)%00%(upstream:remotename)%00%(upstream:remoteref) refs/heads/master refs/remotes/master [1ms]
2024-09-17 21:15:00.122 [warning] [Git][getBranch] No such branch: master
2024-09-17 21:15:20.726 [info] [Git][getRemotes] No remotes found in the git config file
2024-09-17 21:15:20.726 [info] > git config --get commit.template [5ms]
2024-09-17 21:15:20.726 [info] > git for-each-ref --format=%(refname)%00%(upstream:short)%00%(objectname)%00%(upstream:track)%00%(upstream:remotename)%00%(upstream:remoteref) refs/heads/master refs/remotes/master [0ms]
2024-09-17 21:15:20.726 [warning] [Git][getBranch] No such branch: master
2024-09-17 21:15:20.731 [info] > git status -z -uall [1ms]
2024-09-17 21:15:20.737 [info] > git for-each-ref --format=%(refname)%00%(upstream:short)%00%(objectname)%00%(upstream:track)%00%(upstream:remotename)%00%(upstream:remoteref) refs/heads/master refs/remotes/master [1ms]
2024-09-17 21:15:20.737 [warning] [Git][getBranch] No such branch: master
2024-09-17 21:15:35.137 [info] [Git][getRemotes] No remotes found in the git config file
2024-09-17 21:15:35.137 [info] > git config --get commit.template [5ms]
2024-09-17 21:15:35.138 [info] > git for-each-ref --format=%(refname)%00%(upstream:short)%00%(objectname)%00%(upstream:track)%00%(upstream:remotename)%00%(upstream:remoteref) refs/heads/master refs/remotes/master [1ms]
2024-09-17 21:15:35.138 [warning] [Git][getBranch] No such branch: master
2024-09-17 21:15:35.143 [info] > git status -z -uall [1ms]
2024-09-17 21:15:35.147 [info] > git for-each-ref --format=%(refname)%00%(upstream:short)%00%(objectname)%00%(upstream:track)%00%(upstream:remotename)%00%(upstream:remoteref) refs/heads/master refs/remotes/master [0ms]
2024-09-17 21:15:35.147 [warning] [Git][getBranch] No such branch: master
2024-09-17 21:15:42.945 [info] > git show --textconv :src/text_to_speech.rs [4ms]
2024-09-17 21:15:42.946 [info] > git ls-files --stage -- /home/arch/Projects/Rust/voice/src/text_to_speech.rs [1ms]
2024-09-17 21:15:44.451 [info] > git show --textconv :src/test.rs [5ms]
2024-09-17 21:15:44.452 [info] > git ls-files --stage -- /home/arch/Projects/Rust/voice/src/test.rs [1ms]
2024-09-17 21:15:50.022 [info] [Git][getRemotes] No remotes found in the git config file
2024-09-17 21:15:50.022 [info] > git config --get commit.template [5ms]
2024-09-17 21:15:50.022 [info] > git for-each-ref --format=%(refname)%00%(upstream:short)%00%(objectname)%00%(upstream:track)%00%(upstream:remotename)%00%(upstream:remoteref) refs/heads/master refs/remotes/master [0ms]
2024-09-17 21:15:50.022 [warning] [Git][getBranch] No such branch: master
2024-09-17 21:15:50.028 [info] > git status -z -uall [1ms]
2024-09-17 21:15:50.033 [info] > git for-each-ref --format=%(refname)%00%(upstream:short)%00%(objectname)%00%(upstream:track)%00%(upstream:remotename)%00%(upstream:remoteref) refs/heads/master refs/remotes/master [1ms]
2024-09-17 21:15:50.033 [warning] [Git][getBranch] No such branch: master
2024-09-17 21:16:03.929 [info] [Git][getRemotes] No remotes found in the git config file
2024-09-17 21:16:03.929 [info] > git config --get commit.template [4ms]
2024-09-17 21:16:03.930 [info] > git for-each-ref --format=%(refname)%00%(upstream:short)%00%(objectname)%00%(upstream:track)%00%(upstream:remotename)%00%(upstream:remoteref) refs/heads/master refs/remotes/master [1ms]
2024-09-17 21:16:03.930 [warning] [Git][getBranch] No such branch: master
2024-09-17 21:16:03.934 [info] > git status -z -uall [1ms]
2024-09-17 21:16:03.939 [info] > git for-each-ref --format=%(refname)%00%(upstream:short)%00%(objectname)%00%(upstream:track)%00%(upstream:remotename)%00%(upstream:remoteref) refs/heads/master refs/remotes/master [1ms]
2024-09-17 21:16:03.939 [warning] [Git][getBranch] No such branch: master
2024-09-17 21:16:08.952 [info] [Git][getRemotes] No remotes found in the git config file
2024-09-17 21:16:08.953 [info] > git config --get commit.template [6ms]
2024-09-17 21:16:08.953 [info] > git for-each-ref --format=%(refname)%00%(upstream:short)%00%(objectname)%00%(upstream:track)%00%(upstream:remotename)%00%(upstream:remoteref) refs/heads/master refs/remotes/master [1ms]
2024-09-17 21:16:08.953 [warning] [Git][getBranch] No such branch: master
2024-09-17 21:16:08.959 [info] > git status -z -uall [2ms]
2024-09-17 21:16:08.964 [info] > git for-each-ref --format=%(refname)%00%(upstream:short)%00%(objectname)%00%(upstream:track)%00%(upstream:remotename)%00%(upstream:remoteref) refs/heads/master refs/remotes/master [1ms]
2024-09-17 21:16:08.964 [warning] [Git][getBranch] No such branch: master
2024-09-17 21:16:15.773 [info] [Git][getRemotes] No remotes found in the git config file
2024-09-17 21:16:15.773 [info] > git config --get commit.template [5ms]
2024-09-17 21:16:15.774 [info] > git for-each-ref --format=%(refname)%00%(upstream:short)%00%(objectname)%00%(upstream:track)%00%(upstream:remotename)%00%(upstream:remoteref) refs/heads/master refs/remotes/master [1ms]
2024-09-17 21:16:15.774 [warning] [Git][getBranch] No such branch: master
2024-09-17 21:16:15.779 [info] > git status -z -uall [1ms]
2024-09-17 21:16:15.784 [info] > git for-each-ref --format=%(refname)%00%(upstream:short)%00%(objectname)%00%(upstream:track)%00%(upstream:remotename)%00%(upstream:remoteref) refs/heads/master refs/remotes/master [1ms]
2024-09-17 21:16:15.784 [warning] [Git][getBranch] No such branch: master
2024-09-17 21:16:27.872 [info] [Git][getRemotes] No remotes found in the git config file
2024-09-17 21:16:27.876 [info] > git config --get commit.template [4ms]
2024-09-17 21:16:27.877 [info] > git for-each-ref --format=%(refname)%00%(upstream:short)%00%(objectname)%00%(upstream:track)%00%(upstream:remotename)%00%(upstream:remoteref) refs/heads/master refs/remotes/master [1ms]
2024-09-17 21:16:27.877 [warning] [Git][getBranch] No such branch: master
2024-09-17 21:16:27.882 [info] > git status -z -uall [1ms]
2024-09-17 21:16:27.887 [info] > git for-each-ref --format=%(refname)%00%(upstream:short)%00%(objectname)%00%(upstream:track)%00%(upstream:remotename)%00%(upstream:remoteref) refs/heads/master refs/remotes/master [1ms]
2024-09-17 21:16:27.887 [warning] [Git][getBranch] No such branch: master
2024-09-17 21:18:04.859 [info] [Git][getRemotes] No remotes found in the git config file
2024-09-17 21:18:04.859 [info] > git config --get commit.template [6ms]
2024-09-17 21:18:04.860 [info] > git for-each-ref --format=%(refname)%00%(upstream:short)%00%(objectname)%00%(upstream:track)%00%(upstream:remotename)%00%(upstream:remoteref) refs/heads/master refs/remotes/master [1ms]
2024-09-17 21:18:04.860 [warning] [Git][getBranch] No such branch: master
2024-09-17 21:18:04.864 [info] > git status -z -uall [1ms]
2024-09-17 21:18:04.869 [info] > git for-each-ref --format=%(refname)%00%(upstream:short)%00%(objectname)%00%(upstream:track)%00%(upstream:remotename)%00%(upstream:remoteref) refs/heads/master refs/remotes/master [1ms]
2024-09-17 21:18:04.869 [warning] [Git][getBranch] No such branch: master
2024-09-17 21:18:09.880 [info] [Git][getRemotes] No remotes found in the git config file
2024-09-17 21:18:09.880 [info] > git config --get commit.template [4ms]
2024-09-17 21:18:09.880 [info] > git for-each-ref --format=%(refname)%00%(upstream:short)%00%(objectname)%00%(upstream:track)%00%(upstream:remotename)%00%(upstream:remoteref) refs/heads/master refs/remotes/master [0ms]
2024-09-17 21:18:09.880 [warning] [Git][getBranch] No such branch: master
2024-09-17 21:18:09.885 [info] > git status -z -uall [1ms]
2024-09-17 21:18:09.890 [info] > git for-each-ref --format=%(refname)%00%(upstream:short)%00%(objectname)%00%(upstream:track)%00%(upstream:remotename)%00%(upstream:remoteref) refs/heads/master refs/remotes/master [0ms]
2024-09-17 21:18:09.891 [warning] [Git][getBranch] No such branch: master
2024-09-17 21:18:33.170 [info] [Git][getRemotes] No remotes found in the git config file
2024-09-17 21:18:33.170 [info] > git config --get commit.template [5ms]
2024-09-17 21:18:33.171 [info] > git for-each-ref --format=%(refname)%00%(upstream:short)%00%(objectname)%00%(upstream:track)%00%(upstream:remotename)%00%(upstream:remoteref) refs/heads/master refs/remotes/master [1ms]
2024-09-17 21:18:33.171 [warning] [Git][getBranch] No such branch: master
2024-09-17 21:18:33.176 [info] > git status -z -uall [1ms]
2024-09-17 21:18:33.180 [info] > git for-each-ref --format=%(refname)%00%(upstream:short)%00%(objectname)%00%(upstream:track)%00%(upstream:remotename)%00%(upstream:remoteref) refs/heads/master refs/remotes/master [0ms]
2024-09-17 21:18:33.180 [warning] [Git][getBranch] No such branch: master
2024-09-17 21:18:38.190 [info] [Git][getRemotes] No remotes found in the git config file
2024-09-17 21:18:38.191 [info] > git config --get commit.template [5ms]
2024-09-17 21:18:38.191 [info] > git for-each-ref --format=%(refname)%00%(upstream:short)%00%(objectname)%00%(upstream:track)%00%(upstream:remotename)%00%(upstream:remoteref) refs/heads/master refs/remotes/master [1ms]
2024-09-17 21:18:38.191 [warning] [Git][getBranch] No such branch: master
2024-09-17 21:18:38.196 [info] > git status -z -uall [1ms]
2024-09-17 21:18:38.202 [info] > git for-each-ref --format=%(refname)%00%(upstream:short)%00%(objectname)%00%(upstream:track)%00%(upstream:remotename)%00%(upstream:remoteref) refs/heads/master refs/remotes/master [1ms]
2024-09-17 21:18:38.202 [warning] [Git][getBranch] No such branch: master
2024-09-17 21:18:43.896 [info] [Git][getRemotes] No remotes found in the git config file
2024-09-17 21:18:43.896 [info] > git config --get commit.template [5ms]
2024-09-17 21:18:43.897 [info] > git for-each-ref --format=%(refname)%00%(upstream:short)%00%(objectname)%00%(upstream:track)%00%(upstream:remotename)%00%(upstream:remoteref) refs/heads/master refs/remotes/master [1ms]
2024-09-17 21:18:43.897 [warning] [Git][getBranch] No such branch: master
2024-09-17 21:18:43.902 [info] > git status -z -uall [1ms]
2024-09-17 21:18:43.907 [info] > git for-each-ref --format=%(refname)%00%(upstream:short)%00%(objectname)%00%(upstream:track)%00%(upstream:remotename)%00%(upstream:remoteref) refs/heads/master refs/remotes/master [1ms]
2024-09-17 21:18:43.907 [warning] [Git][getBranch] No such branch: master
2024-09-17 21:18:57.805 [info] [Git][getRemotes] No remotes found in the git config file
2024-09-17 21:18:57.805 [info] > git config --get commit.template [5ms]
2024-09-17 21:18:57.806 [info] > git for-each-ref --format=%(refname)%00%(upstream:short)%00%(objectname)%00%(upstream:track)%00%(upstream:remotename)%00%(upstream:remoteref) refs/heads/master refs/remotes/master [1ms]
2024-09-17 21:18:57.806 [warning] [Git][getBranch] No such branch: master
2024-09-17 21:18:57.811 [info] > git status -z -uall [1ms]
2024-09-17 21:18:57.815 [info] > git for-each-ref --format=%(refname)%00%(upstream:short)%00%(objectname)%00%(upstream:track)%00%(upstream:remotename)%00%(upstream:remoteref) refs/heads/master refs/remotes/master [1ms]
2024-09-17 21:18:57.815 [warning] [Git][getBranch] No such branch: master
2024-09-17 21:19:19.295 [info] [Git][getRemotes] No remotes found in the git config file
2024-09-17 21:19:19.295 [info] > git config --get commit.template [4ms]
2024-09-17 21:19:19.296 [info] > git for-each-ref --format=%(refname)%00%(upstream:short)%00%(objectname)%00%(upstream:track)%00%(upstream:remotename)%00%(upstream:remoteref) refs/heads/master refs/remotes/master [1ms]
2024-09-17 21:19:19.296 [warning] [Git][getBranch] No such branch: master
2024-09-17 21:19:19.300 [info] > git status -z -uall [1ms]
2024-09-17 21:19:19.304 [info] > git for-each-ref --format=%(refname)%00%(upstream:short)%00%(objectname)%00%(upstream:track)%00%(upstream:remotename)%00%(upstream:remoteref) refs/heads/master refs/remotes/master [1ms]
2024-09-17 21:19:19.304 [warning] [Git][getBranch] No such branch: master
2024-09-17 21:19:24.310 [info] [Git][getRemotes] No remotes found in the git config file
2024-09-17 21:19:24.313 [info] > git config --get commit.template [4ms]
2024-09-17 21:19:24.314 [info] > git for-each-ref --format=%(refname)%00%(upstream:short)%00%(objectname)%00%(upstream:track)%00%(upstream:remotename)%00%(upstream:remoteref) refs/heads/master refs/remotes/master [1ms]
2024-09-17 21:19:24.314 [warning] [Git][getBranch] No such branch: master
2024-09-17 21:19:24.319 [info] > git status -z -uall [1ms]
2024-09-17 21:19:24.323 [info] > git for-each-ref --format=%(refname)%00%(upstream:short)%00%(objectname)%00%(upstream:track)%00%(upstream:remotename)%00%(upstream:remoteref) refs/heads/master refs/remotes/master [1ms]
2024-09-17 21:19:24.323 [warning] [Git][getBranch] No such branch: master
2024-09-17 21:19:31.365 [info] [Git][getRemotes] No remotes found in the git config file
2024-09-17 21:19:31.366 [info] > git config --get commit.template [4ms]
2024-09-17 21:19:31.366 [info] > git for-each-ref --format=%(refname)%00%(upstream:short)%00%(objectname)%00%(upstream:track)%00%(upstream:remotename)%00%(upstream:remoteref) refs/heads/master refs/remotes/master [1ms]
2024-09-17 21:19:31.366 [warning] [Git][getBranch] No such branch: master
2024-09-17 21:19:31.372 [info] > git status -z -uall [2ms]
2024-09-17 21:19:31.376 [info] > git for-each-ref --format=%(refname)%00%(upstream:short)%00%(objectname)%00%(upstream:track)%00%(upstream:remotename)%00%(upstream:remoteref) refs/heads/master refs/remotes/master [1ms]
2024-09-17 21:19:31.376 [warning] [Git][getBranch] No such branch: master
2024-09-17 21:19:56.325 [info] [Git][getRemotes] No remotes found in the git config file
2024-09-17 21:19:56.325 [info] > git config --get commit.template [5ms]
2024-09-17 21:19:56.325 [info] > git for-each-ref --format=%(refname)%00%(upstream:short)%00%(objectname)%00%(upstream:track)%00%(upstream:remotename)%00%(upstream:remoteref) refs/heads/master refs/remotes/master [0ms]
2024-09-17 21:19:56.325 [warning] [Git][getBranch] No such branch: master
2024-09-17 21:19:56.330 [info] > git status -z -uall [1ms]
2024-09-17 21:19:56.335 [info] > git for-each-ref --format=%(refname)%00%(upstream:short)%00%(objectname)%00%(upstream:track)%00%(upstream:remotename)%00%(upstream:remoteref) refs/heads/master refs/remotes/master [1ms]
2024-09-17 21:19:56.335 [warning] [Git][getBranch] No such branch: master
2024-09-17 21:21:05.198 [info] [Git][getRemotes] No remotes found in the git config file
2024-09-17 21:21:05.199 [info] > git config --get commit.template [5ms]
2024-09-17 21:21:05.199 [info] > git for-each-ref --format=%(refname)%00%(upstream:short)%00%(objectname)%00%(upstream:track)%00%(upstream:remotename)%00%(upstream:remoteref) refs/heads/master refs/remotes/master [1ms]
2024-09-17 21:21:05.199 [warning] [Git][getBranch] No such branch: master
2024-09-17 21:21:05.204 [info] > git status -z -uall [1ms]
2024-09-17 21:21:05.208 [info] > git for-each-ref --format=%(refname)%00%(upstream:short)%00%(objectname)%00%(upstream:track)%00%(upstream:remotename)%00%(upstream:remoteref) refs/heads/master refs/remotes/master [1ms]
2024-09-17 21:21:05.208 [warning] [Git][getBranch] No such branch: master
2024-09-17 21:22:15.730 [info] [Git][getRemotes] No remotes found in the git config file
2024-09-17 21:22:15.731 [info] > git config --get commit.template [5ms]
2024-09-17 21:22:15.731 [info] > git for-each-ref --format=%(refname)%00%(upstream:short)%00%(objectname)%00%(upstream:track)%00%(upstream:remotename)%00%(upstream:remoteref) refs/heads/master refs/remotes/master [1ms]
2024-09-17 21:22:15.731 [warning] [Git][getBranch] No such branch: master
2024-09-17 21:22:15.735 [info] > git status -z -uall [1ms]
2024-09-17 21:22:15.740 [info] > git for-each-ref --format=%(refname)%00%(upstream:short)%00%(objectname)%00%(upstream:track)%00%(upstream:remotename)%00%(upstream:remoteref) refs/heads/master refs/remotes/master [0ms]
2024-09-17 21:22:15.740 [warning] [Git][getBranch] No such branch: master
2024-09-17 21:22:40.369 [info] [Git][getRemotes] No remotes found in the git config file
2024-09-17 21:22:40.369 [info] > git config --get commit.template [5ms]
2024-09-17 21:22:40.370 [info] > git for-each-ref --format=%(refname)%00%(upstream:short)%00%(objectname)%00%(upstream:track)%00%(upstream:remotename)%00%(upstream:remoteref) refs/heads/master refs/remotes/master [1ms]
2024-09-17 21:22:40.370 [warning] [Git][getBranch] No such branch: master
2024-09-17 21:22:40.374 [info] > git status -z -uall [1ms]
2024-09-17 21:22:40.379 [info] > git for-each-ref --format=%(refname)%00%(upstream:short)%00%(objectname)%00%(upstream:track)%00%(upstream:remotename)%00%(upstream:remoteref) refs/heads/master refs/remotes/master [1ms]
2024-09-17 21:22:40.379 [warning] [Git][getBranch] No such branch: master
2024-09-17 21:22:46.463 [info] [Git][getRemotes] No remotes found in the git config file
2024-09-17 21:22:46.463 [info] > git config --get commit.template [4ms]
2024-09-17 21:22:46.464 [info] > git for-each-ref --format=%(refname)%00%(upstream:short)%00%(objectname)%00%(upstream:track)%00%(upstream:remotename)%00%(upstream:remoteref) refs/heads/master refs/remotes/master [1ms]
2024-09-17 21:22:46.464 [warning] [Git][getBranch] No such branch: master
2024-09-17 21:22:46.469 [info] > git status -z -uall [1ms]
2024-09-17 21:22:46.473 [info] > git for-each-ref --format=%(refname)%00%(upstream:short)%00%(objectname)%00%(upstream:track)%00%(upstream:remotename)%00%(upstream:remoteref) refs/heads/master refs/remotes/master [1ms]
2024-09-17 21:22:46.473 [warning] [Git][getBranch] No such branch: master
2024-09-17 21:22:51.489 [info] [Git][getRemotes] No remotes found in the git config file
2024-09-17 21:22:51.489 [info] > git config --get commit.template [5ms]
2024-09-17 21:22:51.489 [info] > git for-each-ref --format=%(refname)%00%(upstream:short)%00%(objectname)%00%(upstream:track)%00%(upstream:remotename)%00%(upstream:remoteref) refs/heads/master refs/remotes/master [0ms]
2024-09-17 21:22:51.489 [warning] [Git][getBranch] No such branch: master
2024-09-17 21:22:51.494 [info] > git status -z -uall [1ms]
2024-09-17 21:22:51.498 [info] > git for-each-ref --format=%(refname)%00%(upstream:short)%00%(objectname)%00%(upstream:track)%00%(upstream:remotename)%00%(upstream:remoteref) refs/heads/master refs/remotes/master [1ms]
2024-09-17 21:22:51.498 [warning] [Git][getBranch] No such branch: master
2024-09-17 21:22:56.573 [info] [Git][getRemotes] No remotes found in the git config file
2024-09-17 21:22:56.577 [info] > git config --get commit.template [5ms]
2024-09-17 21:22:56.577 [info] > git for-each-ref --format=%(refname)%00%(upstream:short)%00%(objectname)%00%(upstream:track)%00%(upstream:remotename)%00%(upstream:remoteref) refs/heads/master refs/remotes/master [1ms]
2024-09-17 21:22:56.577 [warning] [Git][getBranch] No such branch: master
2024-09-17 21:22:56.581 [info] > git status -z -uall [1ms]
2024-09-17 21:22:56.586 [info] > git for-each-ref --format=%(refname)%00%(upstream:short)%00%(objectname)%00%(upstream:track)%00%(upstream:remotename)%00%(upstream:remoteref) refs/heads/master refs/remotes/master [1ms]
2024-09-17 21:22:56.586 [warning] [Git][getBranch] No such branch: master
2024-09-17 21:23:06.915 [info] [Git][getRemotes] No remotes found in the git config file
2024-09-17 21:23:06.915 [info] > git config --get commit.template [5ms]
2024-09-17 21:23:06.916 [info] > git for-each-ref --format=%(refname)%00%(upstream:short)%00%(objectname)%00%(upstream:track)%00%(upstream:remotename)%00%(upstream:remoteref) refs/heads/master refs/remotes/master [1ms]
2024-09-17 21:23:06.916 [warning] [Git][getBranch] No such branch: master
2024-09-17 21:23:06.922 [info] > git status -z -uall [2ms]
2024-09-17 21:23:06.926 [info] > git for-each-ref --format=%(refname)%00%(upstream:short)%00%(objectname)%00%(upstream:track)%00%(upstream:remotename)%00%(upstream:remoteref) refs/heads/master refs/remotes/master [1ms]
2024-09-17 21:23:06.926 [warning] [Git][getBranch] No such branch: master
2024-09-17 21:23:25.338 [info] [Git][getRemotes] No remotes found in the git config file
2024-09-17 21:23:25.339 [info] > git config --get commit.template [6ms]
2024-09-17 21:23:25.339 [info] > git for-each-ref --format=%(refname)%00%(upstream:short)%00%(objectname)%00%(upstream:track)%00%(upstream:remotename)%00%(upstream:remoteref) refs/heads/master refs/remotes/master [1ms]
2024-09-17 21:23:25.339 [warning] [Git][getBranch] No such branch: master
2024-09-17 21:23:25.344 [info] > git status -z -uall [1ms]
2024-09-17 21:23:25.349 [info] > git for-each-ref --format=%(refname)%00%(upstream:short)%00%(objectname)%00%(upstream:track)%00%(upstream:remotename)%00%(upstream:remoteref) refs/heads/master refs/remotes/master [1ms]
2024-09-17 21:23:25.349 [warning] [Git][getBranch] No such branch: master
2024-09-17 21:23:34.577 [info] [Git][getRemotes] No remotes found in the git config file
2024-09-17 21:23:34.578 [info] > git config --get commit.template [6ms]
2024-09-17 21:23:34.578 [info] > git for-each-ref --format=%(refname)%00%(upstream:short)%00%(objectname)%00%(upstream:track)%00%(upstream:remotename)%00%(upstream:remoteref) refs/heads/master refs/remotes/master [1ms]
2024-09-17 21:23:34.578 [warning] [Git][getBranch] No such branch: master
2024-09-17 21:23:34.584 [info] > git status -z -uall [1ms]
2024-09-17 21:23:34.589 [info] > git for-each-ref --format=%(refname)%00%(upstream:short)%00%(objectname)%00%(upstream:track)%00%(upstream:remotename)%00%(upstream:remoteref) refs/heads/master refs/remotes/master [1ms]
2024-09-17 21:23:34.589 [warning] [Git][getBranch] No such branch: master
2024-09-17 21:23:43.683 [info] [Git][getRemotes] No remotes found in the git config file
2024-09-17 21:23:43.683 [info] > git config --get commit.template [5ms]
2024-09-17 21:23:43.684 [info] > git for-each-ref --format=%(refname)%00%(upstream:short)%00%(objectname)%00%(upstream:track)%00%(upstream:remotename)%00%(upstream:remoteref) refs/heads/master refs/remotes/master [1ms]
2024-09-17 21:23:43.684 [warning] [Git][getBranch] No such branch: master
2024-09-17 21:23:43.689 [info] > git status -z -uall [1ms]
2024-09-17 21:23:43.694 [info] > git for-each-ref --format=%(refname)%00%(upstream:short)%00%(objectname)%00%(upstream:track)%00%(upstream:remotename)%00%(upstream:remoteref) refs/heads/master refs/remotes/master [0ms]
2024-09-17 21:23:43.694 [warning] [Git][getBranch] No such branch: master
2024-09-17 21:24:03.365 [info] [Git][getRemotes] No remotes found in the git config file
2024-09-17 21:24:03.365 [info] > git config --get commit.template [5ms]
2024-09-17 21:24:03.366 [info] > git for-each-ref --format=%(refname)%00%(upstream:short)%00%(objectname)%00%(upstream:track)%00%(upstream:remotename)%00%(upstream:remoteref) refs/heads/master refs/remotes/master [1ms]
2024-09-17 21:24:03.366 [warning] [Git][getBranch] No such branch: master
2024-09-17 21:24:03.371 [info] > git status -z -uall [1ms]
2024-09-17 21:24:03.377 [info] > git for-each-ref --format=%(refname)%00%(upstream:short)%00%(objectname)%00%(upstream:track)%00%(upstream:remotename)%00%(upstream:remoteref) refs/heads/master refs/remotes/master [1ms]
2024-09-17 21:24:03.377 [warning] [Git][getBranch] No such branch: master
2024-09-17 21:27:52.924 [info] > git config --get commit.template [1ms]
2024-09-17 21:27:52.927 [info] [Git][getRemotes] No remotes found in the git config file
2024-09-17 21:27:52.928 [info] > git for-each-ref --format=%(refname)%00%(upstream:short)%00%(objectname)%00%(upstream:track)%00%(upstream:remotename)%00%(upstream:remoteref) refs/heads/master refs/remotes/master [1ms]
2024-09-17 21:27:52.928 [warning] [Git][getBranch] No such branch: master
2024-09-17 21:27:52.933 [info] > git status -z -uall [1ms]
2024-09-17 21:27:52.938 [info] > git for-each-ref --format=%(refname)%00%(upstream:short)%00%(objectname)%00%(upstream:track)%00%(upstream:remotename)%00%(upstream:remoteref) refs/heads/master refs/remotes/master [1ms]
2024-09-17 21:27:52.938 [warning] [Git][getBranch] No such branch: master
2024-09-17 21:27:57.951 [info] [Git][getRemotes] No remotes found in the git config file
2024-09-17 21:27:57.951 [info] > git config --get commit.template [5ms]
2024-09-17 21:27:57.953 [info] > git for-each-ref --format=%(refname)%00%(upstream:short)%00%(objectname)%00%(upstream:track)%00%(upstream:remotename)%00%(upstream:remoteref) refs/heads/master refs/remotes/master [2ms]
2024-09-17 21:27:57.953 [warning] [Git][getBranch] No such branch: master
2024-09-17 21:27:57.958 [info] > git status -z -uall [0ms]
2024-09-17 21:27:57.962 [info] > git for-each-ref --format=%(refname)%00%(upstream:short)%00%(objectname)%00%(upstream:track)%00%(upstream:remotename)%00%(upstream:remoteref) refs/heads/master refs/remotes/master [0ms]
2024-09-17 21:27:57.962 [warning] [Git][getBranch] No such branch: master
2024-09-17 21:28:04.815 [info] [Git][getRemotes] No remotes found in the git config file
2024-09-17 21:28:04.815 [info] > git config --get commit.template [5ms]
2024-09-17 21:28:04.816 [info] > git for-each-ref --format=%(refname)%00%(upstream:short)%00%(objectname)%00%(upstream:track)%00%(upstream:remotename)%00%(upstream:remoteref) refs/heads/master refs/remotes/master [1ms]
2024-09-17 21:28:04.816 [warning] [Git][getBranch] No such branch: master
2024-09-17 21:28:04.820 [info] > git status -z -uall [1ms]
2024-09-17 21:28:04.825 [info] > git for-each-ref --format=%(refname)%00%(upstream:short)%00%(objectname)%00%(upstream:track)%00%(upstream:remotename)%00%(upstream:remoteref) refs/heads/master refs/remotes/master [1ms]
2024-09-17 21:28:04.825 [warning] [Git][getBranch] No such branch: master
2024-09-17 21:28:14.563 [info] [Git][getRemotes] No remotes found in the git config file
2024-09-17 21:28:14.563 [info] > git config --get commit.template [5ms]
2024-09-17 21:28:14.564 [info] > git for-each-ref --format=%(refname)%00%(upstream:short)%00%(objectname)%00%(upstream:track)%00%(upstream:remotename)%00%(upstream:remoteref) refs/heads/master refs/remotes/master [1ms]
2024-09-17 21:28:14.564 [warning] [Git][getBranch] No such branch: master
2024-09-17 21:28:14.570 [info] > git status -z -uall [2ms]
2024-09-17 21:28:14.574 [info] > git for-each-ref --format=%(refname)%00%(upstream:short)%00%(objectname)%00%(upstream:track)%00%(upstream:remotename)%00%(upstream:remoteref) refs/heads/master refs/remotes/master [0ms]
2024-09-17 21:28:14.574 [warning] [Git][getBranch] No such branch: master
2024-09-17 21:28:35.285 [info] [Git][getRemotes] No remotes found in the git config file
2024-09-17 21:28:35.285 [info] > git config --get commit.template [5ms]
2024-09-17 21:28:35.285 [info] > git for-each-ref --format=%(refname)%00%(upstream:short)%00%(objectname)%00%(upstream:track)%00%(upstream:remotename)%00%(upstream:remoteref) refs/heads/master refs/remotes/master [0ms]
2024-09-17 21:28:35.285 [warning] [Git][getBranch] No such branch: master
2024-09-17 21:28:35.290 [info] > git status -z -uall [1ms]
2024-09-17 21:28:35.295 [info] > git for-each-ref --format=%(refname)%00%(upstream:short)%00%(objectname)%00%(upstream:track)%00%(upstream:remotename)%00%(upstream:remoteref) refs/heads/master refs/remotes/master [1ms]
2024-09-17 21:28:35.295 [warning] [Git][getBranch] No such branch: master
2024-09-17 21:28:45.097 [info] [Git][getRemotes] No remotes found in the git config file
2024-09-17 21:28:45.097 [info] > git config --get commit.template [4ms]
2024-09-17 21:28:45.098 [info] > git for-each-ref --format=%(refname)%00%(upstream:short)%00%(objectname)%00%(upstream:track)%00%(upstream:remotename)%00%(upstream:remoteref) refs/heads/master refs/remotes/master [1ms]
2024-09-17 21:28:45.098 [warning] [Git][getBranch] No such branch: master
2024-09-17 21:28:45.102 [info] > git status -z -uall [1ms]
2024-09-17 21:28:45.108 [info] > git for-each-ref --format=%(refname)%00%(upstream:short)%00%(objectname)%00%(upstream:track)%00%(upstream:remotename)%00%(upstream:remoteref) refs/heads/master refs/remotes/master [1ms]
2024-09-17 21:28:45.108 [warning] [Git][getBranch] No such branch: master
